sequence_index,observation_sequence_index,bridge_step_index,from_bias,bias,delta_bias,t_start_unix,t_end_unix,t_mid_unix,dc_dmm,dac_response
0,54,0,0.0,0.1270138061324713,0.1270138061324713,1784280644.219468,1784280645.639612,1784280644.9295402,1.24962156,"[dac] CH_A set to +0.127 V (code=33184)
"
1,54,1,0.1270138061324713,0.2540276122649426,0.1270138061324713,1784280645.6398468,1784280647.064598,1784280646.3522224,1.25096217,"[dac] CH_A set to +0.254 V (code=33600)
"
2,54,2,0.2540276122649426,0.3810414183974139,0.12701380613247132,1784280647.064825,1784280648.487775,1784280647.7763,1.29118065,"[dac] CH_A set to +0.381 V (code=34016)
"
3,54,3,0.3810414183974139,0.5080552245298852,0.12701380613247126,1784280648.4880462,1784280649.906832,1784280649.1974392,1.33273974,"[dac] CH_A set to +0.508 V (code=34432)
"
4,54,4,0.5080552245298852,0.6350690306623564,0.12701380613247126,1784280649.907027,1784280651.3318772,1784280650.619452,1.36893637,"[dac] CH_A set to +0.635 V (code=34849)
"
5,54,5,0.6350690306623564,0.7620828367948278,0.12701380613247137,1784280651.332107,1784280652.750411,1784280652.041259,1.41317669,"[dac] CH_A set to +0.762 V (code=35265)
"
6,54,6,0.7620828367948278,0.8890966429272991,0.12701380613247126,1784280652.75063,1784280654.165278,1784280653.457954,1.45071393,"[dac] CH_A set to +0.889 V (code=35681)
"
7,54,7,0.8890966429272991,1.0161104490597703,0.12701380613247126,1784280654.165482,1784280655.586112,1784280654.875797,1.46680132,"[dac] CH_A set to +1.016 V (code=36097)
"
8,54,8,1.0161104490597703,1.1431242551922416,0.12701380613247126,1784280655.5863209,1784280657.012793,1784280656.299557,1.43194531,"[dac] CH_A set to +1.143 V (code=36513)
"
9,54,9,1.1431242551922416,1.2701380613247129,0.12701380613247126,1784280657.013014,1784280658.427194,1784280657.7201042,1.53115089,"[dac] CH_A set to +1.270 V (code=36929)
"
10,54,10,1.2701380613247129,1.3971518674571841,0.12701380613247126,1784280658.427393,1784280659.8472152,1784280659.137304,1.46412009,"[dac] CH_A set to +1.397 V (code=37346)
"
11,54,11,1.3971518674571841,1.5241656735896556,0.12701380613247149,1784280659.847457,1784280661.27042,1784280660.5589385,1.48959179,"[dac] CH_A set to +1.524 V (code=37762)
"
12,54,12,1.5241656735896556,1.6511794797221269,0.12701380613247126,1784280661.2706501,1784280662.691773,1784280661.9812117,1.49629487,"[dac] CH_A set to +1.651 V (code=38178)
"
13,54,13,1.6511794797221269,1.7781932858545981,0.12701380613247126,1784280662.691978,1784280664.107403,1784280663.3996906,1.51506349,"[dac] CH_A set to +1.778 V (code=38594)
"
14,54,14,1.7781932858545981,1.9052070919870694,0.12701380613247126,1784280664.10763,1784280665.5381749,1784280664.8229024,1.4989761,"[dac] CH_A set to +1.905 V (code=39010)
"
15,54,15,1.9052070919870694,2.0322208981195407,0.12701380613247126,1784280665.5384278,1784280666.957061,1784280666.2477446,1.47886687,"[dac] CH_A set to +2.032 V (code=39427)
"
16,54,16,2.0322208981195407,2.159234704252012,0.12701380613247126,1784280666.957319,1784280668.383269,1784280667.670294,1.4480327,"[dac] CH_A set to +2.159 V (code=39843)
"
17,54,17,2.159234704252012,2.286248510384483,0.12701380613247126,1784280668.383484,1784280669.804849,1784280669.0941663,1.45741701,"[dac] CH_A set to +2.286 V (code=40259)
"
18,54,18,2.286248510384483,2.4132623165169544,0.12701380613247126,1784280669.805095,1784280671.225216,1784280670.5151553,1.41049546,"[dac] CH_A set to +2.413 V (code=40675)
"
19,54,19,2.4132623165169544,2.5402761226494257,0.12701380613247126,1784280671.2254279,1784280672.6487832,1784280671.9371057,1.42524223,"[dac] CH_A set to +2.540 V (code=41091)
"
20,54,20,2.5402761226494257,2.667289928781897,0.12701380613247126,1784280672.649139,1784280674.0744379,1784280673.3617883,1.37698006,"[dac] CH_A set to +2.667 V (code=41508)
"
21,54,21,2.667289928781897,2.7943037349143682,0.12701380613247126,1784280674.074641,1784280675.499258,1784280674.7869496,1.30994927,"[dac] CH_A set to +2.794 V (code=41924)
"
22,54,22,2.7943037349143682,2.9213175410468395,0.12701380613247126,1784280675.4994712,1784280676.923058,1784280676.2112646,1.33005851,"[dac] CH_A set to +2.921 V (code=42340)
"
23,54,23,2.9213175410468395,3.048331347179311,0.1270138061324717,1784280676.923313,1784280678.3444932,1784280677.633903,1.26034648,"[dac] CH_A set to +3.048 V (code=42756)
"
24,54,24,3.048331347179311,3.1753451533117825,0.12701380613247126,1784280678.344692,1784280679.7666318,1784280679.055662,1.22280924,"[dac] CH_A set to +3.175 V (code=43172)
"
25,54,25,3.1753451533117825,3.3023589594442537,0.12701380613247126,1784280679.766826,1784280681.185921,1784280680.4763734,1.15577845,"[dac] CH_A set to +3.302 V (code=43589)
"
26,54,26,3.3023589594442537,3.429372765576725,0.12701380613247126,1784280681.186116,1784280682.607169,1784280681.8966424,1.13298798,"[dac] CH_A set to +3.429 V (code=44005)
"
27,54,27,3.429372765576725,3.5563865717091963,0.12701380613247126,1784280682.6073651,1784280684.024632,1784280683.3159986,1.10215381,"[dac] CH_A set to +3.556 V (code=44421)
"
28,55,0,3.4258330955080973,3.360556357407548,-0.06527673810054946,1784280694.1427689,1784280695.569029,1784280694.8558989,1.17186584,"[dac] CH_A set to +3.361 V (code=43779)
"
29,55,1,3.360556357407548,3.2952796193069984,-0.06527673810054946,1784280695.5692348,1784280696.9957252,1784280696.28248,1.16516276,"[dac] CH_A set to +3.295 V (code=43565)
"
30,56,0,3.4258330955080973,3.5563865717091963,0.13055347620109892,1784280707.13231,1784280708.5569978,1784280707.8446538,1.02305748,"[dac] CH_A set to +3.556 V (code=44421)
"
31,56,1,3.5563865717091963,3.6869400479102947,0.13055347620109847,1784280708.5572329,1784280709.982303,1784280709.2697678,0.984179616,"[dac] CH_A set to +3.687 V (code=44849)
"
32,56,2,3.6869400479102947,3.817493524111393,0.13055347620109847,1784280709.982563,1784280711.404088,1784280710.6933255,0.961389146,"[dac] CH_A set to +3.818 V (code=45276)
"
33,56,3,3.817493524111393,3.948047000312492,0.13055347620109892,1784280711.404326,1784280712.82338,1784280712.113853,0.884974042,"[dac] CH_A set to +3.948 V (code=45704)
"
34,56,4,3.948047000312492,4.078600476513591,0.13055347620109892,1784280712.823582,1784280714.253729,1784280713.5386555,0.813921402,"[dac] CH_A set to +4.079 V (code=46132)
"
35,56,5,4.078600476513591,4.20915395271469,0.13055347620109892,1784280714.253946,1784280715.673992,1784280714.963969,0.775043542,"[dac] CH_A set to +4.209 V (code=46560)
"
36,56,6,4.20915395271469,4.339707428915788,0.13055347620109803,1784280715.67417,1784280717.09678,1784280716.3854752,0.741528146,"[dac] CH_A set to +4.340 V (code=46988)
"
37,56,7,4.339707428915788,4.470260905116887,0.13055347620109892,1784280717.097038,1784280718.520999,1784280717.8090186,0.650366267,"[dac] CH_A set to +4.470 V (code=47416)
"
38,56,8,4.470260905116887,4.600814381317986,0.13055347620109892,1784280718.5212631,1784280719.93999,1784280719.2306266,0.611488408,"[dac] CH_A set to +4.601 V (code=47843)
"
39,56,9,4.600814381317986,4.731367857519084,0.13055347620109803,1784280719.940192,1784280721.355038,1784280720.647615,0.560545005,"[dac] CH_A set to +4.731 V (code=48271)
"
40,56,10,4.731367857519084,4.861921333720183,0.13055347620109892,1784280721.35527,1784280722.7823622,1784280722.0688162,0.484129901,"[dac] CH_A set to +4.862 V (code=48699)
"
41,56,11,4.861921333720183,4.992474809921282,0.13055347620109892,1784280722.782547,1784280724.1970282,1784280723.4897876,0.430505267,"[dac] CH_A set to +4.992 V (code=49127)
"
42,57,0,5.123028286122381,5.18830502422293,0.06527673810054946,1784280734.338651,1784280735.7574232,1784280735.048037,0.356771395,"[dac] CH_A set to +5.188 V (code=49768)
"
43,57,1,5.18830502422293,5.2535817623234795,0.06527673810054946,1784280735.757613,1784280737.182403,1784280736.470008,0.333980925,"[dac] CH_A set to +5.254 V (code=49982)
"
44,58,0,5.123028286122381,4.992474809921282,-0.13055347620109892,1784280747.3129,1784280748.736502,1784280748.024701,0.398330486,"[dac] CH_A set to +4.992 V (code=49127)
"
45,58,1,4.992474809921282,4.861921333720183,-0.13055347620109892,1784280748.7367501,1784280750.1572921,1784280749.447021,0.453295737,"[dac] CH_A set to +4.862 V (code=48699)
"
46,58,2,4.861921333720183,4.731367857519085,-0.13055347620109803,1784280750.157571,1784280751.5875552,1784280750.8725631,0.49083298,"[dac] CH_A set to +4.731 V (code=48271)
"
47,58,3,4.731367857519085,4.600814381317986,-0.13055347620109892,1784280751.587776,1784280753.014307,1784280752.3010416,0.592719786,"[dac] CH_A set to +4.601 V (code=47843)
"
48,58,4,4.600814381317986,4.470260905116887,-0.13055347620109892,1784280753.014514,1784280754.432523,1784280753.7235184,0.59137917,"[dac] CH_A set to +4.470 V (code=47416)
"
49,58,5,4.470260905116887,4.339707428915789,-0.13055347620109803,1784280754.432744,1784280755.8542569,1784280755.1435003,0.686562896,"[dac] CH_A set to +4.340 V (code=46988)
"
50,58,6,4.339707428915789,4.20915395271469,-0.13055347620109892,1784280755.854481,1784280757.274131,1784280756.564306,0.718737676,"[dac] CH_A set to +4.209 V (code=46560)
"
51,58,7,4.20915395271469,4.078600476513591,-0.13055347620109892,1784280757.274368,1784280758.6989849,1784280757.9866765,0.793812164,"[dac] CH_A set to +4.079 V (code=46132)
"
52,58,8,4.078600476513591,3.948047000312492,-0.13055347620109892,1784280758.6991959,1784280760.1252952,1784280759.4122455,0.864864804,"[dac] CH_A set to +3.948 V (code=45704)
"
53,58,9,3.948047000312492,3.8174935241113936,-0.13055347620109847,1784280760.126507,1784280761.5450702,1784280760.8357887,0.890336506,"[dac] CH_A set to +3.818 V (code=45276)
"
54,58,10,3.8174935241113936,3.686940047910295,-0.13055347620109847,1784280761.545381,1784280762.968128,1784280762.2567544,0.990882695,"[dac] CH_A set to +3.687 V (code=44849)
"
55,58,11,3.686940047910295,3.5563865717091963,-0.13055347620109892,1784280762.968354,1784280764.38878,1784280763.678567,1.02037624,"[dac] CH_A set to +3.556 V (code=44421)
"
56,58,12,3.5563865717091963,3.4258330955080973,-0.13055347620109892,1784280764.389071,1784280765.805402,1784280765.0972366,1.05791349,"[dac] CH_A set to +3.426 V (code=43993)
"
57,58,13,3.4258330955080973,3.295279619306999,-0.13055347620109847,1784280765.80563,1784280767.230294,1784280766.517962,1.11153812,"[dac] CH_A set to +3.295 V (code=43565)
"
58,58,14,3.295279619306999,3.1647261431059004,-0.13055347620109847,1784280767.230577,1784280768.654536,1784280767.9425564,1.17052522,"[dac] CH_A set to +3.165 V (code=43137)
"
59,58,15,3.1647261431059004,3.0341726669048015,-0.13055347620109892,1784280768.654774,1784280770.0695832,1784280769.3621786,1.24157786,"[dac] CH_A set to +3.034 V (code=42710)
"
60,58,16,3.0341726669048015,2.9036191907037026,-0.13055347620109892,1784280770.069807,1784280771.4946299,1784280770.7822185,1.24694032,"[dac] CH_A set to +2.904 V (code=42282)
"
61,58,17,2.9036191907037026,2.773065714502604,-0.13055347620109847,1784280771.4948428,1784280772.9196959,1784280772.2072692,1.31665235,"[dac] CH_A set to +2.773 V (code=41854)
"
62,58,18,2.773065714502604,2.6425122383015056,-0.13055347620109847,1784280772.919916,1784280774.348591,1784280773.6342535,1.34346467,"[dac] CH_A set to +2.642 V (code=41426)
"
63,58,19,2.6425122383015056,2.5119587621004067,-0.13055347620109892,1784280774.348792,1784280775.772305,1784280775.0605485,1.3890456,"[dac] CH_A set to +2.512 V (code=40999)
"
64,58,20,2.5119587621004067,2.3814052858993078,-0.13055347620109892,1784280775.772501,1784280777.193662,1784280776.4830813,1.40513299,"[dac] CH_A set to +2.381 V (code=40571)
"
65,58,21,2.3814052858993078,2.2508518096982093,-0.13055347620109847,1784280777.193901,1784280778.6221309,1784280777.908016,1.43998901,"[dac] CH_A set to +2.251 V (code=40143)
"
66,58,22,2.2508518096982093,2.120298333497111,-0.13055347620109847,1784280778.622326,1784280780.0388281,1784280779.330577,1.46143886,"[dac] CH_A set to +2.120 V (code=39715)
"
67,58,23,2.120298333497111,1.989744857296012,-0.13055347620109892,1784280780.039029,1784280781.4593222,1784280780.7491755,1.47618564,"[dac] CH_A set to +1.990 V (code=39287)
"
68,58,24,1.989744857296012,1.859191381094913,-0.13055347620109892,1784280781.459533,1784280782.881315,1784280782.170424,1.48959179,"[dac] CH_A set to +1.859 V (code=38860)
"
69,58,25,1.859191381094913,1.7286379048938145,-0.13055347620109847,1784280782.881585,1784280784.310478,1784280783.5960314,1.50433857,"[dac] CH_A set to +1.729 V (code=38432)
"
70,58,26,1.7286379048938145,1.598084428692716,-0.13055347620109847,1784280784.310719,1784280785.7328901,1784280785.0218046,1.52444781,"[dac] CH_A set to +1.598 V (code=38004)
"
71,58,27,1.598084428692716,1.4675309524916171,-0.13055347620109892,1784280785.733131,1784280787.155905,1784280786.444518,1.52042596,"[dac] CH_A set to +1.467 V (code=37576)
"
72,58,28,1.4675309524916171,1.3369774762905182,-0.13055347620109892,1784280787.156106,1784280788.582726,1784280787.869416,1.49763549,"[dac] CH_A set to +1.337 V (code=37149)
"
73,58,29,1.3369774762905182,1.2064240000894197,-0.13055347620109847,1784280788.582942,1784280790.002869,1784280789.2929053,1.53919458,"[dac] CH_A set to +1.206 V (code=36721)
"
74,58,30,1.2064240000894197,1.0758705238883213,-0.13055347620109847,1784280790.003128,1784280791.426003,1784280790.7145655,1.48825118,"[dac] CH_A set to +1.076 V (code=36293)
"
75,58,31,1.0758705238883213,0.9453170476872224,-0.13055347620109892,1784280791.426247,1784280792.850104,1784280792.1381755,1.45071393,"[dac] CH_A set to +0.945 V (code=35865)
"
76,58,32,0.9453170476872224,0.8147635714861234,-0.13055347620109892,1784280792.85033,1784280794.266853,1784280793.5585916,1.44535147,"[dac] CH_A set to +0.815 V (code=35437)
"
77,58,33,0.8147635714861234,0.6842100952850245,-0.13055347620109892,1784280794.267114,1784280795.684801,1784280794.9759574,1.42524223,"[dac] CH_A set to +0.684 V (code=35009)
"
78,58,34,0.6842100952850245,0.5536566190839265,-0.13055347620109803,1784280795.68502,1784280797.1062882,1784280796.3956542,1.37832068,"[dac] CH_A set to +0.554 V (code=34582)
"
79,58,35,0.5536566190839265,0.4231031428828276,-0.13055347620109892,1784280797.106516,1784280798.5282712,1784280797.8173935,1.38636437,"[dac] CH_A set to +0.423 V (code=34154)
"
80,58,36,0.4231031428828276,0.29254966668172866,-0.13055347620109892,1784280798.528476,1784280799.942179,1784280799.2353275,1.3126305,"[dac] CH_A set to +0.292 V (code=33726)
"
81,58,37,0.29254966668172866,0.16199619048063063,-0.13055347620109803,1784280799.942382,1784280801.3626728,1784280800.6525273,1.27777449,"[dac] CH_A set to +0.162 V (code=33298)
"
82,58,38,0.16199619048063063,0.031442714279531714,-0.13055347620109892,1784280801.36288,1784280802.782283,1784280802.0725815,1.20940308,"[dac] CH_A set to +0.031 V (code=32870)
"
83,58,39,0.031442714279531714,-0.0991107619215672,-0.13055347620109892,1784280802.7825239,1784280804.211571,1784280803.4970474,1.19063446,"[dac] CH_A set to -0.099 V (code=32443)
"
84,58,40,-0.0991107619215672,-0.22966423812266612,-0.13055347620109892,1784280804.211784,1784280805.638016,1784280804.9249,1.13566921,"[dac] CH_A set to -0.230 V (code=32015)
"
85,58,41,-0.22966423812266612,-0.36021771432376504,-0.13055347620109892,1784280805.6382551,1784280807.0628989,1784280806.3505769,1.10349443,"[dac] CH_A set to -0.360 V (code=31587)
"
86,58,42,-0.36021771432376504,-0.49077119052486307,-0.13055347620109803,1784280807.063125,1784280808.4849558,1784280807.7740402,1.00160762,"[dac] CH_A set to -0.491 V (code=31159)
"
87,58,43,-0.49077119052486307,-0.621324666725962,-0.13055347620109892,1784280808.485146,1784280809.913028,1784280809.1990871,0.965410994,"[dac] CH_A set to -0.621 V (code=30732)
"
88,58,44,-0.621324666725962,-0.7518781429270609,-0.13055347620109892,1784280809.913236,1784280811.336697,1784280810.6249666,0.933236213,"[dac] CH_A set to -0.752 V (code=30304)
"
89,58,45,-0.7518781429270609,-0.8824316191281589,-0.13055347620109803,1784280811.336926,1784280812.755073,1784280812.0459995,0.874249115,"[dac] CH_A set to -0.882 V (code=29876)
"
90,58,46,-0.8824316191281589,-1.0129850953292578,-0.13055347620109892,1784280812.755307,1784280814.171802,1784280813.4635544,0.809899554,"[dac] CH_A set to -1.013 V (code=29448)
"
91,58,47,-1.0129850953292578,-1.1435385715303568,-0.13055347620109892,1784280814.1720881,1784280815.596847,1784280814.8844676,0.732143835,"[dac] CH_A set to -1.143 V (code=29021)
"
92,58,48,-1.1435385715303568,-1.2740920477314557,-0.13055347620109892,1784280815.59708,1784280817.019626,1784280816.308353,0.720078292,"[dac] CH_A set to -1.274 V (code=28593)
"
93,58,49,-1.2740920477314557,-1.4046455239325546,-0.13055347620109892,1784280817.0198731,1784280818.442858,1784280817.7313657,0.624894566,"[dac] CH_A set to -1.405 V (code=28165)
"
94,58,50,-1.4046455239325546,-1.5351990001336526,-0.13055347620109803,1784280818.443064,1784280819.866236,1784280819.15465,0.555182542,"[dac] CH_A set to -1.535 V (code=27737)
"
95,58,51,-1.5351990001336526,-1.6657524763347515,-0.13055347620109892,1784280819.866431,1784280821.2864158,1784280820.5764234,0.55250131,"[dac] CH_A set to -1.666 V (code=27309)
"
96,58,52,-1.6657524763347515,-1.7963059525358505,-0.13055347620109892,1784280821.286664,1784280822.706393,1784280821.9965286,0.485470517,"[dac] CH_A set to -1.796 V (code=26881)
"
97,58,53,-1.7963059525358505,-1.9268594287369485,-0.13055347620109803,1784280822.7065878,1784280824.119773,1784280823.4131804,0.409055413,"[dac] CH_A set to -1.927 V (code=26454)
"
98,58,54,-1.9268594287369485,-2.0574129049380474,-0.13055347620109892,1784280824.119992,1784280825.547138,1784280824.833565,0.352749547,"[dac] CH_A set to -2.057 V (code=26026)
"
99,58,55,-2.0574129049380474,-2.1879663811391463,-0.13055347620109892,1784280825.547368,1784280826.963833,1784280826.2556005,0.331299694,"[dac] CH_A set to -2.188 V (code=25598)
"
100,58,56,-2.1879663811391463,-2.3185198573402452,-0.13055347620109892,1784280826.964024,1784280828.39068,1784280827.677352,0.27097198,"[dac] CH_A set to -2.319 V (code=25170)
"
101,58,57,-2.3185198573402452,-2.449073333541344,-0.13055347620109892,1784280828.390899,1784280829.804847,1784280829.097873,0.220028577,"[dac] CH_A set to -2.449 V (code=24742)
"
102,58,58,-2.449073333541344,-2.579626809742442,-0.13055347620109803,1784280829.805033,1784280831.229825,1784280830.5174289,0.185172565,"[dac] CH_A set to -2.580 V (code=24315)
"
103,58,59,-2.579626809742442,-2.710180285943541,-0.13055347620109892,1784280831.230152,1784280832.653301,1784280831.9417264,0.140932242,"[dac] CH_A set to -2.710 V (code=23887)
"
104,58,60,-2.710180285943541,-2.84073376214464,-0.13055347620109892,1784280832.653517,1784280834.076033,1784280833.3647752,0.118141772,"[dac] CH_A set to -2.841 V (code=23459)
"
105,58,61,-2.84073376214464,-2.971287238345738,-0.13055347620109803,1784280834.0762439,1784280835.4984472,1784280834.7873454,0.0739014491,"[dac] CH_A set to -2.971 V (code=23031)
"
106,58,62,-2.971287238345738,-3.101840714546837,-0.13055347620109892,1784280835.4986382,1784280836.922302,1784280836.2104702,0.0604952905,"[dac] CH_A set to -3.102 V (code=22604)
"
107,58,63,-3.101840714546837,-3.232394190747936,-0.13055347620109892,1784280836.92256,1784280838.343541,1784280837.6330504,0.0524515954,"[dac] CH_A set to -3.232 V (code=22176)
"
108,58,64,-3.232394190747936,-3.362947666949035,-0.13055347620109892,1784280838.34371,1784280839.769143,1784280839.0564265,0.0350235893,"[dac] CH_A set to -3.363 V (code=21748)
"
109,59,0,-3.4935011431501337,-3.558777881250683,-0.06527673810054946,1784280849.901616,1784280851.3131788,1784280850.6073976,0.00150828134,"[dac] CH_A set to -3.559 V (code=21106)
"
110,59,1,-3.558777881250683,-3.6240546193512326,-0.06527673810054946,1784280851.313397,1784280852.740472,1784280852.0269346,-0.00921628008,"[dac] CH_A set to -3.624 V (code=20892)
"
111,60,0,-3.4935011431501337,-3.367782980882409,0.1257181622677246,1784280862.880945,1784280864.303534,1784280863.5922394,0.018936199,"[dac] CH_A set to -3.368 V (code=21732)
"
112,60,1,-3.367782980882409,-3.2420648186146845,0.1257181622677246,1784280864.3038132,1784280865.724202,1784280865.0140076,0.0256392783,"[dac] CH_A set to -3.242 V (code=22144)
"
113,60,2,-3.2420648186146845,-3.1163466563469595,0.12571816226772503,1784280865.724406,1784280867.149359,1784280866.4368825,0.0350235893,"[dac] CH_A set to -3.116 V (code=22556)
"
114,60,3,-3.1163466563469595,-2.990628494079235,0.1257181622677246,1784280867.149558,1784280868.5717702,1784280867.8606641,0.0511109795,"[dac] CH_A set to -2.991 V (code=22968)
"
115,60,4,-2.990628494079235,-2.8649103318115103,0.1257181622677246,1784280868.572051,1784280869.9883149,1784280869.2801828,0.0806045284,"[dac] CH_A set to -2.865 V (code=23380)
"
116,60,5,-2.8649103318115103,-2.7391921695437853,0.12571816226772503,1784280869.988502,1784280871.41205,1784280870.700276,0.131547931,"[dac] CH_A set to -2.739 V (code=23792)
"
117,60,6,-2.7391921695437853,-2.6134740072760607,0.1257181622677246,1784280871.412321,1784280872.828483,1784280872.120402,0.148975937,"[dac] CH_A set to -2.614 V (code=24204)
"
118,60,7,-2.6134740072760607,-2.487755845008336,0.1257181622677246,1784280872.82872,1784280874.250868,1784280873.539794,0.158360248,"[dac] CH_A set to -2.488 V (code=24616)
"
119,60,8,-2.487755845008336,-2.3620376827406115,0.1257181622677246,1784280874.251115,1784280875.664337,1784280874.957726,0.209303651,"[dac] CH_A set to -2.362 V (code=25028)
"
120,60,9,-2.3620376827406115,-2.236319520472887,0.1257181622677246,1784280875.664536,1784280877.0887191,1784280876.3766274,0.252203358,"[dac] CH_A set to -2.236 V (code=25440)
"
121,60,10,-2.236319520472887,-2.110601358205162,0.12571816226772503,1784280877.088924,1784280878.507766,1784280877.798345,0.291081218,"[dac] CH_A set to -2.111 V (code=25852)
"
122,60,11,-2.110601358205162,-1.9848831959374373,0.1257181622677246,1784280878.507971,1784280879.930971,1784280879.219471,0.343365236,"[dac] CH_A set to -1.985 V (code=26263)
"
123,60,12,-1.9848831959374373,-1.8591650336697128,0.1257181622677246,1784280879.931178,1784280881.353824,1784280880.6425009,0.367496322,"[dac] CH_A set to -1.859 V (code=26675)
"
124,60,13,-1.8591650336697128,-1.733446871401988,0.1257181622677248,1784280881.354076,1784280882.775315,1784280882.0646954,0.418439724,"[dac] CH_A set to -1.733 V (code=27088)
"
125,60,14,-1.733446871401988,-1.6077287091342631,0.1257181622677248,1784280882.7755232,1784280884.196894,1784280883.4862084,0.437208346,"[dac] CH_A set to -1.608 V (code=27499)
"
126,60,15,-1.6077287091342631,-1.4820105468665385,0.1257181622677246,1784280884.197119,1784280885.621686,1784280884.9094024,0.5685887,"[dac] CH_A set to -1.482 V (code=27911)
"
127,60,16,-1.4820105468665385,-1.356292384598814,0.1257181622677246,1784280885.62189,1784280887.0453289,1784280886.3336096,0.604785328,"[dac] CH_A set to -1.356 V (code=28323)
"
128,60,17,-1.356292384598814,-1.2305742223310894,0.1257181622677246,1784280887.045557,1784280888.476062,1784280887.7608094,0.632938261,"[dac] CH_A set to -1.231 V (code=28735)
"
129,60,18,-1.2305742223310894,-1.1048560600633643,0.12571816226772503,1784280888.4762769,1784280889.888523,1784280889.1824,0.733484451,"[dac] CH_A set to -1.105 V (code=29147)
"
130,60,19,-1.1048560600633643,-0.9791378977956398,0.1257181622677246,1784280889.888732,1784280891.311114,1784280890.5999231,0.771021695,"[dac] CH_A set to -0.979 V (code=29559)
"
131,60,20,-0.9791378977956398,-0.8534197355279152,0.1257181622677246,1784280891.311323,1784280892.73533,1784280892.0233264,0.809899554,"[dac] CH_A set to -0.853 V (code=29971)
"
132,60,21,-0.8534197355279152,-0.7277015732601901,0.12571816226772503,1784280892.7355368,1784280894.152761,1784280893.444149,0.884974042,"[dac] CH_A set to -0.728 V (code=30383)
"
133,60,22,-0.7277015732601901,-0.6019834109924656,0.1257181622677246,1784280894.152958,1784280895.572065,1784280894.8625116,0.914467591,"[dac] CH_A set to -0.602 V (code=30795)
"
134,60,23,-0.6019834109924656,-0.47626524872474096,0.1257181622677246,1784280895.572295,1784280896.9885461,1784280896.2804205,0.965410994,"[dac] CH_A set to -0.476 V (code=31207)
"
135,60,24,-0.47626524872474096,-0.3505470864570164,0.1257181622677246,1784280896.988746,1784280898.410188,1784280897.699467,1.03780425,"[dac] CH_A set to -0.350 V (code=31619)
"
136,60,25,-0.3505470864570164,-0.2248289241892918,0.1257181622677246,1784280898.4104,1784280899.8307998,1784280899.1205997,1.11019751,"[dac] CH_A set to -0.225 V (code=32031)
"
137,60,26,-0.2248289241892918,-0.0991107619215672,0.1257181622677246,1784280899.8310359,1784280901.2529259,1784280900.5419807,1.12360366,"[dac] CH_A set to -0.099 V (code=32443)
"
138,61,0,0.031442714279531714,0.09671945238008117,0.06527673810054946,1784280911.3872519,1784280912.812545,1784280912.0998983,1.20001877,"[dac] CH_A set to +0.097 V (code=33084)
"
139,61,1,0.09671945238008117,0.16199619048063063,0.06527673810054946,1784280912.812802,1784280914.234126,1784280913.5234642,1.2107437,"[dac] CH_A set to +0.162 V (code=33298)
"
140,62,0,0.031442714279531714,0.16199619048063035,0.13055347620109864,1784280924.3386738,1784280925.7528389,1784280925.0457563,1.24828094,"[dac] CH_A set to +0.162 V (code=33298)
"
141,62,1,0.16199619048063035,0.292549666681729,0.13055347620109864,1784280925.753058,1784280927.176865,1784280926.4649615,1.27107141,"[dac] CH_A set to +0.292 V (code=33726)
"
142,62,2,0.292549666681729,0.42310314288282763,0.13055347620109864,1784280927.177078,1784280928.6061702,1784280927.891624,1.30324619,"[dac] CH_A set to +0.423 V (code=34154)
"
143,62,3,0.42310314288282763,0.5536566190839263,0.13055347620109864,1784280928.60636,1784280930.027882,1784280929.317121,1.35284898,"[dac] CH_A set to +0.554 V (code=34582)
"
144,62,4,0.5536566190839263,0.684210095285025,0.1305534762010987,1784280930.0281029,1784280931.4468591,1784280930.737481,1.40111115,"[dac] CH_A set to +0.684 V (code=35009)
"
145,62,5,0.684210095285025,0.8147635714861236,0.13055347620109858,1784280931.447059,1784280932.872781,1784280932.15992,1.4306047,"[dac] CH_A set to +0.815 V (code=35437)
"
146,62,6,0.8147635714861236,0.9453170476872221,0.13055347620109858,1784280932.873014,1784280934.297107,1784280933.5850606,1.44937332,"[dac] CH_A set to +0.945 V (code=35865)
"
147,62,7,0.9453170476872221,1.0758705238883208,0.1305534762010987,1784280934.297326,1784280935.714464,1784280935.0058951,1.46412009,"[dac] CH_A set to +1.076 V (code=36293)
"
148,62,8,1.0758705238883208,1.2064240000894195,0.1305534762010987,1784280935.714668,1784280937.143955,1784280936.4293115,1.48959179,"[dac] CH_A set to +1.206 V (code=36721)
"
149,62,9,1.2064240000894195,1.3369774762905182,0.1305534762010987,1784280937.14415,1784280938.556128,1784280937.8501391,1.49763549,"[dac] CH_A set to +1.337 V (code=37149)
"
150,62,10,1.3369774762905182,1.4675309524916167,0.13055347620109847,1784280938.556407,1784280939.974174,1784280939.2652905,1.47886687,"[dac] CH_A set to +1.467 V (code=37576)
"
151,62,11,1.4675309524916167,1.5980844286927154,0.1305534762010987,1784280939.974381,1784280941.395391,1784280940.684886,1.5070198,"[dac] CH_A set to +1.598 V (code=38004)
"
152,62,12,1.5980844286927154,1.728637904893814,0.1305534762010987,1784280941.3956301,1784280942.8176699,1784280942.1066499,1.50433857,"[dac] CH_A set to +1.729 V (code=38432)
"
153,63,0,1.5980844286927152,1.5328076905921657,-0.06527673810054946,1784280952.956179,1784280954.377999,1784280953.667089,1.4989761,"[dac] CH_A set to +1.533 V (code=37790)
"
154,63,1,1.5328076905921657,1.4675309524916162,-0.06527673810054946,1784280954.3782148,1784280955.797847,1784280955.0880308,1.49093241,"[dac] CH_A set to +1.467 V (code=37576)
"
155,64,0,1.5980844286927152,1.7286379048938139,0.1305534762010987,1784280965.931224,1784280967.3505569,1784280966.6408906,1.52042596,"[dac] CH_A set to +1.729 V (code=38432)
"
156,64,1,1.7286379048938139,1.8591913810949126,0.1305534762010987,1784280967.350822,1784280968.77713,1784280968.0639758,1.49629487,"[dac] CH_A set to +1.859 V (code=38860)
"
157,64,2,1.8591913810949126,1.989744857296011,0.13055347620109847,1784280968.77736,1784280970.195015,1784280969.4861875,1.47618564,"[dac] CH_A set to +1.990 V (code=39287)
"
158,64,3,1.989744857296011,2.12029833349711,0.13055347620109892,1784280970.1952379,1784280971.6157818,1784280970.90551,1.48288871,"[dac] CH_A set to +2.120 V (code=39715)
"
159,64,4,2.12029833349711,2.2508518096982084,0.13055347620109847,1784280971.616064,1784280973.040187,1784280972.3281255,1.45473578,"[dac] CH_A set to +2.251 V (code=40143)
"
160,64,5,2.2508518096982084,2.381405285899307,0.13055347620109847,1784280973.040452,1784280974.463584,1784280973.752018,1.45473578,"[dac] CH_A set to +2.381 V (code=40571)
"
161,64,6,2.381405285899307,2.511958762100406,0.13055347620109892,1784280974.463816,1784280975.885539,1784280975.1746774,1.39440807,"[dac] CH_A set to +2.512 V (code=40999)
"
162,64,7,2.511958762100406,2.6425122383015047,0.13055347620109892,1784280975.8857448,1784280977.310826,1784280976.5982854,1.38234253,"[dac] CH_A set to +2.642 V (code=41426)
"
163,64,8,2.6425122383015047,2.773065714502603,0.13055347620109847,1784280977.3110888,1784280978.7228749,1784280978.0169818,1.34882713,"[dac] CH_A set to +2.773 V (code=41854)
"
164,64,9,2.773065714502603,2.9036191907037017,0.13055347620109847,1784280978.723086,1784280980.15099,1784280979.437038,1.32201481,"[dac] CH_A set to +2.904 V (code=42282)
"
165,64,10,2.9036191907037017,3.0341726669048006,0.13055347620109892,1784280980.151191,1784280981.5694878,1784280980.8603394,1.27241202,"[dac] CH_A set to +3.034 V (code=42710)
"
166,64,11,3.0341726669048006,3.164726143105899,0.13055347620109847,1784280981.5697029,1784280982.994136,1784280982.2819195,1.21476554,"[dac] CH_A set to +3.165 V (code=43137)
"
167,64,12,3.164726143105899,3.2952796193069975,0.13055347620109847,1784280982.994408,1784280984.4211001,1784280983.7077541,1.1517566,"[dac] CH_A set to +3.295 V (code=43565)
"
168,64,13,3.2952796193069975,3.4258330955080964,0.13055347620109892,1784280984.421341,1784280985.842634,1784280985.1319876,1.12092243,"[dac] CH_A set to +3.426 V (code=43993)
"
169,64,14,3.4258330955080964,3.5563865717091954,0.13055347620109892,1784280985.842887,1784280987.268563,1784280986.555725,1.11019751,"[dac] CH_A set to +3.556 V (code=44421)
"
170,64,15,3.5563865717091954,3.686940047910294,0.13055347620109847,1784280987.268794,1784280988.6868649,1784280987.9778295,0.996245158,"[dac] CH_A set to +3.687 V (code=44849)
"
171,64,16,3.686940047910294,3.8174935241113923,0.13055347620109847,1784280988.6871529,1784280990.1113942,1784280989.3992734,0.96004853,"[dac] CH_A set to +3.818 V (code=45276)
"
172,64,17,3.8174935241113923,3.9480470003124912,0.13055347620109892,1784280990.1116219,1784280991.536264,1784280990.823943,0.894358353,"[dac] CH_A set to +3.948 V (code=45704)
"
173,64,18,3.9480470003124912,4.078600476513589,0.13055347620109803,1784280991.5365272,1784280992.954835,1784280992.245681,0.862183573,"[dac] CH_A set to +4.079 V (code=46132)
"
174,64,19,4.078600476513589,4.209153952714688,0.13055347620109892,1784280992.95505,1784280994.369828,1784280993.6624389,0.803196475,"[dac] CH_A set to +4.209 V (code=46560)
"
175,64,20,4.209153952714688,4.339707428915787,0.13055347620109892,1784280994.370048,1784280995.8129358,1784280995.091492,0.72410014,"[dac] CH_A set to +4.340 V (code=46988)
"
176,64,21,4.339707428915787,4.470260905116886,0.13055347620109892,1784280995.8131762,1784280997.2534552,1784280996.5333157,0.650366267,"[dac] CH_A set to +4.470 V (code=47416)
"
177,64,22,4.470260905116886,4.600814381317985,0.13055347620109892,1784280997.253645,1784280998.6929102,1784280997.9732776,0.594060401,"[dac] CH_A set to +4.601 V (code=47843)
"
178,64,23,4.600814381317985,4.731367857519083,0.13055347620109803,1784280998.693096,1784281000.121521,1784280999.4073086,0.548479462,"[dac] CH_A set to +4.731 V (code=48271)
"
179,64,24,4.731367857519083,4.861921333720182,0.13055347620109892,1784281000.12173,1784281001.56318,1784281000.842455,0.506920371,"[dac] CH_A set to +4.862 V (code=48699)
"
180,64,25,4.861921333720182,4.99247480992128,0.13055347620109803,1784281001.563375,1784281003.002506,1784281002.2829404,0.470723743,"[dac] CH_A set to +4.992 V (code=49127)
"
181,64,26,4.99247480992128,5.123028286122379,0.13055347620109892,1784281003.002729,1784281004.429951,1784281003.71634,0.383583712,"[dac] CH_A set to +5.123 V (code=49554)
"
182,64,27,5.123028286122379,5.253581762323478,0.13055347620109892,1784281004.430179,1784281005.8736892,1784281005.1519341,0.328618462,"[dac] CH_A set to +5.254 V (code=49982)
"
183,64,28,5.253581762323478,5.384135238524577,0.13055347620109892,1784281005.873975,1784281007.30389,1784281006.5889325,0.285718754,"[dac] CH_A set to +5.384 V (code=50410)
"
184,64,29,5.384135238524577,5.514688714725676,0.13055347620109892,1784281007.304128,1784281008.7452211,1784281008.0246744,0.246840895,"[dac] CH_A set to +5.515 V (code=50838)
"
185,65,0,5.6452421909267745,5.710518929027324,0.06527673810054946,1784281018.987079,1784281020.4135911,1784281019.700335,0.183831949,"[dac] CH_A set to +5.710 V (code=51479)
"
186,65,1,5.710518929027324,5.775795667127873,0.06527673810054946,1784281020.4137878,1784281021.843096,1784281021.1284418,0.148975937,"[dac] CH_A set to +5.776 V (code=51693)
"
187,66,0,5.6452421909267745,5.514688714725676,-0.13055347620109892,1784281032.0890849,1784281033.513686,1784281032.8013854,0.233434736,"[dac] CH_A set to +5.515 V (code=50838)
"
188,66,1,5.514688714725676,5.384135238524577,-0.13055347620109892,1784281033.51389,1784281034.9472268,1784281034.2305584,0.256225206,"[dac] CH_A set to +5.384 V (code=50410)
"
189,66,2,5.384135238524577,5.253581762323479,-0.13055347620109803,1784281034.947427,1784281036.3973482,1784281035.6723876,0.315212303,"[dac] CH_A set to +5.254 V (code=49982)
"
190,66,3,5.253581762323479,5.12302828612238,-0.13055347620109892,1784281036.397554,1784281037.813726,1784281037.10564,0.370177553,"[dac] CH_A set to +5.123 V (code=49554)
"
191,66,4,5.12302828612238,4.992474809921281,-0.13055347620109892,1784281037.8139641,1784281039.2522712,1784281038.5331178,0.390286791,"[dac] CH_A set to +4.992 V (code=49127)
"
192,66,5,4.992474809921281,4.861921333720183,-0.13055347620109803,1784281039.252513,1784281040.6957371,1784281039.974125,0.454636352,"[dac] CH_A set to +4.862 V (code=48699)
"
193,66,6,4.861921333720183,4.731367857519084,-0.13055347620109892,1784281040.696028,1784281042.132173,1784281041.4141006,0.51362345,"[dac] CH_A set to +4.731 V (code=48271)
"
194,66,7,4.731367857519084,4.600814381317985,-0.13055347620109892,1784281042.132409,1784281043.552504,1784281042.8424566,0.55250131,"[dac] CH_A set to +4.601 V (code=47843)
"
195,66,8,4.600814381317985,4.470260905116886,-0.13055347620109892,1784281043.552754,1784281044.997317,1784281044.2750354,0.624894566,"[dac] CH_A set to +4.470 V (code=47416)
"
196,66,9,4.470260905116886,4.339707428915787,-0.13055347620109892,1784281044.997546,1784281046.423896,1784281045.710721,0.663772426,"[dac] CH_A set to +4.340 V (code=46988)
"
197,66,10,4.339707428915787,4.209153952714689,-0.13055347620109803,1784281046.424101,1784281047.863877,1784281047.143989,0.734825066,"[dac] CH_A set to +4.209 V (code=46560)
"
198,66,11,4.209153952714689,4.07860047651359,-0.13055347620109892,1784281047.864081,1784281049.294261,1784281048.579171,0.789790317,"[dac] CH_A set to +4.079 V (code=46132)
"
199,66,12,4.07860047651359,3.9480470003124912,-0.13055347620109892,1784281049.294592,1784281050.721326,1784281050.007959,0.839393103,"[dac] CH_A set to +3.948 V (code=45704)
"
200,66,13,3.9480470003124912,3.8174935241113928,-0.13055347620109847,1784281050.721542,1784281052.163785,1784281051.4426634,0.876930347,"[dac] CH_A set to +3.818 V (code=45276)
"
201,66,14,3.8174935241113928,3.6869400479102943,-0.13055347620109847,1784281052.164064,1784281053.5917811,1784281052.8779225,0.941279908,"[dac] CH_A set to +3.687 V (code=44849)
"
202,66,15,3.6869400479102943,3.5563865717091954,-0.13055347620109892,1784281053.591969,1784281055.022128,1784281054.3070486,1.00562947,"[dac] CH_A set to +3.556 V (code=44421)
"
203,66,16,3.5563865717091954,3.4258330955080964,-0.13055347620109892,1784281055.02236,1784281056.4512231,1784281055.7367916,1.06461657,"[dac] CH_A set to +3.426 V (code=43993)
"
204,66,17,3.4258330955080964,3.295279619306998,-0.13055347620109847,1784281056.451445,1784281057.880791,1784281057.1661181,1.10215381,"[dac] CH_A set to +3.295 V (code=43565)
"
205,66,18,3.295279619306998,3.1647261431058995,-0.13055347620109847,1784281057.881082,1784281059.311769,1784281058.5964255,1.16114091,"[dac] CH_A set to +3.165 V (code=43137)
"
206,66,19,3.1647261431058995,3.0341726669048006,-0.13055347620109892,1784281059.312006,1784281060.752769,1784281060.0323875,1.2027,"[dac] CH_A set to +3.034 V (code=42710)
"
207,66,20,3.0341726669048006,2.9036191907037017,-0.13055347620109892,1784281060.7530072,1784281062.180712,1784281061.4668596,1.22146862,"[dac] CH_A set to +2.904 V (code=42282)
"
208,66,21,2.9036191907037017,2.773065714502603,-0.13055347620109847,1784281062.180919,1784281063.6117508,1784281062.896335,1.2871588,"[dac] CH_A set to +2.773 V (code=41854)
"
209,66,22,2.773065714502603,2.6425122383015047,-0.13055347620109847,1784281063.6119611,1784281065.037675,1784281064.3248181,1.33139912,"[dac] CH_A set to +2.642 V (code=41426)
"
210,66,23,2.6425122383015047,2.511958762100406,-0.13055347620109892,1784281065.037868,1784281066.480748,1784281065.7593079,1.3461459,"[dac] CH_A set to +2.512 V (code=40999)
"
211,66,24,2.511958762100406,2.381405285899307,-0.13055347620109892,1784281066.480963,1784281067.919777,1784281067.2003698,1.41183607,"[dac] CH_A set to +2.381 V (code=40571)
"
212,66,25,2.381405285899307,2.2508518096982084,-0.13055347620109847,1784281067.920009,1784281069.352588,1784281068.6362984,1.42926408,"[dac] CH_A set to +2.251 V (code=40143)
"
213,66,26,2.2508518096982084,2.12029833349711,-0.13055347620109847,1784281069.352844,1784281070.794352,1784281070.073598,1.43730778,"[dac] CH_A set to +2.120 V (code=39715)
"
214,66,27,2.12029833349711,1.989744857296011,-0.13055347620109892,1784281070.7945971,1784281072.2305322,1784281071.5125647,1.44937332,"[dac] CH_A set to +1.990 V (code=39287)
"
215,66,28,1.989744857296011,1.859191381094912,-0.13055347620109892,1784281072.2307699,1784281073.6813319,1784281072.9560509,1.47752625,"[dac] CH_A set to +1.859 V (code=38860)
"
216,66,29,1.859191381094912,1.7286379048938136,-0.13055347620109847,1784281073.681546,1784281075.1239622,1784281074.402754,1.51908534,"[dac] CH_A set to +1.729 V (code=38432)
"
217,66,30,1.7286379048938136,1.5980844286927152,-0.13055347620109847,1784281075.124185,1784281076.553447,1784281075.8388162,1.48691056,"[dac] CH_A set to +1.598 V (code=38004)
"
218,66,31,1.5980844286927152,1.4675309524916162,-0.13055347620109892,1784281076.553694,1784281077.986005,1784281077.2698495,1.53651335,"[dac] CH_A set to +1.467 V (code=37576)
"
219,66,32,1.4675309524916162,1.3369774762905173,-0.13055347620109892,1784281077.986272,1784281079.402878,1784281078.694575,1.51372288,"[dac] CH_A set to +1.337 V (code=37149)
"
220,66,33,1.3369774762905173,1.2064240000894184,-0.13055347620109892,1784281079.403127,1784281080.829539,1784281080.116333,1.50165734,"[dac] CH_A set to +1.206 V (code=36721)
"
221,66,34,1.2064240000894184,1.0758705238883204,-0.13055347620109803,1784281080.829843,1784281082.2638762,1784281081.5468597,1.48288871,"[dac] CH_A set to +1.076 V (code=36293)
"
222,66,35,1.0758705238883204,0.9453170476872215,-0.13055347620109892,1784281082.26406,1784281083.696181,1784281082.9801207,1.4480327,"[dac] CH_A set to +0.945 V (code=35865)
"
223,66,36,0.9453170476872215,0.8147635714861226,-0.13055347620109892,1784281083.696456,1784281085.1406798,1784281084.418568,1.45339517,"[dac] CH_A set to +0.815 V (code=35437)
"
224,66,37,0.8147635714861226,0.6842100952850245,-0.13055347620109803,1784281085.1409018,1784281086.5794601,1784281085.8601809,1.40379238,"[dac] CH_A set to +0.684 V (code=35009)
"
225,66,38,0.6842100952850245,0.5536566190839256,-0.13055347620109892,1784281086.579669,1784281088.002757,1784281087.291213,1.41317669,"[dac] CH_A set to +0.554 V (code=34582)
"
226,66,39,0.5536566190839256,0.4231031428828267,-0.13055347620109892,1784281088.002995,1784281089.4472299,1784281088.7251124,1.3970893,"[dac] CH_A set to +0.423 V (code=34154)
"
227,66,40,0.4231031428828267,0.29254966668172777,-0.13055347620109892,1784281089.447454,1784281090.889249,1784281090.1683517,1.35821144,"[dac] CH_A set to +0.292 V (code=33726)
"
228,66,41,0.29254966668172777,0.16199619048062885,-0.13055347620109892,1784281090.889494,1784281092.341932,1784281091.6157131,1.30458681,"[dac] CH_A set to +0.162 V (code=33298)
"
229,66,42,0.16199619048062885,0.031442714279530826,-0.13055347620109803,1784281092.3422,1784281093.780589,1784281093.0613947,1.25096217,"[dac] CH_A set to +0.031 V (code=32870)
"
230,66,43,0.031442714279530826,-0.09911076192156809,-0.13055347620109892,1784281093.780853,1784281095.230321,1784281094.505587,1.22683109,"[dac] CH_A set to -0.099 V (code=32443)
"
231,66,44,-0.09911076192156809,-0.229664238122667,-0.13055347620109892,1784281095.230536,1784281096.680843,1784281095.9556894,1.16382214,"[dac] CH_A set to -0.230 V (code=32015)
"
232,66,45,-0.229664238122667,-0.36021771432376504,-0.13055347620109803,1784281096.681056,1784281098.119489,1784281097.4002724,1.09947258,"[dac] CH_A set to -0.360 V (code=31587)
"
233,66,46,-0.36021771432376504,-0.49077119052486395,-0.13055347620109892,1784281098.119766,1784281099.552937,1784281098.8363514,1.0672978,"[dac] CH_A set to -0.491 V (code=31159)
"
234,66,47,-0.49077119052486395,-0.6213246667259629,-0.13055347620109892,1784281099.553153,1784281100.979462,1784281100.2663074,1.01233255,"[dac] CH_A set to -0.621 V (code=30732)
"
235,66,48,-0.6213246667259629,-0.7518781429270618,-0.13055347620109892,1784281100.979689,1784281102.4028149,1784281101.6912518,0.935917445,"[dac] CH_A set to -0.752 V (code=30304)
"
236,66,49,-0.7518781429270618,-0.8824316191281607,-0.13055347620109892,1784281102.403073,1784281103.83894,1784281103.1210065,0.883633426,"[dac] CH_A set to -0.882 V (code=29876)
"
237,66,50,-0.8824316191281607,-1.0129850953292587,-0.13055347620109803,1784281103.8391669,1784281105.2780979,1784281104.5586324,0.824646329,"[dac] CH_A set to -1.013 V (code=29448)
"
238,66,51,-1.0129850953292587,-1.1435385715303577,-0.13055347620109892,1784281105.278365,1784281106.713038,1784281105.9957013,0.77906539,"[dac] CH_A set to -1.143 V (code=29021)
"
239,66,52,-1.1435385715303577,-1.2740920477314566,-0.13055347620109892,1784281106.713275,1784281108.155935,1784281107.4346051,0.70130967,"[dac] CH_A set to -1.274 V (code=28593)
"
240,66,53,-1.2740920477314566,-1.4046455239325546,-0.13055347620109803,1784281108.1562712,1784281109.589222,1784281108.8727465,0.649025652,"[dac] CH_A set to -1.405 V (code=28165)
"
241,66,54,-1.4046455239325546,-1.5351990001336535,-0.13055347620109892,1784281109.589472,1784281111.039265,1784281110.3143685,0.588697938,"[dac] CH_A set to -1.535 V (code=27737)
"
242,66,55,-1.5351990001336535,-1.6657524763347524,-0.13055347620109892,1784281111.039496,1784281112.494039,1784281111.7667675,0.544457615,"[dac] CH_A set to -1.666 V (code=27309)
"
243,66,56,-1.6657524763347524,-1.7963059525358513,-0.13055347620109892,1784281112.494308,1784281113.930899,1784281113.2126036,0.470723743,"[dac] CH_A set to -1.796 V (code=26881)
"
244,66,57,-1.7963059525358513,-1.9268594287369503,-0.13055347620109892,1784281113.931129,1784281115.3689868,1784281114.6500578,0.427824035,"[dac] CH_A set to -1.927 V (code=26454)
"
245,66,58,-1.9268594287369503,-2.0574129049380483,-0.13055347620109803,1784281115.369219,1784281116.8160708,1784281116.092645,0.370177553,"[dac] CH_A set to -2.057 V (code=26026)
"
246,66,59,-2.0574129049380483,-2.187966381139147,-0.13055347620109892,1784281116.8162858,1784281118.237738,1784281117.5270119,0.324596614,"[dac] CH_A set to -2.188 V (code=25598)
"
247,66,60,-2.187966381139147,-2.318519857340246,-0.13055347620109892,1784281118.237937,1784281119.667905,1784281118.952921,0.250862742,"[dac] CH_A set to -2.319 V (code=25170)
"
248,66,61,-2.318519857340246,-2.449073333541344,-0.13055347620109803,1784281119.668109,1784281121.102384,1784281120.3852465,0.234775352,"[dac] CH_A set to -2.449 V (code=24742)
"
249,66,62,-2.449073333541344,-2.579626809742443,-0.13055347620109892,1784281121.10258,1784281122.53894,1784281121.82076,0.186513181,"[dac] CH_A set to -2.580 V (code=24315)
"
250,66,63,-2.579626809742443,-2.710180285943542,-0.13055347620109892,1784281122.539156,1784281123.975075,1784281123.2571154,0.165063327,"[dac] CH_A set to -2.710 V (code=23887)
"
251,66,64,-2.710180285943542,-2.840733762144641,-0.13055347620109892,1784281123.975286,1784281125.413941,1784281124.6946135,0.142272858,"[dac] CH_A set to -2.841 V (code=23459)
"
252,66,65,-2.840733762144641,-2.97128723834574,-0.13055347620109892,1784281125.414171,1784281126.850376,1784281126.1322734,0.0873076077,"[dac] CH_A set to -2.971 V (code=23031)
"
253,66,66,-2.97128723834574,-3.1018407145468387,-0.13055347620109892,1784281126.850603,1784281128.296417,1784281127.5735102,0.102054382,"[dac] CH_A set to -3.102 V (code=22604)
"
254,66,67,-3.1018407145468387,-3.2323941907479377,-0.13055347620109892,1784281128.296598,1784281129.736267,1784281129.0164325,0.0310017417,"[dac] CH_A set to -3.232 V (code=22176)
"
255,66,68,-3.2323941907479377,-3.362947666949035,-0.13055347620109714,1784281129.736545,1784281131.186141,1784281130.461343,0.0551328271,"[dac] CH_A set to -3.363 V (code=21748)
"
256,66,69,-3.362947666949035,-3.4935011431501337,-0.13055347620109892,1784281131.1864572,1784281132.614208,1784281131.9003325,0.00553004041,"[dac] CH_A set to -3.493 V (code=21320)
"
257,66,70,-3.4935011431501337,-3.6240546193512326,-0.13055347620109892,1784281132.6144671,1784281134.047721,1784281133.331094,0.0242986624,"[dac] CH_A set to -3.624 V (code=20892)
"
258,66,71,-3.6240546193512326,-3.7546080955523315,-0.13055347620109892,1784281134.047913,1784281135.496395,1784281134.772154,0.0028488087,"[dac] CH_A set to -3.755 V (code=20465)
"
259,66,72,-3.7546080955523315,-3.8851615717534296,-0.13055347620109803,1784281135.4965901,1784281136.932329,1784281136.2144594,0.00821127212,"[dac] CH_A set to -3.885 V (code=20037)
"
260,67,0,-4.0157150479545285,-4.080991786055078,-0.06527673810054946,1784281147.142124,1784281148.5915468,1784281147.8668354,0.0229580465,"[dac] CH_A set to -4.081 V (code=19395)
"
261,67,1,-4.080991786055078,-4.146268524155627,-0.06527673810054946,1784281148.5917702,1784281150.016453,1784281149.3041115,0.0229580465,"[dac] CH_A set to -4.146 V (code=19181)
"
262,68,0,-4.0157150479545285,-3.8944868200535083,0.12122822790102017,1784281160.260401,1784281161.687725,1784281160.974063,-0.0159192709,"[dac] CH_A set to -3.895 V (code=20006)
"
263,68,1,-3.8944868200535083,-3.773258592152488,0.12122822790102017,1784281161.687962,1784281163.110466,1784281162.399214,-0.00921605169,"[dac] CH_A set to -3.773 V (code=20403)
"
264,68,2,-3.773258592152488,-3.652030364251468,0.12122822790102017,1784281163.110688,1784281164.5462122,1784281163.8284502,-0.0118975603,"[dac] CH_A set to -3.652 V (code=20801)
"
265,68,3,-3.652030364251468,-3.5308021363504474,0.12122822790102061,1784281164.54645,1784281165.994976,1784281165.2707129,0.00687083612,"[dac] CH_A set to -3.531 V (code=21198)
"
266,68,4,-3.5308021363504474,-3.409573908449427,0.12122822790102017,1784281165.995202,1784281167.43386,1784281166.714531,-0.0105568503,"[dac] CH_A set to -3.410 V (code=21595)
"
267,68,5,-3.409573908449427,-3.288345680548407,0.12122822790102017,1784281167.434101,1784281168.861399,1784281168.14775,-0.00787561855,"[dac] CH_A set to -3.288 V (code=21993)
"
268,68,6,-3.288345680548407,-3.167117452647387,0.12122822790102017,1784281168.861619,1784281170.303156,1784281169.5823874,0.0336829734,"[dac] CH_A set to -3.167 V (code=22390)
"
269,68,7,-3.167117452647387,-3.0458892247463667,0.12122822790102017,1784281170.303357,1784281171.736544,1784281171.0199504,0.0497703637,"[dac] CH_A set to -3.046 V (code=22787)
"
270,68,8,-3.0458892247463667,-2.924660996845346,0.12122822790102061,1784281171.736773,1784281173.186551,1784281172.461662,0.0980325345,"[dac] CH_A set to -2.925 V (code=23184)
"
271,68,9,-2.924660996845346,-2.803432768944326,0.12122822790102017,1784281173.1867788,1784281174.6404219,1784281173.9136004,0.0993731504,"[dac] CH_A set to -2.803 V (code=23581)
"
272,68,10,-2.803432768944326,-2.6822045410433057,0.12122822790102017,1784281174.640645,1784281176.074131,1784281175.357388,0.110098077,"[dac] CH_A set to -2.682 V (code=23979)
"
273,68,11,-2.6822045410433057,-2.5609763131422856,0.12122822790102017,1784281176.074364,1784281177.511758,1784281176.793061,0.159700864,"[dac] CH_A set to -2.561 V (code=24376)
"
274,68,12,-2.5609763131422856,-2.4397480852412654,0.12122822790102017,1784281177.512056,1784281178.954093,1784281178.2330747,0.197238108,"[dac] CH_A set to -2.440 V (code=24773)
"
275,68,13,-2.4397480852412654,-2.3185198573402452,0.12122822790102017,1784281178.9542952,1784281180.395217,1784281179.674756,0.238797199,"[dac] CH_A set to -2.319 V (code=25170)
"
276,69,0,-2.1879663811391463,-2.122689643038597,0.06527673810054946,1784281190.68436,1784281192.128835,1784281191.4065976,0.284378139,"[dac] CH_A set to -2.123 V (code=25812)
"
277,69,1,-2.122689643038597,-2.0574129049380474,0.06527673810054946,1784281192.1290822,1784281193.5611289,1784281192.8451056,0.313871687,"[dac] CH_A set to -2.057 V (code=26026)
"
278,70,0,-2.1879663811391463,-2.0574129049380474,0.13055347620109892,1784281203.797732,1784281205.237244,1784281204.517488,0.333980925,"[dac] CH_A set to -2.057 V (code=26026)
"
279,70,1,-2.0574129049380474,-1.926859428736949,0.13055347620109847,1784281205.237442,1784281206.679277,1784281205.9583595,0.339343389,"[dac] CH_A set to -1.927 V (code=26454)
"
280,70,2,-1.926859428736949,-1.7963059525358502,0.1305534762010987,1784281206.6795268,1784281208.1227589,1784281207.4011428,0.391627407,"[dac] CH_A set to -1.796 V (code=26881)
"
281,70,3,-1.7963059525358502,-1.6657524763347515,0.1305534762010987,1784281208.12298,1784281209.561907,1784281208.8424435,0.465361279,"[dac] CH_A set to -1.666 V (code=27309)
"
282,70,4,-1.6657524763347515,-1.5351990001336528,0.1305534762010987,1784281209.5621068,1784281210.986333,1784281210.27422,0.516304682,"[dac] CH_A set to -1.535 V (code=27737)
"
283,70,5,-1.5351990001336528,-1.4046455239325542,0.1305534762010987,1784281210.9865239,1784281212.412427,1784281211.6994753,0.556523157,"[dac] CH_A set to -1.405 V (code=28165)
"
284,70,6,-1.4046455239325542,-1.2740920477314555,0.1305534762010987,1784281212.412673,1784281213.8626611,1784281213.1376672,0.647685036,"[dac] CH_A set to -1.274 V (code=28593)
"
285,70,7,-1.2740920477314555,-1.1435385715303568,0.1305534762010987,1784281213.8628721,1784281215.2946079,1784281214.5787401,0.661091194,"[dac] CH_A set to -1.143 V (code=29021)
"
286,70,8,-1.1435385715303568,-1.012985095329258,0.1305534762010987,1784281215.2948081,1784281216.732234,1784281216.0135212,0.758956152,"[dac] CH_A set to -1.013 V (code=29448)
"
287,70,9,-1.012985095329258,-0.8824316191281594,0.1305534762010987,1784281216.732451,1784281218.181997,1784281217.457224,0.785768469,"[dac] CH_A set to -0.882 V (code=29876)
"
288,70,10,-0.8824316191281594,-0.7518781429270607,0.1305534762010987,1784281218.1822138,1784281219.619682,1784281218.900948,0.847436798,"[dac] CH_A set to -0.752 V (code=30304)
"
289,70,11,-0.7518781429270607,-0.621324666725962,0.1305534762010987,1784281219.6198862,1784281221.036331,1784281220.3281085,0.890336506,"[dac] CH_A set to -0.621 V (code=30732)
"
290,70,12,-0.621324666725962,-0.4907711905248633,0.1305534762010987,1784281221.036601,1784281222.462347,1784281221.749474,0.957367299,"[dac] CH_A set to -0.491 V (code=31159)
"
291,70,13,-0.4907711905248633,-0.3602177143237646,0.1305534762010987,1784281222.462555,1784281223.911724,1784281223.1871395,1.0083107,"[dac] CH_A set to -0.360 V (code=31587)
"
292,70,14,-0.3602177143237646,-0.2296642381226659,0.1305534762010987,1784281223.911961,1784281225.3554182,1784281224.6336896,1.07802273,"[dac] CH_A set to -0.230 V (code=32015)
"
293,70,15,-0.2296642381226659,-0.0991107619215672,0.1305534762010987,1784281225.355693,1784281226.78252,1784281226.0691066,1.09679135,"[dac] CH_A set to -0.099 V (code=32443)
"
294,70,16,-0.0991107619215672,0.031442714279531714,0.13055347620109892,1784281226.78276,1784281228.2121909,1784281227.4974754,1.17052522,"[dac] CH_A set to +0.031 V (code=32870)
"
295,70,17,0.031442714279531714,0.1619961904806302,0.13055347620109847,1784281228.212375,1784281229.644635,1784281228.928505,1.19867815,"[dac] CH_A set to +0.162 V (code=33298)
"
296,70,18,0.1619961904806302,0.29254966668172866,0.13055347620109847,1784281229.644831,1784281231.0935428,1784281230.3691869,1.25498402,"[dac] CH_A set to +0.292 V (code=33726)
"
297,70,19,0.29254966668172866,0.4231031428828276,0.13055347620109892,1784281231.093805,1784281232.5293372,1784281231.8115711,1.30726804,"[dac] CH_A set to +0.423 V (code=34154)
"
298,70,20,0.4231031428828276,0.5536566190839265,0.13055347620109892,1784281232.529539,1784281233.9696288,1784281233.249584,1.33676159,"[dac] CH_A set to +0.554 V (code=34582)
"
299,70,21,0.5536566190839265,0.684210095285025,0.13055347620109847,1784281233.969899,1784281235.410895,1784281234.690397,1.35150836,"[dac] CH_A set to +0.684 V (code=35009)
"
300,70,22,0.684210095285025,0.8147635714861234,0.13055347620109847,1784281235.41105,1784281236.857266,1784281236.1341581,1.42390162,"[dac] CH_A set to +0.815 V (code=35437)
"
301,70,23,0.8147635714861234,0.9453170476872224,0.13055347620109892,1784281236.857506,1784281238.2872021,1784281237.572354,1.43596716,"[dac] CH_A set to +0.945 V (code=35865)
"
302,70,24,0.9453170476872224,1.0758705238883213,0.13055347620109892,1784281238.287426,1784281239.729171,1784281239.0082984,1.44267024,"[dac] CH_A set to +1.076 V (code=36293)
"
303,70,25,1.0758705238883213,1.2064240000894197,0.13055347620109847,1784281239.7293591,1784281241.177773,1784281240.453566,1.46814194,"[dac] CH_A set to +1.206 V (code=36721)
"
304,70,26,1.2064240000894197,1.3369774762905182,0.13055347620109847,1784281241.177989,1784281242.601291,1784281241.8896399,1.51104165,"[dac] CH_A set to +1.337 V (code=37149)
"
305,70,27,1.3369774762905182,1.4675309524916171,0.13055347620109892,1784281242.601525,1784281244.01984,1784281243.3106825,1.50031672,"[dac] CH_A set to +1.467 V (code=37576)
"
306,70,28,1.4675309524916171,1.598084428692716,0.13055347620109892,1784281244.0201468,1784281245.460861,1784281244.7405038,1.48556995,"[dac] CH_A set to +1.598 V (code=38004)
"
307,70,29,1.598084428692716,1.7286379048938145,0.13055347620109847,1784281245.4610848,1784281246.8946931,1784281246.1778889,1.5070198,"[dac] CH_A set to +1.729 V (code=38432)
"
308,70,30,1.7286379048938145,1.859191381094913,0.13055347620109847,1784281246.8948941,1784281248.330818,1784281247.612856,1.49227303,"[dac] CH_A set to +1.859 V (code=38860)
"
309,70,31,1.859191381094913,1.989744857296012,0.13055347620109892,1784281248.331062,1784281249.7643049,1784281249.0476835,1.4989761,"[dac] CH_A set to +1.990 V (code=39287)
"
310,70,32,1.989744857296012,2.120298333497111,0.13055347620109892,1784281249.764521,1784281251.2113762,1784281250.4879484,1.46412009,"[dac] CH_A set to +2.120 V (code=39715)
"
311,70,33,2.120298333497111,2.2508518096982097,0.13055347620109892,1784281251.211605,1784281252.642951,1784281251.927278,1.49093241,"[dac] CH_A set to +2.251 V (code=40143)
"
312,70,34,2.2508518096982097,2.3814052858993078,0.13055347620109803,1784281252.6432571,1784281254.0957172,1784281253.3694873,1.43194531,"[dac] CH_A set to +2.381 V (code=40571)
"
313,70,35,2.3814052858993078,2.5119587621004067,0.13055347620109892,1784281254.095927,1784281255.5288131,1784281254.81237,1.41049546,"[dac] CH_A set to +2.512 V (code=40999)
"
314,70,36,2.5119587621004067,2.6425122383015056,0.13055347620109892,1784281255.529011,1784281256.9619079,1784281256.2454596,1.38234253,"[dac] CH_A set to +2.642 V (code=41426)
"
315,70,37,2.6425122383015056,2.7730657145026036,0.13055347620109803,1784281256.962104,1784281258.398031,1784281257.6800675,1.36759575,"[dac] CH_A set to +2.773 V (code=41854)
"
316,70,38,2.7730657145026036,2.9036191907037026,0.13055347620109892,1784281258.3982239,1784281259.836027,1784281259.1171255,1.31397112,"[dac] CH_A set to +2.904 V (code=42282)
"
317,70,39,2.9036191907037026,3.0341726669048015,0.13055347620109892,1784281259.836221,1784281261.262561,1784281260.549391,1.28179634,"[dac] CH_A set to +3.034 V (code=42710)
"
318,70,40,3.0341726669048015,3.1647261431059004,0.13055347620109892,1784281261.2628028,1784281262.701932,1784281261.9823675,1.22280924,"[dac] CH_A set to +3.165 V (code=43137)
"
319,70,41,3.1647261431059004,3.2952796193069993,0.13055347620109892,1784281262.702132,1784281264.145885,1784281263.4240084,1.1772283,"[dac] CH_A set to +3.295 V (code=43565)
"
320,70,42,3.2952796193069993,3.4258330955080973,0.13055347620109803,1784281264.146181,1784281265.5942452,1784281264.870213,1.13700982,"[dac] CH_A set to +3.426 V (code=43993)
"
321,70,43,3.4258330955080973,3.5563865717091963,0.13055347620109892,1784281265.594574,1784281267.0293329,1784281266.3119535,1.06059472,"[dac] CH_A set to +3.556 V (code=44421)
"
322,70,44,3.5563865717091963,3.686940047910295,0.13055347620109892,1784281267.029561,1784281268.4795132,1784281267.754537,1.04048548,"[dac] CH_A set to +3.687 V (code=44849)
"
323,70,45,3.686940047910295,3.817493524111393,0.13055347620109803,1784281268.479732,1784281269.912776,1784281269.196254,0.997585774,"[dac] CH_A set to +3.818 V (code=45276)
"
324,70,46,3.817493524111393,3.948047000312492,0.13055347620109892,1784281269.912975,1784281271.341994,1784281270.6274846,0.90508328,"[dac] CH_A set to +3.948 V (code=45704)
"
325,71,0,3.817493524111393,3.7522167860108437,-0.06527673810054946,1784281281.6050339,1784281283.0448482,1784281282.3249412,0.965410994,"[dac] CH_A set to +3.752 V (code=45063)
"
326,71,1,3.7522167860108437,3.6869400479102943,-0.06527673810054946,1784281283.0450492,1784281284.468111,1784281283.75658,0.99892639,"[dac] CH_A set to +3.687 V (code=44849)
"
327,72,0,3.817493524111393,3.6869400479102943,-0.13055347620109892,1784281294.719442,1784281296.147532,1784281295.433487,0.978817152,"[dac] CH_A set to +3.687 V (code=44849)
"
328,72,1,3.6869400479102943,3.556386571709196,-0.13055347620109847,1784281296.147755,1784281297.597749,1784281296.872752,1.05657287,"[dac] CH_A set to +3.556 V (code=44421)
"
329,72,2,3.556386571709196,3.4258330955080973,-0.13055347620109847,1784281297.59797,1784281299.037627,1784281298.3177986,1.10349443,"[dac] CH_A set to +3.426 V (code=43993)
"
330,72,3,3.4258330955080973,3.2952796193069984,-0.13055347620109892,1784281299.037833,1784281300.470878,1784281299.7543554,1.13700982,"[dac] CH_A set to +3.295 V (code=43565)
"
331,72,4,3.2952796193069984,3.1647261431058995,-0.13055347620109892,1784281300.471071,1784281301.889782,1784281301.1804266,1.19063446,"[dac] CH_A set to +3.165 V (code=43137)
"
332,72,5,3.1647261431058995,3.034172666904801,-0.13055347620109847,1784281301.890014,1784281303.339055,1784281302.6145344,1.23487478,"[dac] CH_A set to +3.034 V (code=42710)
"
333,72,6,3.034172666904801,2.9036191907037026,-0.13055347620109847,1784281303.339257,1784281304.770545,1784281304.0549011,1.30190557,"[dac] CH_A set to +2.904 V (code=42282)
"
334,72,7,2.9036191907037026,2.7730657145026036,-0.13055347620109892,1784281304.770733,1784281306.212627,1784281305.4916801,1.33005851,"[dac] CH_A set to +2.773 V (code=41854)
"
335,72,8,2.7730657145026036,2.6425122383015047,-0.13055347620109892,1784281306.212903,1784281307.6460211,1784281306.929462,1.35955206,"[dac] CH_A set to +2.642 V (code=41426)
"
336,72,9,2.6425122383015047,2.5119587621004063,-0.13055347620109847,1784281307.646249,1784281309.071347,1784281308.358798,1.43328593,"[dac] CH_A set to +2.512 V (code=40999)
"
337,72,10,2.5119587621004063,2.3814052858993078,-0.13055347620109847,1784281309.071533,1784281310.5009,1784281309.7862165,1.39440807,"[dac] CH_A set to +2.381 V (code=40571)
"
338,72,11,2.3814052858993078,2.250851809698209,-0.13055347620109892,1784281310.501098,1784281311.945024,1784281311.223061,1.46546071,"[dac] CH_A set to +2.251 V (code=40143)
"
339,73,0,2.3814052858993078,2.4466820239998572,0.06527673810054946,1784281322.241902,1784281323.690523,1784281322.9662125,1.38100191,"[dac] CH_A set to +2.447 V (code=40785)
"
340,73,1,2.4466820239998572,2.5119587621004067,0.06527673810054946,1784281323.6907709,1784281325.13293,1784281324.4118505,1.38770499,"[dac] CH_A set to +2.512 V (code=40999)
"
341,74,0,2.3814052858993078,2.250851809698209,-0.13055347620109892,1784281335.374938,1784281336.807609,1784281336.0912735,1.43864839,"[dac] CH_A set to +2.251 V (code=40143)
"
342,74,1,2.250851809698209,2.1202983334971104,-0.13055347620109847,1784281336.80782,1784281338.2560582,1784281337.531939,1.47752625,"[dac] CH_A set to +2.120 V (code=39715)
"
343,74,2,2.1202983334971104,1.9897448572960117,-0.1305534762010987,1784281338.256335,1784281339.699476,1784281338.9779055,1.49093241,"[dac] CH_A set to +1.990 V (code=39287)
"
344,74,3,1.9897448572960117,1.859191381094913,-0.1305534762010987,1784281339.699678,1784281341.134078,1784281340.416878,1.4560764,"[dac] CH_A set to +1.859 V (code=38860)
"
345,74,4,1.859191381094913,1.7286379048938143,-0.1305534762010987,1784281341.134293,1784281342.5671191,1784281341.850706,1.51238226,"[dac] CH_A set to +1.729 V (code=38432)
"
346,74,5,1.7286379048938143,1.5980844286927156,-0.1305534762010987,1784281342.567399,1784281343.993034,1784281343.2802165,1.48959179,"[dac] CH_A set to +1.598 V (code=38004)
"
347,74,6,1.5980844286927156,1.467530952491617,-0.1305534762010987,1784281343.993261,1784281345.427087,1784281344.710174,1.51104165,"[dac] CH_A set to +1.467 V (code=37576)
"
348,74,7,1.467530952491617,1.3369774762905182,-0.1305534762010987,1784281345.427302,1784281346.877402,1784281346.1523519,1.50165734,"[dac] CH_A set to +1.337 V (code=37149)
"
349,74,8,1.3369774762905182,1.2064240000894195,-0.1305534762010987,1784281346.877651,1784281348.301704,1784281347.5896773,1.46412009,"[dac] CH_A set to +1.206 V (code=36721)
"
350,74,9,1.2064240000894195,1.0758705238883208,-0.1305534762010987,1784281348.301962,1784281349.725557,1784281349.0137596,1.49093241,"[dac] CH_A set to +1.076 V (code=36293)
"
351,74,10,1.0758705238883208,0.9453170476872221,-0.1305534762010987,1784281349.725781,1784281351.163905,1784281350.4448428,1.47082317,"[dac] CH_A set to +0.945 V (code=35865)
"
352,74,11,0.9453170476872221,0.8147635714861234,-0.1305534762010987,1784281351.164118,1784281352.5938182,1784281351.8789682,1.45071393,"[dac] CH_A set to +0.815 V (code=35437)
"
353,74,12,0.8147635714861234,0.6842100952850247,-0.1305534762010987,1784281352.59401,1784281354.0184782,1784281353.3062441,1.44669209,"[dac] CH_A set to +0.684 V (code=35009)
"
354,74,13,0.6842100952850247,0.553656619083926,-0.1305534762010987,1784281354.0186849,1784281355.4711208,1784281354.7449028,1.35955206,"[dac] CH_A set to +0.554 V (code=34582)
"
355,74,14,0.553656619083926,0.42310314288282735,-0.1305534762010987,1784281355.471364,1784281356.910264,1784281356.190814,1.37832068,"[dac] CH_A set to +0.423 V (code=34154)
"
356,74,15,0.42310314288282735,0.29254966668172866,-0.1305534762010987,1784281356.910677,1784281358.343665,1784281357.627171,1.31665235,"[dac] CH_A set to +0.292 V (code=33726)
"
357,74,16,0.29254966668172866,0.16199619048062974,-0.13055347620109892,1784281358.343919,1784281359.7937942,1784281359.0688567,1.28179634,"[dac] CH_A set to +0.162 V (code=33298)
"
358,74,17,0.16199619048062974,0.03144271427953127,-0.13055347620109847,1784281359.794181,1784281361.218765,1784281360.506473,1.22280924,"[dac] CH_A set to +0.031 V (code=32870)
"
359,74,18,0.03144271427953127,-0.0991107619215672,-0.13055347620109847,1784281361.2189922,1784281362.6648262,1784281361.9419093,1.17856891,"[dac] CH_A set to -0.099 V (code=32443)
"
360,74,19,-0.0991107619215672,-0.22966423812266612,-0.13055347620109892,1784281362.66508,1784281364.102349,1784281363.3837147,1.1517566,"[dac] CH_A set to -0.230 V (code=32015)
"
361,74,20,-0.22966423812266612,-0.36021771432376504,-0.13055347620109892,1784281364.102567,1784281365.5356228,1784281364.819095,1.0672978,"[dac] CH_A set to -0.360 V (code=31587)
"
362,74,21,-0.36021771432376504,-0.4907711905248635,-0.13055347620109847,1784281365.5358138,1784281366.977579,1784281366.2566965,1.04048548,"[dac] CH_A set to -0.491 V (code=31159)
"
363,74,22,-0.4907711905248635,-0.621324666725962,-0.13055347620109847,1784281366.977785,1784281368.405664,1784281367.6917245,0.94396114,"[dac] CH_A set to -0.621 V (code=30732)
"
364,75,0,-0.7518781429270609,-0.8171548810276104,-0.06527673810054946,1784281378.6278121,1784281380.0626078,1784281379.34521,0.911786359,"[dac] CH_A set to -0.817 V (code=30090)
"
365,75,1,-0.8171548810276104,-0.8824316191281598,-0.06527673810054946,1784281380.0628748,1784281381.504447,1784281380.783661,0.839393103,"[dac] CH_A set to -0.882 V (code=29876)
"
366,76,0,-0.7518781429270609,-0.8824316191281596,-0.1305534762010987,1784281391.733122,1784281393.165247,1784281392.4491844,0.844755567,"[dac] CH_A set to -0.882 V (code=29876)
"
367,76,1,-0.8824316191281596,-1.0129850953292583,-0.1305534762010987,1784281393.16545,1784281394.601069,1784281393.8832595,0.773702926,"[dac] CH_A set to -1.013 V (code=29448)
"
368,76,2,-1.0129850953292583,-1.143538571530357,-0.1305534762010987,1784281394.601388,1784281396.0443861,1784281395.322887,0.689244127,"[dac] CH_A set to -1.143 V (code=29021)
"
369,76,3,-1.143538571530357,-1.2740920477314557,-0.1305534762010987,1784281396.0445728,1784281397.485045,1784281396.764809,0.653047499,"[dac] CH_A set to -1.274 V (code=28593)
"
370,76,4,-1.2740920477314557,-1.4046455239325544,-0.1305534762010987,1784281397.485277,1784281398.919851,1784281398.202564,0.62355395,"[dac] CH_A set to -1.405 V (code=28165)
"
371,76,5,-1.4046455239325544,-1.535199000133653,-0.1305534762010987,1784281398.9200482,1784281400.363287,1784281399.6416676,0.548479462,"[dac] CH_A set to -1.535 V (code=27737)
"
372,76,6,-1.535199000133653,-1.6657524763347518,-0.1305534762010987,1784281400.363737,1784281401.810026,1784281401.0868816,0.532392072,"[dac] CH_A set to -1.666 V (code=27309)
"
373,76,7,-1.6657524763347518,-1.7963059525358505,-0.1305534762010987,1784281401.81026,1784281403.2330549,1784281402.5216575,0.396989871,"[dac] CH_A set to -1.796 V (code=26881)
"
374,76,8,-1.7963059525358505,-1.9268594287369492,-0.1305534762010987,1784281403.2332642,1784281404.664595,1784281403.9489295,0.390286791,"[dac] CH_A set to -1.927 V (code=26454)
"
375,76,9,-1.9268594287369492,-2.057412904938048,-0.1305534762010987,1784281404.664803,1784281406.104557,1784281405.38468,0.360793242,"[dac] CH_A set to -2.057 V (code=26026)
"
376,76,10,-2.057412904938048,-2.1879663811391463,-0.13055347620109847,1784281406.10478,1784281407.541628,1784281406.823204,0.274993828,"[dac] CH_A set to -2.188 V (code=25598)
"
377,76,11,-2.1879663811391463,-2.3185198573402452,-0.13055347620109892,1784281407.541835,1784281408.986343,1784281408.264089,0.250862742,"[dac] CH_A set to -2.319 V (code=25170)
"
378,76,12,-2.3185198573402452,-2.449073333541344,-0.13055347620109892,1784281408.98656,1784281410.426815,1784281409.7066875,0.217347346,"[dac] CH_A set to -2.449 V (code=24742)
"
379,76,13,-2.449073333541344,-2.5796268097424426,-0.13055347620109847,1784281410.427103,1784281411.875089,1784281411.1510959,0.163722711,"[dac] CH_A set to -2.580 V (code=24315)
"
380,76,14,-2.5796268097424426,-2.710180285943541,-0.13055347620109847,1784281411.875369,1784281413.3164392,1784281412.595904,0.170425791,"[dac] CH_A set to -2.710 V (code=23887)
"
381,76,15,-2.710180285943541,-2.84073376214464,-0.13055347620109892,1784281413.316691,1784281414.761489,1784281414.03909,0.104735614,"[dac] CH_A set to -2.841 V (code=23459)
"
382,76,16,-2.84073376214464,-2.971287238345739,-0.13055347620109892,1784281414.761672,1784281416.2062552,1784281415.4839635,0.0618359064,"[dac] CH_A set to -2.971 V (code=23031)
"
383,76,17,-2.971287238345739,-3.1018407145468374,-0.13055347620109847,1784281416.206479,1784281417.6445172,1784281416.925498,0.0323423575,"[dac] CH_A set to -3.102 V (code=22604)
"
384,76,18,-3.1018407145468374,-3.2323941907479363,-0.13055347620109892,1784281417.644717,1784281419.095326,1784281418.3700213,0.0511109795,"[dac] CH_A set to -3.232 V (code=22176)
"
385,77,0,-3.1018407145468374,-3.036563976446288,0.06527673810054946,1784281429.37361,1784281430.802974,1784281430.0882921,0.0363642051,"[dac] CH_A set to -3.037 V (code=22817)
"
386,77,1,-3.036563976446288,-2.9712872383457385,0.06527673810054946,1784281430.8031821,1784281432.243517,1784281431.5233495,0.0980325345,"[dac] CH_A set to -2.971 V (code=23031)
"
387,78,0,-3.1018407145468374,-2.971287238345739,0.13055347620109847,1784281442.519647,1784281443.964319,1784281443.241983,0.0591546747,"[dac] CH_A set to -2.971 V (code=23031)
"
388,78,1,-2.971287238345739,-2.84073376214464,0.13055347620109892,1784281443.964575,1784281445.405034,1784281444.6848044,0.0993731504,"[dac] CH_A set to -2.841 V (code=23459)
"
389,78,2,-2.84073376214464,-2.710180285943541,0.13055347620109892,1784281445.405256,1784281446.837905,1784281446.1215806,0.102054382,"[dac] CH_A set to -2.710 V (code=23887)
"
390,78,3,-2.710180285943541,-2.5796268097424426,0.13055347620109847,1784281446.838123,1784281448.27773,1784281447.5579267,0.13825101,"[dac] CH_A set to -2.580 V (code=24315)
"
391,78,4,-2.5796268097424426,-2.449073333541344,0.13055347620109847,1784281448.2779279,1784281449.716038,1784281448.996983,0.158360248,"[dac] CH_A set to -2.449 V (code=24742)
"
392,78,5,-2.449073333541344,-2.3185198573402452,0.13055347620109892,1784281449.716255,1784281451.145347,1784281450.430801,0.221369193,"[dac] CH_A set to -2.319 V (code=25170)
"
393,78,6,-2.3185198573402452,-2.1879663811391463,0.13055347620109892,1784281451.145546,1784281452.5742238,1784281451.8598847,0.266950132,"[dac] CH_A set to -2.188 V (code=25598)
"
394,78,7,-2.1879663811391463,-2.057412904938048,0.13055347620109847,1784281452.574411,1784281454.0184782,1784281453.2964444,0.315212303,"[dac] CH_A set to -2.057 V (code=26026)
"
395,78,8,-2.057412904938048,-1.9268594287369492,0.1305534762010987,1784281454.018697,1784281455.446102,1784281454.7323995,0.317893535,"[dac] CH_A set to -1.927 V (code=26454)
"
396,78,9,-1.9268594287369492,-1.7963059525358505,0.1305534762010987,1784281455.4463081,1784281456.889021,1784281456.1676645,0.415758493,"[dac] CH_A set to -1.796 V (code=26881)
"
397,78,10,-1.7963059525358505,-1.6657524763347518,0.1305534762010987,1784281456.88924,1784281458.3109,1784281457.60007,0.453295737,"[dac] CH_A set to -1.666 V (code=27309)
"
398,78,11,-1.6657524763347518,-1.535199000133653,0.1305534762010987,1784281458.31107,1784281459.7428758,1784281459.0269728,0.488151749,"[dac] CH_A set to -1.535 V (code=27737)
"
399,78,12,-1.535199000133653,-1.4046455239325544,0.1305534762010987,1784281459.743084,1784281461.17823,1784281460.4606571,0.560545005,"[dac] CH_A set to -1.405 V (code=28165)
"
400,78,13,-1.4046455239325544,-1.2740920477314557,0.1305534762010987,1784281461.1785028,1784281462.605914,1784281461.8922086,0.603444712,"[dac] CH_A set to -1.274 V (code=28593)
"
401,78,14,-1.2740920477314557,-1.143538571530357,0.1305534762010987,1784281462.606117,1784281464.041295,1784281463.3237062,0.671816121,"[dac] CH_A set to -1.143 V (code=29021)
"
402,78,15,-1.143538571530357,-1.0129850953292583,0.1305534762010987,1784281464.041528,1784281465.4637408,1784281464.7526345,0.716056444,"[dac] CH_A set to -1.013 V (code=29448)
"
403,78,16,-1.0129850953292583,-0.8824316191281594,0.13055347620109892,1784281465.463934,1784281466.89469,1784281466.179312,0.753593688,"[dac] CH_A set to -0.882 V (code=29876)
"
404,78,17,-0.8824316191281594,-0.7518781429270609,0.13055347620109847,1784281466.894872,1784281468.320456,1784281467.607664,0.842074335,"[dac] CH_A set to -0.752 V (code=30304)
"
405,78,18,-0.7518781429270609,-0.6213246667259624,0.13055347620109847,1784281468.320714,1784281469.744709,1784281469.0327115,0.911786359,"[dac] CH_A set to -0.621 V (code=30732)
"
406,78,19,-0.6213246667259624,-0.4907711905248635,0.13055347620109892,1784281469.746882,1784281471.187095,1784281470.4669886,0.989542079,"[dac] CH_A set to -0.491 V (code=31159)
"
407,78,20,-0.4907711905248635,-0.3602177143237646,0.13055347620109892,1784281471.187314,1784281472.6185238,1784281471.9029188,1.03646363,"[dac] CH_A set to -0.360 V (code=31587)
"
408,78,21,-0.3602177143237646,-0.22966423812266612,0.13055347620109847,1784281472.618722,1784281474.062191,1784281473.3404565,1.07131965,"[dac] CH_A set to -0.230 V (code=32015)
"
409,78,22,-0.22966423812266612,-0.09911076192156765,0.13055347620109847,1784281474.062378,1784281475.489734,1784281474.7760558,1.10617566,"[dac] CH_A set to -0.099 V (code=32443)
"
410,78,23,-0.09911076192156765,0.03144271427953127,0.13055347620109892,1784281475.489973,1784281476.92698,1784281476.2084765,1.17186584,"[dac] CH_A set to +0.031 V (code=32870)
"
411,78,24,0.03144271427953127,0.1619961904806302,0.13055347620109892,1784281476.9272661,1784281478.361429,1784281477.6443477,1.24023724,"[dac] CH_A set to +0.162 V (code=33298)
"
412,78,25,0.1619961904806302,0.29254966668172866,0.13055347620109847,1784281478.361624,1784281479.7965991,1784281479.0791116,1.25230279,"[dac] CH_A set to +0.292 V (code=33726)
"
413,78,26,0.29254966668172866,0.42310314288282713,0.13055347620109847,1784281479.796853,1784281481.2377,1784281480.5172765,1.33005851,"[dac] CH_A set to +0.423 V (code=34154)
"
414,78,27,0.42310314288282713,0.553656619083926,0.13055347620109892,1784281481.237907,1784281482.6780941,1784281481.9580007,1.33944282,"[dac] CH_A set to +0.554 V (code=34582)
"
415,78,28,0.553656619083926,0.684210095285025,0.13055347620109892,1784281482.678377,1784281484.111744,1784281483.3950605,1.41183607,"[dac] CH_A set to +0.684 V (code=35009)
"
416,78,29,0.684210095285025,0.8147635714861234,0.13055347620109847,1784281484.1119502,1784281485.546721,1784281484.8293357,1.41719854,"[dac] CH_A set to +0.815 V (code=35437)
"
417,78,30,0.8147635714861234,0.9453170476872219,0.13055347620109847,1784281485.5469282,1784281486.991989,1784281486.2694585,1.45205455,"[dac] CH_A set to +0.945 V (code=35865)
"
418,78,31,0.9453170476872219,1.0758705238883208,0.13055347620109892,1784281486.992216,1784281488.430325,1784281487.7112706,1.4560764,"[dac] CH_A set to +1.076 V (code=36293)
"
419,78,32,1.0758705238883208,1.2064240000894197,0.13055347620109892,1784281488.430559,1784281489.85481,1784281489.1426845,1.47752625,"[dac] CH_A set to +1.206 V (code=36721)
"
420,78,33,1.2064240000894197,1.3369774762905187,0.13055347620109892,1784281489.855059,1784281491.293689,1784281490.574374,1.48020748,"[dac] CH_A set to +1.337 V (code=37149)
"
421,78,34,1.3369774762905187,1.4675309524916167,0.13055347620109803,1784281491.293891,1784281492.728153,1784281492.011022,1.46948256,"[dac] CH_A set to +1.467 V (code=37576)
"
422,78,35,1.4675309524916167,1.5980844286927156,0.13055347620109892,1784281492.728396,1784281494.166602,1784281493.4474988,1.51640411,"[dac] CH_A set to +1.598 V (code=38004)
"
423,78,36,1.5980844286927156,1.7286379048938145,0.13055347620109892,1784281494.166813,1784281495.603372,1784281494.8850925,1.52310719,"[dac] CH_A set to +1.729 V (code=38432)
"
424,78,37,1.7286379048938145,1.8591913810949126,0.13055347620109803,1784281495.6035688,1784281497.033691,1784281496.3186297,1.48556995,"[dac] CH_A set to +1.859 V (code=38860)
"
425,78,38,1.8591913810949126,1.9897448572960115,0.13055347620109892,1784281497.0339189,1784281498.4770718,1784281497.7554953,1.49629487,"[dac] CH_A set to +1.990 V (code=39287)
"
426,78,39,1.9897448572960115,2.1202983334971104,0.13055347620109892,1784281498.477275,1784281499.913837,1784281499.195556,1.48959179,"[dac] CH_A set to +2.120 V (code=39715)
"
427,78,40,2.1202983334971104,2.2508518096982093,0.13055347620109892,1784281499.914078,1784281501.34365,1784281500.628864,1.48422933,"[dac] CH_A set to +2.251 V (code=40143)
"
428,78,41,2.2508518096982093,2.381405285899308,0.13055347620109892,1784281501.3438861,1784281502.788464,1784281502.066175,1.42926408,"[dac] CH_A set to +2.381 V (code=40571)
"
429,78,42,2.381405285899308,2.5119587621004063,0.13055347620109803,1784281502.788655,1784281504.229332,1784281503.5089936,1.42926408,"[dac] CH_A set to +2.512 V (code=40999)
"
430,78,43,2.5119587621004063,2.642512238301505,0.13055347620109892,1784281504.229554,1784281505.6547961,1784281504.942175,1.38368314,"[dac] CH_A set to +2.642 V (code=41426)
"
431,78,44,2.642512238301505,2.773065714502604,0.13055347620109892,1784281505.655061,1784281507.0981948,1784281506.376628,1.37027698,"[dac] CH_A set to +2.773 V (code=41854)
"
432,78,45,2.773065714502604,2.903619190703702,0.13055347620109803,1784281507.0983949,1784281508.541662,1784281507.8200283,1.30860865,"[dac] CH_A set to +2.904 V (code=42282)
"
433,78,46,2.903619190703702,3.034172666904801,0.13055347620109892,1784281508.541873,1784281509.9683268,1784281509.2550998,1.29654311,"[dac] CH_A set to +3.034 V (code=42710)
"
434,78,47,3.034172666904801,3.1647261431059,0.13055347620109892,1784281509.968535,1784281511.399031,1784281510.683783,1.21342493,"[dac] CH_A set to +3.165 V (code=43137)
"
435,78,48,3.1647261431059,3.295279619306999,0.13055347620109892,1784281511.399338,1784281512.832025,1784281512.1156816,1.15711906,"[dac] CH_A set to +3.295 V (code=43565)
"
436,78,49,3.295279619306999,3.425833095508098,0.13055347620109892,1784281512.8322308,1784281514.284353,1784281513.558292,1.1182412,"[dac] CH_A set to +3.426 V (code=43993)
"
437,78,50,3.425833095508098,3.556386571709196,0.13055347620109803,1784281514.284597,1784281515.716405,1784281515.000501,1.0927695,"[dac] CH_A set to +3.556 V (code=44421)
"
438,78,51,3.556386571709196,3.6869400479102947,0.13055347620109892,1784281515.716598,1784281517.1621041,1784281516.439351,1.04852918,"[dac] CH_A set to +3.687 V (code=44849)
"
439,78,52,3.6869400479102947,3.8174935241113936,0.13055347620109892,1784281517.162328,1784281518.616226,1784281517.889277,0.945301756,"[dac] CH_A set to +3.818 V (code=45276)
"
440,78,53,3.8174935241113936,3.9480470003124917,0.13055347620109803,1784281518.616431,1784281520.049267,1784281519.332849,0.94396114,"[dac] CH_A set to +3.948 V (code=45704)
"
441,78,54,3.9480470003124917,4.078600476513591,0.13055347620109936,1784281520.049472,1784281521.4918458,1784281520.770659,0.85011803,"[dac] CH_A set to +4.079 V (code=46132)
"
442,78,55,4.078600476513591,4.20915395271469,0.13055347620109892,1784281521.492046,1784281522.935595,1784281522.2138205,0.768340463,"[dac] CH_A set to +4.209 V (code=46560)
"
443,78,56,4.20915395271469,4.339707428915789,0.13055347620109892,1784281522.935817,1784281524.368099,1784281523.651958,0.748231225,"[dac] CH_A set to +4.340 V (code=46988)
"
444,78,57,4.339707428915789,4.470260905116888,0.13055347620109892,1784281524.368336,1784281525.807453,1784281525.0878944,0.686562896,"[dac] CH_A set to +4.470 V (code=47416)
"
445,78,58,4.470260905116888,4.600814381317985,0.13055347620109714,1784281525.8076632,1784281527.249475,1784281526.5285692,0.638300725,"[dac] CH_A set to +4.601 V (code=47843)
"
446,78,59,4.600814381317985,4.731367857519084,0.13055347620109892,1784281527.249682,1784281528.692257,1784281527.9709694,0.575291779,"[dac] CH_A set to +4.731 V (code=48271)
"
447,78,60,4.731367857519084,4.861921333720183,0.13055347620109892,1784281528.692489,1784281530.124463,1784281529.4084759,0.500217291,"[dac] CH_A set to +4.862 V (code=48699)
"
448,79,0,4.731367857519084,4.666091119418534,-0.06527673810054946,1784281540.4095309,1784281541.849632,1784281541.1295815,0.596741633,"[dac] CH_A set to +4.666 V (code=48057)
"
449,79,1,4.666091119418534,4.600814381317985,-0.06527673810054946,1784281541.849847,1784281543.29341,1784281542.5716286,0.624894566,"[dac] CH_A set to +4.601 V (code=47843)
"
450,80,0,4.731367857519084,4.835810638479963,0.10444278096087878,1784281553.556166,1784281554.9952471,1784281554.2757065,0.501557907,"[dac] CH_A set to +4.836 V (code=48613)
"
451,80,1,4.835810638479963,4.940253419440842,0.10444278096087967,1784281554.9954402,1784281556.437685,1784281555.7165627,0.433186499,"[dac] CH_A set to +4.940 V (code=48956)
"
452,80,2,4.940253419440842,5.044696200401721,0.10444278096087878,1784281556.437898,1784281557.873565,1784281557.1557314,0.41978034,"[dac] CH_A set to +5.045 V (code=49298)
"
453,80,3,5.044696200401721,5.149138981362601,0.10444278096087967,1784281557.873796,1784281559.309807,1784281558.5918016,0.372858785,"[dac] CH_A set to +5.149 V (code=49640)
"
454,80,4,5.149138981362601,5.2535817623234795,0.10444278096087878,1784281559.3100102,1784281560.739051,1784281560.0245306,0.301806145,"[dac] CH_A set to +5.254 V (code=49982)
"
455,81,0,5.384135238524578,5.449411976625128,0.06527673810054946,1784281570.9586902,1784281572.391753,1784281571.6752214,0.249522126,"[dac] CH_A set to +5.449 V (code=50624)
"
456,81,1,5.449411976625128,5.514688714725677,0.06527673810054946,1784281572.3919501,1784281573.818243,1784281573.1050966,0.217347346,"[dac] CH_A set to +5.515 V (code=50838)
"
457,82,0,5.384135238524578,5.2535817623234795,-0.13055347620109892,1784281584.0588841,1784281585.4858801,1784281584.7723823,0.276334443,"[dac] CH_A set to +5.254 V (code=49982)
"
458,82,1,5.2535817623234795,5.123028286122381,-0.13055347620109892,1784281585.486082,1784281586.9249501,1784281586.205516,0.360793242,"[dac] CH_A set to +5.123 V (code=49554)
"
459,82,2,5.123028286122381,4.992474809921283,-0.13055347620109803,1784281586.9251342,1784281588.367261,1784281587.6461976,0.378221249,"[dac] CH_A set to +4.992 V (code=49127)
"
460,82,3,4.992474809921283,4.861921333720184,-0.13055347620109892,1784281588.367477,1784281589.81191,1784281589.0896935,0.450614505,"[dac] CH_A set to +4.862 V (code=48699)
"
461,82,4,4.861921333720184,4.731367857519085,-0.13055347620109892,1784281589.812135,1784281591.252673,1784281590.532404,0.514964066,"[dac] CH_A set to +4.731 V (code=48271)
"
462,82,5,4.731367857519085,4.600814381317987,-0.13055347620109803,1784281591.252873,1784281592.693254,1784281591.9730635,0.535073304,"[dac] CH_A set to +4.601 V (code=47843)
"
463,82,6,4.600814381317987,4.470260905116888,-0.13055347620109892,1784281592.693451,1784281594.134045,1784281593.4137478,0.592719786,"[dac] CH_A set to +4.470 V (code=47416)
"
464,82,7,4.470260905116888,4.339707428915789,-0.13055347620109892,1784281594.134243,1784281595.5682938,1784281594.8512683,0.669134889,"[dac] CH_A set to +4.340 V (code=46988)
"
465,82,8,4.339707428915789,4.20915395271469,-0.13055347620109892,1784281595.568529,1784281596.9920971,1784281596.280313,0.745549993,"[dac] CH_A set to +4.209 V (code=46560)
"
466,82,9,4.20915395271469,4.078600476513591,-0.13055347620109892,1784281596.9922938,1784281598.417238,1784281597.7047658,0.825986945,"[dac] CH_A set to +4.079 V (code=46132)
"
467,82,10,4.078600476513591,3.948047000312493,-0.13055347620109803,1784281598.417414,1784281599.860111,1784281599.1387625,0.804537091,"[dac] CH_A set to +3.948 V (code=45704)
"
468,82,11,3.948047000312493,3.817493524111394,-0.13055347620109892,1784281599.860357,1784281601.300392,1784281600.5803745,0.878270963,"[dac] CH_A set to +3.818 V (code=45276)
"
469,82,12,3.817493524111394,3.686940047910295,-0.13055347620109892,1784281601.300591,1784281602.726429,1784281602.01351,0.942620524,"[dac] CH_A set to +3.687 V (code=44849)
"
470,82,13,3.686940047910295,3.5563865717091967,-0.13055347620109847,1784281602.726706,1784281604.161789,1784281603.4442475,0.990882695,"[dac] CH_A set to +3.556 V (code=44421)
"
471,82,14,3.5563865717091967,3.4258330955080982,-0.13055347620109847,1784281604.161998,1784281605.5963168,1784281604.8791575,1.04584795,"[dac] CH_A set to +3.426 V (code=43993)
"
472,82,15,3.4258330955080982,3.2952796193069993,-0.13055347620109892,1784281605.596513,1784281607.0302541,1784281606.3133836,1.11555997,"[dac] CH_A set to +3.295 V (code=43565)
"
473,82,16,3.2952796193069993,3.1647261431059004,-0.13055347620109892,1784281607.030478,1784281608.4874911,1784281607.7589846,1.15845968,"[dac] CH_A set to +3.165 V (code=43137)
"
474,82,17,3.1647261431059004,3.034172666904802,-0.13055347620109847,1784281608.487699,1784281609.935029,1784281609.211364,1.22951232,"[dac] CH_A set to +3.034 V (code=42710)
"
475,82,18,3.034172666904802,2.9036191907037034,-0.13055347620109847,1784281609.935224,1784281611.3796659,1784281610.657445,1.23353417,"[dac] CH_A set to +2.904 V (code=42282)
"
476,82,19,2.9036191907037034,2.7730657145026045,-0.13055347620109892,1784281611.3798778,1784281612.818343,1784281612.0991104,1.27777449,"[dac] CH_A set to +2.773 V (code=41854)
"
477,82,20,2.7730657145026045,2.6425122383015056,-0.13055347620109892,1784281612.818559,1784281614.261814,1784281613.5401864,1.31933358,"[dac] CH_A set to +2.642 V (code=41426)
"
478,82,21,2.6425122383015056,2.511958762100407,-0.13055347620109847,1784281614.2620149,1784281615.6946251,1784281614.9783201,1.32737727,"[dac] CH_A set to +2.512 V (code=40999)
"
479,82,22,2.511958762100407,2.3814052858993087,-0.13055347620109847,1784281615.694837,1784281617.123898,1784281616.4093676,1.40513299,"[dac] CH_A set to +2.381 V (code=40571)
"
480,82,23,2.3814052858993087,2.2508518096982097,-0.13055347620109892,1784281617.124148,1784281618.560798,1784281617.842473,1.43998901,"[dac] CH_A set to +2.251 V (code=40143)
"
481,82,24,2.2508518096982097,2.120298333497111,-0.13055347620109892,1784281618.561014,1784281619.9924748,1784281619.2767444,1.45875763,"[dac] CH_A set to +2.120 V (code=39715)
"
482,82,25,2.120298333497111,1.9897448572960124,-0.13055347620109847,1784281619.992727,1784281621.425637,1784281620.709182,1.47484502,"[dac] CH_A set to +1.990 V (code=39287)
"
483,82,26,1.9897448572960124,1.8591913810949139,-0.13055347620109847,1784281621.4258392,1784281622.871965,1784281622.148902,1.47886687,"[dac] CH_A set to +1.859 V (code=38860)
"
484,82,27,1.8591913810949139,1.728637904893815,-0.13055347620109892,1784281622.872181,1784281624.30066,1784281623.5864205,1.49093241,"[dac] CH_A set to +1.729 V (code=38432)
"
485,82,28,1.728637904893815,1.598084428692716,-0.13055347620109892,1784281624.3009632,1784281625.747458,1784281625.0242105,1.49629487,"[dac] CH_A set to +1.598 V (code=38004)
"
486,82,29,1.598084428692716,1.4675309524916176,-0.13055347620109847,1784281625.74767,1784281627.184015,1784281626.4658425,1.52981027,"[dac] CH_A set to +1.467 V (code=37576)
"
487,82,30,1.4675309524916176,1.336977476290519,-0.13055347620109847,1784281627.184233,1784281628.632108,1784281627.9081705,1.48825118,"[dac] CH_A set to +1.337 V (code=37149)
"
488,82,31,1.336977476290519,1.2064240000894202,-0.13055347620109892,1784281628.632389,1784281630.076973,1784281629.354681,1.47752625,"[dac] CH_A set to +1.206 V (code=36721)
"
489,82,32,1.2064240000894202,1.0758705238883213,-0.13055347620109892,1784281630.0772212,1784281631.513081,1784281630.7951512,1.48959179,"[dac] CH_A set to +1.076 V (code=36293)
"
490,82,33,1.0758705238883213,0.9453170476872224,-0.13055347620109892,1784281631.51331,1784281632.9506922,1784281632.232001,1.47752625,"[dac] CH_A set to +0.945 V (code=35865)
"
491,82,34,0.9453170476872224,0.8147635714861243,-0.13055347620109803,1784281632.950903,1784281634.393395,1784281633.672149,1.45071393,"[dac] CH_A set to +0.815 V (code=35437)
"
492,82,35,0.8147635714861243,0.6842100952850254,-0.13055347620109892,1784281634.393607,1784281635.842321,1784281635.1179638,1.41049546,"[dac] CH_A set to +0.684 V (code=35009)
"
493,82,36,0.6842100952850254,0.5536566190839265,-0.13055347620109892,1784281635.8425229,1784281637.288796,1784281636.5656595,1.4480327,"[dac] CH_A set to +0.554 V (code=34582)
"
494,82,37,0.5536566190839265,0.42310314288282846,-0.13055347620109803,1784281637.2889972,1784281638.726902,1784281638.0079496,1.3890456,"[dac] CH_A set to +0.423 V (code=34154)
"
495,82,38,0.42310314288282846,0.29254966668172955,-0.13055347620109892,1784281638.727102,1784281640.151819,1784281639.4394605,1.34882713,"[dac] CH_A set to +0.292 V (code=33726)
"
496,82,39,0.29254966668172955,0.16199619048063063,-0.13055347620109892,1784281640.152024,1784281641.599522,1784281640.875773,1.30190557,"[dac] CH_A set to +0.162 V (code=33298)
"
497,82,40,0.16199619048063063,0.031442714279531714,-0.13055347620109892,1784281641.59971,1784281643.049563,1784281642.3246365,1.25096217,"[dac] CH_A set to +0.031 V (code=32870)
"
498,82,41,0.031442714279531714,-0.0991107619215672,-0.13055347620109892,1784281643.049776,1784281644.4872901,1784281643.7685332,1.21208431,"[dac] CH_A set to -0.099 V (code=32443)
"
499,82,42,-0.0991107619215672,-0.22966423812266523,-0.13055347620109803,1784281644.4875278,1784281645.933975,1784281645.2107515,1.14505352,"[dac] CH_A set to -0.230 V (code=32015)
"
500,82,43,-0.22966423812266523,-0.36021771432376415,-0.13055347620109892,1784281645.934197,1784281647.365611,1784281646.649904,1.09679135,"[dac] CH_A set to -0.360 V (code=31587)
"
501,82,44,-0.36021771432376415,-0.49077119052486307,-0.13055347620109892,1784281647.3658292,1784281648.810171,1784281648.088,1.07131965,"[dac] CH_A set to -0.491 V (code=31159)
"
502,82,45,-0.49077119052486307,-0.6213246667259611,-0.13055347620109803,1784281648.810379,1784281650.262298,1784281649.5363386,1.00160762,"[dac] CH_A set to -0.621 V (code=30732)
"
503,82,46,-0.6213246667259611,-0.75187814292706,-0.13055347620109892,1784281650.26251,1784281651.684128,1784281650.973319,0.917148823,"[dac] CH_A set to -0.752 V (code=30304)
"
504,82,47,-0.75187814292706,-0.8824316191281589,-0.13055347620109892,1784281651.684341,1784281653.119671,1784281652.4020061,0.893017737,"[dac] CH_A set to -0.882 V (code=29876)
"
505,82,48,-0.8824316191281589,-1.0129850953292578,-0.13055347620109892,1784281653.119898,1784281654.550644,1784281653.835271,0.831349408,"[dac] CH_A set to -1.013 V (code=29448)
"
506,82,49,-1.0129850953292578,-1.1435385715303568,-0.13055347620109892,1784281654.550842,1784281655.9937558,1784281655.2722988,0.750912457,"[dac] CH_A set to -1.143 V (code=29021)
"
507,82,50,-1.1435385715303568,-1.2740920477314548,-0.13055347620109803,1784281655.994039,1784281657.426838,1784281656.7104385,0.729462603,"[dac] CH_A set to -1.274 V (code=28593)
"
508,82,51,-1.2740920477314548,-1.4046455239325537,-0.13055347620109892,1784281657.4270232,1784281658.855606,1784281658.1413145,0.670475505,"[dac] CH_A set to -1.405 V (code=28165)
"
509,82,52,-1.4046455239325537,-1.5351990001336526,-0.13055347620109892,1784281658.855841,1784281660.2925282,1784281659.5741844,0.564566853,"[dac] CH_A set to -1.535 V (code=27737)
"
510,82,53,-1.5351990001336526,-1.6657524763347507,-0.13055347620109803,1784281660.2927392,1784281661.724086,1784281661.0084126,0.52971084,"[dac] CH_A set to -1.666 V (code=27309)
"
511,82,54,-1.6657524763347507,-1.7963059525358496,-0.13055347620109892,1784281661.7243378,1784281663.155998,1784281662.440168,0.477426822,"[dac] CH_A set to -1.796 V (code=26881)
"
512,82,55,-1.7963059525358496,-1.9268594287369485,-0.13055347620109892,1784281663.156217,1784281664.586761,1784281663.871489,0.431845883,"[dac] CH_A set to -1.927 V (code=26454)
"
513,82,56,-1.9268594287369485,-2.0574129049380474,-0.13055347620109892,1784281664.586963,1784281666.020803,1784281665.303883,0.371518169,"[dac] CH_A set to -2.057 V (code=26026)
"
514,82,57,-2.0574129049380474,-2.1879663811391463,-0.13055347620109892,1784281666.021023,1784281667.457322,1784281666.7391725,0.308509224,"[dac] CH_A set to -2.188 V (code=25598)
"
515,82,58,-2.1879663811391463,-2.3185198573402444,-0.13055347620109803,1784281667.4575639,1784281668.887989,1784281668.1727765,0.283037523,"[dac] CH_A set to -2.319 V (code=25170)
"
516,82,59,-2.3185198573402444,-2.4490733335413433,-0.13055347620109892,1784281668.888173,1784281670.328657,1784281669.6084151,0.234775352,"[dac] CH_A set to -2.449 V (code=24742)
"
517,82,60,-2.4490733335413433,-2.579626809742442,-0.13055347620109892,1784281670.328879,1784281671.763196,1784281671.0460377,0.185172565,"[dac] CH_A set to -2.580 V (code=24315)
"
518,82,61,-2.579626809742442,-2.71018028594354,-0.13055347620109803,1784281671.76339,1784281673.185243,1784281672.4743166,0.1543384,"[dac] CH_A set to -2.710 V (code=23887)
"
519,82,62,-2.71018028594354,-2.840733762144639,-0.13055347620109892,1784281673.185521,1784281674.626896,1784281673.9062085,0.104735614,"[dac] CH_A set to -2.841 V (code=23459)
"
520,82,63,-2.840733762144639,-2.971287238345738,-0.13055347620109892,1784281674.627103,1784281676.059156,1784281675.3431296,0.0779232967,"[dac] CH_A set to -2.971 V (code=23031)
"
521,82,64,-2.971287238345738,-3.101840714546837,-0.13055347620109892,1784281676.0594199,1784281677.494101,1784281676.7767606,0.056473443,"[dac] CH_A set to -3.102 V (code=22604)
"
522,82,65,-3.101840714546837,-3.232394190747936,-0.13055347620109892,1784281677.494339,1784281678.935804,1784281678.2150714,0.0350235893,"[dac] CH_A set to -3.232 V (code=22176)
"
523,82,66,-3.232394190747936,-3.362947666949035,-0.13055347620109892,1784281678.936067,1784281680.3716202,1784281679.6538436,0.00418942455,"[dac] CH_A set to -3.363 V (code=21748)
"
524,82,67,-3.362947666949035,-3.4935011431501337,-0.13055347620109892,1784281680.371834,1784281681.8105862,1784281681.0912101,0.00821127212,"[dac] CH_A set to -3.493 V (code=21320)
"
525,82,68,-3.4935011431501337,-3.6240546193512317,-0.13055347620109803,1784281681.810838,1784281683.236331,1784281682.5235844,-0.00251356623,"[dac] CH_A set to -3.624 V (code=20892)
"
526,83,0,-3.7546080955523307,-3.81988483365288,-0.06527673810054946,1784281693.494296,1784281694.91437,1784281694.204333,-0.017259841,"[dac] CH_A set to -3.820 V (code=20251)
"
527,83,1,-3.81988483365288,-3.8851615717534296,-0.06527673810054946,1784281694.914579,1784281696.364872,1784281695.6397254,-0.00251329216,"[dac] CH_A set to -3.885 V (code=20037)
"
528,84,0,-3.7546080955523307,-3.624054619351232,0.13055347620109847,1784281706.599564,1784281708.0462232,1784281707.3228936,-0.0105569902,"[dac] CH_A set to -3.624 V (code=20892)
"
529,84,1,-3.624054619351232,-3.4935011431501333,0.13055347620109892,1784281708.046497,1784281709.495528,1784281708.7710125,-0.017259841,"[dac] CH_A set to -3.493 V (code=21320)
"
530,84,2,-3.4935011431501333,-3.362947666949035,0.13055347620109847,1784281709.495722,1784281710.9327989,1784281710.2142606,-0.00921632576,"[dac] CH_A set to -3.363 V (code=21748)
"
531,84,3,-3.362947666949035,-3.232394190747936,0.13055347620109892,1784281710.9330409,1784281712.3606222,1784281711.6468315,0.0363642051,"[dac] CH_A set to -3.232 V (code=22176)
"
532,84,4,-3.232394190747936,-3.1018407145468374,0.13055347620109847,1784281712.360836,1784281713.806292,1784281713.083564,0.0511109795,"[dac] CH_A set to -3.102 V (code=22604)
"
533,84,5,-3.1018407145468374,-2.971287238345739,0.13055347620109847,1784281713.8064919,1784281715.2496388,1784281714.5280652,0.0859669918,"[dac] CH_A set to -2.971 V (code=23031)
"
534,84,6,-2.971287238345739,-2.84073376214464,0.13055347620109892,1784281715.249891,1784281716.681709,1784281715.9658,0.0953513028,"[dac] CH_A set to -2.841 V (code=23459)
"
535,84,7,-2.84073376214464,-2.710180285943541,0.13055347620109892,1784281716.6819232,1784281718.126271,1784281717.404097,0.144954089,"[dac] CH_A set to -2.710 V (code=23887)
"
536,84,8,-2.710180285943541,-2.5796268097424426,0.13055347620109847,1784281718.126508,1784281719.56483,1784281718.845669,0.171766407,"[dac] CH_A set to -2.580 V (code=24315)
"
537,84,9,-2.5796268097424426,-2.449073333541344,0.13055347620109847,1784281719.565274,1784281720.9996312,1784281720.2824526,0.173107022,"[dac] CH_A set to -2.449 V (code=24742)
"
538,84,10,-2.449073333541344,-2.3185198573402452,0.13055347620109892,1784281720.9998379,1784281722.446856,1784281721.723347,0.234775352,"[dac] CH_A set to -2.319 V (code=25170)
"
539,84,11,-2.3185198573402452,-2.1879663811391468,0.13055347620109847,1784281722.447077,1784281723.8830059,1784281723.1650414,0.264268901,"[dac] CH_A set to -2.188 V (code=25598)
"
540,84,12,-2.1879663811391468,-2.0574129049380483,0.13055347620109847,1784281723.8833978,1784281725.3106072,1784281724.5970025,0.304487376,"[dac] CH_A set to -2.057 V (code=26026)
"
541,84,13,-2.0574129049380483,-1.9268594287369494,0.13055347620109892,1784281725.310835,1784281726.74683,1784281726.0288324,0.390286791,"[dac] CH_A set to -1.927 V (code=26454)
"
542,84,14,-1.9268594287369494,-1.7963059525358505,0.13055347620109892,1784281726.747066,1784281728.193846,1784281727.4704561,0.43586773,"[dac] CH_A set to -1.796 V (code=26881)
"
543,85,0,-1.6657524763347515,-1.600475738234202,0.06527673810054946,1784281738.4321249,1784281739.8836281,1784281739.1578765,0.516304682,"[dac] CH_A set to -1.600 V (code=27523)
"
544,85,1,-1.600475738234202,-1.5351990001336526,0.06527673810054946,1784281739.8838599,1784281741.309939,1784281740.5968995,0.492173596,"[dac] CH_A set to -1.535 V (code=27737)
"
545,86,0,-1.6657524763347515,-1.5351990001336528,0.1305534762010987,1784281751.5055208,1784281752.9490318,1784281752.2272763,0.509601602,"[dac] CH_A set to -1.535 V (code=27737)
"
546,86,1,-1.5351990001336528,-1.4046455239325542,0.1305534762010987,1784281752.9493172,1784281754.394926,1784281753.6721215,0.557863773,"[dac] CH_A set to -1.405 V (code=28165)
"
547,86,2,-1.4046455239325542,-1.2740920477314555,0.1305534762010987,1784281754.395155,1784281755.826987,1784281755.111071,0.640981956,"[dac] CH_A set to -1.274 V (code=28593)
"
548,86,3,-1.2740920477314555,-1.1435385715303568,0.1305534762010987,1784281755.827187,1784281757.2502038,1784281756.5386953,0.657069347,"[dac] CH_A set to -1.143 V (code=29021)
"
549,86,4,-1.1435385715303568,-1.012985095329258,0.1305534762010987,1784281757.250409,1784281758.691849,1784281757.971129,0.758956152,"[dac] CH_A set to -1.013 V (code=29448)
"
550,86,5,-1.012985095329258,-0.8824316191281594,0.1305534762010987,1784281758.692105,1784281760.135594,1784281759.4138494,0.803196475,"[dac] CH_A set to -0.882 V (code=29876)
"
551,86,6,-0.8824316191281594,-0.7518781429270607,0.1305534762010987,1784281760.135824,1784281761.570027,1784281760.8529255,0.855480493,"[dac] CH_A set to -0.752 V (code=30304)
"
552,86,7,-0.7518781429270607,-0.621324666725962,0.1305534762010987,1784281761.570216,1784281762.992278,1784281762.2812471,0.914467591,"[dac] CH_A set to -0.621 V (code=30732)
"
553,86,8,-0.621324666725962,-0.4907711905248633,0.1305534762010987,1784281762.992482,1784281764.42751,1784281763.709996,0.96004853,"[dac] CH_A set to -0.491 V (code=31159)
"
554,86,9,-0.4907711905248633,-0.3602177143237646,0.1305534762010987,1784281764.427695,1784281765.852767,1784281765.1402311,1.05121041,"[dac] CH_A set to -0.360 V (code=31587)
"
555,86,10,-0.3602177143237646,-0.2296642381226659,0.1305534762010987,1784281765.852984,1784281767.2907698,1784281766.571877,1.07534149,"[dac] CH_A set to -0.230 V (code=32015)
"
556,86,11,-0.2296642381226659,-0.0991107619215672,0.1305534762010987,1784281767.290983,1784281768.725451,1784281768.0082169,1.11019751,"[dac] CH_A set to -0.099 V (code=32443)
"
557,86,12,-0.0991107619215672,0.03144271427953149,0.1305534762010987,1784281768.72574,1784281770.150568,1784281769.438154,1.17588768,"[dac] CH_A set to +0.031 V (code=32870)
"
558,86,13,0.03144271427953149,0.1619961904806302,0.1305534762010987,1784281770.150764,1784281771.585384,1784281770.868074,1.24291848,"[dac] CH_A set to +0.162 V (code=33298)
"
559,86,14,0.1619961904806302,0.2925496666817289,0.1305534762010987,1784281771.585643,1784281773.032622,1784281772.3091326,1.27643387,"[dac] CH_A set to +0.292 V (code=33726)
"
560,86,15,0.2925496666817289,0.4231031428828276,0.1305534762010987,1784281773.032819,1784281774.474231,1784281773.753525,1.32603666,"[dac] CH_A set to +0.423 V (code=34154)
"
561,86,16,0.4231031428828276,0.5536566190839265,0.13055347620109892,1784281774.474452,1784281775.9169269,1784281775.1956894,1.37295821,"[dac] CH_A set to +0.554 V (code=34582)
"
562,86,17,0.5536566190839265,0.684210095285025,0.13055347620109847,1784281775.917133,1784281777.35114,1784281776.6341367,1.39440807,"[dac] CH_A set to +0.684 V (code=35009)
"
563,86,18,0.684210095285025,0.8147635714861234,0.13055347620109847,1784281777.3513532,1784281778.7826471,1784281778.0670002,1.43998901,"[dac] CH_A set to +0.815 V (code=35437)
"
564,86,19,0.8147635714861234,0.9453170476872224,0.13055347620109892,1784281778.782839,1784281780.2262661,1784281779.5045526,1.44669209,"[dac] CH_A set to +0.945 V (code=35865)
"
565,86,20,0.9453170476872224,1.0758705238883213,0.13055347620109892,1784281780.2265012,1784281781.64861,1784281780.9375558,1.49495426,"[dac] CH_A set to +1.076 V (code=36293)
"
566,86,21,1.0758705238883213,1.2064240000894197,0.13055347620109847,1784281781.648824,1784281783.079607,1784281782.3642154,1.47082317,"[dac] CH_A set to +1.206 V (code=36721)
"
567,86,22,1.2064240000894197,1.3369774762905182,0.13055347620109847,1784281783.079821,1784281784.5092108,1784281783.794516,1.51238226,"[dac] CH_A set to +1.337 V (code=37149)
"
568,86,23,1.3369774762905182,1.4675309524916171,0.13055347620109892,1784281784.509452,1784281785.950015,1784281785.2297335,1.50836042,"[dac] CH_A set to +1.467 V (code=37576)
"
569,86,24,1.4675309524916171,1.598084428692716,0.13055347620109892,1784281785.950208,1784281787.394688,1784281786.672448,1.49227303,"[dac] CH_A set to +1.598 V (code=38004)
"
570,86,25,1.598084428692716,1.7286379048938145,0.13055347620109847,1784281787.3948832,1784281788.833608,1784281788.1142454,1.51506349,"[dac] CH_A set to +1.729 V (code=38432)
"
571,86,26,1.7286379048938145,1.859191381094913,0.13055347620109847,1784281788.833802,1784281790.27532,1784281789.5545611,1.52981027,"[dac] CH_A set to +1.859 V (code=38860)
"
572,86,27,1.859191381094913,1.989744857296012,0.13055347620109892,1784281790.2755358,1784281791.7227478,1784281790.9991417,1.46814194,"[dac] CH_A set to +1.990 V (code=39287)
"
573,86,28,1.989744857296012,2.120298333497111,0.13055347620109892,1784281791.72299,1784281793.167008,1784281792.444999,1.4815481,"[dac] CH_A set to +2.120 V (code=39715)
"
574,86,29,2.120298333497111,2.2508518096982093,0.13055347620109847,1784281793.167267,1784281794.602401,1784281793.884834,1.45473578,"[dac] CH_A set to +2.251 V (code=40143)
"
575,86,30,2.2508518096982093,2.3814052858993078,0.13055347620109847,1784281794.6026292,1784281796.033739,1784281795.3181841,1.45339517,"[dac] CH_A set to +2.381 V (code=40571)
"
576,86,31,2.3814052858993078,2.5119587621004067,0.13055347620109892,1784281796.033953,1784281797.4589498,1784281796.7464514,1.43194531,"[dac] CH_A set to +2.512 V (code=40999)
"
577,86,32,2.5119587621004067,2.6425122383015056,0.13055347620109892,1784281797.459152,1784281798.901115,1784281798.1801333,1.37563945,"[dac] CH_A set to +2.642 V (code=41426)
"
578,86,33,2.6425122383015056,2.7730657145026045,0.13055347620109892,1784281798.9013288,1784281800.341951,1784281799.6216397,1.34212405,"[dac] CH_A set to +2.773 V (code=41854)
"
579,86,34,2.7730657145026045,2.9036191907037026,0.13055347620109803,1784281800.342165,1784281801.783991,1784281801.063078,1.30592742,"[dac] CH_A set to +2.904 V (code=42282)
"
580,86,35,2.9036191907037026,3.0341726669048015,0.13055347620109892,1784281801.7842329,1784281803.225375,1784281802.504804,1.26570895,"[dac] CH_A set to +3.034 V (code=42710)
"
581,86,36,3.0341726669048015,3.1647261431059004,0.13055347620109892,1784281803.225617,1784281804.650391,1784281803.938004,1.24023724,"[dac] CH_A set to +3.165 V (code=43137)
"
582,86,37,3.1647261431059004,3.2952796193069984,0.13055347620109803,1784281804.650579,1784281806.097616,1784281805.3740973,1.17856891,"[dac] CH_A set to +3.295 V (code=43565)
"
583,86,38,3.2952796193069984,3.4258330955080973,0.13055347620109892,1784281806.097913,1784281807.5374138,1784281806.8176634,1.11555997,"[dac] CH_A set to +3.426 V (code=43993)
"
584,87,0,3.2952796193069984,3.230002881206449,-0.06527673810054946,1784281817.789181,1784281819.2245069,1784281818.506844,1.1772283,"[dac] CH_A set to +3.230 V (code=43351)
"
585,87,1,3.230002881206449,3.1647261431058995,-0.06527673810054946,1784281819.224703,1784281820.6761081,1784281819.9504056,1.20135938,"[dac] CH_A set to +3.165 V (code=43137)
"
586,88,0,3.2952796193069984,3.1740513914059783,-0.12122822790102017,1784281830.916499,1784281832.367459,1784281831.641979,1.2281717,"[dac] CH_A set to +3.174 V (code=43168)
"
587,88,1,3.1740513914059783,3.052823163504958,-0.12122822790102017,1784281832.367639,1784281833.80216,1784281833.0848994,1.23755601,"[dac] CH_A set to +3.053 V (code=42771)
"
588,88,2,3.052823163504958,2.931594935603938,-0.12122822790102017,1784281833.802379,1784281835.230998,1784281834.5166883,1.27643387,"[dac] CH_A set to +2.932 V (code=42374)
"
589,88,3,2.931594935603938,2.8103667077029173,-0.12122822790102061,1784281835.2312331,1784281836.673829,1784281835.952531,1.30056496,"[dac] CH_A set to +2.810 V (code=41976)
"
590,88,4,2.8103667077029173,2.689138479801897,-0.12122822790102017,1784281836.674061,1784281838.12018,1784281837.3971205,1.34882713,"[dac] CH_A set to +2.689 V (code=41579)
"
591,88,5,2.689138479801897,2.567910251900877,-0.12122822790102017,1784281838.1204128,1784281839.550933,1784281838.8356729,1.39977053,"[dac] CH_A set to +2.568 V (code=41182)
"
592,88,6,2.567910251900877,2.446682023999857,-0.12122822790102017,1784281839.551137,1784281841.000315,1784281840.2757258,1.45071393,"[dac] CH_A set to +2.447 V (code=40785)
"
593,88,7,2.446682023999857,2.3254537960988366,-0.12122822790102017,1784281841.000532,1784281842.4535732,1784281841.7270527,1.4480327,"[dac] CH_A set to +2.326 V (code=40388)
"
594,88,8,2.3254537960988366,2.204225568197816,-0.12122822790102061,1784281842.453784,1784281843.892232,1784281843.173008,1.42122038,"[dac] CH_A set to +2.204 V (code=39990)
"
595,88,9,2.204225568197816,2.082997340296796,-0.12122822790102017,1784281843.892426,1784281845.341553,1784281844.6169896,1.46948256,"[dac] CH_A set to +2.083 V (code=39593)
"
596,88,10,2.082997340296796,1.961769112395776,-0.12122822790101995,1784281845.341801,1784281846.782707,1784281846.062254,1.47216379,"[dac] CH_A set to +1.962 V (code=39196)
"
597,88,11,1.961769112395776,1.8405408844947555,-0.12122822790102039,1784281846.782988,1784281848.224413,1784281847.5037005,1.5070198,"[dac] CH_A set to +1.840 V (code=38798)
"
598,88,12,1.8405408844947555,1.7193126565937353,-0.12122822790102017,1784281848.224618,1784281849.665929,1784281848.9452734,1.53517273,"[dac] CH_A set to +1.719 V (code=38401)
"
599,88,13,1.7193126565937353,1.5980844286927152,-0.12122822790102017,1784281849.666194,1784281851.107414,1784281850.386804,1.50433857,"[dac] CH_A set to +1.598 V (code=38004)
"
600,89,0,1.728637904893814,1.7939146429943635,0.06527673810054946,1784281861.342263,1784281862.766517,1784281862.05439,1.51238226,"[dac] CH_A set to +1.794 V (code=38646)
"
601,89,1,1.7939146429943635,1.859191381094913,0.06527673810054946,1784281862.7667358,1784281864.214069,1784281863.4904022,1.51908534,"[dac] CH_A set to +1.859 V (code=38860)
"
602,90,0,1.728637904893814,1.5980844286927154,-0.1305534762010987,1784281874.461581,1784281875.8946528,1784281875.1781168,1.50836042,"[dac] CH_A set to +1.598 V (code=38004)
"
603,90,1,1.5980844286927154,1.4675309524916167,-0.1305534762010987,1784281875.894874,1784281877.341592,1784281876.6182332,1.50836042,"[dac] CH_A set to +1.467 V (code=37576)
"
604,90,2,1.4675309524916167,1.3369774762905182,-0.13055347620109847,1784281877.341803,1784281878.7878861,1784281878.0648446,1.49227303,"[dac] CH_A set to +1.337 V (code=37149)
"
605,90,3,1.3369774762905182,1.2064240000894195,-0.1305534762010987,1784281878.788091,1784281880.225247,1784281879.506669,1.46814194,"[dac] CH_A set to +1.206 V (code=36721)
"
606,90,4,1.2064240000894195,1.0758705238883208,-0.1305534762010987,1784281880.2254632,1784281881.658734,1784281880.9420986,1.44535147,"[dac] CH_A set to +1.076 V (code=36293)
"
607,90,5,1.0758705238883208,0.9453170476872222,-0.13055347620109858,1784281881.658943,1784281883.105839,1784281882.382391,1.45071393,"[dac] CH_A set to +0.945 V (code=35865)
"
608,90,6,0.9453170476872222,0.8147635714861237,-0.13055347620109858,1784281883.1060228,1784281884.521569,1784281883.813796,1.4480327,"[dac] CH_A set to +0.815 V (code=35437)
"
609,90,7,0.8147635714861237,0.684210095285025,-0.1305534762010987,1784281884.521777,1784281885.961499,1784281885.241638,1.39440807,"[dac] CH_A set to +0.684 V (code=35009)
"
610,90,8,0.684210095285025,0.5536566190839263,-0.1305534762010987,1784281885.961727,1784281887.3916202,1784281886.6766734,1.38770499,"[dac] CH_A set to +0.554 V (code=34582)
"
611,90,9,0.5536566190839263,0.4231031428828276,-0.1305534762010987,1784281887.391812,1784281888.829877,1784281888.1108446,1.36223329,"[dac] CH_A set to +0.423 V (code=34154)
"
612,90,10,0.4231031428828276,0.2925496666817291,-0.13055347620109847,1784281888.830073,1784281890.2806468,1784281889.5553598,1.3126305,"[dac] CH_A set to +0.292 V (code=33726)
"
613,90,11,0.2925496666817291,0.1619961904806304,-0.1305534762010987,1784281890.280844,1784281891.72332,1784281891.0020819,1.27643387,"[dac] CH_A set to +0.162 V (code=33298)
"
614,90,12,0.1619961904806304,0.031442714279531714,-0.1305534762010987,1784281891.7235641,1784281893.1733801,1784281892.448472,1.21208431,"[dac] CH_A set to +0.031 V (code=32870)
"
615,91,0,-0.0991107619215672,-0.16438750002211666,-0.06527673810054946,1784281903.4401438,1784281904.889214,1784281904.164679,1.16248152,"[dac] CH_A set to -0.164 V (code=32229)
"
616,91,1,-0.16438750002211666,-0.22966423812266612,-0.06527673810054946,1784281904.8894122,1784281906.338521,1784281905.6139665,1.11287874,"[dac] CH_A set to -0.230 V (code=32015)
"
617,92,0,-0.0991107619215672,-0.20355354288244626,-0.10444278096087906,1784281916.603633,1784281918.048231,1784281917.325932,1.11690059,"[dac] CH_A set to -0.204 V (code=32100)
"
618,92,1,-0.20355354288244626,-0.3079963238433253,-0.10444278096087906,1784281918.048411,1784281919.4810739,1784281918.7647424,1.10885689,"[dac] CH_A set to -0.308 V (code=31758)
"
619,92,2,-0.3079963238433253,-0.4124391048042043,-0.104442780960879,1784281919.481278,1784281920.92273,1784281920.202004,1.00026701,"[dac] CH_A set to -0.412 V (code=31416)
"
620,92,3,-0.4124391048042043,-0.5168818857650834,-0.10444278096087911,1784281920.922924,1784281922.361123,1784281921.6420236,0.985520232,"[dac] CH_A set to -0.517 V (code=31074)
"
621,92,4,-0.5168818857650834,-0.6213246667259624,-0.104442780960879,1784281922.361346,1784281923.8002539,1784281923.0808,0.96675161,"[dac] CH_A set to -0.621 V (code=30732)
"
622,93,0,-0.4907711905248635,-0.42549445242431405,0.06527673810054946,1784281934.074214,1784281935.511862,1784281934.793038,1.04986979,"[dac] CH_A set to -0.426 V (code=31373)
"
623,93,1,-0.42549445242431405,-0.3602177143237646,0.06527673810054946,1784281935.512077,1784281936.932995,1784281936.222536,1.04316671,"[dac] CH_A set to -0.360 V (code=31587)
"
624,94,0,-0.4907711905248635,-0.36615196324199656,0.12461922728286695,1784281947.207211,1784281948.6425579,1784281947.9248843,1.05791349,"[dac] CH_A set to -0.366 V (code=31568)
"
625,94,1,-0.36615196324199656,-0.24153273595912958,0.12461922728286698,1784281948.642766,1784281950.074304,1784281949.358535,1.11555997,"[dac] CH_A set to -0.242 V (code=31976)
"
626,94,2,-0.24153273595912958,-0.1169135086762626,0.12461922728286698,1784281950.074581,1784281951.5014322,1784281950.7880065,1.15443783,"[dac] CH_A set to -0.117 V (code=32384)
"
627,94,3,-0.1169135086762626,0.00770571860660435,0.12461922728286695,1784281951.5016918,1784281952.940902,1784281952.2212968,1.18527199,"[dac] CH_A set to +0.008 V (code=32793)
"
628,94,4,0.00770571860660435,0.1323249458894713,0.12461922728286695,1784281952.941143,1784281954.388927,1784281953.665035,1.21878739,"[dac] CH_A set to +0.132 V (code=33201)
"
629,94,5,0.1323249458894713,0.2569441731723383,0.124619227282867,1784281954.389162,1784281955.814668,1784281955.101915,1.26839018,"[dac] CH_A set to +0.257 V (code=33609)
"
630,94,6,0.2569441731723383,0.3815634004552052,0.1246192272828669,1784281955.814882,1784281957.2402098,1784281956.527546,1.32603666,"[dac] CH_A set to +0.382 V (code=34018)
"
631,94,7,0.3815634004552052,0.5061826277380722,0.124619227282867,1784281957.2404501,1784281958.690614,1784281957.965532,1.34748651,"[dac] CH_A set to +0.506 V (code=34426)
"
632,94,8,0.5061826277380722,0.6308018550209391,0.1246192272828669,1784281958.690817,1784281960.115647,1784281959.403232,1.35284898,"[dac] CH_A set to +0.631 V (code=34834)
"
633,94,9,0.6308018550209391,0.7554210823038061,0.124619227282867,1784281960.115881,1784281961.550035,1784281960.832958,1.39842992,"[dac] CH_A set to +0.755 V (code=35243)
"
634,94,10,0.7554210823038061,0.8800403095866731,0.124619227282867,1784281961.550273,1784281962.998979,1784281962.274626,1.44132962,"[dac] CH_A set to +0.880 V (code=35651)
"
635,94,11,0.8800403095866731,1.0046595368695401,0.124619227282867,1784281962.9991832,1784281964.445021,1784281963.7221022,1.46814194,"[dac] CH_A set to +1.005 V (code=36060)
"
636,94,12,1.0046595368695401,1.1292787641524071,0.124619227282867,1784281964.4452338,1784281965.865667,1784281965.1554503,1.44937332,"[dac] CH_A set to +1.129 V (code=36468)
"
637,94,13,1.1292787641524071,1.253897991435274,0.12461922728286678,1784281965.8658712,1784281967.313536,1784281966.5897036,1.50165734,"[dac] CH_A set to +1.254 V (code=36876)
"
638,94,14,1.253897991435274,1.378517218718141,0.124619227282867,1784281967.313756,1784281968.7578912,1784281968.0358236,1.48556995,"[dac] CH_A set to +1.378 V (code=37285)
"
639,94,15,1.378517218718141,1.503136446001008,0.124619227282867,1784281968.758157,1784281970.196238,1784281969.4771976,1.48825118,"[dac] CH_A set to +1.503 V (code=37693)
"
640,94,16,1.503136446001008,1.627755673283875,0.124619227282867,1784281970.196477,1784281971.635587,1784281970.9160318,1.50970103,"[dac] CH_A set to +1.628 V (code=38101)
"
641,94,17,1.627755673283875,1.7523749005667417,0.12461922728286678,1784281971.635802,1784281973.0731251,1784281972.3544636,1.5070198,"[dac] CH_A set to +1.752 V (code=38510)
"
642,94,18,1.7523749005667417,1.876994127849609,0.12461922728286723,1784281973.073351,1784281974.50628,1784281973.7898154,1.50031672,"[dac] CH_A set to +1.877 V (code=38918)
"
643,94,19,1.876994127849609,2.0016133551324757,0.12461922728286678,1784281974.5065,1784281975.949326,1784281975.227913,1.48422933,"[dac] CH_A set to +2.002 V (code=39326)
"
644,94,20,2.0016133551324757,2.126232582415343,0.12461922728286723,1784281975.9495559,1784281977.393698,1784281976.671627,1.45071393,"[dac] CH_A set to +2.126 V (code=39735)
"
645,94,21,2.126232582415343,2.2508518096982097,0.12461922728286678,1784281977.3939269,1784281978.8294709,1784281978.1116989,1.47216379,"[dac] CH_A set to +2.251 V (code=40143)
"
646,95,0,2.120298333497111,2.0550215953965614,-0.06527673810054946,1784281989.100731,1784281990.524365,1784281989.812548,1.48288871,"[dac] CH_A set to +2.055 V (code=39501)
"
647,95,1,2.0550215953965614,1.989744857296012,-0.06527673810054946,1784281990.524578,1784281991.956321,1784281991.2404494,1.45875763,"[dac] CH_A set to +1.990 V (code=39287)
"
648,96,0,2.120298333497111,2.2508518096982093,0.13055347620109847,1784282002.1842701,1784282003.62416,1784282002.904215,1.4306047,"[dac] CH_A set to +2.251 V (code=40143)
"
649,96,1,2.2508518096982093,2.3814052858993073,0.13055347620109803,1784282003.6244779,1784282005.064854,1784282004.344666,1.42926408,"[dac] CH_A set to +2.381 V (code=40571)
"
650,96,2,2.3814052858993073,2.511958762100406,0.13055347620109847,1784282005.0651982,1784282006.506379,1784282005.7857885,1.40111115,"[dac] CH_A set to +2.512 V (code=40999)
"
651,97,0,2.6425122383015047,2.707788976402054,0.06527673810054946,1784282016.789734,1784282018.243386,1784282017.51656,1.33005851,"[dac] CH_A set to +2.708 V (code=41640)
"
652,97,1,2.707788976402054,2.7730657145026036,0.06527673810054946,1784282018.243648,1784282019.6812139,1784282018.962431,1.30592742,"[dac] CH_A set to +2.773 V (code=41854)
"
653,98,0,2.6425122383015047,2.5119587621004063,-0.13055347620109847,1784282029.952258,1784282031.3816519,1784282030.666955,1.3970893,"[dac] CH_A set to +2.512 V (code=40999)
"
654,98,1,2.5119587621004063,2.3814052858993073,-0.13055347620109892,1784282031.3819242,1784282032.830338,1784282032.106131,1.42926408,"[dac] CH_A set to +2.381 V (code=40571)
"
655,98,2,2.3814052858993073,2.250851809698209,-0.13055347620109847,1784282032.8305511,1784282034.249304,1784282033.5399275,1.45071393,"[dac] CH_A set to +2.251 V (code=40143)
"
656,98,3,2.250851809698209,2.12029833349711,-0.13055347620109892,1784282034.2495182,1784282035.6842308,1784282034.9668746,1.45875763,"[dac] CH_A set to +2.120 V (code=39715)
"
657,98,4,2.12029833349711,1.9897448572960115,-0.13055347620109847,1784282035.684451,1784282037.124203,1784282036.404327,1.48825118,"[dac] CH_A set to +1.990 V (code=39287)
"
658,98,5,1.9897448572960115,1.8591913810949128,-0.1305534762010987,1784282037.1244102,1784282038.554849,1784282037.8396297,1.49093241,"[dac] CH_A set to +1.859 V (code=38860)
"
659,98,6,1.8591913810949128,1.728637904893814,-0.1305534762010987,1784282038.555098,1784282039.98989,1784282039.272494,1.48422933,"[dac] CH_A set to +1.729 V (code=38432)
"
660,98,7,1.728637904893814,1.5980844286927154,-0.1305534762010987,1784282039.990093,1784282041.4087949,1784282040.6994438,1.48020748,"[dac] CH_A set to +1.598 V (code=38004)
"
661,98,8,1.5980844286927154,1.4675309524916167,-0.1305534762010987,1784282041.40903,1784282042.858151,1784282042.1335905,1.50299795,"[dac] CH_A set to +1.467 V (code=37576)
"
662,98,9,1.4675309524916167,1.336977476290518,-0.1305534762010987,1784282042.858353,1784282044.2878342,1784282043.5730934,1.52310719,"[dac] CH_A set to +1.337 V (code=37149)
"
663,98,10,1.336977476290518,1.2064240000894193,-0.1305534762010987,1784282044.2880452,1784282045.7090912,1784282044.998568,1.49227303,"[dac] CH_A set to +1.206 V (code=36721)
"
664,98,11,1.2064240000894193,1.0758705238883208,-0.13055347620109847,1784282045.709298,1784282047.142962,1784282046.4261298,1.49227303,"[dac] CH_A set to +1.076 V (code=36293)
"
665,98,12,1.0758705238883208,0.9453170476872221,-0.1305534762010987,1784282047.143151,1784282048.5849779,1784282047.8640645,1.45339517,"[dac] CH_A set to +0.945 V (code=35865)
"
666,98,13,0.9453170476872221,0.8147635714861234,-0.1305534762010987,1784282048.5852108,1784282050.029464,1784282049.3073373,1.39977053,"[dac] CH_A set to +0.815 V (code=35437)
"
667,98,14,0.8147635714861234,0.6842100952850247,-0.1305534762010987,1784282050.0297012,1784282051.4719539,1784282050.7508276,1.42122038,"[dac] CH_A set to +0.684 V (code=35009)
"
668,98,15,0.6842100952850247,0.553656619083926,-0.1305534762010987,1784282051.4721742,1784282052.913932,1784282052.1930532,1.36759575,"[dac] CH_A set to +0.554 V (code=34582)
"
669,98,16,0.553656619083926,0.4231031428828276,-0.13055347620109847,1784282052.914171,1784282054.3531609,1784282053.633666,1.3461459,"[dac] CH_A set to +0.423 V (code=34154)
"
670,98,17,0.4231031428828276,0.29254966668172866,-0.13055347620109892,1784282054.353363,1784282055.796557,1784282055.07496,1.33005851,"[dac] CH_A set to +0.292 V (code=33726)
"
671,98,18,0.29254966668172866,0.1619961904806302,-0.13055347620109847,1784282055.79678,1784282057.21871,1784282056.507745,1.26302771,"[dac] CH_A set to +0.162 V (code=33298)
"
672,98,19,0.1619961904806302,0.03144271427953127,-0.13055347620109892,1784282057.2189171,1784282058.645406,1784282057.9321616,1.23755601,"[dac] CH_A set to +0.031 V (code=32870)
"
673,98,20,0.03144271427953127,-0.0991107619215672,-0.13055347620109847,1784282058.6456032,1784282060.077601,1784282059.361602,1.21610616,"[dac] CH_A set to -0.099 V (code=32443)
"
674,98,21,-0.0991107619215672,-0.22966423812266612,-0.13055347620109892,1784282060.077803,1784282061.519486,1784282060.7986445,1.1182412,"[dac] CH_A set to -0.230 V (code=32015)
"
675,98,22,-0.22966423812266612,-0.3602177143237646,-0.13055347620109847,1784282061.519713,1784282062.9449668,1784282062.2323399,1.09142888,"[dac] CH_A set to -0.360 V (code=31587)
"
676,98,23,-0.3602177143237646,-0.49077119052486307,-0.13055347620109847,1784282062.9452002,1784282064.387908,1784282063.666554,1.03646363,"[dac] CH_A set to -0.491 V (code=31159)
"
677,98,24,-0.49077119052486307,-0.621324666725962,-0.13055347620109892,1784282064.388235,1784282065.829689,1784282065.108962,0.985520232,"[dac] CH_A set to -0.621 V (code=30732)
"
678,98,25,-0.621324666725962,-0.7518781429270605,-0.13055347620109847,1784282065.829907,1784282067.254494,1784282066.5422006,0.901061433,"[dac] CH_A set to -0.752 V (code=30304)
"
679,98,26,-0.7518781429270605,-0.8824316191281594,-0.13055347620109892,1784282067.254735,1784282068.679571,1784282067.967153,0.862183573,"[dac] CH_A set to -0.882 V (code=29876)
"
680,99,0,-1.0129850953292583,-1.0782618334298077,-0.06527673810054946,1784282078.920189,1784282080.341561,1784282079.630875,0.771021695,"[dac] CH_A set to -1.078 V (code=29234)
"
681,99,1,-1.0782618334298077,-1.1435385715303572,-0.06527673810054946,1784282080.341761,1784282081.791614,1784282081.0666876,0.748231225,"[dac] CH_A set to -1.143 V (code=29021)
"
682,100,0,-1.0129850953292583,-1.143538571530357,-0.1305534762010987,1784282092.044346,1784282093.473063,1784282092.7587047,0.695947207,"[dac] CH_A set to -1.143 V (code=29021)
"
683,100,1,-1.143538571530357,-1.2740920477314557,-0.1305534762010987,1784282093.4733188,1784282094.9147258,1784282094.1940222,0.666453658,"[dac] CH_A set to -1.274 V (code=28593)
"
684,100,2,-1.2740920477314557,-1.4046455239325544,-0.1305534762010987,1784282094.914977,1784282096.346206,1784282095.6305914,0.619532103,"[dac] CH_A set to -1.405 V (code=28165)
"
685,100,3,-1.4046455239325544,-1.535199000133653,-0.1305534762010987,1784282096.346472,1784282097.7835321,1784282097.065002,0.5685887,"[dac] CH_A set to -1.535 V (code=27737)
"
686,100,4,-1.535199000133653,-1.6657524763347518,-0.1305534762010987,1784282097.783763,1784282099.217878,1784282098.5008206,0.527029609,"[dac] CH_A set to -1.666 V (code=27309)
"
687,100,5,-1.6657524763347518,-1.7963059525358505,-0.1305534762010987,1784282099.218078,1784282100.664449,1784282099.9412634,0.438548962,"[dac] CH_A set to -1.796 V (code=26881)
"
688,100,6,-1.7963059525358505,-1.9268594287369492,-0.1305534762010987,1784282100.664635,1784282102.113374,1784282101.3890045,0.402352334,"[dac] CH_A set to -1.927 V (code=26454)
"
689,100,7,-1.9268594287369492,-2.057412904938048,-0.1305534762010987,1784282102.113664,1784282103.563993,1784282102.8388286,0.333980925,"[dac] CH_A set to -2.057 V (code=26026)
"
690,100,8,-2.057412904938048,-2.1879663811391463,-0.13055347620109847,1784282103.564192,1784282104.999143,1784282104.2816675,0.296443681,"[dac] CH_A set to -2.188 V (code=25598)
"
691,100,9,-2.1879663811391463,-2.3185198573402452,-0.13055347620109892,1784282104.9993658,1784282106.429672,1784282105.714519,0.222709809,"[dac] CH_A set to -2.319 V (code=25170)
"
692,100,10,-2.3185198573402452,-2.449073333541344,-0.13055347620109892,1784282106.429874,1784282107.855681,1784282107.1427774,0.203941187,"[dac] CH_A set to -2.449 V (code=24742)
"
693,100,11,-2.449073333541344,-2.5796268097424426,-0.13055347620109847,1784282107.855864,1784282109.287263,1784282108.5715635,0.16104148,"[dac] CH_A set to -2.580 V (code=24315)
"
694,100,12,-2.5796268097424426,-2.710180285943541,-0.13055347620109847,1784282109.287479,1784282110.7226958,1784282110.0050874,0.150316553,"[dac] CH_A set to -2.710 V (code=23887)
"
695,100,13,-2.710180285943541,-2.84073376214464,-0.13055347620109892,1784282110.7229362,1784282112.14708,1784282111.435008,0.0913294552,"[dac] CH_A set to -2.841 V (code=23459)
"
696,101,0,-2.710180285943541,-2.6449035478429916,0.06527673810054946,1784282122.415904,1784282123.863366,1784282123.139635,0.146294705,"[dac] CH_A set to -2.645 V (code=24101)
"
697,101,1,-2.6449035478429916,-2.579626809742442,0.06527673810054946,1784282123.8637109,1784282125.297492,1784282124.5806015,0.147635321,"[dac] CH_A set to -2.580 V (code=24315)
"
698,102,0,-2.710180285943541,-2.581958121817462,0.128222164126079,1784282135.553077,1784282136.982722,1784282136.2678995,0.155679016,"[dac] CH_A set to -2.582 V (code=24307)
"
699,102,1,-2.581958121817462,-2.453735957691383,0.128222164126079,1784282136.982943,1784282138.4226072,1784282137.702775,0.194556876,"[dac] CH_A set to -2.454 V (code=24727)
"
700,102,2,-2.453735957691383,-2.325513793565304,0.128222164126079,1784282138.4228191,1784282139.863271,1784282139.143045,0.226731657,"[dac] CH_A set to -2.326 V (code=25147)
"
701,102,3,-2.325513793565304,-2.1972916294392246,0.12822216412607945,1784282139.86352,1784282141.3164558,1784282140.5899878,0.28705937,"[dac] CH_A set to -2.197 V (code=25567)
"
702,102,4,-2.1972916294392246,-2.0690694653131456,0.128222164126079,1784282141.3166862,1784282142.767212,1784282142.041949,0.304487376,"[dac] CH_A set to -2.069 V (code=25988)
"
703,102,5,-2.0690694653131456,-1.9408473011870666,0.128222164126079,1784282142.767448,1784282144.1979892,1784282143.4827185,0.358112011,"[dac] CH_A set to -1.941 V (code=26408)
"
704,102,6,-1.9408473011870666,-1.8126251370609876,0.128222164126079,1784282144.1982121,1784282145.639331,1784282144.9187717,0.40369295,"[dac] CH_A set to -1.813 V (code=26828)
"
705,102,7,-1.8126251370609876,-1.6844029729349084,0.12822216412607923,1784282145.639571,1784282147.0920918,1784282146.3658314,0.4586582,"[dac] CH_A set to -1.684 V (code=27248)
"
706,102,8,-1.6844029729349084,-1.5561808088088294,0.128222164126079,1784282147.0922828,1784282148.532337,1784282147.8123097,0.514964066,"[dac] CH_A set to -1.556 V (code=27668)
"
707,102,9,-1.5561808088088294,-1.4279586446827501,0.12822216412607923,1784282148.532543,1784282149.971618,1784282149.2520804,0.567248084,"[dac] CH_A set to -1.428 V (code=28088)
"
708,102,10,-1.4279586446827501,-1.2997364805566711,0.128222164126079,1784282149.971819,1784282151.404819,1784282150.688319,0.624894566,"[dac] CH_A set to -1.300 V (code=28509)
"
709,102,11,-1.2997364805566711,-1.1715143164305921,0.128222164126079,1784282151.405042,1784282152.838441,1784282152.1217413,0.661091194,"[dac] CH_A set to -1.171 V (code=28929)
"
710,102,12,-1.1715143164305921,-1.0432921523045129,0.12822216412607923,1784282152.838645,1784282154.290011,1784282153.564328,0.693265975,"[dac] CH_A set to -1.043 V (code=29349)
"
711,102,13,-1.0432921523045129,-0.9150699881784339,0.128222164126079,1784282154.290211,1784282155.7415009,1784282155.0158558,0.769681079,"[dac] CH_A set to -0.915 V (code=29769)
"
712,102,14,-0.9150699881784339,-0.7868478240523546,0.12822216412607923,1784282155.7417479,1784282157.180972,1784282156.46136,0.839393103,"[dac] CH_A set to -0.787 V (code=30189)
"
713,102,15,-0.7868478240523546,-0.6586256599262756,0.128222164126079,1784282157.181163,1784282158.6056478,1784282157.8934054,0.902402048,"[dac] CH_A set to -0.659 V (code=30609)
"
714,102,16,-0.6586256599262756,-0.5304034958001966,0.128222164126079,1784282158.605883,1784282160.050696,1784282159.3282895,0.934576829,"[dac] CH_A set to -0.530 V (code=31030)
"
715,102,17,-0.5304034958001966,-0.4021813316741176,0.128222164126079,1784282160.0509288,1784282161.494168,1784282160.7725484,1.00965132,"[dac] CH_A set to -0.402 V (code=31450)
"
716,102,18,-0.4021813316741176,-0.2739591675480382,0.12822216412607945,1784282161.494375,1784282162.914916,1784282162.2046456,1.06059472,"[dac] CH_A set to -0.274 V (code=31870)
"
717,102,19,-0.2739591675480382,-0.14573700342195917,0.128222164126079,1784282162.915116,1784282164.330146,1784282163.622631,1.0592541,"[dac] CH_A set to -0.146 V (code=32290)
"
718,102,20,-0.14573700342195917,-0.017514839295880158,0.128222164126079,1784282164.3303528,1784282165.766165,1784282165.0482588,1.14237229,"[dac] CH_A set to -0.018 V (code=32710)
"
719,102,21,-0.017514839295880158,0.11070732483019885,0.128222164126079,1784282165.766402,1784282167.189564,1784282166.477983,1.20404062,"[dac] CH_A set to +0.111 V (code=33130)
"
720,102,22,0.11070732483019885,0.23892948895627786,0.128222164126079,1784282167.189758,1784282168.6257548,1784282167.9077563,1.23353417,"[dac] CH_A set to +0.239 V (code=33550)
"
721,102,23,0.23892948895627786,0.36715165308235687,0.128222164126079,1784282168.6259918,1784282170.0560808,1784282169.3410363,1.28447757,"[dac] CH_A set to +0.367 V (code=33971)
"
722,102,24,0.36715165308235687,0.4953738172084363,0.12822216412607945,1784282170.056285,1784282171.49492,1784282170.7756023,1.33944282,"[dac] CH_A set to +0.495 V (code=34391)
"
723,102,25,0.4953738172084363,0.6235959813345153,0.128222164126079,1784282171.495192,1784282172.9282072,1784282172.2116995,1.36223329,"[dac] CH_A set to +0.624 V (code=34811)
"
724,102,26,0.6235959813345153,0.7518181454605943,0.128222164126079,1784282172.928471,1784282174.3644228,1784282173.646447,1.38368314,"[dac] CH_A set to +0.752 V (code=35231)
"
725,102,27,0.7518181454605943,0.8800403095866733,0.128222164126079,1784282174.364657,1784282175.814372,1784282175.0895145,1.44401085,"[dac] CH_A set to +0.880 V (code=35651)
"
726,102,28,0.8800403095866733,1.0082624737127523,0.128222164126079,1784282175.8145761,1784282177.2542331,1784282176.5344048,1.44267024,"[dac] CH_A set to +1.008 V (code=36071)
"
727,102,29,1.0082624737127523,1.1364846378388318,0.12822216412607945,1784282177.2544498,1784282178.692014,1784282177.9732318,1.51238226,"[dac] CH_A set to +1.137 V (code=36492)
"
728,102,30,1.1364846378388318,1.2647068019649108,0.128222164126079,1784282178.692265,1784282180.131135,1784282179.4117,1.51506349,"[dac] CH_A set to +1.265 V (code=36912)
"
729,102,31,1.2647068019649108,1.3929289660909898,0.128222164126079,1784282180.131376,1784282181.571676,1784282180.851526,1.50567918,"[dac] CH_A set to +1.393 V (code=37332)
"
730,102,32,1.3929289660909898,1.5211511302170688,0.128222164126079,1784282181.571934,1784282183.019669,1784282182.2958016,1.51372288,"[dac] CH_A set to +1.521 V (code=37752)
"
731,102,33,1.5211511302170688,1.6493732943431478,0.128222164126079,1784282183.019947,1784282184.453354,1784282183.7366505,1.51372288,"[dac] CH_A set to +1.649 V (code=38172)
"
732,102,34,1.6493732943431478,1.7775954584692268,0.128222164126079,1784282184.453653,1784282185.883873,1784282185.1687632,1.51372288,"[dac] CH_A set to +1.778 V (code=38592)
"
733,102,35,1.7775954584692268,1.9058176225953058,0.128222164126079,1784282185.884108,1784282187.333327,1784282186.6087174,1.49361364,"[dac] CH_A set to +1.906 V (code=39012)
"
734,102,36,1.9058176225953058,2.034039786721385,0.128222164126079,1784282187.333555,1784282188.7716532,1784282188.0526042,1.50836042,"[dac] CH_A set to +2.034 V (code=39432)
"
735,102,37,2.034039786721385,2.1622619508474648,0.1282221641260799,1784282188.771887,1784282190.205009,1784282189.4884481,1.49763549,"[dac] CH_A set to +2.162 V (code=39853)
"
736,102,38,2.1622619508474648,2.2904841149735438,0.128222164126079,1784282190.205395,1784282191.64868,1784282190.9270375,1.47216379,"[dac] CH_A set to +2.290 V (code=40273)
"
737,102,39,2.2904841149735438,2.4187062790996228,0.128222164126079,1784282191.6489332,1784282193.080079,1784282192.3645062,1.40379238,"[dac] CH_A set to +2.419 V (code=40693)
"
738,102,40,2.4187062790996228,2.5469284432257018,0.128222164126079,1784282193.080272,1784282194.5228438,1784282193.801558,1.41585792,"[dac] CH_A set to +2.547 V (code=41113)
"
739,102,41,2.5469284432257018,2.675150607351781,0.128222164126079,1784282194.523056,1784282195.956532,1784282195.239794,1.39038622,"[dac] CH_A set to +2.675 V (code=41533)
"
740,102,42,2.675150607351781,2.80337277147786,0.128222164126079,1784282195.956768,1784282197.399467,1784282196.6781175,1.34346467,"[dac] CH_A set to +2.803 V (code=41954)
"
741,102,43,2.80337277147786,2.931594935603939,0.128222164126079,1784282197.399693,1784282198.824311,1784282198.112002,1.29788373,"[dac] CH_A set to +2.932 V (code=42374)
"
742,102,44,2.931594935603939,3.059817099730018,0.128222164126079,1784282198.8246112,1784282200.261665,1784282199.543138,1.30860865,"[dac] CH_A set to +3.060 V (code=42794)
"
743,102,45,3.059817099730018,3.188039263856097,0.128222164126079,1784282200.261894,1784282201.6925492,1784282200.9772215,1.20672185,"[dac] CH_A set to +3.188 V (code=43214)
"
744,102,46,3.188039263856097,3.316261427982176,0.128222164126079,1784282201.692756,1784282203.1395688,1784282202.4161625,1.18661261,"[dac] CH_A set to +3.316 V (code=43634)
"
745,102,47,3.316261427982176,3.444483592108255,0.128222164126079,1784282203.139849,1784282204.580149,1784282203.859999,1.11958182,"[dac] CH_A set to +3.444 V (code=44054)
"
746,102,48,3.444483592108255,3.5727057562343347,0.1282221641260799,1784282204.580346,1784282206.020416,1784282205.3003812,1.07400088,"[dac] CH_A set to +3.573 V (code=44474)
"
747,102,49,3.5727057562343347,3.7009279203604137,0.128222164126079,1784282206.020701,1784282207.4592261,1784282206.7399635,1.01903563,"[dac] CH_A set to +3.701 V (code=44894)
"
748,102,50,3.7009279203604137,3.8291500844864927,0.128222164126079,1784282207.4594939,1784282208.8978739,1784282208.1786838,0.974795305,"[dac] CH_A set to +3.829 V (code=45315)
"
749,102,51,3.8291500844864927,3.9573722486125718,0.128222164126079,1784282208.898155,1784282210.333295,1784282209.615725,0.911786359,"[dac] CH_A set to +3.957 V (code=45735)
"
750,102,52,3.9573722486125718,4.085594412738651,0.128222164126079,1784282210.333546,1784282211.7646132,1784282211.0490794,0.83403064,"[dac] CH_A set to +4.086 V (code=46155)
"
751,102,53,4.085594412738651,4.21381657686473,0.128222164126079,1784282211.7648482,1784282213.205268,1784282212.485058,0.803196475,"[dac] CH_A set to +4.214 V (code=46575)
"
752,102,54,4.21381657686473,4.342038740990809,0.128222164126079,1784282213.205483,1784282214.6330082,1784282213.9192457,0.737506298,"[dac] CH_A set to +4.342 V (code=46995)
"
753,102,55,4.342038740990809,4.470260905116888,0.128222164126079,1784282214.633298,1784282216.064631,1784282215.3489645,0.695947207,"[dac] CH_A set to +4.470 V (code=47416)
"
754,103,0,4.339707428915789,4.274430690815239,-0.06527673810054946,1784282226.317396,1784282227.751816,1784282227.034606,0.74018753,"[dac] CH_A set to +4.274 V (code=46774)
"
755,103,1,4.274430690815239,4.20915395271469,-0.06527673810054946,1784282227.752037,1784282229.187235,1784282228.469636,0.77236231,"[dac] CH_A set to +4.209 V (code=46560)
"
756,104,0,4.339707428915789,4.213989266648064,-0.1257181622677246,1784282239.4245682,1784282240.8517818,1784282240.138175,0.765659231,"[dac] CH_A set to +4.214 V (code=46576)
"
757,104,1,4.213989266648064,4.08827110438034,-0.1257181622677246,1784282240.851991,1784282242.286273,1784282241.5691319,0.792471548,"[dac] CH_A set to +4.088 V (code=46164)
"
758,104,2,4.08827110438034,3.9625529421126147,-0.12571816226772503,1784282242.286485,1784282243.7197802,1784282243.0031326,0.852799262,"[dac] CH_A set to +3.963 V (code=45752)
"
759,104,3,3.9625529421126147,3.83683477984489,-0.1257181622677246,1784282243.720011,1784282245.149591,1784282244.434801,0.917148823,"[dac] CH_A set to +3.837 V (code=45340)
"
760,104,4,3.83683477984489,3.7111166175771655,-0.1257181622677246,1784282245.149824,1784282246.593351,1784282245.8715873,0.986860847,"[dac] CH_A set to +3.711 V (code=44928)
"
761,104,5,3.7111166175771655,3.5853984553094405,-0.12571816226772503,1784282246.5937018,1784282248.028369,1784282247.3110354,1.02707932,"[dac] CH_A set to +3.585 V (code=44516)
"
762,104,6,3.5853984553094405,3.459680293041716,-0.1257181622677246,1784282248.028693,1784282249.478675,1784282248.753684,1.07131965,"[dac] CH_A set to +3.460 V (code=44104)
"
763,104,7,3.459680293041716,3.3339621307739913,-0.1257181622677246,1784282249.4789371,1784282250.913931,1784282250.196434,1.10617566,"[dac] CH_A set to +3.334 V (code=43692)
"
764,104,8,3.3339621307739913,3.2082439685062667,-0.1257181622677246,1784282250.914151,1784282252.3457909,1784282251.629971,1.17186584,"[dac] CH_A set to +3.208 V (code=43280)
"
765,104,9,3.2082439685062667,3.082525806238542,-0.1257181622677246,1784282252.346035,1784282253.782194,1784282253.0641146,1.19867815,"[dac] CH_A set to +3.082 V (code=42868)
"
766,104,10,3.082525806238542,2.956807643970817,-0.12571816226772503,1784282253.7824051,1784282255.2141252,1784282254.4982653,1.25096217,"[dac] CH_A set to +2.957 V (code=42456)
"
767,104,11,2.956807643970817,2.8310894817030925,-0.1257181622677246,1784282255.2143328,1784282256.645451,1784282255.929892,1.30458681,"[dac] CH_A set to +2.831 V (code=42044)
"
768,104,12,2.8310894817030925,2.705371319435368,-0.1257181622677246,1784282256.645646,1784282258.07618,1784282257.360913,1.31531173,"[dac] CH_A set to +2.705 V (code=41632)
"
769,104,13,2.705371319435368,2.579653157167643,-0.12571816226772503,1784282258.076419,1784282259.515211,1784282258.795815,1.36089267,"[dac] CH_A set to +2.580 V (code=41221)
"
770,104,14,2.579653157167643,2.4539349948999183,-0.1257181622677246,1784282259.515428,1784282260.9435241,1784282260.229476,1.38770499,"[dac] CH_A set to +2.454 V (code=40808)
"
771,104,15,2.4539349948999183,2.3282168326321937,-0.1257181622677246,1784282260.943742,1784282262.395637,1784282261.6696897,1.41451731,"[dac] CH_A set to +2.328 V (code=40396)
"
772,104,16,2.3282168326321937,2.202498670364469,-0.1257181622677246,1784282262.395908,1784282263.837662,1784282263.116785,1.4480327,"[dac] CH_A set to +2.203 V (code=39985)
"
773,104,17,2.202498670364469,2.0767805080967445,-0.1257181622677246,1784282263.837873,1784282265.2657201,1784282264.5517964,1.47618564,"[dac] CH_A set to +2.077 V (code=39573)
"
774,104,18,2.0767805080967445,1.9510623458290195,-0.12571816226772503,1784282265.265954,1784282266.712147,1784282265.9890504,1.4735044,"[dac] CH_A set to +1.951 V (code=39161)
"
775,104,19,1.9510623458290195,1.825344183561295,-0.1257181622677246,1784282266.712362,1784282268.137758,1784282267.42506,1.50165734,"[dac] CH_A set to +1.825 V (code=38749)
"
776,104,20,1.825344183561295,1.6996260212935703,-0.1257181622677246,1784282268.1379552,1784282269.569688,1784282268.8538218,1.48422933,"[dac] CH_A set to +1.700 V (code=38337)
"
777,104,21,1.6996260212935703,1.5739078590258453,-0.12571816226772503,1784282269.5699022,1784282271.00175,1784282270.2858262,1.50433857,"[dac] CH_A set to +1.574 V (code=37925)
"
778,104,22,1.5739078590258453,1.4481896967581207,-0.1257181622677246,1784282271.001997,1784282272.435819,1784282271.7189078,1.48422933,"[dac] CH_A set to +1.448 V (code=37513)
"
779,104,23,1.4481896967581207,1.3224715344903961,-0.1257181622677246,1784282272.436033,1784282273.876539,1784282273.156286,1.50836042,"[dac] CH_A set to +1.322 V (code=37101)
"
780,104,24,1.3224715344903961,1.1967533722226715,-0.1257181622677246,1784282273.8769789,1784282275.3181062,1784282274.5975425,1.49629487,"[dac] CH_A set to +1.197 V (code=36689)
"
781,104,25,1.1967533722226715,1.071035209954947,-0.1257181622677246,1784282275.3183749,1784282276.754239,1784282276.0363069,1.4815481,"[dac] CH_A set to +1.071 V (code=36277)
"
782,104,26,1.071035209954947,0.9453170476872224,-0.1257181622677246,1784282276.75443,1784282278.18873,1784282277.47158,1.45875763,"[dac] CH_A set to +0.945 V (code=35865)
"
783,105,0,1.0758705238883213,1.1411472619888707,0.06527673810054946,1784282288.415684,1784282289.860688,1784282289.138186,1.5070198,"[dac] CH_A set to +1.141 V (code=36507)
"
784,105,1,1.1411472619888707,1.2064240000894202,0.06527673810054946,1784282289.860906,1784282291.3015969,1784282290.5812514,1.48825118,"[dac] CH_A set to +1.206 V (code=36721)
"
785,106,0,1.0758705238883213,0.9779554167374971,-0.09791510715082419,1784282301.571121,1784282303.011708,1784282302.2914145,1.42390162,"[dac] CH_A set to +0.978 V (code=35972)
"
786,106,1,0.9779554167374971,0.8800403095866729,-0.09791510715082419,1784282303.011956,1784282304.454907,1784282303.7334313,1.47484502,"[dac] CH_A set to +0.880 V (code=35651)
"
787,106,2,0.8800403095866729,0.7821252024358487,-0.09791510715082419,1784282304.455114,1784282305.8964832,1784282305.1757984,1.41317669,"[dac] CH_A set to +0.782 V (code=35330)
"
788,106,3,0.7821252024358487,0.6842100952850245,-0.09791510715082419,1784282305.8967402,1784282307.337974,1784282306.6173573,1.3970893,"[dac] CH_A set to +0.684 V (code=35009)
"
789,107,0,0.5536566190839256,0.48837988098337615,-0.06527673810054946,1784282317.6142201,1784282319.0461318,1784282318.3301759,1.37966129,"[dac] CH_A set to +0.488 V (code=34368)
"
790,107,1,0.48837988098337615,0.4231031428828267,-0.06527673810054946,1784282319.046367,1784282320.490856,1784282319.7686114,1.35016774,"[dac] CH_A set to +0.423 V (code=34154)
"
