sequence_index,observation_sequence_index,bridge_step_index,from_bias,bias,delta_bias,t_start_unix,t_end_unix,t_mid_unix,dc_dmm,dac_response
0,0,0,0.0,-0.12965511293596924,-0.12965511293596924,1784278232.213212,1784278233.637728,1784278232.9254699,1.11153812,"[dac] CH_A set to -0.130 V (code=32343)
"
1,0,1,-0.12965511293596924,-0.25931022587193847,-0.12965511293596924,1784278233.638674,1784278235.087198,1784278234.362936,1.05121041,"[dac] CH_A set to -0.259 V (code=31918)
"
2,0,2,-0.25931022587193847,-0.38896533880790773,-0.12965511293596926,1784278235.087445,1784278236.516598,1784278235.8020215,1.05523226,"[dac] CH_A set to -0.389 V (code=31493)
"
3,0,3,-0.38896533880790773,-0.5186204517438769,-0.1296551129359692,1784278236.51681,1784278237.940396,1784278237.228603,0.941279908,"[dac] CH_A set to -0.519 V (code=31068)
"
4,0,4,-0.5186204517438769,-0.6482755646798462,-0.1296551129359692,1784278237.940618,1784278239.368191,1784278238.6544046,0.933236213,"[dac] CH_A set to -0.648 V (code=30643)
"
5,0,5,-0.6482755646798462,-0.7779306776158155,-0.12965511293596932,1784278239.368374,1784278240.8056488,1784278240.0870113,0.815262018,"[dac] CH_A set to -0.778 V (code=30219)
"
6,0,6,-0.7779306776158155,-0.9075857905517847,-0.1296551129359692,1784278240.805866,1784278242.2435598,1784278241.524713,0.808558939,"[dac] CH_A set to -0.908 V (code=29794)
"
7,0,7,-0.9075857905517847,-1.0372409034877539,-0.1296551129359692,1784278242.243806,1784278243.680715,1784278242.9622605,0.753593688,"[dac] CH_A set to -1.037 V (code=29369)
"
8,0,8,-1.0372409034877539,-1.1668960164237232,-0.12965511293596932,1784278243.6808891,1784278245.1231732,1784278244.4020312,0.64634442,"[dac] CH_A set to -1.167 V (code=28944)
"
9,0,9,-1.1668960164237232,-1.2965511293596923,-0.1296551129359691,1784278245.123347,1784278246.5740001,1784278245.8486736,0.655728731,"[dac] CH_A set to -1.297 V (code=28519)
"
10,0,10,-1.2965511293596923,-1.4262062422956616,-0.12965511293596932,1784278246.5742059,1784278248.018206,1784278247.296206,0.604785328,"[dac] CH_A set to -1.426 V (code=28094)
"
11,0,11,-1.4262062422956616,-1.555861355231631,-0.12965511293596932,1784278248.0183969,1784278249.454459,1784278248.7364278,0.49753606,"[dac] CH_A set to -1.556 V (code=27669)
"
12,0,12,-1.555861355231631,-1.6855164681676,-0.1296551129359691,1784278249.454659,1784278250.88733,1784278250.1709945,0.449273889,"[dac] CH_A set to -1.686 V (code=27245)
"
13,0,13,-1.6855164681676,-1.8151715811035694,-0.12965511293596932,1784278250.887567,1784278252.333757,1784278251.610662,0.401011718,"[dac] CH_A set to -1.815 V (code=26820)
"
14,0,14,-1.8151715811035694,-1.9448266940395385,-0.1296551129359691,1784278252.3339899,1784278253.766073,1784278253.0500314,0.376880633,"[dac] CH_A set to -1.945 V (code=26395)
"
15,0,15,-1.9448266940395385,-2.0744818069755078,-0.12965511293596932,1784278253.766264,1784278255.194607,1784278254.4804354,0.324596614,"[dac] CH_A set to -2.075 V (code=25970)
"
16,0,16,-2.0744818069755078,-2.204136919911477,-0.1296551129359691,1784278255.194788,1784278256.6131809,1784278255.9039845,0.266950132,"[dac] CH_A set to -2.204 V (code=25545)
"
17,0,17,-2.204136919911477,-2.3337920328474464,-0.12965511293596954,1784278256.613418,1784278258.050365,1784278257.3318915,0.262928285,"[dac] CH_A set to -2.334 V (code=25120)
"
18,0,18,-2.3337920328474464,-2.4634471457834155,-0.1296551129359691,1784278258.050598,1784278259.4743629,1784278258.7624803,0.195897492,"[dac] CH_A set to -2.463 V (code=24696)
"
19,0,19,-2.4634471457834155,-2.5931022587193846,-0.1296551129359691,1784278259.4746082,1784278260.90255,1784278260.188579,0.159700864,"[dac] CH_A set to -2.593 V (code=24271)
"
20,0,20,-2.5931022587193846,-2.722757371655354,-0.12965511293596954,1784278260.902761,1784278262.335316,1784278261.6190386,0.118141772,"[dac] CH_A set to -2.723 V (code=23846)
"
21,0,21,-2.722757371655354,-2.8524124845913232,-0.1296551129359691,1784278262.335527,1784278263.758646,1784278263.0470865,0.100713766,"[dac] CH_A set to -2.852 V (code=23421)
"
22,0,22,-2.8524124845913232,-2.9820675975272923,-0.1296551129359691,1784278263.758848,1784278265.182645,1784278264.4707465,0.0645171381,"[dac] CH_A set to -2.982 V (code=22996)
"
23,0,23,-2.9820675975272923,-3.111722710463262,-0.12965511293596954,1784278265.182959,1784278266.6157892,1784278265.899374,0.0604952905,"[dac] CH_A set to -3.112 V (code=22571)
"
24,0,24,-3.111722710463262,-3.241377823399231,-0.1296551129359691,1784278266.6159842,1784278268.0499158,1784278267.33295,0.0055303573,"[dac] CH_A set to -3.241 V (code=22146)
"
25,0,25,-3.241377823399231,-3.3710329363352,-0.1296551129359691,1784278268.050158,1784278269.498399,1784278268.7742786,0.0524515954,"[dac] CH_A set to -3.371 V (code=21722)
"
26,0,26,-3.3710329363352,-3.500688049271169,-0.1296551129359691,1784278269.4986382,1784278270.932985,1784278270.2158117,0.0537922112,"[dac] CH_A set to -3.501 V (code=21297)
"
27,0,27,-3.500688049271169,-3.6303431622071387,-0.12965511293596954,1784278270.9331908,1784278272.3673868,1784278271.6502888,-0.00921641712,"[dac] CH_A set to -3.630 V (code=20872)
"
28,0,28,-3.6303431622071387,-3.759998275143108,-0.1296551129359691,1784278272.367619,1784278273.792507,1784278273.0800629,-0.0159192223,"[dac] CH_A set to -3.760 V (code=20447)
"
29,0,29,-3.759998275143108,-3.889653388079077,-0.1296551129359691,1784278273.7927418,1784278275.229381,1784278274.5110614,-0.00117253927,"[dac] CH_A set to -3.890 V (code=20022)
"
30,0,30,-3.889653388079077,-4.019308501015046,-0.1296551129359691,1784278275.229629,1784278276.662723,1784278275.946176,0.0363642051,"[dac] CH_A set to -4.019 V (code=19597)
"
31,0,31,-4.019308501015046,-4.1489636139510155,-0.12965511293596954,1784278276.6629078,1784278278.094932,1784278277.37892,0.0524515954,"[dac] CH_A set to -4.149 V (code=19172)
"
32,0,32,-4.1489636139510155,-4.278618726886985,-0.12965511293596954,1784278278.0951512,1784278279.544986,1784278278.8200686,0.0484297478,"[dac] CH_A set to -4.279 V (code=18748)
"
33,0,33,-4.278618726886985,-4.408273839822954,-0.12965511293596865,1784278279.545347,1784278280.971841,1784278280.258594,0.0913294552,"[dac] CH_A set to -4.408 V (code=18323)
"
34,0,34,-4.408273839822954,-4.537928952758923,-0.12965511293596954,1784278280.9720478,1784278282.406487,1784278281.6892674,0.0926700711,"[dac] CH_A set to -4.538 V (code=17898)
"
35,1,0,-4.407375476557824,-4.342098738457275,0.06527673810054946,1784278292.595951,1784278294.024319,1784278293.310135,0.0926700711,"[dac] CH_A set to -4.342 V (code=18540)
"
36,1,1,-4.342098738457275,-4.276822000356725,0.06527673810054946,1784278294.024533,1784278295.46273,1784278294.7436314,0.0618359064,"[dac] CH_A set to -4.277 V (code=18753)
"
37,2,0,-4.407375476557824,-4.276822000356725,0.13055347620109892,1784278305.706303,1784278307.143234,1784278306.4247684,0.0591546747,"[dac] CH_A set to -4.277 V (code=18753)
"
38,2,1,-4.276822000356725,-4.1462685241556265,0.13055347620109892,1784278307.143453,1784278308.572721,1784278307.858087,0.0645171381,"[dac] CH_A set to -4.146 V (code=19181)
"
39,2,2,-4.1462685241556265,-4.0157150479545285,0.13055347620109803,1784278308.5729122,1784278310.006059,1784278309.2894855,0.0149147597,"[dac] CH_A set to -4.016 V (code=19609)
"
40,2,3,-4.0157150479545285,-3.8851615717534296,0.13055347620109892,1784278310.00628,1784278311.4561028,1784278310.7311914,0.0122331197,"[dac] CH_A set to -3.885 V (code=20037)
"
41,2,4,-3.8851615717534296,-3.7546080955523307,0.13055347620109892,1784278311.4563231,1784278312.899999,1784278312.1781611,-0.0159192709,"[dac] CH_A set to -3.755 V (code=20465)
"
42,2,5,-3.7546080955523307,-3.624054619351232,0.13055347620109847,1784278312.900222,1784278314.337617,1784278313.6189194,0.00955188798,"[dac] CH_A set to -3.624 V (code=20892)
"
43,2,6,-3.624054619351232,-3.4935011431501337,0.13055347620109847,1784278314.337833,1784278315.772783,1784278315.0553079,0.0229580465,"[dac] CH_A set to -3.493 V (code=21320)
"
44,2,7,-3.4935011431501337,-3.362947666949035,0.13055347620109892,1784278315.772993,1784278317.222822,1784278316.4979076,0.00418969577,"[dac] CH_A set to -3.363 V (code=21748)
"
45,2,8,-3.362947666949035,-3.232394190747936,0.13055347620109892,1784278317.223031,1784278318.67195,1784278317.9474907,0.00821127212,"[dac] CH_A set to -3.232 V (code=22176)
"
46,2,9,-3.232394190747936,-3.1018407145468374,0.13055347620109847,1784278318.6721349,1784278320.1211789,1784278319.396657,0.0229580465,"[dac] CH_A set to -3.102 V (code=22604)
"
47,2,10,-3.1018407145468374,-2.971287238345739,0.13055347620109847,1784278320.1213949,1784278321.5478442,1784278320.8346195,0.0859669918,"[dac] CH_A set to -2.971 V (code=23031)
"
48,2,11,-2.971287238345739,-2.84073376214464,0.13055347620109892,1784278321.54812,1784278322.986488,1784278322.267304,0.0940106869,"[dac] CH_A set to -2.841 V (code=23459)
"
49,2,12,-2.84073376214464,-2.710180285943541,0.13055347620109892,1784278322.9867148,1784278324.412566,1784278323.6996403,0.100713766,"[dac] CH_A set to -2.710 V (code=23887)
"
50,2,13,-2.710180285943541,-2.5796268097424426,0.13055347620109847,1784278324.412781,1784278325.839471,1784278325.126126,0.12216362,"[dac] CH_A set to -2.580 V (code=24315)
"
51,2,14,-2.5796268097424426,-2.449073333541344,0.13055347620109847,1784278325.83968,1784278327.26822,1784278326.5539498,0.152997785,"[dac] CH_A set to -2.449 V (code=24742)
"
52,2,15,-2.449073333541344,-2.3185198573402452,0.13055347620109892,1784278327.268437,1784278328.7022588,1784278327.9853477,0.214666114,"[dac] CH_A set to -2.319 V (code=25170)
"
53,2,16,-2.3185198573402452,-2.1879663811391463,0.13055347620109892,1784278328.7024739,1784278330.124813,1784278329.4136434,0.226731657,"[dac] CH_A set to -2.188 V (code=25598)
"
54,2,17,-2.1879663811391463,-2.057412904938048,0.13055347620109847,1784278330.125047,1784278331.547905,1784278330.8364758,0.274993828,"[dac] CH_A set to -2.057 V (code=26026)
"
55,2,18,-2.057412904938048,-1.9268594287369494,0.13055347620109847,1784278331.548137,1784278332.986531,1784278332.267334,0.296443681,"[dac] CH_A set to -1.927 V (code=26454)
"
56,2,19,-1.9268594287369494,-1.7963059525358505,0.13055347620109892,1784278332.986772,1784278334.4177668,1784278333.7022696,0.3487277,"[dac] CH_A set to -1.796 V (code=26881)
"
57,2,20,-1.7963059525358505,-1.6657524763347515,0.13055347620109892,1784278334.4179788,1784278335.861544,1784278335.1397614,0.441230194,"[dac] CH_A set to -1.666 V (code=27309)
"
58,2,21,-1.6657524763347515,-1.535199000133653,0.13055347620109847,1784278335.8617668,1784278337.299754,1784278336.5807605,0.482789285,"[dac] CH_A set to -1.535 V (code=27737)
"
59,2,22,-1.535199000133653,-1.4046455239325546,0.13055347620109847,1784278337.2999601,1784278338.7342982,1784278338.0171292,0.551160694,"[dac] CH_A set to -1.405 V (code=28165)
"
60,2,23,-1.4046455239325546,-1.2740920477314557,0.13055347620109892,1784278338.734517,1784278340.164932,1784278339.4497247,0.576632395,"[dac] CH_A set to -1.274 V (code=28593)
"
61,2,24,-1.2740920477314557,-1.1435385715303568,0.13055347620109892,1784278340.165205,1784278341.603071,1784278340.884138,0.634278877,"[dac] CH_A set to -1.143 V (code=29021)
"
62,2,25,-1.1435385715303568,-1.0129850953292583,0.13055347620109847,1784278341.603298,1784278343.044765,1784278342.3240314,0.720078292,"[dac] CH_A set to -1.013 V (code=29448)
"
63,2,26,-1.0129850953292583,-0.8824316191281598,0.13055347620109847,1784278343.045006,1784278344.488254,1784278343.7666302,0.730803219,"[dac] CH_A set to -0.882 V (code=29876)
"
64,2,27,-0.8824316191281598,-0.7518781429270609,0.13055347620109892,1784278344.488461,1784278345.942592,1784278345.2155266,0.820624481,"[dac] CH_A set to -0.752 V (code=30304)
"
65,2,28,-0.7518781429270609,-0.621324666725962,0.13055347620109892,1784278345.942819,1784278347.383562,1784278346.6631906,0.851458646,"[dac] CH_A set to -0.621 V (code=30732)
"
66,2,29,-0.621324666725962,-0.4907711905248635,0.13055347620109847,1784278347.383764,1784278348.8165288,1784278348.1001463,0.914467591,"[dac] CH_A set to -0.491 V (code=31159)
"
67,2,30,-0.4907711905248635,-0.36021771432376504,0.13055347620109847,1784278348.816725,1784278350.266421,1784278349.541573,0.965410994,"[dac] CH_A set to -0.360 V (code=31587)
"
68,2,31,-0.36021771432376504,-0.22966423812266612,0.13055347620109892,1784278350.266667,1784278351.697973,1784278350.9823198,1.0083107,"[dac] CH_A set to -0.230 V (code=32015)
"
69,2,32,-0.22966423812266612,-0.0991107619215672,0.13055347620109892,1784278351.698207,1784278353.153217,1784278352.425712,1.06327595,"[dac] CH_A set to -0.099 V (code=32443)
"
70,2,33,-0.0991107619215672,0.031442714279531714,0.13055347620109892,1784278353.153449,1784278354.5717099,1784278353.8625793,1.11555997,"[dac] CH_A set to +0.031 V (code=32870)
"
71,2,34,0.031442714279531714,0.16199619048062974,0.13055347620109803,1784278354.572054,1784278356.013346,1784278355.2926998,1.17856891,"[dac] CH_A set to +0.162 V (code=33298)
"
72,2,35,0.16199619048062974,0.29254966668172866,0.13055347620109892,1784278356.0135622,1784278357.4544058,1784278356.733984,1.22146862,"[dac] CH_A set to +0.292 V (code=33726)
"
73,2,36,0.29254966668172866,0.4231031428828276,0.13055347620109892,1784278357.454614,1784278358.892139,1784278358.1733766,1.27241202,"[dac] CH_A set to +0.423 V (code=34154)
"
74,2,37,0.4231031428828276,0.5536566190839256,0.13055347620109803,1784278358.892361,1784278360.333746,1784278359.6130533,1.30860865,"[dac] CH_A set to +0.554 V (code=34582)
"
75,2,38,0.5536566190839256,0.6842100952850245,0.13055347620109892,1784278360.333947,1784278361.780006,1784278361.0569763,1.34480528,"[dac] CH_A set to +0.684 V (code=35009)
"
76,2,39,0.6842100952850245,0.8147635714861234,0.13055347620109892,1784278361.780204,1784278363.2212842,1784278362.500744,1.38502376,"[dac] CH_A set to +0.815 V (code=35437)
"
77,2,40,0.8147635714861234,0.9453170476872224,0.13055347620109892,1784278363.221525,1784278364.6549,1784278363.9382124,1.40915484,"[dac] CH_A set to +0.945 V (code=35865)
"
78,2,41,0.9453170476872224,1.0758705238883213,0.13055347620109892,1784278364.655277,1784278366.098306,1784278365.3767915,1.41719854,"[dac] CH_A set to +1.076 V (code=36293)
"
79,2,42,1.0758705238883213,1.2064240000894193,0.13055347620109803,1784278366.0985081,1784278367.531549,1784278366.8150287,1.46412009,"[dac] CH_A set to +1.206 V (code=36721)
"
80,2,43,1.2064240000894193,1.3369774762905182,0.13055347620109892,1784278367.531761,1784278368.9736269,1784278368.252694,1.47484502,"[dac] CH_A set to +1.337 V (code=37149)
"
81,2,44,1.3369774762905182,1.4675309524916171,0.13055347620109892,1784278368.973866,1784278370.421356,1784278369.6976109,1.4735044,"[dac] CH_A set to +1.467 V (code=37576)
"
82,2,45,1.4675309524916171,1.5980844286927152,0.13055347620109803,1784278370.4215832,1784278371.858057,1784278371.13982,1.47752625,"[dac] CH_A set to +1.598 V (code=38004)
"
83,2,46,1.5980844286927152,1.728637904893814,0.13055347620109892,1784278371.8582761,1784278373.2950048,1784278372.5766406,1.51238226,"[dac] CH_A set to +1.729 V (code=38432)
"
84,2,47,1.728637904893814,1.859191381094913,0.13055347620109892,1784278373.295288,1784278374.729824,1784278374.012556,1.49629487,"[dac] CH_A set to +1.859 V (code=38860)
"
85,2,48,1.859191381094913,1.989744857296012,0.13055347620109892,1784278374.730098,1784278376.1700008,1784278375.4500494,1.49763549,"[dac] CH_A set to +1.990 V (code=39287)
"
86,2,49,1.989744857296012,2.120298333497111,0.13055347620109892,1784278376.170298,1784278377.607557,1784278376.8889275,1.48288871,"[dac] CH_A set to +2.120 V (code=39715)
"
87,2,50,2.120298333497111,2.250851809698209,0.13055347620109803,1784278377.607776,1784278379.047755,1784278378.3277655,1.46009824,"[dac] CH_A set to +2.251 V (code=40143)
"
88,2,51,2.250851809698209,2.3814052858993078,0.13055347620109892,1784278379.047956,1784278380.492668,1784278379.7703118,1.41585792,"[dac] CH_A set to +2.381 V (code=40571)
"
89,2,52,2.3814052858993078,2.5119587621004067,0.13055347620109892,1784278380.4928908,1784278381.917631,1784278381.2052608,1.39440807,"[dac] CH_A set to +2.512 V (code=40999)
"
90,2,53,2.5119587621004067,2.6425122383015047,0.13055347620109803,1784278381.9178612,1784278383.352337,1784278382.635099,1.40111115,"[dac] CH_A set to +2.642 V (code=41426)
"
91,2,54,2.6425122383015047,2.7730657145026036,0.13055347620109892,1784278383.352602,1784278384.789679,1784278384.0711405,1.35955206,"[dac] CH_A set to +2.773 V (code=41854)
"
92,2,55,2.7730657145026036,2.9036191907037026,0.13055347620109892,1784278384.789886,1784278386.233564,1784278385.511725,1.31933358,"[dac] CH_A set to +2.904 V (code=42282)
"
93,2,56,2.9036191907037026,3.0341726669048015,0.13055347620109892,1784278386.233752,1784278387.67177,1784278386.9527612,1.27777449,"[dac] CH_A set to +3.034 V (code=42710)
"
94,2,57,3.0341726669048015,3.1647261431059004,0.13055347620109892,1784278387.671991,1784278389.1221519,1784278388.3970714,1.22549047,"[dac] CH_A set to +3.165 V (code=43137)
"
95,2,58,3.1647261431059004,3.2952796193069984,0.13055347620109803,1784278389.1223629,1784278390.5547352,1784278389.8385491,1.17990953,"[dac] CH_A set to +3.295 V (code=43565)
"
96,2,59,3.2952796193069984,3.4258330955080973,0.13055347620109892,1784278390.554943,1784278391.9897149,1784278391.2723289,1.15980029,"[dac] CH_A set to +3.426 V (code=43993)
"
97,2,60,3.4258330955080973,3.5563865717091963,0.13055347620109892,1784278391.989921,1784278393.4383218,1784278392.7141213,1.13700982,"[dac] CH_A set to +3.556 V (code=44421)
"
98,2,61,3.5563865717091963,3.6869400479102943,0.13055347620109803,1784278393.438543,1784278394.8798568,1784278394.1592,1.0847258,"[dac] CH_A set to +3.687 V (code=44849)
"
99,2,62,3.6869400479102943,3.817493524111393,0.13055347620109892,1784278394.8800719,1784278396.3134668,1784278395.5967693,1.00026701,"[dac] CH_A set to +3.818 V (code=45276)
"
100,2,63,3.817493524111393,3.948047000312492,0.13055347620109892,1784278396.3136482,1784278397.740052,1784278397.0268502,0.918489439,"[dac] CH_A set to +3.948 V (code=45704)
"
101,2,64,3.948047000312492,4.078600476513591,0.13055347620109892,1784278397.740294,1784278399.192721,1784278398.4665074,0.901061433,"[dac] CH_A set to +4.079 V (code=46132)
"
102,2,65,4.078600476513591,4.20915395271469,0.13055347620109892,1784278399.192929,1784278400.621739,1784278399.9073339,0.839393103,"[dac] CH_A set to +4.209 V (code=46560)
"
103,2,66,4.20915395271469,4.339707428915789,0.13055347620109892,1784278400.6219468,1784278402.055201,1784278401.338574,0.752253073,"[dac] CH_A set to +4.340 V (code=46988)
"
104,2,67,4.339707428915789,4.470260905116888,0.13055347620109892,1784278402.055459,1784278403.488518,1784278402.7719884,0.703990902,"[dac] CH_A set to +4.470 V (code=47416)
"
105,2,68,4.470260905116888,4.600814381317985,0.13055347620109714,1784278403.488717,1784278404.932945,1784278404.2108312,0.663772426,"[dac] CH_A set to +4.601 V (code=47843)
"
106,2,69,4.600814381317985,4.731367857519084,0.13055347620109892,1784278404.9331682,1784278406.372271,1784278405.6527195,0.577973011,"[dac] CH_A set to +4.731 V (code=48271)
"
107,2,70,4.731367857519084,4.861921333720183,0.13055347620109892,1784278406.37257,1784278407.815091,1784278407.0938306,0.525688993,"[dac] CH_A set to +4.862 V (code=48699)
"
108,2,71,4.861921333720183,4.992474809921282,0.13055347620109892,1784278407.815278,1784278409.239727,1784278408.5275025,0.453295737,"[dac] CH_A set to +4.992 V (code=49127)
"
109,2,72,4.992474809921282,5.123028286122381,0.13055347620109892,1784278409.239969,1784278410.6897018,1784278409.9648354,0.418439724,"[dac] CH_A set to +5.123 V (code=49554)
"
110,2,73,5.123028286122381,5.2535817623234795,0.13055347620109892,1784278410.689905,1784278412.116844,1784278411.4033744,0.386264944,"[dac] CH_A set to +5.254 V (code=49982)
"
111,2,74,5.2535817623234795,5.384135238524578,0.13055347620109892,1784278412.117086,1784278413.5483809,1784278412.8327334,0.30984984,"[dac] CH_A set to +5.384 V (code=50410)
"
112,2,75,5.384135238524578,5.514688714725676,0.13055347620109714,1784278413.5486531,1784278414.977338,1784278414.2629957,0.27097198,"[dac] CH_A set to +5.515 V (code=50838)
"
113,2,76,5.514688714725676,5.6452421909267745,0.13055347620109892,1784278414.977522,1784278416.4220438,1784278415.6997828,0.21600673,"[dac] CH_A set to +5.645 V (code=51265)
"
114,2,77,5.6452421909267745,5.775795667127873,0.13055347620109892,1784278416.422383,1784278417.8730261,1784278417.1477046,0.179810102,"[dac] CH_A set to +5.776 V (code=51693)
"
115,2,78,5.775795667127873,5.906349143328972,0.13055347620109892,1784278417.873214,1784278419.324169,1784278418.5986915,0.179810102,"[dac] CH_A set to +5.906 V (code=52121)
"
116,2,79,5.906349143328972,6.036902619530071,0.13055347620109892,1784278419.324451,1784278420.764874,1784278420.0446625,0.126185468,"[dac] CH_A set to +6.037 V (code=52549)
"
117,2,80,6.036902619530071,6.16745609573117,0.13055347620109892,1784278420.765096,1784278422.192576,1784278421.478836,0.103394998,"[dac] CH_A set to +6.168 V (code=52977)
"
118,3,0,6.036902619530071,5.971625881429522,-0.06527673810054946,1784278432.4033012,1784278433.839653,1784278433.1214771,0.148975937,"[dac] CH_A set to +5.972 V (code=52335)
"
119,3,1,5.971625881429522,5.906349143328972,-0.06527673810054946,1784278433.839852,1784278435.273199,1784278434.5565257,0.135569778,"[dac] CH_A set to +5.906 V (code=52121)
"
120,4,0,6.036902619530071,5.906349143328972,-0.13055347620109892,1784278445.560058,1784278447.004528,1784278446.282293,0.12216362,"[dac] CH_A set to +5.906 V (code=52121)
"
121,4,1,5.906349143328972,5.775795667127873,-0.13055347620109892,1784278447.0047219,1784278448.429237,1784278447.7169795,0.132888547,"[dac] CH_A set to +5.776 V (code=51693)
"
122,4,2,5.775795667127873,5.645242190926775,-0.13055347620109803,1784278448.429523,1784278449.8776152,1784278449.1535692,0.205281803,"[dac] CH_A set to +5.645 V (code=51265)
"
123,4,3,5.645242190926775,5.5146887147256765,-0.13055347620109892,1784278449.877915,1784278451.301635,1784278450.589775,0.242819047,"[dac] CH_A set to +5.515 V (code=50838)
"
124,4,4,5.5146887147256765,5.3841352385245775,-0.13055347620109892,1784278451.3018281,1784278452.7280908,1784278452.0149593,0.277675059,"[dac] CH_A set to +5.384 V (code=50410)
"
125,4,5,5.3841352385245775,5.2535817623234795,-0.13055347620109803,1784278452.728302,1784278454.176623,1784278453.4524627,0.317893535,"[dac] CH_A set to +5.254 V (code=49982)
"
126,4,6,5.2535817623234795,5.123028286122381,-0.13055347620109892,1784278454.1768599,1784278455.612173,1784278454.8945165,0.372858785,"[dac] CH_A set to +5.123 V (code=49554)
"
127,4,7,5.123028286122381,4.992474809921282,-0.13055347620109892,1784278455.612371,1784278457.053588,1784278456.3329794,0.40369295,"[dac] CH_A set to +4.992 V (code=49127)
"
128,4,8,4.992474809921282,4.861921333720183,-0.13055347620109892,1784278457.053799,1784278458.494121,1784278457.77396,0.447933273,"[dac] CH_A set to +4.862 V (code=48699)
"
129,4,9,4.861921333720183,4.731367857519084,-0.13055347620109892,1784278458.494379,1784278459.936042,1784278459.2152104,0.521667145,"[dac] CH_A set to +4.731 V (code=48271)
"
130,4,10,4.731367857519084,4.600814381317986,-0.13055347620109803,1784278459.9362528,1784278461.361186,1784278460.6487193,0.573951164,"[dac] CH_A set to +4.601 V (code=47843)
"
131,4,11,4.600814381317986,4.470260905116887,-0.13055347620109892,1784278461.361398,1784278462.7959108,1784278462.0786543,0.612829023,"[dac] CH_A set to +4.470 V (code=47416)
"
132,4,12,4.470260905116887,4.339707428915788,-0.13055347620109892,1784278462.796085,1784278464.217961,1784278463.5070229,0.666453658,"[dac] CH_A set to +4.340 V (code=46988)
"
133,4,13,4.339707428915788,4.20915395271469,-0.13055347620109803,1784278464.218188,1784278465.655948,1784278464.937068,0.738846914,"[dac] CH_A set to +4.209 V (code=46560)
"
134,4,14,4.20915395271469,4.078600476513591,-0.13055347620109892,1784278465.6561458,1784278467.089977,1784278466.3730614,0.791130932,"[dac] CH_A set to +4.079 V (code=46132)
"
135,4,15,4.078600476513591,3.948047000312492,-0.13055347620109892,1784278467.0901911,1784278468.528339,1784278467.8092651,0.851458646,"[dac] CH_A set to +3.948 V (code=45704)
"
136,4,16,3.948047000312492,3.817493524111393,-0.13055347620109892,1784278468.528537,1784278469.975868,1784278469.2522025,0.949323603,"[dac] CH_A set to +3.818 V (code=45276)
"
137,4,17,3.817493524111393,3.6869400479102947,-0.13055347620109847,1784278469.976106,1784278471.4021819,1784278470.689144,0.984179616,"[dac] CH_A set to +3.687 V (code=44849)
"
138,4,18,3.6869400479102947,3.5563865717091963,-0.13055347620109847,1784278471.402482,1784278472.839515,1784278472.1209984,1.0337824,"[dac] CH_A set to +3.556 V (code=44421)
"
139,4,19,3.5563865717091963,3.4258330955080973,-0.13055347620109892,1784278472.8397272,1784278474.284671,1784278473.562199,1.08070396,"[dac] CH_A set to +3.426 V (code=43993)
"
140,4,20,3.4258330955080973,3.2952796193069984,-0.13055347620109892,1784278474.2849011,1784278475.72161,1784278475.0032556,1.11421935,"[dac] CH_A set to +3.295 V (code=43565)
"
141,4,21,3.2952796193069984,3.1647261431059,-0.13055347620109847,1784278475.721807,1784278477.157428,1784278476.4396176,1.13432859,"[dac] CH_A set to +3.165 V (code=43137)
"
142,4,22,3.1647261431059,3.0341726669048015,-0.13055347620109847,1784278477.157705,1784278478.6075552,1784278477.88263,1.18795323,"[dac] CH_A set to +3.034 V (code=42710)
"
143,4,23,3.0341726669048015,2.9036191907037026,-0.13055347620109892,1784278478.607768,1784278480.0453959,1784278479.326582,1.26704956,"[dac] CH_A set to +2.904 V (code=42282)
"
144,4,24,2.9036191907037026,2.7730657145026036,-0.13055347620109892,1784278480.045608,1784278481.486797,1784278480.7662024,1.30324619,"[dac] CH_A set to +2.773 V (code=41854)
"
145,4,25,2.7730657145026036,2.642512238301505,-0.13055347620109847,1784278481.487044,1784278482.924139,1784278482.2055917,1.33005851,"[dac] CH_A set to +2.642 V (code=41426)
"
146,4,26,2.642512238301505,2.5119587621004067,-0.13055347620109847,1784278482.924345,1784278484.370643,1784278483.6474938,1.36089267,"[dac] CH_A set to +2.512 V (code=40999)
"
147,4,27,2.5119587621004067,2.3814052858993078,-0.13055347620109892,1784278484.370888,1784278485.81554,1784278485.093214,1.41049546,"[dac] CH_A set to +2.381 V (code=40571)
"
148,4,28,2.3814052858993078,2.250851809698209,-0.13055347620109892,1784278485.815827,1784278487.248744,1784278486.5322855,1.43596716,"[dac] CH_A set to +2.251 V (code=40143)
"
149,4,29,2.250851809698209,2.1202983334971104,-0.13055347620109847,1784278487.24897,1784278488.696919,1784278487.9729445,1.45875763,"[dac] CH_A set to +2.120 V (code=39715)
"
150,4,30,2.1202983334971104,1.989744857296012,-0.13055347620109847,1784278488.697118,1784278490.14594,1784278489.421529,1.4735044,"[dac] CH_A set to +1.990 V (code=39287)
"
151,4,31,1.989744857296012,1.859191381094913,-0.13055347620109892,1784278490.146142,1784278491.582572,1784278490.864357,1.50433857,"[dac] CH_A set to +1.859 V (code=38860)
"
152,4,32,1.859191381094913,1.728637904893814,-0.13055347620109892,1784278491.582787,1784278493.0136771,1784278492.298232,1.46412009,"[dac] CH_A set to +1.729 V (code=38432)
"
153,4,33,1.728637904893814,1.5980844286927152,-0.13055347620109892,1784278493.013834,1784278494.4695911,1784278493.7417126,1.50031672,"[dac] CH_A set to +1.598 V (code=38004)
"
154,4,34,1.5980844286927152,1.4675309524916171,-0.13055347620109803,1784278494.469842,1784278495.891395,1784278495.1806185,1.49763549,"[dac] CH_A set to +1.467 V (code=37576)
"
155,4,35,1.4675309524916171,1.3369774762905182,-0.13055347620109892,1784278495.891597,1784278497.322061,1784278496.6068292,1.48288871,"[dac] CH_A set to +1.337 V (code=37149)
"
156,4,36,1.3369774762905182,1.2064240000894193,-0.13055347620109892,1784278497.322403,1784278498.755311,1784278498.038857,1.4815481,"[dac] CH_A set to +1.206 V (code=36721)
"
157,4,37,1.2064240000894193,1.0758705238883213,-0.13055347620109803,1784278498.755585,1784278500.191724,1784278499.4736545,1.46680132,"[dac] CH_A set to +1.076 V (code=36293)
"
158,4,38,1.0758705238883213,0.9453170476872224,-0.13055347620109892,1784278500.1919749,1784278501.641254,1784278500.9166145,1.42524223,"[dac] CH_A set to +0.945 V (code=35865)
"
159,4,39,0.9453170476872224,0.8147635714861234,-0.13055347620109892,1784278501.6415071,1784278503.090662,1784278502.3660846,1.43998901,"[dac] CH_A set to +0.815 V (code=35437)
"
160,4,40,0.8147635714861234,0.6842100952850245,-0.13055347620109892,1784278503.090963,1784278504.5291579,1784278503.8100605,1.41853915,"[dac] CH_A set to +0.684 V (code=35009)
"
161,4,41,0.6842100952850245,0.5536566190839256,-0.13055347620109892,1784278504.529452,1784278505.974584,1784278505.252018,1.40781423,"[dac] CH_A set to +0.554 V (code=34582)
"
162,4,42,0.5536566190839256,0.4231031428828276,-0.13055347620109803,1784278505.974795,1784278507.422306,1784278506.6985507,1.35687082,"[dac] CH_A set to +0.423 V (code=34154)
"
163,4,43,0.4231031428828276,0.29254966668172866,-0.13055347620109892,1784278507.422532,1784278508.862441,1784278508.1424866,1.29386188,"[dac] CH_A set to +0.292 V (code=33726)
"
164,4,44,0.29254966668172866,0.16199619048062974,-0.13055347620109892,1784278508.862632,1784278510.2857118,1784278509.574172,1.25632463,"[dac] CH_A set to +0.162 V (code=33298)
"
165,4,45,0.16199619048062974,0.031442714279531714,-0.13055347620109803,1784278510.285957,1784278511.7290611,1784278511.0075092,1.22146862,"[dac] CH_A set to +0.031 V (code=32870)
"
166,4,46,0.031442714279531714,-0.0991107619215672,-0.13055347620109892,1784278511.729271,1784278513.180466,1784278512.4548683,1.17320645,"[dac] CH_A set to -0.099 V (code=32443)
"
167,4,47,-0.0991107619215672,-0.22966423812266612,-0.13055347620109892,1784278513.180675,1784278514.6251378,1784278513.9029064,1.14237229,"[dac] CH_A set to -0.230 V (code=32015)
"
168,4,48,-0.22966423812266612,-0.36021771432376504,-0.13055347620109892,1784278514.625344,1784278516.0659661,1784278515.345655,1.0592541,"[dac] CH_A set to -0.360 V (code=31587)
"
169,4,49,-0.36021771432376504,-0.49077119052486395,-0.13055347620109892,1784278516.066187,1784278517.49578,1784278516.7809834,1.0418261,"[dac] CH_A set to -0.491 V (code=31159)
"
170,4,50,-0.49077119052486395,-0.621324666725962,-0.13055347620109803,1784278517.495975,1784278518.9440892,1784278518.2200322,0.945301756,"[dac] CH_A set to -0.621 V (code=30732)
"
171,4,51,-0.621324666725962,-0.7518781429270609,-0.13055347620109892,1784278518.944329,1784278520.378947,1784278519.661638,0.935917445,"[dac] CH_A set to -0.752 V (code=30304)
"
172,4,52,-0.7518781429270609,-0.8824316191281598,-0.13055347620109892,1784278520.379145,1784278521.830442,1784278521.1047935,0.860842957,"[dac] CH_A set to -0.882 V (code=29876)
"
173,4,53,-0.8824316191281598,-1.0129850953292578,-0.13055347620109803,1784278521.8306549,1784278523.245954,1784278522.5383043,0.797834012,"[dac] CH_A set to -1.013 V (code=29448)
"
174,4,54,-1.0129850953292578,-1.1435385715303568,-0.13055347620109892,1784278523.2462468,1784278524.683022,1784278523.9646344,0.71739706,"[dac] CH_A set to -1.143 V (code=29021)
"
175,4,55,-1.1435385715303568,-1.2740920477314557,-0.13055347620109892,1784278524.68328,1784278526.120538,1784278525.4019089,0.669134889,"[dac] CH_A set to -1.274 V (code=28593)
"
176,4,56,-1.2740920477314557,-1.4046455239325546,-0.13055347620109892,1784278526.120759,1784278527.570546,1784278526.8456526,0.624894566,"[dac] CH_A set to -1.405 V (code=28165)
"
177,4,57,-1.4046455239325546,-1.5351990001336535,-0.13055347620109892,1784278527.570764,1784278529.005823,1784278528.2882934,0.525688993,"[dac] CH_A set to -1.535 V (code=27737)
"
178,4,58,-1.5351990001336535,-1.6657524763347515,-0.13055347620109803,1784278529.006057,1784278530.439183,1784278529.72262,0.468042511,"[dac] CH_A set to -1.666 V (code=27309)
"
179,4,59,-1.6657524763347515,-1.7963059525358505,-0.13055347620109892,1784278530.439358,1784278531.879374,1784278531.1593661,0.480108054,"[dac] CH_A set to -1.796 V (code=26881)
"
180,4,60,-1.7963059525358505,-1.9268594287369494,-0.13055347620109892,1784278531.8796039,1784278533.3216372,1784278532.6006205,0.443911426,"[dac] CH_A set to -1.927 V (code=26454)
"
181,4,61,-1.9268594287369494,-2.0574129049380474,-0.13055347620109803,1784278533.3218539,1784278534.7608151,1784278534.0413346,0.324596614,"[dac] CH_A set to -2.057 V (code=26026)
"
182,4,62,-2.0574129049380474,-2.1879663811391468,-0.13055347620109936,1784278534.7610502,1784278536.215704,1784278535.488377,0.329959078,"[dac] CH_A set to -2.188 V (code=25598)
"
183,5,0,-2.057412904938048,-1.9921361668374984,0.06527673810054946,1784278546.487998,1784278547.922223,1784278547.2051105,0.363474474,"[dac] CH_A set to -1.992 V (code=26240)
"
184,5,1,-1.9921361668374984,-1.926859428736949,0.06527673810054946,1784278547.92242,1784278549.355564,1784278548.638992,0.399671102,"[dac] CH_A set to -1.927 V (code=26454)
"
185,6,0,-2.057412904938048,-1.9268594287369492,0.1305534762010987,1784278559.6368792,1784278561.0727959,1784278560.3548374,0.399671102,"[dac] CH_A set to -1.927 V (code=26454)
"
186,6,1,-1.9268594287369492,-1.7963059525358505,0.1305534762010987,1784278561.073026,1784278562.508971,1784278561.7909985,0.426483419,"[dac] CH_A set to -1.796 V (code=26881)
"
187,6,2,-1.7963059525358505,-1.665752476334752,0.13055347620109847,1784278562.509206,1784278563.9324312,1784278563.2208185,0.512282834,"[dac] CH_A set to -1.666 V (code=27309)
"
188,6,3,-1.665752476334752,-1.535199000133653,0.13055347620109892,1784278563.9326239,1784278565.365706,1784278564.649165,0.55250131,"[dac] CH_A set to -1.535 V (code=27737)
"
189,6,4,-1.535199000133653,-1.4046455239325546,0.13055347620109847,1784278565.3659341,1784278566.802135,1784278566.0840344,0.60746656,"[dac] CH_A set to -1.405 V (code=28165)
"
190,6,5,-1.4046455239325546,-1.274092047731456,0.1305534762010987,1784278566.802374,1784278568.247251,1784278567.5248125,0.655728731,"[dac] CH_A set to -1.274 V (code=28593)
"
191,6,6,-1.274092047731456,-1.1435385715303572,0.1305534762010987,1784278568.247464,1784278569.699459,1784278568.9734616,0.729462603,"[dac] CH_A set to -1.143 V (code=29021)
"
192,6,7,-1.1435385715303572,-1.0129850953292585,0.1305534762010987,1784278569.6996632,1784278571.127496,1784278570.4135795,0.745549993,"[dac] CH_A set to -1.013 V (code=29448)
"
193,6,8,-1.0129850953292585,-0.8824316191281598,0.1305534762010987,1784278571.127756,1784278572.5632262,1784278571.8454912,0.77236231,"[dac] CH_A set to -0.882 V (code=29876)
"
194,6,9,-0.8824316191281598,-0.7518781429270611,0.1305534762010987,1784278572.563442,1784278573.987701,1784278573.2755713,0.901061433,"[dac] CH_A set to -0.752 V (code=30304)
"
195,6,10,-0.7518781429270611,-0.6213246667259624,0.1305534762010987,1784278573.987985,1784278575.420915,1784278574.70445,0.915808207,"[dac] CH_A set to -0.621 V (code=30732)
"
196,6,11,-0.6213246667259624,-0.49077119052486395,0.13055347620109847,1784278575.421153,1784278576.8555741,1784278576.1383636,0.950664219,"[dac] CH_A set to -0.491 V (code=31159)
"
197,6,12,-0.49077119052486395,-0.36021771432376526,0.1305534762010987,1784278576.855834,1784278578.3045602,1784278577.580197,1.04584795,"[dac] CH_A set to -0.360 V (code=31587)
"
198,6,13,-0.36021771432376526,-0.22966423812266656,0.1305534762010987,1784278578.304836,1784278579.735938,1784278579.0203872,1.09545073,"[dac] CH_A set to -0.230 V (code=32015)
"
199,6,14,-0.22966423812266656,-0.09911076192156787,0.1305534762010987,1784278579.736157,1784278581.191941,1784278580.4640489,1.1262849,"[dac] CH_A set to -0.099 V (code=32443)
"
200,6,15,-0.09911076192156787,0.031442714279530826,0.1305534762010987,1784278581.1921642,1784278582.6307561,1784278581.9114602,1.18795323,"[dac] CH_A set to +0.031 V (code=32870)
"
201,6,16,0.031442714279530826,0.1619961904806293,0.13055347620109847,1784278582.630943,1784278584.062509,1784278583.346726,1.22146862,"[dac] CH_A set to +0.162 V (code=33298)
"
202,6,17,0.1619961904806293,0.2925496666817282,0.13055347620109892,1784278584.062644,1784278585.4995048,1784278584.7810745,1.25230279,"[dac] CH_A set to +0.292 V (code=33726)
"
203,6,18,0.2925496666817282,0.4231031428828267,0.13055347620109847,1784278585.499709,1784278586.920946,1784278586.2103274,1.34480528,"[dac] CH_A set to +0.423 V (code=34154)
"
204,6,19,0.4231031428828267,0.5536566190839256,0.13055347620109892,1784278586.92116,1784278588.355968,1784278587.638564,1.3716176,"[dac] CH_A set to +0.554 V (code=34582)
"
205,6,20,0.5536566190839256,0.6842100952850241,0.13055347620109847,1784278588.356224,1784278589.80425,1784278589.080237,1.42524223,"[dac] CH_A set to +0.684 V (code=35009)
"
206,6,21,0.6842100952850241,0.814763571486123,0.13055347620109892,1784278589.804493,1784278591.2428212,1784278590.523657,1.46948256,"[dac] CH_A set to +0.815 V (code=35437)
"
207,6,22,0.814763571486123,0.9453170476872215,0.13055347620109847,1784278591.243049,1784278592.677975,1784278591.960512,1.43998901,"[dac] CH_A set to +0.945 V (code=35865)
"
208,6,23,0.9453170476872215,1.07587052388832,0.13055347620109847,1784278592.678189,1784278594.123067,1784278593.400628,1.44535147,"[dac] CH_A set to +1.076 V (code=36293)
"
209,6,24,1.07587052388832,1.2064240000894189,0.13055347620109892,1784278594.1232698,1784278595.5552828,1784278594.8392763,1.46412009,"[dac] CH_A set to +1.206 V (code=36721)
"
210,6,25,1.2064240000894189,1.3369774762905173,0.13055347620109847,1784278595.5555048,1784278596.995085,1784278596.2752948,1.52042596,"[dac] CH_A set to +1.337 V (code=37149)
"
211,6,26,1.3369774762905173,1.4675309524916162,0.13055347620109892,1784278596.995292,1784278598.435404,1784278597.715348,1.55930382,"[dac] CH_A set to +1.467 V (code=37576)
"
212,6,27,1.4675309524916162,1.5980844286927147,0.13055347620109847,1784278598.43567,1784278599.879332,1784278599.157501,1.53517273,"[dac] CH_A set to +1.598 V (code=38004)
"
213,6,28,1.5980844286927147,1.7286379048938136,0.13055347620109892,1784278599.87953,1784278601.3126311,1784278600.5960805,1.50836042,"[dac] CH_A set to +1.729 V (code=38432)
"
214,6,29,1.7286379048938136,1.859191381094912,0.13055347620109847,1784278601.31283,1784278602.7608519,1784278602.036841,1.53115089,"[dac] CH_A set to +1.859 V (code=38860)
"
215,6,30,1.859191381094912,1.9897448572960106,0.13055347620109847,1784278602.761079,1784278604.204154,1784278603.4826164,1.50836042,"[dac] CH_A set to +1.990 V (code=39287)
"
216,6,31,1.9897448572960106,2.1202983334971095,0.13055347620109892,1784278604.20436,1784278605.652624,1784278604.928492,1.47484502,"[dac] CH_A set to +2.120 V (code=39715)
"
217,6,32,2.1202983334971095,2.2508518096982084,0.13055347620109892,1784278605.652874,1784278607.087616,1784278606.370245,1.4560764,"[dac] CH_A set to +2.251 V (code=40143)
"
218,6,33,2.2508518096982084,2.3814052858993064,0.13055347620109803,1784278607.0878139,1784278608.5219278,1784278607.8048708,1.46412009,"[dac] CH_A set to +2.381 V (code=40571)
"
219,6,34,2.3814052858993064,2.5119587621004054,0.13055347620109892,1784278608.52212,1784278609.9566479,1784278609.239384,1.38100191,"[dac] CH_A set to +2.512 V (code=40999)
"
220,6,35,2.5119587621004054,2.6425122383015043,0.13055347620109892,1784278609.9568782,1784278611.399403,1784278610.6781406,1.40647361,"[dac] CH_A set to +2.642 V (code=41426)
"
221,6,36,2.6425122383015043,2.773065714502603,0.13055347620109892,1784278611.399613,1784278612.8421838,1784278612.1208982,1.37027698,"[dac] CH_A set to +2.773 V (code=41854)
"
222,6,37,2.773065714502603,2.9036191907037012,0.13055347620109803,1784278612.842421,1784278614.279168,1784278613.5607944,1.33542097,"[dac] CH_A set to +2.904 V (code=42282)
"
223,6,38,2.9036191907037012,3.0341726669048,0.13055347620109892,1784278614.279375,1784278615.722412,1784278615.0008936,1.27509326,"[dac] CH_A set to +3.034 V (code=42710)
"
224,6,39,3.0341726669048,3.164726143105899,0.13055347620109892,1784278615.722599,1784278617.170136,1784278616.4463675,1.24828094,"[dac] CH_A set to +3.165 V (code=43137)
"
225,6,40,3.164726143105899,3.295279619306997,0.13055347620109803,1784278617.170379,1784278618.609066,1784278617.8897223,1.18125015,"[dac] CH_A set to +3.295 V (code=43565)
"
226,6,41,3.295279619306997,3.425833095508096,0.13055347620109892,1784278618.609279,1784278620.0475352,1784278619.328407,1.11287874,"[dac] CH_A set to +3.426 V (code=43993)
"
227,6,42,3.425833095508096,3.556386571709195,0.13055347620109892,1784278620.047701,1784278621.5027058,1784278620.7752032,1.09545073,"[dac] CH_A set to +3.556 V (code=44421)
"
228,6,43,3.556386571709195,3.686940047910294,0.13055347620109892,1784278621.5029252,1784278622.953123,1784278622.228024,1.02037624,"[dac] CH_A set to +3.687 V (code=44849)
"
229,6,44,3.686940047910294,3.817493524111393,0.13055347620109936,1784278622.953378,1784278624.390783,1784278623.6720805,0.96004853,"[dac] CH_A set to +3.818 V (code=45276)
"
230,7,0,3.6869400479102943,3.621663309809745,-0.06527673810054946,1784278634.6679502,1784278636.110539,1784278635.3892446,1.00160762,"[dac] CH_A set to +3.622 V (code=44635)
"
231,7,1,3.621663309809745,3.5563865717091954,-0.06527673810054946,1784278636.1107898,1784278637.549896,1784278636.8303428,1.05121041,"[dac] CH_A set to +3.556 V (code=44421)
"
232,8,0,3.6869400479102943,3.8174935241113928,0.13055347620109847,1784278647.79714,1784278649.239072,1784278648.518106,0.952004835,"[dac] CH_A set to +3.818 V (code=45276)
"
233,8,1,3.8174935241113928,3.9480470003124917,0.13055347620109892,1784278649.239289,1784278650.6689112,1784278649.9541001,0.879611579,"[dac] CH_A set to +3.948 V (code=45704)
"
234,8,2,3.9480470003124917,4.07860047651359,0.13055347620109847,1784278650.669112,1784278652.0942771,1784278651.3816946,0.854139878,"[dac] CH_A set to +4.079 V (code=46132)
"
235,8,3,4.07860047651359,4.209153952714689,0.13055347620109892,1784278652.094474,1784278653.529052,1784278652.811763,0.745549993,"[dac] CH_A set to +4.209 V (code=46560)
"
236,8,4,4.209153952714689,4.339707428915788,0.13055347620109892,1784278653.529261,1784278654.9529312,1784278654.241096,0.71739706,"[dac] CH_A set to +4.340 V (code=46988)
"
237,8,5,4.339707428915788,4.470260905116886,0.13055347620109803,1784278654.95315,1784278656.3899782,1784278655.671564,0.647685036,"[dac] CH_A set to +4.470 V (code=47416)
"
238,8,6,4.470260905116886,4.600814381317985,0.13055347620109892,1784278656.3901818,1784278657.824529,1784278657.1073554,0.606125944,"[dac] CH_A set to +4.601 V (code=47843)
"
239,8,7,4.600814381317985,4.731367857519084,0.13055347620109892,1784278657.8247502,1784278659.270764,1784278658.5477571,0.565907468,"[dac] CH_A set to +4.731 V (code=48271)
"
240,8,8,4.731367857519084,4.861921333720183,0.13055347620109892,1784278659.270972,1784278660.7126231,1784278659.9917974,0.49753606,"[dac] CH_A set to +4.862 V (code=48699)
"
241,8,9,4.861921333720183,4.992474809921281,0.13055347620109803,1784278660.712833,1784278662.154397,1784278661.433615,0.43586773,"[dac] CH_A set to +4.992 V (code=49127)
"
242,8,10,4.992474809921281,5.12302828612238,0.13055347620109892,1784278662.154616,1784278663.6069918,1784278662.880804,0.366155706,"[dac] CH_A set to +5.123 V (code=49554)
"
243,8,11,5.12302828612238,5.253581762323478,0.13055347620109803,1784278663.607281,1784278665.044754,1784278664.3260174,0.299124913,"[dac] CH_A set to +5.254 V (code=49982)
"
244,8,12,5.253581762323478,5.384135238524577,0.13055347620109892,1784278665.0449762,1784278666.479407,1784278665.7621918,0.27097198,"[dac] CH_A set to +5.384 V (code=50410)
"
245,8,13,5.384135238524577,5.514688714725676,0.13055347620109892,1784278666.479619,1784278667.921354,1784278667.2004867,0.230753504,"[dac] CH_A set to +5.515 V (code=50838)
"
246,8,14,5.514688714725676,5.6452421909267745,0.13055347620109892,1784278667.921551,1784278669.349673,1784278668.635612,0.222709809,"[dac] CH_A set to +5.645 V (code=51265)
"
247,9,0,5.775795667127873,5.841072405228423,0.06527673810054946,1784278679.621349,1784278681.073142,1784278680.3472457,0.139591626,"[dac] CH_A set to +5.841 V (code=51907)
"
248,9,1,5.841072405228423,5.906349143328972,0.06527673810054946,1784278681.073355,1784278682.5015612,1784278681.787458,0.119482388,"[dac] CH_A set to +5.906 V (code=52121)
"
249,10,0,5.775795667127873,5.6452421909267745,-0.13055347620109892,1784278692.7384179,1784278694.1898959,1784278693.4641569,0.190535029,"[dac] CH_A set to +5.645 V (code=51265)
"
250,10,1,5.6452421909267745,5.5146887147256765,-0.13055347620109803,1784278694.190114,1784278695.62632,1784278694.908217,0.218687962,"[dac] CH_A set to +5.515 V (code=50838)
"
251,10,2,5.5146887147256765,5.3841352385245775,-0.13055347620109892,1784278695.626554,1784278697.057545,1784278696.3420496,0.283037523,"[dac] CH_A set to +5.384 V (code=50410)
"
252,10,3,5.3841352385245775,5.253581762323479,-0.13055347620109892,1784278697.05779,1784278698.495063,1784278697.7764266,0.279015675,"[dac] CH_A set to +5.254 V (code=49982)
"
253,10,4,5.253581762323479,5.12302828612238,-0.13055347620109892,1784278698.4953458,1784278699.921175,1784278699.2082605,0.331299694,"[dac] CH_A set to +5.123 V (code=49554)
"
254,10,5,5.12302828612238,4.992474809921282,-0.13055347620109803,1784278699.921417,1784278701.3713799,1784278700.6463985,0.40369295,"[dac] CH_A set to +4.992 V (code=49127)
"
255,10,6,4.992474809921282,4.861921333720183,-0.13055347620109892,1784278701.371604,1784278702.811797,1784278702.0917006,0.446592657,"[dac] CH_A set to +4.862 V (code=48699)
"
256,10,7,4.861921333720183,4.731367857519084,-0.13055347620109892,1784278702.811987,1784278704.24094,1784278703.5264635,0.496195444,"[dac] CH_A set to +4.731 V (code=48271)
"
257,10,8,4.731367857519084,4.600814381317985,-0.13055347620109892,1784278704.2411468,1784278705.670103,1784278704.955625,0.565907468,"[dac] CH_A set to +4.601 V (code=47843)
"
258,10,9,4.600814381317985,4.470260905116887,-0.13055347620109803,1784278705.67033,1784278707.088875,1784278706.3796024,0.596741633,"[dac] CH_A set to +4.470 V (code=47416)
"
259,10,10,4.470260905116887,4.339707428915788,-0.13055347620109892,1784278707.089099,1784278708.5298262,1784278707.8094625,0.663772426,"[dac] CH_A set to +4.340 V (code=46988)
"
260,10,11,4.339707428915788,4.20915395271469,-0.13055347620109803,1784278708.530009,1784278709.964622,1784278709.2473154,0.710693981,"[dac] CH_A set to +4.209 V (code=46560)
"
261,10,12,4.20915395271469,4.078600476513591,-0.13055347620109892,1784278709.964855,1784278711.40659,1784278710.6857224,0.762977999,"[dac] CH_A set to +4.079 V (code=46132)
"
262,10,13,4.078600476513591,3.948047000312492,-0.13055347620109892,1784278711.406804,1784278712.83673,1784278712.121767,0.842074335,"[dac] CH_A set to +3.948 V (code=45704)
"
263,10,14,3.948047000312492,3.817493524111393,-0.13055347620109892,1784278712.836928,1784278714.27181,1784278713.554369,0.875589731,"[dac] CH_A set to +3.818 V (code=45276)
"
264,10,15,3.817493524111393,3.6869400479102947,-0.13055347620109847,1784278714.2720141,1784278715.7256682,1784278714.9988413,0.94396114,"[dac] CH_A set to +3.687 V (code=44849)
"
265,10,16,3.6869400479102947,3.5563865717091963,-0.13055347620109847,1784278715.725866,1784278717.174495,1784278716.4501805,0.985520232,"[dac] CH_A set to +3.556 V (code=44421)
"
266,10,17,3.5563865717091963,3.4258330955080973,-0.13055347620109892,1784278717.174716,1784278718.60479,1784278717.8897529,1.03512302,"[dac] CH_A set to +3.426 V (code=43993)
"
267,10,18,3.4258330955080973,3.295279619306999,-0.13055347620109847,1784278718.604983,1784278720.040886,1784278719.3229346,1.13566921,"[dac] CH_A set to +3.295 V (code=43565)
"
268,10,19,3.295279619306999,3.1647261431059,-0.13055347620109892,1784278720.0411038,1784278721.481353,1784278720.7612286,1.15711906,"[dac] CH_A set to +3.165 V (code=43137)
"
269,10,20,3.1647261431059,3.0341726669048015,-0.13055347620109847,1784278721.481581,1784278722.921878,1784278722.2017295,1.19465631,"[dac] CH_A set to +3.034 V (code=42710)
"
270,10,21,3.0341726669048015,2.9036191907037026,-0.13055347620109892,1784278722.922098,1784278724.36537,1784278723.643734,1.21878739,"[dac] CH_A set to +2.904 V (code=42282)
"
271,10,22,2.9036191907037026,2.773065714502604,-0.13055347620109847,1784278724.365563,1784278725.813181,1784278725.089372,1.27107141,"[dac] CH_A set to +2.773 V (code=41854)
"
272,10,23,2.773065714502604,2.6425122383015056,-0.13055347620109847,1784278725.813472,1784278727.25656,1784278726.535016,1.37563945,"[dac] CH_A set to +2.642 V (code=41426)
"
273,10,24,2.6425122383015056,2.5119587621004067,-0.13055347620109892,1784278727.2568,1784278728.6878688,1784278727.9723344,1.37295821,"[dac] CH_A set to +2.512 V (code=40999)
"
274,10,25,2.5119587621004067,2.381405285899308,-0.13055347620109847,1784278728.688085,1784278730.138436,1784278729.4132605,1.38100191,"[dac] CH_A set to +2.381 V (code=40571)
"
275,10,26,2.381405285899308,2.2508518096982093,-0.13055347620109892,1784278730.138748,1784278731.570994,1784278730.8548708,1.45473578,"[dac] CH_A set to +2.251 V (code=40143)
"
276,10,27,2.2508518096982093,2.120298333497111,-0.13055347620109847,1784278731.5711832,1784278733.00352,1784278732.2873516,1.46814194,"[dac] CH_A set to +2.120 V (code=39715)
"
277,10,28,2.120298333497111,1.989744857296012,-0.13055347620109892,1784278733.003726,1784278734.444818,1784278733.724272,1.49093241,"[dac] CH_A set to +1.990 V (code=39287)
"
278,10,29,1.989744857296012,1.8591913810949134,-0.13055347620109847,1784278734.445081,1784278735.870356,1784278735.1577187,1.47082317,"[dac] CH_A set to +1.859 V (code=38860)
"
279,10,30,1.8591913810949134,1.728637904893815,-0.13055347620109847,1784278735.8705559,1784278737.3101451,1784278736.5903506,1.50433857,"[dac] CH_A set to +1.729 V (code=38432)
"
280,10,31,1.728637904893815,1.598084428692716,-0.13055347620109892,1784278737.310404,1784278738.74749,1784278738.0289469,1.48691056,"[dac] CH_A set to +1.598 V (code=38004)
"
281,10,32,1.598084428692716,1.4675309524916171,-0.13055347620109892,1784278738.7477188,1784278740.180249,1784278739.463984,1.53785396,"[dac] CH_A set to +1.467 V (code=37576)
"
282,10,33,1.4675309524916171,1.336977476290519,-0.13055347620109803,1784278740.1804512,1784278741.631657,1784278740.906054,1.50970103,"[dac] CH_A set to +1.337 V (code=37149)
"
283,10,34,1.336977476290519,1.2064240000894202,-0.13055347620109892,1784278741.631861,1784278743.06999,1784278742.3509254,1.48020748,"[dac] CH_A set to +1.206 V (code=36721)
"
284,10,35,1.2064240000894202,1.0758705238883213,-0.13055347620109892,1784278743.070177,1784278744.503674,1784278743.7869256,1.5070198,"[dac] CH_A set to +1.076 V (code=36293)
"
285,10,36,1.0758705238883213,0.9453170476872224,-0.13055347620109892,1784278744.503896,1784278745.9371,1784278745.220498,1.4815481,"[dac] CH_A set to +0.945 V (code=35865)
"
286,10,37,0.9453170476872224,0.8147635714861243,-0.13055347620109803,1784278745.937309,1784278747.356094,1784278746.6467013,1.43998901,"[dac] CH_A set to +0.815 V (code=35437)
"
287,10,38,0.8147635714861243,0.6842100952850254,-0.13055347620109892,1784278747.3563552,1784278748.7981708,1784278748.0772629,1.39172684,"[dac] CH_A set to +0.684 V (code=35009)
"
288,10,39,0.6842100952850254,0.5536566190839265,-0.13055347620109892,1784278748.7983842,1784278750.226191,1784278749.5122876,1.42390162,"[dac] CH_A set to +0.554 V (code=34582)
"
289,10,40,0.5536566190839265,0.42310314288282846,-0.13055347620109803,1784278750.226413,1784278751.651618,1784278750.9390154,1.36491452,"[dac] CH_A set to +0.423 V (code=34154)
"
290,10,41,0.42310314288282846,0.29254966668172955,-0.13055347620109892,1784278751.651842,1784278753.086818,1784278752.36933,1.3381022,"[dac] CH_A set to +0.292 V (code=33726)
"
291,10,42,0.29254966668172955,0.16199619048063063,-0.13055347620109892,1784278753.087086,1784278754.526828,1784278753.806957,1.28984003,"[dac] CH_A set to +0.162 V (code=33298)
"
292,10,43,0.16199619048063063,0.031442714279531714,-0.13055347620109892,1784278754.527054,1784278755.978555,1784278755.2528045,1.27643387,"[dac] CH_A set to +0.031 V (code=32870)
"
293,10,44,0.031442714279531714,-0.09911076192156631,-0.13055347620109803,1784278755.978745,1784278757.404893,1784278756.691819,1.20001877,"[dac] CH_A set to -0.099 V (code=32443)
"
294,10,45,-0.09911076192156631,-0.22966423812266523,-0.13055347620109892,1784278757.40508,1784278758.8559449,1784278758.1305125,1.1772283,"[dac] CH_A set to -0.230 V (code=32015)
"
295,10,46,-0.22966423812266523,-0.36021771432376415,-0.13055347620109892,1784278758.856155,1784278760.2996008,1784278759.577878,1.11019751,"[dac] CH_A set to -0.360 V (code=31587)
"
296,10,47,-0.36021771432376415,-0.4907711905248622,-0.13055347620109803,1784278760.299825,1784278761.7299252,1784278761.014875,1.04718856,"[dac] CH_A set to -0.491 V (code=31159)
"
297,10,48,-0.4907711905248622,-0.6213246667259611,-0.13055347620109892,1784278761.7301729,1784278763.171597,1784278762.4508848,0.982839,"[dac] CH_A set to -0.621 V (code=30732)
"
298,10,49,-0.6213246667259611,-0.75187814292706,-0.13055347620109892,1784278763.171828,1784278764.623957,1784278763.8978925,0.92787375,"[dac] CH_A set to -0.752 V (code=30304)
"
299,10,50,-0.75187814292706,-0.8824316191281589,-0.13055347620109892,1784278764.624187,1784278766.059468,1784278765.3418274,0.870227268,"[dac] CH_A set to -0.882 V (code=29876)
"
300,10,51,-0.8824316191281589,-1.012985095329257,-0.13055347620109803,1784278766.059684,1784278767.484138,1784278766.7719111,0.81124017,"[dac] CH_A set to -1.013 V (code=29448)
"
301,10,52,-1.012985095329257,-1.1435385715303559,-0.13055347620109892,1784278767.484312,1784278768.918078,1784278768.201195,0.75627492,"[dac] CH_A set to -1.143 V (code=29021)
"
302,10,53,-1.1435385715303559,-1.2740920477314548,-0.13055347620109892,1784278768.918335,1784278770.340671,1784278769.629503,0.70130967,"[dac] CH_A set to -1.274 V (code=28593)
"
303,10,54,-1.2740920477314548,-1.4046455239325537,-0.13055347620109892,1784278770.340891,1784278771.77499,1784278771.0579405,0.638300725,"[dac] CH_A set to -1.405 V (code=28165)
"
304,10,55,-1.4046455239325537,-1.5351990001336517,-0.13055347620109803,1784278771.7752278,1784278773.205338,1784278772.490283,0.583335475,"[dac] CH_A set to -1.535 V (code=27737)
"
305,10,56,-1.5351990001336517,-1.6657524763347507,-0.13055347620109892,1784278773.205545,1784278774.646932,1784278773.9262385,0.556523157,"[dac] CH_A set to -1.666 V (code=27309)
"
306,10,57,-1.6657524763347507,-1.7963059525358496,-0.13055347620109892,1784278774.6471522,1784278776.080917,1784278775.3640347,0.478767438,"[dac] CH_A set to -1.796 V (code=26881)
"
307,10,58,-1.7963059525358496,-1.9268594287369476,-0.13055347620109803,1784278776.0811598,1784278777.5281348,1784278776.8046474,0.399671102,"[dac] CH_A set to -1.927 V (code=26454)
"
308,10,59,-1.9268594287369476,-2.0574129049380465,-0.13055347620109892,1784278777.528343,1784278778.965048,1784278778.2466955,0.374199401,"[dac] CH_A set to -2.057 V (code=26026)
"
309,10,60,-2.0574129049380465,-2.1879663811391454,-0.13055347620109892,1784278778.965253,1784278780.411999,1784278779.688626,0.331299694,"[dac] CH_A set to -2.188 V (code=25598)
"
310,10,61,-2.1879663811391454,-2.3185198573402435,-0.13055347620109803,1784278780.412202,1784278781.834529,1784278781.1233654,0.274993828,"[dac] CH_A set to -2.319 V (code=25170)
"
311,10,62,-2.3185198573402435,-2.4490733335413424,-0.13055347620109892,1784278781.834761,1784278783.2705832,1784278782.552672,0.252203358,"[dac] CH_A set to -2.449 V (code=24742)
"
312,10,63,-2.4490733335413424,-2.5796268097424413,-0.13055347620109892,1784278783.270796,1784278784.711929,1784278783.9913626,0.202600571,"[dac] CH_A set to -2.580 V (code=24315)
"
313,10,64,-2.5796268097424413,-2.71018028594354,-0.13055347620109892,1784278784.712199,1784278786.146893,1784278785.4295459,0.132888547,"[dac] CH_A set to -2.710 V (code=23887)
"
314,10,65,-2.71018028594354,-2.840733762144639,-0.13055347620109892,1784278786.147087,1784278787.592065,1784278786.869576,0.120823004,"[dac] CH_A set to -2.841 V (code=23459)
"
315,10,66,-2.840733762144639,-2.971287238345738,-0.13055347620109892,1784278787.5922759,1784278789.036661,1784278788.3144684,0.0685389857,"[dac] CH_A set to -2.971 V (code=23031)
"
316,10,67,-2.971287238345738,-3.101840714546835,-0.13055347620109714,1784278789.036872,1784278790.4720142,1784278789.7544432,0.0846263759,"[dac] CH_A set to -3.102 V (code=22604)
"
317,10,68,-3.101840714546835,-3.232394190747934,-0.13055347620109892,1784278790.472234,1784278791.912106,1784278791.1921701,0.0524515954,"[dac] CH_A set to -3.232 V (code=22176)
"
318,10,69,-3.232394190747934,-3.362947666949033,-0.13055347620109892,1784278791.912315,1784278793.330728,1784278792.6215215,0.00687065626,"[dac] CH_A set to -3.363 V (code=21748)
"
319,10,70,-3.362947666949033,-3.493501143150132,-0.13055347620109892,1784278793.330931,1784278794.7518249,1784278794.041378,0.0457485161,"[dac] CH_A set to -3.493 V (code=21320)
"
320,10,71,-3.493501143150132,-3.624054619351231,-0.13055347620109892,1784278794.752054,1784278796.179998,1784278795.4660258,-0.0373683937,"[dac] CH_A set to -3.624 V (code=20892)
"
321,10,72,-3.624054619351231,-3.7546080955523298,-0.13055347620109892,1784278796.1802292,1784278797.629314,1784278796.9047716,-0.00251347487,"[dac] CH_A set to -3.755 V (code=20465)
"
322,10,73,-3.7546080955523298,-3.8851615717534287,-0.13055347620109892,1784278797.62955,1784278799.0635579,1784278798.3465538,0.00687065626,"[dac] CH_A set to -3.885 V (code=20037)
"
323,10,74,-3.8851615717534287,-4.015715047954528,-0.13055347620109892,1784278799.063769,1784278800.507349,1784278799.7855592,0.000167576982,"[dac] CH_A set to -4.016 V (code=19609)
"
324,11,0,-4.1462685241556265,-4.211545262256176,-0.06527673810054946,1784278810.774703,1784278812.220261,1784278811.497482,0.0216174307,"[dac] CH_A set to -4.212 V (code=18967)
"
325,11,1,-4.211545262256176,-4.276822000356725,-0.06527673810054946,1784278812.2204878,1784278813.65182,1784278812.936154,0.0524515954,"[dac] CH_A set to -4.277 V (code=18753)
"
326,12,0,-4.1462685241556265,-4.015715047954528,0.13055347620109892,1784278823.904746,1784278825.355902,1784278824.630324,0.0310017417,"[dac] CH_A set to -4.016 V (code=19609)
"
327,12,1,-4.015715047954528,-3.885161571753429,0.13055347620109847,1784278825.3561049,1784278826.78671,1784278826.0714073,0.0149143514,"[dac] CH_A set to -3.885 V (code=20037)
"
328,12,2,-3.885161571753429,-3.7546080955523307,0.13055347620109847,1784278826.786944,1784278828.219172,1784278827.503058,0.0122332082,"[dac] CH_A set to -3.755 V (code=20465)
"
329,12,3,-3.7546080955523307,-3.6240546193512317,0.13055347620109892,1784278828.21938,1784278829.6515079,1784278828.9354439,-0.0118975118,"[dac] CH_A set to -3.624 V (code=20892)
"
330,12,4,-3.6240546193512317,-3.493501143150133,0.13055347620109892,1784278829.651743,1784278831.075542,1784278830.3636425,0.0336829734,"[dac] CH_A set to -3.493 V (code=21320)
"
331,12,5,-3.493501143150133,-3.3629476669490344,0.13055347620109847,1784278831.075813,1784278832.4950678,1784278831.7854404,-0.00385413926,"[dac] CH_A set to -3.363 V (code=21748)
"
332,12,6,-3.3629476669490344,-3.232394190747936,0.13055347620109847,1784278832.495284,1784278833.92007,1784278833.207677,0.0323423575,"[dac] CH_A set to -3.232 V (code=22176)
"
333,12,7,-3.232394190747936,-3.101840714546837,0.13055347620109892,1784278833.920267,1784278835.3522618,1784278834.6362643,0.0511109795,"[dac] CH_A set to -3.102 V (code=22604)
"
334,12,8,-3.101840714546837,-2.971287238345738,0.13055347620109892,1784278835.3525069,1784278836.7953,1784278836.0739036,0.0819451442,"[dac] CH_A set to -2.971 V (code=23031)
"
335,12,9,-2.971287238345738,-2.8407337621446396,0.13055347620109847,1784278836.795587,1784278838.2387252,1784278837.5171561,0.0940106869,"[dac] CH_A set to -2.841 V (code=23459)
"
336,12,10,-2.8407337621446396,-2.710180285943541,0.13055347620109847,1784278838.238955,1784278839.67892,1784278838.9589376,0.115460541,"[dac] CH_A set to -2.710 V (code=23887)
"
337,12,11,-2.710180285943541,-2.579626809742442,0.13055347620109892,1784278839.6790988,1784278841.111011,1784278840.3950548,0.152997785,"[dac] CH_A set to -2.580 V (code=24315)
"
338,12,12,-2.579626809742442,-2.4490733335413433,0.13055347620109892,1784278841.111229,1784278842.5505762,1784278841.8309026,0.189194413,"[dac] CH_A set to -2.449 V (code=24742)
"
339,12,13,-2.4490733335413433,-2.318519857340245,0.13055347620109847,1784278842.5508459,1784278843.995722,1784278843.273284,0.203941187,"[dac] CH_A set to -2.319 V (code=25170)
"
340,12,14,-2.318519857340245,-2.1879663811391463,0.13055347620109847,1784278843.995944,1784278845.428705,1784278844.7123246,0.277675059,"[dac] CH_A set to -2.188 V (code=25598)
"
341,12,15,-2.1879663811391463,-2.0574129049380474,0.13055347620109892,1784278845.4289129,1784278846.8648078,1784278846.1468604,0.316552919,"[dac] CH_A set to -2.057 V (code=26026)
"
342,12,16,-2.0574129049380474,-1.9268594287369485,0.13055347620109892,1784278846.864991,1784278848.3072991,1784278847.586145,0.370177553,"[dac] CH_A set to -1.927 V (code=26454)
"
343,12,17,-1.9268594287369485,-1.79630595253585,0.13055347620109847,1784278848.3075469,1784278849.735991,1784278849.021769,0.406374182,"[dac] CH_A set to -1.796 V (code=26881)
"
344,12,18,-1.79630595253585,-1.6657524763347515,0.13055347620109847,1784278849.7361941,1784278851.167373,1784278850.4517837,0.437208346,"[dac] CH_A set to -1.666 V (code=27309)
"
345,12,19,-1.6657524763347515,-1.5351990001336526,0.13055347620109892,1784278851.167616,1784278852.595854,1784278851.8817348,0.523007761,"[dac] CH_A set to -1.535 V (code=27737)
"
346,12,20,-1.5351990001336526,-1.4046455239325537,0.13055347620109892,1784278852.5961118,1784278854.029835,1784278853.3129735,0.544457615,"[dac] CH_A set to -1.405 V (code=28165)
"
347,12,21,-1.4046455239325537,-1.2740920477314552,0.13055347620109847,1784278854.030049,1784278855.4621131,1784278854.746081,0.64634442,"[dac] CH_A set to -1.274 V (code=28593)
"
348,12,22,-1.2740920477314552,-1.1435385715303568,0.13055347620109847,1784278855.462313,1784278856.9068742,1784278856.1845937,0.703990902,"[dac] CH_A set to -1.143 V (code=29021)
"
349,12,23,-1.1435385715303568,-1.0129850953292578,0.13055347620109892,1784278856.9070961,1784278858.34428,1784278857.625688,0.748231225,"[dac] CH_A set to -1.013 V (code=29448)
"
350,12,24,-1.0129850953292578,-0.8824316191281589,0.13055347620109892,1784278858.34448,1784278859.784745,1784278859.0646124,0.815262018,"[dac] CH_A set to -0.882 V (code=29876)
"
351,12,25,-0.8824316191281589,-0.7518781429270605,0.13055347620109847,1784278859.784953,1784278861.202982,1784278860.4939675,0.82732756,"[dac] CH_A set to -0.752 V (code=30304)
"
352,12,26,-0.7518781429270605,-0.621324666725962,0.13055347620109847,1784278861.2031949,1784278862.628852,1784278861.9160233,0.914467591,"[dac] CH_A set to -0.621 V (code=30732)
"
353,12,27,-0.621324666725962,-0.49077119052486307,0.13055347620109892,1784278862.629078,1784278864.057854,1784278863.3434658,0.935917445,"[dac] CH_A set to -0.491 V (code=31159)
"
354,12,28,-0.49077119052486307,-0.36021771432376415,0.13055347620109892,1784278864.058054,1784278865.51297,1784278864.785512,0.997585774,"[dac] CH_A set to -0.360 V (code=31587)
"
355,12,29,-0.36021771432376415,-0.22966423812266568,0.13055347620109847,1784278865.513185,1784278866.93619,1784278866.2246876,1.10617566,"[dac] CH_A set to -0.230 V (code=32015)
"
356,12,30,-0.22966423812266568,-0.0991107619215672,0.13055347620109847,1784278866.9364321,1784278868.37102,1784278867.653726,1.12896613,"[dac] CH_A set to -0.099 V (code=32443)
"
357,12,31,-0.0991107619215672,0.031442714279531714,0.13055347620109892,1784278868.371217,1784278869.8102431,1784278869.0907302,1.18527199,"[dac] CH_A set to +0.031 V (code=32870)
"
358,12,32,0.031442714279531714,0.16199619048063063,0.13055347620109892,1784278869.810463,1784278871.250767,1784278870.5306149,1.22683109,"[dac] CH_A set to +0.162 V (code=33298)
"
359,12,33,0.16199619048063063,0.29254966668172866,0.13055347620109803,1784278871.251019,1784278872.6713269,1784278871.961173,1.22012801,"[dac] CH_A set to +0.292 V (code=33726)
"
360,13,0,0.4231031428828276,0.48837988098337703,0.06527673810054946,1784278882.920717,1784278884.373086,1784278883.6469016,1.32469604,"[dac] CH_A set to +0.488 V (code=34368)
"
361,13,1,0.48837988098337703,0.5536566190839265,0.06527673810054946,1784278884.373315,1784278885.814421,1784278885.093868,1.36491452,"[dac] CH_A set to +0.554 V (code=34582)
"
362,14,0,0.4231031428828276,0.5536566190839263,0.1305534762010987,1784278896.0544379,1784278897.4926138,1784278896.7735257,1.36491452,"[dac] CH_A set to +0.554 V (code=34582)
"
363,14,1,0.5536566190839263,0.684210095285025,0.1305534762010987,1784278897.492857,1784278898.9207811,1784278898.206819,1.39977053,"[dac] CH_A set to +0.684 V (code=35009)
"
364,14,2,0.684210095285025,0.8147635714861236,0.13055347620109858,1784278898.921061,1784278900.362184,1784278899.6416225,1.42122038,"[dac] CH_A set to +0.815 V (code=35437)
"
365,14,3,0.8147635714861236,0.9453170476872222,0.1305534762010987,1784278900.3624341,1784278901.795655,1784278901.0790446,1.44669209,"[dac] CH_A set to +0.945 V (code=35865)
"
366,14,4,0.9453170476872222,1.0758705238883208,0.13055347620109858,1784278901.795907,1784278903.221279,1784278902.508593,1.44132962,"[dac] CH_A set to +1.076 V (code=36293)
"
367,14,5,1.0758705238883208,1.2064240000894195,0.1305534762010987,1784278903.221526,1784278904.6571012,1784278903.9393134,1.49763549,"[dac] CH_A set to +1.206 V (code=36721)
"
368,14,6,1.2064240000894195,1.3369774762905182,0.1305534762010987,1784278904.6573172,1784278906.0904582,1784278905.3738875,1.49495426,"[dac] CH_A set to +1.337 V (code=37149)
"
369,15,0,1.2064240000894193,1.1411472619888698,-0.06527673810054946,1784278916.377741,1784278917.811509,1784278917.094625,1.49629487,"[dac] CH_A set to +1.141 V (code=36507)
"
370,15,1,1.1411472619888698,1.0758705238883204,-0.06527673810054946,1784278917.811692,1784278919.238764,1784278918.525228,1.43864839,"[dac] CH_A set to +1.076 V (code=36293)
"
371,16,0,1.2064240000894193,1.336977476290518,0.1305534762010987,1784278929.504097,1784278930.9424021,1784278930.2232494,1.48825118,"[dac] CH_A set to +1.337 V (code=37149)
"
372,16,1,1.336977476290518,1.4675309524916167,0.1305534762010987,1784278930.942658,1784278932.3811882,1784278931.661923,1.52176657,"[dac] CH_A set to +1.467 V (code=37576)
"
373,16,2,1.4675309524916167,1.5980844286927154,0.1305534762010987,1784278932.381378,1784278933.802696,1784278933.092037,1.52042596,"[dac] CH_A set to +1.598 V (code=38004)
"
374,16,3,1.5980844286927154,1.728637904893814,0.1305534762010987,1784278933.8028731,1784278935.238105,1784278934.5204892,1.48020748,"[dac] CH_A set to +1.729 V (code=38432)
"
375,17,0,1.859191381094913,1.9244681191954625,0.06527673810054946,1784278945.5039968,1784278946.9392798,1784278946.2216382,1.50299795,"[dac] CH_A set to +1.924 V (code=39074)
"
376,17,1,1.9244681191954625,1.989744857296012,0.06527673810054946,1784278946.93947,1784278948.379435,1784278947.6594524,1.49227303,"[dac] CH_A set to +1.990 V (code=39287)
"
377,18,0,1.859191381094913,1.7286379048938143,-0.1305534762010987,1784278958.667828,1784278960.093452,1784278959.38064,1.51238226,"[dac] CH_A set to +1.729 V (code=38432)
"
378,18,1,1.7286379048938143,1.5980844286927156,-0.1305534762010987,1784278960.093647,1784278961.532712,1784278960.8131795,1.5070198,"[dac] CH_A set to +1.598 V (code=38004)
"
379,18,2,1.5980844286927156,1.4675309524916171,-0.13055347620109847,1784278961.532901,1784278962.974717,1784278962.253809,1.51372288,"[dac] CH_A set to +1.467 V (code=37576)
"
380,18,3,1.4675309524916171,1.3369774762905182,-0.13055347620109892,1784278962.974921,1784278964.409502,1784278963.6922116,1.49361364,"[dac] CH_A set to +1.337 V (code=37149)
"
381,18,4,1.3369774762905182,1.2064240000894197,-0.13055347620109847,1784278964.409777,1784278965.837875,1784278965.123826,1.48959179,"[dac] CH_A set to +1.206 V (code=36721)
"
382,18,5,1.2064240000894197,1.075870523888321,-0.1305534762010987,1784278965.8380811,1784278967.2814322,1784278966.5597568,1.49361364,"[dac] CH_A set to +1.076 V (code=36293)
"
383,18,6,1.075870523888321,0.9453170476872224,-0.1305534762010987,1784278967.281694,1784278968.698132,1784278967.989913,1.43194531,"[dac] CH_A set to +0.945 V (code=35865)
"
384,18,7,0.9453170476872224,0.8147635714861237,-0.1305534762010987,1784278968.6983511,1784278970.137482,1784278969.4179165,1.43998901,"[dac] CH_A set to +0.815 V (code=35437)
"
385,18,8,0.8147635714861237,0.684210095285025,-0.1305534762010987,1784278970.137768,1784278971.5708952,1784278970.8543315,1.41987977,"[dac] CH_A set to +0.684 V (code=35009)
"
386,18,9,0.684210095285025,0.5536566190839263,-0.1305534762010987,1784278971.571133,1784278973.002912,1784278972.2870226,1.38636437,"[dac] CH_A set to +0.554 V (code=34582)
"
387,18,10,0.5536566190839263,0.4231031428828276,-0.1305534762010987,1784278973.0031512,1784278974.453103,1784278973.728127,1.33139912,"[dac] CH_A set to +0.423 V (code=34154)
"
388,18,11,0.4231031428828276,0.2925496666817291,-0.13055347620109847,1784278974.453326,1784278975.889724,1784278975.171525,1.3126305,"[dac] CH_A set to +0.292 V (code=33726)
"
389,18,12,0.2925496666817291,0.1619961904806304,-0.1305534762010987,1784278975.889963,1784278977.329917,1784278976.60994,1.25766525,"[dac] CH_A set to +0.162 V (code=33298)
"
390,18,13,0.1619961904806304,0.031442714279531714,-0.1305534762010987,1784278977.330166,1784278978.779225,1784278978.0546956,1.24157786,"[dac] CH_A set to +0.031 V (code=32870)
"
391,18,14,0.031442714279531714,-0.0991107619215672,-0.13055347620109892,1784278978.77943,1784278980.22609,1784278979.50276,1.17454707,"[dac] CH_A set to -0.099 V (code=32443)
"
392,19,0,-0.22966423812266612,-0.2949409762232156,-0.06527673810054946,1784278990.512943,1784278991.9466722,1784278991.2298076,1.09679135,"[dac] CH_A set to -0.295 V (code=31801)
"
393,19,1,-0.2949409762232156,-0.36021771432376504,-0.06527673810054946,1784278991.946931,1784278993.388573,1784278992.6677518,1.08338519,"[dac] CH_A set to -0.360 V (code=31587)
"
394,20,0,-0.22966423812266612,-0.35454147622806487,-0.12487723810539875,1784279003.642689,1784279005.0766668,1784279004.3596778,1.04584795,"[dac] CH_A set to -0.354 V (code=31606)
"
395,20,1,-0.35454147622806487,-0.47941871433346367,-0.1248772381053988,1784279005.076931,1784279006.526685,1784279005.8018079,1.00562947,"[dac] CH_A set to -0.479 V (code=31197)
"
396,20,2,-0.47941871433346367,-0.6042959524388625,-0.1248772381053988,1784279006.526953,1784279007.9597251,1784279007.243339,0.917148823,"[dac] CH_A set to -0.604 V (code=30787)
"
397,20,3,-0.6042959524388625,-0.7291731905442612,-0.12487723810539875,1784279007.9599202,1784279009.392334,1784279008.676127,0.922511286,"[dac] CH_A set to -0.729 V (code=30378)
"
398,20,4,-0.7291731905442612,-0.85405042864966,-0.12487723810539875,1784279009.392543,1784279010.844692,1784279010.1186175,0.843414951,"[dac] CH_A set to -0.854 V (code=29969)
"
399,20,5,-0.85405042864966,-0.9789276667550588,-0.12487723810539886,1784279010.844883,1784279012.278031,1784279011.5614572,0.801855859,"[dac] CH_A set to -0.979 V (code=29560)
"
400,20,6,-0.9789276667550588,-1.1038049048604575,-0.12487723810539864,1784279012.2782688,1784279013.718982,1784279012.9986253,0.733484451,"[dac] CH_A set to -1.104 V (code=29151)
"
401,20,7,-1.1038049048604575,-1.2286821429658563,-0.12487723810539886,1784279013.71918,1784279015.158265,1784279014.4387226,0.655728731,"[dac] CH_A set to -1.229 V (code=28741)
"
402,20,8,-1.2286821429658563,-1.3535593810712552,-0.12487723810539886,1784279015.158466,1784279016.587019,1784279015.8727427,0.622213334,"[dac] CH_A set to -1.354 V (code=28332)
"
403,20,9,-1.3535593810712552,-1.4784366191766538,-0.12487723810539864,1784279016.5872378,1784279018.031039,1784279017.3091383,0.569929316,"[dac] CH_A set to -1.478 V (code=27923)
"
404,20,10,-1.4784366191766538,-1.6033138572820527,-0.12487723810539886,1784279018.031276,1784279019.4558349,1784279018.7435555,0.525688993,"[dac] CH_A set to -1.603 V (code=27514)
"
405,20,11,-1.6033138572820527,-1.7281910953874515,-0.12487723810539886,1784279019.456068,1784279020.894527,1784279020.1752975,0.469383127,"[dac] CH_A set to -1.728 V (code=27105)
"
406,20,12,-1.7281910953874515,-1.8530683334928502,-0.12487723810539864,1784279020.894733,1784279022.342994,1784279021.6188636,0.407714797,"[dac] CH_A set to -1.853 V (code=26695)
"
407,20,13,-1.8530683334928502,-1.977945571598249,-0.12487723810539886,1784279022.343223,1784279023.7811399,1784279023.0621815,0.344705852,"[dac] CH_A set to -1.978 V (code=26286)
"
408,20,14,-1.977945571598249,-2.102822809703648,-0.12487723810539886,1784279023.7813601,1784279025.2133608,1784279024.4973605,0.30984984,"[dac] CH_A set to -2.103 V (code=25877)
"
409,20,15,-2.102822809703648,-2.2277000478090465,-0.12487723810539864,1784279025.2135942,1784279026.648258,1784279025.930926,0.279015675,"[dac] CH_A set to -2.228 V (code=25468)
"
410,20,16,-2.2277000478090465,-2.352577285914445,-0.12487723810539864,1784279026.6484601,1784279028.0811672,1784279027.3648138,0.229412888,"[dac] CH_A set to -2.353 V (code=25059)
"
411,20,17,-2.352577285914445,-2.4774545240198442,-0.12487723810539908,1784279028.081429,1784279029.508312,1784279028.7948704,0.220028577,"[dac] CH_A set to -2.477 V (code=24649)
"
412,20,18,-2.4774545240198442,-2.602331762125243,-0.12487723810539864,1784279029.508536,1784279030.944549,1784279030.2265425,0.134229163,"[dac] CH_A set to -2.602 V (code=24240)
"
413,20,19,-2.602331762125243,-2.7272090002306415,-0.12487723810539864,1784279030.944739,1784279032.382519,1784279031.663629,0.126185468,"[dac] CH_A set to -2.727 V (code=23831)
"
414,20,20,-2.7272090002306415,-2.8520862383360406,-0.12487723810539908,1784279032.382714,1784279033.828526,1784279033.10562,0.0819451442,"[dac] CH_A set to -2.852 V (code=23422)
"
415,20,21,-2.8520862383360406,-2.976963476441439,-0.12487723810539864,1784279033.828727,1784279035.272668,1784279034.5506973,0.0631765222,"[dac] CH_A set to -2.977 V (code=23013)
"
416,20,22,-2.976963476441439,-3.101840714546838,-0.12487723810539864,1784279035.272867,1784279036.713162,1784279035.9930143,0.065857754,"[dac] CH_A set to -3.102 V (code=22604)
"
417,21,0,-2.971287238345739,-2.9060105002451895,0.06527673810054946,1784279046.988179,1784279048.438188,1784279047.7131834,0.0618359064,"[dac] CH_A set to -2.906 V (code=23245)
"
418,21,1,-2.9060105002451895,-2.84073376214464,0.06527673810054946,1784279048.438385,1784279049.866791,1784279049.152588,0.0913294552,"[dac] CH_A set to -2.841 V (code=23459)
"
419,22,0,-2.971287238345739,-2.84073376214464,0.13055347620109892,1784279060.103217,1784279061.5388339,1784279060.8210254,0.0739014491,"[dac] CH_A set to -2.841 V (code=23459)
"
420,22,1,-2.84073376214464,-2.7101802859435415,0.13055347620109847,1784279061.5390341,1784279062.968517,1784279062.2537756,0.0993731504,"[dac] CH_A set to -2.710 V (code=23887)
"
421,22,2,-2.7101802859435415,-2.579626809742443,0.13055347620109847,1784279062.968729,1784279064.409056,1784279063.6888924,0.13825101,"[dac] CH_A set to -2.580 V (code=24315)
"
422,22,3,-2.579626809742443,-2.449073333541344,0.13055347620109892,1784279064.4092631,1784279065.840648,1784279065.1249557,0.174447638,"[dac] CH_A set to -2.449 V (code=24742)
"
423,22,4,-2.449073333541344,-2.3185198573402452,0.13055347620109892,1784279065.8408551,1784279067.288642,1784279066.5647485,0.206622419,"[dac] CH_A set to -2.319 V (code=25170)
"
424,22,5,-2.3185198573402452,-2.1879663811391468,0.13055347620109847,1784279067.2888582,1784279068.720567,1784279068.0047126,0.228072273,"[dac] CH_A set to -2.188 V (code=25598)
"
425,22,6,-2.1879663811391468,-2.0574129049380483,0.13055347620109847,1784279068.720774,1784279070.1602602,1784279069.440517,0.281696907,"[dac] CH_A set to -2.057 V (code=26026)
"
426,22,7,-2.0574129049380483,-1.9268594287369494,0.13055347620109892,1784279070.160448,1784279071.594917,1784279070.8776827,0.359452627,"[dac] CH_A set to -1.927 V (code=26454)
"
427,22,8,-1.9268594287369494,-1.7963059525358507,0.1305534762010987,1784279071.59517,1784279073.044914,1784279072.3200421,0.405033566,"[dac] CH_A set to -1.796 V (code=26881)
"
428,22,9,-1.7963059525358507,-1.665752476334752,0.1305534762010987,1784279073.045123,1784279074.48658,1784279073.7658515,0.438548962,"[dac] CH_A set to -1.666 V (code=27309)
"
429,22,10,-1.665752476334752,-1.5351990001336533,0.1305534762010987,1784279074.4868538,1784279075.9102888,1784279075.1985712,0.508260987,"[dac] CH_A set to -1.535 V (code=27737)
"
430,22,11,-1.5351990001336533,-1.4046455239325546,0.1305534762010987,1784279075.910503,1784279077.351897,1784279076.6311998,0.543116999,"[dac] CH_A set to -1.405 V (code=28165)
"
431,22,12,-1.4046455239325546,-1.274092047731456,0.1305534762010987,1784279077.3520918,1784279078.7858298,1784279078.0689607,0.622213334,"[dac] CH_A set to -1.274 V (code=28593)
"
432,22,13,-1.274092047731456,-1.1435385715303572,0.1305534762010987,1784279078.786104,1784279080.228266,1784279079.507185,0.699969054,"[dac] CH_A set to -1.143 V (code=29021)
"
433,22,14,-1.1435385715303572,-1.0129850953292585,0.1305534762010987,1784279080.22851,1784279081.643569,1784279080.9360394,0.760296768,"[dac] CH_A set to -1.013 V (code=29448)
"
434,22,15,-1.0129850953292585,-0.8824316191281598,0.1305534762010987,1784279081.643774,1784279083.078901,1784279082.3613377,0.762977999,"[dac] CH_A set to -0.882 V (code=29876)
"
435,22,16,-0.8824316191281598,-0.7518781429270609,0.13055347620109892,1784279083.07912,1784279084.519943,1784279083.7995315,0.838052487,"[dac] CH_A set to -0.752 V (code=30304)
"
436,22,17,-0.7518781429270609,-0.6213246667259624,0.13055347620109847,1784279084.520164,1784279085.948528,1784279085.234346,0.913126975,"[dac] CH_A set to -0.621 V (code=30732)
"
437,22,18,-0.6213246667259624,-0.49077119052486395,0.13055347620109847,1784279085.948746,1784279087.388313,1784279086.6685295,0.965410994,"[dac] CH_A set to -0.491 V (code=31159)
"
438,22,19,-0.49077119052486395,-0.36021771432376504,0.13055347620109892,1784279087.388544,1784279088.8203,1784279088.104422,1.01233255,"[dac] CH_A set to -0.360 V (code=31587)
"
439,22,20,-0.36021771432376504,-0.22966423812266612,0.13055347620109892,1784279088.8205,1784279090.2545469,1784279089.5375233,1.06997903,"[dac] CH_A set to -0.230 V (code=32015)
"
440,22,21,-0.22966423812266612,-0.09911076192156765,0.13055347620109847,1784279090.254806,1784279091.692799,1784279090.9738026,1.09142888,"[dac] CH_A set to -0.099 V (code=32443)
"
441,22,22,-0.09911076192156765,0.031442714279530826,0.13055347620109847,1784279091.692984,1784279093.1333928,1784279092.4131885,1.17320645,"[dac] CH_A set to +0.031 V (code=32870)
"
442,22,23,0.031442714279530826,0.16199619048062974,0.13055347620109892,1784279093.133635,1784279094.5669062,1784279093.8502707,1.23353417,"[dac] CH_A set to +0.162 V (code=33298)
"
443,22,24,0.16199619048062974,0.29254966668172866,0.13055347620109892,1784279094.5671942,1784279095.985297,1784279095.2762456,1.26839018,"[dac] CH_A set to +0.292 V (code=33726)
"
444,22,25,0.29254966668172866,0.42310314288282713,0.13055347620109847,1784279095.985523,1784279097.4251032,1784279096.7053132,1.33944282,"[dac] CH_A set to +0.423 V (code=34154)
"
445,22,26,0.42310314288282713,0.5536566190839256,0.13055347620109847,1784279097.4253619,1784279098.861749,1784279098.1435554,1.31128988,"[dac] CH_A set to +0.554 V (code=34582)
"
446,22,27,0.5536566190839256,0.6842100952850245,0.13055347620109892,1784279098.862001,1784279100.298466,1784279099.5802336,1.32603666,"[dac] CH_A set to +0.684 V (code=35009)
"
447,22,28,0.6842100952850245,0.8147635714861234,0.13055347620109892,1784279100.2986948,1784279101.726974,1784279101.0128345,1.38368314,"[dac] CH_A set to +0.815 V (code=35437)
"
448,22,29,0.8147635714861234,0.9453170476872219,0.13055347620109847,1784279101.727177,1784279103.16875,1784279102.4479635,1.40915484,"[dac] CH_A set to +0.945 V (code=35865)
"
449,22,30,0.9453170476872219,1.0758705238883204,0.13055347620109847,1784279103.1689558,1784279104.612909,1784279103.8909326,1.47484502,"[dac] CH_A set to +1.076 V (code=36293)
"
450,22,31,1.0758705238883204,1.2064240000894193,0.13055347620109892,1784279104.613182,1784279106.031636,1784279105.3224092,1.47886687,"[dac] CH_A set to +1.206 V (code=36721)
"
451,22,32,1.2064240000894193,1.3369774762905182,0.13055347620109892,1784279106.0318441,1784279107.472281,1784279106.7520626,1.50970103,"[dac] CH_A set to +1.337 V (code=37149)
"
452,22,33,1.3369774762905182,1.4675309524916171,0.13055347620109892,1784279107.472505,1784279108.890084,1784279108.1812944,1.45205455,"[dac] CH_A set to +1.467 V (code=37576)
"
453,22,34,1.4675309524916171,1.5980844286927152,0.13055347620109803,1784279108.890304,1784279110.335289,1784279109.6127965,1.50970103,"[dac] CH_A set to +1.598 V (code=38004)
"
454,22,35,1.5980844286927152,1.728637904893814,0.13055347620109892,1784279110.3354728,1784279111.781597,1784279111.0585349,1.50299795,"[dac] CH_A set to +1.729 V (code=38432)
"
455,22,36,1.728637904893814,1.859191381094913,0.13055347620109892,1784279111.781853,1784279113.228344,1784279112.5050983,1.51506349,"[dac] CH_A set to +1.859 V (code=38860)
"
456,22,37,1.859191381094913,1.989744857296011,0.13055347620109803,1784279113.228637,1784279114.671315,1784279113.949976,1.51104165,"[dac] CH_A set to +1.990 V (code=39287)
"
457,22,38,1.989744857296011,2.12029833349711,0.13055347620109892,1784279114.671521,1784279116.100011,1784279115.385766,1.4815481,"[dac] CH_A set to +2.120 V (code=39715)
"
458,22,39,2.12029833349711,2.250851809698209,0.13055347620109892,1784279116.1003368,1784279117.5230122,1784279116.8116746,1.48422933,"[dac] CH_A set to +2.251 V (code=40143)
"
459,22,40,2.250851809698209,2.3814052858993078,0.13055347620109892,1784279117.52319,1784279118.968727,1784279118.2459586,1.43194531,"[dac] CH_A set to +2.381 V (code=40571)
"
460,22,41,2.3814052858993078,2.5119587621004067,0.13055347620109892,1784279118.9689548,1784279120.411767,1784279119.690361,1.46814194,"[dac] CH_A set to +2.512 V (code=40999)
"
461,22,42,2.5119587621004067,2.6425122383015047,0.13055347620109803,1784279120.411956,1784279121.846421,1784279121.1291885,1.39977053,"[dac] CH_A set to +2.642 V (code=41426)
"
462,22,43,2.6425122383015047,2.7730657145026036,0.13055347620109892,1784279121.8488598,1784279123.2855449,1784279122.5672023,1.36491452,"[dac] CH_A set to +2.773 V (code=41854)
"
463,22,44,2.7730657145026036,2.9036191907037026,0.13055347620109892,1784279123.2858188,1784279124.719927,1784279124.002873,1.36223329,"[dac] CH_A set to +2.904 V (code=42282)
"
464,22,45,2.9036191907037026,3.0341726669048006,0.13055347620109803,1784279124.720172,1784279126.1695511,1784279125.4448614,1.27509326,"[dac] CH_A set to +3.034 V (code=42710)
"
465,22,46,3.0341726669048006,3.1647261431058995,0.13055347620109892,1784279126.169802,1784279127.595011,1784279126.8824065,1.21744677,"[dac] CH_A set to +3.165 V (code=43137)
"
466,22,47,3.1647261431058995,3.2952796193069984,0.13055347620109892,1784279127.59521,1784279129.039677,1784279128.3174434,1.19465631,"[dac] CH_A set to +3.295 V (code=43565)
"
467,22,48,3.2952796193069984,3.4258330955080973,0.13055347620109892,1784279129.039893,1784279130.4700491,1784279129.754971,1.11958182,"[dac] CH_A set to +3.426 V (code=43993)
"
468,22,49,3.4258330955080973,3.5563865717091963,0.13055347620109892,1784279130.4702568,1784279131.91045,1784279131.1903534,1.12494428,"[dac] CH_A set to +3.556 V (code=44421)
"
469,22,50,3.5563865717091963,3.6869400479102943,0.13055347620109803,1784279131.910645,1784279133.342924,1784279132.6267846,1.05791349,"[dac] CH_A set to +3.687 V (code=44849)
"
470,22,51,3.6869400479102943,3.817493524111393,0.13055347620109892,1784279133.343146,1784279134.752178,1784279134.047662,0.985520232,"[dac] CH_A set to +3.818 V (code=45276)
"
471,22,52,3.817493524111393,3.948047000312492,0.13055347620109892,1784279134.752373,1784279136.1971729,1784279135.474773,0.930554981,"[dac] CH_A set to +3.948 V (code=45704)
"
472,22,53,3.948047000312492,4.07860047651359,0.13055347620109803,1784279136.197396,1784279137.643581,1784279136.9204884,0.891677122,"[dac] CH_A set to +4.079 V (code=46132)
"
473,22,54,4.07860047651359,4.209153952714689,0.13055347620109892,1784279137.643792,1784279139.080439,1784279138.3621154,0.813921402,"[dac] CH_A set to +4.209 V (code=46560)
"
474,22,55,4.209153952714689,4.339707428915788,0.13055347620109892,1784279139.080679,1784279140.519995,1784279139.8003368,0.776384158,"[dac] CH_A set to +4.340 V (code=46988)
"
475,22,56,4.339707428915788,4.470260905116887,0.13055347620109892,1784279140.520181,1784279141.9472692,1784279141.233725,0.673156737,"[dac] CH_A set to +4.470 V (code=47416)
"
476,22,57,4.470260905116887,4.600814381317986,0.13055347620109892,1784279141.947528,1784279143.3915288,1784279142.6695285,0.635619493,"[dac] CH_A set to +4.601 V (code=47843)
"
477,22,58,4.600814381317986,4.731367857519084,0.13055347620109803,1784279143.3917131,1784279144.828386,1784279144.1100497,0.571269932,"[dac] CH_A set to +4.731 V (code=48271)
"
478,23,0,4.600814381317985,4.5355376432174355,-0.06527673810054946,1784279155.058384,1784279156.495553,1784279155.7769685,0.624894566,"[dac] CH_A set to +4.536 V (code=47629)
"
479,23,1,4.5355376432174355,4.470260905116886,-0.06527673810054946,1784279156.49576,1784279157.922636,1784279157.209198,0.721418908,"[dac] CH_A set to +4.470 V (code=47416)
"
480,24,0,4.600814381317985,4.470260905116886,-0.13055347620109892,1784279168.20788,1784279169.637613,1784279168.9227467,0.681200432,"[dac] CH_A set to +4.470 V (code=47416)
"
481,24,1,4.470260905116886,4.339707428915788,-0.13055347620109803,1784279169.637835,1784279171.0745301,1784279170.3561826,0.709353365,"[dac] CH_A set to +4.340 V (code=46988)
"
482,24,2,4.339707428915788,4.209153952714689,-0.13055347620109892,1784279171.074733,1784279172.51668,1784279171.7957065,0.761637384,"[dac] CH_A set to +4.209 V (code=46560)
"
483,24,3,4.209153952714689,4.07860047651359,-0.13055347620109892,1784279172.516926,1784279173.958654,1784279173.23779,0.824646329,"[dac] CH_A set to +4.079 V (code=46132)
"
484,24,4,4.07860047651359,3.9480470003124917,-0.13055347620109847,1784279173.958853,1784279175.406402,1784279174.6826277,0.897039585,"[dac] CH_A set to +3.948 V (code=45704)
"
485,24,5,3.9480470003124917,3.817493524111393,-0.13055347620109847,1784279175.4066172,1784279176.840655,1784279176.1236362,0.972114073,"[dac] CH_A set to +3.818 V (code=45276)
"
486,24,6,3.817493524111393,3.6869400479102943,-0.13055347620109892,1784279176.8408692,1784279178.277133,1784279177.559001,0.997585774,"[dac] CH_A set to +3.687 V (code=44849)
"
487,24,7,3.6869400479102943,3.5563865717091954,-0.13055347620109892,1784279178.2773728,1784279179.7075741,1784279178.9924736,1.04584795,"[dac] CH_A set to +3.556 V (code=44421)
"
488,24,8,3.5563865717091954,3.425833095508097,-0.13055347620109847,1784279179.707765,1784279181.126394,1784279180.4170794,1.08740704,"[dac] CH_A set to +3.426 V (code=43993)
"
489,24,9,3.425833095508097,3.2952796193069984,-0.13055347620109847,1784279181.1266391,1784279182.559649,1784279181.843144,1.15577845,"[dac] CH_A set to +3.295 V (code=43565)
"
490,24,10,3.2952796193069984,3.1647261431058995,-0.13055347620109892,1784279182.5598972,1784279184.004124,1784279183.2820106,1.1691846,"[dac] CH_A set to +3.165 V (code=43137)
"
491,24,11,3.1647261431058995,3.034172666904801,-0.13055347620109847,1784279184.0043159,1784279185.437637,1784279184.7209764,1.23755601,"[dac] CH_A set to +3.034 V (code=42710)
"
492,24,12,3.034172666904801,2.9036191907037026,-0.13055347620109847,1784279185.437836,1784279186.867887,1784279186.1528616,1.29386188,"[dac] CH_A set to +2.904 V (code=42282)
"
493,24,13,2.9036191907037026,2.7730657145026036,-0.13055347620109892,1784279186.8681679,1784279188.2982888,1784279187.5832283,1.33944282,"[dac] CH_A set to +2.773 V (code=41854)
"
494,25,0,2.9036191907037026,2.968895928804252,0.06527673810054946,1784279198.56715,1784279199.998523,1784279199.2828364,1.26704956,"[dac] CH_A set to +2.969 V (code=42496)
"
495,25,1,2.968895928804252,3.0341726669048015,0.06527673810054946,1784279199.998718,1784279201.450274,1784279200.724496,1.24962156,"[dac] CH_A set to +3.034 V (code=42710)
"
496,26,0,2.9036191907037026,2.7730657145026036,-0.13055347620109892,1784279211.710232,1784279213.1604102,1784279212.435321,1.33139912,"[dac] CH_A set to +2.773 V (code=41854)
"
497,26,1,2.7730657145026036,2.642512238301505,-0.13055347620109847,1784279213.1606138,1784279214.592532,1784279213.8765728,1.36625513,"[dac] CH_A set to +2.642 V (code=41426)
"
498,26,2,2.642512238301505,2.5119587621004067,-0.13055347620109847,1784279214.592732,1784279216.03553,1784279215.314131,1.35016774,"[dac] CH_A set to +2.512 V (code=40999)
"
499,26,3,2.5119587621004067,2.3814052858993078,-0.13055347620109892,1784279216.035721,1784279217.4689002,1784279216.7523108,1.42390162,"[dac] CH_A set to +2.381 V (code=40571)
"
500,26,4,2.3814052858993078,2.250851809698209,-0.13055347620109892,1784279217.469134,1784279218.9104488,1784279218.1897914,1.47082317,"[dac] CH_A set to +2.251 V (code=40143)
"
501,26,5,2.250851809698209,2.1202983334971104,-0.13055347620109847,1784279218.910646,1784279220.3524082,1784279219.631527,1.45875763,"[dac] CH_A set to +2.120 V (code=39715)
"
502,26,6,2.1202983334971104,1.9897448572960117,-0.1305534762010987,1784279220.352621,1784279221.78737,1784279221.0699954,1.45875763,"[dac] CH_A set to +1.990 V (code=39287)
"
503,26,7,1.9897448572960117,1.859191381094913,-0.1305534762010987,1784279221.787584,1784279223.232018,1784279222.509801,1.48959179,"[dac] CH_A set to +1.859 V (code=38860)
"
504,26,8,1.859191381094913,1.7286379048938143,-0.1305534762010987,1784279223.232215,1784279224.6695051,1784279223.95086,1.49361364,"[dac] CH_A set to +1.729 V (code=38432)
"
505,26,9,1.7286379048938143,1.5980844286927156,-0.1305534762010987,1784279224.669719,1784279226.116661,1784279225.39319,1.51506349,"[dac] CH_A set to +1.598 V (code=38004)
"
506,26,10,1.5980844286927156,1.467530952491617,-0.1305534762010987,1784279226.116864,1784279227.5340002,1784279226.825432,1.48959179,"[dac] CH_A set to +1.467 V (code=37576)
"
507,26,11,1.467530952491617,1.3369774762905182,-0.1305534762010987,1784279227.5341911,1784279228.969099,1784279228.251645,1.51372288,"[dac] CH_A set to +1.337 V (code=37149)
"
508,26,12,1.3369774762905182,1.2064240000894195,-0.1305534762010987,1784279228.9693608,1784279230.4106371,1784279229.689999,1.53383212,"[dac] CH_A set to +1.206 V (code=36721)
"
509,26,13,1.2064240000894195,1.0758705238883208,-0.1305534762010987,1784279230.410895,1784279231.844228,1784279231.1275616,1.49495426,"[dac] CH_A set to +1.076 V (code=36293)
"
510,26,14,1.0758705238883208,0.9453170476872221,-0.1305534762010987,1784279231.8444118,1784279233.284307,1784279232.5643594,1.48959179,"[dac] CH_A set to +0.945 V (code=35865)
"
511,26,15,0.9453170476872221,0.8147635714861234,-0.1305534762010987,1784279233.284526,1784279234.727062,1784279234.005794,1.45205455,"[dac] CH_A set to +0.815 V (code=35437)
"
512,26,16,0.8147635714861234,0.6842100952850245,-0.13055347620109892,1784279234.727277,1784279236.1760168,1784279235.4516468,1.43194531,"[dac] CH_A set to +0.684 V (code=35009)
"
513,26,17,0.6842100952850245,0.553656619083926,-0.13055347620109847,1784279236.176239,1784279237.6119318,1784279236.8940854,1.39306745,"[dac] CH_A set to +0.554 V (code=34582)
"
514,26,18,0.553656619083926,0.4231031428828276,-0.13055347620109847,1784279237.612135,1784279239.050981,1784279238.331558,1.35284898,"[dac] CH_A set to +0.423 V (code=34154)
"
515,26,19,0.4231031428828276,0.29254966668172866,-0.13055347620109892,1784279239.0511942,1784279240.490141,1784279239.7706676,1.35150836,"[dac] CH_A set to +0.292 V (code=33726)
"
516,26,20,0.29254966668172866,0.16199619048062974,-0.13055347620109892,1784279240.490331,1784279241.921024,1784279241.2056775,1.27777449,"[dac] CH_A set to +0.162 V (code=33298)
"
517,26,21,0.16199619048062974,0.03144271427953127,-0.13055347620109847,1784279241.921296,1784279243.3525739,1784279242.6369348,1.2362154,"[dac] CH_A set to +0.031 V (code=32870)
"
518,26,22,0.03144271427953127,-0.0991107619215672,-0.13055347620109847,1784279243.352772,1784279244.801622,1784279244.077197,1.17052522,"[dac] CH_A set to -0.099 V (code=32443)
"
519,26,23,-0.0991107619215672,-0.22966423812266612,-0.13055347620109892,1784279244.801823,1784279246.2439628,1784279245.522893,1.17454707,"[dac] CH_A set to -0.230 V (code=32015)
"
520,26,24,-0.22966423812266612,-0.36021771432376504,-0.13055347620109892,1784279246.2441752,1784279247.694392,1784279246.9692836,1.08874765,"[dac] CH_A set to -0.360 V (code=31587)
"
521,26,25,-0.36021771432376504,-0.4907711905248635,-0.13055347620109847,1784279247.694609,1784279249.144149,1784279248.419379,1.06059472,"[dac] CH_A set to -0.491 V (code=31159)
"
522,26,26,-0.4907711905248635,-0.621324666725962,-0.13055347620109847,1784279249.144323,1784279250.57742,1784279249.8608716,0.972114073,"[dac] CH_A set to -0.621 V (code=30732)
"
523,26,27,-0.621324666725962,-0.7518781429270609,-0.13055347620109892,1784279250.577683,1784279252.018972,1784279251.2983274,0.937258061,"[dac] CH_A set to -0.752 V (code=30304)
"
524,26,28,-0.7518781429270609,-0.8824316191281598,-0.13055347620109892,1784279252.0191748,1784279253.451089,1784279252.7351317,0.871567884,"[dac] CH_A set to -0.882 V (code=29876)
"
525,26,29,-0.8824316191281598,-1.0129850953292583,-0.13055347620109847,1784279253.4514828,1784279254.8911092,1784279254.1712961,0.792471548,"[dac] CH_A set to -1.013 V (code=29448)
"
526,26,30,-1.0129850953292583,-1.1435385715303568,-0.13055347620109847,1784279254.8913531,1784279256.312377,1784279255.601865,0.757615536,"[dac] CH_A set to -1.143 V (code=29021)
"
527,27,0,-1.2740920477314557,-1.3393687858320051,-0.06527673810054946,1784279266.5777862,1784279268.022124,1784279267.2999551,0.635619493,"[dac] CH_A set to -1.339 V (code=28379)
"
528,27,1,-1.3393687858320051,-1.4046455239325546,-0.06527673810054946,1784279268.022346,1784279269.443733,1784279268.7330394,0.62355395,"[dac] CH_A set to -1.405 V (code=28165)
"
529,28,0,-1.2740920477314557,-1.2740920477314557,0.0,1784279279.6952698,1784279281.1363132,1784279280.4157915,0.681200432,"[dac] CH_A set to -1.274 V (code=28593)
"
530,29,0,-1.1435385715303568,-1.0782618334298073,0.06527673810054946,1784279291.4208891,1784279292.850343,1784279292.135616,0.761637384,"[dac] CH_A set to -1.078 V (code=29234)
"
531,29,1,-1.0782618334298073,-1.0129850953292578,0.06527673810054946,1784279292.850564,1784279294.286398,1784279293.568481,0.77236231,"[dac] CH_A set to -1.013 V (code=29448)
"
532,30,0,-1.1435385715303568,-1.012985095329258,0.1305534762010987,1784279304.559181,1784279305.9888031,1784279305.273992,0.750912457,"[dac] CH_A set to -1.013 V (code=29448)
"
533,30,1,-1.012985095329258,-0.8824316191281594,0.1305534762010987,1784279305.989007,1784279307.424026,1784279306.7065165,0.812580786,"[dac] CH_A set to -0.882 V (code=29876)
"
534,30,2,-0.8824316191281594,-0.7518781429270607,0.1305534762010987,1784279307.424247,1784279308.865716,1784279308.1449814,0.883633426,"[dac] CH_A set to -0.752 V (code=30304)
"
535,30,3,-0.7518781429270607,-0.621324666725962,0.1305534762010987,1784279308.865911,1784279310.292942,1784279309.5794265,0.962729762,"[dac] CH_A set to -0.621 V (code=30732)
"
536,30,4,-0.621324666725962,-0.4907711905248633,0.1305534762010987,1784279310.2931259,1784279311.722902,1784279311.008014,1.01903563,"[dac] CH_A set to -0.491 V (code=31159)
"
537,30,5,-0.4907711905248633,-0.3602177143237646,0.1305534762010987,1784279311.7230878,1784279313.155253,1784279312.4391704,1.0163544,"[dac] CH_A set to -0.360 V (code=31587)
"
538,30,6,-0.3602177143237646,-0.2296642381226659,0.1305534762010987,1784279313.155484,1784279314.598335,1784279313.8769095,1.09679135,"[dac] CH_A set to -0.230 V (code=32015)
"
539,30,7,-0.2296642381226659,-0.0991107619215672,0.1305534762010987,1784279314.598526,1784279316.024061,1784279315.3112936,1.1262849,"[dac] CH_A set to -0.099 V (code=32443)
"
540,30,8,-0.0991107619215672,0.03144271427953149,0.1305534762010987,1784279316.024273,1784279317.4513202,1784279316.7377965,1.18661261,"[dac] CH_A set to +0.031 V (code=32870)
"
541,30,9,0.03144271427953149,0.1619961904806302,0.1305534762010987,1784279317.4515462,1784279318.891391,1784279318.1714687,1.23755601,"[dac] CH_A set to +0.162 V (code=33298)
"
542,30,10,0.1619961904806302,0.2925496666817289,0.1305534762010987,1784279318.891586,1784279320.339375,1784279319.6154804,1.26302771,"[dac] CH_A set to +0.292 V (code=33726)
"
543,30,11,0.2925496666817289,0.4231031428828276,0.1305534762010987,1784279320.339582,1784279321.780426,1784279321.060004,1.3381022,"[dac] CH_A set to +0.423 V (code=34154)
"
544,30,12,0.4231031428828276,0.5536566190839263,0.1305534762010987,1784279321.780643,1784279323.229124,1784279322.5048835,1.36089267,"[dac] CH_A set to +0.554 V (code=34582)
"
545,30,13,0.5536566190839263,0.684210095285025,0.1305534762010987,1784279323.2293382,1784279324.671177,1784279323.9502575,1.41317669,"[dac] CH_A set to +0.684 V (code=35009)
"
546,30,14,0.684210095285025,0.8147635714861237,0.1305534762010987,1784279324.671382,1784279326.096902,1784279325.384142,1.40647361,"[dac] CH_A set to +0.815 V (code=35437)
"
547,30,15,0.8147635714861237,0.9453170476872224,0.1305534762010987,1784279326.097078,1784279327.530056,1784279326.8135672,1.4560764,"[dac] CH_A set to +0.945 V (code=35865)
"
548,30,16,0.9453170476872224,1.0758705238883213,0.13055347620109892,1784279327.530273,1784279328.972312,1784279328.2512925,1.48288871,"[dac] CH_A set to +1.076 V (code=36293)
"
549,30,17,1.0758705238883213,1.2064240000894197,0.13055347620109847,1784279328.9725142,1784279330.413312,1784279329.692913,1.49763549,"[dac] CH_A set to +1.206 V (code=36721)
"
550,30,18,1.2064240000894197,1.3369774762905182,0.13055347620109847,1784279330.4135199,1784279331.8516889,1784279331.1326044,1.50165734,"[dac] CH_A set to +1.337 V (code=37149)
"
551,30,19,1.3369774762905182,1.4675309524916171,0.13055347620109892,1784279331.851895,1784279333.295601,1784279332.573748,1.51372288,"[dac] CH_A set to +1.467 V (code=37576)
"
552,30,20,1.4675309524916171,1.598084428692716,0.13055347620109892,1784279333.295774,1784279334.749356,1784279334.022565,1.51774473,"[dac] CH_A set to +1.598 V (code=38004)
"
553,30,21,1.598084428692716,1.7286379048938145,0.13055347620109847,1784279334.749561,1784279336.1914308,1784279335.470496,1.50836042,"[dac] CH_A set to +1.729 V (code=38432)
"
554,30,22,1.7286379048938145,1.859191381094913,0.13055347620109847,1784279336.191628,1784279337.6151161,1784279336.903372,1.51774473,"[dac] CH_A set to +1.859 V (code=38860)
"
555,30,23,1.859191381094913,1.989744857296012,0.13055347620109892,1784279337.615307,1784279339.0546172,1784279338.3349621,1.49361364,"[dac] CH_A set to +1.990 V (code=39287)
"
556,30,24,1.989744857296012,2.120298333497111,0.13055347620109892,1784279339.054836,1784279340.490029,1784279339.7724326,1.46009824,"[dac] CH_A set to +2.120 V (code=39715)
"
557,30,25,2.120298333497111,2.2508518096982093,0.13055347620109847,1784279340.4902232,1784279341.930219,1784279341.210221,1.45205455,"[dac] CH_A set to +2.251 V (code=40143)
"
558,30,26,2.2508518096982093,2.3814052858993078,0.13055347620109847,1784279341.9303901,1784279343.377988,1784279342.654189,1.4560764,"[dac] CH_A set to +2.381 V (code=40571)
"
559,30,27,2.3814052858993078,2.5119587621004067,0.13055347620109892,1784279343.3781812,1784279344.803961,1784279344.0910711,1.38368314,"[dac] CH_A set to +2.512 V (code=40999)
"
560,30,28,2.5119587621004067,2.6425122383015056,0.13055347620109892,1784279344.804161,1784279346.254457,1784279345.529309,1.37563945,"[dac] CH_A set to +2.642 V (code=41426)
"
561,30,29,2.6425122383015056,2.773065714502604,0.13055347620109847,1784279346.254666,1784279347.698229,1784279346.9764476,1.35284898,"[dac] CH_A set to +2.773 V (code=41854)
"
562,30,30,2.773065714502604,2.9036191907037026,0.13055347620109847,1784279347.698412,1784279349.1283681,1784279348.4133902,1.33542097,"[dac] CH_A set to +2.904 V (code=42282)
"
563,31,0,2.7730657145026036,2.707788976402054,-0.06527673810054946,1784279359.379236,1784279360.818173,1784279360.0987043,1.35016774,"[dac] CH_A set to +2.708 V (code=41640)
"
564,31,1,2.707788976402054,2.6425122383015047,-0.06527673810054946,1784279360.8183749,1784279362.252938,1784279361.5356565,1.38368314,"[dac] CH_A set to +2.642 V (code=41426)
"
565,32,0,2.7730657145026036,2.9036191907037026,0.13055347620109892,1784279372.4580622,1784279373.90867,1784279373.183366,1.27643387,"[dac] CH_A set to +2.904 V (code=42282)
"
566,32,1,2.9036191907037026,3.034172666904801,0.13055347620109847,1784279373.908876,1784279375.351068,1784279374.629972,1.24962156,"[dac] CH_A set to +3.034 V (code=42710)
"
567,32,2,3.034172666904801,3.1647261431058995,0.13055347620109847,1784279375.351263,1784279376.790932,1784279376.0710974,1.21342493,"[dac] CH_A set to +3.165 V (code=43137)
"
568,32,3,3.1647261431058995,3.2952796193069984,0.13055347620109892,1784279376.791121,1784279378.229536,1784279377.5103285,1.16382214,"[dac] CH_A set to +3.295 V (code=43565)
"
569,32,4,3.2952796193069984,3.4258330955080973,0.13055347620109892,1784279378.229731,1784279379.6594,1784279378.9445655,1.12896613,"[dac] CH_A set to +3.426 V (code=43993)
"
570,32,5,3.4258330955080973,3.556386571709196,0.13055347620109847,1784279379.65962,1784279381.0975559,1784279380.378588,1.04718856,"[dac] CH_A set to +3.556 V (code=44421)
"
571,32,6,3.556386571709196,3.6869400479102943,0.13055347620109847,1784279381.09778,1784279382.5307038,1784279381.814242,0.99892639,"[dac] CH_A set to +3.687 V (code=44849)
"
572,32,7,3.6869400479102943,3.817493524111393,0.13055347620109892,1784279382.530883,1784279383.9789708,1784279383.254927,0.941279908,"[dac] CH_A set to +3.818 V (code=45276)
"
573,33,0,3.948047000312492,4.013323738413042,0.06527673810054946,1784279394.238378,1784279395.676276,1784279394.957327,0.851458646,"[dac] CH_A set to +4.013 V (code=45918)
"
574,33,1,4.013323738413042,4.078600476513591,0.06527673810054946,1784279395.676472,1784279397.105939,1784279396.3912053,0.787109085,"[dac] CH_A set to +4.079 V (code=46132)
"
575,34,0,3.948047000312492,3.817493524111393,-0.13055347620109892,1784279407.34182,1784279408.774723,1784279408.0582714,0.937258061,"[dac] CH_A set to +3.818 V (code=45276)
"
576,34,1,3.817493524111393,3.6869400479102947,-0.13055347620109847,1784279408.7749052,1784279410.213439,1784279409.494172,0.980157768,"[dac] CH_A set to +3.687 V (code=44849)
"
577,34,2,3.6869400479102947,3.5563865717091963,-0.13055347620109847,1784279410.21366,1784279411.650097,1784279410.9318786,1.05255102,"[dac] CH_A set to +3.556 V (code=44421)
"
578,34,3,3.5563865717091963,3.4258330955080973,-0.13055347620109892,1784279411.6502888,1784279413.0903099,1784279412.3702993,1.07668211,"[dac] CH_A set to +3.426 V (code=43993)
"
579,34,4,3.4258330955080973,3.2952796193069984,-0.13055347620109892,1784279413.090513,1784279414.524946,1784279413.8077295,1.13432859,"[dac] CH_A set to +3.295 V (code=43565)
"
580,34,5,3.2952796193069984,3.1647261431059,-0.13055347620109847,1784279414.525246,1784279415.954516,1784279415.239881,1.19063446,"[dac] CH_A set to +3.165 V (code=43137)
"
581,34,6,3.1647261431059,3.0341726669048015,-0.13055347620109847,1784279415.9546921,1784279417.387989,1784279416.6713405,1.25632463,"[dac] CH_A set to +3.034 V (code=42710)
"
582,34,7,3.0341726669048015,2.9036191907037026,-0.13055347620109892,1784279417.3881862,1784279418.827132,1784279418.107659,1.24828094,"[dac] CH_A set to +2.904 V (code=42282)
"
583,34,8,2.9036191907037026,2.7730657145026036,-0.13055347620109892,1784279418.827337,1784279420.26703,1784279419.5471835,1.32201481,"[dac] CH_A set to +2.773 V (code=41854)
"
584,34,9,2.7730657145026036,2.642512238301505,-0.13055347620109847,1784279420.267225,1784279421.696091,1784279420.981658,1.37966129,"[dac] CH_A set to +2.642 V (code=41426)
"
585,34,10,2.642512238301505,2.5119587621004067,-0.13055347620109847,1784279421.696276,1784279423.127121,1784279422.4116983,1.37698006,"[dac] CH_A set to +2.512 V (code=40999)
"
586,34,11,2.5119587621004067,2.3814052858993078,-0.13055347620109892,1784279423.127294,1784279424.564478,1784279423.845886,1.40915484,"[dac] CH_A set to +2.381 V (code=40571)
"
587,34,12,2.3814052858993078,2.250851809698209,-0.13055347620109892,1784279424.564693,1784279425.998359,1784279425.281526,1.41719854,"[dac] CH_A set to +2.251 V (code=40143)
"
588,34,13,2.250851809698209,2.1202983334971104,-0.13055347620109847,1784279425.998559,1784279427.424958,1784279426.7117586,1.46277948,"[dac] CH_A set to +2.120 V (code=39715)
"
589,34,14,2.1202983334971104,1.9897448572960117,-0.1305534762010987,1784279427.4251451,1784279428.857514,1784279428.1413295,1.49227303,"[dac] CH_A set to +1.990 V (code=39287)
"
590,34,15,1.9897448572960117,1.859191381094913,-0.1305534762010987,1784279428.857721,1784279430.293949,1784279429.575835,1.48422933,"[dac] CH_A set to +1.859 V (code=38860)
"
591,34,16,1.859191381094913,1.728637904893814,-0.13055347620109892,1784279430.294162,1784279431.725203,1784279431.0096827,1.48691056,"[dac] CH_A set to +1.729 V (code=38432)
"
592,34,17,1.728637904893814,1.5980844286927156,-0.13055347620109847,1784279431.725408,1784279433.166761,1784279432.4460845,1.5070198,"[dac] CH_A set to +1.598 V (code=38004)
"
593,34,18,1.5980844286927156,1.4675309524916171,-0.13055347620109847,1784279433.166972,1784279434.598475,1784279433.8827233,1.53919458,"[dac] CH_A set to +1.467 V (code=37576)
"
594,34,19,1.4675309524916171,1.3369774762905182,-0.13055347620109892,1784279434.5986838,1784279436.0254211,1784279435.3120525,1.47618564,"[dac] CH_A set to +1.337 V (code=37149)
"
595,34,20,1.3369774762905182,1.2064240000894193,-0.13055347620109892,1784279436.025631,1784279437.46722,1784279436.7464256,1.4989761,"[dac] CH_A set to +1.206 V (code=36721)
"
596,34,21,1.2064240000894193,1.0758705238883208,-0.13055347620109847,1784279437.4674351,1784279438.905362,1784279438.1863985,1.52846965,"[dac] CH_A set to +1.076 V (code=36293)
"
597,34,22,1.0758705238883208,0.9453170476872224,-0.13055347620109847,1784279438.905557,1784279440.329642,1784279439.6175995,1.4560764,"[dac] CH_A set to +0.945 V (code=35865)
"
598,34,23,0.9453170476872224,0.8147635714861234,-0.13055347620109892,1784279440.329854,1784279441.766264,1784279441.048059,1.42122038,"[dac] CH_A set to +0.815 V (code=35437)
"
599,34,24,0.8147635714861234,0.6842100952850245,-0.13055347620109892,1784279441.7664828,1784279443.210171,1784279442.488327,1.42658285,"[dac] CH_A set to +0.684 V (code=35009)
"
600,34,25,0.6842100952850245,0.553656619083926,-0.13055347620109847,1784279443.2104168,1784279444.632637,1784279443.921527,1.3970893,"[dac] CH_A set to +0.554 V (code=34582)
"
601,34,26,0.553656619083926,0.4231031428828276,-0.13055347620109847,1784279444.632855,1784279446.058534,1784279445.3456945,1.33676159,"[dac] CH_A set to +0.423 V (code=34154)
"
602,34,27,0.4231031428828276,0.29254966668172866,-0.13055347620109892,1784279446.058752,1784279447.504229,1784279446.7814906,1.31665235,"[dac] CH_A set to +0.292 V (code=33726)
"
603,34,28,0.29254966668172866,0.16199619048062974,-0.13055347620109892,1784279447.504416,1784279448.928731,1784279448.2165735,1.27643387,"[dac] CH_A set to +0.162 V (code=33298)
"
604,34,29,0.16199619048062974,0.03144271427953127,-0.13055347620109847,1784279448.9289448,1784279450.361342,1784279449.6451435,1.2616871,"[dac] CH_A set to +0.031 V (code=32870)
"
605,34,30,0.03144271427953127,-0.0991107619215672,-0.13055347620109847,1784279450.361546,1784279451.7939122,1784279451.0777292,1.18125015,"[dac] CH_A set to -0.099 V (code=32443)
"
606,34,31,-0.0991107619215672,-0.22966423812266612,-0.13055347620109892,1784279451.794115,1784279453.233143,1784279452.513629,1.1517566,"[dac] CH_A set to -0.230 V (code=32015)
"
607,34,32,-0.22966423812266612,-0.36021771432376504,-0.13055347620109892,1784279453.233361,1784279454.6769018,1784279453.9551315,1.07534149,"[dac] CH_A set to -0.360 V (code=31587)
"
608,34,33,-0.36021771432376504,-0.49077119052486395,-0.13055347620109892,1784279454.677092,1784279456.114604,1784279455.395848,1.03512302,"[dac] CH_A set to -0.491 V (code=31159)
"
609,34,34,-0.49077119052486395,-0.621324666725962,-0.13055347620109803,1784279456.114788,1784279457.5592582,1784279456.8370233,0.982839,"[dac] CH_A set to -0.621 V (code=30732)
"
610,34,35,-0.621324666725962,-0.7518781429270609,-0.13055347620109892,1784279457.5594711,1784279458.9970748,1784279458.278273,0.867546036,"[dac] CH_A set to -0.752 V (code=30304)
"
611,34,36,-0.7518781429270609,-0.8824316191281598,-0.13055347620109892,1784279458.997243,1784279460.425478,1784279459.7113605,1.2871588,"[dac] CH_A set to -0.882 V (code=29876)
[dac] CH_A set to +0.292 V (code=33726)
"
612,34,37,-0.8824316191281598,-1.0129850953292578,-0.13055347620109803,1784279460.4256902,1784279461.8403819,1784279461.1330361,0.823305713,"[dac] CH_A set to -1.013 V (code=29448)
"
613,34,38,-1.0129850953292578,-1.1435385715303568,-0.13055347620109892,1784279461.840586,1784279463.2700841,1784279462.555335,0.75627492,"[dac] CH_A set to -1.143 V (code=29021)
"
614,34,39,-1.1435385715303568,-1.2740920477314557,-0.13055347620109892,1784279463.2702851,1784279464.7019038,1784279463.9860945,0.695947207,"[dac] CH_A set to -1.274 V (code=28593)
"
615,34,40,-1.2740920477314557,-1.4046455239325546,-0.13055347620109892,1784279464.702113,1784279466.139146,1784279465.4206295,0.602104097,"[dac] CH_A set to -1.405 V (code=28165)
"
616,34,41,-1.4046455239325546,-1.5351990001336535,-0.13055347620109892,1784279466.139342,1784279467.5759559,1784279466.8576488,0.571269932,"[dac] CH_A set to -1.535 V (code=27737)
"
617,34,42,-1.5351990001336535,-1.6657524763347515,-0.13055347620109803,1784279467.576144,1784279469.022746,1784279468.2994452,0.524348377,"[dac] CH_A set to -1.666 V (code=27309)
"
618,34,43,-1.6657524763347515,-1.7963059525358505,-0.13055347620109892,1784279469.022963,1784279470.4521,1784279469.7375317,0.449273889,"[dac] CH_A set to -1.796 V (code=26881)
"
619,34,44,-1.7963059525358505,-1.9268594287369494,-0.13055347620109892,1784279470.452286,1784279471.903245,1784279471.1777654,0.423802188,"[dac] CH_A set to -1.927 V (code=26454)
"
620,34,45,-1.9268594287369494,-2.0574129049380474,-0.13055347620109803,1784279471.90346,1784279473.329938,1784279472.616699,0.370177553,"[dac] CH_A set to -2.057 V (code=26026)
"
621,34,46,-2.0574129049380474,-2.1879663811391463,-0.13055347620109892,1784279473.330134,1784279474.758631,1784279474.0443826,0.331299694,"[dac] CH_A set to -2.188 V (code=25598)
"
622,35,0,-2.3185198573402452,-2.3837965954407947,-0.06527673810054946,1784279484.97567,1784279486.416624,1784279485.696147,0.246840895,"[dac] CH_A set to -2.384 V (code=24956)
"
623,35,1,-2.3837965954407947,-2.449073333541344,-0.06527673810054946,1784279486.416797,1784279487.844939,1784279487.130868,0.209303651,"[dac] CH_A set to -2.449 V (code=24742)
"
624,36,0,-2.3185198573402452,-2.1879663811391468,0.13055347620109847,1784279498.0683641,1784279499.490255,1784279498.7793097,0.273653212,"[dac] CH_A set to -2.188 V (code=25598)
"
625,36,1,-2.1879663811391468,-2.057412904938048,0.13055347620109892,1784279499.4905019,1784279500.9112341,1784279500.2008681,0.375540017,"[dac] CH_A set to -2.057 V (code=26026)
"
626,36,2,-2.057412904938048,-1.9268594287369494,0.13055347620109847,1784279500.9114702,1784279502.351279,1784279501.6313746,0.36481509,"[dac] CH_A set to -1.927 V (code=26454)
"
627,36,3,-1.9268594287369494,-1.7963059525358505,0.13055347620109892,1784279502.351485,1784279503.793941,1784279503.072713,0.437208346,"[dac] CH_A set to -1.796 V (code=26881)
"
628,36,4,-1.7963059525358505,-1.665752476334752,0.13055347620109847,1784279503.794153,1784279505.232485,1784279504.513319,0.493514212,"[dac] CH_A set to -1.666 V (code=27309)
"
629,36,5,-1.665752476334752,-1.5351990001336533,0.1305534762010987,1784279505.2326798,1784279506.66895,1784279505.950815,0.565907468,"[dac] CH_A set to -1.535 V (code=27737)
"
630,36,6,-1.5351990001336533,-1.4046455239325546,0.1305534762010987,1784279506.669182,1784279508.0966752,1784279507.3829286,0.577973011,"[dac] CH_A set to -1.405 V (code=28165)
"
631,36,7,-1.4046455239325546,-1.274092047731456,0.1305534762010987,1784279508.096886,1784279509.52622,1784279508.811553,0.657069347,"[dac] CH_A set to -1.274 V (code=28593)
"
632,36,8,-1.274092047731456,-1.1435385715303572,0.1305534762010987,1784279509.5264242,1784279510.968578,1784279510.2475011,0.693265975,"[dac] CH_A set to -1.143 V (code=29021)
"
633,36,9,-1.1435385715303572,-1.0129850953292585,0.1305534762010987,1784279510.968789,1784279512.415678,1784279511.6922336,0.765659231,"[dac] CH_A set to -1.013 V (code=29448)
"
634,36,10,-1.0129850953292585,-0.8824316191281598,0.1305534762010987,1784279512.4158888,1784279513.863567,1784279513.139728,0.820624481,"[dac] CH_A set to -0.882 V (code=29876)
"
635,36,11,-0.8824316191281598,-0.7518781429270613,0.13055347620109847,1784279513.8637462,1784279515.293163,1784279514.5784545,0.883633426,"[dac] CH_A set to -0.752 V (code=30304)
"
636,36,12,-0.7518781429270613,-0.6213246667259626,0.1305534762010987,1784279515.293355,1784279516.730635,1784279516.0119948,0.954686067,"[dac] CH_A set to -0.621 V (code=30732)
"
637,36,13,-0.6213246667259626,-0.49077119052486395,0.1305534762010987,1784279516.730839,1784279518.161407,1784279517.4461231,0.985520232,"[dac] CH_A set to -0.491 V (code=31159)
"
638,36,14,-0.49077119052486395,-0.36021771432376526,0.1305534762010987,1784279518.161633,1784279519.584241,1784279518.872937,1.05389164,"[dac] CH_A set to -0.360 V (code=31587)
"
639,36,15,-0.36021771432376526,-0.22966423812266656,0.1305534762010987,1784279519.584447,1784279521.012151,1784279520.2982988,1.11690059,"[dac] CH_A set to -0.230 V (code=32015)
"
640,36,16,-0.22966423812266656,-0.09911076192156809,0.13055347620109847,1784279521.012366,1784279522.4296901,1784279521.721028,1.15041598,"[dac] CH_A set to -0.099 V (code=32443)
"
641,36,17,-0.09911076192156809,0.031442714279530826,0.13055347620109892,1784279522.429888,1784279523.862141,1784279523.1460145,1.18661261,"[dac] CH_A set to +0.031 V (code=32870)
"
642,37,0,0.16199619048062974,0.2272729285811792,0.06527673810054946,1784279534.141649,1784279535.572451,1784279534.85705,1.28581818,"[dac] CH_A set to +0.227 V (code=33512)
"
643,37,1,0.2272729285811792,0.29254966668172866,0.06527673810054946,1784279535.57266,1784279537.0005782,1784279536.2866192,1.2871588,"[dac] CH_A set to +0.292 V (code=33726)
"
644,38,0,0.16199619048062974,0.2816702103316369,0.11967401985100717,1784279547.2453692,1784279548.6699069,1784279547.957638,1.29788373,"[dac] CH_A set to +0.282 V (code=33691)
"
645,38,1,0.2816702103316369,0.4013442301826441,0.11967401985100717,1784279548.670109,1784279550.101917,1784279549.386013,1.32737727,"[dac] CH_A set to +0.401 V (code=34082)
"
646,38,2,0.4013442301826441,0.5210182500336513,0.11967401985100723,1784279550.1021361,1784279551.542971,1784279550.8225536,1.35955206,"[dac] CH_A set to +0.521 V (code=34475)
"
647,38,3,0.5210182500336513,0.6406922698846584,0.11967401985100712,1784279551.5431628,1784279552.975441,1784279552.259302,1.37295821,"[dac] CH_A set to +0.641 V (code=34867)
"
648,38,4,0.6406922698846584,0.7603662897356657,0.11967401985100723,1784279552.9756548,1784279554.413737,1784279553.694696,1.42658285,"[dac] CH_A set to +0.760 V (code=35259)
"
649,38,5,0.7603662897356657,0.8800403095866729,0.11967401985100723,1784279554.4139361,1784279555.833451,1784279555.1236935,1.42792346,"[dac] CH_A set to +0.880 V (code=35651)
"
650,38,6,0.8800403095866729,0.99971432943768,0.11967401985100712,1784279555.833645,1784279557.273029,1784279556.553337,1.48288871,"[dac] CH_A set to +1.000 V (code=36043)
"
651,38,7,0.99971432943768,1.1193883492886871,0.11967401985100712,1784279557.273236,1784279558.7133691,1784279557.9933026,1.46948256,"[dac] CH_A set to +1.119 V (code=36435)
"
652,38,8,1.1193883492886871,1.2390623691396945,0.11967401985100734,1784279558.713582,1784279560.142644,1784279559.428113,1.47752625,"[dac] CH_A set to +1.239 V (code=36828)
"
653,38,9,1.2390623691396945,1.3587363889907016,0.11967401985100712,1784279560.142859,1784279561.570684,1784279560.8567715,1.50567918,"[dac] CH_A set to +1.359 V (code=37220)
"
654,38,10,1.3587363889907016,1.4784104088417087,0.11967401985100712,1784279561.5708952,1784279563.006188,1784279562.2885416,1.4989761,"[dac] CH_A set to +1.478 V (code=37612)
"
655,38,11,1.4784104088417087,1.598084428692716,0.11967401985100734,1784279563.006397,1784279564.451966,1784279563.7291815,1.52042596,"[dac] CH_A set to +1.598 V (code=38004)
"
656,39,0,1.4675309524916171,1.4022542143910677,-0.06527673810054946,1784279574.671974,1784279576.107235,1784279575.3896046,1.50567918,"[dac] CH_A set to +1.402 V (code=37362)
"
657,39,1,1.4022542143910677,1.3369774762905182,-0.06527673810054946,1784279576.107434,1784279577.5537438,1784279576.8305888,1.4815481,"[dac] CH_A set to +1.337 V (code=37149)
"
658,40,0,1.4675309524916171,1.5980844286927158,0.1305534762010987,1784279587.786348,1784279589.22217,1784279588.504259,1.49629487,"[dac] CH_A set to +1.598 V (code=38004)
"
659,40,1,1.5980844286927158,1.7286379048938145,0.1305534762010987,1784279589.222395,1784279590.6694899,1784279589.9459424,1.48556995,"[dac] CH_A set to +1.729 V (code=38432)
"
660,40,2,1.7286379048938145,1.8591913810949132,0.1305534762010987,1784279590.6696808,1784279592.1132019,1784279591.3914413,1.48020748,"[dac] CH_A set to +1.859 V (code=38860)
"
661,40,3,1.8591913810949132,1.989744857296012,0.1305534762010987,1784279592.113407,1784279593.549118,1784279592.8312626,1.48422933,"[dac] CH_A set to +1.990 V (code=39287)
"
662,40,4,1.989744857296012,2.120298333497111,0.13055347620109892,1784279593.549332,1784279594.986016,1784279594.267674,1.47484502,"[dac] CH_A set to +2.120 V (code=39715)
"
663,40,5,2.120298333497111,2.2508518096982093,0.13055347620109847,1784279594.986221,1784279596.416211,1784279595.701216,1.46412009,"[dac] CH_A set to +2.251 V (code=40143)
"
664,40,6,2.2508518096982093,2.3814052858993078,0.13055347620109847,1784279596.416407,1784279597.846303,1784279597.131355,1.44132962,"[dac] CH_A set to +2.381 V (code=40571)
"
665,40,7,2.3814052858993078,2.5119587621004067,0.13055347620109892,1784279597.846495,1784279599.2628381,1784279598.5546665,1.40647361,"[dac] CH_A set to +2.512 V (code=40999)
"
666,40,8,2.5119587621004067,2.6425122383015056,0.13055347620109892,1784279599.2630389,1784279600.679125,1784279599.971082,1.3890456,"[dac] CH_A set to +2.642 V (code=41426)
"
667,40,9,2.6425122383015056,2.773065714502604,0.13055347620109847,1784279600.679353,1784279602.117375,1784279601.398364,1.35284898,"[dac] CH_A set to +2.773 V (code=41854)
"
668,40,10,2.773065714502604,2.9036191907037026,0.13055347620109847,1784279602.117595,1784279603.5394921,1784279602.8285437,1.30726804,"[dac] CH_A set to +2.904 V (code=42282)
"
669,40,11,2.9036191907037026,3.0341726669048015,0.13055347620109892,1784279603.539698,1784279604.9612522,1784279604.250475,1.27375264,"[dac] CH_A set to +3.034 V (code=42710)
"
670,41,0,3.1647261431059004,3.23000288120645,0.06527673810054946,1784279615.2549388,1784279616.681605,1784279615.968272,1.17588768,"[dac] CH_A set to +3.230 V (code=43351)
"
671,41,1,3.23000288120645,3.2952796193069993,0.06527673810054946,1784279616.68181,1784279618.10937,1784279617.3955898,1.15711906,"[dac] CH_A set to +3.295 V (code=43565)
"
672,42,0,3.1647261431059004,3.037799152354832,-0.1269269907510684,1784279628.3468428,1784279629.7735019,1784279629.0601723,1.2616871,"[dac] CH_A set to +3.038 V (code=42722)
"
673,42,1,3.037799152354832,2.910872161603764,-0.12692699075106795,1784279629.773696,1784279631.203008,1784279630.4883518,1.29252126,"[dac] CH_A set to +2.911 V (code=42306)
"
674,42,2,2.910872161603764,2.7839451708526957,-0.1269269907510684,1784279631.2032,1784279632.622017,1784279631.9126086,1.3126305,"[dac] CH_A set to +2.784 V (code=41890)
"
675,42,3,2.7839451708526957,2.6570181801016277,-0.12692699075106795,1784279632.622236,1784279634.071357,1784279633.3467965,1.37563945,"[dac] CH_A set to +2.657 V (code=41474)
"
676,42,4,2.6570181801016277,2.5300911893505593,-0.1269269907510684,1784279634.071531,1784279635.500778,1784279634.7861545,1.37295821,"[dac] CH_A set to +2.530 V (code=41058)
"
677,42,5,2.5300911893505593,2.403164198599491,-0.1269269907510684,1784279635.500988,1784279636.928952,1784279636.21497,1.41853915,"[dac] CH_A set to +2.403 V (code=40642)
"
678,42,6,2.403164198599491,2.276237207848423,-0.12692699075106795,1784279636.929159,1784279638.369287,1784279637.6492229,1.46412009,"[dac] CH_A set to +2.276 V (code=40226)
"
679,42,7,2.276237207848423,2.149310217097355,-0.12692699075106795,1784279638.369486,1784279639.794997,1784279639.0822415,1.44132962,"[dac] CH_A set to +2.149 V (code=39810)
"
680,42,8,2.149310217097355,2.0223832263462866,-0.1269269907510684,1784279639.7951849,1784279641.2306528,1784279640.512919,1.48556995,"[dac] CH_A set to +2.022 V (code=39394)
"
681,42,9,2.0223832263462866,1.8954562355952185,-0.12692699075106817,1784279641.2308638,1784279642.670453,1784279641.9506583,1.50031672,"[dac] CH_A set to +1.895 V (code=38979)
"
682,42,10,1.8954562355952185,1.7685292448441503,-0.12692699075106817,1784279642.670677,1784279644.109914,1784279643.3902955,1.48691056,"[dac] CH_A set to +1.768 V (code=38562)
"
683,42,11,1.7685292448441503,1.641602254093082,-0.1269269907510684,1784279644.110098,1784279645.5428421,1784279644.82647,1.53785396,"[dac] CH_A set to +1.642 V (code=38147)
"
684,42,12,1.641602254093082,1.5146752633420137,-0.12692699075106817,1784279645.54304,1784279646.9821749,1784279646.2626076,1.48020748,"[dac] CH_A set to +1.515 V (code=37731)
"
685,42,13,1.5146752633420137,1.3877482725909456,-0.12692699075106817,1784279646.982383,1784279648.400237,1784279647.69131,1.51774473,"[dac] CH_A set to +1.388 V (code=37315)
"
686,42,14,1.3877482725909456,1.2608212818398774,-0.12692699075106817,1784279648.40044,1784279649.8258371,1784279649.1131387,1.50031672,"[dac] CH_A set to +1.261 V (code=36899)
"
687,42,15,1.2608212818398774,1.1338942910888092,-0.12692699075106817,1784279649.826036,1784279651.2574909,1784279650.5417633,1.49093241,"[dac] CH_A set to +1.134 V (code=36483)
"
688,42,16,1.1338942910888092,1.0069673003377408,-0.1269269907510684,1784279651.2577019,1784279652.701065,1784279651.9793835,1.46546071,"[dac] CH_A set to +1.007 V (code=36067)
"
689,42,17,1.0069673003377408,0.8800403095866729,-0.12692699075106795,1784279652.701282,1784279654.126515,1784279653.4138985,1.44267024,"[dac] CH_A set to +0.880 V (code=35651)
"
690,42,18,0.8800403095866729,0.7531133188356045,-0.1269269907510684,1784279654.126733,1784279655.554183,1784279654.840458,1.41451731,"[dac] CH_A set to +0.753 V (code=35235)
"
691,42,19,0.7531133188356045,0.6261863280845366,-0.12692699075106795,1784279655.554374,1784279656.985151,1784279656.2697625,1.38636437,"[dac] CH_A set to +0.626 V (code=34819)
"
692,42,20,0.6261863280845366,0.49925933733346817,-0.1269269907510684,1784279656.985378,1784279658.427657,1784279657.7065175,1.41317669,"[dac] CH_A set to +0.499 V (code=34404)
"
693,42,21,0.49925933733346817,0.3723323465824002,-0.12692699075106795,1784279658.4278631,1784279659.85939,1784279659.1436267,1.33944282,"[dac] CH_A set to +0.372 V (code=33987)
"
694,42,22,0.3723323465824002,0.24540535583133183,-0.1269269907510684,1784279659.8595788,1784279661.2891688,1784279660.5743737,1.2791151,"[dac] CH_A set to +0.245 V (code=33572)
"
695,42,23,0.24540535583133183,0.11847836508026344,-0.1269269907510684,1784279661.289383,1784279662.728916,1784279662.0091496,1.24962156,"[dac] CH_A set to +0.119 V (code=33156)
"
696,42,24,0.11847836508026344,-0.00844862567080451,-0.12692699075106795,1784279662.729126,1784279664.172069,1784279663.4505975,1.2281717,"[dac] CH_A set to -0.008 V (code=32740)
"
697,42,25,-0.00844862567080451,-0.1353756164218729,-0.1269269907510684,1784279664.172213,1784279665.603319,1784279664.887766,1.18259076,"[dac] CH_A set to -0.135 V (code=32324)
"
698,42,26,-0.1353756164218729,-0.26230260717294085,-0.12692699075106795,1784279665.6035311,1784279667.042718,1784279666.3231244,1.16382214,"[dac] CH_A set to -0.262 V (code=31908)
"
699,42,27,-0.26230260717294085,-0.38922959792400924,-0.1269269907510684,1784279667.042901,1784279668.489556,1784279667.7662287,1.06997903,"[dac] CH_A set to -0.389 V (code=31492)
"
700,42,28,-0.38922959792400924,-0.5161565886750772,-0.12692699075106795,1784279668.489795,1784279669.93344,1784279669.2116175,1.0337824,"[dac] CH_A set to -0.516 V (code=31076)
"
701,42,29,-0.5161565886750772,-0.6430835794261456,-0.1269269907510684,1784279669.9336362,1784279671.3609622,1784279670.6472993,0.980157768,"[dac] CH_A set to -0.643 V (code=30660)
"
702,42,30,-0.6430835794261456,-0.7700105701772135,-0.12692699075106795,1784279671.361158,1784279672.786798,1784279672.073978,0.895698969,"[dac] CH_A set to -0.770 V (code=30244)
"
703,42,31,-0.7700105701772135,-0.8969375609282819,-0.1269269907510684,1784279672.786999,1784279674.2164638,1784279673.5017314,0.856821109,"[dac] CH_A set to -0.897 V (code=29829)
"
704,42,32,-0.8969375609282819,-1.0238645516793499,-0.12692699075106795,1784279674.2166479,1784279675.63746,1784279674.927054,0.776384158,"[dac] CH_A set to -1.024 V (code=29412)
"
705,42,33,-1.0238645516793499,-1.1507915424304187,-0.12692699075106884,1784279675.637681,1784279677.075725,1784279676.356703,0.754934304,"[dac] CH_A set to -1.151 V (code=28997)
"
706,42,34,-1.1507915424304187,-1.2777185331814866,-0.12692699075106795,1784279677.075933,1784279678.501811,1784279677.788872,0.68522228,"[dac] CH_A set to -1.278 V (code=28581)
"
707,42,35,-1.2777185331814866,-1.4046455239325542,-0.1269269907510675,1784279678.502018,1784279679.930376,1784279679.216197,0.619532103,"[dac] CH_A set to -1.405 V (code=28165)
"
708,43,0,-1.535199000133653,-1.6004757382342025,-0.06527673810054946,1784279690.1653178,1784279691.6126301,1784279690.888974,0.553841926,"[dac] CH_A set to -1.600 V (code=27523)
"
709,43,1,-1.6004757382342025,-1.665752476334752,-0.06527673810054946,1784279691.612843,1784279693.0415108,1784279692.327177,0.533732688,"[dac] CH_A set to -1.666 V (code=27309)
"
710,44,0,-1.535199000133653,-1.4046455239325544,0.1305534762010987,1784279703.268227,1784279704.7034261,1784279703.9858265,0.612829023,"[dac] CH_A set to -1.405 V (code=28165)
"
711,44,1,-1.4046455239325544,-1.2740920477314557,0.1305534762010987,1784279704.7036102,1784279706.142025,1784279705.4228177,0.635619493,"[dac] CH_A set to -1.274 V (code=28593)
"
712,44,2,-1.2740920477314557,-1.1435385715303572,0.13055347620109847,1784279706.142244,1784279707.571563,1784279706.8569036,0.722759524,"[dac] CH_A set to -1.143 V (code=29021)
"
713,44,3,-1.1435385715303572,-1.0129850953292583,0.13055347620109892,1784279707.5717828,1784279709.008729,1784279708.290256,0.773702926,"[dac] CH_A set to -1.013 V (code=29448)
"
714,44,4,-1.0129850953292583,-0.8824316191281597,0.13055347620109858,1784279709.00894,1784279710.44959,1784279709.729265,0.819283865,"[dac] CH_A set to -0.882 V (code=29876)
"
715,44,5,-0.8824316191281597,-0.7518781429270611,0.13055347620109858,1784279710.44981,1784279711.8896818,1784279711.169746,0.876930347,"[dac] CH_A set to -0.752 V (code=30304)
"
716,44,6,-0.7518781429270611,-0.6213246667259624,0.1305534762010987,1784279711.889892,1784279713.321122,1784279712.605507,0.94396114,"[dac] CH_A set to -0.621 V (code=30732)
"
717,44,7,-0.6213246667259624,-0.49077119052486373,0.1305534762010987,1784279713.321343,1784279714.76838,1784279714.0448613,0.980157768,"[dac] CH_A set to -0.491 V (code=31159)
"
718,44,8,-0.49077119052486373,-0.36021771432376504,0.1305534762010987,1784279714.7685928,1784279716.199264,1784279715.4839284,1.04048548,"[dac] CH_A set to -0.360 V (code=31587)
"
719,44,9,-0.36021771432376504,-0.22966423812266634,0.1305534762010987,1784279716.199475,1784279717.63812,1784279716.9187975,1.10215381,"[dac] CH_A set to -0.230 V (code=32015)
"
720,44,10,-0.22966423812266634,-0.09911076192156765,0.1305534762010987,1784279717.6383371,1784279719.0651698,1784279718.3517535,1.16248152,"[dac] CH_A set to -0.099 V (code=32443)
"
721,44,11,-0.09911076192156765,0.031442714279530826,0.13055347620109847,1784279719.065363,1784279720.5051,1784279719.7852316,1.19867815,"[dac] CH_A set to +0.031 V (code=32870)
"
722,44,12,0.031442714279530826,0.16199619048062952,0.1305534762010987,1784279720.5052958,1784279721.9457211,1784279721.2255085,1.26570895,"[dac] CH_A set to +0.162 V (code=33298)
"
723,44,13,0.16199619048062952,0.2925496666817282,0.1305534762010987,1784279721.945956,1784279723.384096,1784279722.665026,1.27643387,"[dac] CH_A set to +0.292 V (code=33726)
"
724,44,14,0.2925496666817282,0.4231031428828269,0.1305534762010987,1784279723.384285,1784279724.818984,1784279724.1016345,1.34882713,"[dac] CH_A set to +0.423 V (code=34154)
"
725,44,15,0.4231031428828269,0.5536566190839256,0.1305534762010987,1784279724.8191512,1784279726.246867,1784279725.533009,1.35821144,"[dac] CH_A set to +0.554 V (code=34582)
"
726,45,0,0.6842100952850245,0.749486833385574,0.06527673810054946,1784279736.497649,1784279737.9331079,1784279737.2153783,1.39574868,"[dac] CH_A set to +0.749 V (code=35223)
"
727,45,1,0.749486833385574,0.8147635714861234,0.06527673810054946,1784279737.93331,1784279739.3689852,1784279738.6511476,1.42658285,"[dac] CH_A set to +0.815 V (code=35437)
"
728,46,0,0.6842100952850245,0.7821252024358487,0.09791510715082419,1784279749.598809,1784279751.014111,1784279750.30646,1.45741701,"[dac] CH_A set to +0.782 V (code=35330)
"
729,46,1,0.7821252024358487,0.8800403095866729,0.09791510715082419,1784279751.0142899,1784279752.4581509,1784279751.7362204,1.45473578,"[dac] CH_A set to +0.880 V (code=35651)
"
730,46,2,0.8800403095866729,0.9779554167374971,0.09791510715082419,1784279752.458356,1784279753.8974452,1784279753.1779006,1.42658285,"[dac] CH_A set to +0.978 V (code=35972)
"
731,46,3,0.9779554167374971,1.0758705238883213,0.09791510715082419,1784279753.897674,1784279755.316801,1784279754.6072376,1.45473578,"[dac] CH_A set to +1.076 V (code=36293)
"
732,47,0,0.9453170476872224,0.8800403095866729,-0.06527673810054946,1784279765.5932071,1784279767.0491362,1784279766.3211718,1.4306047,"[dac] CH_A set to +0.880 V (code=35651)
"
733,47,1,0.8800403095866729,0.8147635714861234,-0.06527673810054946,1784279767.0493472,1784279768.495183,1784279767.772265,1.41585792,"[dac] CH_A set to +0.815 V (code=35437)
"
734,48,0,0.9453170476872224,1.075870523888321,0.1305534762010987,1784279778.6867478,1784279780.115217,1784279779.4009824,1.4560764,"[dac] CH_A set to +1.076 V (code=36293)
"
735,48,1,1.075870523888321,1.2064240000894197,0.1305534762010987,1784279780.115427,1784279781.53731,1784279780.8263683,1.50299795,"[dac] CH_A set to +1.206 V (code=36721)
"
736,48,2,1.2064240000894197,1.3369774762905182,0.13055347620109847,1784279781.5374908,1784279782.9749298,1784279782.2562103,1.49227303,"[dac] CH_A set to +1.337 V (code=37149)
"
737,48,3,1.3369774762905182,1.4675309524916171,0.13055347620109892,1784279782.975148,1784279784.413016,1784279783.694082,1.51104165,"[dac] CH_A set to +1.467 V (code=37576)
"
738,48,4,1.4675309524916171,1.5980844286927156,0.13055347620109847,1784279784.4132302,1784279785.8583128,1784279785.1357715,1.49227303,"[dac] CH_A set to +1.598 V (code=38004)
"
739,48,5,1.5980844286927156,1.7286379048938143,0.1305534762010987,1784279785.858523,1784279787.2959008,1784279786.5772119,1.53785396,"[dac] CH_A set to +1.729 V (code=38432)
"
740,48,6,1.7286379048938143,1.859191381094913,0.1305534762010987,1784279787.296083,1784279788.734967,1784279788.0155249,1.50031672,"[dac] CH_A set to +1.859 V (code=38860)
"
741,48,7,1.859191381094913,1.9897448572960117,0.1305534762010987,1784279788.735181,1784279790.167051,1784279789.451116,1.49763549,"[dac] CH_A set to +1.990 V (code=39287)
"
742,48,8,1.9897448572960117,2.1202983334971104,0.1305534762010987,1784279790.167261,1784279791.60052,1784279790.8838904,1.52981027,"[dac] CH_A set to +2.120 V (code=39715)
"
743,48,9,2.1202983334971104,2.250851809698209,0.13055347620109847,1784279791.6007118,1784279793.0381389,1784279792.3194253,1.44937332,"[dac] CH_A set to +2.251 V (code=40143)
"
744,48,10,2.250851809698209,2.3814052858993078,0.13055347620109892,1784279793.038344,1784279794.472236,1784279793.75529,1.41317669,"[dac] CH_A set to +2.381 V (code=40571)
"
745,48,11,2.3814052858993078,2.5119587621004063,0.13055347620109847,1784279794.472438,1784279795.909128,1784279795.190783,1.40915484,"[dac] CH_A set to +2.512 V (code=40999)
"
746,48,12,2.5119587621004063,2.6425122383015047,0.13055347620109847,1784279795.9093409,1784279797.335298,1784279796.6223195,1.39440807,"[dac] CH_A set to +2.642 V (code=41426)
"
747,48,13,2.6425122383015047,2.7730657145026036,0.13055347620109892,1784279797.335519,1784279798.77294,1784279798.0542295,1.32201481,"[dac] CH_A set to +2.773 V (code=41854)
"
748,48,14,2.7730657145026036,2.9036191907037026,0.13055347620109892,1784279798.773112,1784279800.2032828,1784279799.4881973,1.31397112,"[dac] CH_A set to +2.904 V (code=42282)
"
749,48,15,2.9036191907037026,3.034172666904801,0.13055347620109847,1784279800.2034612,1784279801.642451,1784279800.922956,1.27375264,"[dac] CH_A set to +3.034 V (code=42710)
"
750,48,16,3.034172666904801,3.1647261431058995,0.13055347620109847,1784279801.642661,1784279803.068745,1784279802.3557029,1.21208431,"[dac] CH_A set to +3.165 V (code=43137)
"
751,48,17,3.1647261431058995,3.2952796193069984,0.13055347620109892,1784279803.068943,1784279804.503092,1784279803.7860174,1.15980029,"[dac] CH_A set to +3.295 V (code=43565)
"
752,48,18,3.2952796193069984,3.425833095508097,0.13055347620109847,1784279804.503318,1784279805.9425752,1784279805.2229466,1.14103167,"[dac] CH_A set to +3.426 V (code=43993)
"
753,48,19,3.425833095508097,3.556386571709196,0.13055347620109892,1784279805.942764,1784279807.374597,1784279806.6586804,1.03914487,"[dac] CH_A set to +3.556 V (code=44421)
"
754,48,20,3.556386571709196,3.6869400479102943,0.13055347620109847,1784279807.3748622,1784279808.816142,1784279808.0955021,0.970773457,"[dac] CH_A set to +3.687 V (code=44849)
"
755,48,21,3.6869400479102943,3.817493524111393,0.13055347620109892,1784279808.816336,1784279810.249635,1784279809.5329854,0.953345451,"[dac] CH_A set to +3.818 V (code=45276)
"
756,48,22,3.817493524111393,3.9480470003124917,0.13055347620109847,1784279810.249859,1784279811.683676,1784279810.9667675,0.894358353,"[dac] CH_A set to +3.948 V (code=45704)
"
757,48,23,3.9480470003124917,4.07860047651359,0.13055347620109847,1784279811.683893,1784279813.1200671,1784279812.40198,0.843414951,"[dac] CH_A set to +4.079 V (code=46132)
"
758,48,24,4.07860047651359,4.209153952714689,0.13055347620109892,1784279813.1202838,1784279814.555079,1784279813.8376813,0.808558939,"[dac] CH_A set to +4.209 V (code=46560)
"
759,48,25,4.209153952714689,4.339707428915787,0.13055347620109803,1784279814.555279,1784279815.9764612,1784279815.26587,0.702650286,"[dac] CH_A set to +4.340 V (code=46988)
"
760,48,26,4.339707428915787,4.470260905116886,0.13055347620109892,1784279815.976661,1784279817.4157069,1784279816.696184,0.654388115,"[dac] CH_A set to +4.470 V (code=47416)
"
761,48,27,4.470260905116886,4.600814381317985,0.13055347620109892,1784279817.415963,1784279818.854203,1784279818.135083,0.592719786,"[dac] CH_A set to +4.601 V (code=47843)
"
762,48,28,4.600814381317985,4.731367857519084,0.13055347620109892,1784279818.854431,1784279820.3018649,1784279819.578148,0.520326529,"[dac] CH_A set to +4.731 V (code=48271)
"
763,48,29,4.731367857519084,4.861921333720183,0.13055347620109892,1784279820.3020768,1784279821.74912,1784279821.0255985,0.472064358,"[dac] CH_A set to +4.862 V (code=48699)
"
764,48,30,4.861921333720183,4.992474809921281,0.13055347620109803,1784279821.749316,1784279823.180131,1784279822.4647236,0.391627407,"[dac] CH_A set to +4.992 V (code=49127)
"
765,48,31,4.992474809921281,5.12302828612238,0.13055347620109892,1784279823.180347,1784279824.624505,1784279823.902426,0.362133858,"[dac] CH_A set to +5.123 V (code=49554)
"
766,48,32,5.12302828612238,5.253581762323479,0.13055347620109892,1784279824.624712,1784279826.069223,1784279825.3469675,0.324596614,"[dac] CH_A set to +5.254 V (code=49982)
"
767,48,33,5.253581762323479,5.384135238524577,0.13055347620109803,1784279826.0694358,1784279827.515135,1784279826.7922854,0.265609517,"[dac] CH_A set to +5.384 V (code=50410)
"
768,48,34,5.384135238524577,5.514688714725676,0.13055347620109892,1784279827.515358,1784279828.9412212,1784279828.2282896,0.252203358,"[dac] CH_A set to +5.515 V (code=50838)
"
769,48,35,5.514688714725676,5.6452421909267745,0.13055347620109892,1784279828.9414332,1784279830.371493,1784279829.6564631,0.166403943,"[dac] CH_A set to +5.645 V (code=51265)
"
770,48,36,5.6452421909267745,5.775795667127873,0.13055347620109892,1784279830.371694,1784279831.792157,1784279831.0819254,0.148975937,"[dac] CH_A set to +5.776 V (code=51693)
"
771,49,0,5.906349143328972,5.971625881429522,0.06527673810054946,1784279842.0076501,1784279843.4454248,1784279842.7265375,0.0859669918,"[dac] CH_A set to +5.972 V (code=52335)
"
772,49,1,5.971625881429522,6.036902619530071,0.06527673810054946,1784279843.445608,1784279844.8815181,1784279844.163563,0.0819451442,"[dac] CH_A set to +6.037 V (code=52549)
"
773,50,0,5.906349143328972,5.775795667127873,-0.13055347620109892,1784279855.1207092,1784279856.5486348,1784279855.834672,0.128866699,"[dac] CH_A set to +5.776 V (code=51693)
"
774,50,1,5.775795667127873,5.6452421909267745,-0.13055347620109892,1784279856.5488489,1784279857.986869,1784279857.267859,0.175788254,"[dac] CH_A set to +5.645 V (code=51265)
"
775,50,2,5.6452421909267745,5.5146887147256765,-0.13055347620109803,1784279857.9870641,1784279859.428042,1784279858.707553,0.205281803,"[dac] CH_A set to +5.515 V (code=50838)
"
776,50,3,5.5146887147256765,5.3841352385245775,-0.13055347620109892,1784279859.428243,1784279860.8744829,1784279860.151363,0.292421834,"[dac] CH_A set to +5.384 V (code=50410)
"
777,50,4,5.3841352385245775,5.253581762323479,-0.13055347620109892,1784279860.8746948,1784279862.312161,1784279861.593428,0.266950132,"[dac] CH_A set to +5.254 V (code=49982)
"
778,50,5,5.253581762323479,5.123028286122381,-0.13055347620109803,1784279862.312382,1784279863.749176,1784279863.030779,0.351408931,"[dac] CH_A set to +5.123 V (code=49554)
"
779,50,6,5.123028286122381,4.992474809921282,-0.13055347620109892,1784279863.749397,1784279865.178227,1784279864.4638119,0.391627407,"[dac] CH_A set to +4.992 V (code=49127)
"
780,50,7,4.992474809921282,4.861921333720183,-0.13055347620109892,1784279865.178441,1784279866.6110551,1784279865.8947482,0.423802188,"[dac] CH_A set to +4.862 V (code=48699)
"
781,50,8,4.861921333720183,4.731367857519084,-0.13055347620109892,1784279866.611254,1784279868.046953,1784279867.3291035,0.510942218,"[dac] CH_A set to +4.731 V (code=48271)
"
782,50,9,4.731367857519084,4.600814381317985,-0.13055347620109892,1784279868.047159,1784279869.479441,1784279868.7633,0.535073304,"[dac] CH_A set to +4.601 V (code=47843)
"
783,50,10,4.600814381317985,4.470260905116887,-0.13055347620109803,1784279869.4796832,1784279870.904042,1784279870.1918626,0.5685887,"[dac] CH_A set to +4.470 V (code=47416)
"
784,50,11,4.470260905116887,4.339707428915788,-0.13055347620109892,1784279870.9042602,1784279872.3445692,1784279871.6244147,0.643663188,"[dac] CH_A set to +4.340 V (code=46988)
"
785,50,12,4.339707428915788,4.209153952714689,-0.13055347620109892,1784279872.344772,1784279873.780194,1784279873.062483,0.70130967,"[dac] CH_A set to +4.209 V (code=46560)
"
786,50,13,4.209153952714689,4.078600476513591,-0.13055347620109803,1784279873.78043,1784279875.206666,1784279874.493548,0.783087237,"[dac] CH_A set to +4.079 V (code=46132)
"
787,50,14,4.078600476513591,3.948047000312492,-0.13055347620109892,1784279875.206879,1784279876.6424372,1784279875.924658,0.823305713,"[dac] CH_A set to +3.948 V (code=45704)
"
788,50,15,3.948047000312492,3.817493524111393,-0.13055347620109892,1784279876.642623,1784279878.0886688,1784279877.365646,0.886314658,"[dac] CH_A set to +3.818 V (code=45276)
"
789,50,16,3.817493524111393,3.6869400479102943,-0.13055347620109892,1784279878.088886,1784279879.518385,1784279878.8036356,0.949323603,"[dac] CH_A set to +3.687 V (code=44849)
"
790,50,17,3.6869400479102943,3.556386571709196,-0.13055347620109847,1784279879.518591,1784279880.9574249,1784279880.238008,0.993563927,"[dac] CH_A set to +3.556 V (code=44421)
"
791,50,18,3.556386571709196,3.4258330955080973,-0.13055347620109847,1784279880.957665,1784279882.38738,1784279881.6725225,1.01903563,"[dac] CH_A set to +3.426 V (code=43993)
"
792,50,19,3.4258330955080973,3.2952796193069984,-0.13055347620109892,1784279882.387611,1784279883.8238258,1784279883.1057184,1.13030674,"[dac] CH_A set to +3.295 V (code=43565)
"
793,50,20,3.2952796193069984,3.1647261431058995,-0.13055347620109892,1784279883.8240352,1784279885.2555158,1784279884.5397754,1.12762551,"[dac] CH_A set to +3.165 V (code=43137)
"
794,50,21,3.1647261431058995,3.034172666904801,-0.13055347620109847,1784279885.255697,1784279886.701306,1784279885.9785016,1.17990953,"[dac] CH_A set to +3.034 V (code=42710)
"
795,50,22,3.034172666904801,2.9036191907037026,-0.13055347620109847,1784279886.7015061,1784279888.14352,1784279887.422513,1.20940308,"[dac] CH_A set to +2.904 V (code=42282)
"
796,50,23,2.9036191907037026,2.7730657145026036,-0.13055347620109892,1784279888.143748,1784279889.580229,1784279888.8619885,1.29654311,"[dac] CH_A set to +2.773 V (code=41854)
"
797,50,24,2.7730657145026036,2.6425122383015047,-0.13055347620109892,1784279889.5804439,1784279891.01267,1784279890.296557,1.31933358,"[dac] CH_A set to +2.642 V (code=41426)
"
798,50,25,2.6425122383015047,2.5119587621004063,-0.13055347620109847,1784279891.012862,1784279892.43871,1784279891.725786,1.36089267,"[dac] CH_A set to +2.512 V (code=40999)
"
799,50,26,2.5119587621004063,2.3814052858993078,-0.13055347620109847,1784279892.4388978,1784279893.878249,1784279893.1585734,1.422561,"[dac] CH_A set to +2.381 V (code=40571)
"
800,50,27,2.3814052858993078,2.250851809698209,-0.13055347620109892,1784279893.87846,1784279895.319268,1784279894.598864,1.43328593,"[dac] CH_A set to +2.251 V (code=40143)
"
801,50,28,2.250851809698209,2.12029833349711,-0.13055347620109892,1784279895.319516,1784279896.768092,1784279896.043804,1.44535147,"[dac] CH_A set to +2.120 V (code=39715)
"
802,50,29,2.12029833349711,1.9897448572960115,-0.13055347620109847,1784279896.768306,1784279898.211103,1784279897.4897046,1.44669209,"[dac] CH_A set to +1.990 V (code=39287)
"
803,50,30,1.9897448572960115,1.859191381094913,-0.13055347620109847,1784279898.2113001,1784279899.648842,1784279898.930071,1.50031672,"[dac] CH_A set to +1.859 V (code=38860)
"
804,50,31,1.859191381094913,1.728637904893814,-0.13055347620109892,1784279899.6490712,1784279901.07438,1784279900.3617256,1.51238226,"[dac] CH_A set to +1.729 V (code=38432)
"
805,50,32,1.728637904893814,1.5980844286927152,-0.13055347620109892,1784279901.07459,1784279902.5089018,1784279901.791746,1.52846965,"[dac] CH_A set to +1.598 V (code=38004)
"
806,50,33,1.5980844286927152,1.4675309524916162,-0.13055347620109892,1784279902.509104,1784279903.955761,1784279903.2324324,1.49763549,"[dac] CH_A set to +1.467 V (code=37576)
"
807,50,34,1.4675309524916162,1.3369774762905182,-0.13055347620109803,1784279903.955965,1784279905.397156,1784279904.6765604,1.49763549,"[dac] CH_A set to +1.337 V (code=37149)
"
808,50,35,1.3369774762905182,1.2064240000894193,-0.13055347620109892,1784279905.397407,1784279906.830847,1784279906.1141272,1.52846965,"[dac] CH_A set to +1.206 V (code=36721)
"
809,50,36,1.2064240000894193,1.0758705238883204,-0.13055347620109892,1784279906.831043,1784279908.2594728,1784279907.545258,1.49093241,"[dac] CH_A set to +1.076 V (code=36293)
"
810,50,37,1.0758705238883204,0.9453170476872224,-0.13055347620109803,1784279908.25969,1784279909.691255,1784279908.9754725,1.46814194,"[dac] CH_A set to +0.945 V (code=35865)
"
811,50,38,0.9453170476872224,0.8147635714861234,-0.13055347620109892,1784279909.691473,1784279911.1362739,1784279910.4138734,1.46814194,"[dac] CH_A set to +0.815 V (code=35437)
"
812,50,39,0.8147635714861234,0.6842100952850245,-0.13055347620109892,1784279911.136466,1784279912.5744488,1784279911.8554573,1.44401085,"[dac] CH_A set to +0.684 V (code=35009)
"
813,50,40,0.6842100952850245,0.5536566190839256,-0.13055347620109892,1784279912.5746539,1784279914.00961,1784279913.292132,1.40513299,"[dac] CH_A set to +0.554 V (code=34582)
"
814,50,41,0.5536566190839256,0.4231031428828267,-0.13055347620109892,1784279914.0098162,1784279915.428415,1784279914.7191157,1.40513299,"[dac] CH_A set to +0.423 V (code=34154)
"
815,50,42,0.4231031428828267,0.29254966668172866,-0.13055347620109803,1784279915.4286091,1784279916.8461518,1784279916.1373806,1.33542097,"[dac] CH_A set to +0.292 V (code=33726)
"
816,50,43,0.29254966668172866,0.16199619048062974,-0.13055347620109892,1784279916.846347,1784279918.274663,1784279917.560505,1.30592742,"[dac] CH_A set to +0.162 V (code=33298)
"
817,50,44,0.16199619048062974,0.031442714279530826,-0.13055347620109892,1784279918.274878,1784279919.707103,1784279918.9909906,1.25900587,"[dac] CH_A set to +0.031 V (code=32870)
"
818,50,45,0.031442714279530826,-0.0991107619215672,-0.13055347620109803,1784279919.7073011,1784279921.145708,1784279920.4265046,1.20404062,"[dac] CH_A set to -0.099 V (code=32443)
"
819,50,46,-0.0991107619215672,-0.22966423812266612,-0.13055347620109892,1784279921.145921,1784279922.5894148,1784279921.867668,1.15711906,"[dac] CH_A set to -0.230 V (code=32015)
"
820,50,47,-0.22966423812266612,-0.36021771432376504,-0.13055347620109892,1784279922.5896032,1784279924.020264,1784279923.3049335,1.09947258,"[dac] CH_A set to -0.360 V (code=31587)
"
821,50,48,-0.36021771432376504,-0.49077119052486395,-0.13055347620109892,1784279924.02047,1784279925.451227,1784279924.7358484,1.05791349,"[dac] CH_A set to -0.491 V (code=31159)
"
822,50,49,-0.49077119052486395,-0.6213246667259629,-0.13055347620109892,1784279925.451405,1784279926.890094,1784279926.1707497,1.00428885,"[dac] CH_A set to -0.621 V (code=30732)
"
823,50,50,-0.6213246667259629,-0.7518781429270609,-0.13055347620109803,1784279926.890291,1784279928.319226,1784279927.6047585,0.953345451,"[dac] CH_A set to -0.752 V (code=30304)
"
824,50,51,-0.7518781429270609,-0.8824316191281598,-0.13055347620109892,1784279928.319424,1784279929.7585762,1784279929.039,0.918489439,"[dac] CH_A set to -0.882 V (code=29876)
"
825,50,52,-0.8824316191281598,-1.0129850953292587,-0.13055347620109892,1784279929.758765,1784279931.197324,1784279930.4780445,0.83403064,"[dac] CH_A set to -1.013 V (code=29448)
"
826,50,53,-1.0129850953292587,-1.1435385715303568,-0.13055347620109803,1784279931.197539,1784279932.626126,1784279931.9118326,0.783087237,"[dac] CH_A set to -1.143 V (code=29021)
"
827,50,54,-1.1435385715303568,-1.2740920477314557,-0.13055347620109892,1784279932.626336,1784279934.066632,1784279933.3464842,0.745549993,"[dac] CH_A set to -1.274 V (code=28593)
"
828,50,55,-1.2740920477314557,-1.4046455239325546,-0.13055347620109892,1784279934.066817,1784279935.505454,1784279934.7861357,0.669134889,"[dac] CH_A set to -1.405 V (code=28165)
"
829,50,56,-1.4046455239325546,-1.5351990001336535,-0.13055347620109892,1784279935.5056572,1784279936.933005,1784279936.2193313,0.616850871,"[dac] CH_A set to -1.535 V (code=27737)
"
830,50,57,-1.5351990001336535,-1.6657524763347524,-0.13055347620109892,1784279936.933198,1784279938.3713632,1784279937.6522806,0.531051456,"[dac] CH_A set to -1.666 V (code=27309)
"
831,50,58,-1.6657524763347524,-1.7963059525358505,-0.13055347620109803,1784279938.371566,1784279939.8142211,1784279939.0928936,0.504239139,"[dac] CH_A set to -1.796 V (code=26881)
"
832,50,59,-1.7963059525358505,-1.9268594287369494,-0.13055347620109892,1784279939.8144572,1784279941.256565,1784279940.535511,0.455976968,"[dac] CH_A set to -1.927 V (code=26454)
"
833,50,60,-1.9268594287369494,-2.0574129049380483,-0.13055347620109892,1784279941.256753,1784279942.684469,1784279941.970611,0.355430779,"[dac] CH_A set to -2.057 V (code=26026)
"
834,50,61,-2.0574129049380483,-2.1879663811391463,-0.13055347620109803,1784279942.684694,1784279944.124309,1784279943.4045014,0.316552919,"[dac] CH_A set to -2.188 V (code=25598)
"
835,50,62,-2.1879663811391463,-2.3185198573402452,-0.13055347620109892,1784279944.124502,1784279945.5679202,1784279944.846211,0.300465529,"[dac] CH_A set to -2.319 V (code=25170)
"
836,50,63,-2.3185198573402452,-2.449073333541344,-0.13055347620109892,1784279945.568107,1784279946.997834,1784279946.2829704,0.236115968,"[dac] CH_A set to -2.449 V (code=24742)
"
837,50,64,-2.449073333541344,-2.579626809742443,-0.13055347620109892,1784279946.998042,1784279948.423367,1784279947.7107046,0.202600571,"[dac] CH_A set to -2.580 V (code=24315)
"
838,50,65,-2.579626809742443,-2.710180285943542,-0.13055347620109892,1784279948.423577,1784279949.861794,1784279949.1426854,0.155679016,"[dac] CH_A set to -2.710 V (code=23887)
"
839,50,66,-2.710180285943542,-2.840733762144641,-0.13055347620109892,1784279949.8620129,1784279951.2965791,1784279950.579296,0.136910394,"[dac] CH_A set to -2.841 V (code=23459)
"
840,50,67,-2.840733762144641,-2.97128723834574,-0.13055347620109892,1784279951.296784,1784279952.728957,1784279952.0128703,0.124844852,"[dac] CH_A set to -2.971 V (code=23031)
"
841,50,68,-2.97128723834574,-3.101840714546837,-0.13055347620109714,1784279952.729152,1784279954.177052,1784279953.453102,0.0631765222,"[dac] CH_A set to -3.102 V (code=22604)
"
842,50,69,-3.101840714546837,-3.232394190747936,-0.13055347620109892,1784279954.1772559,1784279955.630361,1784279954.9038086,0.0417266685,"[dac] CH_A set to -3.232 V (code=22176)
"
843,50,70,-3.232394190747936,-3.362947666949035,-0.13055347620109892,1784279955.630542,1784279957.0676181,1784279956.34908,0.037704821,"[dac] CH_A set to -3.363 V (code=21748)
"
844,50,71,-3.362947666949035,-3.4935011431501337,-0.13055347620109892,1784279957.067808,1784279958.5068438,1784279957.7873259,0.00553017459,"[dac] CH_A set to -3.493 V (code=21320)
"
845,50,72,-3.4935011431501337,-3.6240546193512326,-0.13055347620109892,1784279958.507039,1784279959.9443111,1784279959.225675,0.0135737355,"[dac] CH_A set to -3.624 V (code=20892)
"
846,50,73,-3.6240546193512326,-3.7546080955523315,-0.13055347620109892,1784279959.94452,1784279961.373329,1784279960.6589246,0.0122332082,"[dac] CH_A set to -3.755 V (code=20465)
"
847,50,74,-3.7546080955523315,-3.8851615717534305,-0.13055347620109892,1784279961.373533,1784279962.812738,1784279962.0931354,-0.00117285902,"[dac] CH_A set to -3.885 V (code=20037)
"
848,50,75,-3.8851615717534305,-4.015715047954528,-0.13055347620109714,1784279962.812938,1784279964.2426848,1784279963.5278115,0.02832051,"[dac] CH_A set to -4.016 V (code=19609)
"
849,50,76,-4.015715047954528,-4.1462685241556265,-0.13055347620109892,1784279964.242887,1784279965.679523,1784279964.961205,0.0108925038,"[dac] CH_A set to -4.146 V (code=19181)
"
850,51,0,-4.276822000356725,-4.342098738457275,-0.06527673810054946,1784279975.947052,1784279977.384778,1784279976.665915,0.047089132,"[dac] CH_A set to -4.342 V (code=18540)
"
851,51,1,-4.342098738457275,-4.407375476557824,-0.06527673810054946,1784279977.384984,1784279978.826848,1784279978.105916,0.0511109795,"[dac] CH_A set to -4.407 V (code=18326)
"
852,52,0,-4.276822000356725,-4.1462685241556265,0.13055347620109892,1784279989.0618749,1784279990.495606,1784279989.7787404,0.0390454368,"[dac] CH_A set to -4.146 V (code=19181)
"
853,52,1,-4.1462685241556265,-4.0157150479545285,0.13055347620109803,1784279990.4958138,1784279991.9283662,1784279991.21209,0.0028488087,"[dac] CH_A set to -4.016 V (code=19609)
"
854,52,2,-4.0157150479545285,-3.8851615717534296,0.13055347620109892,1784279991.928542,1784279993.3604631,1784279992.6445026,-0.0333466832,"[dac] CH_A set to -3.885 V (code=20037)
"
855,52,3,-3.8851615717534296,-3.7546080955523307,0.13055347620109892,1784279993.3606558,1784279994.799714,1784279994.080185,0.0108925038,"[dac] CH_A set to -3.755 V (code=20465)
"
856,52,4,-3.7546080955523307,-3.624054619351232,0.13055347620109847,1784279994.7999208,1784279996.238809,1784279995.5193648,0.00821127212,"[dac] CH_A set to -3.624 V (code=20892)
"
857,52,5,-3.624054619351232,-3.4935011431501337,0.13055347620109847,1784279996.2390132,1784279997.671325,1784279996.9551692,0.0310017417,"[dac] CH_A set to -3.493 V (code=21320)
"
858,52,6,-3.4935011431501337,-3.362947666949035,0.13055347620109892,1784279997.671521,1784279999.102435,1784279998.3869781,0.0551328271,"[dac] CH_A set to -3.363 V (code=21748)
"
859,52,7,-3.362947666949035,-3.232394190747936,0.13055347620109892,1784279999.102645,1784280000.533807,1784279999.8182259,0.0403860527,"[dac] CH_A set to -3.232 V (code=22176)
"
860,52,8,-3.232394190747936,-3.1018407145468374,0.13055347620109847,1784280000.534011,1784280001.9704168,1784280001.252214,0.0578140588,"[dac] CH_A set to -3.102 V (code=22604)
"
861,52,9,-3.1018407145468374,-2.971287238345739,0.13055347620109847,1784280001.970625,1784280003.40704,1784280002.6888325,0.0685389857,"[dac] CH_A set to -2.971 V (code=23031)
"
862,52,10,-2.971287238345739,-2.84073376214464,0.13055347620109892,1784280003.407254,1784280004.851626,1784280004.1294398,0.100713766,"[dac] CH_A set to -2.841 V (code=23459)
"
863,52,11,-2.84073376214464,-2.7101802859435415,0.13055347620109847,1784280004.851825,1784280006.2907982,1784280005.5713115,0.128866699,"[dac] CH_A set to -2.710 V (code=23887)
"
864,52,12,-2.7101802859435415,-2.579626809742443,0.13055347620109847,1784280006.291022,1784280007.7315378,1784280007.01128,0.157019632,"[dac] CH_A set to -2.580 V (code=24315)
"
865,52,13,-2.579626809742443,-2.449073333541344,0.13055347620109892,1784280007.7317162,1784280009.165442,1784280008.448579,0.191875644,"[dac] CH_A set to -2.449 V (code=24742)
"
866,52,14,-2.449073333541344,-2.3185198573402452,0.13055347620109892,1784280009.165636,1784280010.588414,1784280009.8770251,0.233434736,"[dac] CH_A set to -2.319 V (code=25170)
"
867,52,15,-2.3185198573402452,-2.1879663811391468,0.13055347620109847,1784280010.588608,1784280012.0186298,1784280011.303619,0.273653212,"[dac] CH_A set to -2.188 V (code=25598)
"
868,52,16,-2.1879663811391468,-2.0574129049380483,0.13055347620109847,1784280012.0188491,1784280013.448713,1784280012.733781,0.289740602,"[dac] CH_A set to -2.057 V (code=26026)
"
869,52,17,-2.0574129049380483,-1.9268594287369494,0.13055347620109892,1784280013.4489238,1784280014.896172,1784280014.1725478,0.379561864,"[dac] CH_A set to -1.927 V (code=26454)
"
870,53,0,-1.7963059525358505,-1.731029214435301,0.06527673810054946,1784280025.122554,1784280026.5722308,1784280025.8473926,0.453295737,"[dac] CH_A set to -1.731 V (code=27095)
"
871,53,1,-1.731029214435301,-1.6657524763347515,0.06527673810054946,1784280026.5723991,1784280028.010466,1784280027.2914326,0.469383127,"[dac] CH_A set to -1.666 V (code=27309)
"
