sequence_index,observation_sequence_index,bridge_step_index,from_bias,bias,delta_bias,t_start_unix,t_end_unix,t_mid_unix,dc_dmm,dac_response
0,0,0,0.0,-0.12965511293596924,-0.12965511293596924,1784371556.3786082,1784371557.8281338,1784371557.1033711,1.00294824,"[dac] CH_A set to -0.130 V (code=32343)
"
1,0,1,-0.12965511293596924,-0.25931022587193847,-0.12965511293596924,1784371557.828458,1784371559.275969,1784371558.5522137,0.914467591,"[dac] CH_A set to -0.259 V (code=31918)
"
2,0,2,-0.25931022587193847,-0.38896533880790773,-0.12965511293596926,1784371559.276144,1784371560.691013,1784371559.9835787,0.88899589,"[dac] CH_A set to -0.389 V (code=31493)
"
3,0,3,-0.38896533880790773,-0.5186204517438769,-0.1296551129359692,1784371560.691263,1784371562.128711,1784371561.409987,0.799174628,"[dac] CH_A set to -0.519 V (code=31068)
"
4,0,4,-0.5186204517438769,-0.6482755646798462,-0.1296551129359692,1784371562.128906,1784371563.570144,1784371562.849525,0.785768469,"[dac] CH_A set to -0.648 V (code=30643)
"
5,0,5,-0.6482755646798462,-0.7779306776158155,-0.12965511293596932,1784371563.570414,1784371565.007245,1784371564.2888296,0.683881664,"[dac] CH_A set to -0.778 V (code=30219)
"
6,0,6,-0.7779306776158155,-0.9075857905517847,-0.1296551129359692,1784371565.007442,1784371566.444195,1784371565.7258186,0.653047499,"[dac] CH_A set to -0.908 V (code=29794)
"
7,0,7,-0.9075857905517847,-1.0372409034877539,-0.1296551129359692,1784371566.444393,1784371567.884013,1784371567.164203,0.610147792,"[dac] CH_A set to -1.037 V (code=29369)
"
8,0,8,-1.0372409034877539,-1.1668960164237232,-0.12965511293596932,1784371567.8841999,1784371569.336622,1784371568.610411,0.528370224,"[dac] CH_A set to -1.167 V (code=28944)
"
9,0,9,-1.1668960164237232,-1.2965511293596923,-0.1296551129359691,1784371569.336834,1784371570.77162,1784371570.0542269,0.473404974,"[dac] CH_A set to -1.297 V (code=28519)
"
10,0,10,-1.2965511293596923,-1.4262062422956616,-0.12965511293596932,1784371570.771837,1784371572.211468,1784371571.4916525,0.410396029,"[dac] CH_A set to -1.426 V (code=28094)
"
11,0,11,-1.4262062422956616,-1.555861355231631,-0.12965511293596932,1784371572.211658,1784371573.644877,1784371572.9282675,0.331299694,"[dac] CH_A set to -1.556 V (code=27669)
"
12,0,12,-1.555861355231631,-1.6855164681676,-0.1296551129359691,1784371573.645149,1784371575.098333,1784371574.3717408,0.339343389,"[dac] CH_A set to -1.686 V (code=27245)
"
13,0,13,-1.6855164681676,-1.8151715811035694,-0.12965511293596932,1784371575.09852,1784371576.546603,1784371575.8225615,0.262928285,"[dac] CH_A set to -1.815 V (code=26820)
"
14,0,14,-1.8151715811035694,-1.9448266940395385,-0.1296551129359691,1784371576.546793,1784371577.9701629,1784371577.258478,0.207963035,"[dac] CH_A set to -1.945 V (code=26395)
"
15,0,15,-1.9448266940395385,-2.0744818069755078,-0.12965511293596932,1784371577.970367,1784371579.4042392,1784371578.687303,0.152997785,"[dac] CH_A set to -2.075 V (code=25970)
"
16,0,16,-2.0744818069755078,-2.204136919911477,-0.1296551129359691,1784371579.404449,1784371580.829778,1784371580.1171136,0.13825101,"[dac] CH_A set to -2.204 V (code=25545)
"
17,0,17,-2.204136919911477,-2.3337920328474464,-0.12965511293596954,1784371580.829977,1784371582.252629,1784371581.5413032,0.140932242,"[dac] CH_A set to -2.334 V (code=25120)
"
18,0,18,-2.3337920328474464,-2.4634471457834155,-0.1296551129359691,1784371582.2528682,1784371583.68684,1784371582.969854,0.0819451442,"[dac] CH_A set to -2.463 V (code=24696)
"
19,0,19,-2.4634471457834155,-2.5931022587193846,-0.1296551129359691,1784371583.687068,1784371585.124296,1784371584.405682,0.0457485161,"[dac] CH_A set to -2.593 V (code=24271)
"
20,0,20,-2.5931022587193846,-2.722757371655354,-0.12965511293596954,1784371585.124491,1784371586.569847,1784371585.847169,0.065857754,"[dac] CH_A set to -2.723 V (code=23846)
"
21,0,21,-2.722757371655354,-2.8524124845913232,-0.1296551129359691,1784371586.570088,1784371588.011791,1784371587.2909393,0.0216174307,"[dac] CH_A set to -2.852 V (code=23421)
"
22,0,22,-2.8524124845913232,-2.9820675975272923,-0.1296551129359691,1784371588.012046,1784371589.444779,1784371588.7284126,0.0269798941,"[dac] CH_A set to -2.982 V (code=22996)
"
23,0,23,-2.9820675975272923,-3.111722710463262,-0.12965511293596954,1784371589.4450529,1784371590.877943,1784371590.161498,0.0216174307,"[dac] CH_A set to -3.112 V (code=22571)
"
24,0,24,-3.111722710463262,-3.241377823399231,-0.1296551129359691,1784371590.878315,1784371592.3207538,1784371591.5995345,0.00821136062,"[dac] CH_A set to -3.241 V (code=22146)
"
25,0,25,-3.241377823399231,-3.3710329363352,-0.1296551129359691,1784371592.3209448,1784371593.761654,1784371593.0412993,0.0216174307,"[dac] CH_A set to -3.371 V (code=21722)
"
26,0,26,-3.3710329363352,-3.500688049271169,-0.1296551129359691,1784371593.761942,1784371595.188492,1784371594.4752169,0.0229580465,"[dac] CH_A set to -3.501 V (code=21297)
"
27,0,27,-3.500688049271169,-3.6303431622071387,-0.12965511293596954,1784371595.188697,1784371596.628223,1784371595.9084601,0.0591546747,"[dac] CH_A set to -3.630 V (code=20872)
"
28,0,28,-3.6303431622071387,-3.759998275143108,-0.1296551129359691,1784371596.6284149,1784371598.06114,1784371597.3447776,0.0363642051,"[dac] CH_A set to -3.760 V (code=20447)
"
29,0,29,-3.759998275143108,-3.889653388079077,-0.1296551129359691,1784371598.0613198,1784371599.5025852,1784371598.7819524,0.0806045284,"[dac] CH_A set to -3.890 V (code=20022)
"
30,0,30,-3.889653388079077,-4.019308501015046,-0.1296551129359691,1784371599.502788,1784371600.943375,1784371600.2230816,0.102054382,"[dac] CH_A set to -4.019 V (code=19597)
"
31,0,31,-4.019308501015046,-4.1489636139510155,-0.12965511293596954,1784371600.94356,1784371602.380012,1784371601.661786,0.147635321,"[dac] CH_A set to -4.149 V (code=19172)
"
32,0,32,-4.1489636139510155,-4.278618726886985,-0.12965511293596954,1784371602.380231,1784371603.810698,1784371603.0954645,0.181150718,"[dac] CH_A set to -4.279 V (code=18748)
"
33,0,33,-4.278618726886985,-4.408273839822954,-0.12965511293596865,1784371603.810879,1784371605.233828,1784371604.5223536,0.222709809,"[dac] CH_A set to -4.408 V (code=18323)
"
34,0,34,-4.408273839822954,-4.537928952758923,-0.12965511293596954,1784371605.234011,1784371606.669929,1784371605.95197,0.253543974,"[dac] CH_A set to -4.538 V (code=17898)
"
35,1,0,-4.407375476557824,-4.342098738457275,0.06527673810054946,1784371653.958409,1784371655.3955781,1784371654.6769936,0.224050425,"[dac] CH_A set to -4.342 V (code=18540)
"
36,1,1,-4.342098738457275,-4.276822000356725,0.06527673810054946,1784371655.3957682,1784371656.8279989,1784371656.1118836,0.217347346,"[dac] CH_A set to -4.277 V (code=18753)
"
37,2,0,-4.407375476557824,-4.276822000356725,0.13055347620109892,1784371704.041578,1784371705.4693062,1784371704.7554421,0.230753504,"[dac] CH_A set to -4.277 V (code=18753)
"
38,2,1,-4.276822000356725,-4.1462685241556265,0.13055347620109892,1784371705.4695418,1784371706.9143622,1784371706.191952,0.214666114,"[dac] CH_A set to -4.146 V (code=19181)
"
39,2,2,-4.1462685241556265,-4.0157150479545285,0.13055347620109803,1784371706.914638,1784371708.361021,1784371707.6378295,0.165063327,"[dac] CH_A set to -4.016 V (code=19609)
"
40,2,3,-4.0157150479545285,-3.8851615717534296,0.13055347620109892,1784371708.3612008,1784371709.794303,1784371709.0777519,0.150316553,"[dac] CH_A set to -3.885 V (code=20037)
"
41,2,4,-3.8851615717534296,-3.7546080955523307,0.13055347620109892,1784371709.79458,1784371711.2349372,1784371710.5147586,0.130207315,"[dac] CH_A set to -3.755 V (code=20465)
"
42,2,5,-3.7546080955523307,-3.624054619351232,0.13055347620109847,1784371711.235467,1784371712.668819,1784371711.952143,0.0712202174,"[dac] CH_A set to -3.624 V (code=20892)
"
43,2,6,-3.624054619351232,-3.4935011431501337,0.13055347620109847,1784371712.669037,1784371714.1086679,1784371713.3888526,0.0484297478,"[dac] CH_A set to -3.493 V (code=21320)
"
44,2,7,-3.4935011431501337,-3.362947666949035,0.13055347620109892,1784371714.108875,1784371715.535987,1784371714.822431,0.0390454368,"[dac] CH_A set to -3.363 V (code=21748)
"
45,2,8,-3.362947666949035,-3.232394190747936,0.13055347620109892,1784371715.536224,1784371716.976798,1784371716.256511,0.037704821,"[dac] CH_A set to -3.232 V (code=22176)
"
46,2,9,-3.232394190747936,-3.1018407145468374,0.13055347620109847,1784371716.9770172,1784371718.425498,1784371717.7012577,0.0202768148,"[dac] CH_A set to -3.102 V (code=22604)
"
47,2,10,-3.1018407145468374,-2.971287238345739,0.13055347620109847,1784371718.425706,1784371719.858774,1784371719.14224,0.0242986624,"[dac] CH_A set to -2.971 V (code=23031)
"
48,2,11,-2.971287238345739,-2.84073376214464,0.13055347620109892,1784371719.858967,1784371721.3020108,1784371720.580489,0.0175955831,"[dac] CH_A set to -2.841 V (code=23459)
"
49,2,12,-2.84073376214464,-2.710180285943541,0.13055347620109892,1784371721.30221,1784371722.7422879,1784371722.022249,0.00955188798,"[dac] CH_A set to -2.710 V (code=23887)
"
50,2,13,-2.710180285943541,-2.5796268097424426,0.13055347620109847,1784371722.742496,1784371724.185626,1784371723.464061,0.00821127212,"[dac] CH_A set to -2.580 V (code=24315)
"
51,2,14,-2.5796268097424426,-2.449073333541344,0.13055347620109847,1784371724.185826,1784371725.632614,1784371724.90922,0.056473443,"[dac] CH_A set to -2.449 V (code=24742)
"
52,2,15,-2.449073333541344,-2.3185198573402452,0.13055347620109892,1784371725.632821,1784371727.0628328,1784371726.347827,0.0604952905,"[dac] CH_A set to -2.319 V (code=25170)
"
53,2,16,-2.3185198573402452,-2.1879663811391463,0.13055347620109892,1784371727.063076,1784371728.496808,1784371727.779942,0.0980325345,"[dac] CH_A set to -2.188 V (code=25598)
"
54,2,17,-2.1879663811391463,-2.057412904938048,0.13055347620109847,1784371728.4970171,1784371729.93554,1784371729.2162786,0.131547931,"[dac] CH_A set to -2.057 V (code=26026)
"
55,2,18,-2.057412904938048,-1.9268594287369494,0.13055347620109847,1784371729.935764,1784371731.3873842,1784371730.6615741,0.159700864,"[dac] CH_A set to -1.927 V (code=26454)
"
56,2,19,-1.9268594287369494,-1.7963059525358505,0.13055347620109892,1784371731.387603,1784371732.813024,1784371732.1003137,0.220028577,"[dac] CH_A set to -1.796 V (code=26881)
"
57,2,20,-1.7963059525358505,-1.6657524763347515,0.13055347620109892,1784371732.813371,1784371734.264606,1784371733.5389886,0.228072273,"[dac] CH_A set to -1.666 V (code=27309)
"
58,2,21,-1.6657524763347515,-1.535199000133653,0.13055347620109847,1784371734.2648041,1784371735.685007,1784371734.9749055,0.305827992,"[dac] CH_A set to -1.535 V (code=27737)
"
59,2,22,-1.535199000133653,-1.4046455239325546,0.13055347620109847,1784371735.6852212,1784371737.1172302,1784371736.4012256,0.311190456,"[dac] CH_A set to -1.405 V (code=28165)
"
60,2,23,-1.4046455239325546,-1.2740920477314557,0.13055347620109892,1784371737.117409,1784371738.557963,1784371737.837686,0.372858785,"[dac] CH_A set to -1.274 V (code=28593)
"
61,2,24,-1.2740920477314557,-1.1435385715303568,0.13055347620109892,1784371738.558176,1784371739.993518,1784371739.275847,0.454636352,"[dac] CH_A set to -1.143 V (code=29021)
"
62,2,25,-1.1435385715303568,-1.0129850953292583,0.13055347620109847,1784371739.9937122,1784371741.444422,1784371740.719067,0.462680048,"[dac] CH_A set to -1.013 V (code=29448)
"
63,2,26,-1.0129850953292583,-0.8824316191281598,0.13055347620109847,1784371741.444609,1784371742.8861,1784371742.1653545,0.514964066,"[dac] CH_A set to -0.882 V (code=29876)
"
64,2,27,-0.8824316191281598,-0.7518781429270609,0.13055347620109892,1784371742.8863308,1784371744.3111172,1784371743.598724,0.612829023,"[dac] CH_A set to -0.752 V (code=30304)
"
65,2,28,-0.7518781429270609,-0.621324666725962,0.13055347620109892,1784371744.3113248,1784371745.744659,1784371745.0279918,0.66243181,"[dac] CH_A set to -0.621 V (code=30732)
"
66,2,29,-0.621324666725962,-0.4907711905248635,0.13055347620109847,1784371745.744969,1784371747.168961,1784371746.456965,0.720078292,"[dac] CH_A set to -0.491 V (code=31159)
"
67,2,30,-0.4907711905248635,-0.36021771432376504,0.13055347620109847,1784371747.169173,1784371748.600044,1784371747.8846085,0.81124017,"[dac] CH_A set to -0.360 V (code=31587)
"
68,2,31,-0.36021771432376504,-0.22966423812266612,0.13055347620109892,1784371748.6002939,1784371750.0460548,1784371749.3231745,0.858161725,"[dac] CH_A set to -0.230 V (code=32015)
"
69,2,32,-0.22966423812266612,-0.0991107619215672,0.13055347620109892,1784371750.050282,1784371751.478091,1784371750.7641864,0.898380201,"[dac] CH_A set to -0.099 V (code=32443)
"
70,2,33,-0.0991107619215672,0.031442714279531714,0.13055347620109892,1784371751.478295,1784371752.909494,1784371752.1938944,0.972114073,"[dac] CH_A set to +0.031 V (code=32870)
"
71,2,34,0.031442714279531714,0.16199619048062974,0.13055347620109803,1784371752.909715,1784371754.355327,1784371753.632521,1.00026701,"[dac] CH_A set to +0.162 V (code=33298)
"
72,2,35,0.16199619048062974,0.29254966668172866,0.13055347620109892,1784371754.355553,1784371755.786985,1784371755.071269,1.07534149,"[dac] CH_A set to +0.292 V (code=33726)
"
73,2,36,0.29254966668172866,0.4231031428828276,0.13055347620109892,1784371755.787176,1784371757.219487,1784371756.5033314,1.16382214,"[dac] CH_A set to +0.423 V (code=34154)
"
74,2,37,0.4231031428828276,0.5536566190839256,0.13055347620109803,1784371757.219718,1784371758.661618,1784371757.940668,1.19733754,"[dac] CH_A set to +0.554 V (code=34582)
"
75,2,38,0.5536566190839256,0.6842100952850245,0.13055347620109892,1784371758.661814,1784371760.088542,1784371759.3751779,1.26704956,"[dac] CH_A set to +0.684 V (code=35009)
"
76,2,39,0.6842100952850245,0.8147635714861234,0.13055347620109892,1784371760.088748,1784371761.519423,1784371760.8040855,1.29654311,"[dac] CH_A set to +0.815 V (code=35437)
"
77,2,40,0.8147635714861234,0.9453170476872224,0.13055347620109892,1784371761.5197031,1784371762.9541702,1784371762.2369366,1.34212405,"[dac] CH_A set to +0.945 V (code=35865)
"
78,2,41,0.9453170476872224,1.0758705238883213,0.13055347620109892,1784371762.95438,1784371764.3859909,1784371763.6701856,1.39977053,"[dac] CH_A set to +1.076 V (code=36293)
"
79,2,42,1.0758705238883213,1.2064240000894193,0.13055347620109803,1784371764.386199,1784371765.8097432,1784371765.097971,1.43194531,"[dac] CH_A set to +1.206 V (code=36721)
"
80,2,43,1.2064240000894193,1.3369774762905182,0.13055347620109892,1784371765.810224,1784371767.2609558,1784371766.53559,1.47082317,"[dac] CH_A set to +1.337 V (code=37149)
"
81,2,44,1.3369774762905182,1.4675309524916171,0.13055347620109892,1784371767.261179,1784371768.69326,1784371767.9772196,1.52444781,"[dac] CH_A set to +1.467 V (code=37576)
"
82,2,45,1.4675309524916171,1.5980844286927152,0.13055347620109803,1784371768.693475,1784371770.1340659,1784371769.4137704,1.5324915,"[dac] CH_A set to +1.598 V (code=38004)
"
83,2,46,1.5980844286927152,1.728637904893814,0.13055347620109892,1784371770.134264,1784371771.585197,1784371770.8597305,1.56466628,"[dac] CH_A set to +1.729 V (code=38432)
"
84,2,47,1.728637904893814,1.859191381094913,0.13055347620109892,1784371771.58539,1784371773.033254,1784371772.3093219,1.57002875,"[dac] CH_A set to +1.859 V (code=38860)
"
85,2,48,1.859191381094913,1.989744857296012,0.13055347620109892,1784371773.033453,1784371774.477226,1784371773.7553396,1.58611614,"[dac] CH_A set to +1.990 V (code=39287)
"
86,2,49,1.989744857296012,2.120298333497111,0.13055347620109892,1784371774.4774761,1784371775.9290502,1784371775.2032633,1.59684106,"[dac] CH_A set to +2.120 V (code=39715)
"
87,2,50,2.120298333497111,2.250851809698209,0.13055347620109803,1784371775.92925,1784371777.358017,1784371776.6436334,1.61158784,"[dac] CH_A set to +2.251 V (code=40143)
"
88,2,51,2.250851809698209,2.3814052858993078,0.13055347620109892,1784371777.3582048,1784371778.796849,1784371778.077527,1.62767523,"[dac] CH_A set to +2.381 V (code=40571)
"
89,2,52,2.3814052858993078,2.5119587621004067,0.13055347620109892,1784371778.797044,1784371780.227158,1784371779.5121012,1.58477552,"[dac] CH_A set to +2.512 V (code=40999)
"
90,2,53,2.5119587621004067,2.6425122383015047,0.13055347620109803,1784371780.227347,1784371781.668819,1784371780.948083,1.59684106,"[dac] CH_A set to +2.642 V (code=41426)
"
91,2,54,2.6425122383015047,2.7730657145026036,0.13055347620109892,1784371781.669137,1784371783.109123,1784371782.38913,1.55930382,"[dac] CH_A set to +2.773 V (code=41854)
"
92,2,55,2.7730657145026036,2.9036191907037026,0.13055347620109892,1784371783.10941,1784371784.559576,1784371783.8344932,1.52846965,"[dac] CH_A set to +2.904 V (code=42282)
"
93,2,56,2.9036191907037026,3.0341726669048015,0.13055347620109892,1784371784.559752,1784371785.9895418,1784371785.2746468,1.50299795,"[dac] CH_A set to +3.034 V (code=42710)
"
94,2,57,3.0341726669048015,3.1647261431059004,0.13055347620109892,1784371785.9897332,1784371787.4270642,1784371786.7083988,1.52578842,"[dac] CH_A set to +3.165 V (code=43137)
"
95,2,58,3.1647261431059004,3.2952796193069984,0.13055347620109803,1784371787.427246,1784371788.8520691,1784371788.1396575,1.43596716,"[dac] CH_A set to +3.295 V (code=43565)
"
96,2,59,3.2952796193069984,3.4258330955080973,0.13055347620109892,1784371788.852281,1784371790.285352,1784371789.5688167,1.40513299,"[dac] CH_A set to +3.426 V (code=43993)
"
97,2,60,3.4258330955080973,3.5563865717091963,0.13055347620109892,1784371790.285596,1784371791.727055,1784371791.0063255,1.38368314,"[dac] CH_A set to +3.556 V (code=44421)
"
98,2,61,3.5563865717091963,3.6869400479102943,0.13055347620109803,1784371791.727253,1784371793.164897,1784371792.446075,1.32603666,"[dac] CH_A set to +3.687 V (code=44849)
"
99,2,62,3.6869400479102943,3.817493524111393,0.13055347620109892,1784371793.165101,1784371794.6134348,1784371793.889268,1.28447757,"[dac] CH_A set to +3.818 V (code=45276)
"
100,2,63,3.817493524111393,3.948047000312492,0.13055347620109892,1784371794.6136608,1784371796.058655,1784371795.3361578,1.23085293,"[dac] CH_A set to +3.948 V (code=45704)
"
101,2,64,3.948047000312492,4.078600476513591,0.13055347620109892,1784371796.058827,1784371797.501804,1784371796.7803154,1.19063446,"[dac] CH_A set to +4.079 V (code=46132)
"
102,2,65,4.078600476513591,4.20915395271469,0.13055347620109892,1784371797.501994,1784371798.944772,1784371798.223383,1.11690059,"[dac] CH_A set to +4.209 V (code=46560)
"
103,2,66,4.20915395271469,4.339707428915789,0.13055347620109892,1784371798.944952,1784371800.377011,1784371799.6609817,1.04450733,"[dac] CH_A set to +4.340 V (code=46988)
"
104,2,67,4.339707428915789,4.470260905116888,0.13055347620109892,1784371800.377219,1784371801.814195,1784371801.095707,0.990882695,"[dac] CH_A set to +4.470 V (code=47416)
"
105,2,68,4.470260905116888,4.600814381317985,0.13055347620109714,1784371801.814374,1784371803.259918,1784371802.537146,0.911786359,"[dac] CH_A set to +4.601 V (code=47843)
"
106,2,69,4.600814381317985,4.731367857519084,0.13055347620109892,1784371803.260332,1784371804.690027,1784371803.9751797,0.871567884,"[dac] CH_A set to +4.731 V (code=48271)
"
107,2,70,4.731367857519084,4.861921333720183,0.13055347620109892,1784371804.690211,1784371806.123115,1784371805.406663,0.800515243,"[dac] CH_A set to +4.862 V (code=48699)
"
108,2,71,4.861921333720183,4.992474809921282,0.13055347620109892,1784371806.123301,1784371807.568626,1784371806.8459635,0.742868762,"[dac] CH_A set to +4.992 V (code=49127)
"
109,2,72,4.992474809921282,5.123028286122381,0.13055347620109892,1784371807.5690172,1784371808.9956899,1784371808.2823534,0.687903511,"[dac] CH_A set to +5.123 V (code=49554)
"
110,2,73,5.123028286122381,5.2535817623234795,0.13055347620109892,1784371808.995879,1784371810.4371421,1784371809.7165105,0.616850871,"[dac] CH_A set to +5.254 V (code=49982)
"
111,2,74,5.2535817623234795,5.384135238524578,0.13055347620109892,1784371810.437362,1784371811.8787,1784371811.158031,0.567248084,"[dac] CH_A set to +5.384 V (code=50410)
"
112,2,75,5.384135238524578,5.514688714725676,0.13055347620109714,1784371811.878892,1784371813.3098712,1784371812.5943816,0.492173596,"[dac] CH_A set to +5.515 V (code=50838)
"
113,2,76,5.514688714725676,5.6452421909267745,0.13055347620109892,1784371813.310077,1784371814.736586,1784371814.0233316,0.43586773,"[dac] CH_A set to +5.645 V (code=51265)
"
114,2,77,5.6452421909267745,5.775795667127873,0.13055347620109892,1784371814.736773,1784371816.168782,1784371815.4527774,0.386264944,"[dac] CH_A set to +5.776 V (code=51693)
"
115,2,78,5.775795667127873,5.906349143328972,0.13055347620109892,1784371816.169045,1784371817.6187022,1784371816.8938737,0.305827992,"[dac] CH_A set to +5.906 V (code=52121)
"
116,2,79,5.906349143328972,6.036902619530071,0.13055347620109892,1784371817.618939,1784371819.058105,1784371818.338522,0.266950132,"[dac] CH_A set to +6.037 V (code=52549)
"
117,2,80,6.036902619530071,6.16745609573117,0.13055347620109892,1784371819.0582871,1784371820.4998631,1784371819.7790751,0.226731657,"[dac] CH_A set to +6.168 V (code=52977)
"
118,3,0,6.036902619530071,5.971625881429522,-0.06527673810054946,1784371867.739,1784371869.16501,1784371868.452005,0.244159663,"[dac] CH_A set to +5.972 V (code=52335)
"
119,3,1,5.971625881429522,5.906349143328972,-0.06527673810054946,1784371869.165204,1784371870.602238,1784371869.8837209,0.279015675,"[dac] CH_A set to +5.906 V (code=52121)
"
120,4,0,6.036902619530071,5.906349143328972,-0.13055347620109892,1784371917.737215,1784371919.151267,1784371918.444241,0.24818151,"[dac] CH_A set to +5.906 V (code=52121)
"
121,4,1,5.906349143328972,5.775795667127873,-0.13055347620109892,1784371919.151472,1784371920.5818481,1784371919.86666,0.283037523,"[dac] CH_A set to +5.776 V (code=51693)
"
122,4,2,5.775795667127873,5.645242190926775,-0.13055347620109803,1784371920.582046,1784371921.999535,1784371921.2907906,0.316552919,"[dac] CH_A set to +5.645 V (code=51265)
"
123,4,3,5.645242190926775,5.5146887147256765,-0.13055347620109892,1784371921.999733,1784371923.422559,1784371922.7111459,0.36481509,"[dac] CH_A set to +5.515 V (code=50838)
"
124,4,4,5.5146887147256765,5.3841352385245775,-0.13055347620109892,1784371923.4227588,1784371924.841814,1784371924.1322865,0.421120956,"[dac] CH_A set to +5.384 V (code=50410)
"
125,4,5,5.3841352385245775,5.2535817623234795,-0.13055347620109803,1784371924.841994,1784371926.258284,1784371925.550139,0.512282834,"[dac] CH_A set to +5.254 V (code=49982)
"
126,4,6,5.2535817623234795,5.123028286122381,-0.13055347620109892,1784371926.258471,1784371927.680972,1784371926.9697216,0.539095151,"[dac] CH_A set to +5.123 V (code=49554)
"
127,4,7,5.123028286122381,4.992474809921282,-0.13055347620109892,1784371927.681172,1784371929.097599,1784371928.3893855,0.592719786,"[dac] CH_A set to +4.992 V (code=49127)
"
128,4,8,4.992474809921282,4.861921333720183,-0.13055347620109892,1784371929.097802,1784371930.517526,1784371929.807664,0.650366267,"[dac] CH_A set to +4.862 V (code=48699)
"
129,4,9,4.861921333720183,4.731367857519084,-0.13055347620109892,1784371930.517783,1784371931.9392262,1784371931.2285047,0.702650286,"[dac] CH_A set to +4.731 V (code=48271)
"
130,4,10,4.731367857519084,4.600814381317986,-0.13055347620109803,1784371931.939452,1784371933.359833,1784371932.6496425,0.761637384,"[dac] CH_A set to +4.601 V (code=47843)
"
131,4,11,4.600814381317986,4.470260905116887,-0.13055347620109892,1784371933.360024,1784371934.779992,1784371934.070008,0.840733719,"[dac] CH_A set to +4.470 V (code=47416)
"
132,4,12,4.470260905116887,4.339707428915788,-0.13055347620109892,1784371934.7802382,1784371936.200762,1784371935.4905,0.890336506,"[dac] CH_A set to +4.340 V (code=46988)
"
133,4,13,4.339707428915788,4.20915395271469,-0.13055347620109803,1784371936.200955,1784371937.6257558,1784371936.9133554,0.937258061,"[dac] CH_A set to +4.209 V (code=46560)
"
134,4,14,4.20915395271469,4.078600476513591,-0.13055347620109892,1784371937.625946,1784371939.050794,1784371938.3383698,1.00562947,"[dac] CH_A set to +4.079 V (code=46132)
"
135,4,15,4.078600476513591,3.948047000312492,-0.13055347620109892,1784371939.05105,1784371940.467508,1784371939.759279,1.07534149,"[dac] CH_A set to +3.948 V (code=45704)
"
136,4,16,3.948047000312492,3.817493524111393,-0.13055347620109892,1784371940.4677749,1784371941.889167,1784371941.178471,1.13700982,"[dac] CH_A set to +3.818 V (code=45276)
"
137,4,17,3.817493524111393,3.6869400479102947,-0.13055347620109847,1784371941.889368,1784371943.305928,1784371942.5976481,1.19733754,"[dac] CH_A set to +3.687 V (code=44849)
"
138,4,18,3.6869400479102947,3.5563865717091963,-0.13055347620109847,1784371943.306176,1784371944.7298281,1784371944.018002,1.25096217,"[dac] CH_A set to +3.556 V (code=44421)
"
139,4,19,3.5563865717091963,3.4258330955080973,-0.13055347620109892,1784371944.7300138,1784371946.1557271,1784371945.4428706,1.3206742,"[dac] CH_A set to +3.426 V (code=43993)
"
140,4,20,3.4258330955080973,3.2952796193069984,-0.13055347620109892,1784371946.155874,1784371947.581558,1784371946.868716,1.35016774,"[dac] CH_A set to +3.295 V (code=43565)
"
141,4,21,3.2952796193069984,3.1647261431059,-0.13055347620109847,1784371947.5817442,1784371949.0060859,1784371948.293915,1.38234253,"[dac] CH_A set to +3.165 V (code=43137)
"
142,4,22,3.1647261431059,3.0341726669048015,-0.13055347620109847,1784371949.006279,1784371950.421737,1784371949.7140079,1.38502376,"[dac] CH_A set to +3.034 V (code=42710)
"
143,4,23,3.0341726669048015,2.9036191907037026,-0.13055347620109892,1784371950.421976,1784371951.842301,1784371951.1321385,1.46412009,"[dac] CH_A set to +2.904 V (code=42282)
"
144,4,24,2.9036191907037026,2.7730657145026036,-0.13055347620109892,1784371951.842484,1784371953.265984,1784371952.554234,1.47216379,"[dac] CH_A set to +2.773 V (code=41854)
"
145,4,25,2.7730657145026036,2.642512238301505,-0.13055347620109847,1784371953.266175,1784371954.681118,1784371953.9736466,1.51506349,"[dac] CH_A set to +2.642 V (code=41426)
"
146,4,26,2.642512238301505,2.5119587621004067,-0.13055347620109847,1784371954.681292,1784371956.0979,1784371955.389596,1.55126012,"[dac] CH_A set to +2.512 V (code=40999)
"
147,4,27,2.5119587621004067,2.3814052858993078,-0.13055347620109892,1784371956.09808,1784371957.521148,1784371956.809614,1.5914786,"[dac] CH_A set to +2.381 V (code=40571)
"
148,4,28,2.3814052858993078,2.250851809698209,-0.13055347620109892,1784371957.521336,1784371958.933898,1784371958.227617,1.59818168,"[dac] CH_A set to +2.251 V (code=40143)
"
149,4,29,2.250851809698209,2.1202983334971104,-0.13055347620109847,1784371958.9341629,1784371960.3559418,1784371959.6450524,1.60354414,"[dac] CH_A set to +2.120 V (code=39715)
"
150,4,30,2.1202983334971104,1.989744857296012,-0.13055347620109847,1784371960.3561559,1784371961.7724721,1784371961.064314,1.59281921,"[dac] CH_A set to +1.990 V (code=39287)
"
151,4,31,1.989744857296012,1.859191381094913,-0.13055347620109892,1784371961.772692,1784371963.1921659,1784371962.482429,1.59818168,"[dac] CH_A set to +1.859 V (code=38860)
"
152,4,32,1.859191381094913,1.728637904893814,-0.13055347620109892,1784371963.192381,1784371964.615859,1784371963.90412,1.57673182,"[dac] CH_A set to +1.729 V (code=38432)
"
153,4,33,1.728637904893814,1.5980844286927152,-0.13055347620109892,1784371964.6160629,1784371966.036622,1784371965.3263426,1.5914786,"[dac] CH_A set to +1.598 V (code=38004)
"
154,4,34,1.5980844286927152,1.4675309524916171,-0.13055347620109803,1784371966.0368268,1784371967.458688,1784371966.7477574,1.57673182,"[dac] CH_A set to +1.467 V (code=37576)
"
155,4,35,1.4675309524916171,1.3369774762905182,-0.13055347620109892,1784371967.458886,1784371968.884166,1784371968.171526,1.59013798,"[dac] CH_A set to +1.337 V (code=37149)
"
156,4,36,1.3369774762905182,1.2064240000894193,-0.13055347620109892,1784371968.8843572,1784371970.302061,1784371969.5932093,1.54723828,"[dac] CH_A set to +1.206 V (code=36721)
"
157,4,37,1.2064240000894193,1.0758705238883213,-0.13055347620109803,1784371970.3022668,1784371971.71756,1784371971.0099134,1.5070198,"[dac] CH_A set to +1.076 V (code=36293)
"
158,4,38,1.0758705238883213,0.9453170476872224,-0.13055347620109892,1784371971.717775,1784371973.13188,1784371972.4248276,1.46948256,"[dac] CH_A set to +0.945 V (code=35865)
"
159,4,39,0.9453170476872224,0.8147635714861234,-0.13055347620109892,1784371973.132094,1784371974.5559008,1784371973.8439975,1.44669209,"[dac] CH_A set to +0.815 V (code=35437)
"
160,4,40,0.8147635714861234,0.6842100952850245,-0.13055347620109892,1784371974.55609,1784371975.976522,1784371975.266306,1.41853915,"[dac] CH_A set to +0.684 V (code=35009)
"
161,4,41,0.6842100952850245,0.5536566190839256,-0.13055347620109892,1784371975.9767869,1784371977.3977861,1784371976.6872864,1.35821144,"[dac] CH_A set to +0.554 V (code=34582)
"
162,4,42,0.5536566190839256,0.4231031428828276,-0.13055347620109803,1784371977.3979788,1784371978.8142312,1784371978.1061049,1.29922434,"[dac] CH_A set to +0.423 V (code=34154)
"
163,4,43,0.4231031428828276,0.29254966668172866,-0.13055347620109892,1784371978.814414,1784371980.2362409,1784371979.5253274,1.27509326,"[dac] CH_A set to +0.292 V (code=33726)
"
164,4,44,0.29254966668172866,0.16199619048062974,-0.13055347620109892,1784371980.2364538,1784371981.655927,1784371980.9461904,1.2281717,"[dac] CH_A set to +0.162 V (code=33298)
"
165,4,45,0.16199619048062974,0.031442714279531714,-0.13055347620109803,1784371981.6561222,1784371983.0726001,1784371982.3643613,1.16382214,"[dac] CH_A set to +0.031 V (code=32870)
"
166,4,46,0.031442714279531714,-0.0991107619215672,-0.13055347620109892,1784371983.0728,1784371984.501121,1784371983.7869606,1.11153812,"[dac] CH_A set to -0.099 V (code=32443)
"
167,4,47,-0.0991107619215672,-0.22966423812266612,-0.13055347620109892,1784371984.5013351,1784371985.927613,1784371985.2144742,1.03780425,"[dac] CH_A set to -0.230 V (code=32015)
"
168,4,48,-0.22966423812266612,-0.36021771432376504,-0.13055347620109892,1784371985.9278002,1784371987.355938,1784371986.641869,0.96675161,"[dac] CH_A set to -0.360 V (code=31587)
"
169,4,49,-0.36021771432376504,-0.49077119052486395,-0.13055347620109892,1784371987.356123,1784371988.7827032,1784371988.0694132,0.933236213,"[dac] CH_A set to -0.491 V (code=31159)
"
170,4,50,-0.49077119052486395,-0.621324666725962,-0.13055347620109803,1784371988.7830038,1784371990.209269,1784371989.4961364,0.85011803,"[dac] CH_A set to -0.621 V (code=30732)
"
171,4,51,-0.621324666725962,-0.7518781429270609,-0.13055347620109892,1784371990.209468,1784371991.633545,1784371990.9215064,0.805877707,"[dac] CH_A set to -0.752 V (code=30304)
"
172,4,52,-0.7518781429270609,-0.8824316191281598,-0.13055347620109892,1784371991.63375,1784371993.0545962,1784371992.344173,0.74018753,"[dac] CH_A set to -0.882 V (code=29876)
"
173,4,53,-0.8824316191281598,-1.0129850953292578,-0.13055347620109803,1784371993.054804,1784371994.4758642,1784371993.7653341,0.677178585,"[dac] CH_A set to -1.013 V (code=29448)
"
174,4,54,-1.0129850953292578,-1.1435385715303568,-0.13055347620109892,1784371994.476088,1784371995.899837,1784371995.1879625,0.651706883,"[dac] CH_A set to -1.143 V (code=29021)
"
175,4,55,-1.1435385715303568,-1.2740920477314557,-0.13055347620109892,1784371995.90003,1784371997.3241549,1784371996.6120925,0.535073304,"[dac] CH_A set to -1.274 V (code=28593)
"
176,4,56,-1.2740920477314557,-1.4046455239325546,-0.13055347620109892,1784371997.324345,1784371998.7425652,1784371998.0334551,0.443911426,"[dac] CH_A set to -1.405 V (code=28165)
"
177,4,57,-1.4046455239325546,-1.5351990001336535,-0.13055347620109892,1784371998.742805,1784372000.167561,1784371999.455183,0.447933273,"[dac] CH_A set to -1.535 V (code=27737)
"
178,4,58,-1.5351990001336535,-1.6657524763347515,-0.13055347620109803,1784372000.167774,1784372001.5918112,1784372000.8797927,0.374199401,"[dac] CH_A set to -1.666 V (code=27309)
"
179,4,59,-1.6657524763347515,-1.7963059525358505,-0.13055347620109892,1784372001.592018,1784372003.00921,1784372002.3006139,0.339343389,"[dac] CH_A set to -1.796 V (code=26881)
"
180,4,60,-1.7963059525358505,-1.9268594287369494,-0.13055347620109892,1784372003.009407,1784372004.427762,1784372003.7185845,0.273653212,"[dac] CH_A set to -1.927 V (code=26454)
"
181,4,61,-1.9268594287369494,-2.0574129049380474,-0.13055347620109803,1784372004.4280388,1784372005.847695,1784372005.137867,0.221369193,"[dac] CH_A set to -2.057 V (code=26026)
"
182,4,62,-2.0574129049380474,-2.1879663811391468,-0.13055347620109936,1784372005.847878,1784372007.272714,1784372006.560296,0.201259955,"[dac] CH_A set to -2.188 V (code=25598)
"
183,5,0,-2.057412904938048,-1.9921361668374984,0.06527673810054946,1784372054.1358469,1784372055.559476,1784372054.8476615,0.238797199,"[dac] CH_A set to -1.992 V (code=26240)
"
184,5,1,-1.9921361668374984,-1.926859428736949,0.06527673810054946,1784372055.55969,1784372056.9768598,1784372056.2682748,0.241478431,"[dac] CH_A set to -1.927 V (code=26454)
"
185,6,0,-2.057412904938048,-1.9268594287369492,0.1305534762010987,1784372103.8704672,1784372105.291017,1784372104.5807421,0.198578724,"[dac] CH_A set to -1.927 V (code=26454)
"
186,6,1,-1.9268594287369492,-1.7963059525358505,0.1305534762010987,1784372105.291202,1784372106.708673,1784372105.9999375,0.264268901,"[dac] CH_A set to -1.796 V (code=26881)
"
187,6,2,-1.7963059525358505,-1.665752476334752,0.13055347620109847,1784372106.708907,1784372108.133805,1784372107.421356,0.295103065,"[dac] CH_A set to -1.666 V (code=27309)
"
188,6,3,-1.665752476334752,-1.535199000133653,0.13055347620109892,1784372108.134016,1784372109.5607061,1784372108.847361,0.370177553,"[dac] CH_A set to -1.535 V (code=27737)
"
189,6,4,-1.535199000133653,-1.4046455239325546,0.13055347620109847,1784372109.560905,1784372110.983809,1784372110.272357,0.413077261,"[dac] CH_A set to -1.405 V (code=28165)
"
190,6,5,-1.4046455239325546,-1.274092047731456,0.1305534762010987,1784372110.9840739,1784372112.404316,1784372111.6941948,0.466701895,"[dac] CH_A set to -1.274 V (code=28593)
"
191,6,6,-1.274092047731456,-1.1435385715303572,0.1305534762010987,1784372112.4045289,1784372113.826826,1784372113.1156774,0.514964066,"[dac] CH_A set to -1.143 V (code=29021)
"
192,6,7,-1.1435385715303572,-1.0129850953292585,0.1305534762010987,1784372113.82703,1784372115.238073,1784372114.5325515,0.579313627,"[dac] CH_A set to -1.013 V (code=29448)
"
193,6,8,-1.0129850953292585,-0.8824316191281598,0.1305534762010987,1784372115.238297,1784372116.657145,1784372115.947721,0.635619493,"[dac] CH_A set to -0.882 V (code=29876)
"
194,6,9,-0.8824316191281598,-0.7518781429270611,0.1305534762010987,1784372116.65733,1784372118.082363,1784372117.3698463,0.722759524,"[dac] CH_A set to -0.752 V (code=30304)
"
195,6,10,-0.7518781429270611,-0.6213246667259624,0.1305534762010987,1784372118.0825448,1784372119.504836,1784372118.7936904,0.749571841,"[dac] CH_A set to -0.621 V (code=30732)
"
196,6,11,-0.6213246667259624,-0.49077119052486395,0.13055347620109847,1784372119.505035,1784372120.9337,1784372120.2193675,0.819283865,"[dac] CH_A set to -0.491 V (code=31159)
"
197,6,12,-0.49077119052486395,-0.36021771432376526,0.1305534762010987,1784372120.933888,1784372122.355498,1784372121.644693,0.894358353,"[dac] CH_A set to -0.360 V (code=31587)
"
198,6,13,-0.36021771432376526,-0.22966423812266656,0.1305534762010987,1784372122.355693,1784372123.77394,1784372123.0648165,0.94396114,"[dac] CH_A set to -0.230 V (code=32015)
"
199,6,14,-0.22966423812266656,-0.09911076192156787,0.1305534762010987,1784372123.77415,1784372125.1889322,1784372124.4815412,0.997585774,"[dac] CH_A set to -0.099 V (code=32443)
"
200,6,15,-0.09911076192156787,0.031442714279530826,0.1305534762010987,1784372125.189125,1784372126.6170108,1784372125.903068,1.08070396,"[dac] CH_A set to +0.031 V (code=32870)
"
201,6,16,0.031442714279530826,0.1619961904806293,0.13055347620109847,1784372126.617184,1784372128.035784,1784372127.326484,1.13700982,"[dac] CH_A set to +0.162 V (code=33298)
"
202,6,17,0.1619961904806293,0.2925496666817282,0.13055347620109892,1784372128.035973,1784372129.459441,1784372128.747707,1.16114091,"[dac] CH_A set to +0.292 V (code=33726)
"
203,6,18,0.2925496666817282,0.4231031428828267,0.13055347620109847,1784372129.459729,1784372130.8773582,1784372130.1685436,1.22414985,"[dac] CH_A set to +0.423 V (code=34154)
"
204,6,19,0.4231031428828267,0.5536566190839256,0.13055347620109892,1784372130.877546,1784372132.302262,1784372131.589904,1.28984003,"[dac] CH_A set to +0.554 V (code=34582)
"
205,6,20,0.5536566190839256,0.6842100952850241,0.13055347620109847,1784372132.302461,1784372133.717119,1784372133.00979,1.33408035,"[dac] CH_A set to +0.684 V (code=35009)
"
206,6,21,0.6842100952850241,0.814763571486123,0.13055347620109892,1784372133.717345,1784372135.142059,1784372134.429702,1.38368314,"[dac] CH_A set to +0.815 V (code=35437)
"
207,6,22,0.814763571486123,0.9453170476872215,0.13055347620109847,1784372135.142307,1784372136.56404,1784372135.8531735,1.41585792,"[dac] CH_A set to +0.945 V (code=35865)
"
208,6,23,0.9453170476872215,1.07587052388832,0.13055347620109847,1784372136.564224,1784372137.992034,1784372137.278129,1.43998901,"[dac] CH_A set to +1.076 V (code=36293)
"
209,6,24,1.07587052388832,1.2064240000894189,0.13055347620109892,1784372137.99223,1784372139.416478,1784372138.7043538,1.49361364,"[dac] CH_A set to +1.206 V (code=36721)
"
210,6,25,1.2064240000894189,1.3369774762905173,0.13055347620109847,1784372139.4167979,1784372140.84205,1784372140.129424,1.5405352,"[dac] CH_A set to +1.337 V (code=37149)
"
211,6,26,1.3369774762905173,1.4675309524916162,0.13055347620109892,1784372140.8422809,1784372142.253581,1784372141.547931,1.52981027,"[dac] CH_A set to +1.467 V (code=37576)
"
212,6,27,1.4675309524916162,1.5980844286927147,0.13055347620109847,1784372142.25386,1784372143.680424,1784372142.967142,1.57539121,"[dac] CH_A set to +1.598 V (code=38004)
"
213,6,28,1.5980844286927147,1.7286379048938136,0.13055347620109892,1784372143.680608,1784372145.106706,1784372144.393657,1.57539121,"[dac] CH_A set to +1.729 V (code=38432)
"
214,6,29,1.7286379048938136,1.859191381094912,0.13055347620109847,1784372145.106891,1784372146.525441,1784372145.816166,1.5579632,"[dac] CH_A set to +1.859 V (code=38860)
"
215,6,30,1.859191381094912,1.9897448572960106,0.13055347620109847,1784372146.525645,1784372147.949095,1784372147.23737,1.60086291,"[dac] CH_A set to +1.990 V (code=39287)
"
216,6,31,1.9897448572960106,2.1202983334971095,0.13055347620109892,1784372147.9492888,1784372149.371435,1784372148.6603618,1.59281921,"[dac] CH_A set to +2.120 V (code=39715)
"
217,6,32,2.1202983334971095,2.2508518096982084,0.13055347620109892,1784372149.371843,1784372150.789933,1784372150.080888,1.58075367,"[dac] CH_A set to +2.251 V (code=40143)
"
218,6,33,2.2508518096982084,2.3814052858993064,0.13055347620109803,1784372150.7901251,1784372152.212637,1784372151.501381,1.57405059,"[dac] CH_A set to +2.381 V (code=40571)
"
219,6,34,2.3814052858993064,2.5119587621004054,0.13055347620109892,1784372152.212808,1784372153.633756,1784372152.923282,1.58075367,"[dac] CH_A set to +2.512 V (code=40999)
"
220,6,35,2.5119587621004054,2.6425122383015043,0.13055347620109892,1784372153.634016,1784372155.055539,1784372154.3447776,1.58477552,"[dac] CH_A set to +2.642 V (code=41426)
"
221,6,36,2.6425122383015043,2.773065714502603,0.13055347620109892,1784372155.0557141,1784372156.472279,1784372155.7639966,1.52981027,"[dac] CH_A set to +2.773 V (code=41854)
"
222,6,37,2.773065714502603,2.9036191907037012,0.13055347620109803,1784372156.47246,1784372157.89992,1784372157.1861901,1.53651335,"[dac] CH_A set to +2.904 V (code=42282)
"
223,6,38,2.9036191907037012,3.0341726669048,0.13055347620109892,1784372157.900234,1784372159.315031,1784372158.6076326,1.49629487,"[dac] CH_A set to +3.034 V (code=42710)
"
224,6,39,3.0341726669048,3.164726143105899,0.13055347620109892,1784372159.315229,1784372160.739115,1784372160.027172,1.46546071,"[dac] CH_A set to +3.165 V (code=43137)
"
225,6,40,3.164726143105899,3.295279619306997,0.13055347620109803,1784372160.739295,1784372162.163897,1784372161.451596,1.42792346,"[dac] CH_A set to +3.295 V (code=43565)
"
226,6,41,3.295279619306997,3.425833095508096,0.13055347620109892,1784372162.164084,1784372163.5835352,1784372162.8738096,1.37563945,"[dac] CH_A set to +3.426 V (code=43993)
"
227,6,42,3.425833095508096,3.556386571709195,0.13055347620109892,1784372163.583756,1784372165.000502,1784372164.292129,1.30324619,"[dac] CH_A set to +3.556 V (code=44421)
"
228,6,43,3.556386571709195,3.686940047910294,0.13055347620109892,1784372165.000788,1784372166.417124,1784372165.708956,1.27241202,"[dac] CH_A set to +3.687 V (code=44849)
"
229,6,44,3.686940047910294,3.817493524111393,0.13055347620109936,1784372166.4173188,1784372167.8457322,1784372167.1315255,1.21610616,"[dac] CH_A set to +3.818 V (code=45276)
"
230,7,0,3.6869400479102943,3.621663309809745,-0.06527673810054946,1784372214.708854,1784372216.133999,1784372215.4214265,1.28984003,"[dac] CH_A set to +3.622 V (code=44635)
"
231,7,1,3.621663309809745,3.5563865717091954,-0.06527673810054946,1784372216.134363,1784372217.5590148,1784372216.8466887,1.31397112,"[dac] CH_A set to +3.556 V (code=44421)
"
232,8,0,3.6869400479102943,3.8174935241113928,0.13055347620109847,1784372264.742748,1784372266.1927612,1784372265.4677546,1.15309721,"[dac] CH_A set to +3.818 V (code=45276)
"
233,8,1,3.8174935241113928,3.9480470003124917,0.13055347620109892,1784372266.193272,1784372267.622487,1784372266.9078796,1.09411012,"[dac] CH_A set to +3.948 V (code=45704)
"
234,8,2,3.9480470003124917,4.07860047651359,0.13055347620109847,1784372267.622675,1784372269.048674,1784372268.3356745,1.04048548,"[dac] CH_A set to +4.079 V (code=46132)
"
235,8,3,4.07860047651359,4.209153952714689,0.13055347620109892,1784372269.048857,1784372270.4958742,1784372269.7723656,1.02305748,"[dac] CH_A set to +4.209 V (code=46560)
"
236,8,4,4.209153952714689,4.339707428915788,0.13055347620109892,1784372270.4960608,1784372271.933013,1784372271.214537,0.914467591,"[dac] CH_A set to +4.340 V (code=46988)
"
237,8,5,4.339707428915788,4.470260905116886,0.13055347620109803,1784372271.933239,1784372273.3758569,1784372272.654548,0.876930347,"[dac] CH_A set to +4.470 V (code=47416)
"
238,8,6,4.470260905116886,4.600814381317985,0.13055347620109892,1784372273.376097,1784372274.807292,1784372274.0916944,0.809899554,"[dac] CH_A set to +4.601 V (code=47843)
"
239,8,7,4.600814381317985,4.731367857519084,0.13055347620109892,1784372274.8074958,1784372276.258456,1784372275.532976,0.737506298,"[dac] CH_A set to +4.731 V (code=48271)
"
240,8,8,4.731367857519084,4.861921333720183,0.13055347620109892,1784372276.258649,1784372277.6998458,1784372276.9792476,0.691925359,"[dac] CH_A set to +4.862 V (code=48699)
"
241,8,9,4.861921333720183,4.992474809921281,0.13055347620109803,1784372277.700032,1784372279.142418,1784372278.421225,0.604785328,"[dac] CH_A set to +4.992 V (code=49127)
"
242,8,10,4.992474809921281,5.12302828612238,0.13055347620109892,1784372279.142624,1784372280.582465,1784372279.8625445,0.559204389,"[dac] CH_A set to +5.123 V (code=49554)
"
243,8,11,5.12302828612238,5.253581762323478,0.13055347620109803,1784372280.582643,1784372282.026321,1784372281.304482,0.49083298,"[dac] CH_A set to +5.254 V (code=49982)
"
244,8,12,5.253581762323478,5.384135238524577,0.13055347620109892,1784372282.0265012,1784372283.457835,1784372282.742168,0.418439724,"[dac] CH_A set to +5.384 V (code=50410)
"
245,8,13,5.384135238524577,5.514688714725676,0.13055347620109892,1784372283.4580889,1784372284.900788,1784372284.1794386,0.392968023,"[dac] CH_A set to +5.515 V (code=50838)
"
246,8,14,5.514688714725676,5.6452421909267745,0.13055347620109892,1784372284.901002,1784372286.3300412,1784372285.6155214,0.324596614,"[dac] CH_A set to +5.645 V (code=51265)
"
247,9,0,5.775795667127873,5.841072405228423,0.06527673810054946,1784372333.542552,1784372334.979817,1784372334.2611845,0.252203358,"[dac] CH_A set to +5.841 V (code=51907)
"
248,9,1,5.841072405228423,5.906349143328972,0.06527673810054946,1784372334.980033,1784372336.423826,1784372335.7019296,0.194556876,"[dac] CH_A set to +5.906 V (code=52121)
"
249,10,0,5.775795667127873,5.6452421909267745,-0.13055347620109892,1784372383.645401,1784372385.0886688,1784372384.367035,0.27097198,"[dac] CH_A set to +5.645 V (code=51265)
"
250,10,1,5.6452421909267745,5.5146887147256765,-0.13055347620109803,1784372385.0888479,1784372386.541792,1784372385.81532,0.316552919,"[dac] CH_A set to +5.515 V (code=50838)
"
251,10,2,5.5146887147256765,5.3841352385245775,-0.13055347620109892,1784372386.541984,1784372387.97951,1784372387.260747,0.362133858,"[dac] CH_A set to +5.384 V (code=50410)
"
252,10,3,5.3841352385245775,5.253581762323479,-0.13055347620109892,1784372387.979705,1784372389.423525,1784372388.701615,0.38090248,"[dac] CH_A set to +5.254 V (code=49982)
"
253,10,4,5.253581762323479,5.12302828612238,-0.13055347620109892,1784372389.423785,1784372390.873482,1784372390.1486335,0.445252041,"[dac] CH_A set to +5.123 V (code=49554)
"
254,10,5,5.12302828612238,4.992474809921282,-0.13055347620109803,1784372390.873653,1784372392.3086631,1784372391.591158,0.508260987,"[dac] CH_A set to +4.992 V (code=49127)
"
255,10,6,4.992474809921282,4.861921333720183,-0.13055347620109892,1784372392.308863,1784372393.733572,1784372393.0212173,0.608807176,"[dac] CH_A set to +4.862 V (code=48699)
"
256,10,7,4.861921333720183,4.731367857519084,-0.13055347620109892,1784372393.733792,1784372395.176882,1784372394.455337,0.643663188,"[dac] CH_A set to +4.731 V (code=48271)
"
257,10,8,4.731367857519084,4.600814381317985,-0.13055347620109892,1784372395.1770828,1784372396.600207,1784372395.888645,0.705331518,"[dac] CH_A set to +4.601 V (code=47843)
"
258,10,9,4.600814381317985,4.470260905116887,-0.13055347620109803,1784372396.600415,1784372398.028846,1784372397.3146305,0.771021695,"[dac] CH_A set to +4.470 V (code=47416)
"
259,10,10,4.470260905116887,4.339707428915788,-0.13055347620109892,1784372398.0290492,1784372399.45577,1784372398.7424097,0.825986945,"[dac] CH_A set to +4.340 V (code=46988)
"
260,10,11,4.339707428915788,4.20915395271469,-0.13055347620109803,1784372399.455977,1784372400.893059,1784372400.174518,0.890336506,"[dac] CH_A set to +4.209 V (code=46560)
"
261,10,12,4.20915395271469,4.078600476513591,-0.13055347620109892,1784372400.893261,1784372402.310302,1784372401.6017814,0.965410994,"[dac] CH_A set to +4.079 V (code=46132)
"
262,10,13,4.078600476513591,3.948047000312492,-0.13055347620109892,1784372402.310503,1784372403.745922,1784372403.0282125,1.02305748,"[dac] CH_A set to +3.948 V (code=45704)
"
263,10,14,3.948047000312492,3.817493524111393,-0.13055347620109892,1784372403.746134,1784372405.182355,1784372404.4642444,1.06059472,"[dac] CH_A set to +3.818 V (code=45276)
"
264,10,15,3.817493524111393,3.6869400479102947,-0.13055347620109847,1784372405.182667,1784372406.615158,1784372405.8989124,1.13164736,"[dac] CH_A set to +3.687 V (code=44849)
"
265,10,16,3.6869400479102947,3.5563865717091963,-0.13055347620109847,1784372406.61536,1784372408.048467,1784372407.3319135,1.18259076,"[dac] CH_A set to +3.556 V (code=44421)
"
266,10,17,3.5563865717091963,3.4258330955080973,-0.13055347620109892,1784372408.0486798,1784372409.4958332,1784372408.7722564,1.22951232,"[dac] CH_A set to +3.426 V (code=43993)
"
267,10,18,3.4258330955080973,3.295279619306999,-0.13055347620109847,1784372409.496021,1784372410.9334662,1784372410.2147436,1.27107141,"[dac] CH_A set to +3.295 V (code=43565)
"
268,10,19,3.295279619306999,3.1647261431059,-0.13055347620109892,1784372410.9337769,1784372412.3829062,1784372411.6583414,1.3381022,"[dac] CH_A set to +3.165 V (code=43137)
"
269,10,20,3.1647261431059,3.0341726669048015,-0.13055347620109847,1784372412.3830998,1784372413.8247209,1784372413.1039104,1.37966129,"[dac] CH_A set to +3.034 V (code=42710)
"
270,10,21,3.0341726669048015,2.9036191907037026,-0.13055347620109892,1784372413.824942,1784372415.25013,1784372414.5375361,1.45071393,"[dac] CH_A set to +2.904 V (code=42282)
"
271,10,22,2.9036191907037026,2.773065714502604,-0.13055347620109847,1784372415.250331,1784372416.696862,1784372415.9735966,1.45875763,"[dac] CH_A set to +2.773 V (code=41854)
"
272,10,23,2.773065714502604,2.6425122383015056,-0.13055347620109847,1784372416.697056,1784372418.13183,1784372417.414443,1.48288871,"[dac] CH_A set to +2.642 V (code=41426)
"
273,10,24,2.6425122383015056,2.5119587621004067,-0.13055347620109892,1784372418.132041,1784372419.57492,1784372418.8534803,1.51104165,"[dac] CH_A set to +2.512 V (code=40999)
"
274,10,25,2.5119587621004067,2.381405285899308,-0.13055347620109847,1784372419.5751302,1784372421.012577,1784372420.2938538,1.53517273,"[dac] CH_A set to +2.381 V (code=40571)
"
275,10,26,2.381405285899308,2.2508518096982093,-0.13055347620109892,1784372421.012793,1784372422.4336379,1784372421.7232156,1.5660069,"[dac] CH_A set to +2.251 V (code=40143)
"
276,10,27,2.2508518096982093,2.120298333497111,-0.13055347620109847,1784372422.4339032,1784372423.866836,1784372423.1503696,1.55126012,"[dac] CH_A set to +2.120 V (code=39715)
"
277,10,28,2.120298333497111,1.989744857296012,-0.13055347620109892,1784372423.867079,1784372425.30018,1784372424.5836296,1.58745675,"[dac] CH_A set to +1.990 V (code=39287)
"
278,10,29,1.989744857296012,1.8591913810949134,-0.13055347620109847,1784372425.3004422,1784372426.749983,1784372426.0252128,1.58879737,"[dac] CH_A set to +1.859 V (code=38860)
"
279,10,30,1.8591913810949134,1.728637904893815,-0.13055347620109847,1784372426.750176,1784372428.1993642,1784372427.47477,1.60354414,"[dac] CH_A set to +1.729 V (code=38432)
"
280,10,31,1.728637904893815,1.598084428692716,-0.13055347620109892,1784372428.199611,1784372429.64139,1784372428.9205005,1.59281921,"[dac] CH_A set to +1.598 V (code=38004)
"
281,10,32,1.598084428692716,1.4675309524916171,-0.13055347620109892,1784372429.641602,1784372431.081852,1784372430.361727,1.58879737,"[dac] CH_A set to +1.467 V (code=37576)
"
282,10,33,1.4675309524916171,1.336977476290519,-0.13055347620109803,1784372431.082036,1784372432.509141,1784372431.7955885,1.57673182,"[dac] CH_A set to +1.337 V (code=37149)
"
283,10,34,1.336977476290519,1.2064240000894202,-0.13055347620109892,1784372432.509341,1784372433.953559,1784372433.23145,1.54321643,"[dac] CH_A set to +1.206 V (code=36721)
"
284,10,35,1.2064240000894202,1.0758705238883213,-0.13055347620109892,1784372433.953741,1784372435.4027278,1784372434.6782346,1.52981027,"[dac] CH_A set to +1.076 V (code=36293)
"
285,10,36,1.0758705238883213,0.9453170476872224,-0.13055347620109892,1784372435.402911,1784372436.835356,1784372436.1191335,1.51640411,"[dac] CH_A set to +0.945 V (code=35865)
"
286,10,37,0.9453170476872224,0.8147635714861243,-0.13055347620109803,1784372436.835548,1784372438.269405,1784372437.5524764,1.46143886,"[dac] CH_A set to +0.815 V (code=35437)
"
287,10,38,0.8147635714861243,0.6842100952850254,-0.13055347620109892,1784372438.269682,1784372439.7077818,1784372438.9887319,1.47082317,"[dac] CH_A set to +0.684 V (code=35009)
"
288,10,39,0.6842100952850254,0.5536566190839265,-0.13055347620109892,1784372439.707974,1784372441.1456351,1784372440.4268045,1.41987977,"[dac] CH_A set to +0.554 V (code=34582)
"
289,10,40,0.5536566190839265,0.42310314288282846,-0.13055347620109803,1784372441.145813,1784372442.583816,1784372441.8648145,1.35418959,"[dac] CH_A set to +0.423 V (code=34154)
"
290,10,41,0.42310314288282846,0.29254966668172955,-0.13055347620109892,1784372442.584064,1784372444.0247848,1784372443.3044243,1.32737727,"[dac] CH_A set to +0.292 V (code=33726)
"
291,10,42,0.29254966668172955,0.16199619048063063,-0.13055347620109892,1784372444.024988,1784372445.475275,1784372444.7501316,1.27777449,"[dac] CH_A set to +0.162 V (code=33298)
"
292,10,43,0.16199619048063063,0.031442714279531714,-0.13055347620109892,1784372445.475469,1784372446.916883,1784372446.196176,1.22146862,"[dac] CH_A set to +0.031 V (code=32870)
"
293,10,44,0.031442714279531714,-0.09911076192156631,-0.13055347620109803,1784372446.917151,1784372448.3532422,1784372447.6351967,1.16650337,"[dac] CH_A set to -0.099 V (code=32443)
"
294,10,45,-0.09911076192156631,-0.22966423812266523,-0.13055347620109892,1784372448.3534238,1784372449.778589,1784372449.0660064,1.11019751,"[dac] CH_A set to -0.230 V (code=32015)
"
295,10,46,-0.22966423812266523,-0.36021771432376415,-0.13055347620109892,1784372449.778784,1784372451.225163,1784372450.5019736,1.05255102,"[dac] CH_A set to -0.360 V (code=31587)
"
296,10,47,-0.36021771432376415,-0.4907711905248622,-0.13055347620109803,1784372451.225388,1784372452.666634,1784372451.946011,0.970773457,"[dac] CH_A set to -0.491 V (code=31159)
"
297,10,48,-0.4907711905248622,-0.6213246667259611,-0.13055347620109892,1784372452.6669362,1784372454.1194339,1784372453.3931851,0.910445744,"[dac] CH_A set to -0.621 V (code=30732)
"
298,10,49,-0.6213246667259611,-0.75187814292706,-0.13055347620109892,1784372454.119671,1784372455.549362,1784372454.8345165,0.85011803,"[dac] CH_A set to -0.752 V (code=30304)
"
299,10,50,-0.75187814292706,-0.8824316191281589,-0.13055347620109892,1784372455.5496361,1784372456.992304,1784372456.27097,0.79515278,"[dac] CH_A set to -0.882 V (code=29876)
"
300,10,51,-0.8824316191281589,-1.012985095329257,-0.13055347620109803,1784372456.9925702,1784372458.4254751,1784372457.7090225,0.74018753,"[dac] CH_A set to -1.013 V (code=29448)
"
301,10,52,-1.012985095329257,-1.1435385715303559,-0.13055347620109892,1784372458.425749,1784372459.8581178,1784372459.1419334,0.687903511,"[dac] CH_A set to -1.143 V (code=29021)
"
302,10,53,-1.1435385715303559,-1.2740920477314548,-0.13055347620109892,1784372459.858305,1784372461.287215,1784372460.57276,0.612829023,"[dac] CH_A set to -1.274 V (code=28593)
"
303,10,54,-1.2740920477314548,-1.4046455239325537,-0.13055347620109892,1784372461.287424,1784372462.72778,1784372462.0076022,0.549820078,"[dac] CH_A set to -1.405 V (code=28165)
"
304,10,55,-1.4046455239325537,-1.5351990001336517,-0.13055347620109803,1784372462.727978,1784372464.162891,1784372463.4454346,0.488151749,"[dac] CH_A set to -1.535 V (code=27737)
"
305,10,56,-1.5351990001336517,-1.6657524763347507,-0.13055347620109892,1784372464.1630762,1784372465.582784,1784372464.87293,0.433186499,"[dac] CH_A set to -1.666 V (code=27309)
"
306,10,57,-1.6657524763347507,-1.7963059525358496,-0.13055347620109892,1784372465.583045,1784372467.0156522,1784372466.2993486,0.372858785,"[dac] CH_A set to -1.796 V (code=26881)
"
307,10,58,-1.7963059525358496,-1.9268594287369476,-0.13055347620109803,1784372467.015894,1784372468.470598,1784372467.743246,0.316552919,"[dac] CH_A set to -1.927 V (code=26454)
"
308,10,59,-1.9268594287369476,-2.0574129049380465,-0.13055347620109892,1784372468.470798,1784372469.905449,1784372469.1881235,0.273653212,"[dac] CH_A set to -2.057 V (code=26026)
"
309,10,60,-2.0574129049380465,-2.1879663811391454,-0.13055347620109892,1784372469.905636,1784372471.345531,1784372470.6255836,0.230753504,"[dac] CH_A set to -2.188 V (code=25598)
"
310,10,61,-2.1879663811391454,-2.3185198573402435,-0.13055347620109803,1784372471.345728,1784372472.774552,1784372472.0601401,0.198578724,"[dac] CH_A set to -2.319 V (code=25170)
"
311,10,62,-2.3185198573402435,-2.4490733335413424,-0.13055347620109892,1784372472.77492,1784372474.2056699,1784372473.490295,0.140932242,"[dac] CH_A set to -2.449 V (code=24742)
"
312,10,63,-2.4490733335413424,-2.5796268097424413,-0.13055347620109892,1784372474.2058492,1784372475.6381161,1784372474.9219828,0.0980325345,"[dac] CH_A set to -2.580 V (code=24315)
"
313,10,64,-2.5796268097424413,-2.71018028594354,-0.13055347620109892,1784372475.638299,1784372477.06738,1784372476.3528395,0.0926700711,"[dac] CH_A set to -2.710 V (code=23887)
"
314,10,65,-2.71018028594354,-2.840733762144639,-0.13055347620109892,1784372477.06758,1784372478.512222,1784372477.789901,0.0457485161,"[dac] CH_A set to -2.841 V (code=23459)
"
315,10,66,-2.840733762144639,-2.971287238345738,-0.13055347620109892,1784372478.512408,1784372479.9494379,1784372479.230923,0.0444079002,"[dac] CH_A set to -2.971 V (code=23031)
"
316,10,67,-2.971287238345738,-3.101840714546835,-0.13055347620109714,1784372479.9496808,1784372481.390146,1784372480.6699133,0.0175955831,"[dac] CH_A set to -3.102 V (code=22604)
"
317,10,68,-3.101840714546835,-3.232394190747934,-0.13055347620109892,1784372481.390337,1784372482.828056,1784372482.1091967,0.0310017417,"[dac] CH_A set to -3.232 V (code=22176)
"
318,10,69,-3.232394190747934,-3.362947666949033,-0.13055347620109892,1784372482.828233,1784372484.271154,1784372483.5496936,-0.00251356623,"[dac] CH_A set to -3.363 V (code=21748)
"
319,10,70,-3.362947666949033,-3.493501143150132,-0.13055347620109892,1784372484.271352,1784372485.716465,1784372484.9939084,0.0269798941,"[dac] CH_A set to -3.493 V (code=21320)
"
320,10,71,-3.493501143150132,-3.624054619351231,-0.13055347620109892,1784372485.716674,1784372487.160115,1784372486.4383945,0.0229580465,"[dac] CH_A set to -3.624 V (code=20892)
"
321,10,72,-3.624054619351231,-3.7546080955523298,-0.13055347620109892,1784372487.160356,1784372488.591933,1784372487.8761444,0.0135737355,"[dac] CH_A set to -3.755 V (code=20465)
"
322,10,73,-3.7546080955523298,-3.8851615717534287,-0.13055347620109892,1784372488.592232,1784372490.0267258,1784372489.3094788,0.047089132,"[dac] CH_A set to -3.885 V (code=20037)
"
323,10,74,-3.8851615717534287,-4.015715047954528,-0.13055347620109892,1784372490.026904,1784372491.467768,1784372490.747336,0.0631765222,"[dac] CH_A set to -4.016 V (code=19609)
"
324,11,0,-4.1462685241556265,-4.211545262256176,-0.06527673810054946,1784372538.5322618,1784372539.957197,1784372539.2447295,0.123504236,"[dac] CH_A set to -4.212 V (code=18967)
"
325,11,1,-4.211545262256176,-4.276822000356725,-0.06527673810054946,1784372539.958268,1784372541.377527,1784372540.6678975,0.152997785,"[dac] CH_A set to -4.277 V (code=18753)
"
326,12,0,-4.1462685241556265,-4.015715047954528,0.13055347620109892,1784372588.255498,1784372589.682338,1784372588.9689178,0.114119925,"[dac] CH_A set to -4.016 V (code=19609)
"
327,12,1,-4.015715047954528,-3.885161571753429,0.13055347620109847,1784372589.682535,1784372591.1119318,1784372590.3972335,0.0846263759,"[dac] CH_A set to -3.885 V (code=20037)
"
328,12,2,-3.885161571753429,-3.7546080955523307,0.13055347620109847,1784372591.112132,1784372592.5318348,1784372591.8219833,0.056473443,"[dac] CH_A set to -3.755 V (code=20465)
"
329,12,3,-3.7546080955523307,-3.6240546193512317,0.13055347620109892,1784372592.532047,1784372593.954139,1784372593.243093,0.0323423575,"[dac] CH_A set to -3.624 V (code=20892)
"
330,12,4,-3.6240546193512317,-3.493501143150133,0.13055347620109892,1784372593.9543319,1784372595.366056,1784372594.660194,0.0336829734,"[dac] CH_A set to -3.493 V (code=21320)
"
331,12,5,-3.493501143150133,-3.3629476669490344,0.13055347620109847,1784372595.366276,1784372596.792181,1784372596.0792284,-0.00653527962,"[dac] CH_A set to -3.363 V (code=21748)
"
332,12,6,-3.3629476669490344,-3.232394190747936,0.13055347620109847,1784372596.792402,1784372598.2175071,1784372597.5049546,0.000167576982,"[dac] CH_A set to -3.232 V (code=22176)
"
333,12,7,-3.232394190747936,-3.101840714546837,0.13055347620109892,1784372598.2177339,1784372599.6375191,1784372598.9276266,0.0175955831,"[dac] CH_A set to -3.102 V (code=22604)
"
334,12,8,-3.101840714546837,-2.971287238345738,0.13055347620109892,1784372599.637683,1784372601.057009,1784372600.3473458,0.0216175649,"[dac] CH_A set to -2.971 V (code=23031)
"
335,12,9,-2.971287238345738,-2.8407337621446396,0.13055347620109847,1784372601.0572102,1784372602.479168,1784372601.768189,0.0444079002,"[dac] CH_A set to -2.841 V (code=23459)
"
336,12,10,-2.8407337621446396,-2.710180285943541,0.13055347620109847,1784372602.4793658,1784372603.900702,1784372603.190034,0.0511109795,"[dac] CH_A set to -2.710 V (code=23887)
"
337,12,11,-2.710180285943541,-2.579626809742442,0.13055347620109892,1784372603.900942,1784372605.320831,1784372604.6108866,0.056473443,"[dac] CH_A set to -2.580 V (code=24315)
"
338,12,12,-2.579626809742442,-2.4490733335413433,0.13055347620109892,1784372605.321017,1784372606.740823,1784372606.03092,0.0792639125,"[dac] CH_A set to -2.449 V (code=24742)
"
339,12,13,-2.4490733335413433,-2.318519857340245,0.13055347620109847,1784372606.741141,1784372608.165768,1784372607.4534545,0.0940106869,"[dac] CH_A set to -2.319 V (code=25170)
"
340,12,14,-2.318519857340245,-2.1879663811391463,0.13055347620109847,1784372608.166087,1784372609.591139,1784372608.878613,0.152997785,"[dac] CH_A set to -2.188 V (code=25598)
"
341,12,15,-2.1879663811391463,-2.0574129049380474,0.13055347620109892,1784372609.591375,1784372611.019346,1784372610.3053606,0.159700864,"[dac] CH_A set to -2.057 V (code=26026)
"
342,12,16,-2.0574129049380474,-1.9268594287369485,0.13055347620109892,1784372611.019535,1784372612.447674,1784372611.7336044,0.202600571,"[dac] CH_A set to -1.927 V (code=26454)
"
343,12,17,-1.9268594287369485,-1.79630595253585,0.13055347620109847,1784372612.447907,1784372613.8660228,1784372613.1569648,0.246840895,"[dac] CH_A set to -1.796 V (code=26881)
"
344,12,18,-1.79630595253585,-1.6657524763347515,0.13055347620109847,1784372613.8663151,1784372615.2899442,1784372614.5781298,0.272312596,"[dac] CH_A set to -1.666 V (code=27309)
"
345,12,19,-1.6657524763347515,-1.5351990001336526,0.13055347620109892,1784372615.290206,1784372616.711047,1784372616.0006266,0.335321541,"[dac] CH_A set to -1.535 V (code=27737)
"
346,12,20,-1.5351990001336526,-1.4046455239325537,0.13055347620109892,1784372616.7112489,1784372618.140804,1784372617.4260263,0.396989871,"[dac] CH_A set to -1.405 V (code=28165)
"
347,12,21,-1.4046455239325537,-1.2740920477314552,0.13055347620109847,1784372618.141031,1784372619.569546,1784372618.8552885,0.446592657,"[dac] CH_A set to -1.274 V (code=28593)
"
348,12,22,-1.2740920477314552,-1.1435385715303568,0.13055347620109847,1784372619.569747,1784372620.988322,1784372620.2790346,0.485470517,"[dac] CH_A set to -1.143 V (code=29021)
"
349,12,23,-1.1435385715303568,-1.0129850953292578,0.13055347620109892,1784372620.98854,1784372622.406537,1784372621.6975384,0.565907468,"[dac] CH_A set to -1.013 V (code=29448)
"
350,12,24,-1.0129850953292578,-0.8824316191281589,0.13055347620109892,1784372622.4066958,1784372623.830373,1784372623.1185346,0.628916414,"[dac] CH_A set to -0.882 V (code=29876)
"
351,12,25,-0.8824316191281589,-0.7518781429270605,0.13055347620109847,1784372623.8307352,1784372625.2568982,1784372624.5438166,0.671816121,"[dac] CH_A set to -0.752 V (code=30304)
"
352,12,26,-0.7518781429270605,-0.621324666725962,0.13055347620109847,1784372625.2570822,1784372626.679127,1784372625.9681046,0.758956152,"[dac] CH_A set to -0.621 V (code=30732)
"
353,12,27,-0.621324666725962,-0.49077119052486307,0.13055347620109892,1784372626.679359,1784372628.097502,1784372627.3884306,0.809899554,"[dac] CH_A set to -0.491 V (code=31159)
"
354,12,28,-0.49077119052486307,-0.36021771432376415,0.13055347620109892,1784372628.097687,1784372629.515198,1784372628.8064425,0.882292811,"[dac] CH_A set to -0.360 V (code=31587)
"
355,12,29,-0.36021771432376415,-0.22966423812266568,0.13055347620109847,1784372629.515407,1784372630.933146,1784372630.2242765,0.925192518,"[dac] CH_A set to -0.230 V (code=32015)
"
356,12,30,-0.22966423812266568,-0.0991107619215672,0.13055347620109847,1784372630.93336,1784372632.358521,1784372631.6459405,0.992223311,"[dac] CH_A set to -0.099 V (code=32443)
"
357,12,31,-0.0991107619215672,0.031442714279531714,0.13055347620109892,1784372632.358755,1784372633.783905,1784372633.07133,1.0672978,"[dac] CH_A set to +0.031 V (code=32870)
"
358,12,32,0.031442714279531714,0.16199619048063063,0.13055347620109892,1784372633.7841122,1784372635.1986449,1784372634.4913785,1.11958182,"[dac] CH_A set to +0.162 V (code=33298)
"
359,12,33,0.16199619048063063,0.29254966668172866,0.13055347620109803,1784372635.198849,1784372636.620539,1784372635.909694,1.1691846,"[dac] CH_A set to +0.292 V (code=33726)
"
360,13,0,0.4231031428828276,0.48837988098337703,0.06527673810054946,1784372683.471916,1784372684.886794,1784372684.1793551,1.2281717,"[dac] CH_A set to +0.488 V (code=34368)
"
361,13,1,0.48837988098337703,0.5536566190839265,0.06527673810054946,1784372684.886985,1784372686.3065002,1784372685.5967426,1.30726804,"[dac] CH_A set to +0.554 V (code=34582)
"
362,14,0,0.4231031428828276,0.5536566190839263,0.1305534762010987,1784372733.1618419,1784372734.580972,1784372733.871407,1.29922434,"[dac] CH_A set to +0.554 V (code=34582)
"
363,14,1,0.5536566190839263,0.684210095285025,0.1305534762010987,1784372734.5811882,1784372736.001493,1784372735.2913406,1.34480528,"[dac] CH_A set to +0.684 V (code=35009)
"
364,14,2,0.684210095285025,0.8147635714861236,0.13055347620109858,1784372736.001699,1784372737.428698,1784372736.7151985,1.3716176,"[dac] CH_A set to +0.815 V (code=35437)
"
365,14,3,0.8147635714861236,0.9453170476872222,0.1305534762010987,1784372737.428896,1784372738.8539588,1784372738.1414275,1.43864839,"[dac] CH_A set to +0.945 V (code=35865)
"
366,14,4,0.9453170476872222,1.0758705238883208,0.13055347620109858,1784372738.854194,1784372740.280479,1784372739.5673366,1.48288871,"[dac] CH_A set to +1.076 V (code=36293)
"
367,14,5,1.0758705238883208,1.2064240000894195,0.1305534762010987,1784372740.2806761,1784372741.7037408,1784372740.9922085,1.51774473,"[dac] CH_A set to +1.206 V (code=36721)
"
368,14,6,1.2064240000894195,1.3369774762905182,0.1305534762010987,1784372741.7039318,1784372743.123598,1784372742.413765,1.53651335,"[dac] CH_A set to +1.337 V (code=37149)
"
369,15,0,1.2064240000894193,1.1411472619888698,-0.06527673810054946,1784372790.0149398,1784372791.4421818,1784372790.728561,1.49361364,"[dac] CH_A set to +1.141 V (code=36507)
"
370,15,1,1.1411472619888698,1.0758705238883204,-0.06527673810054946,1784372791.442799,1784372792.865856,1784372792.1543274,1.47484502,"[dac] CH_A set to +1.076 V (code=36293)
"
371,16,0,1.2064240000894193,1.336977476290518,0.1305534762010987,1784372839.8323781,1784372841.273691,1784372840.5530345,1.53517273,"[dac] CH_A set to +1.337 V (code=37149)
"
372,16,1,1.336977476290518,1.4675309524916167,0.1305534762010987,1784372841.273888,1784372842.7139552,1784372841.9939218,1.53651335,"[dac] CH_A set to +1.467 V (code=37576)
"
373,16,2,1.4675309524916167,1.5980844286927154,0.1305534762010987,1784372842.714148,1784372844.1438332,1784372843.4289906,1.56198505,"[dac] CH_A set to +1.598 V (code=38004)
"
374,16,3,1.5980844286927154,1.728637904893814,0.1305534762010987,1784372844.1440141,1784372845.5811892,1784372844.8626018,1.60220353,"[dac] CH_A set to +1.729 V (code=38432)
"
375,17,0,1.859191381094913,1.9244681191954625,0.06527673810054946,1784372892.8117409,1784372894.2502599,1784372893.5310004,1.61829092,"[dac] CH_A set to +1.924 V (code=39074)
"
376,17,1,1.9244681191954625,1.989744857296012,0.06527673810054946,1784372894.250565,1784372895.681341,1784372894.9659529,1.59013798,"[dac] CH_A set to +1.990 V (code=39287)
"
377,18,0,1.859191381094913,1.7286379048938143,-0.1305534762010987,1784372942.890702,1784372944.335623,1784372943.6131625,1.61426907,"[dac] CH_A set to +1.729 V (code=38432)
"
378,18,1,1.7286379048938143,1.5980844286927156,-0.1305534762010987,1784372944.335847,1784372945.7871418,1784372945.0614944,1.60086291,"[dac] CH_A set to +1.598 V (code=38004)
"
379,18,2,1.5980844286927156,1.4675309524916171,-0.13055347620109847,1784372945.787353,1784372947.217362,1784372946.5023575,1.56466628,"[dac] CH_A set to +1.467 V (code=37576)
"
380,18,3,1.4675309524916171,1.3369774762905182,-0.13055347620109892,1784372947.21756,1784372948.6555378,1784372947.936549,1.54455704,"[dac] CH_A set to +1.337 V (code=37149)
"
381,18,4,1.3369774762905182,1.2064240000894197,-0.13055347620109847,1784372948.655731,1784372950.083039,1784372949.369385,1.53919458,"[dac] CH_A set to +1.206 V (code=36721)
"
382,18,5,1.2064240000894197,1.075870523888321,-0.1305534762010987,1784372950.083243,1784372951.507926,1784372950.7955844,1.48422933,"[dac] CH_A set to +1.076 V (code=36293)
"
383,18,6,1.075870523888321,0.9453170476872224,-0.1305534762010987,1784372951.508225,1784372952.92265,1784372952.2154374,1.46814194,"[dac] CH_A set to +0.945 V (code=35865)
"
384,18,7,0.9453170476872224,0.8147635714861237,-0.1305534762010987,1784372952.922869,1784372954.33584,1784372953.6293545,1.43328593,"[dac] CH_A set to +0.815 V (code=35437)
"
385,18,8,0.8147635714861237,0.684210095285025,-0.1305534762010987,1784372954.336053,1784372955.7566779,1784372955.0463653,1.37563945,"[dac] CH_A set to +0.684 V (code=35009)
"
386,18,9,0.684210095285025,0.5536566190839263,-0.1305534762010987,1784372955.756999,1784372957.180226,1784372956.4686127,1.33005851,"[dac] CH_A set to +0.554 V (code=34582)
"
387,18,10,0.5536566190839263,0.4231031428828276,-0.1305534762010987,1784372957.180425,1784372958.602559,1784372957.891492,1.29654311,"[dac] CH_A set to +0.423 V (code=34154)
"
388,18,11,0.4231031428828276,0.2925496666817291,-0.13055347620109847,1784372958.602747,1784372960.028508,1784372959.3156276,1.25766525,"[dac] CH_A set to +0.292 V (code=33726)
"
389,18,12,0.2925496666817291,0.1619961904806304,-0.1305534762010987,1784372960.028757,1784372961.447061,1784372960.737909,1.19465631,"[dac] CH_A set to +0.162 V (code=33298)
"
390,18,13,0.1619961904806304,0.031442714279531714,-0.1305534762010987,1784372961.447242,1784372962.8659,1784372962.156571,1.16114091,"[dac] CH_A set to +0.031 V (code=32870)
"
391,18,14,0.031442714279531714,-0.0991107619215672,-0.13055347620109892,1784372962.866124,1784372964.286624,1784372963.576374,1.07131965,"[dac] CH_A set to -0.099 V (code=32443)
"
392,19,0,-0.22966423812266612,-0.2949409762232156,-0.06527673810054946,1784373011.173402,1784373012.594103,1784373011.8837526,0.96675161,"[dac] CH_A set to -0.295 V (code=31801)
"
393,19,1,-0.2949409762232156,-0.36021771432376504,-0.06527673810054946,1784373012.594377,1784373014.022296,1784373013.3083365,0.92787375,"[dac] CH_A set to -0.360 V (code=31587)
"
394,20,0,-0.22966423812266612,-0.35454147622806487,-0.12487723810539875,1784373060.863987,1784373062.2860448,1784373061.575016,0.930554981,"[dac] CH_A set to -0.354 V (code=31606)
"
395,20,1,-0.35454147622806487,-0.47941871433346367,-0.1248772381053988,1784373062.286242,1784373063.7070248,1784373062.9966335,0.858161725,"[dac] CH_A set to -0.479 V (code=31197)
"
396,20,2,-0.47941871433346367,-0.6042959524388625,-0.1248772381053988,1784373063.707237,1784373065.1250749,1784373064.4161558,0.823305713,"[dac] CH_A set to -0.604 V (code=30787)
"
397,20,3,-0.6042959524388625,-0.7291731905442612,-0.12487723810539875,1784373065.125304,1784373066.543294,1784373065.834299,0.761637384,"[dac] CH_A set to -0.729 V (code=30378)
"
398,20,4,-0.7291731905442612,-0.85405042864966,-0.12487723810539875,1784373066.543481,1784373067.960851,1784373067.252166,0.705331518,"[dac] CH_A set to -0.854 V (code=29969)
"
399,20,5,-0.85405042864966,-0.9789276667550588,-0.12487723810539886,1784373067.9611058,1784373069.382593,1784373068.6718493,0.620872719,"[dac] CH_A set to -0.979 V (code=29560)
"
400,20,6,-0.9789276667550588,-1.1038049048604575,-0.12487723810539864,1784373069.3828092,1784373070.809176,1784373070.0959926,0.627575798,"[dac] CH_A set to -1.104 V (code=29151)
"
401,20,7,-1.1038049048604575,-1.2286821429658563,-0.12487723810539886,1784373070.8094,1784373072.3776,1784373071.5935001,0.492173596,"[dac] CH_A set to -1.229 V (code=28741)
[acq] n=16 win=320.0ms dc=+0.521968V
  f=1000.0 mag=0.000990 ph=-1.628 i=-0.000057 q=-0.000988
  f=2000.0 mag=0.000480 ph=-1.751 i=-0.000086 q=-0.000472
ACQ n=16 dc=+0.521968 | 1000.0,-0.000057,-0.000988 2000.0,-0.000086,-0.000472
RAWADC v=1 scope=acq expected=20480 used=20480 read_fail=0 blocks=16 complete=1 timeout=0 gain=1 fs_uv=1200000 guard=8381618 crc=0
RAWADC_CH v=1 scope=acq ch=0 min=-5505 max=7045915 rail_lo=0 rail_hi=0 guard_lo=0 guard_hi=0
"
402,20,8,-1.2286821429658563,-1.3535593810712552,-0.12487723810539886,1784373072.377841,1784373073.794177,1784373073.086009,0.464020663,"[dac] CH_A set to -1.354 V (code=28332)
"
403,20,9,-1.3535593810712552,-1.4784366191766538,-0.12487723810539864,1784373073.794466,1784373075.215272,1784373074.504869,0.41978034,"[dac] CH_A set to -1.478 V (code=27923)
"
404,20,10,-1.4784366191766538,-1.6033138572820527,-0.12487723810539886,1784373075.215539,1784373076.628908,1784373075.9222236,0.359452627,"[dac] CH_A set to -1.603 V (code=27514)
"
405,20,11,-1.6033138572820527,-1.7281910953874515,-0.12487723810539886,1784373076.6290932,1784373078.0527732,1784373077.3409333,0.324596614,"[dac] CH_A set to -1.728 V (code=27105)
"
406,20,12,-1.7281910953874515,-1.8530683334928502,-0.12487723810539864,1784373078.0529869,1784373079.4711192,1784373078.762053,0.260247053,"[dac] CH_A set to -1.853 V (code=26695)
"
407,20,13,-1.8530683334928502,-1.977945571598249,-0.12487723810539886,1784373079.4713311,1784373080.8815129,1784373080.176422,0.229412888,"[dac] CH_A set to -1.978 V (code=26286)
"
408,20,14,-1.977945571598249,-2.102822809703648,-0.12487723810539886,1784373080.881736,1784373082.3022022,1784373081.591969,0.175788254,"[dac] CH_A set to -2.103 V (code=25877)
"
409,20,15,-2.102822809703648,-2.2277000478090465,-0.12487723810539864,1784373082.3025558,1784373083.7217731,1784373083.0121646,0.132888547,"[dac] CH_A set to -2.228 V (code=25468)
"
410,20,16,-2.2277000478090465,-2.352577285914445,-0.12487723810539864,1784373083.721983,1784373085.147993,1784373084.434988,0.114119925,"[dac] CH_A set to -2.353 V (code=25059)
"
411,20,17,-2.352577285914445,-2.4774545240198442,-0.12487723810539908,1784373085.148205,1784373086.573716,1784373085.8609605,0.0819451442,"[dac] CH_A set to -2.477 V (code=24649)
"
412,20,18,-2.4774545240198442,-2.602331762125243,-0.12487723810539864,1784373086.573948,1784373087.998039,1784373087.2859936,0.0859669918,"[dac] CH_A set to -2.602 V (code=24240)
"
413,20,19,-2.602331762125243,-2.7272090002306415,-0.12487723810539864,1784373087.998249,1784373089.422067,1784373088.7101579,0.0363642051,"[dac] CH_A set to -2.727 V (code=23831)
"
414,20,20,-2.7272090002306415,-2.8520862383360406,-0.12487723810539908,1784373089.4222772,1784373090.844439,1784373090.133358,0.037704821,"[dac] CH_A set to -2.852 V (code=23422)
"
415,20,21,-2.8520862383360406,-2.976963476441439,-0.12487723810539864,1784373090.844634,1784373092.2699149,1784373091.5572743,0.00418969577,"[dac] CH_A set to -2.977 V (code=23013)
"
416,20,22,-2.976963476441439,-3.101840714546838,-0.12487723810539864,1784373092.2701209,1784373093.693527,1784373092.981824,0.00955188798,"[dac] CH_A set to -3.102 V (code=22604)
"
417,21,0,-2.971287238345739,-2.9060105002451895,0.06527673810054946,1784373140.559891,1784373141.985719,1784373141.272805,-0.00385409073,"[dac] CH_A set to -2.906 V (code=23245)
"
418,21,1,-2.9060105002451895,-2.84073376214464,0.06527673810054946,1784373141.98591,1784373143.404903,1784373142.6954064,0.0524515954,"[dac] CH_A set to -2.841 V (code=23459)
"
419,22,0,-2.971287238345739,-2.84073376214464,0.13055347620109892,1784373190.303724,1784373191.7266712,1784373191.0151978,0.0242986624,"[dac] CH_A set to -2.841 V (code=23459)
"
420,22,1,-2.84073376214464,-2.7101802859435415,0.13055347620109847,1784373191.726881,1784373193.153004,1784373192.4399424,0.0336829734,"[dac] CH_A set to -2.710 V (code=23887)
"
421,22,2,-2.7101802859435415,-2.579626809742443,0.13055347620109847,1784373193.153265,1784373194.579201,1784373193.8662329,0.0497703637,"[dac] CH_A set to -2.580 V (code=24315)
"
422,22,3,-2.579626809742443,-2.449073333541344,0.13055347620109892,1784373194.579401,1784373195.995237,1784373195.2873192,0.0806045284,"[dac] CH_A set to -2.449 V (code=24742)
"
423,22,4,-2.449073333541344,-2.3185198573402452,0.13055347620109892,1784373195.9954612,1784373197.414577,1784373196.705019,0.0631765222,"[dac] CH_A set to -2.319 V (code=25170)
"
424,22,5,-2.3185198573402452,-2.1879663811391468,0.13055347620109847,1784373197.414798,1784373198.8382149,1784373198.1265063,0.118141772,"[dac] CH_A set to -2.188 V (code=25598)
"
425,22,6,-2.1879663811391468,-2.0574129049380483,0.13055347620109847,1784373198.8384519,1784373200.263394,1784373199.5509229,0.13825101,"[dac] CH_A set to -2.057 V (code=26026)
"
426,22,7,-2.0574129049380483,-1.9268594287369494,0.13055347620109892,1784373200.263655,1784373201.6834402,1784373200.9735475,0.194556876,"[dac] CH_A set to -1.927 V (code=26454)
"
427,22,8,-1.9268594287369494,-1.7963059525358507,0.1305534762010987,1784373201.683636,1784373203.110234,1784373202.396935,0.222709809,"[dac] CH_A set to -1.796 V (code=26881)
"
428,22,9,-1.7963059525358507,-1.665752476334752,0.1305534762010987,1784373203.1104372,1784373204.532674,1784373203.8215556,0.289740602,"[dac] CH_A set to -1.666 V (code=27309)
"
429,22,10,-1.665752476334752,-1.5351990001336533,0.1305534762010987,1784373204.532865,1784373205.954009,1784373205.243437,0.316552919,"[dac] CH_A set to -1.535 V (code=27737)
"
430,22,11,-1.5351990001336533,-1.4046455239325546,0.1305534762010987,1784373205.954231,1784373207.368813,1784373206.661522,0.367496322,"[dac] CH_A set to -1.405 V (code=28165)
"
431,22,12,-1.4046455239325546,-1.274092047731456,0.1305534762010987,1784373207.3690739,1784373208.78882,1784373208.078947,0.431845883,"[dac] CH_A set to -1.274 V (code=28593)
"
432,22,13,-1.274092047731456,-1.1435385715303572,0.1305534762010987,1784373208.789025,1784373210.2129972,1784373209.5010111,0.486811133,"[dac] CH_A set to -1.143 V (code=29021)
"
433,22,14,-1.1435385715303572,-1.0129850953292585,0.1305534762010987,1784373210.213218,1784373211.636105,1784373210.9246616,0.555182542,"[dac] CH_A set to -1.013 V (code=29448)
"
434,22,15,-1.0129850953292585,-0.8824316191281598,0.1305534762010987,1784373211.636302,1784373213.0531662,1784373212.3447342,0.600763481,"[dac] CH_A set to -0.882 V (code=29876)
"
435,22,16,-0.8824316191281598,-0.7518781429270609,0.13055347620109892,1784373213.053359,1784373214.4680362,1784373213.7606976,0.645003804,"[dac] CH_A set to -0.752 V (code=30304)
"
436,22,17,-0.7518781429270609,-0.6213246667259624,0.13055347620109847,1784373214.468243,1784373215.892697,1784373215.18047,0.725440755,"[dac] CH_A set to -0.621 V (code=30732)
"
437,22,18,-0.6213246667259624,-0.49077119052486395,0.13055347620109847,1784373215.892898,1784373217.30913,1784373216.6010141,0.781746621,"[dac] CH_A set to -0.491 V (code=31159)
"
438,22,19,-0.49077119052486395,-0.36021771432376504,0.13055347620109892,1784373217.309355,1784373218.7294898,1784373218.0194225,0.831349408,"[dac] CH_A set to -0.360 V (code=31587)
"
439,22,20,-0.36021771432376504,-0.22966423812266612,0.13055347620109892,1784373218.7297401,1784373220.151777,1784373219.4407587,0.933236213,"[dac] CH_A set to -0.230 V (code=32015)
"
440,22,21,-0.22966423812266612,-0.09911076192156765,0.13055347620109847,1784373220.151999,1784373221.574909,1784373220.8634539,0.958707914,"[dac] CH_A set to -0.099 V (code=32443)
"
441,22,22,-0.09911076192156765,0.031442714279530826,0.13055347620109847,1784373221.575121,1784373222.988598,1784373222.2818594,1.01903563,"[dac] CH_A set to +0.031 V (code=32870)
"
442,22,23,0.031442714279530826,0.16199619048062974,0.13055347620109892,1784373222.9888,1784373224.404395,1784373223.6965976,1.09679135,"[dac] CH_A set to +0.162 V (code=33298)
"
443,22,24,0.16199619048062974,0.29254966668172866,0.13055347620109892,1784373224.404799,1784373225.82992,1784373225.1173596,1.11019751,"[dac] CH_A set to +0.292 V (code=33726)
"
444,22,25,0.29254966668172866,0.42310314288282713,0.13055347620109847,1784373225.830163,1784373227.254377,1784373226.54227,1.19197507,"[dac] CH_A set to +0.423 V (code=34154)
"
445,22,26,0.42310314288282713,0.5536566190839256,0.13055347620109847,1784373227.2546182,1784373228.683948,1784373227.969283,1.28581818,"[dac] CH_A set to +0.554 V (code=34582)
"
446,22,27,0.5536566190839256,0.6842100952850245,0.13055347620109892,1784373228.684139,1784373230.110361,1784373229.3972502,1.30190557,"[dac] CH_A set to +0.684 V (code=35009)
"
447,22,28,0.6842100952850245,0.8147635714861234,0.13055347620109892,1784373230.1105769,1784373231.531502,1784373230.8210394,1.34212405,"[dac] CH_A set to +0.815 V (code=35437)
"
448,22,29,0.8147635714861234,0.9453170476872219,0.13055347620109847,1784373231.531738,1784373232.960171,1784373232.2459545,1.38100191,"[dac] CH_A set to +0.945 V (code=35865)
"
449,22,30,0.9453170476872219,1.0758705238883204,0.13055347620109847,1784373232.960373,1784373234.38445,1784373233.6724114,1.42122038,"[dac] CH_A set to +1.076 V (code=36293)
"
450,22,31,1.0758705238883204,1.2064240000894193,0.13055347620109892,1784373234.3846369,1784373235.801069,1784373235.092853,1.47752625,"[dac] CH_A set to +1.206 V (code=36721)
"
451,22,32,1.2064240000894193,1.3369774762905182,0.13055347620109892,1784373235.801246,1784373237.2260811,1784373236.5136635,1.50836042,"[dac] CH_A set to +1.337 V (code=37149)
"
452,22,33,1.3369774762905182,1.4675309524916171,0.13055347620109892,1784373237.22628,1784373238.649477,1784373237.9378786,1.52310719,"[dac] CH_A set to +1.467 V (code=37576)
"
453,22,34,1.4675309524916171,1.5980844286927152,0.13055347620109803,1784373238.6496818,1784373240.07042,1784373239.360051,1.54455704,"[dac] CH_A set to +1.598 V (code=38004)
"
454,22,35,1.5980844286927152,1.728637904893814,0.13055347620109892,1784373240.070626,1784373241.482219,1784373240.7764225,1.5660069,"[dac] CH_A set to +1.729 V (code=38432)
"
455,22,36,1.728637904893814,1.859191381094913,0.13055347620109892,1784373241.482403,1784373242.897079,1784373242.1897411,1.60086291,"[dac] CH_A set to +1.859 V (code=38860)
"
456,22,37,1.859191381094913,1.989744857296011,0.13055347620109803,1784373242.897355,1784373244.321022,1784373243.6091886,1.61024722,"[dac] CH_A set to +1.990 V (code=39287)
"
457,22,38,1.989744857296011,2.12029833349711,0.13055347620109892,1784373244.321453,1784373245.745593,1784373245.033523,1.60622537,"[dac] CH_A set to +2.120 V (code=39715)
"
458,22,39,2.12029833349711,2.250851809698209,0.13055347620109892,1784373245.74579,1784373247.1639612,1784373246.4548755,1.57807244,"[dac] CH_A set to +2.251 V (code=40143)
"
459,22,40,2.250851809698209,2.3814052858993078,0.13055347620109892,1784373247.164182,1784373248.587615,1784373247.8758984,1.62097215,"[dac] CH_A set to +2.381 V (code=40571)
"
460,22,41,2.3814052858993078,2.5119587621004067,0.13055347620109892,1784373248.587827,1784373250.014656,1784373249.3012414,1.59550045,"[dac] CH_A set to +2.512 V (code=40999)
"
461,22,42,2.5119587621004067,2.6425122383015047,0.13055347620109803,1784373250.0148559,1784373251.4391968,1784373250.7270265,1.57405059,"[dac] CH_A set to +2.642 V (code=41426)
"
462,22,43,2.6425122383015047,2.7730657145026036,0.13055347620109892,1784373251.439446,1784373252.8536599,1784373252.146553,1.56466628,"[dac] CH_A set to +2.773 V (code=41854)
"
463,22,44,2.7730657145026036,2.9036191907037026,0.13055347620109892,1784373252.853954,1784373254.277468,1784373253.565711,1.51506349,"[dac] CH_A set to +2.904 V (code=42282)
"
464,22,45,2.9036191907037026,3.0341726669048006,0.13055347620109803,1784373254.277673,1784373255.701919,1784373254.9897962,1.48422933,"[dac] CH_A set to +3.034 V (code=42710)
"
465,22,46,3.0341726669048006,3.1647261431058995,0.13055347620109892,1784373255.7021272,1784373257.119285,1784373256.410706,1.43730778,"[dac] CH_A set to +3.165 V (code=43137)
"
466,22,47,3.1647261431058995,3.2952796193069984,0.13055347620109892,1784373257.119503,1784373258.55502,1784373257.8372617,1.42524223,"[dac] CH_A set to +3.295 V (code=43565)
"
467,22,48,3.2952796193069984,3.4258330955080973,0.13055347620109892,1784373258.555226,1784373259.9975731,1784373259.2763996,1.41719854,"[dac] CH_A set to +3.426 V (code=43993)
"
468,22,49,3.4258330955080973,3.5563865717091963,0.13055347620109892,1784373259.997816,1784373261.447789,1784373260.7228026,1.35284898,"[dac] CH_A set to +3.556 V (code=44421)
"
469,22,50,3.5563865717091963,3.6869400479102943,0.13055347620109803,1784373261.447979,1784373262.874898,1784373262.1614385,1.29922434,"[dac] CH_A set to +3.687 V (code=44849)
"
470,22,51,3.6869400479102943,3.817493524111393,0.13055347620109892,1784373262.875106,1784373264.3044019,1784373263.589754,1.22280924,"[dac] CH_A set to +3.818 V (code=45276)
"
471,22,52,3.817493524111393,3.948047000312492,0.13055347620109892,1784373264.304657,1784373265.7468219,1784373265.0257394,1.19063446,"[dac] CH_A set to +3.948 V (code=45704)
"
472,22,53,3.948047000312492,4.07860047651359,0.13055347620109803,1784373265.747051,1784373267.191492,1784373266.4692717,1.15041598,"[dac] CH_A set to +4.079 V (code=46132)
"
473,22,54,4.07860047651359,4.209153952714689,0.13055347620109892,1784373267.191675,1784373268.621158,1784373267.9064164,1.07668211,"[dac] CH_A set to +4.209 V (code=46560)
"
474,22,55,4.209153952714689,4.339707428915788,0.13055347620109892,1784373268.6213608,1784373270.071733,1784373269.346547,0.992223311,"[dac] CH_A set to +4.340 V (code=46988)
"
475,22,56,4.339707428915788,4.470260905116887,0.13055347620109892,1784373270.072056,1784373271.5045261,1784373270.788291,0.925192518,"[dac] CH_A set to +4.470 V (code=47416)
"
476,22,57,4.470260905116887,4.600814381317986,0.13055347620109892,1784373271.504713,1784373272.9237142,1784373272.2142136,0.88899589,"[dac] CH_A set to +4.601 V (code=47843)
"
477,22,58,4.600814381317986,4.731367857519084,0.13055347620109803,1784373272.923945,1784373274.363749,1784373273.643847,0.796493396,"[dac] CH_A set to +4.731 V (code=48271)
"
478,23,0,4.600814381317985,4.5355376432174355,-0.06527673810054946,1784373321.57477,1784373323.015135,1784373322.2949524,0.858161725,"[dac] CH_A set to +4.536 V (code=47629)
"
479,23,1,4.5355376432174355,4.470260905116886,-0.06527673810054946,1784373323.015326,1784373324.446732,1784373323.731029,0.859502341,"[dac] CH_A set to +4.470 V (code=47416)
"
480,24,0,4.600814381317985,4.470260905116886,-0.13055347620109892,1784373371.703319,1784373373.146368,1784373372.4248435,0.855480493,"[dac] CH_A set to +4.470 V (code=47416)
"
481,24,1,4.470260905116886,4.339707428915788,-0.13055347620109803,1784373373.1468642,1784373374.571289,1784373373.8590765,0.919830055,"[dac] CH_A set to +4.340 V (code=46988)
"
482,24,2,4.339707428915788,4.209153952714689,-0.13055347620109892,1784373374.571562,1784373376.003913,1784373375.2877374,0.970773457,"[dac] CH_A set to +4.209 V (code=46560)
"
483,24,3,4.209153952714689,4.07860047651359,-0.13055347620109892,1784373376.0041442,1784373377.4467719,1784373376.7254581,1.01903563,"[dac] CH_A set to +4.079 V (code=46132)
"
484,24,4,4.07860047651359,3.9480470003124917,-0.13055347620109847,1784373377.446988,1784373378.897494,1784373378.1722412,1.10885689,"[dac] CH_A set to +3.948 V (code=45704)
"
485,24,5,3.9480470003124917,3.817493524111393,-0.13055347620109847,1784373378.897702,1784373380.339633,1784373379.6186676,1.13432859,"[dac] CH_A set to +3.818 V (code=45276)
"
486,24,6,3.817493524111393,3.6869400479102943,-0.13055347620109892,1784373380.340631,1784373381.787903,1784373381.0642672,1.19063446,"[dac] CH_A set to +3.687 V (code=44849)
"
487,24,7,3.6869400479102943,3.5563865717091954,-0.13055347620109892,1784373381.788079,1784373383.238258,1784373382.5131683,1.22951232,"[dac] CH_A set to +3.556 V (code=44421)
"
488,24,8,3.5563865717091954,3.425833095508097,-0.13055347620109847,1784373383.238585,1784373384.685194,1784373383.9618895,1.28581818,"[dac] CH_A set to +3.426 V (code=43993)
"
489,24,9,3.425833095508097,3.2952796193069984,-0.13055347620109847,1784373384.685388,1784373386.129934,1784373385.407661,1.31397112,"[dac] CH_A set to +3.295 V (code=43565)
"
490,24,10,3.2952796193069984,3.1647261431058995,-0.13055347620109892,1784373386.130173,1784373387.570791,1784373386.850482,1.38502376,"[dac] CH_A set to +3.165 V (code=43137)
"
491,24,11,3.1647261431058995,3.034172666904801,-0.13055347620109847,1784373387.571083,1784373389.004879,1784373388.287981,1.40647361,"[dac] CH_A set to +3.034 V (code=42710)
"
492,24,12,3.034172666904801,2.9036191907037026,-0.13055347620109847,1784373389.006,1784373390.4425118,1784373389.724256,1.47082317,"[dac] CH_A set to +2.904 V (code=42282)
"
493,24,13,2.9036191907037026,2.7730657145026036,-0.13055347620109892,1784373390.442695,1784373391.878669,1784373391.160682,1.48825118,"[dac] CH_A set to +2.773 V (code=41854)
"
494,25,0,2.9036191907037026,2.968895928804252,0.06527673810054946,1784373439.123116,1784373440.567662,1784373439.845389,1.44535147,"[dac] CH_A set to +2.969 V (code=42496)
"
495,25,1,2.968895928804252,3.0341726669048015,0.06527673810054946,1784373440.567853,1784373441.9964101,1784373441.2821317,1.43864839,"[dac] CH_A set to +3.034 V (code=42710)
"
496,26,0,2.9036191907037026,2.7730657145026036,-0.13055347620109892,1784373489.238514,1784373490.668651,1784373489.9535825,1.46277948,"[dac] CH_A set to +2.773 V (code=41854)
"
497,26,1,2.7730657145026036,2.642512238301505,-0.13055347620109847,1784373490.668858,1784373492.110506,1784373491.389682,1.53383212,"[dac] CH_A set to +2.642 V (code=41426)
"
498,26,2,2.642512238301505,2.5119587621004067,-0.13055347620109847,1784373492.110721,1784373493.54009,1784373492.8254056,1.54723828,"[dac] CH_A set to +2.512 V (code=40999)
"
499,26,3,2.5119587621004067,2.3814052858993078,-0.13055347620109892,1784373493.540283,1784373494.978636,1784373494.2594595,1.55260074,"[dac] CH_A set to +2.381 V (code=40571)
"
500,26,4,2.3814052858993078,2.250851809698209,-0.13055347620109892,1784373494.97894,1784373496.4093099,1784373495.694125,1.57136936,"[dac] CH_A set to +2.251 V (code=40143)
"
501,26,5,2.250851809698209,2.1202983334971104,-0.13055347620109847,1784373496.409488,1784373497.8466291,1784373497.1280584,1.59013798,"[dac] CH_A set to +2.120 V (code=39715)
"
502,26,6,2.1202983334971104,1.9897448572960117,-0.1305534762010987,1784373497.8468611,1784373499.271617,1784373498.559239,1.61292845,"[dac] CH_A set to +1.990 V (code=39287)
"
503,26,7,1.9897448572960117,1.859191381094913,-0.1305534762010987,1784373499.271895,1784373500.696744,1784373499.9843194,1.59952229,"[dac] CH_A set to +1.859 V (code=38860)
"
504,26,8,1.859191381094913,1.7286379048938143,-0.1305534762010987,1784373500.6969469,1784373502.1353521,1784373501.4161496,1.6089066,"[dac] CH_A set to +1.729 V (code=38432)
"
505,26,9,1.7286379048938143,1.5980844286927156,-0.1305534762010987,1784373502.13552,1784373503.5799592,1784373502.8577394,1.62097215,"[dac] CH_A set to +1.598 V (code=38004)
"
506,26,10,1.5980844286927156,1.467530952491617,-0.1305534762010987,1784373503.5801442,1784373505.0370529,1784373504.3085985,1.58209429,"[dac] CH_A set to +1.467 V (code=37576)
"
507,26,11,1.467530952491617,1.3369774762905182,-0.1305534762010987,1784373505.0372438,1784373506.471662,1784373505.754453,1.52578842,"[dac] CH_A set to +1.337 V (code=37149)
"
508,26,12,1.3369774762905182,1.2064240000894195,-0.1305534762010987,1784373506.4718459,1784373507.904829,1784373507.1883373,1.53919458,"[dac] CH_A set to +1.206 V (code=36721)
"
509,26,13,1.2064240000894195,1.0758705238883208,-0.1305534762010987,1784373507.905043,1784373509.336983,1784373508.621013,1.50836042,"[dac] CH_A set to +1.076 V (code=36293)
"
510,26,14,1.0758705238883208,0.9453170476872221,-0.1305534762010987,1784373509.3371542,1784373510.773946,1784373510.05555,1.46814194,"[dac] CH_A set to +0.945 V (code=35865)
"
511,26,15,0.9453170476872221,0.8147635714861234,-0.1305534762010987,1784373510.7741241,1784373512.2209332,1784373511.4975286,1.45473578,"[dac] CH_A set to +0.815 V (code=35437)
"
512,26,16,0.8147635714861234,0.6842100952850245,-0.13055347620109892,1784373512.221142,1784373513.6650891,1784373512.9431157,1.41585792,"[dac] CH_A set to +0.684 V (code=35009)
"
513,26,17,0.6842100952850245,0.553656619083926,-0.13055347620109847,1784373513.665287,1784373515.1046898,1784373514.3849883,1.34078343,"[dac] CH_A set to +0.554 V (code=34582)
"
514,26,18,0.553656619083926,0.4231031428828276,-0.13055347620109847,1784373515.104872,1784373516.55518,1784373515.8300261,1.34748651,"[dac] CH_A set to +0.423 V (code=34154)
"
515,26,19,0.4231031428828276,0.29254966668172866,-0.13055347620109892,1784373516.5555048,1784373517.981736,1784373517.2686205,1.27509326,"[dac] CH_A set to +0.292 V (code=33726)
"
516,26,20,0.29254966668172866,0.16199619048062974,-0.13055347620109892,1784373517.981938,1784373519.4134998,1784373518.6977189,1.24157786,"[dac] CH_A set to +0.162 V (code=33298)
"
517,26,21,0.16199619048062974,0.03144271427953127,-0.13055347620109847,1784373519.4138198,1784373520.846293,1784373520.1300564,1.16784399,"[dac] CH_A set to +0.031 V (code=32870)
"
518,26,22,0.03144271427953127,-0.0991107619215672,-0.13055347620109847,1784373520.846606,1784373522.281816,1784373521.564211,1.10617566,"[dac] CH_A set to -0.099 V (code=32443)
"
519,26,23,-0.0991107619215672,-0.22966423812266612,-0.13055347620109892,1784373522.2820108,1784373523.7300239,1784373523.0060172,1.0592541,"[dac] CH_A set to -0.230 V (code=32015)
"
520,26,24,-0.22966423812266612,-0.36021771432376504,-0.13055347620109892,1784373523.7302861,1784373525.163579,1784373524.4469326,1.00697009,"[dac] CH_A set to -0.360 V (code=31587)
"
521,26,25,-0.36021771432376504,-0.4907711905248635,-0.13055347620109847,1784373525.163788,1784373526.601399,1784373525.8825936,0.954686067,"[dac] CH_A set to -0.491 V (code=31159)
"
522,26,26,-0.4907711905248635,-0.621324666725962,-0.13055347620109847,1784373526.601589,1784373528.053267,1784373527.3274279,0.868886652,"[dac] CH_A set to -0.621 V (code=30732)
"
523,26,27,-0.621324666725962,-0.7518781429270609,-0.13055347620109892,1784373528.053628,1784373529.49837,1784373528.775999,0.838052487,"[dac] CH_A set to -0.752 V (code=30304)
"
524,26,28,-0.7518781429270609,-0.8824316191281598,-0.13055347620109892,1784373529.498563,1784373530.940075,1784373530.2193189,0.753593688,"[dac] CH_A set to -0.882 V (code=29876)
"
525,26,29,-0.8824316191281598,-1.0129850953292583,-0.13055347620109847,1784373530.940248,1784373532.374201,1784373531.6572247,0.702650286,"[dac] CH_A set to -1.013 V (code=29448)
"
526,26,30,-1.0129850953292583,-1.1435385715303568,-0.13055347620109847,1784373532.374387,1784373533.8064132,1784373533.0904002,0.632938261,"[dac] CH_A set to -1.143 V (code=29021)
"
527,27,0,-1.2740920477314557,-1.3393687858320051,-0.06527673810054946,1784373581.01684,1784373582.460644,1784373581.7387419,0.506920371,"[dac] CH_A set to -1.339 V (code=28379)
"
528,27,1,-1.3393687858320051,-1.4046455239325546,-0.06527673810054946,1784373582.460854,1784373583.898177,1784373583.1795154,0.49753606,"[dac] CH_A set to -1.405 V (code=28165)
"
529,28,0,-1.2740920477314557,-1.2740920477314557,0.0,1784373631.079256,1784373632.5271418,1784373631.8031988,0.533732688,"[dac] CH_A set to -1.274 V (code=28593)
"
530,29,0,-1.1435385715303568,-1.0782618334298073,0.06527673810054946,1784373679.703875,1784373681.133534,1784373680.4187045,0.595401017,"[dac] CH_A set to -1.078 V (code=29234)
"
531,29,1,-1.0782618334298073,-1.0129850953292578,0.06527673810054946,1784373681.133717,1784373682.578794,1784373681.8562555,0.62355395,"[dac] CH_A set to -1.013 V (code=29448)
"
532,30,0,-1.1435385715303568,-1.012985095329258,0.1305534762010987,1784373729.8537862,1784373731.295379,1784373730.5745826,0.594060401,"[dac] CH_A set to -1.013 V (code=29448)
"
533,30,1,-1.012985095329258,-0.8824316191281594,0.1305534762010987,1784373731.29643,1784373732.74734,1784373732.021885,0.677178585,"[dac] CH_A set to -0.882 V (code=29876)
"
534,30,2,-0.8824316191281594,-0.7518781429270607,0.1305534762010987,1784373732.747534,1784373734.1761038,1784373733.461819,0.716056444,"[dac] CH_A set to -0.752 V (code=30304)
"
535,30,3,-0.7518781429270607,-0.621324666725962,0.1305534762010987,1784373734.176276,1784373735.610882,1784373734.893579,0.77236231,"[dac] CH_A set to -0.621 V (code=30732)
"
536,30,4,-0.621324666725962,-0.4907711905248633,0.1305534762010987,1784373735.611053,1784373737.0528939,1784373736.3319736,0.828668176,"[dac] CH_A set to -0.491 V (code=31159)
"
537,30,5,-0.4907711905248633,-0.3602177143237646,0.1305534762010987,1784373737.053312,1784373738.497182,1784373737.775247,0.895698969,"[dac] CH_A set to -0.360 V (code=31587)
"
538,30,6,-0.3602177143237646,-0.2296642381226659,0.1305534762010987,1784373738.497365,1784373739.930607,1784373739.213986,0.957367299,"[dac] CH_A set to -0.230 V (code=32015)
"
539,30,7,-0.2296642381226659,-0.0991107619215672,0.1305534762010987,1784373739.930906,1784373741.365922,1784373740.6484141,1.01367316,"[dac] CH_A set to -0.099 V (code=32443)
"
540,30,8,-0.0991107619215672,0.03144271427953149,0.1305534762010987,1784373741.366112,1784373742.814476,1784373742.090294,1.0672978,"[dac] CH_A set to +0.031 V (code=32870)
"
541,30,9,0.03144271427953149,0.1619961904806302,0.1305534762010987,1784373742.814677,1784373744.2598348,1784373743.5372558,1.13432859,"[dac] CH_A set to +0.162 V (code=33298)
"
542,30,10,0.1619961904806302,0.2925496666817289,0.1305534762010987,1784373744.2600682,1784373745.703836,1784373744.9819522,1.21878739,"[dac] CH_A set to +0.292 V (code=33726)
"
543,30,11,0.2925496666817289,0.4231031428828276,0.1305534762010987,1784373745.704083,1784373747.145539,1784373746.424811,1.24962156,"[dac] CH_A set to +0.423 V (code=34154)
"
544,30,12,0.4231031428828276,0.5536566190839263,0.1305534762010987,1784373747.145799,1784373748.578967,1784373747.862383,1.28849942,"[dac] CH_A set to +0.554 V (code=34582)
"
545,30,13,0.5536566190839263,0.684210095285025,0.1305534762010987,1784373748.579178,1784373750.006237,1784373749.2927074,1.34480528,"[dac] CH_A set to +0.684 V (code=35009)
"
546,30,14,0.684210095285025,0.8147635714861237,0.1305534762010987,1784373750.006422,1784373751.443252,1784373750.724837,1.39172684,"[dac] CH_A set to +0.815 V (code=35437)
"
547,30,15,0.8147635714861237,0.9453170476872224,0.1305534762010987,1784373751.443454,1784373752.882518,1784373752.162986,1.42926408,"[dac] CH_A set to +0.945 V (code=35865)
"
548,30,16,0.9453170476872224,1.0758705238883213,0.13055347620109892,1784373752.8827069,1784373754.330188,1784373753.6064475,1.46009824,"[dac] CH_A set to +1.076 V (code=36293)
"
549,30,17,1.0758705238883213,1.2064240000894197,0.13055347620109847,1784373754.330391,1784373755.778854,1784373755.0546224,1.48556995,"[dac] CH_A set to +1.206 V (code=36721)
"
550,30,18,1.2064240000894197,1.3369774762905182,0.13055347620109847,1784373755.7791228,1784373757.218306,1784373756.4987144,1.51506349,"[dac] CH_A set to +1.337 V (code=37149)
"
551,30,19,1.3369774762905182,1.4675309524916171,0.13055347620109892,1784373757.218488,1784373758.662154,1784373757.940321,1.53785396,"[dac] CH_A set to +1.467 V (code=37576)
"
552,30,20,1.4675309524916171,1.598084428692716,0.13055347620109892,1784373758.662347,1784373760.1037629,1784373759.383055,1.60220353,"[dac] CH_A set to +1.598 V (code=38004)
"
553,30,21,1.598084428692716,1.7286379048938145,0.13055347620109847,1784373760.10405,1784373761.537333,1784373760.8206916,1.56734751,"[dac] CH_A set to +1.729 V (code=38432)
"
554,30,22,1.7286379048938145,1.859191381094913,0.13055347620109847,1784373761.53751,1784373762.978838,1784373762.258174,1.624994,"[dac] CH_A set to +1.859 V (code=38860)
"
555,30,23,1.859191381094913,1.989744857296012,0.13055347620109892,1784373762.9790149,1784373764.4117498,1784373763.6953824,1.59281921,"[dac] CH_A set to +1.990 V (code=39287)
"
556,30,24,1.989744857296012,2.120298333497111,0.13055347620109892,1784373764.411926,1784373765.836015,1784373765.1239705,1.59013798,"[dac] CH_A set to +2.120 V (code=39715)
"
557,30,25,2.120298333497111,2.2508518096982093,0.13055347620109847,1784373765.836225,1784373767.287221,1784373766.561723,1.62767523,"[dac] CH_A set to +2.251 V (code=40143)
"
558,30,26,2.2508518096982093,2.3814052858993078,0.13055347620109847,1784373767.287433,1784373768.7204711,1784373768.003952,1.59952229,"[dac] CH_A set to +2.381 V (code=40571)
"
559,30,27,2.3814052858993078,2.5119587621004067,0.13055347620109892,1784373768.720743,1784373770.140508,1784373769.4306254,1.58879737,"[dac] CH_A set to +2.512 V (code=40999)
"
560,30,28,2.5119587621004067,2.6425122383015056,0.13055347620109892,1784373770.140726,1784373771.582422,1784373770.8615742,1.5660069,"[dac] CH_A set to +2.642 V (code=41426)
"
561,30,29,2.6425122383015056,2.773065714502604,0.13055347620109847,1784373771.5826318,1784373773.00914,1784373772.295886,1.54321643,"[dac] CH_A set to +2.773 V (code=41854)
"
562,30,30,2.773065714502604,2.9036191907037026,0.13055347620109847,1784373773.009341,1784373774.445915,1784373773.727628,1.50836042,"[dac] CH_A set to +2.904 V (code=42282)
"
563,31,0,2.7730657145026036,2.707788976402054,-0.06527673810054946,1784373821.662195,1784373823.084348,1784373822.3732715,1.52846965,"[dac] CH_A set to +2.708 V (code=41640)
"
564,31,1,2.707788976402054,2.6425122383015047,-0.06527673810054946,1784373823.085396,1784373824.511908,1784373823.7986522,1.54991951,"[dac] CH_A set to +2.642 V (code=41426)
"
565,32,0,2.7730657145026036,2.9036191907037026,0.13055347620109892,1784373871.357507,1784373872.774282,1784373872.0658946,1.5070198,"[dac] CH_A set to +2.904 V (code=42282)
"
566,32,1,2.9036191907037026,3.034172666904801,0.13055347620109847,1784373872.774503,1784373874.2009752,1784373873.487739,1.43864839,"[dac] CH_A set to +3.034 V (code=42710)
"
567,32,2,3.034172666904801,3.1647261431058995,0.13055347620109847,1784373874.201169,1784373875.620238,1784373874.9107037,1.40647361,"[dac] CH_A set to +3.165 V (code=43137)
"
568,32,3,3.1647261431058995,3.2952796193069984,0.13055347620109892,1784373875.6204538,1784373877.046308,1784373876.333381,1.36625513,"[dac] CH_A set to +3.295 V (code=43565)
"
569,32,4,3.2952796193069984,3.4258330955080973,0.13055347620109892,1784373877.046486,1784373878.4709618,1784373877.7587237,1.30458681,"[dac] CH_A set to +3.426 V (code=43993)
"
570,32,5,3.4258330955080973,3.556386571709196,0.13055347620109847,1784373878.471159,1784373879.891404,1784373879.1812816,1.26436833,"[dac] CH_A set to +3.556 V (code=44421)
"
571,32,6,3.556386571709196,3.6869400479102943,0.13055347620109847,1784373879.891585,1784373881.315955,1784373880.60377,1.20538123,"[dac] CH_A set to +3.687 V (code=44849)
"
572,32,7,3.6869400479102943,3.817493524111393,0.13055347620109892,1784373881.316143,1784373882.7353458,1784373882.0257444,1.17052522,"[dac] CH_A set to +3.818 V (code=45276)
"
573,33,0,3.948047000312492,4.013323738413042,0.06527673810054946,1784373929.6147358,1784373931.0375261,1784373930.3261309,1.06059472,"[dac] CH_A set to +4.013 V (code=45918)
"
574,33,1,4.013323738413042,4.078600476513591,0.06527673810054946,1784373931.037725,1784373932.463569,1784373931.750647,1.04718856,"[dac] CH_A set to +4.079 V (code=46132)
"
575,34,0,3.948047000312492,3.817493524111393,-0.13055347620109892,1784373979.351342,1784373980.764244,1784373980.0577931,1.12092243,"[dac] CH_A set to +3.818 V (code=45276)
"
576,34,1,3.817493524111393,3.6869400479102947,-0.13055347620109847,1784373980.7644548,1784373982.189213,1784373981.4768338,1.16382214,"[dac] CH_A set to +3.687 V (code=44849)
"
577,34,2,3.6869400479102947,3.5563865717091963,-0.13055347620109847,1784373982.1894,1784373983.6133718,1784373982.9013858,1.24559971,"[dac] CH_A set to +3.556 V (code=44421)
"
578,34,3,3.5563865717091963,3.4258330955080973,-0.13055347620109892,1784373983.613569,1784373985.0355752,1784373984.324572,1.26839018,"[dac] CH_A set to +3.426 V (code=43993)
"
579,34,4,3.4258330955080973,3.2952796193069984,-0.13055347620109892,1784373985.0357518,1784373986.459049,1784373985.7474003,1.32871789,"[dac] CH_A set to +3.295 V (code=43565)
"
580,34,5,3.2952796193069984,3.1647261431059,-0.13055347620109847,1784373986.459276,1784373987.887624,1784373987.17345,1.35821144,"[dac] CH_A set to +3.165 V (code=43137)
"
581,34,6,3.1647261431059,3.0341726669048015,-0.13055347620109847,1784373987.887823,1784373989.306232,1784373988.5970275,1.43194531,"[dac] CH_A set to +3.034 V (code=42710)
"
582,34,7,3.0341726669048015,2.9036191907037026,-0.13055347620109892,1784373989.306433,1784373990.7234838,1784373990.0149584,1.42792346,"[dac] CH_A set to +2.904 V (code=42282)
"
583,34,8,2.9036191907037026,2.7730657145026036,-0.13055347620109892,1784373990.723671,1784373992.137335,1784373991.430503,1.48825118,"[dac] CH_A set to +2.773 V (code=41854)
"
584,34,9,2.7730657145026036,2.642512238301505,-0.13055347620109847,1784373992.1375659,1784373993.557586,1784373992.847576,1.50970103,"[dac] CH_A set to +2.642 V (code=41426)
"
585,34,10,2.642512238301505,2.5119587621004067,-0.13055347620109847,1784373993.557775,1784373994.977393,1784373994.2675838,1.53919458,"[dac] CH_A set to +2.512 V (code=40999)
"
586,34,11,2.5119587621004067,2.3814052858993078,-0.13055347620109892,1784373994.977602,1784373996.400293,1784373995.6889477,1.5579632,"[dac] CH_A set to +2.381 V (code=40571)
"
587,34,12,2.3814052858993078,2.250851809698209,-0.13055347620109892,1784373996.400477,1784373997.815635,1784373997.108056,1.57002875,"[dac] CH_A set to +2.251 V (code=40143)
"
588,34,13,2.250851809698209,2.1202983334971104,-0.13055347620109847,1784373997.815839,1784373999.2406552,1784373998.528247,1.59013798,"[dac] CH_A set to +2.120 V (code=39715)
"
589,34,14,2.1202983334971104,1.9897448572960117,-0.1305534762010987,1784373999.240854,1784374000.666985,1784373999.9539194,1.60488476,"[dac] CH_A set to +1.990 V (code=39287)
"
590,34,15,1.9897448572960117,1.859191381094913,-0.1305534762010987,1784374000.667177,1784374002.088922,1784374001.3780494,1.58879737,"[dac] CH_A set to +1.859 V (code=38860)
"
591,34,16,1.859191381094913,1.728637904893814,-0.13055347620109892,1784374002.089131,1784374003.512741,1784374002.8009362,1.59684106,"[dac] CH_A set to +1.729 V (code=38432)
"
592,34,17,1.728637904893814,1.5980844286927156,-0.13055347620109847,1784374003.5129468,1784374004.940605,1784374004.226776,1.61426907,"[dac] CH_A set to +1.598 V (code=38004)
"
593,34,18,1.5980844286927156,1.4675309524916171,-0.13055347620109847,1784374004.940845,1784374006.360546,1784374005.6506956,1.57405059,"[dac] CH_A set to +1.467 V (code=37576)
"
594,34,19,1.4675309524916171,1.3369774762905182,-0.13055347620109892,1784374006.360801,1784374007.782272,1784374007.0715365,1.57136936,"[dac] CH_A set to +1.337 V (code=37149)
"
595,34,20,1.3369774762905182,1.2064240000894193,-0.13055347620109892,1784374007.782445,1784374009.208388,1784374008.4954166,1.53785396,"[dac] CH_A set to +1.206 V (code=36721)
"
596,34,21,1.2064240000894193,1.0758705238883208,-0.13055347620109847,1784374009.208571,1784374010.63552,1784374009.9220455,1.54187581,"[dac] CH_A set to +1.076 V (code=36293)
"
597,34,22,1.0758705238883208,0.9453170476872224,-0.13055347620109847,1784374010.635705,1784374012.054528,1784374011.3451166,1.48556995,"[dac] CH_A set to +0.945 V (code=35865)
"
598,34,23,0.9453170476872224,0.8147635714861234,-0.13055347620109892,1784374012.0547452,1784374013.474359,1784374012.764552,1.4735044,"[dac] CH_A set to +0.815 V (code=35437)
"
599,34,24,0.8147635714861234,0.6842100952850245,-0.13055347620109892,1784374013.474556,1784374014.900651,1784374014.1876035,1.422561,"[dac] CH_A set to +0.684 V (code=35009)
"
600,34,25,0.6842100952850245,0.553656619083926,-0.13055347620109847,1784374014.900857,1784374016.323935,1784374015.612396,1.37832068,"[dac] CH_A set to +0.554 V (code=34582)
"
601,34,26,0.553656619083926,0.4231031428828276,-0.13055347620109847,1784374016.3241541,1784374017.746635,1784374017.0353947,1.35284898,"[dac] CH_A set to +0.423 V (code=34154)
"
602,34,27,0.4231031428828276,0.29254966668172866,-0.13055347620109892,1784374017.746839,1784374019.169321,1784374018.45808,1.29922434,"[dac] CH_A set to +0.292 V (code=33726)
"
603,34,28,0.29254966668172866,0.16199619048062974,-0.13055347620109892,1784374019.169528,1784374020.592842,1784374019.881185,1.23755601,"[dac] CH_A set to +0.162 V (code=33298)
"
604,34,29,0.16199619048062974,0.03144271427953127,-0.13055347620109847,1784374020.593055,1784374022.0155761,1784374021.3043156,1.19197507,"[dac] CH_A set to +0.031 V (code=32870)
"
605,34,30,0.03144271427953127,-0.0991107619215672,-0.13055347620109847,1784374022.015764,1784374023.433866,1784374022.724815,1.15041598,"[dac] CH_A set to -0.099 V (code=32443)
"
606,34,31,-0.0991107619215672,-0.22966423812266612,-0.13055347620109892,1784374023.4341812,1784374024.8588438,1784374024.1465125,1.06461657,"[dac] CH_A set to -0.230 V (code=32015)
"
607,34,32,-0.22966423812266612,-0.36021771432376504,-0.13055347620109892,1784374024.8590488,1784374026.280719,1784374025.5698838,1.00562947,"[dac] CH_A set to -0.360 V (code=31587)
"
608,34,33,-0.36021771432376504,-0.49077119052486395,-0.13055347620109892,1784374026.280941,1784374027.697505,1784374026.989223,0.946642372,"[dac] CH_A set to -0.491 V (code=31159)
"
609,34,34,-0.49077119052486395,-0.621324666725962,-0.13055347620109803,1784374027.6985412,1784374029.1216571,1784374028.410099,0.883633426,"[dac] CH_A set to -0.621 V (code=30732)
"
610,34,35,-0.621324666725962,-0.7518781429270609,-0.13055347620109892,1784374029.121898,1784374030.543871,1784374029.8328843,0.813921402,"[dac] CH_A set to -0.752 V (code=30304)
"
611,34,36,-0.7518781429270609,-0.8824316191281598,-0.13055347620109892,1784374030.5441248,1784374031.962114,1784374031.2531195,0.77906539,"[dac] CH_A set to -0.882 V (code=29876)
"
612,34,37,-0.8824316191281598,-1.0129850953292578,-0.13055347620109803,1784374031.962346,1784374033.380874,1784374032.6716099,0.695947207,"[dac] CH_A set to -1.013 V (code=29448)
"
613,34,38,-1.0129850953292578,-1.1435385715303568,-0.13055347620109892,1784374033.381063,1784374034.807325,1784374034.094194,0.650366267,"[dac] CH_A set to -1.143 V (code=29021)
"
614,34,39,-1.1435385715303568,-1.2740920477314557,-0.13055347620109892,1784374034.8077319,1784374036.222538,1784374035.5151348,0.572610548,"[dac] CH_A set to -1.274 V (code=28593)
"
615,34,40,-1.2740920477314557,-1.4046455239325546,-0.13055347620109892,1784374036.2226932,1784374037.647414,1784374036.9350536,0.514964066,"[dac] CH_A set to -1.405 V (code=28165)
"
616,34,41,-1.4046455239325546,-1.5351990001336535,-0.13055347620109892,1784374037.647614,1784374039.07391,1784374038.3607621,0.455976968,"[dac] CH_A set to -1.535 V (code=27737)
"
617,34,42,-1.5351990001336535,-1.6657524763347515,-0.13055347620109803,1784374039.074107,1784374040.497841,1784374039.785974,0.431845883,"[dac] CH_A set to -1.666 V (code=27309)
"
618,34,43,-1.6657524763347515,-1.7963059525358505,-0.13055347620109892,1784374040.4989948,1784374041.92558,1784374041.2122874,0.354090163,"[dac] CH_A set to -1.796 V (code=26881)
"
619,34,44,-1.7963059525358505,-1.9268594287369494,-0.13055347620109892,1784374041.925777,1784374043.347556,1784374042.6366665,0.297784297,"[dac] CH_A set to -1.927 V (code=26454)
"
620,34,45,-1.9268594287369494,-2.0574129049380474,-0.13055347620109803,1784374043.3477602,1784374044.7669199,1784374044.0573401,0.253543974,"[dac] CH_A set to -2.057 V (code=26026)
"
621,34,46,-2.0574129049380474,-2.1879663811391463,-0.13055347620109892,1784374044.767259,1784374046.193156,1784374045.4802074,0.220028577,"[dac] CH_A set to -2.188 V (code=25598)
"
622,35,0,-2.3185198573402452,-2.3837965954407947,-0.06527673810054946,1784374093.055985,1784374094.477322,1784374093.7666535,0.114119925,"[dac] CH_A set to -2.384 V (code=24956)
"
623,35,1,-2.3837965954407947,-2.449073333541344,-0.06527673810054946,1784374094.478386,1784374095.894668,1784374095.186527,0.104735614,"[dac] CH_A set to -2.449 V (code=24742)
"
624,36,0,-2.3185198573402452,-2.1879663811391468,0.13055347620109847,1784374142.947388,1784374144.376811,1784374143.6620994,0.155679016,"[dac] CH_A set to -2.188 V (code=25598)
"
625,36,1,-2.1879663811391468,-2.057412904938048,0.13055347620109892,1784374144.3779159,1784374145.816138,1784374145.0970268,0.203941187,"[dac] CH_A set to -2.057 V (code=26026)
"
626,36,2,-2.057412904938048,-1.9268594287369494,0.13055347620109847,1784374145.81633,1784374147.2405171,1784374146.5284235,0.221369193,"[dac] CH_A set to -1.927 V (code=26454)
"
627,36,3,-1.9268594287369494,-1.7963059525358505,0.13055347620109892,1784374147.240868,1784374148.686615,1784374147.9637415,0.27097198,"[dac] CH_A set to -1.796 V (code=26881)
"
628,36,4,-1.7963059525358505,-1.665752476334752,0.13055347620109847,1784374148.686801,1784374150.130934,1784374149.4088674,0.335321541,"[dac] CH_A set to -1.666 V (code=27309)
"
629,36,5,-1.665752476334752,-1.5351990001336533,0.1305534762010987,1784374150.1313338,1784374151.5720031,1784374150.8516684,0.38090248,"[dac] CH_A set to -1.535 V (code=27737)
"
630,36,6,-1.5351990001336533,-1.4046455239325546,0.1305534762010987,1784374151.572305,1784374153.010154,1784374152.2912295,0.437208346,"[dac] CH_A set to -1.405 V (code=28165)
"
631,36,7,-1.4046455239325546,-1.274092047731456,0.1305534762010987,1784374153.010328,1784374154.594479,1784374153.8024035,0.484129901,"[dac] CH_A set to -1.274 V (code=28593)
[acq] n=16 win=320.0ms dc=+0.461064V
  f=1000.0 mag=0.000942 ph=+1.532 i=+0.000037 q=+0.000941
  f=2000.0 mag=0.000472 ph=+1.492 i=+0.000037 q=+0.000471
ACQ n=16 dc=+0.461064 | 1000.0,+0.000037,+0.000941 2000.0,+0.000037,+0.000471
RAWADC v=1 scope=acq expected=20480 used=20480 read_fail=0 blocks=16 complete=1 timeout=0 gain=1 fs_uv=1200000 guard=8381618 crc=0
RAWADC_CH v=1 scope=acq ch=0 min=-6904741 max=32181 rail_lo=0 rail_hi=0 guard_lo=0 guard_hi=0
"
632,36,8,-1.274092047731456,-1.1435385715303572,0.1305534762010987,1784374154.594663,1784374156.029886,1784374155.3122745,0.532392072,"[dac] CH_A set to -1.143 V (code=29021)
"
633,36,9,-1.1435385715303572,-1.0129850953292585,0.1305534762010987,1784374156.030884,1784374157.4700181,1784374156.750451,0.598082249,"[dac] CH_A set to -1.013 V (code=29448)
"
634,36,10,-1.0129850953292585,-0.8824316191281598,0.1305534762010987,1784374157.470198,1784374158.903209,1784374158.1867034,0.674497353,"[dac] CH_A set to -0.882 V (code=29876)
"
635,36,11,-0.8824316191281598,-0.7518781429270613,0.13055347620109847,1784374158.90342,1784374160.340112,1784374159.621766,0.732143835,"[dac] CH_A set to -0.752 V (code=30304)
"
636,36,12,-0.7518781429270613,-0.6213246667259626,0.1305534762010987,1784374160.3403971,1784374161.766089,1784374161.0532432,0.788449701,"[dac] CH_A set to -0.621 V (code=30732)
"
637,36,13,-0.6213246667259626,-0.49077119052486395,0.1305534762010987,1784374161.7662919,1784374163.2076669,1784374162.4869795,0.844755567,"[dac] CH_A set to -0.491 V (code=31159)
"
638,36,14,-0.49077119052486395,-0.36021771432376526,0.1305534762010987,1784374163.2078521,1784374164.644691,1784374163.9262714,0.919830055,"[dac] CH_A set to -0.360 V (code=31587)
"
639,36,15,-0.36021771432376526,-0.22966423812266656,0.1305534762010987,1784374164.6448908,1784374166.094261,1784374165.369576,0.954686067,"[dac] CH_A set to -0.230 V (code=32015)
"
640,36,16,-0.22966423812266656,-0.09911076192156809,0.13055347620109847,1784374166.0953212,1784374167.535863,1784374166.815592,1.0418261,"[dac] CH_A set to -0.099 V (code=32443)
"
641,36,17,-0.09911076192156809,0.031442714279530826,0.13055347620109892,1784374167.536059,1784374168.977809,1784374168.256934,1.07266026,"[dac] CH_A set to +0.031 V (code=32870)
"
642,37,0,0.16199619048062974,0.2272729285811792,0.06527673810054946,1784374216.152457,1784374217.6025548,1784374216.8775058,1.18393138,"[dac] CH_A set to +0.227 V (code=33512)
"
643,37,1,0.2272729285811792,0.29254966668172866,0.06527673810054946,1784374217.6035998,1784374219.0351648,1784374218.3193822,1.21208431,"[dac] CH_A set to +0.292 V (code=33726)
"
644,38,0,0.16199619048062974,0.2816702103316369,0.11967401985100717,1784374266.270991,1784374267.711512,1784374266.9912515,1.24157786,"[dac] CH_A set to +0.282 V (code=33691)
"
645,38,1,0.2816702103316369,0.4013442301826441,0.11967401985100717,1784374267.711715,1784374269.139849,1784374268.425782,1.23085293,"[dac] CH_A set to +0.401 V (code=34082)
"
646,38,2,0.4013442301826441,0.5210182500336513,0.11967401985100723,1784374269.140033,1784374270.584983,1784374269.862508,1.28179634,"[dac] CH_A set to +0.521 V (code=34475)
"
647,38,3,0.5210182500336513,0.6406922698846584,0.11967401985100712,1784374270.5852108,1784374272.0134468,1784374271.2993288,1.35687082,"[dac] CH_A set to +0.641 V (code=34867)
"
648,38,4,0.6406922698846584,0.7603662897356657,0.11967401985100723,1784374272.0137558,1784374273.452619,1784374272.7331874,1.39574868,"[dac] CH_A set to +0.760 V (code=35259)
"
649,38,5,0.7603662897356657,0.8800403095866729,0.11967401985100723,1784374273.4528,1784374274.893943,1784374274.1733716,1.41987977,"[dac] CH_A set to +0.880 V (code=35651)
"
650,38,6,0.8800403095866729,0.99971432943768,0.11967401985100712,1784374274.894124,1784374276.3437781,1784374275.618951,1.45473578,"[dac] CH_A set to +1.000 V (code=36043)
"
651,38,7,0.99971432943768,1.1193883492886871,0.11967401985100712,1784374276.343968,1784374277.781205,1784374277.0625863,1.47484502,"[dac] CH_A set to +1.119 V (code=36435)
"
652,38,8,1.1193883492886871,1.2390623691396945,0.11967401985100734,1784374277.7813811,1784374279.2193658,1784374278.5003734,1.51506349,"[dac] CH_A set to +1.239 V (code=36828)
"
653,38,9,1.2390623691396945,1.3587363889907016,0.11967401985100712,1784374279.21975,1784374280.666537,1784374279.9431434,1.53383212,"[dac] CH_A set to +1.359 V (code=37220)
"
654,38,10,1.3587363889907016,1.4784104088417087,0.11967401985100712,1784374280.666731,1784374282.117669,1784374281.3922,1.55260074,"[dac] CH_A set to +1.478 V (code=37612)
"
655,38,11,1.4784104088417087,1.598084428692716,0.11967401985100734,1784374282.117863,1784374283.561325,1784374282.839594,1.5834349,"[dac] CH_A set to +1.598 V (code=38004)
"
656,39,0,1.4675309524916171,1.4022542143910677,-0.06527673810054946,1784374330.8445709,1784374332.27992,1784374331.5622454,1.5579632,"[dac] CH_A set to +1.402 V (code=37362)
"
657,39,1,1.4022542143910677,1.3369774762905182,-0.06527673810054946,1784374332.280128,1784374333.711195,1784374332.9956615,1.54455704,"[dac] CH_A set to +1.337 V (code=37149)
"
658,40,0,1.4675309524916171,1.5980844286927158,0.1305534762010987,1784374380.853261,1784374382.275745,1784374381.564503,1.56466628,"[dac] CH_A set to +1.598 V (code=38004)
"
659,40,1,1.5980844286927158,1.7286379048938145,0.1305534762010987,1784374382.276171,1784374383.6971588,1784374382.9866648,1.60756599,"[dac] CH_A set to +1.729 V (code=38432)
"
660,40,2,1.7286379048938145,1.8591913810949132,0.1305534762010987,1784374383.697425,1784374385.123261,1784374384.410343,1.60220353,"[dac] CH_A set to +1.859 V (code=38860)
"
661,40,3,1.8591913810949132,1.989744857296012,0.1305534762010987,1784374385.123447,1784374386.5399418,1784374385.8316944,1.62365338,"[dac] CH_A set to +1.990 V (code=39287)
"
662,40,4,1.989744857296012,2.120298333497111,0.13055347620109892,1784374386.540117,1784374387.959105,1784374387.249611,1.61560968,"[dac] CH_A set to +2.120 V (code=39715)
"
663,40,5,2.120298333497111,2.2508518096982093,0.13055347620109847,1784374387.959306,1784374389.381641,1784374388.6704736,1.57539121,"[dac] CH_A set to +2.251 V (code=40143)
"
664,40,6,2.2508518096982093,2.3814052858993078,0.13055347620109847,1784374389.3818638,1784374390.806907,1784374390.0943854,1.57673182,"[dac] CH_A set to +2.381 V (code=40571)
"
665,40,7,2.3814052858993078,2.5119587621004067,0.13055347620109892,1784374390.8071208,1784374392.2289028,1784374391.5180118,1.57405059,"[dac] CH_A set to +2.512 V (code=40999)
"
666,40,8,2.5119587621004067,2.6425122383015056,0.13055347620109892,1784374392.229316,1784374393.65083,1784374392.940073,1.55260074,"[dac] CH_A set to +2.642 V (code=41426)
"
667,40,9,2.6425122383015056,2.773065714502604,0.13055347620109847,1784374393.6511161,1784374395.073148,1784374394.362132,1.50433857,"[dac] CH_A set to +2.773 V (code=41854)
"
668,40,10,2.773065714502604,2.9036191907037026,0.13055347620109847,1784374395.073347,1784374396.492852,1784374395.7830997,1.4989761,"[dac] CH_A set to +2.904 V (code=42282)
"
669,40,11,2.9036191907037026,3.0341726669048015,0.13055347620109892,1784374396.493047,1784374397.912936,1784374397.2029915,1.4815481,"[dac] CH_A set to +3.034 V (code=42710)
"
670,41,0,3.1647261431059004,3.23000288120645,0.06527673810054946,1784374444.79021,1784374446.209832,1784374445.500021,1.36759575,"[dac] CH_A set to +3.230 V (code=43351)
"
671,41,1,3.23000288120645,3.2952796193069993,0.06527673810054946,1784374446.210027,1784374447.63181,1784374446.9209185,1.34480528,"[dac] CH_A set to +3.295 V (code=43565)
"
672,42,0,3.1647261431059004,3.037799152354832,-0.1269269907510684,1784374494.463593,1784374495.876843,1784374495.170218,1.3970893,"[dac] CH_A set to +3.038 V (code=42722)
"
673,42,1,3.037799152354832,2.910872161603764,-0.12692699075106795,1784374495.877098,1784374497.301951,1784374496.5895245,1.44535147,"[dac] CH_A set to +2.911 V (code=42306)
"
674,42,2,2.910872161603764,2.7839451708526957,-0.1269269907510684,1784374497.302211,1784374498.723667,1784374498.012939,1.46948256,"[dac] CH_A set to +2.784 V (code=41890)
"
675,42,3,2.7839451708526957,2.6570181801016277,-0.12692699075106795,1784374498.723846,1784374500.1467478,1784374499.435297,1.52042596,"[dac] CH_A set to +2.657 V (code=41474)
"
676,42,4,2.6570181801016277,2.5300911893505593,-0.1269269907510684,1784374500.14693,1784374501.5633469,1784374500.8551383,1.52712904,"[dac] CH_A set to +2.530 V (code=41058)
"
677,42,5,2.5300911893505593,2.403164198599491,-0.1269269907510684,1784374501.5635252,1784374502.989214,1784374502.2763696,1.54187581,"[dac] CH_A set to +2.403 V (code=40642)
"
678,42,6,2.403164198599491,2.276237207848423,-0.12692699075106795,1784374502.989507,1784374504.409941,1784374503.699724,1.56466628,"[dac] CH_A set to +2.276 V (code=40226)
"
679,42,7,2.276237207848423,2.149310217097355,-0.12692699075106795,1784374504.410155,1784374505.830977,1784374505.120566,1.61024722,"[dac] CH_A set to +2.149 V (code=39810)
"
680,42,8,2.149310217097355,2.0223832263462866,-0.1269269907510684,1784374505.831161,1784374507.2519062,1784374506.5415335,1.59952229,"[dac] CH_A set to +2.022 V (code=39394)
"
681,42,9,2.0223832263462866,1.8954562355952185,-0.12692699075106817,1784374507.2521129,1784374508.675788,1784374507.9639504,1.62767523,"[dac] CH_A set to +1.895 V (code=38979)
"
682,42,10,1.8954562355952185,1.7685292448441503,-0.12692699075106817,1784374508.675982,1784374510.093568,1784374509.3847752,1.5660069,"[dac] CH_A set to +1.768 V (code=38562)
"
683,42,11,1.7685292448441503,1.641602254093082,-0.1269269907510684,1784374510.0938208,1784374511.510242,1784374510.8020315,1.59013798,"[dac] CH_A set to +1.642 V (code=38147)
"
684,42,12,1.641602254093082,1.5146752633420137,-0.12692699075106817,1784374511.510456,1784374512.927955,1784374512.2192054,1.61158784,"[dac] CH_A set to +1.515 V (code=37731)
"
685,42,13,1.5146752633420137,1.3877482725909456,-0.12692699075106817,1784374512.92816,1784374514.346178,1784374513.637169,1.59013798,"[dac] CH_A set to +1.388 V (code=37315)
"
686,42,14,1.3877482725909456,1.2608212818398774,-0.12692699075106817,1784374514.347195,1784374515.765363,1784374515.056279,1.54589766,"[dac] CH_A set to +1.261 V (code=36899)
"
687,42,15,1.2608212818398774,1.1338942910888092,-0.12692699075106817,1784374515.765614,1784374517.182038,1784374516.473826,1.50836042,"[dac] CH_A set to +1.134 V (code=36483)
"
688,42,16,1.1338942910888092,1.0069673003377408,-0.1269269907510684,1784374517.18224,1784374518.600822,1784374517.891531,1.50031672,"[dac] CH_A set to +1.007 V (code=36067)
"
689,42,17,1.0069673003377408,0.8800403095866729,-0.12692699075106795,1784374518.6009989,1784374520.023608,1784374519.3123035,1.44132962,"[dac] CH_A set to +0.880 V (code=35651)
"
690,42,18,0.8800403095866729,0.7531133188356045,-0.1269269907510684,1784374520.02385,1784374521.4401972,1784374520.7320237,1.43596716,"[dac] CH_A set to +0.753 V (code=35235)
"
691,42,19,0.7531133188356045,0.6261863280845366,-0.12692699075106795,1784374521.4413161,1784374522.862158,1784374522.1517372,1.41987977,"[dac] CH_A set to +0.626 V (code=34819)
"
692,42,20,0.6261863280845366,0.49925933733346817,-0.1269269907510684,1784374522.862371,1784374524.279495,1784374523.5709329,1.34882713,"[dac] CH_A set to +0.499 V (code=34404)
"
693,42,21,0.49925933733346817,0.3723323465824002,-0.12692699075106795,1784374524.279679,1784374525.693246,1784374524.9864626,1.30592742,"[dac] CH_A set to +0.372 V (code=33987)
"
694,42,22,0.3723323465824002,0.24540535583133183,-0.1269269907510684,1784374525.6934762,1784374527.115305,1784374526.4043906,1.26704956,"[dac] CH_A set to +0.245 V (code=33572)
"
695,42,23,0.24540535583133183,0.11847836508026344,-0.1269269907510684,1784374527.115489,1784374528.533691,1784374527.82459,1.21610616,"[dac] CH_A set to +0.119 V (code=33156)
"
696,42,24,0.11847836508026344,-0.00844862567080451,-0.12692699075106795,1784374528.534722,1784374529.9496372,1784374529.2421796,1.15443783,"[dac] CH_A set to -0.008 V (code=32740)
"
697,42,25,-0.00844862567080451,-0.1353756164218729,-0.1269269907510684,1784374529.9498482,1784374531.36859,1784374530.6592193,1.09545073,"[dac] CH_A set to -0.135 V (code=32324)
"
698,42,26,-0.1353756164218729,-0.26230260717294085,-0.12692699075106795,1784374531.368866,1784374532.7910268,1784374532.0799465,1.04718856,"[dac] CH_A set to -0.262 V (code=31908)
"
699,42,27,-0.26230260717294085,-0.38922959792400924,-0.1269269907510684,1784374532.791264,1784374534.210132,1784374533.500698,0.961389146,"[dac] CH_A set to -0.389 V (code=31492)
"
700,42,28,-0.38922959792400924,-0.5161565886750772,-0.12692699075106795,1784374534.210343,1784374535.6364381,1784374534.9233904,0.923851902,"[dac] CH_A set to -0.516 V (code=31076)
"
701,42,29,-0.5161565886750772,-0.6430835794261456,-0.1269269907510684,1784374535.636898,1784374537.051873,1784374536.3443856,0.883633426,"[dac] CH_A set to -0.643 V (code=30660)
"
702,42,30,-0.6430835794261456,-0.7700105701772135,-0.12692699075106795,1784374537.052041,1784374538.4663732,1784374537.7592072,0.804537091,"[dac] CH_A set to -0.770 V (code=30244)
"
703,42,31,-0.7700105701772135,-0.8969375609282819,-0.1269269907510684,1784374538.466607,1784374539.8841128,1784374539.17536,0.754934304,"[dac] CH_A set to -0.897 V (code=29829)
"
704,42,32,-0.8969375609282819,-1.0238645516793499,-0.12692699075106795,1784374539.884305,1784374541.307318,1784374540.5958114,0.690584743,"[dac] CH_A set to -1.024 V (code=29412)
"
705,42,33,-1.0238645516793499,-1.1507915424304187,-0.12692699075106884,1784374541.307509,1784374542.726181,1784374542.016845,0.604785328,"[dac] CH_A set to -1.151 V (code=28997)
"
706,42,34,-1.1507915424304187,-1.2777185331814866,-0.12692699075106795,1784374542.726441,1784374544.153066,1784374543.4397535,0.5685887,"[dac] CH_A set to -1.278 V (code=28581)
"
707,42,35,-1.2777185331814866,-1.4046455239325542,-0.1269269907510675,1784374544.1540911,1784374545.5716338,1784374544.8628626,0.49753606,"[dac] CH_A set to -1.405 V (code=28165)
"
708,43,0,-1.535199000133653,-1.6004757382342025,-0.06527673810054946,1784374592.422765,1784374593.840081,1784374593.131423,0.367496322,"[dac] CH_A set to -1.600 V (code=27523)
"
709,43,1,-1.6004757382342025,-1.665752476334752,-0.06527673810054946,1784374593.8418298,1784374595.264652,1784374594.5532408,0.375540017,"[dac] CH_A set to -1.666 V (code=27309)
"
710,44,0,-1.535199000133653,-1.4046455239325544,0.1305534762010987,1784374642.125791,1784374643.543778,1784374642.8347845,0.447933273,"[dac] CH_A set to -1.405 V (code=28165)
"
711,44,1,-1.4046455239325544,-1.2740920477314557,0.1305534762010987,1784374643.5439858,1784374644.959661,1784374644.2518234,0.498876676,"[dac] CH_A set to -1.274 V (code=28593)
"
712,44,2,-1.2740920477314557,-1.1435385715303572,0.13055347620109847,1784374644.959899,1784374646.381783,1784374645.670841,0.537754535,"[dac] CH_A set to -1.143 V (code=29021)
"
713,44,3,-1.1435385715303572,-1.0129850953292583,0.13055347620109892,1784374646.38197,1784374647.8013592,1784374647.0916646,0.606125944,"[dac] CH_A set to -1.013 V (code=29448)
"
714,44,4,-1.0129850953292583,-0.8824316191281597,0.13055347620109858,1784374647.8018692,1784374649.22464,1784374648.5132546,0.665113042,"[dac] CH_A set to -0.882 V (code=29876)
"
715,44,5,-0.8824316191281597,-0.7518781429270611,0.13055347620109858,1784374649.224849,1784374650.648205,1784374649.936527,0.74018753,"[dac] CH_A set to -0.752 V (code=30304)
"
716,44,6,-0.7518781429270611,-0.6213246667259624,0.1305534762010987,1784374650.648742,1784374652.0651531,1784374651.3569474,0.793812164,"[dac] CH_A set to -0.621 V (code=30732)
"
717,44,7,-0.6213246667259624,-0.49077119052486373,0.1305534762010987,1784374652.0653188,1784374653.480681,1784374652.7729998,0.843414951,"[dac] CH_A set to -0.491 V (code=31159)
"
718,44,8,-0.49077119052486373,-0.36021771432376504,0.1305534762010987,1784374653.481757,1784374654.905979,1784374654.193868,0.933236213,"[dac] CH_A set to -0.360 V (code=31587)
"
719,44,9,-0.36021771432376504,-0.22966423812266634,0.1305534762010987,1784374654.906162,1784374656.326396,1784374655.6162791,0.964070378,"[dac] CH_A set to -0.230 V (code=32015)
"
720,44,10,-0.22966423812266634,-0.09911076192156765,0.1305534762010987,1784374656.327023,1784374657.7447522,1784374657.0358877,1.00965132,"[dac] CH_A set to -0.099 V (code=32443)
"
721,44,11,-0.09911076192156765,0.031442714279530826,0.13055347620109847,1784374657.7449548,1784374659.16511,1784374658.4550323,1.10751627,"[dac] CH_A set to +0.031 V (code=32870)
"
722,44,12,0.031442714279530826,0.16199619048062952,0.1305534762010987,1784374659.165291,1784374660.586484,1784374659.8758874,1.15711906,"[dac] CH_A set to +0.162 V (code=33298)
"
723,44,13,0.16199619048062952,0.2925496666817282,0.1305534762010987,1784374660.586777,1784374662.001374,1784374661.2940755,1.18393138,"[dac] CH_A set to +0.292 V (code=33726)
"
724,44,14,0.2925496666817282,0.4231031428828269,0.1305534762010987,1784374662.0018291,1784374663.426367,1784374662.714098,1.25900587,"[dac] CH_A set to +0.423 V (code=34154)
"
725,44,15,0.4231031428828269,0.5536566190839256,0.1305534762010987,1784374663.42655,1784374664.8540301,1784374664.14029,1.30324619,"[dac] CH_A set to +0.554 V (code=34582)
"
726,45,0,0.6842100952850245,0.749486833385574,0.06527673810054946,1784374709.9017541,1784374711.3416908,1784374710.6217225,1.37832068,"[dac] CH_A set to +0.749 V (code=35223)
"
727,45,1,0.749486833385574,0.8147635714861234,0.06527673810054946,1784374711.3419058,1784374712.7799911,1784374712.0609484,1.41719854,"[dac] CH_A set to +0.815 V (code=35437)
"
728,46,0,0.6842100952850245,0.7821252024358487,0.09791510715082419,1784374759.945926,1784374761.3851829,1784374760.6655545,1.39038622,"[dac] CH_A set to +0.782 V (code=35330)
"
729,46,1,0.7821252024358487,0.8800403095866729,0.09791510715082419,1784374761.3862112,1784374762.826803,1784374762.106507,1.42524223,"[dac] CH_A set to +0.880 V (code=35651)
"
730,46,2,0.8800403095866729,0.9779554167374971,0.09791510715082419,1784374762.827008,1784374764.2629418,1784374763.5449748,1.44535147,"[dac] CH_A set to +0.978 V (code=35972)
"
731,46,3,0.9779554167374971,1.0758705238883213,0.09791510715082419,1784374764.263138,1784374765.693123,1784374764.9781306,1.45741701,"[dac] CH_A set to +1.076 V (code=36293)
"
732,47,0,0.9453170476872224,0.8800403095866729,-0.06527673810054946,1784374812.865796,1784374814.3004081,1784374813.5831022,1.42926408,"[dac] CH_A set to +0.880 V (code=35651)
"
733,47,1,0.8800403095866729,0.8147635714861234,-0.06527673810054946,1784374814.3006048,1784374815.74331,1784374815.0219574,1.41317669,"[dac] CH_A set to +0.815 V (code=35437)
"
734,48,0,0.9453170476872224,1.075870523888321,0.1305534762010987,1784374862.9185112,1784374864.3602118,1784374863.6393614,1.49361364,"[dac] CH_A set to +1.076 V (code=36293)
"
735,48,1,1.075870523888321,1.2064240000894197,0.1305534762010987,1784374864.361419,1784374865.7956731,1784374865.078546,1.52042596,"[dac] CH_A set to +1.206 V (code=36721)
"
736,48,2,1.2064240000894197,1.3369774762905182,0.13055347620109847,1784374865.795858,1784374867.235852,1784374866.5158548,1.53919458,"[dac] CH_A set to +1.337 V (code=37149)
"
737,48,3,1.3369774762905182,1.4675309524916171,0.13055347620109892,1784374867.2360692,1784374868.67709,1784374867.9565797,1.58075367,"[dac] CH_A set to +1.467 V (code=37576)
"
738,48,4,1.4675309524916171,1.5980844286927156,0.13055347620109847,1784374868.6773472,1784374870.11851,1784374869.3979287,1.57002875,"[dac] CH_A set to +1.598 V (code=38004)
"
739,48,5,1.5980844286927156,1.7286379048938143,0.1305534762010987,1784374870.118725,1784374871.562539,1784374870.840632,1.57807244,"[dac] CH_A set to +1.729 V (code=38432)
"
740,48,6,1.7286379048938143,1.859191381094913,0.1305534762010987,1784374871.562716,1784374872.979202,1784374872.270959,1.60756599,"[dac] CH_A set to +1.859 V (code=38860)
"
741,48,7,1.859191381094913,1.9897448572960117,0.1305534762010987,1784374872.980402,1784374874.397279,1784374873.6888404,1.57270998,"[dac] CH_A set to +1.990 V (code=39287)
"
742,48,8,1.9897448572960117,2.1202983334971104,0.1305534762010987,1784374874.397467,1784374875.826915,1784374875.112191,1.5834349,"[dac] CH_A set to +2.120 V (code=39715)
"
743,48,9,2.1202983334971104,2.250851809698209,0.13055347620109847,1784374875.827132,1784374877.2607,1784374876.543916,1.58611614,"[dac] CH_A set to +2.251 V (code=40143)
"
744,48,10,2.250851809698209,2.3814052858993078,0.13055347620109892,1784374877.2609138,1784374878.686443,1784374877.9736786,1.57539121,"[dac] CH_A set to +2.381 V (code=40571)
"
745,48,11,2.3814052858993078,2.5119587621004063,0.13055347620109847,1784374878.686635,1784374880.121717,1784374879.404176,1.57002875,"[dac] CH_A set to +2.512 V (code=40999)
"
746,48,12,2.5119587621004063,2.6425122383015047,0.13055347620109847,1784374880.122133,1784374881.548123,1784374880.8351278,1.55662259,"[dac] CH_A set to +2.642 V (code=41426)
"
747,48,13,2.6425122383015047,2.7730657145026036,0.13055347620109892,1784374881.5483131,1784374882.9692538,1784374882.2587833,1.53651335,"[dac] CH_A set to +2.773 V (code=41854)
"
748,48,14,2.7730657145026036,2.9036191907037026,0.13055347620109892,1784374882.969476,1784374884.393523,1784374883.6814995,1.50165734,"[dac] CH_A set to +2.904 V (code=42282)
"
749,48,15,2.9036191907037026,3.034172666904801,0.13055347620109847,1784374884.393835,1784374885.8184571,1784374885.106146,1.47216379,"[dac] CH_A set to +3.034 V (code=42710)
"
750,48,16,3.034172666904801,3.1647261431058995,0.13055347620109847,1784374885.8186471,1784374887.268127,1784374886.543387,1.40379238,"[dac] CH_A set to +3.165 V (code=43137)
"
751,48,17,3.1647261431058995,3.2952796193069984,0.13055347620109892,1784374887.2684128,1784374888.71078,1784374887.9895964,1.35955206,"[dac] CH_A set to +3.295 V (code=43565)
"
752,48,18,3.2952796193069984,3.425833095508097,0.13055347620109847,1784374888.711079,1784374890.1544,1784374889.4327395,1.32737727,"[dac] CH_A set to +3.426 V (code=43993)
"
753,48,19,3.425833095508097,3.556386571709196,0.13055347620109892,1784374890.155426,1784374891.5869272,1784374890.8711767,1.26973079,"[dac] CH_A set to +3.556 V (code=44421)
"
754,48,20,3.556386571709196,3.6869400479102943,0.13055347620109847,1784374891.5871239,1784374893.014412,1784374892.300768,1.20404062,"[dac] CH_A set to +3.687 V (code=44849)
"
755,48,21,3.6869400479102943,3.817493524111393,0.13055347620109892,1784374893.0146298,1784374894.438095,1784374893.7263625,1.16516276,"[dac] CH_A set to +3.818 V (code=45276)
"
756,48,22,3.817493524111393,3.9480470003124917,0.13055347620109847,1784374894.438287,1784374895.873081,1784374895.155684,1.1262849,"[dac] CH_A set to +3.948 V (code=45704)
"
757,48,23,3.9480470003124917,4.07860047651359,0.13055347620109847,1784374895.873295,1784374897.2936478,1784374896.5834713,1.0418261,"[dac] CH_A set to +4.079 V (code=46132)
"
758,48,24,4.07860047651359,4.209153952714689,0.13055347620109892,1784374897.293844,1784374898.735863,1784374898.0148535,1.02976055,"[dac] CH_A set to +4.209 V (code=46560)
"
759,48,25,4.209153952714689,4.339707428915787,0.13055347620109803,1784374898.7360692,1784374900.164188,1784374899.4501286,0.96675161,"[dac] CH_A set to +4.340 V (code=46988)
"
760,48,26,4.339707428915787,4.470260905116886,0.13055347620109892,1784374900.1643898,1784374901.5799549,1784374900.8721724,0.882292811,"[dac] CH_A set to +4.470 V (code=47416)
"
761,48,27,4.470260905116886,4.600814381317985,0.13055347620109892,1784374901.5801542,1784374903.0211651,1784374902.3006597,0.816602634,"[dac] CH_A set to +4.601 V (code=47843)
"
762,48,28,4.600814381317985,4.731367857519084,0.13055347620109892,1784374903.021379,1784374904.451485,1784374903.736432,0.765659231,"[dac] CH_A set to +4.731 V (code=48271)
"
763,48,29,4.731367857519084,4.861921333720183,0.13055347620109892,1784374904.4516559,1784374905.901403,1784374905.1765294,0.71739706,"[dac] CH_A set to +4.862 V (code=48699)
"
764,48,30,4.861921333720183,4.992474809921281,0.13055347620109803,1784374905.9016042,1784374907.3282309,1784374906.6149175,0.618191487,"[dac] CH_A set to +4.992 V (code=49127)
"
765,48,31,4.992474809921281,5.12302828612238,0.13055347620109892,1784374907.328506,1784374908.768509,1784374908.0485075,0.592719786,"[dac] CH_A set to +5.123 V (code=49554)
"
766,48,32,5.12302828612238,5.253581762323479,0.13055347620109892,1784374908.7687302,1784374910.204604,1784374909.4866672,0.484129901,"[dac] CH_A set to +5.254 V (code=49982)
"
767,48,33,5.253581762323479,5.384135238524577,0.13055347620109803,1784374910.2048252,1784374911.629174,1784374910.9169996,0.446592657,"[dac] CH_A set to +5.384 V (code=50410)
"
768,48,34,5.384135238524577,5.514688714725676,0.13055347620109892,1784374911.6293938,1784374913.0594618,1784374912.3444278,0.429164651,"[dac] CH_A set to +5.515 V (code=50838)
"
769,48,35,5.514688714725676,5.6452421909267745,0.13055347620109892,1784374913.059668,1784374914.490742,1784374913.7752051,0.360793242,"[dac] CH_A set to +5.645 V (code=51265)
"
770,48,36,5.6452421909267745,5.775795667127873,0.13055347620109892,1784374914.490929,1784374915.9327402,1784374915.2118344,0.295103065,"[dac] CH_A set to +5.776 V (code=51693)
"
771,49,0,5.906349143328972,5.971625881429522,0.06527673810054946,1784374963.0845451,1784374964.519661,1784374963.802103,0.173107022,"[dac] CH_A set to +5.972 V (code=52335)
"
772,49,1,5.971625881429522,6.036902619530071,0.06527673810054946,1784374964.5207522,1784374965.956657,1784374965.2387047,0.132888547,"[dac] CH_A set to +6.037 V (code=52549)
"
773,50,0,5.906349143328972,5.775795667127873,-0.13055347620109892,1784375013.093051,1784375014.525528,1784375013.8092895,0.197238108,"[dac] CH_A set to +5.776 V (code=51693)
"
774,50,1,5.775795667127873,5.6452421909267745,-0.13055347620109892,1784375014.526604,1784375015.9533582,1784375015.2399812,0.253543974,"[dac] CH_A set to +5.645 V (code=51265)
"
775,50,2,5.6452421909267745,5.5146887147256765,-0.13055347620109803,1784375015.9535701,1784375017.393085,1784375016.6733274,0.283037523,"[dac] CH_A set to +5.515 V (code=50838)
"
776,50,3,5.5146887147256765,5.3841352385245775,-0.13055347620109892,1784375017.3932889,1784375018.826432,1784375018.1098604,0.319234151,"[dac] CH_A set to +5.384 V (code=50410)
"
777,50,4,5.3841352385245775,5.253581762323479,-0.13055347620109892,1784375018.82675,1784375020.269622,1784375019.548186,0.398330486,"[dac] CH_A set to +5.254 V (code=49982)
"
778,50,5,5.253581762323479,5.123028286122381,-0.13055347620109803,1784375020.26985,1784375021.710093,1784375020.9899716,0.493514212,"[dac] CH_A set to +5.123 V (code=49554)
"
779,50,6,5.123028286122381,4.992474809921282,-0.13055347620109892,1784375021.710361,1784375023.145725,1784375022.428043,0.51362345,"[dac] CH_A set to +4.992 V (code=49127)
"
780,50,7,4.992474809921282,4.861921333720183,-0.13055347620109892,1784375023.1460989,1784375024.585691,1784375023.8658948,0.600763481,"[dac] CH_A set to +4.862 V (code=48699)
"
781,50,8,4.861921333720183,4.731367857519084,-0.13055347620109892,1784375024.586155,1784375026.026353,1784375025.306254,0.618191487,"[dac] CH_A set to +4.731 V (code=48271)
"
782,50,9,4.731367857519084,4.600814381317985,-0.13055347620109892,1784375026.026578,1784375027.476416,1784375026.751497,0.714715829,"[dac] CH_A set to +4.601 V (code=47843)
"
783,50,10,4.600814381317985,4.470260905116887,-0.13055347620109803,1784375027.47668,1784375028.914489,1784375028.1955845,0.764318615,"[dac] CH_A set to +4.470 V (code=47416)
"
784,50,11,4.470260905116887,4.339707428915788,-0.13055347620109892,1784375028.914689,1784375030.341901,1784375029.628295,0.828668176,"[dac] CH_A set to +4.340 V (code=46988)
"
785,50,12,4.339707428915788,4.209153952714689,-0.13055347620109892,1784375030.342299,1784375031.774848,1784375031.0585735,0.863524189,"[dac] CH_A set to +4.209 V (code=46560)
"
786,50,13,4.209153952714689,4.078600476513591,-0.13055347620109803,1784375031.775033,1784375033.210908,1784375032.4929705,0.954686067,"[dac] CH_A set to +4.079 V (code=46132)
"
787,50,14,4.078600476513591,3.948047000312492,-0.13055347620109892,1784375033.211196,1784375034.651459,1784375033.9313273,0.980157768,"[dac] CH_A set to +3.948 V (code=45704)
"
788,50,15,3.948047000312492,3.817493524111393,-0.13055347620109892,1784375034.65167,1784375036.0995572,1784375035.3756137,1.0592541,"[dac] CH_A set to +3.818 V (code=45276)
"
789,50,16,3.817493524111393,3.6869400479102943,-0.13055347620109892,1784375036.0997682,1784375037.5420768,1784375036.8209224,1.1182412,"[dac] CH_A set to +3.687 V (code=44849)
"
790,50,17,3.6869400479102943,3.556386571709196,-0.13055347620109847,1784375037.5424829,1784375038.983407,1784375038.262945,1.16248152,"[dac] CH_A set to +3.556 V (code=44421)
"
791,50,18,3.556386571709196,3.4258330955080973,-0.13055347620109847,1784375038.983715,1784375040.419224,1784375039.7014694,1.19733754,"[dac] CH_A set to +3.426 V (code=43993)
"
792,50,19,3.4258330955080973,3.2952796193069984,-0.13055347620109892,1784375040.419416,1784375041.848309,1784375041.1338625,1.28045572,"[dac] CH_A set to +3.295 V (code=43565)
"
793,50,20,3.2952796193069984,3.1647261431058995,-0.13055347620109892,1784375041.848528,1784375043.296594,1784375042.5725608,1.32201481,"[dac] CH_A set to +3.165 V (code=43137)
"
794,50,21,3.1647261431058995,3.034172666904801,-0.13055347620109847,1784375043.296809,1784375044.725043,1784375044.010926,1.34346467,"[dac] CH_A set to +3.034 V (code=42710)
"
795,50,22,3.034172666904801,2.9036191907037026,-0.13055347620109847,1784375044.725226,1784375046.175404,1784375045.450315,1.42792346,"[dac] CH_A set to +2.904 V (code=42282)
"
796,50,23,2.9036191907037026,2.7730657145026036,-0.13055347620109892,1784375046.1756039,1784375047.59426,1784375046.884932,1.4560764,"[dac] CH_A set to +2.773 V (code=41854)
"
797,50,24,2.7730657145026036,2.6425122383015047,-0.13055347620109892,1784375047.594462,1784375049.043512,1784375048.318987,1.48422933,"[dac] CH_A set to +2.642 V (code=41426)
"
798,50,25,2.6425122383015047,2.5119587621004063,-0.13055347620109847,1784375049.043714,1784375050.493367,1784375049.7685404,1.52578842,"[dac] CH_A set to +2.512 V (code=40999)
"
799,50,26,2.5119587621004063,2.3814052858993078,-0.13055347620109847,1784375050.4936619,1784375051.9266849,1784375051.2101734,1.52712904,"[dac] CH_A set to +2.381 V (code=40571)
"
800,50,27,2.3814052858993078,2.250851809698209,-0.13055347620109892,1784375051.926881,1784375053.360014,1784375052.6434474,1.55260074,"[dac] CH_A set to +2.251 V (code=40143)
"
801,50,28,2.250851809698209,2.12029833349711,-0.13055347620109892,1784375053.3602161,1784375054.790197,1784375054.0752065,1.53651335,"[dac] CH_A set to +2.120 V (code=39715)
"
802,50,29,2.12029833349711,1.9897448572960115,-0.13055347620109847,1784375054.7903948,1784375056.228961,1784375055.509678,1.58611614,"[dac] CH_A set to +1.990 V (code=39287)
"
803,50,30,1.9897448572960115,1.859191381094913,-0.13055347620109847,1784375056.229163,1784375057.658378,1784375056.9437704,1.57807244,"[dac] CH_A set to +1.859 V (code=38860)
"
804,50,31,1.859191381094913,1.728637904893814,-0.13055347620109892,1784375057.658588,1784375059.1024299,1784375058.380509,1.59550045,"[dac] CH_A set to +1.729 V (code=38432)
"
805,50,32,1.728637904893814,1.5980844286927152,-0.13055347620109892,1784375059.102838,1784375060.5334961,1784375059.8181672,1.61292845,"[dac] CH_A set to +1.598 V (code=38004)
"
806,50,33,1.5980844286927152,1.4675309524916162,-0.13055347620109892,1784375060.53382,1784375061.976541,1784375061.2551804,1.61829092,"[dac] CH_A set to +1.467 V (code=37576)
"
807,50,34,1.4675309524916162,1.3369774762905182,-0.13055347620109803,1784375061.9767308,1784375063.416418,1784375062.6965744,1.58611614,"[dac] CH_A set to +1.337 V (code=37149)
"
808,50,35,1.3369774762905182,1.2064240000894193,-0.13055347620109892,1784375063.416631,1784375064.851252,1784375064.1339417,1.58745675,"[dac] CH_A set to +1.206 V (code=36721)
"
809,50,36,1.2064240000894193,1.0758705238883204,-0.13055347620109892,1784375064.851478,1784375066.282494,1784375065.566986,1.53785396,"[dac] CH_A set to +1.076 V (code=36293)
"
810,50,37,1.0758705238883204,0.9453170476872224,-0.13055347620109803,1784375066.282675,1784375067.705012,1784375066.9938436,1.51774473,"[dac] CH_A set to +0.945 V (code=35865)
"
811,50,38,0.9453170476872224,0.8147635714861234,-0.13055347620109892,1784375067.705222,1784375069.1431239,1784375068.4241729,1.4989761,"[dac] CH_A set to +0.815 V (code=35437)
"
812,50,39,0.8147635714861234,0.6842100952850245,-0.13055347620109892,1784375069.143391,1784375070.559387,1784375069.851389,1.43998901,"[dac] CH_A set to +0.684 V (code=35009)
"
813,50,40,0.6842100952850245,0.5536566190839256,-0.13055347620109892,1784375070.5595908,1784375071.992636,1784375071.2761135,1.4306047,"[dac] CH_A set to +0.554 V (code=34582)
"
814,50,41,0.5536566190839256,0.4231031428828267,-0.13055347620109892,1784375071.992862,1784375073.4325418,1784375072.7127018,1.36223329,"[dac] CH_A set to +0.423 V (code=34154)
"
815,50,42,0.4231031428828267,0.29254966668172866,-0.13055347620109803,1784375073.432739,1784375074.867606,1784375074.1501725,1.35687082,"[dac] CH_A set to +0.292 V (code=33726)
"
816,50,43,0.29254966668172866,0.16199619048062974,-0.13055347620109892,1784375074.867807,1784375076.2924092,1784375075.5801082,1.27509326,"[dac] CH_A set to +0.162 V (code=33298)
"
817,50,44,0.16199619048062974,0.031442714279530826,-0.13055347620109892,1784375076.292632,1784375077.726515,1784375077.0095735,1.23085293,"[dac] CH_A set to +0.031 V (code=32870)
"
818,50,45,0.031442714279530826,-0.0991107619215672,-0.13055347620109803,1784375077.726728,1784375079.162518,1784375078.444623,1.18527199,"[dac] CH_A set to -0.099 V (code=32443)
"
819,50,46,-0.0991107619215672,-0.22966423812266612,-0.13055347620109892,1784375079.162691,1784375080.617394,1784375079.8900425,1.09947258,"[dac] CH_A set to -0.230 V (code=32015)
"
820,50,47,-0.22966423812266612,-0.36021771432376504,-0.13055347620109892,1784375080.617606,1784375082.059335,1784375081.3384705,1.05523226,"[dac] CH_A set to -0.360 V (code=31587)
"
821,50,48,-0.36021771432376504,-0.49077119052486395,-0.13055347620109892,1784375082.0595179,1784375083.499669,1784375082.7795935,1.00294824,"[dac] CH_A set to -0.491 V (code=31159)
"
822,50,49,-0.49077119052486395,-0.6213246667259629,-0.13055347620109892,1784375083.499891,1784375084.934176,1784375084.2170334,0.923851902,"[dac] CH_A set to -0.621 V (code=30732)
"
823,50,50,-0.6213246667259629,-0.7518781429270609,-0.13055347620109803,1784375084.934368,1784375086.3743749,1784375085.6543713,0.884974042,"[dac] CH_A set to -0.752 V (code=30304)
"
824,50,51,-0.7518781429270609,-0.8824316191281598,-0.13055347620109892,1784375086.3747299,1784375087.801193,1784375087.0879614,0.824646329,"[dac] CH_A set to -0.882 V (code=29876)
"
825,50,52,-0.8824316191281598,-1.0129850953292587,-0.13055347620109892,1784375087.801425,1784375089.230052,1784375088.5157385,0.776384158,"[dac] CH_A set to -1.013 V (code=29448)
"
826,50,53,-1.0129850953292587,-1.1435385715303568,-0.13055347620109803,1784375089.2305439,1784375090.661194,1784375089.945869,0.713375213,"[dac] CH_A set to -1.143 V (code=29021)
"
827,50,54,-1.1435385715303568,-1.2740920477314557,-0.13055347620109892,1784375090.662242,1784375092.1007202,1784375091.3814812,0.63025703,"[dac] CH_A set to -1.274 V (code=28593)
"
828,50,55,-1.2740920477314557,-1.4046455239325546,-0.13055347620109892,1784375092.100988,1784375093.544079,1784375092.8225336,0.549820078,"[dac] CH_A set to -1.405 V (code=28165)
"
829,50,56,-1.4046455239325546,-1.5351990001336535,-0.13055347620109892,1784375093.544297,1784375094.9840798,1784375094.2641883,0.517645298,"[dac] CH_A set to -1.535 V (code=27737)
"
830,50,57,-1.5351990001336535,-1.6657524763347524,-0.13055347620109892,1784375094.9843059,1784375096.430136,1784375095.707221,0.449273889,"[dac] CH_A set to -1.666 V (code=27309)
"
831,50,58,-1.6657524763347524,-1.7963059525358505,-0.13055347620109803,1784375096.430333,1784375097.8590589,1784375097.1446958,0.378221249,"[dac] CH_A set to -1.796 V (code=26881)
"
832,50,59,-1.7963059525358505,-1.9268594287369494,-0.13055347620109892,1784375097.859243,1784375099.2924612,1784375098.575852,0.346046468,"[dac] CH_A set to -1.927 V (code=26454)
"
833,50,60,-1.9268594287369494,-2.0574129049380483,-0.13055347620109892,1784375099.292673,1784375100.737638,1784375100.0151556,0.296443681,"[dac] CH_A set to -2.057 V (code=26026)
"
834,50,61,-2.0574129049380483,-2.1879663811391463,-0.13055347620109803,1784375100.7378151,1784375102.180319,1784375101.459067,0.245500279,"[dac] CH_A set to -2.188 V (code=25598)
"
835,50,62,-2.1879663811391463,-2.3185198573402452,-0.13055347620109892,1784375102.1805172,1784375103.612063,1784375102.89629,0.198578724,"[dac] CH_A set to -2.319 V (code=25170)
"
836,50,63,-2.3185198573402452,-2.449073333541344,-0.13055347620109892,1784375103.612343,1784375105.050715,1784375104.3315291,0.163722711,"[dac] CH_A set to -2.449 V (code=24742)
"
837,50,64,-2.449073333541344,-2.579626809742443,-0.13055347620109892,1784375105.0510058,1784375106.497139,1784375105.7740724,0.108757461,"[dac] CH_A set to -2.580 V (code=24315)
"
838,50,65,-2.579626809742443,-2.710180285943542,-0.13055347620109892,1784375106.4973829,1784375107.9175391,1784375107.2074609,0.104735614,"[dac] CH_A set to -2.710 V (code=23887)
"
839,50,66,-2.710180285943542,-2.840733762144641,-0.13055347620109892,1784375107.917784,1784375109.3600268,1784375108.6389055,0.0511109795,"[dac] CH_A set to -2.841 V (code=23459)
"
840,50,67,-2.840733762144641,-2.97128723834574,-0.13055347620109892,1784375109.360204,1784375110.800816,1784375110.0805101,0.0323423575,"[dac] CH_A set to -2.971 V (code=23031)
"
841,50,68,-2.97128723834574,-3.101840714546837,-0.13055347620109714,1784375110.8010821,1784375112.215529,1784375111.5083055,0.0135738241,"[dac] CH_A set to -3.102 V (code=22604)
"
842,50,69,-3.101840714546837,-3.232394190747936,-0.13055347620109892,1784375112.21572,1784375113.65236,1784375112.93404,0.037704821,"[dac] CH_A set to -3.232 V (code=22176)
"
843,50,70,-3.232394190747936,-3.362947666949035,-0.13055347620109892,1784375113.652555,1784375115.091294,1784375114.3719244,-0.0078758498,"[dac] CH_A set to -3.363 V (code=21748)
"
844,50,71,-3.362947666949035,-3.4935011431501337,-0.13055347620109892,1784375115.091485,1784375116.525729,1784375115.808607,0.0269798941,"[dac] CH_A set to -3.493 V (code=21320)
"
845,50,72,-3.4935011431501337,-3.6240546193512326,-0.13055347620109892,1784375116.525989,1784375117.949882,1784375117.2379355,0.0269798941,"[dac] CH_A set to -3.624 V (code=20892)
"
846,50,73,-3.6240546193512326,-3.7546080955523315,-0.13055347620109892,1784375117.950185,1784375119.392576,1784375118.6713805,0.0162549673,"[dac] CH_A set to -3.755 V (code=20465)
"
847,50,74,-3.7546080955523315,-3.8851615717534305,-0.13055347620109892,1784375119.392759,1784375120.825523,1784375120.1091409,0.0216174307,"[dac] CH_A set to -3.885 V (code=20037)
"
848,50,75,-3.8851615717534305,-4.015715047954528,-0.13055347620109714,1784375120.82623,1784375122.267431,1784375121.5468307,0.037704821,"[dac] CH_A set to -4.016 V (code=19609)
"
849,50,76,-4.015715047954528,-4.1462685241556265,-0.13055347620109892,1784375122.267694,1784375123.717649,1784375122.9926715,0.0819451442,"[dac] CH_A set to -4.146 V (code=19181)
"
850,51,0,-4.276822000356725,-4.342098738457275,-0.06527673810054946,1784375170.850924,1784375172.291013,1784375171.5709686,0.182491333,"[dac] CH_A set to -4.342 V (code=18540)
"
851,51,1,-4.342098738457275,-4.407375476557824,-0.06527673810054946,1784375172.29122,1784375173.731161,1784375173.0111904,0.191875644,"[dac] CH_A set to -4.407 V (code=18326)
"
852,52,0,-4.276822000356725,-4.1462685241556265,0.13055347620109892,1784375220.9260879,1784375222.3577652,1784375221.6419265,0.13825101,"[dac] CH_A set to -4.146 V (code=19181)
"
853,52,1,-4.1462685241556265,-4.0157150479545285,0.13055347620109803,1784375222.358847,1784375223.792772,1784375223.0758095,0.0779232967,"[dac] CH_A set to -4.016 V (code=19609)
"
854,52,2,-4.0157150479545285,-3.8851615717534296,0.13055347620109892,1784375223.792971,1784375225.2371929,1784375224.515082,0.0806045284,"[dac] CH_A set to -3.885 V (code=20037)
"
855,52,3,-3.8851615717534296,-3.7546080955523307,0.13055347620109892,1784375225.237371,1784375226.6721332,1784375225.954752,0.0806045284,"[dac] CH_A set to -3.755 V (code=20465)
"
856,52,4,-3.7546080955523307,-3.624054619351232,0.13055347620109847,1784375226.672317,1784375228.1019468,1784375227.387132,0.0604952905,"[dac] CH_A set to -3.624 V (code=20892)
"
857,52,5,-3.624054619351232,-3.4935011431501337,0.13055347620109847,1784375228.1021838,1784375229.530093,1784375228.8161383,0.0537922112,"[dac] CH_A set to -3.493 V (code=21320)
"
858,52,6,-3.4935011431501337,-3.362947666949035,0.13055347620109892,1784375229.530284,1784375230.9715352,1784375230.2509096,0.018936199,"[dac] CH_A set to -3.363 V (code=21748)
"
859,52,7,-3.362947666949035,-3.232394190747936,0.13055347620109892,1784375230.971787,1784375232.400563,1784375231.6861749,0.00821127212,"[dac] CH_A set to -3.232 V (code=22176)
"
860,52,8,-3.232394190747936,-3.1018407145468374,0.13055347620109847,1784375232.4007502,1784375233.8377159,1784375233.1192331,0.00687074477,"[dac] CH_A set to -3.102 V (code=22604)
"
861,52,9,-3.1018407145468374,-2.971287238345739,0.13055347620109847,1784375233.83792,1784375235.272542,1784375234.555231,0.0108925038,"[dac] CH_A set to -2.971 V (code=23031)
"
862,52,10,-2.971287238345739,-2.84073376214464,0.13055347620109892,1784375235.272733,1784375236.71773,1784375235.9952316,0.0068708818,"[dac] CH_A set to -2.841 V (code=23459)
"
863,52,11,-2.84073376214464,-2.7101802859435415,0.13055347620109847,1784375236.7179542,1784375238.16064,1784375237.4392972,0.0296611258,"[dac] CH_A set to -2.710 V (code=23887)
"
864,52,12,-2.7101802859435415,-2.579626809742443,0.13055347620109847,1784375238.160908,1784375239.6094809,1784375238.8851943,0.0537922112,"[dac] CH_A set to -2.580 V (code=24315)
"
865,52,13,-2.579626809742443,-2.449073333541344,0.13055347620109892,1784375239.6096509,1784375241.050553,1784375240.330102,0.0819451442,"[dac] CH_A set to -2.449 V (code=24742)
"
866,52,14,-2.449073333541344,-2.3185198573402452,0.13055347620109892,1784375241.050807,1784375242.488788,1784375241.7697973,0.100713766,"[dac] CH_A set to -2.319 V (code=25170)
"
867,52,15,-2.3185198573402452,-2.1879663811391468,0.13055347620109847,1784375242.488986,1784375243.9010801,1784375243.195033,0.124844852,"[dac] CH_A set to -2.188 V (code=25598)
"
868,52,16,-2.1879663811391468,-2.0574129049380483,0.13055347620109847,1784375243.901348,1784375245.3341591,1784375244.6177535,0.16104148,"[dac] CH_A set to -2.057 V (code=26026)
"
869,52,17,-2.0574129049380483,-1.9268594287369494,0.13055347620109892,1784375245.334338,1784375246.750819,1784375246.0425785,0.226731657,"[dac] CH_A set to -1.927 V (code=26454)
"
870,53,0,-1.7963059525358505,-1.731029214435301,0.06527673810054946,1784375293.891287,1784375295.334302,1784375294.6127944,0.303146761,"[dac] CH_A set to -1.731 V (code=27095)
"
871,53,1,-1.731029214435301,-1.6657524763347515,0.06527673810054946,1784375295.334514,1784375296.76724,1784375296.050877,0.313871687,"[dac] CH_A set to -1.666 V (code=27309)
"
