sequence_index,observation_sequence_index,bridge_step_index,from_bias,bias,delta_bias,t_start_unix,t_end_unix,t_mid_unix,dc_dmm,dac_response
0,0,0,0.0,-0.12965511293596924,-0.12965511293596924,1784345370.3370519,1784345371.764524,1784345371.050788,1.03914487,"[dac] CH_A set to -0.130 V (code=32343)
"
1,0,1,-0.12965511293596924,-0.25931022587193847,-0.12965511293596924,1784345371.7649438,1784345373.1970508,1784345372.4809973,0.962729762,"[dac] CH_A set to -0.259 V (code=31918)
"
2,0,2,-0.25931022587193847,-0.38896533880790773,-0.12965511293596926,1784345373.19728,1784345374.620877,1784345373.9090786,0.868886652,"[dac] CH_A set to -0.389 V (code=31493)
"
3,0,3,-0.38896533880790773,-0.5186204517438769,-0.1296551129359692,1784345374.621094,1784345376.049901,1784345375.3354974,0.824646329,"[dac] CH_A set to -0.519 V (code=31068)
"
4,0,4,-0.5186204517438769,-0.6482755646798462,-0.1296551129359692,1784345376.050096,1784345377.503819,1784345376.7769575,0.748231225,"[dac] CH_A set to -0.648 V (code=30643)
"
5,0,5,-0.6482755646798462,-0.7779306776158155,-0.12965511293596932,1784345377.504102,1784345378.94024,1784345378.2221708,0.675837969,"[dac] CH_A set to -0.778 V (code=30219)
"
6,0,6,-0.7779306776158155,-0.9075857905517847,-0.1296551129359692,1784345378.9404852,1784345380.380437,1784345379.660461,0.661091194,"[dac] CH_A set to -0.908 V (code=29794)
"
7,0,7,-0.9075857905517847,-1.0372409034877539,-0.1296551129359692,1784345380.380786,1784345381.818718,1784345381.099752,0.580654243,"[dac] CH_A set to -1.037 V (code=29369)
"
8,0,8,-1.0372409034877539,-1.1668960164237232,-0.12965511293596932,1784345381.818929,1784345383.258521,1784345382.538725,0.53641392,"[dac] CH_A set to -1.167 V (code=28944)
"
9,0,9,-1.1668960164237232,-1.2965511293596923,-0.1296551129359691,1784345383.258753,1784345384.695467,1784345383.97711,0.437208346,"[dac] CH_A set to -1.297 V (code=28519)
"
10,0,10,-1.2965511293596923,-1.4262062422956616,-0.12965511293596932,1784345384.69571,1784345386.128126,1784345385.411918,0.382243096,"[dac] CH_A set to -1.426 V (code=28094)
"
11,0,11,-1.4262062422956616,-1.555861355231631,-0.12965511293596932,1784345386.128321,1784345387.551025,1784345386.839673,0.362133858,"[dac] CH_A set to -1.556 V (code=27669)
"
12,0,12,-1.555861355231631,-1.6855164681676,-0.1296551129359691,1784345387.551593,1784345388.984442,1784345388.2680175,0.312531072,"[dac] CH_A set to -1.686 V (code=27245)
"
13,0,13,-1.6855164681676,-1.8151715811035694,-0.12965511293596932,1784345388.9846961,1784345390.4078982,1784345389.6962972,0.225391041,"[dac] CH_A set to -1.815 V (code=26820)
"
14,0,14,-1.8151715811035694,-1.9448266940395385,-0.1296551129359691,1784345390.408112,1784345391.836441,1784345391.1222765,0.19321626,"[dac] CH_A set to -1.945 V (code=26395)
"
15,0,15,-1.9448266940395385,-2.0744818069755078,-0.12965511293596932,1784345391.8366551,1784345393.279757,1784345392.558206,0.147635321,"[dac] CH_A set to -2.075 V (code=25970)
"
16,0,16,-2.0744818069755078,-2.204136919911477,-0.1296551129359691,1784345393.279982,1784345394.723409,1784345394.0016956,0.135569778,"[dac] CH_A set to -2.204 V (code=25545)
"
17,0,17,-2.204136919911477,-2.3337920328474464,-0.12965511293596954,1784345394.7236621,1784345396.159997,1784345395.4418297,0.0846263759,"[dac] CH_A set to -2.334 V (code=25120)
"
18,0,18,-2.3337920328474464,-2.4634471457834155,-0.1296551129359691,1784345396.160181,1784345397.589199,1784345396.87469,0.0685389857,"[dac] CH_A set to -2.463 V (code=24696)
"
19,0,19,-2.4634471457834155,-2.5931022587193846,-0.1296551129359691,1784345397.5894752,1784345399.028791,1784345398.309133,0.0484297478,"[dac] CH_A set to -2.593 V (code=24271)
"
20,0,20,-2.5931022587193846,-2.722757371655354,-0.12965511293596954,1784345399.028982,1784345400.461681,1784345399.7453313,0.0135737355,"[dac] CH_A set to -2.723 V (code=23846)
"
21,0,21,-2.722757371655354,-2.8524124845913232,-0.1296551129359691,1784345400.461869,1784345401.8961868,1784345401.179028,0.0390454368,"[dac] CH_A set to -2.852 V (code=23421)
"
22,0,22,-2.8524124845913232,-2.9820675975272923,-0.1296551129359691,1784345401.8964539,1784345403.329636,1784345402.613045,0.00553022027,"[dac] CH_A set to -2.982 V (code=22996)
"
23,0,23,-2.9820675975272923,-3.111722710463262,-0.12965511293596954,1784345403.3299232,1784345404.766203,1784345404.048063,0.0202768148,"[dac] CH_A set to -3.112 V (code=22571)
"
24,0,24,-3.111722710463262,-3.241377823399231,-0.1296551129359691,1784345404.7665532,1784345406.18927,1784345405.4779115,0.0350235893,"[dac] CH_A set to -3.241 V (code=22146)
"
25,0,25,-3.241377823399231,-3.3710329363352,-0.1296551129359691,1784345406.189473,1784345407.631001,1784345406.9102368,0.0122331197,"[dac] CH_A set to -3.371 V (code=21722)
"
26,0,26,-3.3710329363352,-3.500688049271169,-0.1296551129359691,1784345407.631222,1784345409.062263,1784345408.3467426,0.0175955831,"[dac] CH_A set to -3.501 V (code=21297)
"
27,0,27,-3.500688049271169,-3.6303431622071387,-0.12965511293596954,1784345409.0624661,1784345410.498245,1784345409.7803555,0.0457485161,"[dac] CH_A set to -3.630 V (code=20872)
"
28,0,28,-3.6303431622071387,-3.759998275143108,-0.1296551129359691,1784345410.498446,1784345411.940358,1784345411.2194018,0.065857754,"[dac] CH_A set to -3.760 V (code=20447)
"
29,0,29,-3.759998275143108,-3.889653388079077,-0.1296551129359691,1784345411.940772,1784345413.371126,1784345412.655949,0.127526083,"[dac] CH_A set to -3.890 V (code=20022)
"
30,0,30,-3.889653388079077,-4.019308501015046,-0.1296551129359691,1784345413.3713212,1784345414.810501,1784345414.0909111,0.124844852,"[dac] CH_A set to -4.019 V (code=19597)
"
31,0,31,-4.019308501015046,-4.1489636139510155,-0.12965511293596954,1784345414.810776,1784345416.240323,1784345415.5255494,0.198578724,"[dac] CH_A set to -4.149 V (code=19172)
"
32,0,32,-4.1489636139510155,-4.278618726886985,-0.12965511293596954,1784345416.2405162,1784345417.678978,1784345416.959747,0.228072273,"[dac] CH_A set to -4.279 V (code=18748)
"
33,0,33,-4.278618726886985,-4.408273839822954,-0.12965511293596865,1784345417.6791859,1784345419.104225,1784345418.3917055,0.272312596,"[dac] CH_A set to -4.408 V (code=18323)
"
34,0,34,-4.408273839822954,-4.537928952758923,-0.12965511293596954,1784345419.104674,1784345420.539824,1784345419.822249,0.362133858,"[dac] CH_A set to -4.538 V (code=17898)
"
35,1,0,-4.407375476557824,-4.342098738457275,0.06527673810054946,1784345449.070935,1784345450.511948,1784345449.7914414,0.288399986,"[dac] CH_A set to -4.342 V (code=18540)
"
36,1,1,-4.342098738457275,-4.276822000356725,0.06527673810054946,1784345450.51213,1784345451.946626,1784345451.229378,0.229412888,"[dac] CH_A set to -4.277 V (code=18753)
"
37,2,0,-4.407375476557824,-4.276822000356725,0.13055347620109892,1784345480.474153,1784345481.900515,1784345481.187334,0.288399986,"[dac] CH_A set to -4.277 V (code=18753)
"
38,2,1,-4.276822000356725,-4.1462685241556265,0.13055347620109892,1784345481.900751,1784345483.338067,1784345482.619409,0.230753504,"[dac] CH_A set to -4.146 V (code=19181)
"
39,2,2,-4.1462685241556265,-4.0157150479545285,0.13055347620109803,1784345483.338275,1784345484.772995,1784345484.055635,0.181150718,"[dac] CH_A set to -4.016 V (code=19609)
"
40,2,3,-4.0157150479545285,-3.8851615717534296,0.13055347620109892,1784345484.773231,1784345486.198785,1784345485.4860082,0.150316553,"[dac] CH_A set to -3.885 V (code=20037)
"
41,2,4,-3.8851615717534296,-3.7546080955523307,0.13055347620109892,1784345486.1990242,1784345487.6457431,1784345486.9223838,0.116801157,"[dac] CH_A set to -3.755 V (code=20465)
"
42,2,5,-3.7546080955523307,-3.624054619351232,0.13055347620109847,1784345487.645968,1784345489.079566,1784345488.362767,0.0886482235,"[dac] CH_A set to -3.624 V (code=20892)
"
43,2,6,-3.624054619351232,-3.4935011431501337,0.13055347620109847,1784345489.079773,1784345490.512867,1784345489.79632,0.0819451442,"[dac] CH_A set to -3.493 V (code=21320)
"
44,2,7,-3.4935011431501337,-3.362947666949035,0.13055347620109892,1784345490.5130649,1784345491.9602408,1784345491.2366529,0.0363642051,"[dac] CH_A set to -3.363 V (code=21748)
"
45,2,8,-3.362947666949035,-3.232394190747936,0.13055347620109892,1784345491.960501,1784345493.392916,1784345492.6767085,0.0417266685,"[dac] CH_A set to -3.232 V (code=22176)
"
46,2,9,-3.232394190747936,-3.1018407145468374,0.13055347620109847,1784345493.3932219,1784345494.823589,1784345494.1084056,0.00284907991,"[dac] CH_A set to -3.102 V (code=22604)
"
47,2,10,-3.1018407145468374,-2.971287238345739,0.13055347620109847,1784345494.823772,1784345496.255844,1784345495.539808,0.00150819284,"[dac] CH_A set to -2.971 V (code=23031)
"
48,2,11,-2.971287238345739,-2.84073376214464,0.13055347620109892,1784345496.25607,1784345497.687628,1784345496.971849,0.037704821,"[dac] CH_A set to -2.841 V (code=23459)
"
49,2,12,-2.84073376214464,-2.710180285943541,0.13055347620109892,1784345497.687837,1784345499.1245959,1784345498.4062164,0.0363642051,"[dac] CH_A set to -2.710 V (code=23887)
"
50,2,13,-2.710180285943541,-2.5796268097424426,0.13055347620109847,1784345499.124871,1784345500.553853,1784345499.8393621,-0.00653527962,"[dac] CH_A set to -2.580 V (code=24315)
"
51,2,14,-2.5796268097424426,-2.449073333541344,0.13055347620109847,1784345500.554059,1784345501.9919639,1784345501.2730114,0.0310017417,"[dac] CH_A set to -2.449 V (code=24742)
"
52,2,15,-2.449073333541344,-2.3185198573402452,0.13055347620109892,1784345501.992204,1784345503.431376,1784345502.71179,0.0604952905,"[dac] CH_A set to -2.319 V (code=25170)
"
53,2,16,-2.3185198573402452,-2.1879663811391463,0.13055347620109892,1784345503.4316008,1784345504.8787231,1784345504.1551619,0.0631765222,"[dac] CH_A set to -2.188 V (code=25598)
"
54,2,17,-2.1879663811391463,-2.057412904938048,0.13055347620109847,1784345504.878928,1784345506.3240058,1784345505.601467,0.120823004,"[dac] CH_A set to -2.057 V (code=26026)
"
55,2,18,-2.057412904938048,-1.9268594287369494,0.13055347620109847,1784345506.3242009,1784345507.770813,1784345507.0475068,0.147635321,"[dac] CH_A set to -1.927 V (code=26454)
"
56,2,19,-1.9268594287369494,-1.7963059525358505,0.13055347620109892,1784345507.771096,1784345509.221051,1784345508.4960735,0.1543384,"[dac] CH_A set to -1.796 V (code=26881)
"
57,2,20,-1.7963059525358505,-1.6657524763347515,0.13055347620109892,1784345509.2212439,1784345510.657164,1784345509.939204,0.230753504,"[dac] CH_A set to -1.666 V (code=27309)
"
58,2,21,-1.6657524763347515,-1.535199000133653,0.13055347620109847,1784345510.6573498,1784345512.0800462,1784345511.3686981,0.25488459,"[dac] CH_A set to -1.535 V (code=27737)
"
59,2,22,-1.535199000133653,-1.4046455239325546,0.13055347620109847,1784345512.080257,1784345513.52462,1784345512.8024385,0.317893535,"[dac] CH_A set to -1.405 V (code=28165)
"
60,2,23,-1.4046455239325546,-1.2740920477314557,0.13055347620109892,1784345513.524832,1784345514.9467351,1784345514.2357836,0.362133858,"[dac] CH_A set to -1.274 V (code=28593)
"
61,2,24,-1.2740920477314557,-1.1435385715303568,0.13055347620109892,1784345514.9469671,1784345516.396378,1784345515.6716726,0.413077261,"[dac] CH_A set to -1.143 V (code=29021)
"
62,2,25,-1.1435385715303568,-1.0129850953292583,0.13055347620109847,1784345516.3966022,1784345517.820087,1784345517.1083446,0.489492365,"[dac] CH_A set to -1.013 V (code=29448)
"
63,2,26,-1.0129850953292583,-0.8824316191281598,0.13055347620109847,1784345517.820317,1784345519.2482078,1784345518.5342624,0.532392072,"[dac] CH_A set to -0.882 V (code=29876)
"
64,2,27,-0.8824316191281598,-0.7518781429270609,0.13055347620109892,1784345519.248405,1784345520.6784399,1784345519.9634223,0.58467609,"[dac] CH_A set to -0.752 V (code=30304)
"
65,2,28,-0.7518781429270609,-0.621324666725962,0.13055347620109892,1784345520.678679,1784345522.1127622,1784345521.3957205,0.666453658,"[dac] CH_A set to -0.621 V (code=30732)
"
66,2,29,-0.621324666725962,-0.4907711905248635,0.13055347620109847,1784345522.1129868,1784345523.5619352,1784345522.837461,0.728121987,"[dac] CH_A set to -0.491 V (code=31159)
"
67,2,30,-0.4907711905248635,-0.36021771432376504,0.13055347620109847,1784345523.562187,1784345524.998129,1784345524.280158,0.799174628,"[dac] CH_A set to -0.360 V (code=31587)
"
68,2,31,-0.36021771432376504,-0.22966423812266612,0.13055347620109892,1784345524.998637,1784345526.430232,1784345525.7144346,0.890336506,"[dac] CH_A set to -0.230 V (code=32015)
"
69,2,32,-0.22966423812266612,-0.0991107619215672,0.13055347620109892,1784345526.430431,1784345527.865212,1784345527.1478214,0.94396114,"[dac] CH_A set to -0.099 V (code=32443)
"
70,2,33,-0.0991107619215672,0.031442714279531714,0.13055347620109892,1784345527.865428,1784345529.2954051,1784345528.5804167,1.01903563,"[dac] CH_A set to +0.031 V (code=32870)
"
71,2,34,0.031442714279531714,0.16199619048062974,0.13055347620109803,1784345529.295626,1784345530.727471,1784345530.0115485,1.04852918,"[dac] CH_A set to +0.162 V (code=33298)
"
72,2,35,0.16199619048062974,0.29254966668172866,0.13055347620109892,1784345530.727668,1784345532.155015,1784345531.4413414,1.12360366,"[dac] CH_A set to +0.292 V (code=33726)
"
73,2,36,0.29254966668172866,0.4231031428828276,0.13055347620109892,1784345532.1552289,1784345533.586921,1784345532.871075,1.16650337,"[dac] CH_A set to +0.423 V (code=34154)
"
74,2,37,0.4231031428828276,0.5536566190839256,0.13055347620109803,1784345533.587372,1784345535.035586,1784345534.311479,1.2791151,"[dac] CH_A set to +0.554 V (code=34582)
"
75,2,38,0.5536566190839256,0.6842100952850245,0.13055347620109892,1784345535.03584,1784345536.4695811,1784345535.7527106,1.30994927,"[dac] CH_A set to +0.684 V (code=35009)
"
76,2,39,0.6842100952850245,0.8147635714861234,0.13055347620109892,1784345536.46982,1784345537.903444,1784345537.1866322,1.35553021,"[dac] CH_A set to +0.815 V (code=35437)
"
77,2,40,0.8147635714861234,0.9453170476872224,0.13055347620109892,1784345537.903647,1784345539.3367941,1784345538.6202207,1.40513299,"[dac] CH_A set to +0.945 V (code=35865)
"
78,2,41,0.9453170476872224,1.0758705238883213,0.13055347620109892,1784345539.337111,1784345540.7698188,1784345540.053465,1.46680132,"[dac] CH_A set to +1.076 V (code=36293)
"
79,2,42,1.0758705238883213,1.2064240000894193,0.13055347620109803,1784345540.77003,1784345542.205766,1784345541.4878979,1.48556995,"[dac] CH_A set to +1.206 V (code=36721)
"
80,2,43,1.2064240000894193,1.3369774762905182,0.13055347620109892,1784345542.206003,1784345543.646187,1784345542.926095,1.56466628,"[dac] CH_A set to +1.337 V (code=37149)
"
81,2,44,1.3369774762905182,1.4675309524916171,0.13055347620109892,1784345543.646414,1784345545.085873,1784345544.3661435,1.61560968,"[dac] CH_A set to +1.467 V (code=37576)
"
82,2,45,1.4675309524916171,1.5980844286927152,0.13055347620109803,1784345545.0861208,1784345546.513605,1784345545.7998629,1.65314693,"[dac] CH_A set to +1.598 V (code=38004)
"
83,2,46,1.5980844286927152,1.728637904893814,0.13055347620109892,1784345546.513851,1784345547.951046,1784345547.2324486,1.64376262,"[dac] CH_A set to +1.729 V (code=38432)
"
84,2,47,1.728637904893814,1.859191381094913,0.13055347620109892,1784345547.9513001,1784345549.370176,1784345548.660738,1.68532171,"[dac] CH_A set to +1.859 V (code=38860)
"
85,2,48,1.859191381094913,1.989744857296012,0.13055347620109892,1784345549.3703911,1784345550.80353,1784345550.0869606,1.68532171,"[dac] CH_A set to +1.990 V (code=39287)
"
86,2,49,1.989744857296012,2.120298333497111,0.13055347620109892,1784345550.8038359,1784345552.242097,1784345551.5229664,1.71347464,"[dac] CH_A set to +2.120 V (code=39715)
"
87,2,50,2.120298333497111,2.250851809698209,0.13055347620109803,1784345552.2422972,1784345553.6735182,1784345552.9579077,1.71213403,"[dac] CH_A set to +2.251 V (code=40143)
"
88,2,51,2.250851809698209,2.3814052858993078,0.13055347620109892,1784345553.673743,1784345555.10538,1784345554.3895617,1.71883711,"[dac] CH_A set to +2.381 V (code=40571)
"
89,2,52,2.3814052858993078,2.5119587621004067,0.13055347620109892,1784345555.105589,1784345556.5462909,1784345555.82594,1.69202479,"[dac] CH_A set to +2.512 V (code=40999)
"
90,2,53,2.5119587621004067,2.6425122383015047,0.13055347620109803,1784345556.546539,1784345557.989066,1784345557.2678025,1.68800294,"[dac] CH_A set to +2.642 V (code=41426)
"
91,2,54,2.6425122383015047,2.7730657145026036,0.13055347620109892,1784345557.989332,1784345559.428101,1784345558.7087164,1.67727801,"[dac] CH_A set to +2.773 V (code=41854)
"
92,2,55,2.7730657145026036,2.9036191907037026,0.13055347620109892,1784345559.428276,1784345560.86192,1784345560.1450982,1.68800294,"[dac] CH_A set to +2.904 V (code=42282)
"
93,2,56,2.9036191907037026,3.0341726669048015,0.13055347620109892,1784345560.8621361,1784345562.3075998,1784345561.584868,1.62901584,"[dac] CH_A set to +3.034 V (code=42710)
"
94,2,57,3.0341726669048015,3.1647261431059004,0.13055347620109892,1784345562.307829,1784345563.7553751,1784345563.031602,1.61426907,"[dac] CH_A set to +3.165 V (code=43137)
"
95,2,58,3.1647261431059004,3.2952796193069984,0.13055347620109803,1784345563.755614,1784345565.191242,1784345564.473428,1.56198505,"[dac] CH_A set to +3.295 V (code=43565)
"
96,2,59,3.2952796193069984,3.4258330955080973,0.13055347620109892,1784345565.191457,1784345566.628646,1784345565.9100513,1.52712904,"[dac] CH_A set to +3.426 V (code=43993)
"
97,2,60,3.4258330955080973,3.5563865717091963,0.13055347620109892,1784345566.6289291,1784345568.058861,1784345567.343895,1.48959179,"[dac] CH_A set to +3.556 V (code=44421)
"
98,2,61,3.5563865717091963,3.6869400479102943,0.13055347620109803,1784345568.059124,1784345569.486538,1784345568.772831,1.44132962,"[dac] CH_A set to +3.687 V (code=44849)
"
99,2,62,3.6869400479102943,3.817493524111393,0.13055347620109892,1784345569.4867258,1784345570.928706,1784345570.207716,1.39440807,"[dac] CH_A set to +3.818 V (code=45276)
"
100,2,63,3.817493524111393,3.948047000312492,0.13055347620109892,1784345570.9289532,1784345572.3703601,1784345571.6496568,1.34078343,"[dac] CH_A set to +3.948 V (code=45704)
"
101,2,64,3.948047000312492,4.078600476513591,0.13055347620109892,1784345572.3705869,1784345573.803663,1784345573.0871248,1.2791151,"[dac] CH_A set to +4.079 V (code=46132)
"
102,2,65,4.078600476513591,4.20915395271469,0.13055347620109892,1784345573.8039181,1784345575.2453802,1784345574.5246491,1.24559971,"[dac] CH_A set to +4.209 V (code=46560)
"
103,2,66,4.20915395271469,4.339707428915789,0.13055347620109892,1784345575.2455978,1784345576.680824,1784345575.963211,1.1437129,"[dac] CH_A set to +4.340 V (code=46988)
"
104,2,67,4.339707428915789,4.470260905116888,0.13055347620109892,1784345576.681033,1784345578.117307,1784345577.39917,1.08606642,"[dac] CH_A set to +4.470 V (code=47416)
"
105,2,68,4.470260905116888,4.600814381317985,0.13055347620109714,1784345578.1176152,1784345579.5516531,1784345578.8346343,1.00294824,"[dac] CH_A set to +4.601 V (code=47843)
"
106,2,69,4.600814381317985,4.731367857519084,0.13055347620109892,1784345579.551957,1784345580.9945889,1784345580.273273,0.964070378,"[dac] CH_A set to +4.731 V (code=48271)
"
107,2,70,4.731367857519084,4.861921333720183,0.13055347620109892,1784345580.994837,1784345582.430773,1784345581.712805,0.899720817,"[dac] CH_A set to +4.862 V (code=48699)
"
108,2,71,4.861921333720183,4.992474809921282,0.13055347620109892,1784345582.430958,1784345583.8751512,1784345583.1530547,0.828668176,"[dac] CH_A set to +4.992 V (code=49127)
"
109,2,72,4.992474809921282,5.123028286122381,0.13055347620109892,1784345583.875365,1784345585.315372,1784345584.5953684,0.746890609,"[dac] CH_A set to +5.123 V (code=49554)
"
110,2,73,5.123028286122381,5.2535817623234795,0.13055347620109892,1784345585.315582,1784345586.733133,1784345586.0243576,0.702650286,"[dac] CH_A set to +5.254 V (code=49982)
"
111,2,74,5.2535817623234795,5.384135238524578,0.13055347620109892,1784345586.733333,1784345588.1656199,1784345587.4494765,0.627575798,"[dac] CH_A set to +5.384 V (code=50410)
"
112,2,75,5.384135238524578,5.514688714725676,0.13055347620109714,1784345588.165843,1784345589.604179,1784345588.885011,0.556523157,"[dac] CH_A set to +5.515 V (code=50838)
"
113,2,76,5.514688714725676,5.6452421909267745,0.13055347620109892,1784345589.604415,1784345591.0405161,1784345590.3224654,0.494854828,"[dac] CH_A set to +5.645 V (code=51265)
"
114,2,77,5.6452421909267745,5.775795667127873,0.13055347620109892,1784345591.0407522,1784345592.479736,1784345591.7602441,0.447933273,"[dac] CH_A set to +5.776 V (code=51693)
"
115,2,78,5.775795667127873,5.906349143328972,0.13055347620109892,1784345592.4799979,1784345593.9201212,1784345593.2000594,0.399671102,"[dac] CH_A set to +5.906 V (code=52121)
"
116,2,79,5.906349143328972,6.036902619530071,0.13055347620109892,1784345593.920353,1784345595.370549,1784345594.645451,0.362133858,"[dac] CH_A set to +6.037 V (code=52549)
"
117,2,80,6.036902619530071,6.16745609573117,0.13055347620109892,1784345595.37077,1784345596.8022091,1784345596.0864897,0.266950132,"[dac] CH_A set to +6.168 V (code=52977)
"
118,3,0,6.036902619530071,5.971625881429522,-0.06527673810054946,1784345625.3478541,1784345626.7628858,1784345626.0553699,0.311190456,"[dac] CH_A set to +5.972 V (code=52335)
"
119,3,1,5.971625881429522,5.906349143328972,-0.06527673810054946,1784345626.7631528,1784345628.179154,1784345627.4711533,0.32593723,"[dac] CH_A set to +5.906 V (code=52121)
"
120,4,0,6.036902619530071,5.906349143328972,-0.13055347620109892,1784345656.727802,1784345658.158612,1784345657.443207,0.304487376,"[dac] CH_A set to +5.906 V (code=52121)
"
121,4,1,5.906349143328972,5.775795667127873,-0.13055347620109892,1784345658.1589482,1784345659.587741,1784345658.8733444,0.338002773,"[dac] CH_A set to +5.776 V (code=51693)
"
122,4,2,5.775795667127873,5.645242190926775,-0.13055347620109803,1784345659.587981,1784345661.022043,1784345660.305012,0.410396029,"[dac] CH_A set to +5.645 V (code=51265)
"
123,4,3,5.645242190926775,5.5146887147256765,-0.13055347620109892,1784345661.022341,1784345662.440599,1784345661.73147,0.478767438,"[dac] CH_A set to +5.515 V (code=50838)
"
124,4,4,5.5146887147256765,5.3841352385245775,-0.13055347620109892,1784345662.44092,1784345663.8638542,1784345663.1523871,0.502898523,"[dac] CH_A set to +5.384 V (code=50410)
"
125,4,5,5.3841352385245775,5.2535817623234795,-0.13055347620109803,1784345663.8641422,1784345665.290277,1784345664.5772095,0.576632395,"[dac] CH_A set to +5.254 V (code=49982)
"
126,4,6,5.2535817623234795,5.123028286122381,-0.13055347620109892,1784345665.2904818,1784345666.721042,1784345666.0057619,0.658409963,"[dac] CH_A set to +5.123 V (code=49554)
"
127,4,7,5.123028286122381,4.992474809921282,-0.13055347620109892,1784345666.7212758,1784345668.15438,1784345667.437828,0.705331518,"[dac] CH_A set to +4.992 V (code=49127)
"
128,4,8,4.992474809921282,4.861921333720183,-0.13055347620109892,1784345668.154615,1784345669.5995939,1784345668.8771043,0.761637384,"[dac] CH_A set to +4.862 V (code=48699)
"
129,4,9,4.861921333720183,4.731367857519084,-0.13055347620109892,1784345669.599786,1784345671.0374699,1784345670.3186278,0.809899554,"[dac] CH_A set to +4.731 V (code=48271)
"
130,4,10,4.731367857519084,4.600814381317986,-0.13055347620109803,1784345671.037733,1784345672.481028,1784345671.7593806,0.880952195,"[dac] CH_A set to +4.601 V (code=47843)
"
131,4,11,4.600814381317986,4.470260905116887,-0.13055347620109892,1784345672.481248,1784345673.9123409,1784345673.1967945,0.957367299,"[dac] CH_A set to +4.470 V (code=47416)
"
132,4,12,4.470260905116887,4.339707428915788,-0.13055347620109892,1784345673.912578,1784345675.345163,1784345674.6288705,1.02439809,"[dac] CH_A set to +4.340 V (code=46988)
"
133,4,13,4.339707428915788,4.20915395271469,-0.13055347620109803,1784345675.345422,1784345676.778688,1784345676.062055,1.07936334,"[dac] CH_A set to +4.209 V (code=46560)
"
134,4,14,4.20915395271469,4.078600476513591,-0.13055347620109892,1784345676.778961,1784345678.205996,1784345677.4924784,1.15443783,"[dac] CH_A set to +4.079 V (code=46132)
"
135,4,15,4.078600476513591,3.948047000312492,-0.13055347620109892,1784345678.206198,1784345679.6294668,1784345678.9178324,1.22951232,"[dac] CH_A set to +3.948 V (code=45704)
"
136,4,16,3.948047000312492,3.817493524111393,-0.13055347620109892,1784345679.629666,1784345681.067625,1784345680.3486457,1.27241202,"[dac] CH_A set to +3.818 V (code=45276)
"
137,4,17,3.817493524111393,3.6869400479102947,-0.13055347620109847,1784345681.067876,1784345682.495666,1784345681.7817712,1.34346467,"[dac] CH_A set to +3.687 V (code=44849)
"
138,4,18,3.6869400479102947,3.5563865717091963,-0.13055347620109847,1784345682.496028,1784345683.945319,1784345683.2206736,1.38234253,"[dac] CH_A set to +3.556 V (code=44421)
"
139,4,19,3.5563865717091963,3.4258330955080973,-0.13055347620109892,1784345683.9455879,1784345685.390508,1784345684.668048,1.42390162,"[dac] CH_A set to +3.426 V (code=43993)
"
140,4,20,3.4258330955080973,3.2952796193069984,-0.13055347620109892,1784345685.390728,1784345686.827841,1784345686.1092844,1.45071393,"[dac] CH_A set to +3.295 V (code=43565)
"
141,4,21,3.2952796193069984,3.1647261431059,-0.13055347620109847,1784345686.828094,1784345688.264071,1784345687.5460825,1.49763549,"[dac] CH_A set to +3.165 V (code=43137)
"
142,4,22,3.1647261431059,3.0341726669048015,-0.13055347620109847,1784345688.264281,1784345689.703101,1784345688.983691,1.56198505,"[dac] CH_A set to +3.034 V (code=42710)
"
143,4,23,3.0341726669048015,2.9036191907037026,-0.13055347620109892,1784345689.703326,1784345691.153559,1784345690.4284425,1.59281921,"[dac] CH_A set to +2.904 V (code=42282)
"
144,4,24,2.9036191907037026,2.7730657145026036,-0.13055347620109892,1784345691.15378,1784345692.594503,1784345691.8741415,1.62231276,"[dac] CH_A set to +2.773 V (code=41854)
"
145,4,25,2.7730657145026036,2.642512238301505,-0.13055347620109847,1784345692.594709,1784345694.0386539,1784345693.3166814,1.64108139,"[dac] CH_A set to +2.642 V (code=41426)
"
146,4,26,2.642512238301505,2.5119587621004067,-0.13055347620109847,1784345694.0388632,1784345695.47855,1784345694.7587066,1.66923432,"[dac] CH_A set to +2.512 V (code=40999)
"
147,4,27,2.5119587621004067,2.3814052858993078,-0.13055347620109892,1784345695.478783,1784345696.922849,1784345696.200816,1.70274971,"[dac] CH_A set to +2.381 V (code=40571)
"
148,4,28,2.3814052858993078,2.250851809698209,-0.13055347620109892,1784345696.923083,1784345698.348907,1784345697.635995,1.68532171,"[dac] CH_A set to +2.251 V (code=40143)
"
149,4,29,2.250851809698209,2.1202983334971104,-0.13055347620109847,1784345698.349133,1784345699.786527,1784345699.06783,1.69872787,"[dac] CH_A set to +2.120 V (code=39715)
"
150,4,30,2.1202983334971104,1.989744857296012,-0.13055347620109847,1784345699.786796,1784345701.218822,1784345700.502809,1.70274971,"[dac] CH_A set to +1.990 V (code=39287)
"
151,4,31,1.989744857296012,1.859191381094913,-0.13055347620109892,1784345701.219101,1784345702.6502469,1784345701.9346738,1.71749649,"[dac] CH_A set to +1.859 V (code=38860)
"
152,4,32,1.859191381094913,1.728637904893814,-0.13055347620109892,1784345702.650435,1784345704.086984,1784345703.3687096,1.67459678,"[dac] CH_A set to +1.729 V (code=38432)
"
153,4,33,1.728637904893814,1.5980844286927152,-0.13055347620109892,1784345704.087211,1784345705.5173361,1784345704.8022735,1.69738725,"[dac] CH_A set to +1.598 V (code=38004)
"
154,4,34,1.5980844286927152,1.4675309524916171,-0.13055347620109803,1784345705.517565,1784345706.952642,1784345706.2351036,1.63571892,"[dac] CH_A set to +1.467 V (code=37576)
"
155,4,35,1.4675309524916171,1.3369774762905182,-0.13055347620109892,1784345706.952857,1784345708.386296,1784345707.6695766,1.61963153,"[dac] CH_A set to +1.337 V (code=37149)
"
156,4,36,1.3369774762905182,1.2064240000894193,-0.13055347620109892,1784345708.386664,1784345709.835623,1784345709.1111436,1.60354414,"[dac] CH_A set to +1.206 V (code=36721)
"
157,4,37,1.2064240000894193,1.0758705238883213,-0.13055347620109803,1784345709.8358421,1784345711.261895,1784345710.5488687,1.58477552,"[dac] CH_A set to +1.076 V (code=36293)
"
158,4,38,1.0758705238883213,0.9453170476872224,-0.13055347620109892,1784345711.262144,1784345712.6864011,1784345711.9742727,1.54187581,"[dac] CH_A set to +0.945 V (code=35865)
"
159,4,39,0.9453170476872224,0.8147635714861234,-0.13055347620109892,1784345712.6866188,1784345714.122709,1784345713.404664,1.51506349,"[dac] CH_A set to +0.815 V (code=35437)
"
160,4,40,0.8147635714861234,0.6842100952850245,-0.13055347620109892,1784345714.122889,1784345715.5452201,1784345714.8340545,1.43864839,"[dac] CH_A set to +0.684 V (code=35009)
"
161,4,41,0.6842100952850245,0.5536566190839256,-0.13055347620109892,1784345715.545474,1784345716.972275,1784345716.2588744,1.41585792,"[dac] CH_A set to +0.554 V (code=34582)
"
162,4,42,0.5536566190839256,0.4231031428828276,-0.13055347620109803,1784345716.972508,1784345718.403619,1784345717.6880636,1.36089267,"[dac] CH_A set to +0.423 V (code=34154)
"
163,4,43,0.4231031428828276,0.29254966668172866,-0.13055347620109892,1784345718.403853,1784345719.845259,1784345719.124556,1.29788373,"[dac] CH_A set to +0.292 V (code=33726)
"
164,4,44,0.29254966668172866,0.16199619048062974,-0.13055347620109892,1784345719.84551,1784345721.27741,1784345720.56146,1.25632463,"[dac] CH_A set to +0.162 V (code=33298)
"
165,4,45,0.16199619048062974,0.031442714279531714,-0.13055347620109803,1784345721.2776341,1784345722.7119648,1784345721.9947996,1.17990953,"[dac] CH_A set to +0.031 V (code=32870)
"
166,4,46,0.031442714279531714,-0.0991107619215672,-0.13055347620109892,1784345722.712202,1784345724.144723,1784345723.4284625,1.1182412,"[dac] CH_A set to -0.099 V (code=32443)
"
167,4,47,-0.0991107619215672,-0.22966423812266612,-0.13055347620109892,1784345724.1450298,1784345725.571923,1784345724.8584764,1.04584795,"[dac] CH_A set to -0.230 V (code=32015)
"
168,4,48,-0.22966423812266612,-0.36021771432376504,-0.13055347620109892,1784345725.572153,1784345727.006677,1784345726.289415,0.993563927,"[dac] CH_A set to -0.360 V (code=31587)
"
169,4,49,-0.36021771432376504,-0.49077119052486395,-0.13055347620109892,1784345727.006898,1784345728.445622,1784345727.72626,0.90508328,"[dac] CH_A set to -0.491 V (code=31159)
"
170,4,50,-0.49077119052486395,-0.621324666725962,-0.13055347620109803,1784345728.445846,1784345729.877909,1784345729.1618776,0.86620542,"[dac] CH_A set to -0.621 V (code=30732)
"
171,4,51,-0.621324666725962,-0.7518781429270609,-0.13055347620109892,1784345729.8780968,1784345731.306742,1784345730.5924194,0.801855859,"[dac] CH_A set to -0.752 V (code=30304)
"
172,4,52,-0.7518781429270609,-0.8824316191281598,-0.13055347620109892,1784345731.306957,1784345732.726642,1784345732.0167994,0.71739706,"[dac] CH_A set to -0.882 V (code=29876)
"
173,4,53,-0.8824316191281598,-1.0129850953292578,-0.13055347620109803,1784345732.7268329,1784345734.164184,1784345733.4455085,0.657069347,"[dac] CH_A set to -1.013 V (code=29448)
"
174,4,54,-1.0129850953292578,-1.1435385715303568,-0.13055347620109892,1784345734.1644,1784345735.5953631,1784345734.8798816,0.604785328,"[dac] CH_A set to -1.143 V (code=29021)
"
175,4,55,-1.1435385715303568,-1.2740920477314557,-0.13055347620109892,1784345735.595665,1784345737.032277,1784345736.313971,0.52971084,"[dac] CH_A set to -1.274 V (code=28593)
"
176,4,56,-1.2740920477314557,-1.4046455239325546,-0.13055347620109892,1784345737.032497,1784345738.463439,1784345737.747968,0.461339432,"[dac] CH_A set to -1.405 V (code=28165)
"
177,4,57,-1.4046455239325546,-1.5351990001336535,-0.13055347620109892,1784345738.463764,1784345739.90101,1784345739.1823869,0.399671102,"[dac] CH_A set to -1.535 V (code=27737)
"
178,4,58,-1.5351990001336535,-1.6657524763347515,-0.13055347620109803,1784345739.901279,1784345741.3428988,1784345740.622089,0.332640309,"[dac] CH_A set to -1.666 V (code=27309)
"
179,4,59,-1.6657524763347515,-1.7963059525358505,-0.13055347620109892,1784345741.3431082,1784345742.784244,1784345742.063676,0.28705937,"[dac] CH_A set to -1.796 V (code=26881)
"
180,4,60,-1.7963059525358505,-1.9268594287369494,-0.13055347620109892,1784345742.784485,1784345744.2122219,1784345743.4983535,0.253543974,"[dac] CH_A set to -1.927 V (code=26454)
"
181,4,61,-1.9268594287369494,-2.0574129049380474,-0.13055347620109803,1784345744.212712,1784345745.6467159,1784345744.929714,0.211984882,"[dac] CH_A set to -2.057 V (code=26026)
"
182,4,62,-2.0574129049380474,-2.1879663811391468,-0.13055347620109936,1784345745.6469362,1784345747.0787709,1784345746.3628535,0.174447638,"[dac] CH_A set to -2.188 V (code=25598)
"
183,5,0,-2.057412904938048,-1.9921361668374984,0.06527673810054946,1784345775.5606751,1784345777.000288,1784345776.2804816,0.195897492,"[dac] CH_A set to -1.992 V (code=26240)
"
184,5,1,-1.9921361668374984,-1.926859428736949,0.06527673810054946,1784345777.000499,1784345778.4376252,1784345777.719062,0.225391041,"[dac] CH_A set to -1.927 V (code=26454)
"
185,6,0,-2.057412904938048,-1.9268594287369492,0.1305534762010987,1784345806.9813519,1784345808.421765,1784345807.7015586,0.198578724,"[dac] CH_A set to -1.927 V (code=26454)
"
186,6,1,-1.9268594287369492,-1.7963059525358505,0.1305534762010987,1784345808.4219751,1784345809.862668,1784345809.1423216,0.264268901,"[dac] CH_A set to -1.796 V (code=26881)
"
187,6,2,-1.7963059525358505,-1.665752476334752,0.13055347620109847,1784345809.862897,1784345811.296641,1784345810.5797691,0.32593723,"[dac] CH_A set to -1.666 V (code=27309)
"
188,6,3,-1.665752476334752,-1.535199000133653,0.13055347620109892,1784345811.2968462,1784345812.718251,1784345812.0075486,0.352749547,"[dac] CH_A set to -1.535 V (code=27737)
"
189,6,4,-1.535199000133653,-1.4046455239325546,0.13055347620109847,1784345812.718477,1784345814.156497,1784345813.4374871,0.406374182,"[dac] CH_A set to -1.405 V (code=28165)
"
190,6,5,-1.4046455239325546,-1.274092047731456,0.1305534762010987,1784345814.1566982,1784345815.5876532,1784345814.8721757,0.472064358,"[dac] CH_A set to -1.274 V (code=28593)
"
191,6,6,-1.274092047731456,-1.1435385715303572,0.1305534762010987,1784345815.587858,1784345817.0126889,1784345816.3002734,0.528370224,"[dac] CH_A set to -1.143 V (code=29021)
"
192,6,7,-1.1435385715303572,-1.0129850953292585,0.1305534762010987,1784345817.01296,1784345818.4495392,1784345817.7312496,0.579313627,"[dac] CH_A set to -1.013 V (code=29448)
"
193,6,8,-1.0129850953292585,-0.8824316191281598,0.1305534762010987,1784345818.44974,1784345819.895152,1784345819.172446,0.636960109,"[dac] CH_A set to -0.882 V (code=29876)
"
194,6,9,-0.8824316191281598,-0.7518781429270611,0.1305534762010987,1784345819.895392,1784345821.334132,1784345820.6147618,0.681200432,"[dac] CH_A set to -0.752 V (code=30304)
"
195,6,10,-0.7518781429270611,-0.6213246667259624,0.1305534762010987,1784345821.3343391,1784345822.753747,1784345822.044043,0.741528146,"[dac] CH_A set to -0.621 V (code=30732)
"
196,6,11,-0.6213246667259624,-0.49077119052486395,0.13055347620109847,1784345822.753945,1784345824.186816,1784345823.4703805,0.836711871,"[dac] CH_A set to -0.491 V (code=31159)
"
197,6,12,-0.49077119052486395,-0.36021771432376526,0.1305534762010987,1784345824.187051,1784345825.629367,1784345824.908209,0.884974042,"[dac] CH_A set to -0.360 V (code=31587)
"
198,6,13,-0.36021771432376526,-0.22966423812266656,0.1305534762010987,1784345825.62959,1784345827.071145,1784345826.3503675,0.96675161,"[dac] CH_A set to -0.230 V (code=32015)
"
199,6,14,-0.22966423812266656,-0.09911076192156787,0.1305534762010987,1784345827.071412,1784345828.514438,1784345827.792925,1.04316671,"[dac] CH_A set to -0.099 V (code=32443)
"
200,6,15,-0.09911076192156787,0.031442714279530826,0.1305534762010987,1784345828.5146072,1784345829.9625962,1784345829.2386017,1.08874765,"[dac] CH_A set to +0.031 V (code=32870)
"
201,6,16,0.031442714279530826,0.1619961904806293,0.13055347620109847,1784345829.962862,1784345831.395888,1784345830.6793752,1.15309721,"[dac] CH_A set to +0.162 V (code=33298)
"
202,6,17,0.1619961904806293,0.2925496666817282,0.13055347620109892,1784345831.3960729,1784345832.837858,1784345832.1169653,1.21476554,"[dac] CH_A set to +0.292 V (code=33726)
"
203,6,18,0.2925496666817282,0.4231031428828267,0.13055347620109847,1784345832.838332,1784345834.280065,1784345833.5591984,1.27643387,"[dac] CH_A set to +0.423 V (code=34154)
"
204,6,19,0.4231031428828267,0.5536566190839256,0.13055347620109892,1784345834.280322,1784345835.717712,1784345834.999017,1.31128988,"[dac] CH_A set to +0.554 V (code=34582)
"
205,6,20,0.5536566190839256,0.6842100952850241,0.13055347620109847,1784345835.717897,1784345837.160098,1784345836.4389975,1.39977053,"[dac] CH_A set to +0.684 V (code=35009)
"
206,6,21,0.6842100952850241,0.814763571486123,0.13055347620109892,1784345837.160409,1784345838.5955122,1784345837.8779607,1.42658285,"[dac] CH_A set to +0.815 V (code=35437)
"
207,6,22,0.814763571486123,0.9453170476872215,0.13055347620109847,1784345838.595708,1784345840.02312,1784345839.309414,1.46814194,"[dac] CH_A set to +0.945 V (code=35865)
"
208,6,23,0.9453170476872215,1.07587052388832,0.13055347620109847,1784345840.023325,1784345841.45213,1784345840.7377276,1.53383212,"[dac] CH_A set to +1.076 V (code=36293)
"
209,6,24,1.07587052388832,1.2064240000894189,0.13055347620109892,1784345841.452367,1784345842.887946,1784345842.1701565,1.55930382,"[dac] CH_A set to +1.206 V (code=36721)
"
210,6,25,1.2064240000894189,1.3369774762905173,0.13055347620109847,1784345842.888167,1784345844.3296251,1784345843.608896,1.61158784,"[dac] CH_A set to +1.337 V (code=37149)
"
211,6,26,1.3369774762905173,1.4675309524916162,0.13055347620109892,1784345844.329964,1784345845.760434,1784345845.045199,1.62231276,"[dac] CH_A set to +1.467 V (code=37576)
"
212,6,27,1.4675309524916162,1.5980844286927147,0.13055347620109847,1784345845.7606678,1784345847.199407,1784345846.4800375,1.65448754,"[dac] CH_A set to +1.598 V (code=38004)
"
213,6,28,1.5980844286927147,1.7286379048938136,0.13055347620109892,1784345847.1996028,1784345848.629157,1784345847.91438,1.68666232,"[dac] CH_A set to +1.729 V (code=38432)
"
214,6,29,1.7286379048938136,1.859191381094912,0.13055347620109847,1784345848.629569,1784345850.06017,1784345849.3448696,1.70274971,"[dac] CH_A set to +1.859 V (code=38860)
"
215,6,30,1.859191381094912,1.9897448572960106,0.13055347620109847,1784345850.060415,1784345851.508669,1784345850.784542,1.69470602,"[dac] CH_A set to +1.990 V (code=39287)
"
216,6,31,1.9897448572960106,2.1202983334971095,0.13055347620109892,1784345851.508906,1784345852.94849,1784345852.2286978,1.70006848,"[dac] CH_A set to +2.120 V (code=39715)
"
217,6,32,2.1202983334971095,2.2508518096982084,0.13055347620109892,1784345852.9486878,1784345854.377745,1784345853.6632164,1.71079341,"[dac] CH_A set to +2.251 V (code=40143)
"
218,6,33,2.2508518096982084,2.3814052858993064,0.13055347620109803,1784345854.377988,1784345855.8169868,1784345855.0974874,1.70274971,"[dac] CH_A set to +2.381 V (code=40571)
"
219,6,34,2.3814052858993064,2.5119587621004054,0.13055347620109892,1784345855.8173592,1784345857.244668,1784345856.5310135,1.69202479,"[dac] CH_A set to +2.512 V (code=40999)
"
220,6,35,2.5119587621004054,2.6425122383015043,0.13055347620109892,1784345857.2448661,1784345858.668235,1784345857.9565506,1.6933654,"[dac] CH_A set to +2.642 V (code=41426)
"
221,6,36,2.6425122383015043,2.773065714502603,0.13055347620109892,1784345858.6684318,1784345860.103376,1784345859.3859038,1.65716878,"[dac] CH_A set to +2.773 V (code=41854)
"
222,6,37,2.773065714502603,2.9036191907037012,0.13055347620109803,1784345860.103575,1784345861.523125,1784345860.81335,1.63035646,"[dac] CH_A set to +2.904 V (code=42282)
"
223,6,38,2.9036191907037012,3.0341726669048,0.13055347620109892,1784345861.523363,1784345862.970816,1784345862.2470894,1.6169503,"[dac] CH_A set to +3.034 V (code=42710)
"
224,6,39,3.0341726669048,3.164726143105899,0.13055347620109892,1784345862.971041,1784345864.412211,1784345863.691626,1.56064443,"[dac] CH_A set to +3.165 V (code=43137)
"
225,6,40,3.164726143105899,3.295279619306997,0.13055347620109803,1784345864.4124842,1784345865.850647,1784345865.1315656,1.52042596,"[dac] CH_A set to +3.295 V (code=43565)
"
226,6,41,3.295279619306997,3.425833095508096,0.13055347620109892,1784345865.850877,1784345867.290111,1784345866.5704942,1.49227303,"[dac] CH_A set to +3.426 V (code=43993)
"
227,6,42,3.425833095508096,3.556386571709195,0.13055347620109892,1784345867.290499,1784345868.726336,1784345868.0084176,1.44132962,"[dac] CH_A set to +3.556 V (code=44421)
"
228,6,43,3.556386571709195,3.686940047910294,0.13055347620109892,1784345868.7265449,1784345870.1679518,1784345869.4472485,1.41049546,"[dac] CH_A set to +3.687 V (code=44849)
"
229,6,44,3.686940047910294,3.817493524111393,0.13055347620109936,1784345870.168213,1784345871.603019,1784345870.8856158,1.33408035,"[dac] CH_A set to +3.818 V (code=45276)
"
230,7,0,3.6869400479102943,3.621663309809745,-0.06527673810054946,1784345900.078561,1784345901.520365,1784345900.799463,1.3970893,"[dac] CH_A set to +3.622 V (code=44635)
"
231,7,1,3.621663309809745,3.5563865717091954,-0.06527673810054946,1784345901.521491,1784345902.968917,1784345902.245204,1.40647361,"[dac] CH_A set to +3.556 V (code=44421)
"
232,8,0,3.6869400479102943,3.8174935241113928,0.13055347620109847,1784345931.511185,1784345932.946558,1784345932.2288713,1.28984003,"[dac] CH_A set to +3.818 V (code=45276)
"
233,8,1,3.8174935241113928,3.9480470003124917,0.13055347620109892,1784345932.946778,1784345934.376131,1784345933.6614547,1.23219355,"[dac] CH_A set to +3.948 V (code=45704)
"
234,8,2,3.9480470003124917,4.07860047651359,0.13055347620109847,1784345934.376388,1784345935.795553,1784345935.0859704,1.19197507,"[dac] CH_A set to +4.079 V (code=46132)
"
235,8,3,4.07860047651359,4.209153952714689,0.13055347620109892,1784345935.795771,1784345937.230908,1784345936.5133395,1.10215381,"[dac] CH_A set to +4.209 V (code=46560)
"
236,8,4,4.209153952714689,4.339707428915788,0.13055347620109892,1784345937.231112,1784345938.666538,1784345937.948825,1.04584795,"[dac] CH_A set to +4.340 V (code=46988)
"
237,8,5,4.339707428915788,4.470260905116886,0.13055347620109803,1784345938.6675782,1784345940.091776,1784345939.379677,0.993563927,"[dac] CH_A set to +4.470 V (code=47416)
"
238,8,6,4.470260905116886,4.600814381317985,0.13055347620109892,1784345940.091996,1784345941.520779,1784345940.8063874,0.917148823,"[dac] CH_A set to +4.601 V (code=47843)
"
239,8,7,4.600814381317985,4.731367857519084,0.13055347620109892,1784345941.520999,1784345942.953878,1784345942.2374384,0.85011803,"[dac] CH_A set to +4.731 V (code=48271)
"
240,8,8,4.731367857519084,4.861921333720183,0.13055347620109892,1784345942.954182,1784345944.394906,1784345943.6745439,0.785768469,"[dac] CH_A set to +4.862 V (code=48699)
"
241,8,9,4.861921333720183,4.992474809921281,0.13055347620109803,1784345944.3951209,1784345945.8209941,1784345945.1080575,0.764318615,"[dac] CH_A set to +4.992 V (code=49127)
"
242,8,10,4.992474809921281,5.12302828612238,0.13055347620109892,1784345945.821394,1784345947.2693949,1784345946.5453944,0.635619493,"[dac] CH_A set to +5.123 V (code=49554)
"
243,8,11,5.12302828612238,5.253581762323478,0.13055347620109803,1784345947.269709,1784345948.7148218,1784345947.9922655,0.580654243,"[dac] CH_A set to +5.254 V (code=49982)
"
244,8,12,5.253581762323478,5.384135238524577,0.13055347620109892,1784345948.7150211,1784345950.14863,1784345949.4318256,0.523007761,"[dac] CH_A set to +5.384 V (code=50410)
"
245,8,13,5.384135238524577,5.514688714725676,0.13055347620109892,1784345950.148961,1784345951.581886,1784345950.8654237,0.450614505,"[dac] CH_A set to +5.515 V (code=50838)
"
246,8,14,5.514688714725676,5.6452421909267745,0.13055347620109892,1784345951.5821319,1784345953.020184,1784345952.301158,0.415758493,"[dac] CH_A set to +5.645 V (code=51265)
"
247,9,0,5.775795667127873,5.841072405228423,0.06527673810054946,1784345981.484211,1784345982.90578,1784345982.1949954,0.299124913,"[dac] CH_A set to +5.841 V (code=51907)
"
248,9,1,5.841072405228423,5.906349143328972,0.06527673810054946,1784345982.906293,1784345984.353176,1784345983.6297345,0.264268901,"[dac] CH_A set to +5.906 V (code=52121)
"
249,10,0,5.775795667127873,5.6452421909267745,-0.13055347620109892,1784346012.858342,1784346014.2882218,1784346013.5732818,0.356771395,"[dac] CH_A set to +5.645 V (code=51265)
"
250,10,1,5.6452421909267745,5.5146887147256765,-0.13055347620109803,1784346014.289271,1784346015.7211149,1784346015.005193,0.399671102,"[dac] CH_A set to +5.515 V (code=50838)
"
251,10,2,5.5146887147256765,5.3841352385245775,-0.13055347620109892,1784346015.721587,1784346017.1679811,1784346016.4447842,0.47474559,"[dac] CH_A set to +5.384 V (code=50410)
"
252,10,3,5.3841352385245775,5.253581762323479,-0.13055347620109892,1784346017.168302,1784346018.59836,1784346017.883331,0.531051456,"[dac] CH_A set to +5.254 V (code=49982)
"
253,10,4,5.253581762323479,5.12302828612238,-0.13055347620109892,1784346018.598581,1784346020.020951,1784346019.309766,0.580654243,"[dac] CH_A set to +5.123 V (code=49554)
"
254,10,5,5.12302828612238,4.992474809921282,-0.13055347620109803,1784346020.021251,1784346021.454526,1784346020.7378883,0.63025703,"[dac] CH_A set to +4.992 V (code=49127)
"
255,10,6,4.992474809921282,4.861921333720183,-0.13055347620109892,1784346021.454976,1784346022.896278,1784346022.175627,0.6785192,"[dac] CH_A set to +4.862 V (code=48699)
"
256,10,7,4.861921333720183,4.731367857519084,-0.13055347620109892,1784346022.896532,1784346024.331603,1784346023.6140676,0.77236231,"[dac] CH_A set to +4.731 V (code=48271)
"
257,10,8,4.731367857519084,4.600814381317985,-0.13055347620109892,1784346024.3326561,1784346025.772258,1784346025.052457,0.856821109,"[dac] CH_A set to +4.601 V (code=47843)
"
258,10,9,4.600814381317985,4.470260905116887,-0.13055347620109803,1784346025.772457,1784346027.214747,1784346026.4936018,0.901061433,"[dac] CH_A set to +4.470 V (code=47416)
"
259,10,10,4.470260905116887,4.339707428915788,-0.13055347620109892,1784346027.21496,1784346028.646921,1784346027.9309406,0.976135921,"[dac] CH_A set to +4.340 V (code=46988)
"
260,10,11,4.339707428915788,4.20915395271469,-0.13055347620109803,1784346028.6471481,1784346030.084948,1784346029.366048,1.01903563,"[dac] CH_A set to +4.209 V (code=46560)
"
261,10,12,4.20915395271469,4.078600476513591,-0.13055347620109892,1784346030.085195,1784346031.5322208,1784346030.808708,1.0672978,"[dac] CH_A set to +4.079 V (code=46132)
"
262,10,13,4.078600476513591,3.948047000312492,-0.13055347620109892,1784346031.53333,1784346032.9612281,1784346032.2472792,1.14773475,"[dac] CH_A set to +3.948 V (code=45704)
"
263,10,14,3.948047000312492,3.817493524111393,-0.13055347620109892,1784346032.9615302,1784346034.395544,1784346033.6785371,1.22280924,"[dac] CH_A set to +3.818 V (code=45276)
"
264,10,15,3.817493524111393,3.6869400479102947,-0.13055347620109847,1784346034.39576,1784346035.817905,1784346035.1068325,1.28581818,"[dac] CH_A set to +3.687 V (code=44849)
"
265,10,16,3.6869400479102947,3.5563865717091963,-0.13055347620109847,1784346035.8181498,1784346037.252214,1784346036.535182,1.33273974,"[dac] CH_A set to +3.556 V (code=44421)
"
266,10,17,3.5563865717091963,3.4258330955080973,-0.13055347620109892,1784346037.252438,1784346038.689601,1784346037.9710195,1.35687082,"[dac] CH_A set to +3.426 V (code=43993)
"
267,10,18,3.4258330955080973,3.295279619306999,-0.13055347620109847,1784346038.689995,1784346040.1236138,1784346039.4068046,1.43596716,"[dac] CH_A set to +3.295 V (code=43565)
"
268,10,19,3.295279619306999,3.1647261431059,-0.13055347620109892,1784346040.123853,1784346041.552793,1784346040.838323,1.49763549,"[dac] CH_A set to +3.165 V (code=43137)
"
269,10,20,3.1647261431059,3.0341726669048015,-0.13055347620109847,1784346041.5529861,1784346042.978871,1784346042.2659287,1.53651335,"[dac] CH_A set to +3.034 V (code=42710)
"
270,10,21,3.0341726669048015,2.9036191907037026,-0.13055347620109892,1784346042.979106,1784346044.427697,1784346043.7034016,1.55930382,"[dac] CH_A set to +2.904 V (code=42282)
"
271,10,22,2.9036191907037026,2.773065714502604,-0.13055347620109847,1784346044.427923,1784346045.8558888,1784346045.1419058,1.5914786,"[dac] CH_A set to +2.773 V (code=41854)
"
272,10,23,2.773065714502604,2.6425122383015056,-0.13055347620109847,1784346045.8561149,1784346047.286931,1784346046.571523,1.63169707,"[dac] CH_A set to +2.642 V (code=41426)
"
273,10,24,2.6425122383015056,2.5119587621004067,-0.13055347620109892,1784346047.2871292,1784346048.7232482,1784346048.0051887,1.64376262,"[dac] CH_A set to +2.512 V (code=40999)
"
274,10,25,2.5119587621004067,2.381405285899308,-0.13055347620109847,1784346048.723495,1784346050.15654,1784346049.4400175,1.68264048,"[dac] CH_A set to +2.381 V (code=40571)
"
275,10,26,2.381405285899308,2.2508518096982093,-0.13055347620109892,1784346050.1569011,1784346051.589938,1784346050.8734195,1.71481526,"[dac] CH_A set to +2.251 V (code=40143)
"
276,10,27,2.2508518096982093,2.120298333497111,-0.13055347620109847,1784346051.590229,1784346053.032591,1784346052.31141,1.70274971,"[dac] CH_A set to +2.120 V (code=39715)
"
277,10,28,2.120298333497111,1.989744857296012,-0.13055347620109892,1784346053.032774,1784346054.478132,1784346053.755453,1.73760573,"[dac] CH_A set to +1.990 V (code=39287)
"
278,10,29,1.989744857296012,1.8591913810949134,-0.13055347620109847,1784346054.4783502,1784346055.9155579,1784346055.196954,1.72419957,"[dac] CH_A set to +1.859 V (code=38860)
"
279,10,30,1.8591913810949134,1.728637904893815,-0.13055347620109847,1784346055.915873,1784346057.3636081,1784346056.6397405,1.74296819,"[dac] CH_A set to +1.729 V (code=38432)
"
280,10,31,1.728637904893815,1.598084428692716,-0.13055347620109892,1784346057.3647082,1784346058.800931,1784346058.0828195,1.70543095,"[dac] CH_A set to +1.598 V (code=38004)
"
281,10,32,1.598084428692716,1.4675309524916171,-0.13055347620109892,1784346058.801168,1784346060.243891,1784346059.5225296,1.67057493,"[dac] CH_A set to +1.467 V (code=37576)
"
282,10,33,1.4675309524916171,1.336977476290519,-0.13055347620109803,1784346060.244102,1784346061.6721332,1784346060.9581175,1.66923432,"[dac] CH_A set to +1.337 V (code=37149)
"
283,10,34,1.336977476290519,1.2064240000894202,-0.13055347620109892,1784346061.672368,1784346063.101003,1784346062.3866854,1.66119062,"[dac] CH_A set to +1.206 V (code=36721)
"
284,10,35,1.2064240000894202,1.0758705238883213,-0.13055347620109892,1784346063.101983,1784346064.547628,1784346063.8248055,1.62767523,"[dac] CH_A set to +1.076 V (code=36293)
"
285,10,36,1.0758705238883213,0.9453170476872224,-0.13055347620109892,1784346064.5478249,1784346065.980793,1784346065.264309,1.57539121,"[dac] CH_A set to +0.945 V (code=35865)
"
286,10,37,0.9453170476872224,0.8147635714861243,-0.13055347620109803,1784346065.980982,1784346067.4303648,1784346066.7056735,1.52176657,"[dac] CH_A set to +0.815 V (code=35437)
"
287,10,38,0.8147635714861243,0.6842100952850254,-0.13055347620109892,1784346067.43058,1784346068.8812501,1784346068.155915,1.49629487,"[dac] CH_A set to +0.684 V (code=35009)
"
288,10,39,0.6842100952850254,0.5536566190839265,-0.13055347620109892,1784346068.882259,1784346070.320152,1784346069.6012053,1.4480327,"[dac] CH_A set to +0.554 V (code=34582)
"
289,10,40,0.5536566190839265,0.42310314288282846,-0.13055347620109803,1784346070.320349,1784346071.76417,1784346071.0422595,1.40379238,"[dac] CH_A set to +0.423 V (code=34154)
"
290,10,41,0.42310314288282846,0.29254966668172955,-0.13055347620109892,1784346071.764382,1784346073.197665,1784346072.4810233,1.37027698,"[dac] CH_A set to +0.292 V (code=33726)
"
291,10,42,0.29254966668172955,0.16199619048063063,-0.13055347620109892,1784346073.1978729,1784346074.623282,1784346073.9105773,1.27375264,"[dac] CH_A set to +0.162 V (code=33298)
"
292,10,43,0.16199619048063063,0.031442714279531714,-0.13055347620109892,1784346074.6234639,1784346076.0702,1784346075.3468318,1.25900587,"[dac] CH_A set to +0.031 V (code=32870)
"
293,10,44,0.031442714279531714,-0.09911076192156631,-0.13055347620109803,1784346076.0712588,1784346077.497268,1784346076.7842634,1.17052522,"[dac] CH_A set to -0.099 V (code=32443)
"
294,10,45,-0.09911076192156631,-0.22966423812266523,-0.13055347620109892,1784346077.4974878,1784346078.932889,1784346078.2151885,1.09008827,"[dac] CH_A set to -0.230 V (code=32015)
"
295,10,46,-0.22966423812266523,-0.36021771432376415,-0.13055347620109892,1784346078.933127,1784346080.3639581,1784346079.6485424,1.04584795,"[dac] CH_A set to -0.360 V (code=31587)
"
296,10,47,-0.36021771432376415,-0.4907711905248622,-0.13055347620109803,1784346080.364178,1784346081.805214,1784346081.0846958,0.974795305,"[dac] CH_A set to -0.491 V (code=31159)
"
297,10,48,-0.4907711905248622,-0.6213246667259611,-0.13055347620109892,1784346081.805423,1784346083.23744,1784346082.5214314,0.909105128,"[dac] CH_A set to -0.621 V (code=30732)
"
298,10,49,-0.6213246667259611,-0.75187814292706,-0.13055347620109892,1784346083.2379332,1784346084.667795,1784346083.9528642,0.848777414,"[dac] CH_A set to -0.752 V (code=30304)
"
299,10,50,-0.75187814292706,-0.8824316191281589,-0.13055347620109892,1784346084.668004,1784346086.120211,1784346085.3941073,0.77236231,"[dac] CH_A set to -0.882 V (code=29876)
"
300,10,51,-0.8824316191281589,-1.012985095329257,-0.13055347620109803,1784346086.120724,1784346087.5382771,1784346086.8295007,0.741528146,"[dac] CH_A set to -1.013 V (code=29448)
"
301,10,52,-1.012985095329257,-1.1435385715303559,-0.13055347620109892,1784346087.53848,1784346088.9717581,1784346088.255119,0.638300725,"[dac] CH_A set to -1.143 V (code=29021)
"
302,10,53,-1.1435385715303559,-1.2740920477314548,-0.13055347620109892,1784346088.971958,1784346090.409251,1784346089.6906044,0.581994859,"[dac] CH_A set to -1.274 V (code=28593)
"
303,10,54,-1.2740920477314548,-1.4046455239325537,-0.13055347620109892,1784346090.409497,1784346091.8364758,1784346091.1229863,0.517645298,"[dac] CH_A set to -1.405 V (code=28165)
"
304,10,55,-1.4046455239325537,-1.5351990001336517,-0.13055347620109803,1784346091.837534,1784346093.26781,1784346092.552672,0.450614505,"[dac] CH_A set to -1.535 V (code=27737)
"
305,10,56,-1.5351990001336517,-1.6657524763347507,-0.13055347620109892,1784346093.268021,1784346094.706104,1784346093.9870625,0.390286791,"[dac] CH_A set to -1.666 V (code=27309)
"
306,10,57,-1.6657524763347507,-1.7963059525358496,-0.13055347620109892,1784346094.7063,1784346096.139982,1784346095.423141,0.352749547,"[dac] CH_A set to -1.796 V (code=26881)
"
307,10,58,-1.7963059525358496,-1.9268594287369476,-0.13055347620109803,1784346096.140182,1784346097.572224,1784346096.856203,0.307168608,"[dac] CH_A set to -1.927 V (code=26454)
"
308,10,59,-1.9268594287369476,-2.0574129049380465,-0.13055347620109892,1784346097.572513,1784346099.008211,1784346098.290362,0.226731657,"[dac] CH_A set to -2.057 V (code=26026)
"
309,10,60,-2.0574129049380465,-2.1879663811391454,-0.13055347620109892,1784346099.009274,1784346100.4452531,1784346099.7272635,0.19991934,"[dac] CH_A set to -2.188 V (code=25598)
"
310,10,61,-2.1879663811391454,-2.3185198573402435,-0.13055347620109803,1784346100.445853,1784346101.877204,1784346101.1615286,0.155679016,"[dac] CH_A set to -2.319 V (code=25170)
"
311,10,62,-2.3185198573402435,-2.4490733335413424,-0.13055347620109892,1784346101.877461,1784346103.330524,1784346102.6039925,0.155679016,"[dac] CH_A set to -2.449 V (code=24742)
"
312,10,63,-2.4490733335413424,-2.5796268097424413,-0.13055347620109892,1784346103.3307872,1784346104.770734,1784346104.0507607,0.104735614,"[dac] CH_A set to -2.580 V (code=24315)
"
313,10,64,-2.5796268097424413,-2.71018028594354,-0.13055347620109892,1784346104.771898,1784346106.206294,1784346105.4890962,0.0578140588,"[dac] CH_A set to -2.710 V (code=23887)
"
314,10,65,-2.71018028594354,-2.840733762144639,-0.13055347620109892,1784346106.206514,1784346107.637037,1784346106.9217753,0.0578140588,"[dac] CH_A set to -2.841 V (code=23459)
"
315,10,66,-2.840733762144639,-2.971287238345738,-0.13055347620109892,1784346107.637259,1784346109.070407,1784346108.353833,0.0175955831,"[dac] CH_A set to -2.971 V (code=23031)
"
316,10,67,-2.971287238345738,-3.101840714546835,-0.13055347620109714,1784346109.070633,1784346110.494113,1784346109.782373,0.0135737355,"[dac] CH_A set to -3.102 V (code=22604)
"
317,10,68,-3.101840714546835,-3.232394190747934,-0.13055347620109892,1784346110.4945128,1784346111.928886,1784346111.2116995,0.00553017459,"[dac] CH_A set to -3.232 V (code=22176)
"
318,10,69,-3.232394190747934,-3.362947666949033,-0.13055347620109892,1784346111.929088,1784346113.3621209,1784346112.6456046,0.00821127212,"[dac] CH_A set to -3.363 V (code=21748)
"
319,10,70,-3.362947666949033,-3.493501143150132,-0.13055347620109892,1784346113.362376,1784346114.787341,1784346114.0748587,0.0202768148,"[dac] CH_A set to -3.493 V (code=21320)
"
320,10,71,-3.493501143150132,-3.624054619351231,-0.13055347620109892,1784346114.7875872,1784346116.226413,1784346115.507,0.0108925467,"[dac] CH_A set to -3.624 V (code=20892)
"
321,10,72,-3.624054619351231,-3.7546080955523298,-0.13055347620109892,1784346116.2273579,1784346117.6620429,1784346116.9447002,0.0363642051,"[dac] CH_A set to -3.755 V (code=20465)
"
322,10,73,-3.7546080955523298,-3.8851615717534287,-0.13055347620109892,1784346117.6622798,1784346119.097203,1784346118.3797414,0.0350235893,"[dac] CH_A set to -3.885 V (code=20037)
"
323,10,74,-3.8851615717534287,-4.015715047954528,-0.13055347620109892,1784346119.097399,1784346120.531428,1784346119.8144135,0.0806045284,"[dac] CH_A set to -4.016 V (code=19609)
"
324,11,0,-4.1462685241556265,-4.211545262256176,-0.06527673810054946,1784346149.0016341,1784346150.432251,1784346149.7169425,0.163722711,"[dac] CH_A set to -4.212 V (code=18967)
"
325,11,1,-4.211545262256176,-4.276822000356725,-0.06527673810054946,1784346150.433418,1784346151.8599832,1784346151.1467006,0.191875644,"[dac] CH_A set to -4.277 V (code=18753)
"
326,12,0,-4.1462685241556265,-4.015715047954528,0.13055347620109892,1784346180.3786108,1784346181.8210402,1784346181.0998254,0.120823004,"[dac] CH_A set to -4.016 V (code=19609)
"
327,12,1,-4.015715047954528,-3.885161571753429,0.13055347620109847,1784346181.8213482,1784346183.2512808,1784346182.5363145,0.0926700711,"[dac] CH_A set to -3.885 V (code=20037)
"
328,12,2,-3.885161571753429,-3.7546080955523307,0.13055347620109847,1784346183.251581,1784346184.671922,1784346183.9617515,0.047089132,"[dac] CH_A set to -3.755 V (code=20465)
"
329,12,3,-3.7546080955523307,-3.6240546193512317,0.13055347620109892,1784346184.672129,1784346186.099177,1784346185.385653,0.0591546747,"[dac] CH_A set to -3.624 V (code=20892)
"
330,12,4,-3.6240546193512317,-3.493501143150133,0.13055347620109892,1784346186.099425,1784346187.537689,1784346186.818557,0.0242986624,"[dac] CH_A set to -3.493 V (code=21320)
"
331,12,5,-3.493501143150133,-3.3629476669490344,0.13055347620109847,1784346187.53881,1784346188.971066,1784346188.2549381,0.0216174307,"[dac] CH_A set to -3.363 V (code=21748)
"
332,12,6,-3.3629476669490344,-3.232394190747936,0.13055347620109847,1784346188.971306,1784346190.398174,1784346189.68474,0.0256392783,"[dac] CH_A set to -3.232 V (code=22176)
"
333,12,7,-3.232394190747936,-3.101840714546837,0.13055347620109892,1784346190.398389,1784346191.838134,1784346191.1182616,0.0216174307,"[dac] CH_A set to -3.102 V (code=22604)
"
334,12,8,-3.101840714546837,-2.971287238345738,0.13055347620109892,1784346191.838439,1784346193.292421,1784346192.5654302,-0.00251352055,"[dac] CH_A set to -2.971 V (code=23031)
"
335,12,9,-2.971287238345738,-2.8407337621446396,0.13055347620109847,1784346193.292743,1784346194.749949,1784346194.021346,0.0149143514,"[dac] CH_A set to -2.841 V (code=23459)
"
336,12,10,-2.8407337621446396,-2.710180285943541,0.13055347620109847,1784346194.751328,1784346196.1884348,1784346195.4698815,-0.00519470944,"[dac] CH_A set to -2.710 V (code=23887)
"
337,12,11,-2.710180285943541,-2.579626809742442,0.13055347620109892,1784346196.18865,1784346197.63449,1784346196.91157,0.0511109795,"[dac] CH_A set to -2.580 V (code=24315)
"
338,12,12,-2.579626809742442,-2.4490733335413433,0.13055347620109892,1784346197.634683,1784346199.071413,1784346198.3530478,0.0323423575,"[dac] CH_A set to -2.449 V (code=24742)
"
339,12,13,-2.4490733335413433,-2.318519857340245,0.13055347620109847,1784346199.07174,1784346200.506571,1784346199.7891555,0.102054382,"[dac] CH_A set to -2.319 V (code=25170)
"
340,12,14,-2.318519857340245,-2.1879663811391463,0.13055347620109847,1784346200.506793,1784346201.9327528,1784346201.2197728,0.142272858,"[dac] CH_A set to -2.188 V (code=25598)
"
341,12,15,-2.1879663811391463,-2.0574129049380474,0.13055347620109892,1784346201.93297,1784346203.353132,1784346202.6430511,0.169085175,"[dac] CH_A set to -2.057 V (code=26026)
"
342,12,16,-2.0574129049380474,-1.9268594287369485,0.13055347620109892,1784346203.354142,1784346204.781706,1784346204.067924,0.181150718,"[dac] CH_A set to -1.927 V (code=26454)
"
343,12,17,-1.9268594287369485,-1.79630595253585,0.13055347620109847,1784346204.781961,1784346206.218185,1784346205.500073,0.222709809,"[dac] CH_A set to -1.796 V (code=26881)
"
344,12,18,-1.79630595253585,-1.6657524763347515,0.13055347620109847,1784346206.218428,1784346207.6631129,1784346206.9407704,0.291081218,"[dac] CH_A set to -1.666 V (code=27309)
"
345,12,19,-1.6657524763347515,-1.5351990001336526,0.13055347620109892,1784346207.663549,1784346209.09632,1784346208.3799343,0.335321541,"[dac] CH_A set to -1.535 V (code=27737)
"
346,12,20,-1.5351990001336526,-1.4046455239325537,0.13055347620109892,1784346209.096577,1784346210.546759,1784346209.821668,0.388946175,"[dac] CH_A set to -1.405 V (code=28165)
"
347,12,21,-1.4046455239325537,-1.2740920477314552,0.13055347620109847,1784346210.5469902,1784346211.9794729,1784346211.2632315,0.423802188,"[dac] CH_A set to -1.274 V (code=28593)
"
348,12,22,-1.2740920477314552,-1.1435385715303568,0.13055347620109847,1784346211.979834,1784346213.423093,1784346212.7014637,0.506920371,"[dac] CH_A set to -1.143 V (code=29021)
"
349,12,23,-1.1435385715303568,-1.0129850953292578,0.13055347620109892,1784346213.4233222,1784346214.854723,1784346214.1390226,0.55250131,"[dac] CH_A set to -1.013 V (code=29448)
"
350,12,24,-1.0129850953292578,-0.8824316191281589,0.13055347620109892,1784346214.855181,1784346216.295834,1784346215.5755076,0.60746656,"[dac] CH_A set to -0.882 V (code=29876)
"
351,12,25,-0.8824316191281589,-0.7518781429270605,0.13055347620109847,1784346216.296056,1784346217.741614,1784346217.018835,0.691925359,"[dac] CH_A set to -0.752 V (code=30304)
"
352,12,26,-0.7518781429270605,-0.621324666725962,0.13055347620109847,1784346217.7418392,1784346219.162345,1784346218.4520922,0.750912457,"[dac] CH_A set to -0.621 V (code=30732)
"
353,12,27,-0.621324666725962,-0.49077119052486307,0.13055347620109892,1784346219.162573,1784346220.6040971,1784346219.883335,0.824646329,"[dac] CH_A set to -0.491 V (code=31159)
"
354,12,28,-0.49077119052486307,-0.36021771432376415,0.13055347620109892,1784346220.604374,1784346222.03231,1784346221.318342,0.884974042,"[dac] CH_A set to -0.360 V (code=31587)
"
355,12,29,-0.36021771432376415,-0.22966423812266568,0.13055347620109847,1784346222.0334349,1784346223.456395,1784346222.744915,0.962729762,"[dac] CH_A set to -0.230 V (code=32015)
"
356,12,30,-0.22966423812266568,-0.0991107619215672,0.13055347620109847,1784346223.4566772,1784346224.887135,1784346224.171906,1.03914487,"[dac] CH_A set to -0.099 V (code=32443)
"
357,12,31,-0.0991107619215672,0.031442714279531714,0.13055347620109892,1784346224.88746,1784346226.334879,1784346225.6111693,1.0847258,"[dac] CH_A set to +0.031 V (code=32870)
"
358,12,32,0.031442714279531714,0.16199619048063063,0.13055347620109892,1784346226.335135,1784346227.759614,1784346227.0473745,1.13298798,"[dac] CH_A set to +0.162 V (code=33298)
"
359,12,33,0.16199619048063063,0.29254966668172866,0.13055347620109803,1784346227.7606568,1784346229.199954,1784346228.4803054,1.22683109,"[dac] CH_A set to +0.292 V (code=33726)
"
360,13,0,0.4231031428828276,0.48837988098337703,0.06527673810054946,1784346257.694836,1784346259.140727,1784346258.4177814,1.28849942,"[dac] CH_A set to +0.488 V (code=34368)
"
361,13,1,0.48837988098337703,0.5536566190839265,0.06527673810054946,1784346259.141818,1784346260.578607,1784346259.8602126,1.35418959,"[dac] CH_A set to +0.554 V (code=34582)
"
362,14,0,0.4231031428828276,0.5536566190839263,0.1305534762010987,1784346289.0704682,1784346290.503414,1784346289.786941,1.35016774,"[dac] CH_A set to +0.554 V (code=34582)
"
363,14,1,0.5536566190839263,0.684210095285025,0.1305534762010987,1784346290.503619,1784346291.929007,1784346291.216313,1.40915484,"[dac] CH_A set to +0.684 V (code=35009)
"
364,14,2,0.684210095285025,0.8147635714861236,0.13055347620109858,1784346291.929323,1784346293.367742,1784346292.6485324,1.46814194,"[dac] CH_A set to +0.815 V (code=35437)
"
365,14,3,0.8147635714861236,0.9453170476872222,0.1305534762010987,1784346293.367981,1784346294.805102,1784346294.0865417,1.49763549,"[dac] CH_A set to +0.945 V (code=35865)
"
366,14,4,0.9453170476872222,1.0758705238883208,0.13055347620109858,1784346294.805381,1784346296.2490299,1784346295.5272055,1.5405352,"[dac] CH_A set to +1.076 V (code=36293)
"
367,14,5,1.0758705238883208,1.2064240000894195,0.1305534762010987,1784346296.2493818,1784346297.687351,1784346296.9683664,1.58075367,"[dac] CH_A set to +1.206 V (code=36721)
"
368,14,6,1.2064240000894195,1.3369774762905182,0.1305534762010987,1784346297.687615,1784346299.110829,1784346298.399222,1.62097215,"[dac] CH_A set to +1.337 V (code=37149)
"
369,15,0,1.2064240000894193,1.1411472619888698,-0.06527673810054946,1784346327.6201348,1784346329.04844,1784346328.3342874,1.5579632,"[dac] CH_A set to +1.141 V (code=36507)
"
370,15,1,1.1411472619888698,1.0758705238883204,-0.06527673810054946,1784346329.048913,1784346330.4877188,1784346329.7683158,1.55930382,"[dac] CH_A set to +1.076 V (code=36293)
"
371,16,0,1.2064240000894193,1.336977476290518,0.1305534762010987,1784346359.031772,1784346360.4499352,1784346359.7408535,1.60756599,"[dac] CH_A set to +1.337 V (code=37149)
"
372,16,1,1.336977476290518,1.4675309524916167,0.1305534762010987,1784346360.451118,1784346361.888007,1784346361.1695623,1.62633461,"[dac] CH_A set to +1.467 V (code=37576)
"
373,16,2,1.4675309524916167,1.5980844286927154,0.1305534762010987,1784346361.888236,1784346363.321035,1784346362.6046355,1.65448754,"[dac] CH_A set to +1.598 V (code=38004)
"
374,16,3,1.5980844286927154,1.728637904893814,0.1305534762010987,1784346363.321237,1784346364.75431,1784346364.0377736,1.67191555,"[dac] CH_A set to +1.729 V (code=38432)
"
375,17,0,1.859191381094913,1.9244681191954625,0.06527673810054946,1784346393.279265,1784346394.7190442,1784346393.9991546,1.72151834,"[dac] CH_A set to +1.924 V (code=39074)
"
376,17,1,1.9244681191954625,1.989744857296012,0.06527673810054946,1784346394.7201211,1784346396.145859,1784346395.43299,1.6933654,"[dac] CH_A set to +1.990 V (code=39287)
"
377,18,0,1.859191381094913,1.7286379048938143,-0.1305534762010987,1784346424.6064472,1784346426.055439,1784346425.330943,1.69068417,"[dac] CH_A set to +1.729 V (code=38432)
"
378,18,1,1.7286379048938143,1.5980844286927156,-0.1305534762010987,1784346426.0556428,1784346427.4924648,1784346426.7740538,1.68666232,"[dac] CH_A set to +1.598 V (code=38004)
"
379,18,2,1.5980844286927156,1.4675309524916171,-0.13055347620109847,1784346427.49267,1784346428.9161,1784346428.204385,1.66253124,"[dac] CH_A set to +1.467 V (code=37576)
"
380,18,3,1.4675309524916171,1.3369774762905182,-0.13055347620109892,1784346428.916301,1784346430.345197,1784346429.630749,1.61158784,"[dac] CH_A set to +1.337 V (code=37149)
"
381,18,4,1.3369774762905182,1.2064240000894197,-0.13055347620109847,1784346430.345402,1784346431.778177,1784346431.0617895,1.59818168,"[dac] CH_A set to +1.206 V (code=36721)
"
382,18,5,1.2064240000894197,1.075870523888321,-0.1305534762010987,1784346431.778372,1784346433.223271,1784346432.5008216,1.55930382,"[dac] CH_A set to +1.076 V (code=36293)
"
383,18,6,1.075870523888321,0.9453170476872224,-0.1305534762010987,1784346433.22438,1784346434.669209,1784346433.9467945,1.50970103,"[dac] CH_A set to +0.945 V (code=35865)
"
384,18,7,0.9453170476872224,0.8147635714861237,-0.1305534762010987,1784346434.669421,1784346436.09326,1784346435.3813405,1.48959179,"[dac] CH_A set to +0.815 V (code=35437)
"
385,18,8,0.8147635714861237,0.684210095285025,-0.1305534762010987,1784346436.093483,1784346437.528678,1784346436.8110805,1.44267024,"[dac] CH_A set to +0.684 V (code=35009)
"
386,18,9,0.684210095285025,0.5536566190839263,-0.1305534762010987,1784346437.528916,1784346438.965766,1784346438.247341,1.3890456,"[dac] CH_A set to +0.554 V (code=34582)
"
387,18,10,0.5536566190839263,0.4231031428828276,-0.1305534762010987,1784346438.96684,1784346440.4034612,1784346439.6851506,1.32603666,"[dac] CH_A set to +0.423 V (code=34154)
"
388,18,11,0.4231031428828276,0.2925496666817291,-0.13055347620109847,1784346440.403726,1784346441.833162,1784346441.118444,1.26839018,"[dac] CH_A set to +0.292 V (code=33726)
"
389,18,12,0.2925496666817291,0.1619961904806304,-0.1305534762010987,1784346441.833421,1784346443.271779,1784346442.5526,1.21208431,"[dac] CH_A set to +0.162 V (code=33298)
"
390,18,13,0.1619961904806304,0.031442714279531714,-0.1305534762010987,1784346443.272013,1784346444.699568,1784346443.9857905,1.16248152,"[dac] CH_A set to +0.031 V (code=32870)
"
391,18,14,0.031442714279531714,-0.0991107619215672,-0.13055347620109892,1784346444.6997828,1784346446.12876,1784346445.4142714,1.09008827,"[dac] CH_A set to -0.099 V (code=32443)
"
392,19,0,-0.22966423812266612,-0.2949409762232156,-0.06527673810054946,1784346474.65052,1784346476.073518,1784346475.362019,0.988201463,"[dac] CH_A set to -0.295 V (code=31801)
"
393,19,1,-0.2949409762232156,-0.36021771432376504,-0.06527673810054946,1784346476.0740108,1784346477.516948,1784346476.7954793,0.933236213,"[dac] CH_A set to -0.360 V (code=31587)
"
394,20,0,-0.22966423812266612,-0.35454147622806487,-0.12487723810539875,1784346506.0429828,1784346507.476248,1784346506.7596154,0.938598677,"[dac] CH_A set to -0.354 V (code=31606)
"
395,20,1,-0.35454147622806487,-0.47941871433346367,-0.1248772381053988,1784346507.4774048,1784346508.923952,1784346508.2006783,0.874249115,"[dac] CH_A set to -0.479 V (code=31197)
"
396,20,2,-0.47941871433346367,-0.6042959524388625,-0.1248772381053988,1784346508.924184,1784346510.3564758,1784346509.6403298,0.821965097,"[dac] CH_A set to -0.604 V (code=30787)
"
397,20,3,-0.6042959524388625,-0.7291731905442612,-0.12487723810539875,1784346510.356709,1784346511.797555,1784346511.077132,0.762977999,"[dac] CH_A set to -0.729 V (code=30378)
"
398,20,4,-0.7291731905442612,-0.85405042864966,-0.12487723810539875,1784346511.7977989,1784346513.236545,1784346512.5171719,0.697287822,"[dac] CH_A set to -0.854 V (code=29969)
"
399,20,5,-0.85405042864966,-0.9789276667550588,-0.12487723810539886,1784346513.237052,1784346514.684416,1784346513.960734,0.619532103,"[dac] CH_A set to -0.979 V (code=29560)
"
400,20,6,-0.9789276667550588,-1.1038049048604575,-0.12487723810539864,1784346514.686375,1784346516.1224692,1784346515.404422,0.583335475,"[dac] CH_A set to -1.104 V (code=29151)
"
401,20,7,-1.1038049048604575,-1.2286821429658563,-0.12487723810539886,1784346516.122677,1784346517.5595899,1784346516.8411336,0.528370224,"[dac] CH_A set to -1.229 V (code=28741)
"
402,20,8,-1.2286821429658563,-1.3535593810712552,-0.12487723810539886,1784346517.55984,1784346518.993181,1784346518.2765105,0.455976968,"[dac] CH_A set to -1.354 V (code=28332)
"
403,20,9,-1.3535593810712552,-1.4784366191766538,-0.12487723810539864,1784346518.9933782,1784346520.436816,1784346519.715097,0.396989871,"[dac] CH_A set to -1.478 V (code=27923)
"
404,20,10,-1.4784366191766538,-1.6033138572820527,-0.12487723810539886,1784346520.437048,1784346521.879178,1784346521.158113,0.329959078,"[dac] CH_A set to -1.603 V (code=27514)
"
405,20,11,-1.6033138572820527,-1.7281910953874515,-0.12487723810539886,1784346521.8802822,1784346523.300972,1784346522.5906272,0.284378139,"[dac] CH_A set to -1.728 V (code=27105)
"
406,20,12,-1.7281910953874515,-1.8530683334928502,-0.12487723810539864,1784346523.3011892,1784346524.736917,1784346524.019053,0.27097198,"[dac] CH_A set to -1.853 V (code=26695)
"
407,20,13,-1.8530683334928502,-1.977945571598249,-0.12487723810539886,1784346524.737183,1784346526.162155,1784346525.449669,0.198578724,"[dac] CH_A set to -1.978 V (code=26286)
"
408,20,14,-1.977945571598249,-2.102822809703648,-0.12487723810539886,1784346526.162435,1784346527.5988638,1784346526.8806496,0.187853797,"[dac] CH_A set to -2.103 V (code=25877)
"
409,20,15,-2.102822809703648,-2.2277000478090465,-0.12487723810539864,1784346527.5990899,1784346529.037478,1784346528.318284,0.134229163,"[dac] CH_A set to -2.228 V (code=25468)
"
410,20,16,-2.2277000478090465,-2.352577285914445,-0.12487723810539864,1784346529.037687,1784346530.479245,1784346529.758466,0.104735614,"[dac] CH_A set to -2.353 V (code=25059)
"
411,20,17,-2.352577285914445,-2.4774545240198442,-0.12487723810539908,1784346530.479489,1784346531.907561,1784346531.193525,0.0940106869,"[dac] CH_A set to -2.477 V (code=24649)
"
412,20,18,-2.4774545240198442,-2.602331762125243,-0.12487723810539864,1784346531.908003,1784346533.350126,1784346532.6290646,0.0873076077,"[dac] CH_A set to -2.602 V (code=24240)
"
413,20,19,-2.602331762125243,-2.7272090002306415,-0.12487723810539864,1784346533.351578,1784346534.781251,1784346534.0664144,0.0578140588,"[dac] CH_A set to -2.727 V (code=23831)
"
414,20,20,-2.7272090002306415,-2.8520862383360406,-0.12487723810539908,1784346534.78146,1784346536.2134788,1784346535.4974694,0.0323423575,"[dac] CH_A set to -2.852 V (code=23422)
"
415,20,21,-2.8520862383360406,-2.976963476441439,-0.12487723810539864,1784346536.213717,1784346537.6481862,1784346536.9309516,0.0216174307,"[dac] CH_A set to -2.977 V (code=23013)
"
416,20,22,-2.976963476441439,-3.101840714546838,-0.12487723810539864,1784346537.6483898,1784346539.079294,1784346538.363842,0.00284885152,"[dac] CH_A set to -3.102 V (code=22604)
"
417,21,0,-2.971287238345739,-2.9060105002451895,0.06527673810054946,1784346567.53266,1784346568.9520938,1784346568.2423768,0.0162549673,"[dac] CH_A set to -2.906 V (code=23245)
"
418,21,1,-2.9060105002451895,-2.84073376214464,0.06527673810054946,1784346568.953132,1784346570.387558,1784346569.6703448,0.0202768577,"[dac] CH_A set to -2.841 V (code=23459)
"
419,22,0,-2.971287238345739,-2.84073376214464,0.13055347620109892,1784346598.893151,1784346600.3305259,1784346599.6118383,-0.00117281334,"[dac] CH_A set to -2.841 V (code=23459)
"
420,22,1,-2.84073376214464,-2.7101802859435415,0.13055347620109847,1784346600.331595,1784346601.771361,1784346601.051478,0.0135737355,"[dac] CH_A set to -2.710 V (code=23887)
"
421,22,2,-2.7101802859435415,-2.579626809742443,0.13055347620109847,1784346601.77158,1784346603.213253,1784346602.4924164,0.0671983698,"[dac] CH_A set to -2.580 V (code=24315)
"
422,22,3,-2.579626809742443,-2.449073333541344,0.13055347620109892,1784346603.2134762,1784346604.664023,1784346603.9387496,0.0551328271,"[dac] CH_A set to -2.449 V (code=24742)
"
423,22,4,-2.449073333541344,-2.3185198573402452,0.13055347620109892,1784346604.664257,1784346606.103629,1784346605.383943,0.100713766,"[dac] CH_A set to -2.319 V (code=25170)
"
424,22,5,-2.3185198573402452,-2.1879663811391468,0.13055347620109847,1784346606.103864,1784346607.5436149,1784346606.8237395,0.111438693,"[dac] CH_A set to -2.188 V (code=25598)
"
425,22,6,-2.1879663811391468,-2.0574129049380483,0.13055347620109847,1784346607.54406,1784346608.981044,1784346608.262552,0.135569778,"[dac] CH_A set to -2.057 V (code=26026)
"
426,22,7,-2.0574129049380483,-1.9268594287369494,0.13055347620109892,1784346608.981247,1784346610.409266,1784346609.6952565,0.179810102,"[dac] CH_A set to -1.927 V (code=26454)
"
427,22,8,-1.9268594287369494,-1.7963059525358507,0.1305534762010987,1784346610.409525,1784346611.830406,1784346611.1199656,0.236115968,"[dac] CH_A set to -1.796 V (code=26881)
"
428,22,9,-1.7963059525358507,-1.665752476334752,0.1305534762010987,1784346611.830705,1784346613.255122,1784346612.5429134,0.244159663,"[dac] CH_A set to -1.666 V (code=27309)
"
429,22,10,-1.665752476334752,-1.5351990001336533,0.1305534762010987,1784346613.255397,1784346614.6939101,1784346613.9746537,0.338002773,"[dac] CH_A set to -1.535 V (code=27737)
"
430,22,11,-1.5351990001336533,-1.4046455239325546,0.1305534762010987,1784346614.6943622,1784346616.12505,1784346615.409706,0.382243096,"[dac] CH_A set to -1.405 V (code=28165)
"
431,22,12,-1.4046455239325546,-1.274092047731456,0.1305534762010987,1784346616.125289,1784346617.564748,1784346616.8450184,0.390286791,"[dac] CH_A set to -1.274 V (code=28593)
"
432,22,13,-1.274092047731456,-1.1435385715303572,0.1305534762010987,1784346617.564951,1784346618.997322,1784346618.2811365,0.469383127,"[dac] CH_A set to -1.143 V (code=29021)
"
433,22,14,-1.1435385715303572,-1.0129850953292585,0.1305534762010987,1784346618.9975228,1784346620.4288352,1784346619.713179,0.539095151,"[dac] CH_A set to -1.013 V (code=29448)
"
434,22,15,-1.0129850953292585,-0.8824316191281598,0.1305534762010987,1784346620.429075,1784346621.872979,1784346621.151027,0.608807176,"[dac] CH_A set to -0.882 V (code=29876)
"
435,22,16,-0.8824316191281598,-0.7518781429270609,0.13055347620109892,1784346621.8732128,1784346623.298104,1784346622.5856586,0.687903511,"[dac] CH_A set to -0.752 V (code=30304)
"
436,22,17,-0.7518781429270609,-0.6213246667259624,0.13055347620109847,1784346623.299157,1784346624.723979,1784346624.011568,0.722759524,"[dac] CH_A set to -0.621 V (code=30732)
"
437,22,18,-0.6213246667259624,-0.49077119052486395,0.13055347620109847,1784346624.72419,1784346626.161619,1784346625.4429045,0.803196475,"[dac] CH_A set to -0.491 V (code=31159)
"
438,22,19,-0.49077119052486395,-0.36021771432376504,0.13055347620109892,1784346626.161885,1784346627.597085,1784346626.8794851,0.851458646,"[dac] CH_A set to -0.360 V (code=31587)
"
439,22,20,-0.36021771432376504,-0.22966423812266612,0.13055347620109892,1784346627.597305,1784346629.0286279,1784346628.3129663,0.926533134,"[dac] CH_A set to -0.230 V (code=32015)
"
440,22,21,-0.22966423812266612,-0.09911076192156765,0.13055347620109847,1784346629.0289228,1784346630.469706,1784346629.7493143,1.00428885,"[dac] CH_A set to -0.099 V (code=32443)
"
441,22,22,-0.09911076192156765,0.031442714279530826,0.13055347620109847,1784346630.470117,1784346631.901983,1784346631.18605,1.07400088,"[dac] CH_A set to +0.031 V (code=32870)
"
442,22,23,0.031442714279530826,0.16199619048062974,0.13055347620109892,1784346631.9024692,1784346633.3369741,1784346632.6197217,1.09813196,"[dac] CH_A set to +0.162 V (code=33298)
"
443,22,24,0.16199619048062974,0.29254966668172866,0.13055347620109892,1784346633.3371809,1784346634.770547,1784346634.053864,1.16114091,"[dac] CH_A set to +0.292 V (code=33726)
"
444,22,25,0.29254966668172866,0.42310314288282713,0.13055347620109847,1784346634.770824,1784346636.187147,1784346635.4789853,1.24828094,"[dac] CH_A set to +0.423 V (code=34154)
"
445,22,26,0.42310314288282713,0.5536566190839256,0.13055347620109847,1784346636.187401,1784346637.620589,1784346636.903995,1.33542097,"[dac] CH_A set to +0.554 V (code=34582)
"
446,22,27,0.5536566190839256,0.6842100952850245,0.13055347620109892,1784346637.621032,1784346639.0705652,1784346638.3457985,1.34748651,"[dac] CH_A set to +0.684 V (code=35009)
"
447,22,28,0.6842100952850245,0.8147635714861234,0.13055347620109892,1784346639.0707688,1784346640.520622,1784346639.7956953,1.42122038,"[dac] CH_A set to +0.815 V (code=35437)
"
448,22,29,0.8147635714861234,0.9453170476872219,0.13055347620109847,1784346640.520878,1784346641.945647,1784346641.2332625,1.46277948,"[dac] CH_A set to +0.945 V (code=35865)
"
449,22,30,0.9453170476872219,1.0758705238883204,0.13055347620109847,1784346641.945914,1784346643.3818738,1784346642.663894,1.50031672,"[dac] CH_A set to +1.076 V (code=36293)
"
450,22,31,1.0758705238883204,1.2064240000894193,0.13055347620109892,1784346643.3821151,1784346644.8037581,1784346644.0929365,1.55394135,"[dac] CH_A set to +1.206 V (code=36721)
"
451,22,32,1.2064240000894193,1.3369774762905182,0.13055347620109892,1784346644.803997,1784346646.238271,1784346645.521134,1.59684106,"[dac] CH_A set to +1.337 V (code=37149)
"
452,22,33,1.3369774762905182,1.4675309524916171,0.13055347620109892,1784346646.238485,1784346647.685635,1784346646.96206,1.61560968,"[dac] CH_A set to +1.467 V (code=37576)
"
453,22,34,1.4675309524916171,1.5980844286927152,0.13055347620109803,1784346647.685847,1784346649.1127522,1784346648.3992996,1.65716878,"[dac] CH_A set to +1.598 V (code=38004)
"
454,22,35,1.5980844286927152,1.728637904893814,0.13055347620109892,1784346649.1129842,1784346650.545506,1784346649.829245,1.67727801,"[dac] CH_A set to +1.729 V (code=38432)
"
455,22,36,1.728637904893814,1.859191381094913,0.13055347620109892,1784346650.5457332,1784346651.987147,1784346651.2664402,1.69068417,"[dac] CH_A set to +1.859 V (code=38860)
"
456,22,37,1.859191381094913,1.989744857296011,0.13055347620109803,1784346651.987366,1784346653.414486,1784346652.7009258,1.70006848,"[dac] CH_A set to +1.990 V (code=39287)
"
457,22,38,1.989744857296011,2.12029833349711,0.13055347620109892,1784346653.4147289,1784346654.8547242,1784346654.1347265,1.70543095,"[dac] CH_A set to +2.120 V (code=39715)
"
458,22,39,2.12029833349711,2.250851809698209,0.13055347620109892,1784346654.854937,1784346656.281344,1784346655.5681405,1.70543095,"[dac] CH_A set to +2.251 V (code=40143)
"
459,22,40,2.250851809698209,2.3814052858993078,0.13055347620109892,1784346656.2816188,1784346657.703836,1784346656.9927273,1.71749649,"[dac] CH_A set to +2.381 V (code=40571)
"
460,22,41,2.3814052858993078,2.5119587621004067,0.13055347620109892,1784346657.7040792,1784346659.136241,1784346658.42016,1.68800294,"[dac] CH_A set to +2.512 V (code=40999)
"
461,22,42,2.5119587621004067,2.6425122383015047,0.13055347620109803,1784346659.136462,1784346660.5705779,1784346659.85352,1.67861863,"[dac] CH_A set to +2.642 V (code=41426)
"
462,22,43,2.6425122383015047,2.7730657145026036,0.13055347620109892,1784346660.5708108,1784346661.998778,1784346661.2847943,1.65180631,"[dac] CH_A set to +2.773 V (code=41854)
"
463,22,44,2.7730657145026036,2.9036191907037026,0.13055347620109892,1784346661.998996,1784346663.444504,1784346662.72175,1.65448754,"[dac] CH_A set to +2.904 V (code=42282)
"
464,22,45,2.9036191907037026,3.0341726669048006,0.13055347620109803,1784346663.444702,1784346664.870592,1784346664.1576471,1.59818168,"[dac] CH_A set to +3.034 V (code=42710)
"
465,22,46,3.0341726669048006,3.1647261431058995,0.13055347620109892,1784346664.870882,1784346666.3195462,1784346665.5952141,1.58745675,"[dac] CH_A set to +3.165 V (code=43137)
"
466,22,47,3.1647261431058995,3.2952796193069984,0.13055347620109892,1784346666.319763,1784346667.7593348,1784346667.0395489,1.54991951,"[dac] CH_A set to +3.295 V (code=43565)
"
467,22,48,3.2952796193069984,3.4258330955080973,0.13055347620109892,1784346667.7596202,1784346669.200633,1784346668.4801266,1.49763549,"[dac] CH_A set to +3.426 V (code=43993)
"
468,22,49,3.4258330955080973,3.5563865717091963,0.13055347620109892,1784346669.2008371,1784346670.636737,1784346669.918787,1.45875763,"[dac] CH_A set to +3.556 V (code=44421)
"
469,22,50,3.5563865717091963,3.6869400479102943,0.13055347620109803,1784346670.636933,1784346672.076683,1784346671.3568082,1.39574868,"[dac] CH_A set to +3.687 V (code=44849)
"
470,22,51,3.6869400479102943,3.817493524111393,0.13055347620109892,1784346672.0769038,1784346673.4987688,1784346672.7878363,1.3635739,"[dac] CH_A set to +3.818 V (code=45276)
"
471,22,52,3.817493524111393,3.948047000312492,0.13055347620109892,1784346673.499007,1784346674.9300659,1784346674.2145364,1.27777449,"[dac] CH_A set to +3.948 V (code=45704)
"
472,22,53,3.948047000312492,4.07860047651359,0.13055347620109803,1784346674.9302778,1784346676.3724532,1784346675.6513655,1.22012801,"[dac] CH_A set to +4.079 V (code=46132)
"
473,22,54,4.07860047651359,4.209153952714689,0.13055347620109892,1784346676.372673,1784346677.8043,1784346677.0884867,1.18527199,"[dac] CH_A set to +4.209 V (code=46560)
"
474,22,55,4.209153952714689,4.339707428915788,0.13055347620109892,1784346677.804544,1784346679.2419672,1784346678.5232556,1.10349443,"[dac] CH_A set to +4.340 V (code=46988)
"
475,22,56,4.339707428915788,4.470260905116887,0.13055347620109892,1784346679.242154,1784346680.6619809,1784346679.9520674,1.03914487,"[dac] CH_A set to +4.470 V (code=47416)
"
476,22,57,4.470260905116887,4.600814381317986,0.13055347620109892,1784346680.6621969,1784346682.0874119,1784346681.3748045,0.986860847,"[dac] CH_A set to +4.601 V (code=47843)
"
477,22,58,4.600814381317986,4.731367857519084,0.13055347620109803,1784346682.087926,1784346683.520704,1784346682.804315,0.919830055,"[dac] CH_A set to +4.731 V (code=48271)
"
478,23,0,4.600814381317985,4.5355376432174355,-0.06527673810054946,1784346712.071006,1784346713.499136,1784346712.785071,0.977476536,"[dac] CH_A set to +4.536 V (code=47629)
"
479,23,1,4.5355376432174355,4.470260905116886,-0.06527673810054946,1784346713.5002859,1784346714.948193,1784346714.2242393,0.984179616,"[dac] CH_A set to +4.470 V (code=47416)
"
480,24,0,4.600814381317985,4.470260905116886,-0.13055347620109892,1784346743.4543848,1784346744.8965719,1784346744.1754785,0.952004835,"[dac] CH_A set to +4.470 V (code=47416)
"
481,24,1,4.470260905116886,4.339707428915788,-0.13055347620109803,1784346744.8977358,1784346746.334692,1784346745.6162138,1.0418261,"[dac] CH_A set to +4.340 V (code=46988)
"
482,24,2,4.339707428915788,4.209153952714689,-0.13055347620109892,1784346746.334901,1784346747.7546399,1784346747.0447705,1.12092243,"[dac] CH_A set to +4.209 V (code=46560)
"
483,24,3,4.209153952714689,4.07860047651359,-0.13055347620109892,1784346747.754903,1784346749.188019,1784346748.471461,1.15443783,"[dac] CH_A set to +4.079 V (code=46132)
"
484,24,4,4.07860047651359,3.9480470003124917,-0.13055347620109847,1784346749.188357,1784346750.6045198,1784346749.8964386,1.21476554,"[dac] CH_A set to +3.948 V (code=45704)
"
485,24,5,3.9480470003124917,3.817493524111393,-0.13055347620109847,1784346750.604751,1784346752.0459158,1784346751.3253336,1.2616871,"[dac] CH_A set to +3.818 V (code=45276)
"
486,24,6,3.817493524111393,3.6869400479102943,-0.13055347620109892,1784346752.046199,1784346753.485891,1784346752.766045,1.3461459,"[dac] CH_A set to +3.687 V (code=44849)
"
487,24,7,3.6869400479102943,3.5563865717091954,-0.13055347620109892,1784346753.486974,1784346754.911564,1784346754.199269,1.36893637,"[dac] CH_A set to +3.556 V (code=44421)
"
488,24,8,3.5563865717091954,3.425833095508097,-0.13055347620109847,1784346754.911781,1784346756.3476732,1784346755.6297271,1.42390162,"[dac] CH_A set to +3.426 V (code=43993)
"
489,24,9,3.425833095508097,3.2952796193069984,-0.13055347620109847,1784346756.347905,1784346757.778048,1784346757.0629764,1.4989761,"[dac] CH_A set to +3.295 V (code=43565)
"
490,24,10,3.2952796193069984,3.1647261431058995,-0.13055347620109892,1784346757.778249,1784346759.222594,1784346758.5004215,1.5324915,"[dac] CH_A set to +3.165 V (code=43137)
"
491,24,11,3.1647261431058995,3.034172666904801,-0.13055347620109847,1784346759.2228348,1784346760.662152,1784346759.9424934,1.54455704,"[dac] CH_A set to +3.034 V (code=42710)
"
492,24,12,3.034172666904801,2.9036191907037026,-0.13055347620109847,1784346760.6632268,1784346762.1073222,1784346761.3852744,1.57405059,"[dac] CH_A set to +2.904 V (code=42282)
"
493,24,13,2.9036191907037026,2.7730657145026036,-0.13055347620109892,1784346762.107541,1784346763.5344021,1784346762.8209715,1.6169503,"[dac] CH_A set to +2.773 V (code=41854)
"
494,25,0,2.9036191907037026,2.968895928804252,0.06527673810054946,1784346792.0238662,1784346793.453503,1784346792.7386847,1.5914786,"[dac] CH_A set to +2.969 V (code=42496)
"
495,25,1,2.968895928804252,3.0341726669048015,0.06527673810054946,1784346793.4537,1784346794.8883488,1784346794.1710243,1.53651335,"[dac] CH_A set to +3.034 V (code=42710)
"
496,26,0,2.9036191907037026,2.7730657145026036,-0.13055347620109892,1784346823.322277,1784346824.7655098,1784346824.0438933,1.61963153,"[dac] CH_A set to +2.773 V (code=41854)
"
497,26,1,2.7730657145026036,2.642512238301505,-0.13055347620109847,1784346824.766725,1784346826.207649,1784346825.487187,1.65582816,"[dac] CH_A set to +2.642 V (code=41426)
"
498,26,2,2.642512238301505,2.5119587621004067,-0.13055347620109847,1784346826.207838,1784346827.638953,1784346826.9233956,1.68129986,"[dac] CH_A set to +2.512 V (code=40999)
"
499,26,3,2.5119587621004067,2.3814052858993078,-0.13055347620109892,1784346827.639143,1784346829.064907,1784346828.352025,1.71347464,"[dac] CH_A set to +2.381 V (code=40571)
"
500,26,4,2.3814052858993078,2.250851809698209,-0.13055347620109892,1784346829.065134,1784346830.503691,1784346829.7844124,1.70945279,"[dac] CH_A set to +2.251 V (code=40143)
"
501,26,5,2.250851809698209,2.1202983334971104,-0.13055347620109847,1784346830.50394,1784346831.934866,1784346831.219403,1.71749649,"[dac] CH_A set to +2.120 V (code=39715)
"
502,26,6,2.1202983334971104,1.9897448572960117,-0.1305534762010987,1784346831.935095,1784346833.3871412,1784346832.661118,1.7014091,"[dac] CH_A set to +1.990 V (code=39287)
"
503,26,7,1.9897448572960117,1.859191381094913,-0.1305534762010987,1784346833.3875682,1784346834.8164601,1784346834.102014,1.69470602,"[dac] CH_A set to +1.859 V (code=38860)
"
504,26,8,1.859191381094913,1.7286379048938143,-0.1305534762010987,1784346834.8166778,1784346836.26219,1784346835.539434,1.6933654,"[dac] CH_A set to +1.729 V (code=38432)
"
505,26,9,1.7286379048938143,1.5980844286927156,-0.1305534762010987,1784346836.2625742,1784346837.698466,1784346836.9805202,1.68264048,"[dac] CH_A set to +1.598 V (code=38004)
"
506,26,10,1.5980844286927156,1.467530952491617,-0.1305534762010987,1784346837.699609,1784346839.1455019,1784346838.4225554,1.63840015,"[dac] CH_A set to +1.467 V (code=37576)
"
507,26,11,1.467530952491617,1.3369774762905182,-0.1305534762010987,1784346839.145752,1784346840.5644102,1784346839.855081,1.6504657,"[dac] CH_A set to +1.337 V (code=37149)
"
508,26,12,1.3369774762905182,1.2064240000894195,-0.1305534762010987,1784346840.564619,1784346842.000331,1784346841.282475,1.63035646,"[dac] CH_A set to +1.206 V (code=36721)
"
509,26,13,1.2064240000894195,1.0758705238883208,-0.1305534762010987,1784346842.000545,1784346843.4289112,1784346842.714728,1.59013798,"[dac] CH_A set to +1.076 V (code=36293)
"
510,26,14,1.0758705238883208,0.9453170476872221,-0.1305534762010987,1784346843.4290931,1784346844.861637,1784346844.1453652,1.5660069,"[dac] CH_A set to +0.945 V (code=35865)
"
511,26,15,0.9453170476872221,0.8147635714861234,-0.1305534762010987,1784346844.861826,1784346846.31022,1784346845.5860229,1.51774473,"[dac] CH_A set to +0.815 V (code=35437)
"
512,26,16,0.8147635714861234,0.6842100952850245,-0.13055347620109892,1784346846.311372,1784346847.752518,1784346847.031945,1.45339517,"[dac] CH_A set to +0.684 V (code=35009)
"
513,26,17,0.6842100952850245,0.553656619083926,-0.13055347620109847,1784346847.752728,1784346849.180969,1784346848.4668484,1.42524223,"[dac] CH_A set to +0.554 V (code=34582)
"
514,26,18,0.553656619083926,0.4231031428828276,-0.13055347620109847,1784346849.181202,1784346850.612263,1784346849.8967323,1.35821144,"[dac] CH_A set to +0.423 V (code=34154)
"
515,26,19,0.4231031428828276,0.29254966668172866,-0.13055347620109892,1784346850.6124952,1784346852.062263,1784346851.337379,1.27643387,"[dac] CH_A set to +0.292 V (code=33726)
"
516,26,20,0.29254966668172866,0.16199619048062974,-0.13055347620109892,1784346852.062548,1784346853.486816,1784346852.774682,1.25632463,"[dac] CH_A set to +0.162 V (code=33298)
"
517,26,21,0.16199619048062974,0.03144271427953127,-0.13055347620109847,1784346853.487891,1784346854.929229,1784346854.20856,1.18661261,"[dac] CH_A set to +0.031 V (code=32870)
"
518,26,22,0.03144271427953127,-0.0991107619215672,-0.13055347620109847,1784346854.9294999,1784346856.359781,1784346855.6446404,1.13835044,"[dac] CH_A set to -0.099 V (code=32443)
"
519,26,23,-0.0991107619215672,-0.22966423812266612,-0.13055347620109892,1784346856.360034,1784346857.803964,1784346857.0819988,1.05389164,"[dac] CH_A set to -0.230 V (code=32015)
"
520,26,24,-0.22966423812266612,-0.36021771432376504,-0.13055347620109892,1784346857.8047051,1784346859.237509,1784346858.5211072,1.01233255,"[dac] CH_A set to -0.360 V (code=31587)
"
521,26,25,-0.36021771432376504,-0.4907711905248635,-0.13055347620109847,1784346859.237781,1784346860.677353,1784346859.957567,0.947982988,"[dac] CH_A set to -0.491 V (code=31159)
"
522,26,26,-0.4907711905248635,-0.621324666725962,-0.13055347620109847,1784346860.6784189,1784346862.120699,1784346861.399559,0.884974042,"[dac] CH_A set to -0.621 V (code=30732)
"
523,26,27,-0.621324666725962,-0.7518781429270609,-0.13055347620109892,1784346862.120905,1784346863.553988,1784346862.8374465,0.809899554,"[dac] CH_A set to -0.752 V (code=30304)
"
524,26,28,-0.7518781429270609,-0.8824316191281598,-0.13055347620109892,1784346863.554197,1784346865.003819,1784346864.279008,0.771021695,"[dac] CH_A set to -0.882 V (code=29876)
"
525,26,29,-0.8824316191281598,-1.0129850953292583,-0.13055347620109847,1784346865.004056,1784346866.4531991,1784346865.7286277,0.66243181,"[dac] CH_A set to -1.013 V (code=29448)
"
526,26,30,-1.0129850953292583,-1.1435385715303568,-0.13055347620109847,1784346866.4534311,1784346867.8906019,1784346867.1720166,0.600763481,"[dac] CH_A set to -1.143 V (code=29021)
"
527,27,0,-1.2740920477314557,-1.3393687858320051,-0.06527673810054946,1784346896.412837,1784346897.862638,1784346897.1377375,0.512282834,"[dac] CH_A set to -1.339 V (code=28379)
"
528,27,1,-1.3393687858320051,-1.4046455239325546,-0.06527673810054946,1784346897.8628569,1784346899.296354,1784346898.5796056,0.47474559,"[dac] CH_A set to -1.405 V (code=28165)
"
529,28,0,-1.2740920477314557,-1.2740920477314557,0.0,1784346927.8530529,1784346929.292634,1784346928.5728436,0.51362345,"[dac] CH_A set to -1.274 V (code=28593)
"
530,29,0,-1.1435385715303568,-1.0782618334298073,0.06527673810054946,1784346957.813966,1784346959.235589,1784346958.5247774,0.579313627,"[dac] CH_A set to -1.078 V (code=29234)
"
531,29,1,-1.0782618334298073,-1.0129850953292578,0.06527673810054946,1784346959.235789,1784346960.662785,1784346959.949287,0.59137917,"[dac] CH_A set to -1.013 V (code=29448)
"
532,30,0,-1.1435385715303568,-1.012985095329258,0.1305534762010987,1784346989.1619892,1784346990.597564,1784346989.8797765,0.611488408,"[dac] CH_A set to -1.013 V (code=29448)
"
533,30,1,-1.012985095329258,-0.8824316191281594,0.1305534762010987,1784346990.59861,1784346992.0257962,1784346991.312203,0.66243181,"[dac] CH_A set to -0.882 V (code=29876)
"
534,30,2,-0.8824316191281594,-0.7518781429270607,0.1305534762010987,1784346992.026052,1784346993.448676,1784346992.737364,0.734825066,"[dac] CH_A set to -0.752 V (code=30304)
"
535,30,3,-0.7518781429270607,-0.621324666725962,0.1305534762010987,1784346993.4489348,1784346994.866157,1784346994.157546,0.792471548,"[dac] CH_A set to -0.621 V (code=30732)
"
536,30,4,-0.621324666725962,-0.4907711905248633,0.1305534762010987,1784346994.866387,1784346996.309373,1784346995.58788,0.844755567,"[dac] CH_A set to -0.491 V (code=31159)
"
537,30,5,-0.4907711905248633,-0.3602177143237646,0.1305534762010987,1784346996.309609,1784346997.740098,1784346997.0248535,0.930554981,"[dac] CH_A set to -0.360 V (code=31587)
"
538,30,6,-0.3602177143237646,-0.2296642381226659,0.1305534762010987,1784346997.740503,1784346999.177964,1784346998.4592335,1.00294824,"[dac] CH_A set to -0.230 V (code=32015)
"
539,30,7,-0.2296642381226659,-0.0991107619215672,0.1305534762010987,1784346999.1781561,1784347000.611804,1784346999.89498,1.05657287,"[dac] CH_A set to -0.099 V (code=32443)
"
540,30,8,-0.0991107619215672,0.03144271427953149,0.1305534762010987,1784347000.612064,1784347002.047316,1784347001.32969,1.07400088,"[dac] CH_A set to +0.031 V (code=32870)
"
541,30,9,0.03144271427953149,0.1619961904806302,0.1305534762010987,1784347002.047576,1784347003.486614,1784347002.767095,1.18527199,"[dac] CH_A set to +0.162 V (code=33298)
"
542,30,10,0.1619961904806302,0.2925496666817289,0.1305534762010987,1784347003.486819,1784347004.915065,1784347004.200942,1.23487478,"[dac] CH_A set to +0.292 V (code=33726)
"
543,30,11,0.2925496666817289,0.4231031428828276,0.1305534762010987,1784347004.9161851,1784347006.34581,1784347005.6309977,1.30458681,"[dac] CH_A set to +0.423 V (code=34154)
"
544,30,12,0.4231031428828276,0.5536566190839263,0.1305534762010987,1784347006.346024,1784347007.787487,1784347007.0667555,1.34078343,"[dac] CH_A set to +0.554 V (code=34582)
"
545,30,13,0.5536566190839263,0.684210095285025,0.1305534762010987,1784347007.787724,1784347009.236964,1784347008.512344,1.39038622,"[dac] CH_A set to +0.684 V (code=35009)
"
546,30,14,0.684210095285025,0.8147635714861237,0.1305534762010987,1784347009.2371898,1784347010.6790211,1784347009.9581056,1.45071393,"[dac] CH_A set to +0.815 V (code=35437)
"
547,30,15,0.8147635714861237,0.9453170476872224,0.1305534762010987,1784347010.6793642,1784347012.107061,1784347011.3932126,1.48691056,"[dac] CH_A set to +0.945 V (code=35865)
"
548,30,16,0.9453170476872224,1.0758705238883213,0.13055347620109892,1784347012.108156,1784347013.5475469,1784347012.8278513,1.54321643,"[dac] CH_A set to +1.076 V (code=36293)
"
549,30,17,1.0758705238883213,1.2064240000894197,0.13055347620109847,1784347013.5478342,1784347014.978091,1784347014.2629626,1.56064443,"[dac] CH_A set to +1.206 V (code=36721)
"
550,30,18,1.2064240000894197,1.3369774762905182,0.13055347620109847,1784347014.9783092,1784347016.427393,1784347015.702851,1.6169503,"[dac] CH_A set to +1.337 V (code=37149)
"
551,30,19,1.3369774762905182,1.4675309524916171,0.13055347620109892,1784347016.4276018,1784347017.870527,1784347017.1490645,1.62097215,"[dac] CH_A set to +1.467 V (code=37576)
"
552,30,20,1.4675309524916171,1.598084428692716,0.13055347620109892,1784347017.87079,1784347019.302176,1784347018.586483,1.68666232,"[dac] CH_A set to +1.598 V (code=38004)
"
553,30,21,1.598084428692716,1.7286379048938145,0.13055347620109847,1784347019.303203,1784347020.737228,1784347020.0202155,1.64644385,"[dac] CH_A set to +1.729 V (code=38432)
"
554,30,22,1.7286379048938145,1.859191381094913,0.13055347620109847,1784347020.737474,1784347022.1771252,1784347021.4572997,1.71213403,"[dac] CH_A set to +1.859 V (code=38860)
"
555,30,23,1.859191381094913,1.989744857296012,0.13055347620109892,1784347022.177542,1784347023.622459,1784347022.9000006,1.71213403,"[dac] CH_A set to +1.990 V (code=39287)
"
556,30,24,1.989744857296012,2.120298333497111,0.13055347620109892,1784347023.622895,1784347025.061913,1784347024.342404,1.7014091,"[dac] CH_A set to +2.120 V (code=39715)
"
557,30,25,2.120298333497111,2.2508518096982093,0.13055347620109847,1784347025.062141,1784347026.505394,1784347025.7837675,1.70945279,"[dac] CH_A set to +2.251 V (code=40143)
"
558,30,26,2.2508518096982093,2.3814052858993078,0.13055347620109847,1784347026.505643,1784347027.938282,1784347027.2219625,1.69738725,"[dac] CH_A set to +2.381 V (code=40571)
"
559,30,27,2.3814052858993078,2.5119587621004067,0.13055347620109892,1784347027.939327,1784347029.3861492,1784347028.662738,1.66655309,"[dac] CH_A set to +2.512 V (code=40999)
"
560,30,28,2.5119587621004067,2.6425122383015056,0.13055347620109892,1784347029.386359,1784347030.8289652,1784347030.1076622,1.6678937,"[dac] CH_A set to +2.642 V (code=41426)
"
561,30,29,2.6425122383015056,2.773065714502604,0.13055347620109847,1784347030.829181,1784347032.257195,1784347031.543188,1.642422,"[dac] CH_A set to +2.773 V (code=41854)
"
562,30,30,2.773065714502604,2.9036191907037026,0.13055347620109847,1784347032.2573938,1784347033.680703,1784347032.9690485,1.64108139,"[dac] CH_A set to +2.904 V (code=42282)
"
563,31,0,2.7730657145026036,2.707788976402054,-0.06527673810054946,1784347062.187551,1784347063.613056,1784347062.9003034,1.63974077,"[dac] CH_A set to +2.708 V (code=41640)
"
564,31,1,2.707788976402054,2.6425122383015047,-0.06527673810054946,1784347063.613594,1784347065.0480871,1784347064.3308406,1.65716878,"[dac] CH_A set to +2.642 V (code=41426)
"
565,32,0,2.7730657145026036,2.9036191907037026,0.13055347620109892,1784347093.5767229,1784347095.013612,1784347094.2951674,1.61158784,"[dac] CH_A set to +2.904 V (code=42282)
"
566,32,1,2.9036191907037026,3.034172666904801,0.13055347620109847,1784347095.0139189,1784347096.447953,1784347095.730936,1.5834349,"[dac] CH_A set to +3.034 V (code=42710)
"
567,32,2,3.034172666904801,3.1647261431058995,0.13055347620109847,1784347096.448191,1784347097.889174,1784347097.1686826,1.55260074,"[dac] CH_A set to +3.165 V (code=43137)
"
568,32,3,3.1647261431058995,3.2952796193069984,0.13055347620109892,1784347097.889442,1784347099.329501,1784347098.6094713,1.49093241,"[dac] CH_A set to +3.295 V (code=43565)
"
569,32,4,3.2952796193069984,3.4258330955080973,0.13055347620109892,1784347099.3298,1784347100.754476,1784347100.042138,1.43864839,"[dac] CH_A set to +3.426 V (code=43993)
"
570,32,5,3.4258330955080973,3.556386571709196,0.13055347620109847,1784347100.754699,1784347102.198368,1784347101.4765334,1.36491452,"[dac] CH_A set to +3.556 V (code=44421)
"
571,32,6,3.556386571709196,3.6869400479102943,0.13055347620109847,1784347102.2062268,1784347103.641067,1784347102.923647,1.33944282,"[dac] CH_A set to +3.687 V (code=44849)
"
572,32,7,3.6869400479102943,3.817493524111393,0.13055347620109892,1784347103.641275,1784347105.056489,1784347104.348882,1.28984003,"[dac] CH_A set to +3.818 V (code=45276)
"
573,33,0,3.948047000312492,4.013323738413042,0.06527673810054946,1784347133.511287,1784347134.936088,1784347134.2236876,1.18393138,"[dac] CH_A set to +4.013 V (code=45918)
"
574,33,1,4.013323738413042,4.078600476513591,0.06527673810054946,1784347134.936482,1784347136.367413,1784347135.6519475,1.16650337,"[dac] CH_A set to +4.079 V (code=46132)
"
575,34,0,3.948047000312492,3.817493524111393,-0.13055347620109892,1784347164.8448908,1784347166.270279,1784347165.5575848,1.25498402,"[dac] CH_A set to +3.818 V (code=45276)
"
576,34,1,3.817493524111393,3.6869400479102947,-0.13055347620109847,1784347166.2713442,1784347167.688944,1784347166.980144,1.30860865,"[dac] CH_A set to +3.687 V (code=44849)
"
577,34,2,3.6869400479102947,3.5563865717091963,-0.13055347620109847,1784347167.689159,1784347169.120264,1784347168.4047115,1.35955206,"[dac] CH_A set to +3.556 V (code=44421)
"
578,34,3,3.5563865717091963,3.4258330955080973,-0.13055347620109892,1784347169.12047,1784347170.556617,1784347169.8385434,1.39574868,"[dac] CH_A set to +3.426 V (code=43993)
"
579,34,4,3.4258330955080973,3.2952796193069984,-0.13055347620109892,1784347170.556976,1784347171.9841988,1784347171.2705874,1.46143886,"[dac] CH_A set to +3.295 V (code=43565)
"
580,34,5,3.2952796193069984,3.1647261431059,-0.13055347620109847,1784347171.984458,1784347173.419456,1784347172.701957,1.52042596,"[dac] CH_A set to +3.165 V (code=43137)
"
581,34,6,3.1647261431059,3.0341726669048015,-0.13055347620109847,1784347173.419658,1784347174.855607,1784347174.1376324,1.50970103,"[dac] CH_A set to +3.034 V (code=42710)
"
582,34,7,3.0341726669048015,2.9036191907037026,-0.13055347620109892,1784347174.856073,1784347176.293368,1784347175.5747204,1.58075367,"[dac] CH_A set to +2.904 V (code=42282)
"
583,34,8,2.9036191907037026,2.7730657145026036,-0.13055347620109892,1784347176.293571,1784347177.7268732,1784347177.010222,1.61024722,"[dac] CH_A set to +2.773 V (code=41854)
"
584,34,9,2.7730657145026036,2.642512238301505,-0.13055347620109847,1784347177.7270699,1784347179.178675,1784347178.4528723,1.63169707,"[dac] CH_A set to +2.642 V (code=41426)
"
585,34,10,2.642512238301505,2.5119587621004067,-0.13055347620109847,1784347179.17897,1784347180.628736,1784347179.903853,1.66521247,"[dac] CH_A set to +2.512 V (code=40999)
"
586,34,11,2.5119587621004067,2.3814052858993078,-0.13055347620109892,1784347180.629154,1784347182.07259,1784347181.350872,1.68129986,"[dac] CH_A set to +2.381 V (code=40571)
"
587,34,12,2.3814052858993078,2.250851809698209,-0.13055347620109892,1784347182.073618,1784347183.516441,1784347182.7950296,1.69202479,"[dac] CH_A set to +2.251 V (code=40143)
"
588,34,13,2.250851809698209,2.1202983334971104,-0.13055347620109847,1784347183.5166268,1784347184.935689,1784347184.226158,1.72419957,"[dac] CH_A set to +2.120 V (code=39715)
"
589,34,14,2.1202983334971104,1.9897448572960117,-0.1305534762010987,1784347184.935922,1784347186.370382,1784347185.653152,1.7268808,"[dac] CH_A set to +1.990 V (code=39287)
"
590,34,15,1.9897448572960117,1.859191381094913,-0.1305534762010987,1784347186.370687,1784347187.8035321,1784347187.0871096,1.70006848,"[dac] CH_A set to +1.859 V (code=38860)
"
591,34,16,1.859191381094913,1.728637904893814,-0.13055347620109892,1784347187.8038661,1784347189.2392268,1784347188.5215464,1.68934356,"[dac] CH_A set to +1.729 V (code=38432)
"
592,34,17,1.728637904893814,1.5980844286927156,-0.13055347620109847,1784347189.23944,1784347190.670413,1784347189.9549265,1.70006848,"[dac] CH_A set to +1.598 V (code=38004)
"
593,34,18,1.5980844286927156,1.4675309524916171,-0.13055347620109847,1784347190.670645,1784347192.120405,1784347191.395525,1.67325617,"[dac] CH_A set to +1.467 V (code=37576)
"
594,34,19,1.4675309524916171,1.3369774762905182,-0.13055347620109892,1784347192.120623,1784347193.563495,1784347192.8420591,1.68264048,"[dac] CH_A set to +1.337 V (code=37149)
"
595,34,20,1.3369774762905182,1.2064240000894193,-0.13055347620109892,1784347193.564579,1784347195.001062,1784347194.2828205,1.61292845,"[dac] CH_A set to +1.206 V (code=36721)
"
596,34,21,1.2064240000894193,1.0758705238883208,-0.13055347620109847,1784347195.0012941,1784347196.439431,1784347195.7203627,1.6089066,"[dac] CH_A set to +1.076 V (code=36293)
"
597,34,22,1.0758705238883208,0.9453170476872224,-0.13055347620109847,1784347196.4396281,1784347197.8880389,1784347197.1638336,1.58075367,"[dac] CH_A set to +0.945 V (code=35865)
"
598,34,23,0.9453170476872224,0.8147635714861234,-0.13055347620109892,1784347197.888268,1784347199.3230982,1784347198.605683,1.55528197,"[dac] CH_A set to +0.815 V (code=35437)
"
599,34,24,0.8147635714861234,0.6842100952850245,-0.13055347620109892,1784347199.3233302,1784347200.753742,1784347200.038536,1.49361364,"[dac] CH_A set to +0.684 V (code=35009)
"
600,34,25,0.6842100952850245,0.553656619083926,-0.13055347620109847,1784347200.754847,1784347202.1929998,1784347201.4739234,1.45339517,"[dac] CH_A set to +0.554 V (code=34582)
"
601,34,26,0.553656619083926,0.4231031428828276,-0.13055347620109847,1784347202.193253,1784347203.6224298,1784347202.9078414,1.3970893,"[dac] CH_A set to +0.423 V (code=34154)
"
602,34,27,0.4231031428828276,0.29254966668172866,-0.13055347620109892,1784347203.622666,1784347205.052904,1784347204.3377848,1.33944282,"[dac] CH_A set to +0.292 V (code=33726)
"
603,34,28,0.29254966668172866,0.16199619048062974,-0.13055347620109892,1784347205.0530932,1784347206.4859588,1784347205.769526,1.26704956,"[dac] CH_A set to +0.162 V (code=33298)
"
604,34,29,0.16199619048062974,0.03144271427953127,-0.13055347620109847,1784347206.486165,1784347207.9053,1784347207.1957326,1.20672185,"[dac] CH_A set to +0.031 V (code=32870)
"
605,34,30,0.03144271427953127,-0.0991107619215672,-0.13055347620109847,1784347207.9055092,1784347209.3409212,1784347208.6232152,1.14907537,"[dac] CH_A set to -0.099 V (code=32443)
"
606,34,31,-0.0991107619215672,-0.22966423812266612,-0.13055347620109892,1784347209.3411882,1784347210.77349,1784347210.0573392,1.06461657,"[dac] CH_A set to -0.230 V (code=32015)
"
607,34,32,-0.22966423812266612,-0.36021771432376504,-0.13055347620109892,1784347210.773794,1784347212.2005582,1784347211.487176,1.01769501,"[dac] CH_A set to -0.360 V (code=31587)
"
608,34,33,-0.36021771432376504,-0.49077119052486395,-0.13055347620109892,1784347212.2008,1784347213.646671,1784347212.9237356,0.954686067,"[dac] CH_A set to -0.491 V (code=31159)
"
609,34,34,-0.49077119052486395,-0.621324666725962,-0.13055347620109803,1784347213.647892,1784347215.088387,1784347214.3681395,0.862183573,"[dac] CH_A set to -0.621 V (code=30732)
"
610,34,35,-0.621324666725962,-0.7518781429270609,-0.13055347620109892,1784347215.0885901,1784347216.517165,1784347215.8028774,0.815262018,"[dac] CH_A set to -0.752 V (code=30304)
"
611,34,36,-0.7518781429270609,-0.8824316191281598,-0.13055347620109892,1784347216.517463,1784347217.955873,1784347217.236668,0.75627492,"[dac] CH_A set to -0.882 V (code=29876)
"
612,34,37,-0.8824316191281598,-1.0129850953292578,-0.13055347620109803,1784347217.9562619,1784347219.38835,1784347218.672306,0.670475505,"[dac] CH_A set to -1.013 V (code=29448)
"
613,34,38,-1.0129850953292578,-1.1435385715303568,-0.13055347620109892,1784347219.388596,1784347220.8109162,1784347220.0997562,0.615510255,"[dac] CH_A set to -1.143 V (code=29021)
"
614,34,39,-1.1435385715303568,-1.2740920477314557,-0.13055347620109892,1784347220.8111439,1784347222.2420428,1784347221.5265932,0.573951164,"[dac] CH_A set to -1.274 V (code=28593)
"
615,34,40,-1.2740920477314557,-1.4046455239325546,-0.13055347620109892,1784347222.242251,1784347223.693535,1784347222.9678931,0.505579755,"[dac] CH_A set to -1.405 V (code=28165)
"
616,34,41,-1.4046455239325546,-1.5351990001336535,-0.13055347620109892,1784347223.694129,1784347225.125442,1784347224.4097855,0.446592657,"[dac] CH_A set to -1.535 V (code=27737)
"
617,34,42,-1.5351990001336535,-1.6657524763347515,-0.13055347620109803,1784347225.12567,1784347226.555029,1784347225.8403494,0.38090248,"[dac] CH_A set to -1.666 V (code=27309)
"
618,34,43,-1.6657524763347515,-1.7963059525358505,-0.13055347620109892,1784347226.555236,1784347227.9987998,1784347227.277018,0.316552919,"[dac] CH_A set to -1.796 V (code=26881)
"
619,34,44,-1.7963059525358505,-1.9268594287369494,-0.13055347620109892,1784347227.998997,1784347229.443842,1784347228.7214193,0.316552919,"[dac] CH_A set to -1.927 V (code=26454)
"
620,34,45,-1.9268594287369494,-2.0574129049380474,-0.13055347620109803,1784347229.4440398,1784347230.8801448,1784347230.1620922,0.238797199,"[dac] CH_A set to -2.057 V (code=26026)
"
621,34,46,-2.0574129049380474,-2.1879663811391463,-0.13055347620109892,1784347230.880333,1784347232.3114219,1784347231.5958774,0.201259955,"[dac] CH_A set to -2.188 V (code=25598)
"
622,35,0,-2.3185198573402452,-2.3837965954407947,-0.06527673810054946,1784347260.802197,1784347262.239611,1784347261.520904,0.12216362,"[dac] CH_A set to -2.384 V (code=24956)
"
623,35,1,-2.3837965954407947,-2.449073333541344,-0.06527673810054946,1784347262.240094,1784347263.6830301,1784347262.9615622,0.0792639125,"[dac] CH_A set to -2.449 V (code=24742)
"
624,36,0,-2.3185198573402452,-2.1879663811391468,0.13055347620109847,1784347292.1895611,1784347293.6172569,1784347292.903409,0.139591626,"[dac] CH_A set to -2.188 V (code=25598)
"
625,36,1,-2.1879663811391468,-2.057412904938048,0.13055347620109892,1784347293.61832,1784347295.0387762,1784347294.328548,0.203941187,"[dac] CH_A set to -2.057 V (code=26026)
"
626,36,2,-2.057412904938048,-1.9268594287369494,0.13055347620109847,1784347295.039031,1784347296.485534,1784347295.7622824,0.252203358,"[dac] CH_A set to -1.927 V (code=26454)
"
627,36,3,-1.9268594287369494,-1.7963059525358505,0.13055347620109892,1784347296.485763,1784347297.919054,1784347297.2024086,0.283037523,"[dac] CH_A set to -1.796 V (code=26881)
"
628,36,4,-1.7963059525358505,-1.665752476334752,0.13055347620109847,1784347297.9193459,1784347299.370615,1784347298.6449804,0.333980925,"[dac] CH_A set to -1.666 V (code=27309)
"
629,36,5,-1.665752476334752,-1.5351990001336533,0.1305534762010987,1784347299.370822,1784347300.811509,1784347300.0911655,0.370177553,"[dac] CH_A set to -1.535 V (code=27737)
"
630,36,6,-1.5351990001336533,-1.4046455239325546,0.1305534762010987,1784347300.812642,1784347302.239636,1784347301.526139,0.426483419,"[dac] CH_A set to -1.405 V (code=28165)
"
631,36,7,-1.4046455239325546,-1.274092047731456,0.1305534762010987,1784347302.239839,1784347303.672257,1784347302.956048,0.514964066,"[dac] CH_A set to -1.274 V (code=28593)
"
632,36,8,-1.274092047731456,-1.1435385715303572,0.1305534762010987,1784347303.6724632,1784347305.104258,1784347304.3883605,0.569929316,"[dac] CH_A set to -1.143 V (code=29021)
"
633,36,9,-1.1435385715303572,-1.0129850953292585,0.1305534762010987,1784347305.104537,1784347306.550602,1784347305.8275695,0.619532103,"[dac] CH_A set to -1.013 V (code=29448)
"
634,36,10,-1.0129850953292585,-0.8824316191281598,0.1305534762010987,1784347306.550862,1784347307.963649,1784347307.2572556,0.682541048,"[dac] CH_A set to -0.882 V (code=29876)
"
635,36,11,-0.8824316191281598,-0.7518781429270613,0.13055347620109847,1784347307.963895,1784347309.3898802,1784347308.6768875,0.741528146,"[dac] CH_A set to -0.752 V (code=30304)
"
636,36,12,-0.7518781429270613,-0.6213246667259626,0.1305534762010987,1784347309.3900821,1784347310.820333,1784347310.1052074,0.785768469,"[dac] CH_A set to -0.621 V (code=30732)
"
637,36,13,-0.6213246667259626,-0.49077119052486395,0.1305534762010987,1784347310.820639,1784347312.2509491,1784347311.535794,0.871567884,"[dac] CH_A set to -0.491 V (code=31159)
"
638,36,14,-0.49077119052486395,-0.36021771432376526,0.1305534762010987,1784347312.2514539,1784347313.6892009,1784347312.9703274,0.926533134,"[dac] CH_A set to -0.360 V (code=31587)
"
639,36,15,-0.36021771432376526,-0.22966423812266656,0.1305534762010987,1784347313.689464,1784347315.1158211,1784347314.4026427,1.01769501,"[dac] CH_A set to -0.230 V (code=32015)
"
640,36,16,-0.22966423812266656,-0.09911076192156809,0.13055347620109847,1784347315.1160269,1784347316.54239,1784347315.8292084,1.07534149,"[dac] CH_A set to -0.099 V (code=32443)
"
641,36,17,-0.09911076192156809,0.031442714279530826,0.13055347620109892,1784347316.5425951,1784347317.974208,1784347317.2584016,1.14639413,"[dac] CH_A set to +0.031 V (code=32870)
"
642,37,0,0.16199619048062974,0.2272729285811792,0.06527673810054946,1784347346.4692469,1784347347.910926,1784347347.1900864,1.2362154,"[dac] CH_A set to +0.227 V (code=33512)
"
643,37,1,0.2272729285811792,0.29254966668172866,0.06527673810054946,1784347347.912044,1784347349.3466911,1784347348.6293676,1.24559971,"[dac] CH_A set to +0.292 V (code=33726)
"
644,38,0,0.16199619048062974,0.2816702103316369,0.11967401985100717,1784347377.835042,1784347379.2692149,1784347378.5521283,1.24828094,"[dac] CH_A set to +0.282 V (code=33691)
"
645,38,1,0.2816702103316369,0.4013442301826441,0.11967401985100717,1784347379.269723,1784347380.6848772,1784347379.9773002,1.30458681,"[dac] CH_A set to +0.401 V (code=34082)
"
646,38,2,0.4013442301826441,0.5210182500336513,0.11967401985100723,1784347380.685059,1784347382.120738,1784347381.4028986,1.34212405,"[dac] CH_A set to +0.521 V (code=34475)
"
647,38,3,0.5210182500336513,0.6406922698846584,0.11967401985100712,1784347382.120946,1784347383.541779,1784347382.8313625,1.41719854,"[dac] CH_A set to +0.641 V (code=34867)
"
648,38,4,0.6406922698846584,0.7603662897356657,0.11967401985100723,1784347383.5422819,1784347384.977783,1784347384.2600324,1.4306047,"[dac] CH_A set to +0.760 V (code=35259)
"
649,38,5,0.7603662897356657,0.8800403095866729,0.11967401985100723,1784347384.978047,1784347386.409216,1784347385.6936314,1.4815481,"[dac] CH_A set to +0.880 V (code=35651)
"
650,38,6,0.8800403095866729,0.99971432943768,0.11967401985100712,1784347386.41028,1784347387.8360388,1784347387.1231594,1.51104165,"[dac] CH_A set to +1.000 V (code=36043)
"
651,38,7,0.99971432943768,1.1193883492886871,0.11967401985100712,1784347387.836364,1784347389.26036,1784347388.548362,1.55662259,"[dac] CH_A set to +1.119 V (code=36435)
"
652,38,8,1.1193883492886871,1.2390623691396945,0.11967401985100734,1784347389.260569,1784347390.70931,1784347389.9849396,1.57807244,"[dac] CH_A set to +1.239 V (code=36828)
"
653,38,9,1.2390623691396945,1.3587363889907016,0.11967401985100712,1784347390.70957,1784347392.144203,1784347391.4268866,1.61829092,"[dac] CH_A set to +1.359 V (code=37220)
"
654,38,10,1.3587363889907016,1.4784104088417087,0.11967401985100712,1784347392.1453729,1784347393.5787961,1784347392.8620844,1.62901584,"[dac] CH_A set to +1.478 V (code=37612)
"
655,38,11,1.4784104088417087,1.598084428692716,0.11967401985100734,1784347393.579011,1784347395.00434,1784347394.2916756,1.65314693,"[dac] CH_A set to +1.598 V (code=38004)
"
656,39,0,1.4675309524916171,1.4022542143910677,-0.06527673810054946,1784347423.498858,1784347424.923933,1784347424.2113955,1.62767523,"[dac] CH_A set to +1.402 V (code=37362)
"
657,39,1,1.4022542143910677,1.3369774762905182,-0.06527673810054946,1784347424.924196,1784347426.3715782,1784347425.6478872,1.62231276,"[dac] CH_A set to +1.337 V (code=37149)
"
658,40,0,1.4675309524916171,1.5980844286927158,0.1305534762010987,1784347454.847726,1784347456.277148,1784347455.562437,1.68532171,"[dac] CH_A set to +1.598 V (code=38004)
"
659,40,1,1.5980844286927158,1.7286379048938145,0.1305534762010987,1784347456.279068,1784347457.702603,1784347456.9908357,1.6759374,"[dac] CH_A set to +1.729 V (code=38432)
"
660,40,2,1.7286379048938145,1.8591913810949132,0.1305534762010987,1784347457.702792,1784347459.138004,1784347458.420398,1.68264048,"[dac] CH_A set to +1.859 V (code=38860)
"
661,40,3,1.8591913810949132,1.989744857296012,0.1305534762010987,1784347459.138207,1784347460.577137,1784347459.857672,1.70945279,"[dac] CH_A set to +1.990 V (code=39287)
"
662,40,4,1.989744857296012,2.120298333497111,0.13055347620109892,1784347460.577377,1784347462.006769,1784347461.292073,1.70811218,"[dac] CH_A set to +2.120 V (code=39715)
"
663,40,5,2.120298333497111,2.2508518096982093,0.13055347620109847,1784347462.007833,1784347463.426411,1784347462.717122,1.68398109,"[dac] CH_A set to +2.251 V (code=40143)
"
664,40,6,2.2508518096982093,2.3814052858993078,0.13055347620109847,1784347463.426629,1784347464.863369,1784347464.144999,1.68398109,"[dac] CH_A set to +2.381 V (code=40571)
"
665,40,7,2.3814052858993078,2.5119587621004067,0.13055347620109892,1784347464.863611,1784347466.29517,1784347465.5793905,1.67191555,"[dac] CH_A set to +2.512 V (code=40999)
"
666,40,8,2.5119587621004067,2.6425122383015056,0.13055347620109892,1784347466.2953768,1784347467.711703,1784347467.00354,1.64912508,"[dac] CH_A set to +2.642 V (code=41426)
"
667,40,9,2.6425122383015056,2.773065714502604,0.13055347620109847,1784347467.711943,1784347469.144259,1784347468.428101,1.6759374,"[dac] CH_A set to +2.773 V (code=41854)
"
668,40,10,2.773065714502604,2.9036191907037026,0.13055347620109847,1784347469.144632,1784347470.575377,1784347469.8600044,1.5914786,"[dac] CH_A set to +2.904 V (code=42282)
"
669,40,11,2.9036191907037026,3.0341726669048015,0.13055347620109892,1784347470.575583,1784347472.014817,1784347471.2951999,1.59550045,"[dac] CH_A set to +3.034 V (code=42710)
"
670,41,0,3.1647261431059004,3.23000288120645,0.06527673810054946,1784347500.535684,1784347501.982711,1784347501.2591977,1.50031672,"[dac] CH_A set to +3.230 V (code=43351)
"
671,41,1,3.23000288120645,3.2952796193069993,0.06527673810054946,1784347501.983776,1784347503.413408,1784347502.6985922,1.45071393,"[dac] CH_A set to +3.295 V (code=43565)
"
672,42,0,3.1647261431059004,3.037799152354832,-0.1269269907510684,1784347531.927279,1784347533.368801,1784347532.64804,1.54589766,"[dac] CH_A set to +3.038 V (code=42722)
"
673,42,1,3.037799152354832,2.910872161603764,-0.12692699075106795,1784347533.369104,1784347534.802161,1784347534.0856323,1.59013798,"[dac] CH_A set to +2.911 V (code=42306)
"
674,42,2,2.910872161603764,2.7839451708526957,-0.1269269907510684,1784347534.803297,1784347536.237586,1784347535.5204415,1.61560968,"[dac] CH_A set to +2.784 V (code=41890)
"
675,42,3,2.7839451708526957,2.6570181801016277,-0.12692699075106795,1784347536.2377942,1784347537.663648,1784347536.950721,1.6504657,"[dac] CH_A set to +2.657 V (code=41474)
"
676,42,4,2.6570181801016277,2.5300911893505593,-0.1269269907510684,1784347537.663865,1784347539.096931,1784347538.380398,1.70006848,"[dac] CH_A set to +2.530 V (code=41058)
"
677,42,5,2.5300911893505593,2.403164198599491,-0.1269269907510684,1784347539.097164,1784347540.524467,1784347539.8108153,1.6933654,"[dac] CH_A set to +2.403 V (code=40642)
"
678,42,6,2.403164198599491,2.276237207848423,-0.12692699075106795,1784347540.525567,1784347541.963747,1784347541.244657,1.67191555,"[dac] CH_A set to +2.276 V (code=40226)
"
679,42,7,2.276237207848423,2.149310217097355,-0.12692699075106795,1784347541.963995,1784347543.393891,1784347542.6789432,1.72151834,"[dac] CH_A set to +2.149 V (code=39810)
"
680,42,8,2.149310217097355,2.0223832263462866,-0.1269269907510684,1784347543.3941581,1784347544.8261719,1784347544.110165,1.70945279,"[dac] CH_A set to +2.022 V (code=39394)
"
681,42,9,2.0223832263462866,1.8954562355952185,-0.12692699075106817,1784347544.826371,1784347546.252216,1784347545.5392935,1.70945279,"[dac] CH_A set to +1.895 V (code=38979)
"
682,42,10,1.8954562355952185,1.7685292448441503,-0.12692699075106817,1784347546.252411,1784347547.677554,1784347546.9649825,1.72017772,"[dac] CH_A set to +1.768 V (code=38562)
"
683,42,11,1.7685292448441503,1.641602254093082,-0.1269269907510684,1784347547.677797,1784347549.113324,1784347548.3955605,1.67057493,"[dac] CH_A set to +1.642 V (code=38147)
"
684,42,12,1.641602254093082,1.5146752633420137,-0.12692699075106817,1784347549.1135292,1784347550.551738,1784347549.8326335,1.70945279,"[dac] CH_A set to +1.515 V (code=37731)
"
685,42,13,1.5146752633420137,1.3877482725909456,-0.12692699075106817,1784347550.552811,1784347551.964193,1784347551.258502,1.64778446,"[dac] CH_A set to +1.388 V (code=37315)
"
686,42,14,1.3877482725909456,1.2608212818398774,-0.12692699075106817,1784347551.964434,1784347553.4105432,1784347552.6874886,1.63974077,"[dac] CH_A set to +1.261 V (code=36899)
"
687,42,15,1.2608212818398774,1.1338942910888092,-0.12692699075106817,1784347553.4108028,1784347554.847168,1784347554.1289854,1.62901584,"[dac] CH_A set to +1.134 V (code=36483)
"
688,42,16,1.1338942910888092,1.0069673003377408,-0.1269269907510684,1784347554.847407,1784347556.285677,1784347555.5665421,1.56868813,"[dac] CH_A set to +1.007 V (code=36067)
"
689,42,17,1.0069673003377408,0.8800403095866729,-0.12692699075106795,1784347556.285932,1784347557.7273111,1784347557.0066216,1.52712904,"[dac] CH_A set to +0.880 V (code=35651)
"
690,42,18,0.8800403095866729,0.7531133188356045,-0.1269269907510684,1784347557.72846,1784347559.16066,1784347558.44456,1.4989761,"[dac] CH_A set to +0.753 V (code=35235)
"
691,42,19,0.7531133188356045,0.6261863280845366,-0.12692699075106795,1784347559.1608598,1784347560.590994,1784347559.875927,1.4306047,"[dac] CH_A set to +0.626 V (code=34819)
"
692,42,20,0.6261863280845366,0.49925933733346817,-0.1269269907510684,1784347560.591274,1784347562.0276852,1784347561.3094797,1.3890456,"[dac] CH_A set to +0.499 V (code=34404)
"
693,42,21,0.49925933733346817,0.3723323465824002,-0.12692699075106795,1784347562.0279858,1784347563.460701,1784347562.7443433,1.34212405,"[dac] CH_A set to +0.372 V (code=33987)
"
694,42,22,0.3723323465824002,0.24540535583133183,-0.1269269907510684,1784347563.460932,1784347564.902304,1784347564.181618,1.28581818,"[dac] CH_A set to +0.245 V (code=33572)
"
695,42,23,0.24540535583133183,0.11847836508026344,-0.1269269907510684,1784347564.9027698,1784347566.347754,1784347565.6252618,1.26302771,"[dac] CH_A set to +0.119 V (code=33156)
"
696,42,24,0.11847836508026344,-0.00844862567080451,-0.12692699075106795,1784347566.347986,1784347567.799739,1784347567.0738626,1.19733754,"[dac] CH_A set to -0.008 V (code=32740)
"
697,42,25,-0.00844862567080451,-0.1353756164218729,-0.1269269907510684,1784347567.800065,1784347569.228794,1784347568.5144296,1.1262849,"[dac] CH_A set to -0.135 V (code=32324)
"
698,42,26,-0.1353756164218729,-0.26230260717294085,-0.12692699075106795,1784347569.229022,1784347570.669059,1784347569.9490404,1.09411012,"[dac] CH_A set to -0.262 V (code=31908)
"
699,42,27,-0.26230260717294085,-0.38922959792400924,-0.1269269907510684,1784347570.670197,1784347572.0868301,1784347571.3785136,0.982839,"[dac] CH_A set to -0.389 V (code=31492)
"
700,42,28,-0.38922959792400924,-0.5161565886750772,-0.12692699075106795,1784347572.0870929,1784347573.518563,1784347572.8028278,0.938598677,"[dac] CH_A set to -0.516 V (code=31076)
"
701,42,29,-0.5161565886750772,-0.6430835794261456,-0.1269269907510684,1784347573.519093,1784347574.968648,1784347574.2438705,0.864864804,"[dac] CH_A set to -0.643 V (code=30660)
"
702,42,30,-0.6430835794261456,-0.7700105701772135,-0.12692699075106795,1784347574.968844,1784347576.3901381,1784347575.679491,0.813921402,"[dac] CH_A set to -0.770 V (code=30244)
"
703,42,31,-0.7700105701772135,-0.8969375609282819,-0.1269269907510684,1784347576.39124,1784347577.8105128,1784347577.1008763,0.742868762,"[dac] CH_A set to -0.897 V (code=29829)
"
704,42,32,-0.8969375609282819,-1.0238645516793499,-0.12692699075106795,1784347577.810696,1784347579.253472,1784347578.532084,0.6785192,"[dac] CH_A set to -1.024 V (code=29412)
"
705,42,33,-1.0238645516793499,-1.1507915424304187,-0.12692699075106884,1784347579.253671,1784347580.689707,1784347579.971689,0.586016706,"[dac] CH_A set to -1.151 V (code=28997)
"
706,42,34,-1.1507915424304187,-1.2777185331814866,-0.12692699075106795,1784347580.6899562,1784347582.118783,1784347581.4043696,0.55250131,"[dac] CH_A set to -1.278 V (code=28581)
"
707,42,35,-1.2777185331814866,-1.4046455239325542,-0.1269269907510675,1784347582.119045,1784347583.57116,1784347582.8451025,0.510942218,"[dac] CH_A set to -1.405 V (code=28165)
"
708,43,0,-1.535199000133653,-1.6004757382342025,-0.06527673810054946,1784347612.051878,1784347613.488238,1784347612.7700582,0.375540017,"[dac] CH_A set to -1.600 V (code=27523)
"
709,43,1,-1.6004757382342025,-1.665752476334752,-0.06527673810054946,1784347613.488676,1784347614.918329,1784347614.2035027,0.362133858,"[dac] CH_A set to -1.666 V (code=27309)
"
710,44,0,-1.535199000133653,-1.4046455239325544,0.1305534762010987,1784347643.394683,1784347644.8297951,1784347644.112239,0.447933273,"[dac] CH_A set to -1.405 V (code=28165)
"
711,44,1,-1.4046455239325544,-1.2740920477314557,0.1305534762010987,1784347644.830112,1784347646.271817,1784347645.5509644,0.498876676,"[dac] CH_A set to -1.274 V (code=28593)
"
712,44,2,-1.2740920477314557,-1.1435385715303572,0.13055347620109847,1784347646.272071,1784347647.701602,1784347646.9868364,0.555182542,"[dac] CH_A set to -1.143 V (code=29021)
"
713,44,3,-1.1435385715303572,-1.0129850953292583,0.13055347620109892,1784347647.701828,1784347649.13924,1784347648.4205341,0.622213334,"[dac] CH_A set to -1.013 V (code=29448)
"
714,44,4,-1.0129850953292583,-0.8824316191281597,0.13055347620109858,1784347649.139565,1784347650.5718699,1784347649.8557174,0.706672133,"[dac] CH_A set to -0.882 V (code=29876)
"
715,44,5,-0.8824316191281597,-0.7518781429270611,0.13055347620109858,1784347650.572902,1784347651.9995918,1784347651.2862468,0.74018753,"[dac] CH_A set to -0.752 V (code=30304)
"
716,44,6,-0.7518781429270611,-0.6213246667259624,0.1305534762010987,1784347651.999788,1784347653.4395509,1784347652.7196693,0.817943249,"[dac] CH_A set to -0.621 V (code=30732)
"
717,44,7,-0.6213246667259624,-0.49077119052486373,0.1305534762010987,1784347653.439745,1784347654.8707998,1784347654.1552725,0.856821109,"[dac] CH_A set to -0.491 V (code=31159)
"
718,44,8,-0.49077119052486373,-0.36021771432376504,0.1305534762010987,1784347654.871093,1784347656.302837,1784347655.586965,0.954686067,"[dac] CH_A set to -0.360 V (code=31587)
"
719,44,9,-0.36021771432376504,-0.22966423812266634,0.1305534762010987,1784347656.303079,1784347657.736075,1784347657.019577,1.02171686,"[dac] CH_A set to -0.230 V (code=32015)
"
720,44,10,-0.22966423812266634,-0.09911076192156765,0.1305534762010987,1784347657.7364218,1784347659.154788,1784347658.4456048,1.08874765,"[dac] CH_A set to -0.099 V (code=32443)
"
721,44,11,-0.09911076192156765,0.031442714279530826,0.13055347620109847,1784347659.154997,1784347660.589473,1784347659.872235,1.13566921,"[dac] CH_A set to +0.031 V (code=32870)
"
722,44,12,0.031442714279530826,0.16199619048062952,0.1305534762010987,1784347660.589708,1784347662.0275168,1784347661.3086123,1.20135938,"[dac] CH_A set to +0.162 V (code=33298)
"
723,44,13,0.16199619048062952,0.2925496666817282,0.1305534762010987,1784347662.0278258,1784347663.460563,1784347662.7441945,1.24023724,"[dac] CH_A set to +0.292 V (code=33726)
"
724,44,14,0.2925496666817282,0.4231031428828269,0.1305534762010987,1784347663.46076,1784347664.902417,1784347664.1815886,1.33542097,"[dac] CH_A set to +0.423 V (code=34154)
"
725,44,15,0.4231031428828269,0.5536566190839256,0.1305534762010987,1784347664.902661,1784347666.339672,1784347665.6211667,1.38100191,"[dac] CH_A set to +0.554 V (code=34582)
"
726,45,0,0.6842100952850245,0.749486833385574,0.06527673810054946,1784347694.8328,1784347696.260396,1784347695.546598,1.46143886,"[dac] CH_A set to +0.749 V (code=35223)
"
727,45,1,0.749486833385574,0.8147635714861234,0.06527673810054946,1784347696.2615309,1784347697.7078688,1784347696.9846997,1.47216379,"[dac] CH_A set to +0.815 V (code=35437)
"
728,46,0,0.6842100952850245,0.7821252024358487,0.09791510715082419,1784347726.2104,1784347727.655732,1784347726.933066,1.46412009,"[dac] CH_A set to +0.782 V (code=35330)
"
729,46,1,0.7821252024358487,0.8800403095866729,0.09791510715082419,1784347727.6568189,1784347729.0840378,1784347728.3704283,1.4989761,"[dac] CH_A set to +0.880 V (code=35651)
"
730,46,2,0.8800403095866729,0.9779554167374971,0.09791510715082419,1784347729.084231,1784347730.523259,1784347729.8037448,1.52444781,"[dac] CH_A set to +0.978 V (code=35972)
"
731,46,3,0.9779554167374971,1.0758705238883213,0.09791510715082419,1784347730.523458,1784347731.9640782,1784347731.2437682,1.55930382,"[dac] CH_A set to +1.076 V (code=36293)
"
732,47,0,0.9453170476872224,0.8800403095866729,-0.06527673810054946,1784347760.427447,1784347761.8546371,1784347761.1410422,1.49629487,"[dac] CH_A set to +0.880 V (code=35651)
"
733,47,1,0.8800403095866729,0.8147635714861234,-0.06527673810054946,1784347761.8557498,1784347763.2777338,1784347762.566742,1.46546071,"[dac] CH_A set to +0.815 V (code=35437)
"
734,48,0,0.9453170476872224,1.075870523888321,0.1305534762010987,1784347791.7640378,1784347793.2028632,1784347792.4834504,1.56734751,"[dac] CH_A set to +1.076 V (code=36293)
"
735,48,1,1.075870523888321,1.2064240000894197,0.1305534762010987,1784347793.203081,1784347794.6433358,1784347793.9232082,1.58209429,"[dac] CH_A set to +1.206 V (code=36721)
"
736,48,2,1.2064240000894197,1.3369774762905182,0.13055347620109847,1784347794.6435468,1784347796.086091,1784347795.364819,1.62231276,"[dac] CH_A set to +1.337 V (code=37149)
"
737,48,3,1.3369774762905182,1.4675309524916171,0.13055347620109892,1784347796.0862908,1784347797.515691,1784347796.800991,1.63974077,"[dac] CH_A set to +1.467 V (code=37576)
"
738,48,4,1.4675309524916171,1.5980844286927156,0.13055347620109847,1784347797.515929,1784347798.952779,1784347798.234354,1.65850939,"[dac] CH_A set to +1.598 V (code=38004)
"
739,48,5,1.5980844286927156,1.7286379048938143,0.1305534762010987,1784347798.953855,1784347800.401941,1784347799.677898,1.70006848,"[dac] CH_A set to +1.729 V (code=38432)
"
740,48,6,1.7286379048938143,1.859191381094913,0.1305534762010987,1784347800.4022248,1784347801.832462,1784347801.1173434,1.71079341,"[dac] CH_A set to +1.859 V (code=38860)
"
741,48,7,1.859191381094913,1.9897448572960117,0.1305534762010987,1784347801.832695,1784347803.2689412,1784347802.550818,1.69202479,"[dac] CH_A set to +1.990 V (code=39287)
"
742,48,8,1.9897448572960117,2.1202983334971104,0.1305534762010987,1784347803.269144,1784347804.7111738,1784347803.990159,1.73224326,"[dac] CH_A set to +2.120 V (code=39715)
"
743,48,9,2.1202983334971104,2.250851809698209,0.13055347620109847,1784347804.7115872,1784347806.165279,1784347805.4384332,1.71883711,"[dac] CH_A set to +2.251 V (code=40143)
"
744,48,10,2.250851809698209,2.3814052858993078,0.13055347620109892,1784347806.165483,1784347807.595027,1784347806.880255,1.73760573,"[dac] CH_A set to +2.381 V (code=40571)
"
745,48,11,2.3814052858993078,2.5119587621004063,0.13055347620109847,1784347807.59531,1784347809.0278962,1784347808.311603,1.66655309,"[dac] CH_A set to +2.512 V (code=40999)
"
746,48,12,2.5119587621004063,2.6425122383015047,0.13055347620109847,1784347809.028162,1784347810.4695969,1784347809.7488794,1.6678937,"[dac] CH_A set to +2.642 V (code=41426)
"
747,48,13,2.6425122383015047,2.7730657145026036,0.13055347620109892,1784347810.470133,1784347811.883581,1784347811.176857,1.62097215,"[dac] CH_A set to +2.773 V (code=41854)
"
748,48,14,2.7730657145026036,2.9036191907037026,0.13055347620109892,1784347811.883861,1784347813.31868,1784347812.6012707,1.63035646,"[dac] CH_A set to +2.904 V (code=42282)
"
749,48,15,2.9036191907037026,3.034172666904801,0.13055347620109847,1784347813.31887,1784347814.755842,1784347814.037356,1.59818168,"[dac] CH_A set to +3.034 V (code=42710)
"
750,48,16,3.034172666904801,3.1647261431058995,0.13055347620109847,1784347814.756089,1784347816.194784,1784347815.4754364,1.55662259,"[dac] CH_A set to +3.165 V (code=43137)
"
751,48,17,3.1647261431058995,3.2952796193069984,0.13055347620109892,1784347816.195252,1784347817.636231,1784347816.9157414,1.47216379,"[dac] CH_A set to +3.295 V (code=43565)
"
752,48,18,3.2952796193069984,3.425833095508097,0.13055347620109847,1784347817.63645,1784347819.066993,1784347818.3517215,1.42792346,"[dac] CH_A set to +3.426 V (code=43993)
"
753,48,19,3.425833095508097,3.556386571709196,0.13055347620109892,1784347819.0672278,1784347820.481133,1784347819.7741804,1.40111115,"[dac] CH_A set to +3.556 V (code=44421)
"
754,48,20,3.556386571709196,3.6869400479102943,0.13055347620109847,1784347820.4815922,1784347821.914336,1784347821.1979642,1.34212405,"[dac] CH_A set to +3.687 V (code=44849)
"
755,48,21,3.6869400479102943,3.817493524111393,0.13055347620109892,1784347821.914805,1784347823.342179,1784347822.6284919,1.28447757,"[dac] CH_A set to +3.818 V (code=45276)
"
756,48,22,3.817493524111393,3.9480470003124917,0.13055347620109847,1784347823.342397,1784347824.7726562,1784347824.0575266,1.23085293,"[dac] CH_A set to +3.948 V (code=45704)
"
757,48,23,3.9480470003124917,4.07860047651359,0.13055347620109847,1784347824.772894,1784347826.205544,1784347825.489219,1.1691846,"[dac] CH_A set to +4.079 V (code=46132)
"
758,48,24,4.07860047651359,4.209153952714689,0.13055347620109892,1784347826.2057679,1784347827.6304371,1784347826.9181025,1.12494428,"[dac] CH_A set to +4.209 V (code=46560)
"
759,48,25,4.209153952714689,4.339707428915787,0.13055347620109803,1784347827.630656,1784347829.055681,1784347828.3431685,1.04316671,"[dac] CH_A set to +4.340 V (code=46988)
"
760,48,26,4.339707428915787,4.470260905116886,0.13055347620109892,1784347829.055947,1784347830.4862819,1784347829.7711143,0.962729762,"[dac] CH_A set to +4.470 V (code=47416)
"
761,48,27,4.470260905116886,4.600814381317985,0.13055347620109892,1784347830.48653,1784347831.935895,1784347831.2112126,0.890336506,"[dac] CH_A set to +4.601 V (code=47843)
"
762,48,28,4.600814381317985,4.731367857519084,0.13055347620109892,1784347831.9361448,1784347833.3764942,1784347832.6563196,0.848777414,"[dac] CH_A set to +4.731 V (code=48271)
"
763,48,29,4.731367857519084,4.861921333720183,0.13055347620109892,1784347833.376705,1784347834.8046331,1784347834.0906692,0.771021695,"[dac] CH_A set to +4.862 V (code=48699)
"
764,48,30,4.861921333720183,4.992474809921281,0.13055347620109803,1784347834.804866,1784347836.238498,1784347835.521682,0.702650286,"[dac] CH_A set to +4.992 V (code=49127)
"
765,48,31,4.992474809921281,5.12302828612238,0.13055347620109892,1784347836.238694,1784347837.670964,1784347836.954829,0.654388115,"[dac] CH_A set to +5.123 V (code=49554)
"
766,48,32,5.12302828612238,5.253581762323479,0.13055347620109892,1784347837.6711838,1784347839.102278,1784347838.386731,0.602104097,"[dac] CH_A set to +5.254 V (code=49982)
"
767,48,33,5.253581762323479,5.384135238524577,0.13055347620109803,1784347839.1025221,1784347840.527242,1784347839.814882,0.531051456,"[dac] CH_A set to +5.384 V (code=50410)
"
768,48,34,5.384135238524577,5.514688714725676,0.13055347620109892,1784347840.5275362,1784347841.945812,1784347841.236674,0.446592657,"[dac] CH_A set to +5.515 V (code=50838)
"
769,48,35,5.514688714725676,5.6452421909267745,0.13055347620109892,1784347841.9460402,1784347843.373714,1784347842.659877,0.376880633,"[dac] CH_A set to +5.645 V (code=51265)
"
770,48,36,5.6452421909267745,5.775795667127873,0.13055347620109892,1784347843.373997,1784347844.816125,1784347844.0950608,0.333980925,"[dac] CH_A set to +5.776 V (code=51693)
"
771,49,0,5.906349143328972,5.971625881429522,0.06527673810054946,1784347873.326935,1784347874.7600498,1784347874.0434923,0.256225206,"[dac] CH_A set to +5.972 V (code=52335)
"
772,49,1,5.971625881429522,6.036902619530071,0.06527673810054946,1784347874.760472,1784347876.1960268,1784347875.4782495,0.21600673,"[dac] CH_A set to +6.037 V (code=52549)
"
773,50,0,5.906349143328972,5.775795667127873,-0.13055347620109892,1784347904.673666,1784347906.108848,1784347905.391257,0.283037523,"[dac] CH_A set to +5.776 V (code=51693)
"
774,50,1,5.775795667127873,5.6452421909267745,-0.13055347620109892,1784347906.109038,1784347907.55133,1784347906.830184,0.346046468,"[dac] CH_A set to +5.645 V (code=51265)
"
775,50,2,5.6452421909267745,5.5146887147256765,-0.13055347620109803,1784347907.551599,1784347908.9754932,1784347908.263546,0.370177553,"[dac] CH_A set to +5.515 V (code=50838)
"
776,50,3,5.5146887147256765,5.3841352385245775,-0.13055347620109892,1784347908.9757,1784347910.404609,1784347909.6901546,0.4586582,"[dac] CH_A set to +5.384 V (code=50410)
"
777,50,4,5.3841352385245775,5.253581762323479,-0.13055347620109892,1784347910.404799,1784347911.8385012,1784347911.1216502,0.498876676,"[dac] CH_A set to +5.254 V (code=49982)
"
778,50,5,5.253581762323479,5.123028286122381,-0.13055347620109803,1784347911.839571,1784347913.2793941,1784347912.5594826,0.560545005,"[dac] CH_A set to +5.123 V (code=49554)
"
779,50,6,5.123028286122381,4.992474809921282,-0.13055347620109892,1784347913.279618,1784347914.7107148,1784347913.9951663,0.628916414,"[dac] CH_A set to +4.992 V (code=49127)
"
780,50,7,4.992474809921282,4.861921333720183,-0.13055347620109892,1784347914.7109609,1784347916.1438751,1784347915.427418,0.677178585,"[dac] CH_A set to +4.862 V (code=48699)
"
781,50,8,4.861921333720183,4.731367857519084,-0.13055347620109892,1784347916.144398,1784347917.588316,1784347916.8663568,0.761637384,"[dac] CH_A set to +4.731 V (code=48271)
"
782,50,9,4.731367857519084,4.600814381317985,-0.13055347620109892,1784347917.58852,1784347919.0272372,1784347918.3078785,0.799174628,"[dac] CH_A set to +4.601 V (code=47843)
"
783,50,10,4.600814381317985,4.470260905116887,-0.13055347620109803,1784347919.027528,1784347920.4661949,1784347919.7468615,0.883633426,"[dac] CH_A set to +4.470 V (code=47416)
"
784,50,11,4.470260905116887,4.339707428915788,-0.13055347620109892,1784347920.466702,1784347921.912363,1784347921.1895325,0.935917445,"[dac] CH_A set to +4.340 V (code=46988)
"
785,50,12,4.339707428915788,4.209153952714689,-0.13055347620109892,1784347921.9126022,1784347923.359766,1784347922.6361842,1.00160762,"[dac] CH_A set to +4.209 V (code=46560)
"
786,50,13,4.209153952714689,4.078600476513591,-0.13055347620109803,1784347923.359991,1784347924.793779,1784347924.076885,1.07668211,"[dac] CH_A set to +4.079 V (code=46132)
"
787,50,14,4.078600476513591,3.948047000312492,-0.13055347620109892,1784347924.793983,1784347926.221938,1784347925.5079603,1.13566921,"[dac] CH_A set to +3.948 V (code=45704)
"
788,50,15,3.948047000312492,3.817493524111393,-0.13055347620109892,1784347926.222174,1784347927.6492312,1784347926.9357026,1.20538123,"[dac] CH_A set to +3.818 V (code=45276)
"
789,50,16,3.817493524111393,3.6869400479102943,-0.13055347620109892,1784347927.649488,1784347929.090453,1784347928.3699703,1.2536434,"[dac] CH_A set to +3.687 V (code=44849)
"
790,50,17,3.6869400479102943,3.556386571709196,-0.13055347620109847,1784347929.091601,1784347930.5184672,1784347929.8050342,1.31799296,"[dac] CH_A set to +3.556 V (code=44421)
"
791,50,18,3.556386571709196,3.4258330955080973,-0.13055347620109847,1784347930.518723,1784347931.95228,1784347931.2355015,1.38234253,"[dac] CH_A set to +3.426 V (code=43993)
"
792,50,19,3.4258330955080973,3.2952796193069984,-0.13055347620109892,1784347931.952527,1784347933.378703,1784347932.665615,1.39842992,"[dac] CH_A set to +3.295 V (code=43565)
"
793,50,20,3.2952796193069984,3.1647261431058995,-0.13055347620109892,1784347933.378919,1784347934.826612,1784347934.1027656,1.44535147,"[dac] CH_A set to +3.165 V (code=43137)
"
794,50,21,3.1647261431058995,3.034172666904801,-0.13055347620109847,1784347934.826841,1784347936.260553,1784347935.5436969,1.52712904,"[dac] CH_A set to +3.034 V (code=42710)
"
795,50,22,3.034172666904801,2.9036191907037026,-0.13055347620109847,1784347936.261151,1784347937.693151,1784347936.977151,1.54857889,"[dac] CH_A set to +2.904 V (code=42282)
"
796,50,23,2.9036191907037026,2.7730657145026036,-0.13055347620109892,1784347937.693345,1784347939.134764,1784347938.4140544,1.5914786,"[dac] CH_A set to +2.773 V (code=41854)
"
797,50,24,2.7730657145026036,2.6425122383015047,-0.13055347620109892,1784347939.135015,1784347940.579062,1784347939.8570385,1.60756599,"[dac] CH_A set to +2.642 V (code=41426)
"
798,50,25,2.6425122383015047,2.5119587621004063,-0.13055347620109847,1784347940.5794299,1784347942.001033,1784347941.2902315,1.63705954,"[dac] CH_A set to +2.512 V (code=40999)
"
799,50,26,2.5119587621004063,2.3814052858993078,-0.13055347620109847,1784347942.002147,1784347943.441874,1784347942.7220106,1.67191555,"[dac] CH_A set to +2.381 V (code=40571)
"
800,50,27,2.3814052858993078,2.250851809698209,-0.13055347620109892,1784347943.4421608,1784347944.883554,1784347944.1628575,1.68934356,"[dac] CH_A set to +2.251 V (code=40143)
"
801,50,28,2.250851809698209,2.12029833349711,-0.13055347620109892,1784347944.8838952,1784347946.31189,1784347945.5978925,1.69604664,"[dac] CH_A set to +2.120 V (code=39715)
"
802,50,29,2.12029833349711,1.9897448572960115,-0.13055347620109847,1784347946.312104,1784347947.746104,1784347947.029104,1.7014091,"[dac] CH_A set to +1.990 V (code=39287)
"
803,50,30,1.9897448572960115,1.859191381094913,-0.13055347620109847,1784347947.746345,1784347949.1821089,1784347948.464227,1.74296819,"[dac] CH_A set to +1.859 V (code=38860)
"
804,50,31,1.859191381094913,1.728637904893814,-0.13055347620109892,1784347949.18315,1784347950.6095831,1784347949.8963666,1.71079341,"[dac] CH_A set to +1.729 V (code=38432)
"
805,50,32,1.728637904893814,1.5980844286927152,-0.13055347620109892,1784347950.6097941,1784347952.044534,1784347951.3271642,1.70945279,"[dac] CH_A set to +1.598 V (code=38004)
"
806,50,33,1.5980844286927152,1.4675309524916162,-0.13055347620109892,1784347952.0448158,1784347953.479192,1784347952.762004,1.69738725,"[dac] CH_A set to +1.467 V (code=37576)
"
807,50,34,1.4675309524916162,1.3369774762905182,-0.13055347620109803,1784347953.479389,1784347954.904999,1784347954.192194,1.66253124,"[dac] CH_A set to +1.337 V (code=37149)
"
808,50,35,1.3369774762905182,1.2064240000894193,-0.13055347620109892,1784347954.905192,1784347956.3506188,1784347955.6279054,1.64376262,"[dac] CH_A set to +1.206 V (code=36721)
"
809,50,36,1.2064240000894193,1.0758705238883204,-0.13055347620109892,1784347956.351726,1784347957.78101,1784347957.066368,1.642422,"[dac] CH_A set to +1.076 V (code=36293)
"
810,50,37,1.0758705238883204,0.9453170476872224,-0.13055347620109803,1784347957.781236,1784347959.226513,1784347958.5038743,1.5914786,"[dac] CH_A set to +0.945 V (code=35865)
"
811,50,38,0.9453170476872224,0.8147635714861234,-0.13055347620109892,1784347959.2267442,1784347960.669804,1784347959.9482741,1.56734751,"[dac] CH_A set to +0.815 V (code=35437)
"
812,50,39,0.8147635714861234,0.6842100952850245,-0.13055347620109892,1784347960.670039,1784347962.106766,1784347961.3884025,1.49227303,"[dac] CH_A set to +0.684 V (code=35009)
"
813,50,40,0.6842100952850245,0.5536566190839256,-0.13055347620109892,1784347962.107027,1784347963.544822,1784347962.8259244,1.48691056,"[dac] CH_A set to +0.554 V (code=34582)
"
814,50,41,0.5536566190839256,0.4231031428828267,-0.13055347620109892,1784347963.545045,1784347964.9898229,1784347964.267434,1.41049546,"[dac] CH_A set to +0.423 V (code=34154)
"
815,50,42,0.4231031428828267,0.29254966668172866,-0.13055347620109803,1784347964.990953,1784347966.425706,1784347965.7083294,1.37698006,"[dac] CH_A set to +0.292 V (code=33726)
"
816,50,43,0.29254966668172866,0.16199619048062974,-0.13055347620109892,1784347966.425875,1784347967.8595562,1784347967.1427155,1.30592742,"[dac] CH_A set to +0.162 V (code=33298)
"
817,50,44,0.16199619048062974,0.031442714279530826,-0.13055347620109892,1784347967.859821,1784347969.303344,1784347968.5815825,1.27375264,"[dac] CH_A set to +0.031 V (code=32870)
"
818,50,45,0.031442714279530826,-0.0991107619215672,-0.13055347620109803,1784347969.303568,1784347970.744687,1784347970.0241275,1.20001877,"[dac] CH_A set to -0.099 V (code=32443)
"
819,50,46,-0.0991107619215672,-0.22966423812266612,-0.13055347620109892,1784347970.744928,1784347972.184618,1784347971.464773,1.15443783,"[dac] CH_A set to -0.230 V (code=32015)
"
820,50,47,-0.22966423812266612,-0.36021771432376504,-0.13055347620109892,1784347972.185746,1784347973.617831,1784347972.9017885,1.06863841,"[dac] CH_A set to -0.360 V (code=31587)
"
821,50,48,-0.36021771432376504,-0.49077119052486395,-0.13055347620109892,1784347973.618073,1784347975.059597,1784347974.338835,0.994904543,"[dac] CH_A set to -0.491 V (code=31159)
"
822,50,49,-0.49077119052486395,-0.6213246667259629,-0.13055347620109892,1784347975.059912,1784347976.491542,1784347975.775727,0.96004853,"[dac] CH_A set to -0.621 V (code=30732)
"
823,50,50,-0.6213246667259629,-0.7518781429270609,-0.13055347620109803,1784347976.491754,1784347977.917087,1784347977.2044206,1.42658285,"[dac] CH_A set to -0.752 V (code=30304)
[dac] CH_A set to +0.423 V (code=34154)
"
824,50,51,-0.7518781429270609,-0.8824316191281598,-0.13055347620109892,1784347977.917291,1784347979.353387,1784347978.635339,0.808558939,"[dac] CH_A set to -0.882 V (code=29876)
"
825,50,52,-0.8824316191281598,-1.0129850953292587,-0.13055347620109892,1784347979.353624,1784347980.793322,1784347980.073473,0.753593688,"[dac] CH_A set to -1.013 V (code=29448)
"
826,50,53,-1.0129850953292587,-1.1435385715303568,-0.13055347620109803,1784347980.793518,1784347982.228244,1784347981.510881,0.669134889,"[dac] CH_A set to -1.143 V (code=29021)
"
827,50,54,-1.1435385715303568,-1.2740920477314557,-0.13055347620109892,1784347982.2284439,1784347983.658669,1784347982.9435563,0.608807176,"[dac] CH_A set to -1.274 V (code=28593)
"
828,50,55,-1.2740920477314557,-1.4046455239325546,-0.13055347620109892,1784347983.65887,1784347985.093305,1784347984.3760877,0.524348377,"[dac] CH_A set to -1.405 V (code=28165)
"
829,50,56,-1.4046455239325546,-1.5351990001336535,-0.13055347620109892,1784347985.0943801,1784347986.511104,1784347985.802742,0.49083298,"[dac] CH_A set to -1.535 V (code=27737)
"
830,50,57,-1.5351990001336535,-1.6657524763347524,-0.13055347620109892,1784347986.511343,1784347987.951284,1784347987.2313135,0.443911426,"[dac] CH_A set to -1.666 V (code=27309)
"
831,50,58,-1.6657524763347524,-1.7963059525358505,-0.13055347620109803,1784347987.951553,1784347989.387703,1784347988.6696281,0.370177553,"[dac] CH_A set to -1.796 V (code=26881)
"
832,50,59,-1.7963059525358505,-1.9268594287369494,-0.13055347620109892,1784347989.387947,1784347990.818051,1784347990.1029992,0.299124913,"[dac] CH_A set to -1.927 V (code=26454)
"
833,50,60,-1.9268594287369494,-2.0574129049380483,-0.13055347620109892,1784347990.818526,1784347992.254474,1784347991.5365,0.258906437,"[dac] CH_A set to -2.057 V (code=26026)
"
834,50,61,-2.0574129049380483,-2.1879663811391463,-0.13055347620109803,1784347992.254689,1784347993.681889,1784347992.968289,0.211984882,"[dac] CH_A set to -2.188 V (code=25598)
"
835,50,62,-2.1879663811391463,-2.3185198573402452,-0.13055347620109892,1784347993.682175,1784347995.115207,1784347994.398691,0.178469486,"[dac] CH_A set to -2.319 V (code=25170)
"
836,50,63,-2.3185198573402452,-2.449073333541344,-0.13055347620109892,1784347995.115493,1784347996.559733,1784347995.837613,0.132888547,"[dac] CH_A set to -2.449 V (code=24742)
"
837,50,64,-2.449073333541344,-2.579626809742443,-0.13055347620109892,1784347996.56019,1784347998.01039,1784347997.28529,0.128866699,"[dac] CH_A set to -2.580 V (code=24315)
"
838,50,65,-2.579626809742443,-2.710180285943542,-0.13055347620109892,1784347998.010689,1784347999.441741,1784347998.726215,0.0698796015,"[dac] CH_A set to -2.710 V (code=23887)
"
839,50,66,-2.710180285943542,-2.840733762144641,-0.13055347620109892,1784347999.441983,1784348000.868762,1784348000.1553726,0.0524515954,"[dac] CH_A set to -2.841 V (code=23459)
"
840,50,67,-2.840733762144641,-2.97128723834574,-0.13055347620109892,1784348000.868993,1784348002.2954822,1784348001.5822377,0.0122332996,"[dac] CH_A set to -2.971 V (code=23031)
"
841,50,68,-2.97128723834574,-3.101840714546837,-0.13055347620109714,1784348002.2957282,1784348003.746512,1784348003.02112,0.0229580465,"[dac] CH_A set to -3.102 V (code=22604)
"
842,50,69,-3.101840714546837,-3.232394190747936,-0.13055347620109892,1784348003.746954,1784348005.175735,1784348004.4613445,0.0269798941,"[dac] CH_A set to -3.232 V (code=22176)
"
843,50,70,-3.232394190747936,-3.362947666949035,-0.13055347620109892,1784348005.175925,1784348006.626488,1784348005.9012065,-0.00251352055,"[dac] CH_A set to -3.363 V (code=21748)
"
844,50,71,-3.362947666949035,-3.4935011431501337,-0.13055347620109892,1784348006.6267562,1784348008.073403,1784348007.3500795,0.00821127212,"[dac] CH_A set to -3.493 V (code=21320)
"
845,50,72,-3.4935011431501337,-3.6240546193512326,-0.13055347620109892,1784348008.0736902,1784348009.518286,1784348008.795988,0.0122331197,"[dac] CH_A set to -3.624 V (code=20892)
"
846,50,73,-3.6240546193512326,-3.7546080955523315,-0.13055347620109892,1784348009.519364,1784348010.967359,1784348010.2433615,0.0457485161,"[dac] CH_A set to -3.755 V (code=20465)
"
847,50,74,-3.7546080955523315,-3.8851615717534305,-0.13055347620109892,1784348010.967561,1784348012.399026,1784348011.6832933,0.0685389857,"[dac] CH_A set to -3.885 V (code=20037)
"
848,50,75,-3.8851615717534305,-4.015715047954528,-0.13055347620109714,1784348012.399363,1784348013.835052,1784348013.1172075,0.102054382,"[dac] CH_A set to -4.016 V (code=19609)
"
849,50,76,-4.015715047954528,-4.1462685241556265,-0.13055347620109892,1784348013.835294,1784348015.268346,1784348014.55182,0.123504236,"[dac] CH_A set to -4.146 V (code=19181)
"
850,51,0,-4.276822000356725,-4.342098738457275,-0.06527673810054946,1784348043.799554,1784348045.233554,1784348044.5165539,0.163722711,"[dac] CH_A set to -4.342 V (code=18540)
"
851,51,1,-4.342098738457275,-4.407375476557824,-0.06527673810054946,1784348045.234058,1784348046.6687438,1784348045.9514008,0.222709809,"[dac] CH_A set to -4.407 V (code=18326)
"
852,52,0,-4.276822000356725,-4.1462685241556265,0.13055347620109892,1784348075.177862,1784348076.6214411,1784348075.8996515,0.178469486,"[dac] CH_A set to -4.146 V (code=19181)
"
853,52,1,-4.1462685241556265,-4.0157150479545285,0.13055347620109803,1784348076.62255,1784348078.048703,1784348077.3356266,0.108757461,"[dac] CH_A set to -4.016 V (code=19609)
"
854,52,2,-4.0157150479545285,-3.8851615717534296,0.13055347620109892,1784348078.048932,1784348079.488034,1784348078.7684832,0.0712202174,"[dac] CH_A set to -3.885 V (code=20037)
"
855,52,3,-3.8851615717534296,-3.7546080955523307,0.13055347620109892,1784348079.4882822,1784348080.9269571,1784348080.2076197,0.0511109795,"[dac] CH_A set to -3.755 V (code=20465)
"
856,52,4,-3.7546080955523307,-3.624054619351232,0.13055347620109847,1784348080.92723,1784348082.366925,1784348081.6470776,0.0578140588,"[dac] CH_A set to -3.624 V (code=20892)
"
857,52,5,-3.624054619351232,-3.4935011431501337,0.13055347620109847,1784348082.36799,1784348083.7985768,1784348083.0832834,0.0108925923,"[dac] CH_A set to -3.493 V (code=21320)
"
858,52,6,-3.4935011431501337,-3.362947666949035,0.13055347620109892,1784348083.7988212,1784348085.2375722,1784348084.5181966,0.0202768148,"[dac] CH_A set to -3.363 V (code=21748)
"
859,52,7,-3.362947666949035,-3.232394190747936,0.13055347620109892,1784348085.237813,1784348086.686579,1784348085.9621959,0.00687074477,"[dac] CH_A set to -3.232 V (code=22176)
"
860,52,8,-3.232394190747936,-3.1018407145468374,0.13055347620109847,1784348086.686789,1784348088.109395,1784348087.398092,0.0149143514,"[dac] CH_A set to -3.102 V (code=22604)
"
861,52,9,-3.1018407145468374,-2.971287238345739,0.13055347620109847,1784348088.109623,1784348089.541127,1784348088.825375,0.0216174307,"[dac] CH_A set to -2.971 V (code=23031)
"
862,52,10,-2.971287238345739,-2.84073376214464,0.13055347620109892,1784348089.5421922,1784348090.969849,1784348090.2560205,-0.0078758498,"[dac] CH_A set to -2.841 V (code=23459)
"
863,52,11,-2.84073376214464,-2.7101802859435415,0.13055347620109847,1784348090.9700322,1784348092.403472,1784348091.686752,0.02832051,"[dac] CH_A set to -2.710 V (code=23887)
"
864,52,12,-2.7101802859435415,-2.579626809742443,0.13055347620109847,1784348092.4036858,1784348093.8342762,1784348093.118981,0.0671983698,"[dac] CH_A set to -2.580 V (code=24315)
"
865,52,13,-2.579626809742443,-2.449073333541344,0.13055347620109892,1784348093.8346188,1784348095.272969,1784348094.553794,0.0725608332,"[dac] CH_A set to -2.449 V (code=24742)
"
866,52,14,-2.449073333541344,-2.3185198573402452,0.13055347620109892,1784348095.2742589,1784348096.712564,1784348095.9934115,0.0913294552,"[dac] CH_A set to -2.319 V (code=25170)
"
867,52,15,-2.3185198573402452,-2.1879663811391468,0.13055347620109847,1784348096.712964,1784348098.1400802,1784348097.4265223,0.107416846,"[dac] CH_A set to -2.188 V (code=25598)
"
868,52,16,-2.1879663811391468,-2.0574129049380483,0.13055347620109847,1784348098.1402922,1784348099.5813088,1784348098.8608005,0.170425791,"[dac] CH_A set to -2.057 V (code=26026)
"
869,52,17,-2.0574129049380483,-1.9268594287369494,0.13055347620109892,1784348099.581595,1784348101.008745,1784348100.2951698,0.230753504,"[dac] CH_A set to -1.927 V (code=26454)
"
870,53,0,-1.7963059525358505,-1.731029214435301,0.06527673810054946,1784348129.4677172,1784348130.904348,1784348130.1860325,0.266950132,"[dac] CH_A set to -1.731 V (code=27095)
"
871,53,1,-1.731029214435301,-1.6657524763347515,0.06527673810054946,1784348130.905456,1784348132.326039,1784348131.6157475,0.329959078,"[dac] CH_A set to -1.666 V (code=27309)
"
872,54,0,0.0,0.1270138061324713,0.1270138061324713,1784348271.297293,1784348272.7298949,1784348272.013594,1.16784399,"[dac] CH_A set to +0.127 V (code=33184)
"
873,54,1,0.1270138061324713,0.2540276122649426,0.1270138061324713,1784348272.730127,1784348274.1523561,1784348273.4412417,1.22683109,"[dac] CH_A set to +0.254 V (code=33600)
"
874,54,2,0.2540276122649426,0.3810414183974139,0.12701380613247132,1784348274.152576,1784348275.5820448,1784348274.8673105,1.29386188,"[dac] CH_A set to +0.381 V (code=34016)
"
875,54,3,0.3810414183974139,0.5080552245298852,0.12701380613247126,1784348275.582258,1784348277.029126,1784348276.305692,1.32737727,"[dac] CH_A set to +0.508 V (code=34432)
"
876,54,4,0.5080552245298852,0.6350690306623564,0.12701380613247126,1784348277.02936,1784348278.463427,1784348277.7463937,1.37832068,"[dac] CH_A set to +0.635 V (code=34849)
"
877,54,5,0.6350690306623564,0.7620828367948278,0.12701380613247137,1784348278.46366,1784348279.896518,1784348279.180089,1.44132962,"[dac] CH_A set to +0.762 V (code=35265)
"
878,54,6,0.7620828367948278,0.8890966429272991,0.12701380613247126,1784348279.896757,1784348281.338642,1784348280.6176994,1.49629487,"[dac] CH_A set to +0.889 V (code=35681)
"
879,54,7,0.8890966429272991,1.0161104490597703,0.12701380613247126,1784348281.338895,1784348282.780083,1784348282.059489,1.52310719,"[dac] CH_A set to +1.016 V (code=36097)
"
880,54,8,1.0161104490597703,1.1431242551922416,0.12701380613247126,1784348282.78042,1784348284.221598,1784348283.501009,1.54589766,"[dac] CH_A set to +1.143 V (code=36513)
"
881,54,9,1.1431242551922416,1.2701380613247129,0.12701380613247126,1784348284.2218812,1784348285.653431,1784348284.937656,1.60086291,"[dac] CH_A set to +1.270 V (code=36929)
"
882,54,10,1.2701380613247129,1.3971518674571841,0.12701380613247126,1784348285.6536572,1784348287.106913,1784348286.3802853,1.6169503,"[dac] CH_A set to +1.397 V (code=37346)
"
883,54,11,1.3971518674571841,1.5241656735896556,0.12701380613247149,1784348287.1071308,1784348288.538301,1784348287.8227158,1.66655309,"[dac] CH_A set to +1.524 V (code=37762)
"
884,54,12,1.5241656735896556,1.6511794797221269,0.12701380613247126,1784348288.538523,1784348289.973448,1784348289.2559855,1.68934356,"[dac] CH_A set to +1.651 V (code=38178)
"
885,54,13,1.6511794797221269,1.7781932858545981,0.12701380613247126,1784348289.973695,1784348291.411993,1784348290.692844,1.68398109,"[dac] CH_A set to +1.778 V (code=38594)
"
886,54,14,1.7781932858545981,1.9052070919870694,0.12701380613247126,1784348291.4121869,1784348292.8531032,1784348292.1326451,1.71347464,"[dac] CH_A set to +1.905 V (code=39010)
"
887,54,15,1.9052070919870694,2.0322208981195407,0.12701380613247126,1784348292.85332,1784348294.295601,1784348293.5744605,1.71749649,"[dac] CH_A set to +2.032 V (code=39427)
"
888,54,16,2.0322208981195407,2.159234704252012,0.12701380613247126,1784348294.295861,1784348295.723062,1784348295.0094614,1.70274971,"[dac] CH_A set to +2.159 V (code=39843)
"
889,54,17,2.159234704252012,2.286248510384483,0.12701380613247126,1784348295.723308,1784348297.146743,1784348296.4350257,1.72017772,"[dac] CH_A set to +2.286 V (code=40259)
"
890,54,18,2.286248510384483,2.4132623165169544,0.12701380613247126,1784348297.146988,1784348298.5811222,1784348297.8640552,1.69202479,"[dac] CH_A set to +2.413 V (code=40675)
"
891,54,19,2.4132623165169544,2.5402761226494257,0.12701380613247126,1784348298.581328,1784348300.024958,1784348299.303143,1.69872787,"[dac] CH_A set to +2.540 V (code=41091)
"
892,54,20,2.5402761226494257,2.667289928781897,0.12701380613247126,1784348300.025168,1784348301.471746,1784348300.748457,1.68129986,"[dac] CH_A set to +2.667 V (code=41508)
"
893,54,21,2.667289928781897,2.7943037349143682,0.12701380613247126,1784348301.4720771,1784348302.908046,1784348302.1900616,1.66521247,"[dac] CH_A set to +2.794 V (code=41924)
"
894,54,22,2.7943037349143682,2.9213175410468395,0.12701380613247126,1784348302.908245,1784348304.346766,1784348303.6275055,1.64510323,"[dac] CH_A set to +2.921 V (code=42340)
"
895,54,23,2.9213175410468395,3.048331347179311,0.1270138061324717,1784348304.347048,1784348305.7854168,1784348305.0662324,1.58879737,"[dac] CH_A set to +3.048 V (code=42756)
"
896,54,24,3.048331347179311,3.1753451533117825,0.12701380613247126,1784348305.785669,1784348307.222869,1784348306.5042691,1.57136936,"[dac] CH_A set to +3.175 V (code=43172)
"
897,54,25,3.1753451533117825,3.3023589594442537,0.12701380613247126,1784348307.223098,1784348308.646774,1784348307.934936,1.50970103,"[dac] CH_A set to +3.302 V (code=43589)
"
898,54,26,3.3023589594442537,3.429372765576725,0.12701380613247126,1784348308.646956,1784348310.090485,1784348309.3687205,1.4560764,"[dac] CH_A set to +3.429 V (code=44005)
"
899,54,27,3.429372765576725,3.5563865717091963,0.12701380613247126,1784348310.09073,1784348311.525011,1784348310.8078704,1.40915484,"[dac] CH_A set to +3.556 V (code=44421)
"
900,55,0,3.4258330955080973,3.360556357407548,-0.06527673810054946,1784348339.870476,1784348341.297785,1784348340.5841305,1.47752625,"[dac] CH_A set to +3.361 V (code=43779)
"
901,55,1,3.360556357407548,3.2952796193069984,-0.06527673810054946,1784348341.298023,1784348342.716488,1784348342.0072556,1.48020748,"[dac] CH_A set to +3.295 V (code=43565)
"
902,56,0,3.4258330955080973,3.5563865717091963,0.13055347620109892,1784348371.0159092,1784348372.4262059,1784348371.7210574,1.3970893,"[dac] CH_A set to +3.556 V (code=44421)
"
903,56,1,3.5563865717091963,3.6869400479102947,0.13055347620109847,1784348372.426441,1784348373.848703,1784348373.1375718,1.31933358,"[dac] CH_A set to +3.687 V (code=44849)
"
904,56,2,3.6869400479102947,3.817493524111393,0.13055347620109847,1784348373.8492959,1784348375.272255,1784348374.5607753,1.26302771,"[dac] CH_A set to +3.818 V (code=45276)
"
905,56,3,3.817493524111393,3.948047000312492,0.13055347620109892,1784348375.272596,1784348376.692039,1784348375.9823174,1.21208431,"[dac] CH_A set to +3.948 V (code=45704)
"
906,56,4,3.948047000312492,4.078600476513591,0.13055347620109892,1784348376.692317,1784348378.113394,1784348377.4028554,1.13432859,"[dac] CH_A set to +4.079 V (code=46132)
"
907,56,5,4.078600476513591,4.20915395271469,0.13055347620109892,1784348378.113594,1784348379.5283651,1784348378.8209796,1.07400088,"[dac] CH_A set to +4.209 V (code=46560)
"
908,56,6,4.20915395271469,4.339707428915788,0.13055347620109803,1784348379.5285492,1784348380.955437,1784348380.241993,1.04718856,"[dac] CH_A set to +4.340 V (code=46988)
"
909,56,7,4.339707428915788,4.470260905116887,0.13055347620109892,1784348380.9556632,1784348382.3820632,1784348381.6688633,0.968092225,"[dac] CH_A set to +4.470 V (code=47416)
"
910,56,8,4.470260905116887,4.600814381317986,0.13055347620109892,1784348382.382266,1784348383.80201,1784348383.092138,0.876930347,"[dac] CH_A set to +4.601 V (code=47843)
"
911,56,9,4.600814381317986,4.731367857519084,0.13055347620109803,1784348383.8022249,1784348385.2234519,1784348384.5128384,0.836711871,"[dac] CH_A set to +4.731 V (code=48271)
"
912,56,10,4.731367857519084,4.861921333720183,0.13055347620109892,1784348385.223659,1784348386.641768,1784348385.9327135,0.753593688,"[dac] CH_A set to +4.862 V (code=48699)
"
913,56,11,4.861921333720183,4.992474809921282,0.13055347620109892,1784348386.641975,1784348388.068577,1784348387.355276,0.702650286,"[dac] CH_A set to +4.992 V (code=49127)
"
914,57,0,5.123028286122381,5.18830502422293,0.06527673810054946,1784348416.349868,1784348417.774318,1784348417.062093,0.58467609,"[dac] CH_A set to +5.188 V (code=49768)
"
915,57,1,5.18830502422293,5.2535817623234795,0.06527673810054946,1784348417.77459,1784348419.197979,1784348418.4862845,0.541776383,"[dac] CH_A set to +5.254 V (code=49982)
"
916,58,0,5.123028286122381,4.992474809921282,-0.13055347620109892,1784348447.507509,1784348448.933303,1784348448.220406,0.654388115,"[dac] CH_A set to +4.992 V (code=49127)
"
917,58,1,4.992474809921282,4.861921333720183,-0.13055347620109892,1784348448.934348,1784348450.358521,1784348449.6464345,0.706672133,"[dac] CH_A set to +4.862 V (code=48699)
"
918,58,2,4.861921333720183,4.731367857519085,-0.13055347620109803,1784348450.358817,1784348451.772932,1784348451.0658746,0.761637384,"[dac] CH_A set to +4.731 V (code=48271)
"
919,58,3,4.731367857519085,4.600814381317986,-0.13055347620109892,1784348451.7731662,1784348453.19649,1784348452.484828,0.83403064,"[dac] CH_A set to +4.601 V (code=47843)
"
920,58,4,4.600814381317986,4.470260905116887,-0.13055347620109892,1784348453.196712,1784348454.6166668,1784348453.9066894,0.894358353,"[dac] CH_A set to +4.470 V (code=47416)
"
921,58,5,4.470260905116887,4.339707428915789,-0.13055347620109803,1784348454.6177201,1784348456.033077,1784348455.3253984,0.958707914,"[dac] CH_A set to +4.340 V (code=46988)
"
922,58,6,4.339707428915789,4.20915395271469,-0.13055347620109892,1784348456.03335,1784348457.4567318,1784348456.745041,1.03244179,"[dac] CH_A set to +4.209 V (code=46560)
"
923,58,7,4.20915395271469,4.078600476513591,-0.13055347620109892,1784348457.456919,1784348458.881245,1784348458.169082,1.07802273,"[dac] CH_A set to +4.079 V (code=46132)
"
924,58,8,4.078600476513591,3.948047000312492,-0.13055347620109892,1784348458.881472,1784348460.2980711,1784348459.5897717,1.13566921,"[dac] CH_A set to +3.948 V (code=45704)
"
925,58,9,3.948047000312492,3.8174935241113936,-0.13055347620109847,1784348460.298294,1784348461.712587,1784348461.0054407,1.19733754,"[dac] CH_A set to +3.818 V (code=45276)
"
926,58,10,3.8174935241113936,3.686940047910295,-0.13055347620109847,1784348461.7136362,1784348463.13309,1784348462.4233632,1.26570895,"[dac] CH_A set to +3.687 V (code=44849)
"
927,58,11,3.686940047910295,3.5563865717091963,-0.13055347620109892,1784348463.13329,1784348464.5594308,1784348463.8463604,1.32737727,"[dac] CH_A set to +3.556 V (code=44421)
"
928,58,12,3.5563865717091963,3.4258330955080973,-0.13055347620109892,1784348464.559634,1784348465.979125,1784348465.2693796,1.36491452,"[dac] CH_A set to +3.426 V (code=43993)
"
929,58,13,3.4258330955080973,3.295279619306999,-0.13055347620109847,1784348465.9794922,1784348467.402967,1784348466.6912296,1.43998901,"[dac] CH_A set to +3.295 V (code=43565)
"
930,58,14,3.295279619306999,3.1647261431059004,-0.13055347620109847,1784348467.403569,1784348468.8254101,1784348468.1144896,1.46680132,"[dac] CH_A set to +3.165 V (code=43137)
"
931,58,15,3.1647261431059004,3.0341726669048015,-0.13055347620109892,1784348468.825598,1784348470.245003,1784348469.5353005,1.53115089,"[dac] CH_A set to +3.034 V (code=42710)
"
932,58,16,3.0341726669048015,2.9036191907037026,-0.13055347620109892,1784348470.245209,1784348471.666483,1784348470.9558458,1.54187581,"[dac] CH_A set to +2.904 V (code=42282)
"
933,58,17,2.9036191907037026,2.773065714502604,-0.13055347620109847,1784348471.666702,1784348473.091558,1784348472.37913,1.57405059,"[dac] CH_A set to +2.773 V (code=41854)
"
934,58,18,2.773065714502604,2.6425122383015056,-0.13055347620109847,1784348473.091758,1784348474.519022,1784348473.80539,1.6089066,"[dac] CH_A set to +2.642 V (code=41426)
"
935,58,19,2.6425122383015056,2.5119587621004067,-0.13055347620109892,1784348474.520051,1784348475.947,1784348475.2335255,1.6504657,"[dac] CH_A set to +2.512 V (code=40999)
"
936,58,20,2.5119587621004067,2.3814052858993078,-0.13055347620109892,1784348475.947171,1784348477.36403,1784348476.6556005,1.66119062,"[dac] CH_A set to +2.381 V (code=40571)
"
937,58,21,2.3814052858993078,2.2508518096982093,-0.13055347620109847,1784348477.3642292,1784348478.781763,1784348478.0729961,1.68398109,"[dac] CH_A set to +2.251 V (code=40143)
"
938,58,22,2.2508518096982093,2.120298333497111,-0.13055347620109847,1784348478.7820082,1784348480.200224,1784348479.491116,1.69202479,"[dac] CH_A set to +2.120 V (code=39715)
"
939,58,23,2.120298333497111,1.989744857296012,-0.13055347620109892,1784348480.200404,1784348481.6165,1784348480.908452,1.70274971,"[dac] CH_A set to +1.990 V (code=39287)
"
940,58,24,1.989744857296012,1.859191381094913,-0.13055347620109892,1784348481.616736,1784348483.0402298,1784348482.3284829,1.68934356,"[dac] CH_A set to +1.859 V (code=38860)
"
941,58,25,1.859191381094913,1.7286379048938145,-0.13055347620109847,1784348483.040499,1784348484.4582322,1784348483.7493656,1.72017772,"[dac] CH_A set to +1.729 V (code=38432)
"
942,58,26,1.7286379048938145,1.598084428692716,-0.13055347620109847,1784348484.458652,1784348485.885366,1784348485.172009,1.71481526,"[dac] CH_A set to +1.598 V (code=38004)
"
943,58,27,1.598084428692716,1.4675309524916171,-0.13055347620109892,1784348485.8855839,1784348487.3082619,1784348486.5969229,1.68398109,"[dac] CH_A set to +1.467 V (code=37576)
"
944,58,28,1.4675309524916171,1.3369774762905182,-0.13055347620109892,1784348487.308501,1784348488.7336042,1784348488.0210526,1.6759374,"[dac] CH_A set to +1.337 V (code=37149)
"
945,58,29,1.3369774762905182,1.2064240000894197,-0.13055347620109847,1784348488.73383,1784348490.1586182,1784348489.4462242,1.6678937,"[dac] CH_A set to +1.206 V (code=36721)
"
946,58,30,1.2064240000894197,1.0758705238883213,-0.13055347620109847,1784348490.1588302,1784348491.575456,1784348490.8671432,1.63169707,"[dac] CH_A set to +1.076 V (code=36293)
"
947,58,31,1.0758705238883213,0.9453170476872224,-0.13055347620109892,1784348491.575836,1784348492.991803,1784348492.2838194,1.59818168,"[dac] CH_A set to +0.945 V (code=35865)
"
948,58,32,0.9453170476872224,0.8147635714861234,-0.13055347620109892,1784348492.9921029,1784348494.4057899,1784348493.6989465,1.56332567,"[dac] CH_A set to +0.815 V (code=35437)
"
949,58,33,0.8147635714861234,0.6842100952850245,-0.13055347620109892,1784348494.406017,1784348495.8294451,1784348495.117731,1.49763549,"[dac] CH_A set to +0.684 V (code=35009)
"
950,58,34,0.6842100952850245,0.5536566190839265,-0.13055347620109803,1784348495.829754,1784348497.25839,1784348496.5440722,1.46412009,"[dac] CH_A set to +0.554 V (code=34582)
"
951,58,35,0.5536566190839265,0.4231031428828276,-0.13055347620109892,1784348497.2590542,1784348498.688792,1784348497.9739232,1.43462654,"[dac] CH_A set to +0.423 V (code=34154)
"
952,58,36,0.4231031428828276,0.29254966668172866,-0.13055347620109892,1784348498.6889799,1784348500.109188,1784348499.399084,1.34748651,"[dac] CH_A set to +0.292 V (code=33726)
"
953,58,37,0.29254966668172866,0.16199619048063063,-0.13055347620109803,1784348500.1093829,1784348501.530067,1784348500.819725,1.32469604,"[dac] CH_A set to +0.162 V (code=33298)
"
954,58,38,0.16199619048063063,0.031442714279531714,-0.13055347620109892,1784348501.530289,1784348502.956772,1784348502.2435305,1.27107141,"[dac] CH_A set to +0.031 V (code=32870)
"
955,58,39,0.031442714279531714,-0.0991107619215672,-0.13055347620109892,1784348502.9569979,1784348504.3761659,1784348503.6665819,1.17186584,"[dac] CH_A set to -0.099 V (code=32443)
"
956,58,40,-0.0991107619215672,-0.22966423812266612,-0.13055347620109892,1784348504.376621,1784348505.791747,1784348505.0841842,1.11019751,"[dac] CH_A set to -0.230 V (code=32015)
"
957,58,41,-0.22966423812266612,-0.36021771432376504,-0.13055347620109892,1784348505.792032,1784348507.209802,1784348506.500917,1.04316671,"[dac] CH_A set to -0.360 V (code=31587)
"
958,58,42,-0.36021771432376504,-0.49077119052486307,-0.13055347620109803,1784348507.2100658,1784348508.632344,1784348507.921205,1.00697009,"[dac] CH_A set to -0.491 V (code=31159)
"
959,58,43,-0.49077119052486307,-0.621324666725962,-0.13055347620109892,1784348508.632607,1784348510.051183,1784348509.341895,0.938598677,"[dac] CH_A set to -0.621 V (code=30732)
"
960,58,44,-0.621324666725962,-0.7518781429270609,-0.13055347620109892,1784348510.0513742,1784348511.4671779,1784348510.759276,0.897039585,"[dac] CH_A set to -0.752 V (code=30304)
"
961,58,45,-0.7518781429270609,-0.8824316191281589,-0.13055347620109803,1784348511.4675279,1784348512.885687,1784348512.1766076,0.792471548,"[dac] CH_A set to -0.882 V (code=29876)
"
962,58,46,-0.8824316191281589,-1.0129850953292578,-0.13055347620109892,1784348512.886834,1784348514.308203,1784348513.5975184,0.725440755,"[dac] CH_A set to -1.013 V (code=29448)
"
963,58,47,-1.0129850953292578,-1.1435385715303568,-0.13055347620109892,1784348514.3084319,1784348515.7282891,1784348515.0183606,0.675837969,"[dac] CH_A set to -1.143 V (code=29021)
"
964,58,48,-1.1435385715303568,-1.2740920477314557,-0.13055347620109892,1784348515.728543,1784348517.147604,1784348516.4380736,0.59137917,"[dac] CH_A set to -1.274 V (code=28593)
"
965,58,49,-1.2740920477314557,-1.4046455239325546,-0.13055347620109892,1784348517.147847,1784348518.558888,1784348517.8533673,0.51362345,"[dac] CH_A set to -1.405 V (code=28165)
"
966,58,50,-1.4046455239325546,-1.5351990001336526,-0.13055347620109803,1784348518.5590951,1784348519.9807968,1784348519.269946,0.466701895,"[dac] CH_A set to -1.535 V (code=27737)
"
967,58,51,-1.5351990001336526,-1.6657524763347515,-0.13055347620109892,1784348519.981217,1784348521.404295,1784348520.692756,0.418439724,"[dac] CH_A set to -1.666 V (code=27309)
"
968,58,52,-1.6657524763347515,-1.7963059525358505,-0.13055347620109892,1784348521.404497,1784348522.827459,1784348522.115978,0.359452627,"[dac] CH_A set to -1.796 V (code=26881)
"
969,58,53,-1.7963059525358505,-1.9268594287369485,-0.13055347620109803,1784348522.827887,1784348524.250092,1784348523.5389895,0.315212303,"[dac] CH_A set to -1.927 V (code=26454)
"
970,58,54,-1.9268594287369485,-2.0574129049380474,-0.13055347620109892,1784348524.250326,1784348525.6691148,1784348524.9597204,0.277675059,"[dac] CH_A set to -2.057 V (code=26026)
"
971,58,55,-2.0574129049380474,-2.1879663811391463,-0.13055347620109892,1784348525.669336,1784348527.095732,1784348526.382534,0.213325498,"[dac] CH_A set to -2.188 V (code=25598)
"
972,58,56,-2.1879663811391463,-2.3185198573402452,-0.13055347620109892,1784348527.095924,1784348528.5122209,1784348527.8040724,0.167744559,"[dac] CH_A set to -2.319 V (code=25170)
"
973,58,57,-2.3185198573402452,-2.449073333541344,-0.13055347620109892,1784348528.512596,1784348529.936052,1784348529.224324,0.126185468,"[dac] CH_A set to -2.449 V (code=24742)
"
974,58,58,-2.449073333541344,-2.579626809742442,-0.13055347620109803,1784348529.936279,1784348531.357096,1784348530.6466875,0.0980325345,"[dac] CH_A set to -2.580 V (code=24315)
"
975,58,59,-2.579626809742442,-2.710180285943541,-0.13055347620109892,1784348531.357344,1784348532.782253,1784348532.0697985,0.0645171381,"[dac] CH_A set to -2.710 V (code=23887)
"
976,58,60,-2.710180285943541,-2.84073376214464,-0.13055347620109892,1784348532.7825348,1784348534.2089999,1784348533.4957674,0.056473443,"[dac] CH_A set to -2.841 V (code=23459)
"
977,58,61,-2.84073376214464,-2.971287238345738,-0.13055347620109803,1784348534.2094772,1784348535.6301508,1784348534.919814,0.047089132,"[dac] CH_A set to -2.971 V (code=23031)
"
978,58,62,-2.971287238345738,-3.101840714546837,-0.13055347620109892,1784348535.630319,1784348537.058778,1784348536.3445487,0.0175955831,"[dac] CH_A set to -3.102 V (code=22604)
"
979,58,63,-3.101840714546837,-3.232394190747936,-0.13055347620109892,1784348537.059008,1784348538.4823308,1784348537.7706695,0.00553004041,"[dac] CH_A set to -3.232 V (code=22176)
"
980,58,64,-3.232394190747936,-3.362947666949035,-0.13055347620109892,1784348538.483403,1784348539.905864,1784348539.1946335,0.0350235893,"[dac] CH_A set to -3.363 V (code=21748)
"
981,59,0,-3.4935011431501337,-3.558777881250683,-0.06527673810054946,1784348568.1830568,1784348569.608112,1784348568.8955846,0.0310017417,"[dac] CH_A set to -3.559 V (code=21106)
"
982,59,1,-3.558777881250683,-3.6240546193512326,-0.06527673810054946,1784348569.6091719,1784348571.033094,1784348570.321133,0.0323423575,"[dac] CH_A set to -3.624 V (code=20892)
"
983,60,0,-3.4935011431501337,-3.367782980882409,0.1257181622677246,1784348599.321951,1784348600.7323241,1784348600.0271375,0.02832051,"[dac] CH_A set to -3.368 V (code=21732)
"
984,60,1,-3.367782980882409,-3.2420648186146845,0.1257181622677246,1784348600.732589,1784348602.158062,1784348601.4453254,0.00687065626,"[dac] CH_A set to -3.242 V (code=22144)
"
985,60,2,-3.2420648186146845,-3.1163466563469595,0.12571816226772503,1784348602.158274,1784348603.5808241,1784348602.869549,-0.00251356908,"[dac] CH_A set to -3.116 V (code=22556)
"
986,60,3,-3.1163466563469595,-2.990628494079235,0.1257181622677246,1784348603.581079,1784348605.004566,1784348604.2928224,0.00821149766,"[dac] CH_A set to -2.991 V (code=22968)
"
987,60,4,-2.990628494079235,-2.8649103318115103,0.1257181622677246,1784348605.004801,1784348606.425632,1784348605.7152166,0.00955220487,"[dac] CH_A set to -2.865 V (code=23380)
"
988,60,5,-2.8649103318115103,-2.7391921695437853,0.12571816226772503,1784348606.4258602,1784348607.856035,1784348607.1409476,0.037704821,"[dac] CH_A set to -2.739 V (code=23792)
"
989,60,6,-2.7391921695437853,-2.6134740072760607,0.1257181622677246,1784348607.856262,1784348609.284986,1784348608.5706239,0.0403860527,"[dac] CH_A set to -2.614 V (code=24204)
"
990,60,7,-2.6134740072760607,-2.487755845008336,0.1257181622677246,1784348609.2854679,1784348610.711841,1784348609.9986544,0.0846263759,"[dac] CH_A set to -2.488 V (code=24616)
"
991,60,8,-2.487755845008336,-2.3620376827406115,0.1257181622677246,1784348610.712058,1784348612.131139,1784348611.4215984,0.075242065,"[dac] CH_A set to -2.362 V (code=25028)
"
992,60,9,-2.3620376827406115,-2.236319520472887,0.1257181622677246,1784348612.131378,1784348613.549792,1784348612.840585,0.147635321,"[dac] CH_A set to -2.236 V (code=25440)
"
993,60,10,-2.236319520472887,-2.110601358205162,0.12571816226772503,1784348613.549977,1784348614.974803,1784348614.2623901,0.179810102,"[dac] CH_A set to -2.111 V (code=25852)
"
994,60,11,-2.110601358205162,-1.9848831959374373,0.1257181622677246,1784348614.9750159,1784348616.396949,1784348615.6859825,0.183831949,"[dac] CH_A set to -1.985 V (code=26263)
"
995,60,12,-1.9848831959374373,-1.8591650336697128,0.1257181622677246,1784348616.3971698,1784348617.8216472,1784348617.1094084,0.252203358,"[dac] CH_A set to -1.859 V (code=26675)
"
996,60,13,-1.8591650336697128,-1.733446871401988,0.1257181622677248,1784348617.8220952,1784348619.2523599,1784348618.5372276,0.289740602,"[dac] CH_A set to -1.733 V (code=27088)
"
997,60,14,-1.733446871401988,-1.6077287091342631,0.1257181622677248,1784348619.2525902,1784348620.691689,1784348619.9721396,0.347387084,"[dac] CH_A set to -1.608 V (code=27499)
"
998,60,15,-1.6077287091342631,-1.4820105468665385,0.1257181622677246,1784348620.691941,1784348622.108306,1784348621.4001236,0.38760556,"[dac] CH_A set to -1.482 V (code=27911)
"
999,60,16,-1.4820105468665385,-1.356292384598814,0.1257181622677246,1784348622.108522,1784348623.541304,1784348622.824913,0.449273889,"[dac] CH_A set to -1.356 V (code=28323)
"
1000,60,17,-1.356292384598814,-1.2305742223310894,0.1257181622677246,1784348623.541499,1784348624.996531,1784348624.2690148,0.482789285,"[dac] CH_A set to -1.231 V (code=28735)
"
1001,60,18,-1.2305742223310894,-1.1048560600633643,0.12571816226772503,1784348624.996759,1784348626.429742,1784348625.7132506,0.559204389,"[dac] CH_A set to -1.105 V (code=29147)
"
1002,60,19,-1.1048560600633643,-0.9791378977956398,0.1257181622677246,1784348626.429906,1784348627.849563,1784348627.1397343,0.611488408,"[dac] CH_A set to -0.979 V (code=29559)
"
1003,60,20,-0.9791378977956398,-0.8534197355279152,0.1257181622677246,1784348627.849762,1784348629.283979,1784348628.5668705,0.658409963,"[dac] CH_A set to -0.853 V (code=29971)
"
1004,60,21,-0.8534197355279152,-0.7277015732601901,0.12571816226772503,1784348629.2841868,1784348630.7260318,1784348630.0051093,0.761637384,"[dac] CH_A set to -0.728 V (code=30383)
"
1005,60,22,-0.7277015732601901,-0.6019834109924656,0.1257181622677246,1784348630.726439,1784348632.1673222,1784348631.4468806,0.801855859,"[dac] CH_A set to -0.602 V (code=30795)
"
1006,60,23,-0.6019834109924656,-0.47626524872474096,0.1257181622677246,1784348632.167511,1784348633.616519,1784348632.892015,0.870227268,"[dac] CH_A set to -0.476 V (code=31207)
"
1007,60,24,-0.47626524872474096,-0.3505470864570164,0.1257181622677246,1784348633.616714,1784348635.0580301,1784348634.337372,0.938598677,"[dac] CH_A set to -0.350 V (code=31619)
"
1008,60,25,-0.3505470864570164,-0.2248289241892918,0.1257181622677246,1784348635.058243,1784348636.4980538,1784348635.7781484,1.00562947,"[dac] CH_A set to -0.225 V (code=32031)
"
1009,60,26,-0.2248289241892918,-0.0991107619215672,0.1257181622677246,1784348636.4983401,1784348637.9296808,1784348637.2140105,1.06595718,"[dac] CH_A set to -0.099 V (code=32443)
"
1010,61,0,0.031442714279531714,0.09671945238008117,0.06527673810054946,1784348666.4464462,1784348667.882016,1784348667.164231,1.18393138,"[dac] CH_A set to +0.097 V (code=33084)
"
1011,61,1,0.09671945238008117,0.16199619048063063,0.06527673810054946,1784348667.883601,1784348669.329288,1784348668.6064444,1.16516276,"[dac] CH_A set to +0.162 V (code=33298)
"
1012,62,0,0.031442714279531714,0.16199619048063035,0.13055347620109864,1784348697.864987,1784348699.290241,1784348698.5776138,1.19599692,"[dac] CH_A set to +0.162 V (code=33298)
"
1013,62,1,0.16199619048063035,0.292549666681729,0.13055347620109864,1784348699.291143,1784348700.731498,1784348700.0113206,1.25230279,"[dac] CH_A set to +0.292 V (code=33726)
"
1014,62,2,0.292549666681729,0.42310314288282763,0.13055347620109864,1784348700.731702,1784348702.149963,1784348701.4408326,1.32335543,"[dac] CH_A set to +0.423 V (code=34154)
"
1015,62,3,0.42310314288282763,0.5536566190839263,0.13055347620109864,1784348702.150166,1784348703.590894,1784348702.8705301,1.34882713,"[dac] CH_A set to +0.554 V (code=34582)
"
1016,62,4,0.5536566190839263,0.684210095285025,0.1305534762010987,1784348703.59111,1784348705.023724,1784348704.307417,1.40513299,"[dac] CH_A set to +0.684 V (code=35009)
"
1017,62,5,0.684210095285025,0.8147635714861236,0.13055347620109858,1784348705.024508,1784348706.45388,1784348705.739194,1.48556995,"[dac] CH_A set to +0.815 V (code=35437)
"
1018,62,6,0.8147635714861236,0.9453170476872221,0.13055347620109858,1784348706.454067,1784348707.8899012,1784348707.1719842,1.51372288,"[dac] CH_A set to +0.945 V (code=35865)
"
1019,62,7,0.9453170476872221,1.0758705238883208,0.1305534762010987,1784348707.890104,1784348709.333366,1784348708.6117349,1.52846965,"[dac] CH_A set to +1.076 V (code=36293)
"
1020,62,8,1.0758705238883208,1.2064240000894195,0.1305534762010987,1784348709.333594,1784348710.7675142,1784348710.0505543,1.58879737,"[dac] CH_A set to +1.206 V (code=36721)
"
1021,62,9,1.2064240000894195,1.3369774762905182,0.1305534762010987,1784348710.767736,1784348712.198546,1784348711.483141,1.62231276,"[dac] CH_A set to +1.337 V (code=37149)
"
1022,62,10,1.3369774762905182,1.4675309524916167,0.13055347620109847,1784348712.198808,1784348713.639905,1784348712.9193563,1.63169707,"[dac] CH_A set to +1.467 V (code=37576)
"
1023,62,11,1.4675309524916167,1.5980844286927154,0.1305534762010987,1784348713.640191,1784348715.082342,1784348714.3612666,1.65850939,"[dac] CH_A set to +1.598 V (code=38004)
"
1024,62,12,1.5980844286927154,1.728637904893814,0.1305534762010987,1784348715.08286,1784348716.532634,1784348715.807747,1.66387185,"[dac] CH_A set to +1.729 V (code=38432)
"
1025,63,0,1.5980844286927152,1.5328076905921657,-0.06527673810054946,1784348745.076544,1784348746.5293581,1784348745.802951,1.6759374,"[dac] CH_A set to +1.533 V (code=37790)
"
1026,63,1,1.5328076905921657,1.4675309524916162,-0.06527673810054946,1784348746.530122,1784348747.955898,1784348747.24301,1.65582816,"[dac] CH_A set to +1.467 V (code=37576)
"
1027,64,0,1.5980844286927152,1.7286379048938139,0.1305534762010987,1784348776.4534972,1784348777.883837,1784348777.168667,1.65180631,"[dac] CH_A set to +1.729 V (code=38432)
"
1028,64,1,1.7286379048938139,1.8591913810949126,0.1305534762010987,1784348777.885383,1784348779.309031,1784348778.597207,1.71481526,"[dac] CH_A set to +1.859 V (code=38860)
"
1029,64,2,1.8591913810949126,1.989744857296011,0.13055347620109847,1784348779.309289,1784348780.749544,1784348780.0294166,1.70543095,"[dac] CH_A set to +1.990 V (code=39287)
"
1030,64,3,1.989744857296011,2.12029833349711,0.13055347620109892,1784348780.74973,1784348782.193812,1784348781.471771,1.71883711,"[dac] CH_A set to +2.120 V (code=39715)
"
1031,64,4,2.12029833349711,2.2508518096982084,0.13055347620109847,1784348782.194025,1784348783.641174,1784348782.9175997,1.71481526,"[dac] CH_A set to +2.251 V (code=40143)
"
1032,64,5,2.2508518096982084,2.381405285899307,0.13055347620109847,1784348783.641398,1784348785.0682182,1784348784.354808,1.6759374,"[dac] CH_A set to +2.381 V (code=40571)
"
1033,64,6,2.381405285899307,2.511958762100406,0.13055347620109892,1784348785.068497,1784348786.489401,1784348785.778949,1.69202479,"[dac] CH_A set to +2.512 V (code=40999)
"
1034,64,7,2.511958762100406,2.6425122383015047,0.13055347620109892,1784348786.489634,1784348787.9144902,1784348787.2020621,1.66923432,"[dac] CH_A set to +2.642 V (code=41426)
"
1035,64,8,2.6425122383015047,2.773065714502603,0.13055347620109847,1784348787.9162161,1784348789.3488588,1784348788.6325374,1.63437831,"[dac] CH_A set to +2.773 V (code=41854)
"
1036,64,9,2.773065714502603,2.9036191907037017,0.13055347620109847,1784348789.3490639,1784348790.7920792,1784348790.0705714,1.60086291,"[dac] CH_A set to +2.904 V (code=42282)
"
1037,64,10,2.9036191907037017,3.0341726669048006,0.13055347620109892,1784348790.792304,1784348792.2284899,1784348791.510397,1.59550045,"[dac] CH_A set to +3.034 V (code=42710)
"
1038,64,11,3.0341726669048006,3.164726143105899,0.13055347620109847,1784348792.228707,1784348793.665754,1784348792.9472306,1.53517273,"[dac] CH_A set to +3.165 V (code=43137)
"
1039,64,12,3.164726143105899,3.2952796193069975,0.13055347620109847,1784348793.667382,1784348795.0983171,1784348794.3828497,1.49361364,"[dac] CH_A set to +3.295 V (code=43565)
"
1040,64,13,3.2952796193069975,3.4258330955080964,0.13055347620109892,1784348795.098586,1784348796.523548,1784348795.811067,1.46814194,"[dac] CH_A set to +3.426 V (code=43993)
"
1041,64,14,3.4258330955080964,3.5563865717091954,0.13055347620109892,1784348796.523755,1784348797.943255,1784348797.233505,1.40781423,"[dac] CH_A set to +3.556 V (code=44421)
"
1042,64,15,3.5563865717091954,3.686940047910294,0.13055347620109847,1784348797.943454,1784348799.3803751,1784348798.6619146,1.35150836,"[dac] CH_A set to +3.687 V (code=44849)
"
1043,64,16,3.686940047910294,3.8174935241113923,0.13055347620109847,1784348799.38129,1784348800.823495,1784348800.1023924,1.29520249,"[dac] CH_A set to +3.818 V (code=45276)
"
1044,64,17,3.8174935241113923,3.9480470003124912,0.13055347620109892,1784348800.8238258,1784348802.269334,1784348801.5465798,1.22549047,"[dac] CH_A set to +3.948 V (code=45704)
"
1045,64,18,3.9480470003124912,4.078600476513589,0.13055347620109803,1784348802.26973,1784348803.7244391,1784348802.9970846,1.15577845,"[dac] CH_A set to +4.079 V (code=46132)
"
1046,64,19,4.078600476513589,4.209153952714688,0.13055347620109892,1784348803.7246342,1784348805.176175,1784348804.4504046,1.1008132,"[dac] CH_A set to +4.209 V (code=46560)
"
1047,64,20,4.209153952714688,4.339707428915787,0.13055347620109892,1784348805.176457,1784348806.606791,1784348805.891624,1.02171686,"[dac] CH_A set to +4.340 V (code=46988)
"
1048,64,21,4.339707428915787,4.470260905116886,0.13055347620109892,1784348806.6069849,1784348808.0513542,1784348807.3291695,0.969432841,"[dac] CH_A set to +4.470 V (code=47416)
"
1049,64,22,4.470260905116886,4.600814381317985,0.13055347620109892,1784348808.0515862,1784348809.489221,1784348808.7704036,0.917148823,"[dac] CH_A set to +4.601 V (code=47843)
"
1050,64,23,4.600814381317985,4.731367857519083,0.13055347620109803,1784348809.489424,1784348810.92325,1784348810.206337,0.847436798,"[dac] CH_A set to +4.731 V (code=48271)
"
1051,64,24,4.731367857519083,4.861921333720182,0.13055347620109892,1784348810.9234948,1784348812.381006,1784348811.6522503,0.765659231,"[dac] CH_A set to +4.862 V (code=48699)
"
1052,64,25,4.861921333720182,4.99247480992128,0.13055347620109803,1784348812.382661,1784348813.809074,1784348813.0958676,0.721418908,"[dac] CH_A set to +4.992 V (code=49127)
"
1053,64,26,4.99247480992128,5.123028286122379,0.13055347620109892,1784348813.8093162,1784348815.239556,1784348814.524436,0.650366267,"[dac] CH_A set to +5.123 V (code=49554)
"
1054,64,27,5.123028286122379,5.253581762323478,0.13055347620109892,1784348815.2397811,1784348816.68458,1784348815.9621806,0.576632395,"[dac] CH_A set to +5.254 V (code=49982)
"
1055,64,28,5.253581762323478,5.384135238524577,0.13055347620109892,1784348816.684853,1784348818.124161,1784348817.4045072,0.518985913,"[dac] CH_A set to +5.384 V (code=50410)
"
1056,64,29,5.384135238524577,5.514688714725676,0.13055347620109892,1784348818.124362,1784348819.566669,1784348818.8455155,0.447933273,"[dac] CH_A set to +5.515 V (code=50838)
"
1057,65,0,5.6452421909267745,5.710518929027324,0.06527673810054946,1784348848.0494468,1784348849.499407,1784348848.774427,0.359452627,"[dac] CH_A set to +5.710 V (code=51479)
"
1058,65,1,5.710518929027324,5.775795667127873,0.06527673810054946,1784348849.499671,1784348850.929634,1784348850.2146525,0.307168608,"[dac] CH_A set to +5.776 V (code=51693)
"
1059,66,0,5.6452421909267745,5.514688714725676,-0.13055347620109892,1784348879.4413729,1784348880.874453,1784348880.157913,0.38760556,"[dac] CH_A set to +5.515 V (code=50838)
"
1060,66,1,5.514688714725676,5.384135238524577,-0.13055347620109892,1784348880.875519,1784348882.301314,1784348881.5884166,0.465361279,"[dac] CH_A set to +5.384 V (code=50410)
"
1061,66,2,5.384135238524577,5.253581762323479,-0.13055347620109803,1784348882.3015249,1784348883.7505841,1784348883.0260544,0.52971084,"[dac] CH_A set to +5.254 V (code=49982)
"
1062,66,3,5.253581762323479,5.12302828612238,-0.13055347620109892,1784348883.750823,1784348885.182814,1784348884.4668183,0.553841926,"[dac] CH_A set to +5.123 V (code=49554)
"
1063,66,4,5.12302828612238,4.992474809921281,-0.13055347620109892,1784348885.1830232,1784348886.626615,1784348885.904819,0.62355395,"[dac] CH_A set to +4.992 V (code=49127)
"
1064,66,5,4.992474809921281,4.861921333720183,-0.13055347620109803,1784348886.6276212,1784348888.064446,1784348887.3460336,0.683881664,"[dac] CH_A set to +4.862 V (code=48699)
"
1065,66,6,4.861921333720183,4.731367857519084,-0.13055347620109892,1784348888.064657,1784348889.5002189,1784348888.7824378,0.736165682,"[dac] CH_A set to +4.731 V (code=48271)
"
1066,66,7,4.731367857519084,4.600814381317985,-0.13055347620109892,1784348889.500458,1784348890.9491782,1784348890.2248182,0.821965097,"[dac] CH_A set to +4.601 V (code=47843)
"
1067,66,8,4.600814381317985,4.470260905116886,-0.13055347620109892,1784348890.9493802,1784348892.383931,1784348891.6666555,0.864864804,"[dac] CH_A set to +4.470 V (code=47416)
"
1068,66,9,4.470260905116886,4.339707428915787,-0.13055347620109892,1784348892.3841238,1784348893.83283,1784348893.1084769,0.934576829,"[dac] CH_A set to +4.340 V (code=46988)
"
1069,66,10,4.339707428915787,4.209153952714689,-0.13055347620109803,1784348893.8338711,1784348895.262047,1784348894.547959,1.00160762,"[dac] CH_A set to +4.209 V (code=46560)
"
1070,66,11,4.209153952714689,4.07860047651359,-0.13055347620109892,1784348895.2622359,1784348896.701347,1784348895.9817915,1.05121041,"[dac] CH_A set to +4.079 V (code=46132)
"
1071,66,12,4.07860047651359,3.9480470003124912,-0.13055347620109892,1784348896.701592,1784348898.139564,1784348897.420578,1.11153812,"[dac] CH_A set to +3.948 V (code=45704)
"
1072,66,13,3.9480470003124912,3.8174935241113928,-0.13055347620109847,1784348898.139771,1784348899.567071,1784348898.853421,1.20404062,"[dac] CH_A set to +3.818 V (code=45276)
"
1073,66,14,3.8174935241113928,3.6869400479102943,-0.13055347620109847,1784348899.567251,1784348900.982927,1784348900.275089,1.2362154,"[dac] CH_A set to +3.687 V (code=44849)
"
1074,66,15,3.6869400479102943,3.5563865717091954,-0.13055347620109892,1784348900.983126,1784348902.4300869,1784348901.7066064,1.30860865,"[dac] CH_A set to +3.556 V (code=44421)
"
1075,66,16,3.5563865717091954,3.4258330955080964,-0.13055347620109892,1784348902.430488,1784348903.871972,1784348903.15123,1.3716176,"[dac] CH_A set to +3.426 V (code=43993)
"
1076,66,17,3.4258330955080964,3.295279619306998,-0.13055347620109847,1784348903.872252,1784348905.316353,1784348904.5943027,1.38636437,"[dac] CH_A set to +3.295 V (code=43565)
"
1077,66,18,3.295279619306998,3.1647261431058995,-0.13055347620109847,1784348905.316571,1784348906.757099,1784348906.036835,1.47484502,"[dac] CH_A set to +3.165 V (code=43137)
"
1078,66,19,3.1647261431058995,3.0341726669048006,-0.13055347620109892,1784348906.757507,1784348908.207752,1784348907.4826295,1.47752625,"[dac] CH_A set to +3.034 V (code=42710)
"
1079,66,20,3.0341726669048006,2.9036191907037017,-0.13055347620109892,1784348908.208878,1784348909.641332,1784348908.925105,1.55126012,"[dac] CH_A set to +2.904 V (code=42282)
"
1080,66,21,2.9036191907037017,2.773065714502603,-0.13055347620109847,1784348909.64152,1784348911.065372,1784348910.353446,1.60354414,"[dac] CH_A set to +2.773 V (code=41854)
"
1081,66,22,2.773065714502603,2.6425122383015047,-0.13055347620109847,1784348911.065561,1784348912.516326,1784348911.7909436,1.6089066,"[dac] CH_A set to +2.642 V (code=41426)
"
1082,66,23,2.6425122383015047,2.511958762100406,-0.13055347620109892,1784348912.516511,1784348913.962872,1784348913.2396915,1.64376262,"[dac] CH_A set to +2.512 V (code=40999)
"
1083,66,24,2.511958762100406,2.381405285899307,-0.13055347620109892,1784348913.963259,1784348915.399637,1784348914.681448,1.64376262,"[dac] CH_A set to +2.381 V (code=40571)
"
1084,66,25,2.381405285899307,2.2508518096982084,-0.13055347620109847,1784348915.399852,1784348916.834014,1784348916.1169329,1.69202479,"[dac] CH_A set to +2.251 V (code=40143)
"
1085,66,26,2.2508518096982084,2.12029833349711,-0.13055347620109847,1784348916.834218,1784348918.271683,1784348917.5529504,1.71481526,"[dac] CH_A set to +2.120 V (code=39715)
"
1086,66,27,2.12029833349711,1.989744857296011,-0.13055347620109892,1784348918.271917,1784348919.714588,1784348918.9932525,1.70677156,"[dac] CH_A set to +1.990 V (code=39287)
"
1087,66,28,1.989744857296011,1.859191381094912,-0.13055347620109892,1784348919.715669,1784348921.1380239,1784348920.4268465,1.67459678,"[dac] CH_A set to +1.859 V (code=38860)
"
1088,66,29,1.859191381094912,1.7286379048938136,-0.13055347620109847,1784348921.138259,1784348922.574496,1784348921.8563776,1.70543095,"[dac] CH_A set to +1.729 V (code=38432)
"
1089,66,30,1.7286379048938136,1.5980844286927152,-0.13055347620109847,1784348922.574809,1784348924.01581,1784348923.2953095,1.71079341,"[dac] CH_A set to +1.598 V (code=38004)
"
1090,66,31,1.5980844286927152,1.4675309524916162,-0.13055347620109892,1784348924.016022,1784348925.447828,1784348924.731925,1.67325617,"[dac] CH_A set to +1.467 V (code=37576)
"
1091,66,32,1.4675309524916162,1.3369774762905173,-0.13055347620109892,1784348925.447988,1784348926.88231,1784348926.165149,1.68532171,"[dac] CH_A set to +1.337 V (code=37149)
"
1092,66,33,1.3369774762905173,1.2064240000894184,-0.13055347620109892,1784348926.883344,1784348928.318221,1784348927.6007824,1.62097215,"[dac] CH_A set to +1.206 V (code=36721)
"
1093,66,34,1.2064240000894184,1.0758705238883204,-0.13055347620109803,1784348928.3184,1784348929.756486,1784348929.037443,1.62231276,"[dac] CH_A set to +1.076 V (code=36293)
"
1094,66,35,1.0758705238883204,0.9453170476872215,-0.13055347620109892,1784348929.7571158,1784348931.20752,1784348930.482318,1.59550045,"[dac] CH_A set to +0.945 V (code=35865)
"
1095,66,36,0.9453170476872215,0.8147635714861226,-0.13055347620109892,1784348931.207774,1784348932.647807,1784348931.9277904,1.54991951,"[dac] CH_A set to +0.815 V (code=35437)
"
1096,66,37,0.8147635714861226,0.6842100952850245,-0.13055347620109803,1784348932.64817,1784348934.103641,1784348933.3759055,1.50165734,"[dac] CH_A set to +0.684 V (code=35009)
"
1097,66,38,0.6842100952850245,0.5536566190839256,-0.13055347620109892,1784348934.1038349,1784348935.5426052,1784348934.82322,1.46412009,"[dac] CH_A set to +0.554 V (code=34582)
"
1098,66,39,0.5536566190839256,0.4231031428828267,-0.13055347620109892,1784348935.542795,1784348936.9794729,1784348936.261134,1.41853915,"[dac] CH_A set to +0.423 V (code=34154)
"
1099,66,40,0.4231031428828267,0.29254966668172777,-0.13055347620109892,1784348936.979699,1784348938.4070568,1784348937.693378,1.38368314,"[dac] CH_A set to +0.292 V (code=33726)
"
1100,66,41,0.29254966668172777,0.16199619048062885,-0.13055347620109892,1784348938.4080892,1784348939.854499,1784348939.1312943,1.2791151,"[dac] CH_A set to +0.162 V (code=33298)
"
1101,66,42,0.16199619048062885,0.031442714279530826,-0.13055347620109803,1784348939.85483,1784348941.299793,1784348940.5773115,1.28447757,"[dac] CH_A set to +0.031 V (code=32870)
"
1102,66,43,0.031442714279530826,-0.09911076192156809,-0.13055347620109892,1784348941.300002,1784348942.740382,1784348942.0201921,1.20135938,"[dac] CH_A set to -0.099 V (code=32443)
"
1103,66,44,-0.09911076192156809,-0.229664238122667,-0.13055347620109892,1784348942.7406101,1784348944.18104,1784348943.460825,1.12092243,"[dac] CH_A set to -0.230 V (code=32015)
"
1104,66,45,-0.229664238122667,-0.36021771432376504,-0.13055347620109803,1784348944.182059,1784348945.631553,1784348944.906806,1.06461657,"[dac] CH_A set to -0.360 V (code=31587)
"
1105,66,46,-0.36021771432376504,-0.49077119052486395,-0.13055347620109892,1784348945.631743,1784348947.075674,1784348946.3537085,1.01501378,"[dac] CH_A set to -0.491 V (code=31159)
"
1106,66,47,-0.49077119052486395,-0.6213246667259629,-0.13055347620109892,1784348947.0758789,1784348948.512424,1784348947.7941513,0.930554981,"[dac] CH_A set to -0.621 V (code=30732)
"
1107,66,48,-0.6213246667259629,-0.7518781429270618,-0.13055347620109892,1784348948.512667,1784348949.939252,1784348949.2259593,0.88899589,"[dac] CH_A set to -0.752 V (code=30304)
"
1108,66,49,-0.7518781429270618,-0.8824316191281607,-0.13055347620109892,1784348949.940278,1784348951.375511,1784348950.6578946,0.820624481,"[dac] CH_A set to -0.882 V (code=29876)
"
1109,66,50,-0.8824316191281607,-1.0129850953292587,-0.13055347620109803,1784348951.375799,1784348952.8203268,1784348952.098063,0.725440755,"[dac] CH_A set to -1.013 V (code=29448)
"
1110,66,51,-1.0129850953292587,-1.1435385715303577,-0.13055347620109892,1784348952.8205,1784348954.264469,1784348953.5424843,0.666453658,"[dac] CH_A set to -1.143 V (code=29021)
"
1111,66,52,-1.1435385715303577,-1.2740920477314566,-0.13055347620109892,1784348954.264671,1784348955.695234,1784348954.9799526,0.600763481,"[dac] CH_A set to -1.274 V (code=28593)
"
1112,66,53,-1.2740920477314566,-1.4046455239325546,-0.13055347620109803,1784348955.695509,1784348957.125986,1784348956.4107475,0.523007761,"[dac] CH_A set to -1.405 V (code=28165)
"
1113,66,54,-1.4046455239325546,-1.5351990001336535,-0.13055347620109892,1784348957.1262221,1784348958.572045,1784348957.8491335,0.470723743,"[dac] CH_A set to -1.535 V (code=27737)
"
1114,66,55,-1.5351990001336535,-1.6657524763347524,-0.13055347620109892,1784348958.5722299,1784348960.0137532,1784348959.2929916,0.439889578,"[dac] CH_A set to -1.666 V (code=27309)
"
1115,66,56,-1.6657524763347524,-1.7963059525358513,-0.13055347620109892,1784348960.013948,1784348961.4614558,1784348960.737702,0.360793242,"[dac] CH_A set to -1.796 V (code=26881)
"
1116,66,57,-1.7963059525358513,-1.9268594287369503,-0.13055347620109892,1784348961.461635,1784348962.897656,1784348962.1796455,0.319234151,"[dac] CH_A set to -1.927 V (code=26454)
"
1117,66,58,-1.9268594287369503,-2.0574129049380483,-0.13055347620109803,1784348962.897851,1784348964.3322828,1784348963.615067,0.283037523,"[dac] CH_A set to -2.057 V (code=26026)
"
1118,66,59,-2.0574129049380483,-2.187966381139147,-0.13055347620109892,1784348964.332522,1784348965.7661529,1784348965.0493374,0.222709809,"[dac] CH_A set to -2.188 V (code=25598)
"
1119,66,60,-2.187966381139147,-2.318519857340246,-0.13055347620109892,1784348965.7664661,1784348967.204445,1784348966.4854555,0.171766407,"[dac] CH_A set to -2.319 V (code=25170)
"
1120,66,61,-2.318519857340246,-2.449073333541344,-0.13055347620109803,1784348967.204673,1784348968.65184,1784348967.9282565,0.144954089,"[dac] CH_A set to -2.449 V (code=24742)
"
1121,66,62,-2.449073333541344,-2.579626809742443,-0.13055347620109892,1784348968.6522171,1784348970.090253,1784348969.3712351,0.111438693,"[dac] CH_A set to -2.580 V (code=24315)
"
1122,66,63,-2.579626809742443,-2.710180285943542,-0.13055347620109892,1784348970.0904949,1784348971.527092,1784348970.8087935,0.0832857601,"[dac] CH_A set to -2.710 V (code=23887)
"
1123,66,64,-2.710180285943542,-2.840733762144641,-0.13055347620109892,1784348971.527297,1784348972.9591029,1784348972.2431998,0.0618359064,"[dac] CH_A set to -2.841 V (code=23459)
"
1124,66,65,-2.840733762144641,-2.97128723834574,-0.13055347620109892,1784348972.9593768,1784348974.3867352,1784348973.6730561,0.02832051,"[dac] CH_A set to -2.971 V (code=23031)
"
1125,66,66,-2.97128723834574,-3.1018407145468387,-0.13055347620109892,1784348974.3870049,1784348975.813968,1784348975.1004863,0.02832051,"[dac] CH_A set to -3.102 V (code=22604)
"
1126,66,67,-3.1018407145468387,-3.2323941907479377,-0.13055347620109892,1784348975.81424,1784348977.254452,1784348976.534346,0.0229580465,"[dac] CH_A set to -3.232 V (code=22176)
"
1127,66,68,-3.2323941907479377,-3.362947666949035,-0.13055347620109714,1784348977.2546802,1784348978.6906571,1784348977.9726686,-0.00251338351,"[dac] CH_A set to -3.363 V (code=21748)
"
1128,66,69,-3.362947666949035,-3.4935011431501337,-0.13055347620109892,1784348978.6909828,1784348980.12544,1784348979.4082112,-0.00519470944,"[dac] CH_A set to -3.493 V (code=21320)
"
1129,66,70,-3.4935011431501337,-3.6240546193512326,-0.13055347620109892,1784348980.1256452,1784348981.5646238,1784348980.8451345,0.056473443,"[dac] CH_A set to -3.624 V (code=20892)
"
1130,66,71,-3.6240546193512326,-3.7546080955523315,-0.13055347620109892,1784348981.564834,1784348982.9974778,1784348982.281156,0.0363642051,"[dac] CH_A set to -3.755 V (code=20465)
"
1131,66,72,-3.7546080955523315,-3.8851615717534296,-0.13055347620109803,1784348982.997715,1784348984.41945,1784348983.7085824,0.0685389857,"[dac] CH_A set to -3.885 V (code=20037)
"
1132,67,0,-4.0157150479545285,-4.080991786055078,-0.06527673810054946,1784349012.9648619,1784349014.390958,1784349013.6779099,0.123504236,"[dac] CH_A set to -4.081 V (code=19395)
"
1133,67,1,-4.080991786055078,-4.146268524155627,-0.06527673810054946,1784349014.391165,1784349015.815736,1784349015.1034505,0.131547931,"[dac] CH_A set to -4.146 V (code=19181)
"
1134,68,0,-4.0157150479545285,-3.8944868200535083,0.12122822790102017,1784349044.374667,1784349045.815108,1784349045.0948875,0.0832857601,"[dac] CH_A set to -3.895 V (code=20006)
"
1135,68,1,-3.8944868200535083,-3.773258592152488,0.12122822790102017,1784349045.8153112,1784349047.245753,1784349046.5305321,0.0765826808,"[dac] CH_A set to -3.773 V (code=20403)
"
1136,68,2,-3.773258592152488,-3.652030364251468,0.12122822790102017,1784349047.24595,1784349048.683294,1784349047.964622,0.0524515954,"[dac] CH_A set to -3.652 V (code=20801)
"
1137,68,3,-3.652030364251468,-3.5308021363504474,0.12122822790102061,1784349048.683546,1784349050.109438,1784349049.396492,0.0403860527,"[dac] CH_A set to -3.531 V (code=21198)
"
1138,68,4,-3.5308021363504474,-3.409573908449427,0.12122822790102017,1784349050.1096718,1784349051.5484219,1784349050.8290467,0.0122331197,"[dac] CH_A set to -3.410 V (code=21595)
"
1139,68,5,-3.409573908449427,-3.288345680548407,0.12122822790102017,1784349051.548749,1784349052.991068,1784349052.2699084,0.0242986624,"[dac] CH_A set to -3.288 V (code=21993)
"
1140,68,6,-3.288345680548407,-3.167117452647387,0.12122822790102017,1784349052.991284,1784349054.5755148,1784349053.7833993,0.0175955831,"[dac] CH_A set to -3.167 V (code=22390)
[acq] n=16 win=320.0ms dc=-0.000508V
  f=1000.0 mag=0.000051 ph=-1.808 i=-0.000012 q=-0.000049
  f=2000.0 mag=0.000035 ph=-1.705 i=-0.000005 q=-0.000034
ACQ n=16 dc=-0.000508 | 1000.0,-0.000012,-0.000049 2000.0,-0.000005,-0.000034
RAWADC v=1 scope=acq expected=20480 used=20480 read_fail=0 blocks=16 complete=1 timeout=0 gain=1 fs_uv=1200000 guard=8381618 crc=0
RAWADC_CH v=1 scope=acq ch=0 min=-81977 max=426825 rail_lo=0 rail_hi=0 guard_lo=0 guard_hi=0
"
1141,68,7,-3.167117452647387,-3.0458892247463667,0.12122822790102017,1784349054.575743,1784349055.999368,1784349055.2875555,0.0175955831,"[dac] CH_A set to -3.046 V (code=22787)
"
1142,68,8,-3.0458892247463667,-2.924660996845346,0.12122822790102061,1784349055.9996219,1784349057.42184,1784349056.710731,0.037704821,"[dac] CH_A set to -2.925 V (code=23184)
"
1143,68,9,-2.924660996845346,-2.803432768944326,0.12122822790102017,1784349057.42209,1784349058.849349,1784349058.1357195,-0.00117295037,"[dac] CH_A set to -2.803 V (code=23581)
"
1144,68,10,-2.803432768944326,-2.6822045410433057,0.12122822790102017,1784349058.8497121,1784349060.284807,1784349059.5672596,0.0430672844,"[dac] CH_A set to -2.682 V (code=23979)
"
1145,68,11,-2.6822045410433057,-2.5609763131422856,0.12122822790102017,1784349060.285008,1784349061.712328,1784349060.998668,0.056473443,"[dac] CH_A set to -2.561 V (code=24376)
"
1146,68,12,-2.5609763131422856,-2.4397480852412654,0.12122822790102017,1784349061.712513,1784349063.1544142,1784349062.4334636,0.0846263759,"[dac] CH_A set to -2.440 V (code=24773)
"
1147,68,13,-2.4397480852412654,-2.3185198573402452,0.12122822790102017,1784349063.154965,1784349064.582814,1784349063.8688893,0.115460541,"[dac] CH_A set to -2.319 V (code=25170)
"
1148,69,0,-2.1879663811391463,-2.122689643038597,0.06527673810054946,1784349093.133022,1784349094.57727,1784349093.855146,0.151657169,"[dac] CH_A set to -2.123 V (code=25812)
"
1149,69,1,-2.122689643038597,-2.0574129049380474,0.06527673810054946,1784349094.5775201,1784349096.0348,1784349095.30616,0.143613474,"[dac] CH_A set to -2.057 V (code=26026)
"
1150,70,0,-2.1879663811391463,-2.0574129049380474,0.13055347620109892,1784349124.540617,1784349125.982184,1784349125.2614005,0.190535029,"[dac] CH_A set to -2.057 V (code=26026)
"
1151,70,1,-2.0574129049380474,-1.926859428736949,0.13055347620109847,1784349125.9823759,1784349127.426698,1784349126.704537,0.214666114,"[dac] CH_A set to -1.927 V (code=26454)
"
1152,70,2,-1.926859428736949,-1.7963059525358502,0.1305534762010987,1784349127.426928,1784349128.845705,1784349128.1363165,0.252203358,"[dac] CH_A set to -1.796 V (code=26881)
"
1153,70,3,-1.7963059525358502,-1.6657524763347515,0.1305534762010987,1784349128.845922,1784349130.2883751,1784349129.5671487,0.296443681,"[dac] CH_A set to -1.666 V (code=27309)
"
1154,70,4,-1.6657524763347515,-1.5351990001336528,0.1305534762010987,1784349130.288579,1784349131.7160032,1784349131.0022912,0.363474474,"[dac] CH_A set to -1.535 V (code=27737)
"
1155,70,5,-1.5351990001336528,-1.4046455239325542,0.1305534762010987,1784349131.7161899,1784349133.147041,1784349132.4316154,0.414417877,"[dac] CH_A set to -1.405 V (code=28165)
"
1156,70,6,-1.4046455239325542,-1.2740920477314555,0.1305534762010987,1784349133.147247,1784349134.583987,1784349133.865617,0.455976968,"[dac] CH_A set to -1.274 V (code=28593)
"
1157,70,7,-1.2740920477314555,-1.1435385715303568,0.1305534762010987,1784349134.584209,1784349136.007313,1784349135.295761,0.535073304,"[dac] CH_A set to -1.143 V (code=29021)
"
1158,70,8,-1.1435385715303568,-1.012985095329258,0.1305534762010987,1784349136.007508,1784349137.442003,1784349136.7247555,0.592719786,"[dac] CH_A set to -1.013 V (code=29448)
"
1159,70,9,-1.012985095329258,-0.8824316191281594,0.1305534762010987,1784349137.4422479,1784349138.8680189,1784349138.1551332,0.651706883,"[dac] CH_A set to -0.882 V (code=29876)
"
1160,70,10,-0.8824316191281594,-0.7518781429270607,0.1305534762010987,1784349138.868271,1784349140.316215,1784349139.5922432,0.673156737,"[dac] CH_A set to -0.752 V (code=30304)
"
1161,70,11,-0.7518781429270607,-0.621324666725962,0.1305534762010987,1784349140.3165061,1784349141.7486138,1784349141.0325599,0.793812164,"[dac] CH_A set to -0.621 V (code=30732)
"
1162,70,12,-0.621324666725962,-0.4907711905248633,0.1305534762010987,1784349141.748862,1784349143.179425,1784349142.4641435,0.854139878,"[dac] CH_A set to -0.491 V (code=31159)
"
1163,70,13,-0.4907711905248633,-0.3602177143237646,0.1305534762010987,1784349143.179677,1784349144.61729,1784349143.8984835,0.909105128,"[dac] CH_A set to -0.360 V (code=31587)
"
1164,70,14,-0.3602177143237646,-0.2296642381226659,0.1305534762010987,1784349144.617544,1784349146.052434,1784349145.334989,0.973454689,"[dac] CH_A set to -0.230 V (code=32015)
"
1165,70,15,-0.2296642381226659,-0.0991107619215672,0.1305534762010987,1784349146.052649,1784349147.49633,1784349146.7744894,1.02976055,"[dac] CH_A set to -0.099 V (code=32443)
"
1166,70,16,-0.0991107619215672,0.031442714279531714,0.13055347620109892,1784349147.4966779,1784349148.950847,1784349148.2237625,1.13700982,"[dac] CH_A set to +0.031 V (code=32870)
"
1167,70,17,0.031442714279531714,0.1619961904806302,0.13055347620109847,1784349148.9510112,1784349150.381346,1784349149.6661787,1.15980029,"[dac] CH_A set to +0.162 V (code=33298)
"
1168,70,18,0.1619961904806302,0.29254966668172866,0.13055347620109847,1784349150.381553,1784349151.823769,1784349151.1026611,1.21476554,"[dac] CH_A set to +0.292 V (code=33726)
"
1169,70,19,0.29254966668172866,0.4231031428828276,0.13055347620109892,1784349151.823981,1784349153.256209,1784349152.5400949,1.30056496,"[dac] CH_A set to +0.423 V (code=34154)
"
1170,70,20,0.4231031428828276,0.5536566190839265,0.13055347620109892,1784349153.256489,1784349154.6805089,1784349153.968499,1.33944282,"[dac] CH_A set to +0.554 V (code=34582)
"
1171,70,21,0.5536566190839265,0.684210095285025,0.13055347620109847,1784349154.680703,1784349156.1156301,1784349155.3981667,1.38770499,"[dac] CH_A set to +0.684 V (code=35009)
"
1172,70,22,0.684210095285025,0.8147635714861234,0.13055347620109847,1784349156.115842,1784349157.556212,1784349156.8360271,1.44669209,"[dac] CH_A set to +0.815 V (code=35437)
"
1173,70,23,0.8147635714861234,0.9453170476872224,0.13055347620109892,1784349157.556452,1784349158.984225,1784349158.2703385,1.49227303,"[dac] CH_A set to +0.945 V (code=35865)
"
1174,70,24,0.9453170476872224,1.0758705238883213,0.13055347620109892,1784349158.984431,1784349160.406494,1784349159.6954625,1.53651335,"[dac] CH_A set to +1.076 V (code=36293)
"
1175,70,25,1.0758705238883213,1.2064240000894197,0.13055347620109847,1784349160.406684,1784349161.847307,1784349161.1269956,1.5660069,"[dac] CH_A set to +1.206 V (code=36721)
"
1176,70,26,1.2064240000894197,1.3369774762905182,0.13055347620109847,1784349161.8475788,1784349163.2871199,1784349162.5673494,1.61963153,"[dac] CH_A set to +1.337 V (code=37149)
"
1177,70,27,1.3369774762905182,1.4675309524916171,0.13055347620109892,1784349163.287341,1784349164.7155259,1784349164.0014334,1.63840015,"[dac] CH_A set to +1.467 V (code=37576)
"
1178,70,28,1.4675309524916171,1.598084428692716,0.13055347620109892,1784349164.715745,1784349166.1464498,1784349165.4310975,1.67727801,"[dac] CH_A set to +1.598 V (code=38004)
"
1179,70,29,1.598084428692716,1.7286379048938145,0.13055347620109847,1784349166.1466649,1784349167.583242,1784349166.8649535,1.67459678,"[dac] CH_A set to +1.729 V (code=38432)
"
1180,70,30,1.7286379048938145,1.859191381094913,0.13055347620109847,1784349167.583504,1784349169.0251489,1784349168.3043265,1.69738725,"[dac] CH_A set to +1.859 V (code=38860)
"
1181,70,31,1.859191381094913,1.989744857296012,0.13055347620109892,1784349169.025415,1784349170.449752,1784349169.7375836,1.68800294,"[dac] CH_A set to +1.990 V (code=39287)
"
1182,70,32,1.989744857296012,2.120298333497111,0.13055347620109892,1784349170.449999,1784349171.882228,1784349171.1661134,1.70409033,"[dac] CH_A set to +2.120 V (code=39715)
"
1183,70,33,2.120298333497111,2.2508518096982097,0.13055347620109892,1784349171.8824801,1784349173.3156009,1784349172.5990405,1.70274971,"[dac] CH_A set to +2.251 V (code=40143)
"
1184,70,34,2.2508518096982097,2.3814052858993078,0.13055347620109803,1784349173.315861,1784349174.748872,1784349174.0323665,1.70274971,"[dac] CH_A set to +2.381 V (code=40571)
"
1185,70,35,2.3814052858993078,2.5119587621004067,0.13055347620109892,1784349174.749092,1784349176.190604,1784349175.4698482,1.69470602,"[dac] CH_A set to +2.512 V (code=40999)
"
1186,70,36,2.5119587621004067,2.6425122383015056,0.13055347620109892,1784349176.190806,1784349177.623931,1784349176.9073684,1.68129986,"[dac] CH_A set to +2.642 V (code=41426)
"
1187,70,37,2.6425122383015056,2.7730657145026036,0.13055347620109803,1784349177.624128,1784349179.0790248,1784349178.3515763,1.64108139,"[dac] CH_A set to +2.773 V (code=41854)
"
1188,70,38,2.7730657145026036,2.9036191907037026,0.13055347620109892,1784349179.079214,1784349180.5204532,1784349179.7998338,1.63035646,"[dac] CH_A set to +2.904 V (code=42282)
"
1189,70,39,2.9036191907037026,3.0341726669048015,0.13055347620109892,1784349180.52094,1784349181.973378,1784349181.247159,1.6089066,"[dac] CH_A set to +3.034 V (code=42710)
"
1190,70,40,3.0341726669048015,3.1647261431059004,0.13055347620109892,1784349181.973589,1784349183.4091141,1784349182.6913514,1.57136936,"[dac] CH_A set to +3.165 V (code=43137)
"
1191,70,41,3.1647261431059004,3.2952796193069993,0.13055347620109892,1784349183.40933,1784349184.8573198,1784349184.1333249,1.52578842,"[dac] CH_A set to +3.295 V (code=43565)
"
1192,70,42,3.2952796193069993,3.4258330955080973,0.13055347620109803,1784349184.8574662,1784349186.273081,1784349185.5652738,1.46143886,"[dac] CH_A set to +3.426 V (code=43993)
"
1193,70,43,3.4258330955080973,3.5563865717091963,0.13055347620109892,1784349186.273355,1784349187.717838,1784349186.9955964,1.40781423,"[dac] CH_A set to +3.556 V (code=44421)
"
1194,70,44,3.5563865717091963,3.686940047910295,0.13055347620109892,1784349187.7180429,1784349189.1563342,1784349188.4371886,1.37429883,"[dac] CH_A set to +3.687 V (code=44849)
"
1195,70,45,3.686940047910295,3.817493524111393,0.13055347620109803,1784349189.156553,1784349190.597791,1784349189.877172,1.32469604,"[dac] CH_A set to +3.818 V (code=45276)
"
1196,70,46,3.817493524111393,3.948047000312492,0.13055347620109892,1784349190.598001,1784349192.033409,1784349191.315705,1.26570895,"[dac] CH_A set to +3.948 V (code=45704)
"
1197,71,0,3.817493524111393,3.7522167860108437,-0.06527673810054946,1784349220.532657,1784349221.965037,1784349221.248847,1.29386188,"[dac] CH_A set to +3.752 V (code=45063)
"
1198,71,1,3.7522167860108437,3.6869400479102943,-0.06527673810054946,1784349221.965253,1784349223.3936079,1784349222.6794305,1.35553021,"[dac] CH_A set to +3.687 V (code=44849)
"
1199,72,0,3.817493524111393,3.6869400479102943,-0.13055347620109892,1784349251.8817248,1784349253.321632,1784349252.6016784,1.31665235,"[dac] CH_A set to +3.687 V (code=44849)
"
1200,72,1,3.6869400479102943,3.556386571709196,-0.13055347620109847,1784349253.321895,1784349254.757909,1784349254.039902,1.36491452,"[dac] CH_A set to +3.556 V (code=44421)
"
1201,72,2,3.556386571709196,3.4258330955080973,-0.13055347620109847,1784349254.758296,1784349256.190272,1784349255.4742842,1.42122038,"[dac] CH_A set to +3.426 V (code=43993)
"
1202,72,3,3.4258330955080973,3.2952796193069984,-0.13055347620109892,1784349256.190476,1784349257.641185,1784349256.9158306,1.45339517,"[dac] CH_A set to +3.295 V (code=43565)
"
1203,72,4,3.2952796193069984,3.1647261431058995,-0.13055347620109892,1784349257.641406,1784349259.084666,1784349258.3630362,1.52042596,"[dac] CH_A set to +3.165 V (code=43137)
"
1204,72,5,3.1647261431058995,3.034172666904801,-0.13055347620109847,1784349259.0848908,1784349260.51346,1784349259.7991753,1.55126012,"[dac] CH_A set to +3.034 V (code=42710)
"
1205,72,6,3.034172666904801,2.9036191907037026,-0.13055347620109847,1784349260.5137112,1784349261.941273,1784349261.227492,1.61426907,"[dac] CH_A set to +2.904 V (code=42282)
"
1206,72,7,2.9036191907037026,2.7730657145026036,-0.13055347620109892,1784349261.941484,1784349263.387465,1784349262.6644745,1.62231276,"[dac] CH_A set to +2.773 V (code=41854)
"
1207,72,8,2.7730657145026036,2.6425122383015047,-0.13055347620109892,1784349263.3877382,1784349264.823612,1784349264.1056752,1.63571892,"[dac] CH_A set to +2.642 V (code=41426)
"
1208,72,9,2.6425122383015047,2.5119587621004063,-0.13055347620109847,1784349264.823832,1784349266.2719731,1784349265.5479026,1.65985001,"[dac] CH_A set to +2.512 V (code=40999)
"
1209,72,10,2.5119587621004063,2.3814052858993078,-0.13055347620109847,1784349266.272214,1784349267.691283,1784349266.9817486,1.68532171,"[dac] CH_A set to +2.381 V (code=40571)
"
1210,72,11,2.3814052858993078,2.250851809698209,-0.13055347620109892,1784349267.6917272,1784349269.125124,1784349268.4084256,1.71347464,"[dac] CH_A set to +2.251 V (code=40143)
"
1211,73,0,2.3814052858993078,2.4466820239998572,0.06527673810054946,1784349297.631994,1784349299.068651,1784349298.3503225,1.67057493,"[dac] CH_A set to +2.447 V (code=40785)
"
1212,73,1,2.4466820239998572,2.5119587621004067,0.06527673810054946,1784349299.0689468,1784349300.506117,1784349299.7875319,1.65985001,"[dac] CH_A set to +2.512 V (code=40999)
"
1213,74,0,2.3814052858993078,2.250851809698209,-0.13055347620109892,1784349329.047144,1784349330.475337,1784349329.7612405,1.72151834,"[dac] CH_A set to +2.251 V (code=40143)
"
1214,74,1,2.250851809698209,2.1202983334971104,-0.13055347620109847,1784349330.4755561,1784349331.917513,1784349331.1965346,1.72285895,"[dac] CH_A set to +2.120 V (code=39715)
"
1215,74,2,2.1202983334971104,1.9897448572960117,-0.1305534762010987,1784349331.9177291,1784349333.3570912,1784349332.6374102,1.71481526,"[dac] CH_A set to +1.990 V (code=39287)
"
1216,74,3,1.9897448572960117,1.859191381094913,-0.1305534762010987,1784349333.357295,1784349334.797937,1784349334.077616,1.7014091,"[dac] CH_A set to +1.859 V (code=38860)
"
1217,74,4,1.859191381094913,1.7286379048938143,-0.1305534762010987,1784349334.7982562,1784349336.2249548,1784349335.5116055,1.72419957,"[dac] CH_A set to +1.729 V (code=38432)
"
1218,74,5,1.7286379048938143,1.5980844286927156,-0.1305534762010987,1784349336.225206,1784349337.671175,1784349336.9481905,1.70543095,"[dac] CH_A set to +1.598 V (code=38004)
"
1219,74,6,1.5980844286927156,1.467530952491617,-0.1305534762010987,1784349337.671398,1784349339.113545,1784349338.3924713,1.67191555,"[dac] CH_A set to +1.467 V (code=37576)
"
1220,74,7,1.467530952491617,1.3369774762905182,-0.1305534762010987,1784349339.113871,1784349340.5571651,1784349339.8355181,1.66387185,"[dac] CH_A set to +1.337 V (code=37149)
"
1221,74,8,1.3369774762905182,1.2064240000894195,-0.1305534762010987,1784349340.5575402,1784349342.0071301,1784349341.2823353,1.63303769,"[dac] CH_A set to +1.206 V (code=36721)
"
1222,74,9,1.2064240000894195,1.0758705238883208,-0.1305534762010987,1784349342.0073311,1784349343.43963,1784349342.7234807,1.60220353,"[dac] CH_A set to +1.076 V (code=36293)
"
1223,74,10,1.0758705238883208,0.9453170476872221,-0.1305534762010987,1784349343.440115,1784349344.88133,1784349344.1607225,1.55930382,"[dac] CH_A set to +0.945 V (code=35865)
"
1224,74,11,0.9453170476872221,0.8147635714861234,-0.1305534762010987,1784349344.8816159,1784349346.321266,1784349345.601441,1.51640411,"[dac] CH_A set to +0.815 V (code=35437)
"
1225,74,12,0.8147635714861234,0.6842100952850247,-0.1305534762010987,1784349346.321537,1784349347.7553012,1784349347.0384192,1.45473578,"[dac] CH_A set to +0.684 V (code=35009)
"
1226,74,13,0.6842100952850247,0.553656619083926,-0.1305534762010987,1784349347.7555141,1784349349.173842,1784349348.464678,1.43194531,"[dac] CH_A set to +0.554 V (code=34582)
"
1227,74,14,0.553656619083926,0.42310314288282735,-0.1305534762010987,1784349349.174892,1784349350.615772,1784349349.8953319,1.38234253,"[dac] CH_A set to +0.423 V (code=34154)
"
1228,74,15,0.42310314288282735,0.29254966668172866,-0.1305534762010987,1784349350.6160178,1784349352.047956,1784349351.331987,1.32335543,"[dac] CH_A set to +0.292 V (code=33726)
"
1229,74,16,0.29254966668172866,0.16199619048062974,-0.13055347620109892,1784349352.0482078,1784349353.498921,1784349352.7735643,1.26034648,"[dac] CH_A set to +0.162 V (code=33298)
"
1230,74,17,0.16199619048062974,0.03144271427953127,-0.13055347620109847,1784349353.499234,1784349354.953572,1784349354.226403,1.19599692,"[dac] CH_A set to +0.031 V (code=32870)
"
1231,74,18,0.03144271427953127,-0.0991107619215672,-0.13055347620109847,1784349354.95376,1784349356.378133,1784349355.6659465,1.1437129,"[dac] CH_A set to -0.099 V (code=32443)
"
1232,74,19,-0.0991107619215672,-0.22966423812266612,-0.13055347620109892,1784349356.3783722,1784349357.8156428,1784349357.0970075,1.08606642,"[dac] CH_A set to -0.230 V (code=32015)
"
1233,74,20,-0.22966423812266612,-0.36021771432376504,-0.13055347620109892,1784349357.815876,1784349359.256285,1784349358.5360804,1.0592541,"[dac] CH_A set to -0.360 V (code=31587)
"
1234,74,21,-0.36021771432376504,-0.4907711905248635,-0.13055347620109847,1784349359.257322,1784349360.690618,1784349359.97397,0.992223311,"[dac] CH_A set to -0.491 V (code=31159)
"
1235,74,22,-0.4907711905248635,-0.621324666725962,-0.13055347620109847,1784349360.690915,1784349362.131186,1784349361.4110506,0.901061433,"[dac] CH_A set to -0.621 V (code=30732)
"
1236,75,0,-0.7518781429270609,-0.8171548810276104,-0.06527673810054946,1784349390.025735,1784349391.4555159,1784349390.7406254,0.808558939,"[dac] CH_A set to -0.817 V (code=30090)
"
1237,75,1,-0.8171548810276104,-0.8824316191281598,-0.06527673810054946,1784349391.4565818,1784349392.883491,1784349392.1700363,0.722759524,"[dac] CH_A set to -0.882 V (code=29876)
"
1238,76,0,-0.7518781429270609,-0.8824316191281596,-0.1305534762010987,1784349421.3788521,1784349422.806407,1784349422.0926294,0.721418908,"[dac] CH_A set to -0.882 V (code=29876)
"
1239,76,1,-0.8824316191281596,-1.0129850953292583,-0.1305534762010987,1784349422.807599,1784349424.237052,1784349423.5223255,0.681200432,"[dac] CH_A set to -1.013 V (code=29448)
"
1240,76,2,-1.0129850953292583,-1.143538571530357,-0.1305534762010987,1784349424.237278,1784349425.67872,1784349424.957999,0.602104097,"[dac] CH_A set to -1.143 V (code=29021)
"
1241,76,3,-1.143538571530357,-1.2740920477314557,-0.1305534762010987,1784349425.6789582,1784349427.094079,1784349426.3865185,0.563226237,"[dac] CH_A set to -1.274 V (code=28593)
"
1242,76,4,-1.2740920477314557,-1.4046455239325544,-0.1305534762010987,1784349427.094312,1784349428.539974,1784349427.817143,0.468042511,"[dac] CH_A set to -1.405 V (code=28165)
"
1243,76,5,-1.4046455239325544,-1.535199000133653,-0.1305534762010987,1784349428.540245,1784349429.97235,1784349429.2562976,0.417099108,"[dac] CH_A set to -1.535 V (code=27737)
"
1244,76,6,-1.535199000133653,-1.6657524763347518,-0.1305534762010987,1784349429.972577,1784349431.400179,1784349430.686378,0.360793242,"[dac] CH_A set to -1.666 V (code=27309)
"
1245,76,7,-1.6657524763347518,-1.7963059525358505,-0.1305534762010987,1784349431.401194,1784349432.83144,1784349432.116317,0.333980925,"[dac] CH_A set to -1.796 V (code=26881)
"
1246,76,8,-1.7963059525358505,-1.9268594287369492,-0.1305534762010987,1784349432.831626,1784349434.2648299,1784349433.5482278,0.264268901,"[dac] CH_A set to -1.927 V (code=26454)
"
1247,76,9,-1.9268594287369492,-2.057412904938048,-0.1305534762010987,1784349434.265089,1784349435.709047,1784349434.9870682,0.21600673,"[dac] CH_A set to -2.057 V (code=26026)
"
1248,76,10,-2.057412904938048,-2.1879663811391463,-0.13055347620109847,1784349435.709312,1784349437.126257,1784349436.4177845,0.128866699,"[dac] CH_A set to -2.188 V (code=25598)
"
1249,76,11,-2.1879663811391463,-2.3185198573402452,-0.13055347620109892,1784349437.126485,1784349438.5675561,1784349437.8470206,0.147635321,"[dac] CH_A set to -2.319 V (code=25170)
"
1250,76,12,-2.3185198573402452,-2.449073333541344,-0.13055347620109892,1784349438.567749,1784349440.0076008,1784349439.287675,0.104735614,"[dac] CH_A set to -2.449 V (code=24742)
"
1251,76,13,-2.449073333541344,-2.5796268097424426,-0.13055347620109847,1784349440.0078342,1784349441.4583292,1784349440.7330818,0.0739014491,"[dac] CH_A set to -2.580 V (code=24315)
"
1252,76,14,-2.5796268097424426,-2.710180285943541,-0.13055347620109847,1784349441.4585469,1784349442.885644,1784349442.1720953,0.0725608332,"[dac] CH_A set to -2.710 V (code=23887)
"
1253,76,15,-2.710180285943541,-2.84073376214464,-0.13055347620109892,1784349442.885859,1784349444.322321,1784349443.60409,0.0403860527,"[dac] CH_A set to -2.841 V (code=23459)
"
1254,76,16,-2.84073376214464,-2.971287238345739,-0.13055347620109892,1784349444.3225138,1784349445.748231,1784349445.0353723,0.0363642051,"[dac] CH_A set to -2.971 V (code=23031)
"
1255,76,17,-2.971287238345739,-3.1018407145468374,-0.13055347620109847,1784349445.748437,1784349447.164899,1784349446.456668,-0.0105569902,"[dac] CH_A set to -3.102 V (code=22604)
"
1256,76,18,-3.1018407145468374,-3.2323941907479363,-0.13055347620109892,1784349447.165131,1784349448.6108658,1784349447.8879986,0.00284894288,"[dac] CH_A set to -3.232 V (code=22176)
"
1257,77,0,-3.1018407145468374,-3.036563976446288,0.06527673810054946,1784349477.1588962,1784349478.5934331,1784349477.8761647,0.0350235893,"[dac] CH_A set to -3.037 V (code=22817)
"
1258,77,1,-3.036563976446288,-2.9712872383457385,0.06527673810054946,1784349478.594493,1784349480.03223,1784349479.3133614,0.0108925467,"[dac] CH_A set to -2.971 V (code=23031)
"
1259,78,0,-3.1018407145468374,-2.971287238345739,0.13055347620109847,1784349507.975119,1784349509.401938,1784349508.6885285,0.0135737355,"[dac] CH_A set to -2.971 V (code=23031)
"
1260,78,1,-2.971287238345739,-2.84073376214464,0.13055347620109892,1784349509.402362,1784349510.843091,1784349510.1227264,0.0189364245,"[dac] CH_A set to -2.841 V (code=23459)
"
1261,78,2,-2.84073376214464,-2.710180285943541,0.13055347620109892,1784349510.843325,1784349512.2790048,1784349511.5611649,0.065857754,"[dac] CH_A set to -2.710 V (code=23887)
"
1262,78,3,-2.710180285943541,-2.5796268097424426,0.13055347620109847,1784349512.27925,1784349513.7257779,1784349513.002514,0.0350235893,"[dac] CH_A set to -2.580 V (code=24315)
"
1263,78,4,-2.5796268097424426,-2.449073333541344,0.13055347620109847,1784349513.726004,1784349515.164821,1784349514.4454124,0.0712202174,"[dac] CH_A set to -2.449 V (code=24742)
"
1264,78,5,-2.449073333541344,-2.3185198573402452,0.13055347620109892,1784349515.165039,1784349516.6064808,1784349515.8857598,0.0846263759,"[dac] CH_A set to -2.319 V (code=25170)
"
1265,78,6,-2.3185198573402452,-2.1879663811391463,0.13055347620109892,1784349516.606679,1784349518.045524,1784349517.3261013,0.136910394,"[dac] CH_A set to -2.188 V (code=25598)
"
1266,78,7,-2.1879663811391463,-2.057412904938048,0.13055347620109847,1784349518.046678,1784349519.488812,1784349518.767745,0.170425791,"[dac] CH_A set to -2.057 V (code=26026)
"
1267,78,8,-2.057412904938048,-1.9268594287369492,0.1305534762010987,1784349519.4889998,1784349520.92187,1784349520.2054348,0.229412888,"[dac] CH_A set to -1.927 V (code=26454)
"
1268,78,9,-1.9268594287369492,-1.7963059525358505,0.1305534762010987,1784349520.922059,1784349522.345243,1784349521.633651,0.252203358,"[dac] CH_A set to -1.796 V (code=26881)
"
1269,78,10,-1.7963059525358505,-1.6657524763347518,0.1305534762010987,1784349522.3454988,1784349523.7812202,1784349523.0633595,0.301806145,"[dac] CH_A set to -1.666 V (code=27309)
"
1270,78,11,-1.6657524763347518,-1.535199000133653,0.1305534762010987,1784349523.781451,1784349525.2310998,1784349524.5062754,0.3487277,"[dac] CH_A set to -1.535 V (code=27737)
"
1271,78,12,-1.535199000133653,-1.4046455239325544,0.1305534762010987,1784349525.231293,1784349526.681886,1784349525.9565895,0.410396029,"[dac] CH_A set to -1.405 V (code=28165)
"
1272,78,13,-1.4046455239325544,-1.2740920477314557,0.1305534762010987,1784349526.682049,1784349528.119852,1784349527.4009504,0.461339432,"[dac] CH_A set to -1.274 V (code=28593)
"
1273,78,14,-1.2740920477314557,-1.143538571530357,0.1305534762010987,1784349528.1209831,1784349529.545131,1784349528.833057,0.544457615,"[dac] CH_A set to -1.143 V (code=29021)
"
1274,78,15,-1.143538571530357,-1.0129850953292583,0.1305534762010987,1784349529.545681,1784349530.981112,1784349530.2633965,0.587357322,"[dac] CH_A set to -1.013 V (code=29448)
"
1275,78,16,-1.0129850953292583,-0.8824316191281594,0.13055347620109892,1784349530.9814389,1784349532.413475,1784349531.6974568,0.642322572,"[dac] CH_A set to -0.882 V (code=29876)
"
1276,78,17,-0.8824316191281594,-0.7518781429270609,0.13055347620109847,1784349532.413669,1784349533.8477361,1784349533.1307025,0.693265975,"[dac] CH_A set to -0.752 V (code=30304)
"
1277,78,18,-0.7518781429270609,-0.6213246667259624,0.13055347620109847,1784349533.848022,1784349535.2825139,1784349534.565268,0.769681079,"[dac] CH_A set to -0.621 V (code=30732)
"
1278,78,19,-0.6213246667259624,-0.4907711905248635,0.13055347620109892,1784349535.282818,1784349536.730252,1784349536.006535,0.823305713,"[dac] CH_A set to -0.491 V (code=31159)
"
1279,78,20,-0.4907711905248635,-0.3602177143237646,0.13055347620109892,1784349536.7304692,1784349538.156867,1784349537.4436681,0.909105128,"[dac] CH_A set to -0.360 V (code=31587)
"
1280,78,21,-0.3602177143237646,-0.22966423812266612,0.13055347620109847,1784349538.1571121,1784349539.606144,1784349538.881628,0.958707914,"[dac] CH_A set to -0.230 V (code=32015)
"
1281,78,22,-0.22966423812266612,-0.09911076192156765,0.13055347620109847,1784349539.607189,1784349541.036716,1784349540.3219523,1.03646363,"[dac] CH_A set to -0.099 V (code=32443)
"
1282,78,23,-0.09911076192156765,0.03144271427953127,0.13055347620109892,1784349541.0369642,1784349542.463423,1784349541.7501936,1.09679135,"[dac] CH_A set to +0.031 V (code=32870)
"
1283,78,24,0.03144271427953127,0.1619961904806302,0.13055347620109892,1784349542.463614,1784349543.8912861,1784349543.1774502,1.1691846,"[dac] CH_A set to +0.162 V (code=33298)
"
1284,78,25,0.1619961904806302,0.29254966668172866,0.13055347620109847,1784349543.8915021,1784349545.3312829,1784349544.6113925,1.23755601,"[dac] CH_A set to +0.292 V (code=33726)
"
1285,78,26,0.29254966668172866,0.42310314288282713,0.13055347620109847,1784349545.331587,1784349546.775875,1784349546.053731,1.29386188,"[dac] CH_A set to +0.423 V (code=34154)
"
1286,78,27,0.42310314288282713,0.553656619083926,0.13055347620109892,1784349546.77696,1784349548.2134871,1784349547.4952235,1.32469604,"[dac] CH_A set to +0.554 V (code=34582)
"
1287,78,28,0.553656619083926,0.684210095285025,0.13055347620109892,1784349548.213689,1784349549.6560059,1784349548.9348474,1.39440807,"[dac] CH_A set to +0.684 V (code=35009)
"
1288,78,29,0.684210095285025,0.8147635714861234,0.13055347620109847,1784349549.656238,1784349551.105116,1784349550.380677,1.44132962,"[dac] CH_A set to +0.815 V (code=35437)
"
1289,78,30,0.8147635714861234,0.9453170476872219,0.13055347620109847,1784349551.105342,1784349552.5504189,1784349551.8278804,1.46948256,"[dac] CH_A set to +0.945 V (code=35865)
"
1290,78,31,0.9453170476872219,1.0758705238883208,0.13055347620109892,1784349552.550626,1784349553.9809248,1784349553.2657754,1.53651335,"[dac] CH_A set to +1.076 V (code=36293)
"
1291,78,32,1.0758705238883208,1.2064240000894197,0.13055347620109892,1784349553.982014,1784349555.414528,1784349554.6982708,1.5579632,"[dac] CH_A set to +1.206 V (code=36721)
"
1292,78,33,1.2064240000894197,1.3369774762905187,0.13055347620109892,1784349555.414762,1784349556.8367329,1784349556.1257474,1.61158784,"[dac] CH_A set to +1.337 V (code=37149)
"
1293,78,34,1.3369774762905187,1.4675309524916167,0.13055347620109803,1784349556.836979,1784349558.2617128,1784349557.549346,1.63571892,"[dac] CH_A set to +1.467 V (code=37576)
"
1294,78,35,1.4675309524916167,1.5980844286927156,0.13055347620109892,1784349558.261972,1784349559.697995,1784349558.9799833,1.67191555,"[dac] CH_A set to +1.598 V (code=38004)
"
1295,78,36,1.5980844286927156,1.7286379048938145,0.13055347620109892,1784349559.6982348,1784349561.134145,1784349560.41619,1.66253124,"[dac] CH_A set to +1.729 V (code=38432)
"
1296,78,37,1.7286379048938145,1.8591913810949126,0.13055347620109803,1784349561.1351838,1784349562.567743,1784349561.8514633,1.69738725,"[dac] CH_A set to +1.859 V (code=38860)
"
1297,78,38,1.8591913810949126,1.9897448572960115,0.13055347620109892,1784349562.5679739,1784349564.000972,1784349563.284473,1.70409033,"[dac] CH_A set to +1.990 V (code=39287)
"
1298,78,39,1.9897448572960115,2.1202983334971104,0.13055347620109892,1784349564.001162,1784349565.438108,1784349564.719635,1.71079341,"[dac] CH_A set to +2.120 V (code=39715)
"
1299,78,40,2.1202983334971104,2.2508518096982093,0.13055347620109892,1784349565.438335,1784349566.853468,1784349566.1459014,1.70274971,"[dac] CH_A set to +2.251 V (code=40143)
"
1300,78,41,2.2508518096982093,2.381405285899308,0.13055347620109892,1784349566.853704,1784349568.3007438,1784349567.5772238,1.72956203,"[dac] CH_A set to +2.381 V (code=40571)
"
1301,78,42,2.381405285899308,2.5119587621004063,0.13055347620109803,1784349568.300971,1784349569.751487,1784349569.026229,1.69202479,"[dac] CH_A set to +2.512 V (code=40999)
"
1302,78,43,2.5119587621004063,2.642512238301505,0.13055347620109892,1784349569.751673,1784349571.189443,1784349570.4705582,1.67995925,"[dac] CH_A set to +2.642 V (code=41426)
"
1303,78,44,2.642512238301505,2.773065714502604,0.13055347620109892,1784349571.190481,1784349572.636756,1784349571.9136186,1.63840015,"[dac] CH_A set to +2.773 V (code=41854)
"
1304,78,45,2.773065714502604,2.903619190703702,0.13055347620109803,1784349572.637006,1784349574.0748532,1784349573.3559296,1.63303769,"[dac] CH_A set to +2.904 V (code=42282)
"
1305,78,46,2.903619190703702,3.034172666904801,0.13055347620109892,1784349574.075053,1784349575.518076,1784349574.7965646,1.61292845,"[dac] CH_A set to +3.034 V (code=42710)
"
1306,78,47,3.034172666904801,3.1647261431059,0.13055347620109892,1784349575.518288,1784349576.939484,1784349576.228886,1.59415983,"[dac] CH_A set to +3.165 V (code=43137)
"
1307,78,48,3.1647261431059,3.295279619306999,0.13055347620109892,1784349576.939937,1784349578.381288,1784349577.6606126,1.54455704,"[dac] CH_A set to +3.295 V (code=43565)
"
1308,78,49,3.295279619306999,3.425833095508098,0.13055347620109892,1784349578.381504,1784349579.819915,1784349579.1007094,1.48020748,"[dac] CH_A set to +3.426 V (code=43993)
"
1309,78,50,3.425833095508098,3.556386571709196,0.13055347620109803,1784349579.820132,1784349581.264512,1784349580.5423222,1.41585792,"[dac] CH_A set to +3.556 V (code=44421)
"
1310,78,51,3.556386571709196,3.6869400479102947,0.13055347620109892,1784349581.2647119,1784349582.708263,1784349581.9864874,1.3970893,"[dac] CH_A set to +3.687 V (code=44849)
"
1311,78,52,3.6869400479102947,3.8174935241113936,0.13055347620109892,1784349582.708726,1784349584.1451678,1784349583.4269469,1.31933358,"[dac] CH_A set to +3.818 V (code=45276)
"
1312,78,53,3.8174935241113936,3.9480470003124917,0.13055347620109803,1784349584.14539,1784349585.5811672,1784349584.8632786,1.24828094,"[dac] CH_A set to +3.948 V (code=45704)
"
1313,78,54,3.9480470003124917,4.078600476513591,0.13055347620109936,1784349585.581544,1784349587.0062451,1784349586.2938945,1.2107437,"[dac] CH_A set to +4.079 V (code=46132)
"
1314,78,55,4.078600476513591,4.20915395271469,0.13055347620109892,1784349587.006433,1784349588.435086,1784349587.7207594,1.15577845,"[dac] CH_A set to +4.209 V (code=46560)
"
1315,78,56,4.20915395271469,4.339707428915789,0.13055347620109892,1784349588.435531,1784349589.884795,1784349589.160163,1.0847258,"[dac] CH_A set to +4.340 V (code=46988)
"
1316,78,57,4.339707428915789,4.470260905116888,0.13055347620109892,1784349589.8850932,1784349591.3162198,1784349590.6006565,1.0163544,"[dac] CH_A set to +4.470 V (code=47416)
"
1317,78,58,4.470260905116888,4.600814381317985,0.13055347620109714,1784349591.316603,1784349592.763809,1784349592.040206,0.949323603,"[dac] CH_A set to +4.601 V (code=47843)
"
1318,78,59,4.600814381317985,4.731367857519084,0.13055347620109892,1784349592.7642372,1784349594.202388,1784349593.4833126,0.868886652,"[dac] CH_A set to +4.731 V (code=48271)
"
1319,78,60,4.731367857519084,4.861921333720183,0.13055347620109892,1784349594.2026181,1784349595.641597,1784349594.9221077,0.804537091,"[dac] CH_A set to +4.862 V (code=48699)
"
1320,79,0,4.731367857519084,4.666091119418534,-0.06527673810054946,1784349624.175741,1784349625.603776,1784349624.8897586,0.852799262,"[dac] CH_A set to +4.666 V (code=48057)
"
1321,79,1,4.666091119418534,4.600814381317985,-0.06527673810054946,1784349625.604212,1784349627.031883,1784349626.3180475,0.862183573,"[dac] CH_A set to +4.601 V (code=47843)
"
1322,80,0,4.731367857519084,4.835810638479963,0.10444278096087878,1784349655.546412,1784349656.990109,1784349656.2682605,0.750912457,"[dac] CH_A set to +4.836 V (code=48613)
"
1323,80,1,4.835810638479963,4.940253419440842,0.10444278096087967,1784349656.990585,1784349658.4199622,1784349657.7052736,0.687903511,"[dac] CH_A set to +4.940 V (code=48956)
"
1324,80,2,4.940253419440842,5.044696200401721,0.10444278096087878,1784349658.4201758,1784349659.84754,1784349659.1338577,0.636960109,"[dac] CH_A set to +5.045 V (code=49298)
"
1325,80,3,5.044696200401721,5.149138981362601,0.10444278096087967,1784349659.8481731,1784349661.291065,1784349660.5696192,0.580654243,"[dac] CH_A set to +5.149 V (code=49640)
"
1326,80,4,5.149138981362601,5.2535817623234795,0.10444278096087878,1784349661.2912698,1784349662.7296221,1784349662.010446,0.560545005,"[dac] CH_A set to +5.254 V (code=49982)
"
1327,81,0,5.384135238524578,5.449411976625128,0.06527673810054946,1784349691.283798,1784349692.730561,1784349692.0071795,0.422461572,"[dac] CH_A set to +5.449 V (code=50624)
"
1328,81,1,5.449411976625128,5.514688714725677,0.06527673810054946,1784349692.731031,1784349694.1703181,1784349693.4506745,0.423802188,"[dac] CH_A set to +5.515 V (code=50838)
"
1329,82,0,5.384135238524578,5.2535817623234795,-0.13055347620109892,1784349722.6557472,1784349724.1060429,1784349723.3808951,0.486811133,"[dac] CH_A set to +5.254 V (code=49982)
"
1330,82,1,5.2535817623234795,5.123028286122381,-0.13055347620109892,1784349724.107234,1784349725.5434291,1784349724.8253317,0.569929316,"[dac] CH_A set to +5.123 V (code=49554)
"
1331,82,2,5.123028286122381,4.992474809921283,-0.13055347620109803,1784349725.5436091,1784349726.978498,1784349726.2610536,0.643663188,"[dac] CH_A set to +4.992 V (code=49127)
"
1332,82,3,4.992474809921283,4.861921333720184,-0.13055347620109892,1784349726.9787211,1784349728.422624,1784349727.7006726,0.670475505,"[dac] CH_A set to +4.862 V (code=48699)
"
1333,82,4,4.861921333720184,4.731367857519085,-0.13055347620109892,1784349728.42288,1784349729.851273,1784349729.1370764,0.749571841,"[dac] CH_A set to +4.731 V (code=48271)
"
1334,82,5,4.731367857519085,4.600814381317987,-0.13055347620109803,1784349729.8514938,1784349731.280137,1784349730.5658154,0.815262018,"[dac] CH_A set to +4.601 V (code=47843)
"
1335,82,6,4.600814381317987,4.470260905116888,-0.13055347620109892,1784349731.280575,1784349732.7142348,1784349731.997405,0.842074335,"[dac] CH_A set to +4.470 V (code=47416)
"
1336,82,7,4.470260905116888,4.339707428915789,-0.13055347620109892,1784349732.714445,1784349734.155145,1784349733.434795,0.925192518,"[dac] CH_A set to +4.340 V (code=46988)
"
1337,82,8,4.339707428915789,4.20915395271469,-0.13055347620109892,1784349734.1555169,1784349735.589212,1784349734.8723645,0.986860847,"[dac] CH_A set to +4.209 V (code=46560)
"
1338,82,9,4.20915395271469,4.078600476513591,-0.13055347620109892,1784349735.589403,1784349737.019989,1784349736.304696,1.04450733,"[dac] CH_A set to +4.079 V (code=46132)
"
1339,82,10,4.078600476513591,3.948047000312493,-0.13055347620109803,1784349737.02025,1784349738.447337,1784349737.7337935,1.1262849,"[dac] CH_A set to +3.948 V (code=45704)
"
1340,82,11,3.948047000312493,3.817493524111394,-0.13055347620109892,1784349738.447555,1784349739.891126,1784349739.1693406,1.19331569,"[dac] CH_A set to +3.818 V (code=45276)
"
1341,82,12,3.817493524111394,3.686940047910295,-0.13055347620109892,1784349739.8913238,1784349741.3247402,1784349740.608032,1.23219355,"[dac] CH_A set to +3.687 V (code=44849)
"
1342,82,13,3.686940047910295,3.5563865717091967,-0.13055347620109847,1784349741.32579,1784349742.755968,1784349742.040879,1.29252126,"[dac] CH_A set to +3.556 V (code=44421)
"
1343,82,14,3.5563865717091967,3.4258330955080982,-0.13055347620109847,1784349742.756147,1784349744.197666,1784349743.4769063,1.32469604,"[dac] CH_A set to +3.426 V (code=43993)
"
1344,82,15,3.4258330955080982,3.2952796193069993,-0.13055347620109892,1784349744.198067,1784349745.65069,1784349744.9243784,1.40781423,"[dac] CH_A set to +3.295 V (code=43565)
"
1345,82,16,3.2952796193069993,3.1647261431059004,-0.13055347620109892,1784349745.650885,1784349747.065654,1784349746.3582697,1.44937332,"[dac] CH_A set to +3.165 V (code=43137)
"
1346,82,17,3.1647261431059004,3.034172666904802,-0.13055347620109847,1784349747.065922,1784349748.516144,1784349747.791033,1.50299795,"[dac] CH_A set to +3.034 V (code=42710)
"
1347,82,18,3.034172666904802,2.9036191907037034,-0.13055347620109847,1784349748.5164108,1784349749.9634318,1784349749.2399213,1.51104165,"[dac] CH_A set to +2.904 V (code=42282)
"
1348,82,19,2.9036191907037034,2.7730657145026045,-0.13055347620109892,1784349749.9644349,1784349751.397113,1784349750.680774,1.58611614,"[dac] CH_A set to +2.773 V (code=41854)
"
1349,82,20,2.7730657145026045,2.6425122383015056,-0.13055347620109892,1784349751.397299,1784349752.828883,1784349752.113091,1.61963153,"[dac] CH_A set to +2.642 V (code=41426)
"
1350,82,21,2.6425122383015056,2.511958762100407,-0.13055347620109847,1784349752.829151,1784349754.259914,1784349753.5445323,1.63840015,"[dac] CH_A set to +2.512 V (code=40999)
"
1351,82,22,2.511958762100407,2.3814052858993087,-0.13055347620109847,1784349754.2600992,1784349755.6840599,1784349754.9720795,1.66253124,"[dac] CH_A set to +2.381 V (code=40571)
"
1352,82,23,2.3814052858993087,2.2508518096982097,-0.13055347620109892,1784349755.684272,1784349757.113649,1784349756.3989606,1.70409033,"[dac] CH_A set to +2.251 V (code=40143)
"
1353,82,24,2.2508518096982097,2.120298333497111,-0.13055347620109892,1784349757.11385,1784349758.5544949,1784349757.8341725,1.68398109,"[dac] CH_A set to +2.120 V (code=39715)
"
1354,82,25,2.120298333497111,1.9897448572960124,-0.13055347620109847,1784349758.5555599,1784349759.979485,1784349759.2675223,1.69604664,"[dac] CH_A set to +1.990 V (code=39287)
"
1355,82,26,1.9897448572960124,1.8591913810949139,-0.13055347620109847,1784349759.979684,1784349761.414666,1784349760.697175,1.71883711,"[dac] CH_A set to +1.859 V (code=38860)
"
1356,82,27,1.8591913810949139,1.728637904893815,-0.13055347620109892,1784349761.41486,1784349762.845137,1784349762.1299984,1.71615587,"[dac] CH_A set to +1.729 V (code=38432)
"
1357,82,28,1.728637904893815,1.598084428692716,-0.13055347620109892,1784349762.845394,1784349764.2801542,1784349763.5627742,1.69604664,"[dac] CH_A set to +1.598 V (code=38004)
"
1358,82,29,1.598084428692716,1.4675309524916176,-0.13055347620109847,1784349764.28036,1784349765.705379,1784349764.9928694,1.65985001,"[dac] CH_A set to +1.467 V (code=37576)
"
1359,82,30,1.4675309524916176,1.336977476290519,-0.13055347620109847,1784349765.705579,1784349767.135683,1784349766.420631,1.68264048,"[dac] CH_A set to +1.337 V (code=37149)
"
1360,82,31,1.336977476290519,1.2064240000894202,-0.13055347620109892,1784349767.135891,1784349768.586563,1784349767.861227,1.65985001,"[dac] CH_A set to +1.206 V (code=36721)
"
1361,82,32,1.2064240000894202,1.0758705238883213,-0.13055347620109892,1784349768.586833,1784349770.010529,1784349769.298681,1.65314693,"[dac] CH_A set to +1.076 V (code=36293)
"
1362,82,33,1.0758705238883213,0.9453170476872224,-0.13055347620109892,1784349770.010754,1784349771.4405708,1784349770.7256625,1.59684106,"[dac] CH_A set to +0.945 V (code=35865)
"
1363,82,34,0.9453170476872224,0.8147635714861243,-0.13055347620109803,1784349771.440789,1784349772.8812191,1784349772.161004,1.5660069,"[dac] CH_A set to +0.815 V (code=35437)
"
1364,82,35,0.8147635714861243,0.6842100952850254,-0.13055347620109892,1784349772.881431,1784349774.3052218,1784349773.5933266,1.53919458,"[dac] CH_A set to +0.684 V (code=35009)
"
1365,82,36,0.6842100952850254,0.5536566190839265,-0.13055347620109892,1784349774.305433,1784349775.7456489,1784349775.0255408,1.47618564,"[dac] CH_A set to +0.554 V (code=34582)
"
1366,82,37,0.5536566190839265,0.42310314288282846,-0.13055347620109803,1784349775.745931,1784349777.18959,1784349776.4677606,1.41853915,"[dac] CH_A set to +0.423 V (code=34154)
"
1367,82,38,0.42310314288282846,0.29254966668172955,-0.13055347620109892,1784349777.189784,1784349778.637074,1784349777.913429,1.3890456,"[dac] CH_A set to +0.292 V (code=33726)
"
1368,82,39,0.29254966668172955,0.16199619048063063,-0.13055347620109892,1784349778.637286,1784349780.0720682,1784349779.3546772,1.30458681,"[dac] CH_A set to +0.162 V (code=33298)
"
1369,82,40,0.16199619048063063,0.031442714279531714,-0.13055347620109892,1784349780.072305,1784349781.4978812,1784349780.785093,1.26302771,"[dac] CH_A set to +0.031 V (code=32870)
"
1370,82,41,0.031442714279531714,-0.0991107619215672,-0.13055347620109892,1784349781.498222,1784349782.9386969,1784349782.2184596,1.19063446,"[dac] CH_A set to -0.099 V (code=32443)
"
1371,82,42,-0.0991107619215672,-0.22966423812266523,-0.13055347620109803,1784349782.9389591,1784349784.383831,1784349783.661395,1.14773475,"[dac] CH_A set to -0.230 V (code=32015)
"
1372,82,43,-0.22966423812266523,-0.36021771432376415,-0.13055347620109892,1784349784.384083,1784349785.828801,1784349785.106442,1.07400088,"[dac] CH_A set to -0.360 V (code=31587)
"
1373,82,44,-0.36021771432376415,-0.49077119052486307,-0.13055347620109892,1784349785.8292181,1784349787.25868,1784349786.5439491,0.993563927,"[dac] CH_A set to -0.491 V (code=31159)
"
1374,82,45,-0.49077119052486307,-0.6213246667259611,-0.13055347620109803,1784349787.258889,1784349788.69803,1784349787.9784594,0.939939292,"[dac] CH_A set to -0.621 V (code=30732)
"
1375,82,46,-0.6213246667259611,-0.75187814292706,-0.13055347620109892,1784349788.698263,1784349790.1426811,1784349789.4204721,0.887655274,"[dac] CH_A set to -0.752 V (code=30304)
"
1376,82,47,-0.75187814292706,-0.8824316191281589,-0.13055347620109892,1784349790.1429062,1784349791.58572,1784349790.8643131,0.830008792,"[dac] CH_A set to -0.882 V (code=29876)
"
1377,82,48,-0.8824316191281589,-1.0129850953292578,-0.13055347620109892,1784349791.585935,1784349793.016035,1784349792.300985,0.757615536,"[dac] CH_A set to -1.013 V (code=29448)
"
1378,82,49,-1.0129850953292578,-1.1435385715303568,-0.13055347620109892,1784349793.0162518,1784349794.4612732,1784349793.7387624,0.670475505,"[dac] CH_A set to -1.143 V (code=29021)
"
1379,82,50,-1.1435385715303568,-1.2740920477314548,-0.13055347620109803,1784349794.461477,1784349795.907383,1784349795.1844301,0.618191487,"[dac] CH_A set to -1.274 V (code=28593)
"
1380,82,51,-1.2740920477314548,-1.4046455239325537,-0.13055347620109892,1784349795.9076018,1784349797.3399942,1784349796.623798,0.528370224,"[dac] CH_A set to -1.405 V (code=28165)
"
1381,82,52,-1.4046455239325537,-1.5351990001336526,-0.13055347620109892,1784349797.340217,1784349798.780886,1784349798.0605516,0.464020663,"[dac] CH_A set to -1.535 V (code=27737)
"
1382,82,53,-1.5351990001336526,-1.6657524763347507,-0.13055347620109803,1784349798.781121,1784349800.220056,1784349799.5005884,0.433186499,"[dac] CH_A set to -1.666 V (code=27309)
"
1383,82,54,-1.6657524763347507,-1.7963059525358496,-0.13055347620109892,1784349800.2203069,1784349801.656628,1784349800.9384675,0.367496322,"[dac] CH_A set to -1.796 V (code=26881)
"
1384,82,55,-1.7963059525358496,-1.9268594287369485,-0.13055347620109892,1784349801.657693,1784349803.0814269,1784349802.3695598,0.313871687,"[dac] CH_A set to -1.927 V (code=26454)
"
1385,82,56,-1.9268594287369485,-2.0574129049380474,-0.13055347620109892,1784349803.081631,1784349804.523438,1784349803.8025346,0.28705937,"[dac] CH_A set to -2.057 V (code=26026)
"
1386,82,57,-2.0574129049380474,-2.1879663811391463,-0.13055347620109892,1784349804.523663,1784349805.9567559,1784349805.2402096,0.202600571,"[dac] CH_A set to -2.188 V (code=25598)
"
1387,82,58,-2.1879663811391463,-2.3185198573402444,-0.13055347620109803,1784349805.956964,1784349807.3871639,1784349806.6720638,0.166403943,"[dac] CH_A set to -2.319 V (code=25170)
"
1388,82,59,-2.3185198573402444,-2.4490733335413433,-0.13055347620109892,1784349807.387562,1784349808.8261619,1784349808.106862,0.143613474,"[dac] CH_A set to -2.449 V (code=24742)
"
1389,82,60,-2.4490733335413433,-2.579626809742442,-0.13055347620109892,1784349808.826391,1784349810.265615,1784349809.5460029,0.111438693,"[dac] CH_A set to -2.580 V (code=24315)
"
1390,82,61,-2.579626809742442,-2.71018028594354,-0.13055347620109803,1784349810.2668438,1784349811.7089322,1784349810.9878879,0.0645171381,"[dac] CH_A set to -2.710 V (code=23887)
"
1391,82,62,-2.71018028594354,-2.840733762144639,-0.13055347620109892,1784349811.7091331,1784349813.161193,1784349812.435163,0.0444079002,"[dac] CH_A set to -2.841 V (code=23459)
"
1392,82,63,-2.840733762144639,-2.971287238345738,-0.13055347620109892,1784349813.161386,1784349814.592333,1784349813.8768597,0.037704821,"[dac] CH_A set to -2.971 V (code=23031)
"
1393,82,64,-2.971287238345738,-3.101840714546837,-0.13055347620109892,1784349814.592524,1784349816.0393028,1784349815.3159134,0.0390454368,"[dac] CH_A set to -3.102 V (code=22604)
"
1394,82,65,-3.101840714546837,-3.232394190747936,-0.13055347620109892,1784349816.039708,1784349817.478446,1784349816.759077,0.00955188798,"[dac] CH_A set to -3.232 V (code=22176)
"
1395,82,66,-3.232394190747936,-3.362947666949035,-0.13055347620109892,1784349817.479535,1784349818.924787,1784349818.202161,0.0296611258,"[dac] CH_A set to -3.363 V (code=21748)
"
1396,82,67,-3.362947666949035,-3.4935011431501337,-0.13055347620109892,1784349818.92508,1784349820.3667278,1784349819.645904,0.018936199,"[dac] CH_A set to -3.493 V (code=21320)
"
1397,82,68,-3.4935011431501337,-3.6240546193512317,-0.13055347620109803,1784349820.366978,1784349821.801924,1784349821.084451,0.02832051,"[dac] CH_A set to -3.624 V (code=20892)
"
1398,83,0,-3.7546080955523307,-3.81988483365288,-0.06527673810054946,1784349850.292201,1784349851.738038,1784349851.0151196,0.075242065,"[dac] CH_A set to -3.820 V (code=20251)
"
1399,83,1,-3.81988483365288,-3.8851615717534296,-0.06527673810054946,1784349851.738513,1784349853.1725838,1784349852.4555483,0.0765826808,"[dac] CH_A set to -3.885 V (code=20037)
"
1400,84,0,-3.7546080955523307,-3.624054619351232,0.13055347620109847,1784349881.676307,1784349883.110098,1784349882.3932023,0.0229580465,"[dac] CH_A set to -3.624 V (code=20892)
"
1401,84,1,-3.624054619351232,-3.4935011431501333,0.13055347620109892,1784349883.1105762,1784349884.548553,1784349883.8295646,0.0444079002,"[dac] CH_A set to -3.493 V (code=21320)
"
1402,84,2,-3.4935011431501333,-3.362947666949035,0.13055347620109847,1784349884.548842,1784349885.9893792,1784349885.2691107,0.0175955831,"[dac] CH_A set to -3.363 V (code=21748)
"
1403,84,3,-3.362947666949035,-3.232394190747936,0.13055347620109892,1784349885.989596,1784349887.4298398,1784349886.7097178,-0.0145787007,"[dac] CH_A set to -3.232 V (code=22176)
"
1404,84,4,-3.232394190747936,-3.1018407145468374,0.13055347620109847,1784349887.4301178,1784349888.861184,1784349888.1456509,0.0296611258,"[dac] CH_A set to -3.102 V (code=22604)
"
1405,84,5,-3.1018407145468374,-2.971287238345739,0.13055347620109847,1784349888.862276,1784349890.2986612,1784349889.5804687,0.0162549673,"[dac] CH_A set to -2.971 V (code=23031)
"
1406,84,6,-2.971287238345739,-2.84073376214464,0.13055347620109892,1784349890.298913,1784349891.736253,1784349891.017583,-0.00787580126,"[dac] CH_A set to -2.841 V (code=23459)
"
1407,84,7,-2.84073376214464,-2.710180285943541,0.13055347620109892,1784349891.7364962,1784349893.1796281,1784349892.4580622,0.0524515954,"[dac] CH_A set to -2.710 V (code=23887)
"
1408,84,8,-2.710180285943541,-2.5796268097424426,0.13055347620109847,1784349893.179838,1784349894.613166,1784349893.896502,0.0484297478,"[dac] CH_A set to -2.580 V (code=24315)
"
1409,84,9,-2.5796268097424426,-2.449073333541344,0.13055347620109847,1784349894.6133618,1784349896.0382469,1784349895.3258042,0.0806045284,"[dac] CH_A set to -2.449 V (code=24742)
"
1410,84,10,-2.449073333541344,-2.3185198573402452,0.13055347620109892,1784349896.038486,1784349897.464374,1784349896.75143,0.110098077,"[dac] CH_A set to -2.319 V (code=25170)
"
1411,84,11,-2.3185198573402452,-2.1879663811391468,0.13055347620109847,1784349897.464589,1784349898.8945029,1784349898.1795459,0.147635321,"[dac] CH_A set to -2.188 V (code=25598)
"
1412,84,12,-2.1879663811391468,-2.0574129049380483,0.13055347620109847,1784349898.8956978,1784349900.327245,1784349899.6114714,0.197238108,"[dac] CH_A set to -2.057 V (code=26026)
"
1413,84,13,-2.0574129049380483,-1.9268594287369494,0.13055347620109892,1784349900.327452,1784349901.763186,1784349901.045319,0.241478431,"[dac] CH_A set to -1.927 V (code=26454)
"
1414,84,14,-1.9268594287369494,-1.7963059525358505,0.13055347620109892,1784349901.7634401,1784349903.195967,1784349902.4797034,0.268290748,"[dac] CH_A set to -1.796 V (code=26881)
"
1415,85,0,-1.6657524763347515,-1.600475738234202,0.06527673810054946,1784349931.7896068,1784349933.214415,1784349932.5020108,0.354090163,"[dac] CH_A set to -1.600 V (code=27523)
"
1416,85,1,-1.600475738234202,-1.5351990001336526,0.06527673810054946,1784349933.2149398,1784349934.649982,1784349933.9324608,0.38760556,"[dac] CH_A set to -1.535 V (code=27737)
"
1417,86,0,-1.6657524763347515,-1.5351990001336528,0.1305534762010987,1784349963.19705,1784349964.6339011,1784349963.9154756,0.375540017,"[dac] CH_A set to -1.535 V (code=27737)
"
1418,86,1,-1.5351990001336528,-1.4046455239325542,0.1305534762010987,1784349964.6345248,1784349966.0702279,1784349965.3523765,0.409055413,"[dac] CH_A set to -1.405 V (code=28165)
"
1419,86,2,-1.4046455239325542,-1.2740920477314555,0.1305534762010987,1784349966.070511,1784349967.505887,1784349966.788199,0.488151749,"[dac] CH_A set to -1.274 V (code=28593)
"
1420,86,3,-1.2740920477314555,-1.1435385715303568,0.1305534762010987,1784349967.506251,1784349968.940398,1784349968.2233245,0.531051456,"[dac] CH_A set to -1.143 V (code=29021)
"
1421,86,4,-1.1435385715303568,-1.012985095329258,0.1305534762010987,1784349968.9407501,1784349970.389706,1784349969.665228,0.588697938,"[dac] CH_A set to -1.013 V (code=29448)
"
1422,86,5,-1.012985095329258,-0.8824316191281594,0.1305534762010987,1784349970.389951,1784349971.828681,1784349971.1093159,0.657069347,"[dac] CH_A set to -0.882 V (code=29876)
"
1423,86,6,-0.8824316191281594,-0.7518781429270607,0.1305534762010987,1784349971.8289258,1784349973.26277,1784349972.545848,0.74018753,"[dac] CH_A set to -0.752 V (code=30304)
"
1424,86,7,-0.7518781429270607,-0.621324666725962,0.1305534762010987,1784349973.262997,1784349974.6897368,1784349973.976367,0.769681079,"[dac] CH_A set to -0.621 V (code=30732)
"
1425,86,8,-0.621324666725962,-0.4907711905248633,0.1305534762010987,1784349974.6899562,1784349976.1230578,1784349975.406507,0.870227268,"[dac] CH_A set to -0.491 V (code=31159)
"
1426,86,9,-0.4907711905248633,-0.3602177143237646,0.1305534762010987,1784349976.123265,1784349977.5631008,1784349976.843183,0.922511286,"[dac] CH_A set to -0.360 V (code=31587)
"
1427,86,10,-0.3602177143237646,-0.2296642381226659,0.1305534762010987,1784349977.564224,1784349978.9900758,1784349978.27715,0.978817152,"[dac] CH_A set to -0.230 V (code=32015)
"
1428,86,11,-0.2296642381226659,-0.0991107619215672,0.1305534762010987,1784349978.990255,1784349980.431659,1784349979.710957,1.07802273,"[dac] CH_A set to -0.099 V (code=32443)
"
1429,86,12,-0.0991107619215672,0.03144271427953149,0.1305534762010987,1784349980.43189,1784349981.862262,1784349981.1470761,1.1262849,"[dac] CH_A set to +0.031 V (code=32870)
"
1430,86,13,0.03144271427953149,0.1619961904806302,0.1305534762010987,1784349981.862505,1784349983.2964668,1784349982.579486,1.1772283,"[dac] CH_A set to +0.162 V (code=33298)
"
1431,86,14,0.1619961904806302,0.2925496666817289,0.1305534762010987,1784349983.296693,1784349984.73892,1784349984.0178065,1.25498402,"[dac] CH_A set to +0.292 V (code=33726)
"
1432,86,15,0.2925496666817289,0.4231031428828276,0.1305534762010987,1784349984.739136,1784349986.1640499,1784349985.451593,1.29520249,"[dac] CH_A set to +0.423 V (code=34154)
"
1433,86,16,0.4231031428828276,0.5536566190839265,0.13055347620109892,1784349986.164236,1784349987.594827,1784349986.8795314,1.33408035,"[dac] CH_A set to +0.554 V (code=34582)
"
1434,86,17,0.5536566190839265,0.684210095285025,0.13055347620109847,1784349987.595171,1784349989.0229938,1784349988.3090825,1.40915484,"[dac] CH_A set to +0.684 V (code=35009)
"
1435,86,18,0.684210095285025,0.8147635714861234,0.13055347620109847,1784349989.0232708,1784349990.4510531,1784349989.737162,1.46412009,"[dac] CH_A set to +0.815 V (code=35437)
"
1436,86,19,0.8147635714861234,0.9453170476872224,0.13055347620109892,1784349990.4512599,1784349991.8981729,1784349991.1747165,1.47618564,"[dac] CH_A set to +0.945 V (code=35865)
"
1437,86,20,0.9453170476872224,1.0758705238883213,0.13055347620109892,1784349991.898366,1784349993.339644,1784349992.619005,1.51774473,"[dac] CH_A set to +1.076 V (code=36293)
"
1438,86,21,1.0758705238883213,1.2064240000894197,0.13055347620109847,1784349993.33984,1784349994.7741609,1784349994.0570004,1.57270998,"[dac] CH_A set to +1.206 V (code=36721)
"
1439,86,22,1.2064240000894197,1.3369774762905182,0.13055347620109847,1784349994.774498,1784349996.208856,1784349995.491677,1.60756599,"[dac] CH_A set to +1.337 V (code=37149)
"
1440,86,23,1.3369774762905182,1.4675309524916171,0.13055347620109892,1784349996.209954,1784349997.651058,1784349996.930506,1.66253124,"[dac] CH_A set to +1.467 V (code=37576)
"
1441,86,24,1.4675309524916171,1.598084428692716,0.13055347620109892,1784349997.6512918,1784349999.0830169,1784349998.3671544,1.64644385,"[dac] CH_A set to +1.598 V (code=38004)
"
1442,86,25,1.598084428692716,1.7286379048938145,0.13055347620109847,1784349999.083267,1784350000.5224352,1784349999.8028512,1.70811218,"[dac] CH_A set to +1.729 V (code=38432)
"
1443,86,26,1.7286379048938145,1.859191381094913,0.13055347620109847,1784350000.522621,1784350001.940802,1784350001.2317114,1.69872787,"[dac] CH_A set to +1.859 V (code=38860)
"
1444,86,27,1.859191381094913,1.989744857296012,0.13055347620109892,1784350001.941039,1784350003.3714292,1784350002.6562343,1.68934356,"[dac] CH_A set to +1.990 V (code=39287)
"
1445,86,28,1.989744857296012,2.120298333497111,0.13055347620109892,1784350003.372499,1784350004.811827,1784350004.092163,1.71883711,"[dac] CH_A set to +2.120 V (code=39715)
"
1446,86,29,2.120298333497111,2.2508518096982093,0.13055347620109847,1784350004.812059,1784350006.24327,1784350005.5276644,1.71481526,"[dac] CH_A set to +2.251 V (code=40143)
"
1447,86,30,2.2508518096982093,2.3814052858993078,0.13055347620109847,1784350006.243627,1784350007.67958,1784350006.9616036,1.6933654,"[dac] CH_A set to +2.381 V (code=40571)
"
1448,86,31,2.3814052858993078,2.5119587621004067,0.13055347620109892,1784350007.679805,1784350009.115255,1784350008.39753,1.68264048,"[dac] CH_A set to +2.512 V (code=40999)
"
1449,86,32,2.5119587621004067,2.6425122383015056,0.13055347620109892,1784350009.115469,1784350010.567447,1784350009.8414578,1.67727801,"[dac] CH_A set to +2.642 V (code=41426)
"
1450,86,33,2.6425122383015056,2.7730657145026045,0.13055347620109892,1784350010.5676742,1784350012.0029922,1784350011.2853332,1.66253124,"[dac] CH_A set to +2.773 V (code=41854)
"
1451,86,34,2.7730657145026045,2.9036191907037026,0.13055347620109803,1784350012.003208,1784350013.4378262,1784350012.7205172,1.62231276,"[dac] CH_A set to +2.904 V (code=42282)
"
1452,86,35,2.9036191907037026,3.0341726669048015,0.13055347620109892,1784350013.438046,1784350014.880521,1784350014.1592836,1.60220353,"[dac] CH_A set to +3.034 V (code=42710)
"
1453,86,36,3.0341726669048015,3.1647261431059004,0.13055347620109892,1784350014.880747,1784350016.3253691,1784350015.603058,1.53651335,"[dac] CH_A set to +3.165 V (code=43137)
"
1454,86,37,3.1647261431059004,3.2952796193069984,0.13055347620109803,1784350016.325541,1784350017.7656178,1784350017.0455794,1.5070198,"[dac] CH_A set to +3.295 V (code=43565)
"
1455,86,38,3.2952796193069984,3.4258330955080973,0.13055347620109892,1784350017.765919,1784350019.206082,1784350018.4860005,1.48288871,"[dac] CH_A set to +3.426 V (code=43993)
"
1456,87,0,3.2952796193069984,3.230002881206449,-0.06527673810054946,1784350047.761141,1784350049.198595,1784350048.479868,1.48691056,"[dac] CH_A set to +3.230 V (code=43351)
"
1457,87,1,3.230002881206449,3.1647261431058995,-0.06527673810054946,1784350049.19882,1784350050.63064,1784350049.91473,1.5324915,"[dac] CH_A set to +3.165 V (code=43137)
"
1458,88,0,3.2952796193069984,3.1740513914059783,-0.12122822790102017,1784350079.171259,1784350080.591938,1784350079.8815985,1.51506349,"[dac] CH_A set to +3.174 V (code=43168)
"
1459,88,1,3.1740513914059783,3.052823163504958,-0.12122822790102017,1784350080.592972,1784350082.021867,1784350081.3074195,1.55394135,"[dac] CH_A set to +3.053 V (code=42771)
"
1460,88,2,3.052823163504958,2.931594935603938,-0.12122822790102017,1784350082.022059,1784350083.4714382,1784350082.7467484,1.55662259,"[dac] CH_A set to +2.932 V (code=42374)
"
1461,88,3,2.931594935603938,2.8103667077029173,-0.12122822790102061,1784350083.471628,1784350084.903109,1784350084.1873684,1.60086291,"[dac] CH_A set to +2.810 V (code=41976)
"
1462,88,4,2.8103667077029173,2.689138479801897,-0.12122822790102017,1784350084.903347,1784350086.338308,1784350085.6208277,1.63303769,"[dac] CH_A set to +2.689 V (code=41579)
"
1463,88,5,2.689138479801897,2.567910251900877,-0.12122822790102017,1784350086.339392,1784350087.7613199,1784350087.050356,1.65850939,"[dac] CH_A set to +2.568 V (code=41182)
"
1464,88,6,2.567910251900877,2.446682023999857,-0.12122822790102017,1784350087.761548,1784350089.2071402,1784350088.484344,1.65850939,"[dac] CH_A set to +2.447 V (code=40785)
"
1465,88,7,2.446682023999857,2.3254537960988366,-0.12122822790102017,1784350089.207407,1784350090.62941,1784350089.9184084,1.70677156,"[dac] CH_A set to +2.326 V (code=40388)
"
1466,88,8,2.3254537960988366,2.204225568197816,-0.12122822790102061,1784350090.6296399,1784350092.075954,1784350091.352797,1.72822142,"[dac] CH_A set to +2.204 V (code=39990)
"
1467,88,9,2.204225568197816,2.082997340296796,-0.12122822790102017,1784350092.076164,1784350093.512769,1784350092.7944665,1.7268808,"[dac] CH_A set to +2.083 V (code=39593)
"
1468,88,10,2.082997340296796,1.961769112395776,-0.12122822790101995,1784350093.512972,1784350094.954915,1784350094.2339435,1.71615587,"[dac] CH_A set to +1.962 V (code=39196)
"
1469,88,11,1.961769112395776,1.8405408844947555,-0.12122822790102039,1784350094.955151,1784350096.405497,1784350095.680324,1.69738725,"[dac] CH_A set to +1.840 V (code=38798)
"
1470,88,12,1.8405408844947555,1.7193126565937353,-0.12122822790102017,1784350096.406701,1784350097.8358788,1784350097.12129,1.71749649,"[dac] CH_A set to +1.719 V (code=38401)
"
1471,88,13,1.7193126565937353,1.5980844286927152,-0.12122822790102017,1784350097.8360682,1784350099.270826,1784350098.5534472,1.66119062,"[dac] CH_A set to +1.598 V (code=38004)
"
1472,89,0,1.728637904893814,1.7939146429943635,0.06527673810054946,1784350127.7455769,1784350129.182859,1784350128.464218,1.71347464,"[dac] CH_A set to +1.794 V (code=38646)
"
1473,89,1,1.7939146429943635,1.859191381094913,0.06527673810054946,1784350129.183298,1784350130.621734,1784350129.902516,1.70945279,"[dac] CH_A set to +1.859 V (code=38860)
"
1474,90,0,1.728637904893814,1.5980844286927154,-0.1305534762010987,1784350159.12325,1784350160.551908,1784350159.837579,1.68666232,"[dac] CH_A set to +1.598 V (code=38004)
"
1475,90,1,1.5980844286927154,1.4675309524916167,-0.1305534762010987,1784350160.5521548,1784350161.983767,1784350161.267961,1.68398109,"[dac] CH_A set to +1.467 V (code=37576)
"
1476,90,2,1.4675309524916167,1.3369774762905182,-0.13055347620109847,1784350161.98398,1784350163.4328132,1784350162.7083964,1.65582816,"[dac] CH_A set to +1.337 V (code=37149)
"
1477,90,3,1.3369774762905182,1.2064240000894195,-0.1305534762010987,1784350163.433086,1784350164.872202,1784350164.152644,1.62231276,"[dac] CH_A set to +1.206 V (code=36721)
"
1478,90,4,1.2064240000894195,1.0758705238883208,-0.1305534762010987,1784350164.8724039,1784350166.3050492,1784350165.5887265,1.60756599,"[dac] CH_A set to +1.076 V (code=36293)
"
1479,90,5,1.0758705238883208,0.9453170476872222,-0.13055347620109858,1784350166.30525,1784350167.7303722,1784350167.017811,1.57136936,"[dac] CH_A set to +0.945 V (code=35865)
"
1480,90,6,0.9453170476872222,0.8147635714861237,-0.13055347620109858,1784350167.7306528,1784350169.1801789,1784350168.4554157,1.5324915,"[dac] CH_A set to +0.815 V (code=35437)
"
1481,90,7,0.8147635714861237,0.684210095285025,-0.1305534762010987,1784350169.180492,1784350170.6182752,1784350169.8993835,1.46948256,"[dac] CH_A set to +0.684 V (code=35009)
"
1482,90,8,0.684210095285025,0.5536566190839263,-0.1305534762010987,1784350170.618507,1784350172.0484748,1784350171.3334908,1.43998901,"[dac] CH_A set to +0.554 V (code=34582)
"
1483,90,9,0.5536566190839263,0.4231031428828276,-0.1305534762010987,1784350172.048704,1784350173.475787,1784350172.7622454,1.39306745,"[dac] CH_A set to +0.423 V (code=34154)
"
1484,90,10,0.4231031428828276,0.2925496666817291,-0.13055347620109847,1784350173.4759822,1784350174.9110138,1784350174.1934981,1.31933358,"[dac] CH_A set to +0.292 V (code=33726)
"
1485,90,11,0.2925496666817291,0.1619961904806304,-0.1305534762010987,1784350174.911346,1784350176.3569999,1784350175.634173,1.27777449,"[dac] CH_A set to +0.162 V (code=33298)
"
1486,90,12,0.1619961904806304,0.031442714279531714,-0.1305534762010987,1784350176.3572218,1784350177.7962408,1784350177.0767312,1.22951232,"[dac] CH_A set to +0.031 V (code=32870)
"
1487,91,0,-0.0991107619215672,-0.16438750002211666,-0.06527673810054946,1784350206.330378,1784350207.763907,1784350207.0471425,1.10349443,"[dac] CH_A set to -0.164 V (code=32229)
"
1488,91,1,-0.16438750002211666,-0.22966423812266612,-0.06527673810054946,1784350207.764194,1784350209.204504,1784350208.484349,1.06461657,"[dac] CH_A set to -0.230 V (code=32015)
"
1489,92,0,-0.0991107619215672,-0.20355354288244626,-0.10444278096087906,1784350237.7375,1784350239.169576,1784350238.453538,1.06997903,"[dac] CH_A set to -0.204 V (code=32100)
"
1490,92,1,-0.20355354288244626,-0.3079963238433253,-0.10444278096087906,1784350239.170152,1784350240.6027908,1784350239.8864713,1.01769501,"[dac] CH_A set to -0.308 V (code=31758)
"
1491,92,2,-0.3079963238433253,-0.4124391048042043,-0.104442780960879,1784350240.6030269,1784350242.029655,1784350241.316341,0.982839,"[dac] CH_A set to -0.412 V (code=31416)
"
1492,92,3,-0.4124391048042043,-0.5168818857650834,-0.10444278096087911,1784350242.0304582,1784350243.4700842,1784350242.7502713,0.931895597,"[dac] CH_A set to -0.517 V (code=31074)
"
1493,92,4,-0.5168818857650834,-0.6213246667259624,-0.104442780960879,1784350243.470308,1784350244.918693,1784350244.1945004,0.859502341,"[dac] CH_A set to -0.621 V (code=30732)
"
1494,93,0,-0.4907711905248635,-0.42549445242431405,0.06527673810054946,1784350273.449864,1784350274.8851998,1784350274.167532,0.968092225,"[dac] CH_A set to -0.426 V (code=31373)
"
1495,93,1,-0.42549445242431405,-0.3602177143237646,0.06527673810054946,1784350274.885414,1784350276.321439,1784350275.6034265,0.990882695,"[dac] CH_A set to -0.360 V (code=31587)
"
1496,94,0,-0.4907711905248635,-0.36615196324199656,0.12461922728286695,1784350304.8186162,1784350306.25683,1784350305.537723,0.988201463,"[dac] CH_A set to -0.366 V (code=31568)
"
1497,94,1,-0.36615196324199656,-0.24153273595912958,0.12461922728286698,1784350306.257899,1784350307.701161,1784350306.9795299,1.02305748,"[dac] CH_A set to -0.242 V (code=31976)
"
1498,94,2,-0.24153273595912958,-0.1169135086762626,0.12461922728286698,1784350307.701382,1784350309.1297169,1784350308.4155493,1.10483504,"[dac] CH_A set to -0.117 V (code=32384)
"
1499,94,3,-0.1169135086762626,0.00770571860660435,0.12461922728286695,1784350309.129941,1784350310.5785978,1784350309.8542695,1.16382214,"[dac] CH_A set to +0.008 V (code=32793)
"
1500,94,4,0.00770571860660435,0.1323249458894713,0.12461922728286695,1784350310.578849,1784350312.011648,1784350311.2952485,1.22414985,"[dac] CH_A set to +0.132 V (code=33201)
"
1501,94,5,0.1323249458894713,0.2569441731723383,0.124619227282867,1784350312.0118651,1784350313.446435,1784350312.72915,1.24023724,"[dac] CH_A set to +0.257 V (code=33609)
"
1502,94,6,0.2569441731723383,0.3815634004552052,0.1246192272828669,1784350313.446662,1784350314.889247,1784350314.1679544,1.3126305,"[dac] CH_A set to +0.382 V (code=34018)
"
1503,94,7,0.3815634004552052,0.5061826277380722,0.124619227282867,1784350314.889507,1784350316.321955,1784350315.605731,1.37429883,"[dac] CH_A set to +0.506 V (code=34426)
"
1504,94,8,0.5061826277380722,0.6308018550209391,0.1246192272828669,1784350316.3221529,1784350317.752018,1784350317.0370855,1.42524223,"[dac] CH_A set to +0.631 V (code=34834)
"
1505,94,9,0.6308018550209391,0.7554210823038061,0.124619227282867,1784350317.7522151,1784350319.179764,1784350318.4659896,1.4735044,"[dac] CH_A set to +0.755 V (code=35243)
"
1506,94,10,0.7554210823038061,0.8800403095866731,0.124619227282867,1784350319.17994,1784350320.604356,1784350319.892148,1.51506349,"[dac] CH_A set to +0.880 V (code=35651)
"
1507,94,11,0.8800403095866731,1.0046595368695401,0.124619227282867,1784350320.6054559,1784350322.057837,1784350321.3316464,1.53919458,"[dac] CH_A set to +1.005 V (code=36060)
"
1508,94,12,1.0046595368695401,1.1292787641524071,0.124619227282867,1784350322.058037,1784350323.499135,1784350322.778586,1.58209429,"[dac] CH_A set to +1.129 V (code=36468)
"
1509,94,13,1.1292787641524071,1.253897991435274,0.12461922728286678,1784350323.4993658,1784350324.932829,1784350324.2160974,1.61963153,"[dac] CH_A set to +1.254 V (code=36876)
"
1510,94,14,1.253897991435274,1.378517218718141,0.124619227282867,1784350324.933053,1784350326.374582,1784350325.6538177,1.62901584,"[dac] CH_A set to +1.378 V (code=37285)
"
1511,94,15,1.378517218718141,1.503136446001008,0.124619227282867,1784350326.3748,1784350327.804938,1784350327.089869,1.67057493,"[dac] CH_A set to +1.503 V (code=37693)
"
1512,94,16,1.503136446001008,1.627755673283875,0.124619227282867,1784350327.80559,1784350329.2525282,1784350328.529059,1.70006848,"[dac] CH_A set to +1.628 V (code=38101)
"
1513,94,17,1.627755673283875,1.7523749005667417,0.12461922728286678,1784350329.2527921,1784350330.693855,1784350329.9733236,1.70677156,"[dac] CH_A set to +1.752 V (code=38510)
"
1514,94,18,1.7523749005667417,1.876994127849609,0.12461922728286723,1784350330.694123,1784350332.122255,1784350331.408189,1.70409033,"[dac] CH_A set to +1.877 V (code=38918)
"
1515,94,19,1.876994127849609,2.0016133551324757,0.12461922728286678,1784350332.122457,1784350333.5670059,1784350332.8447313,1.71213403,"[dac] CH_A set to +2.002 V (code=39326)
"
1516,94,20,2.0016133551324757,2.126232582415343,0.12461922728286723,1784350333.5672371,1784350335.00636,1784350334.2867985,1.7349245,"[dac] CH_A set to +2.126 V (code=39735)
"
1517,94,21,2.126232582415343,2.2508518096982097,0.12461922728286678,1784350335.006593,1784350336.435724,1784350335.7211585,1.69470602,"[dac] CH_A set to +2.251 V (code=40143)
"
1518,95,0,2.120298333497111,2.0550215953965614,-0.06527673810054946,1784350364.9296331,1784350366.356732,1784350365.6431825,1.69738725,"[dac] CH_A set to +2.055 V (code=39501)
"
1519,95,1,2.0550215953965614,1.989744857296012,-0.06527673810054946,1784350366.356929,1784350367.796169,1784350367.076549,1.71079341,"[dac] CH_A set to +1.990 V (code=39287)
"
1520,96,0,2.120298333497111,2.2508518096982093,0.13055347620109847,1784350396.337472,1784350397.7731788,1784350397.0553255,1.70677156,"[dac] CH_A set to +2.251 V (code=40143)
"
1521,96,1,2.2508518096982093,2.3814052858993073,0.13055347620109803,1784350397.773428,1784350399.191508,1784350398.4824681,1.69202479,"[dac] CH_A set to +2.381 V (code=40571)
"
1522,96,2,2.3814052858993073,2.511958762100406,0.13055347620109847,1784350399.191794,1784350400.624664,1784350399.9082289,1.67325617,"[dac] CH_A set to +2.512 V (code=40999)
"
1523,97,0,2.6425122383015047,2.707788976402054,0.06527673810054946,1784350429.142876,1784350430.5674071,1784350429.8551416,1.60488476,"[dac] CH_A set to +2.708 V (code=41640)
"
1524,97,1,2.707788976402054,2.7730657145026036,0.06527673810054946,1784350430.568466,1784350432.0082781,1784350431.288372,1.60354414,"[dac] CH_A set to +2.773 V (code=41854)
"
1525,98,0,2.6425122383015047,2.5119587621004063,-0.13055347620109847,1784350460.532508,1784350461.9722261,1784350461.252367,1.66119062,"[dac] CH_A set to +2.512 V (code=40999)
"
1526,98,1,2.5119587621004063,2.3814052858993073,-0.13055347620109892,1784350461.9724832,1784350463.406406,1784350462.6894445,1.69470602,"[dac] CH_A set to +2.381 V (code=40571)
"
1527,98,2,2.3814052858993073,2.250851809698209,-0.13055347620109847,1784350463.406652,1784350464.8462222,1784350464.1264372,1.69738725,"[dac] CH_A set to +2.251 V (code=40143)
"
1528,98,3,2.250851809698209,2.12029833349711,-0.13055347620109892,1784350464.846569,1784350466.276895,1784350465.561732,1.70274971,"[dac] CH_A set to +2.120 V (code=39715)
"
1529,98,4,2.12029833349711,1.9897448572960115,-0.13055347620109847,1784350466.2771342,1784350467.704531,1784350466.9908326,1.69202479,"[dac] CH_A set to +1.990 V (code=39287)
"
1530,98,5,1.9897448572960115,1.8591913810949128,-0.1305534762010987,1784350467.704741,1784350469.145308,1784350468.4250245,1.69068417,"[dac] CH_A set to +1.859 V (code=38860)
"
1531,98,6,1.8591913810949128,1.728637904893814,-0.1305534762010987,1784350469.145497,1784350470.586981,1784350469.866239,1.71213403,"[dac] CH_A set to +1.729 V (code=38432)
"
1532,98,7,1.728637904893814,1.5980844286927154,-0.1305534762010987,1784350470.5871758,1784350472.0212858,1784350471.3042307,1.68264048,"[dac] CH_A set to +1.598 V (code=38004)
"
1533,98,8,1.5980844286927154,1.4675309524916167,-0.1305534762010987,1784350472.0215292,1784350473.454863,1784350472.7381961,1.65985001,"[dac] CH_A set to +1.467 V (code=37576)
"
1534,98,9,1.4675309524916167,1.336977476290518,-0.1305534762010987,1784350473.455083,1784350474.8803542,1784350474.1677184,1.65448754,"[dac] CH_A set to +1.337 V (code=37149)
"
1535,98,10,1.336977476290518,1.2064240000894193,-0.1305534762010987,1784350474.8807921,1784350476.321412,1784350475.601102,1.63437831,"[dac] CH_A set to +1.206 V (code=36721)
"
1536,98,11,1.2064240000894193,1.0758705238883208,-0.13055347620109847,1784350476.32423,1784350477.774507,1784350477.0493684,1.5914786,"[dac] CH_A set to +1.076 V (code=36293)
"
1537,98,12,1.0758705238883208,0.9453170476872221,-0.1305534762010987,1784350477.774743,1784350479.204706,1784350478.4897246,1.56332567,"[dac] CH_A set to +0.945 V (code=35865)
"
1538,98,13,0.9453170476872221,0.8147635714861234,-0.1305534762010987,1784350479.2050822,1784350480.637975,1784350479.9215286,1.51506349,"[dac] CH_A set to +0.815 V (code=35437)
"
1539,98,14,0.8147635714861234,0.6842100952850247,-0.1305534762010987,1784350480.638228,1784350482.070796,1784350481.354512,1.4735044,"[dac] CH_A set to +0.684 V (code=35009)
"
1540,98,15,0.6842100952850247,0.553656619083926,-0.1305534762010987,1784350482.07101,1784350483.4964101,1784350482.78371,1.42658285,"[dac] CH_A set to +0.554 V (code=34582)
"
1541,98,16,0.553656619083926,0.4231031428828276,-0.13055347620109847,1784350483.496657,1784350484.9380338,1784350484.2173452,1.36491452,"[dac] CH_A set to +0.423 V (code=34154)
"
1542,98,17,0.4231031428828276,0.29254966668172866,-0.13055347620109892,1784350484.9383051,1784350486.375505,1784350485.6569052,1.34212405,"[dac] CH_A set to +0.292 V (code=33726)
"
1543,98,18,0.29254966668172866,0.1619961904806302,-0.13055347620109847,1784350486.375707,1784350487.8120031,1784350487.093855,1.30324619,"[dac] CH_A set to +0.162 V (code=33298)
"
1544,98,19,0.1619961904806302,0.03144271427953127,-0.13055347620109892,1784350487.812206,1784350489.238251,1784350488.5252285,1.24559971,"[dac] CH_A set to +0.031 V (code=32870)
"
1545,98,20,0.03144271427953127,-0.0991107619215672,-0.13055347620109847,1784350489.2384498,1784350490.688124,1784350489.9632869,1.15711906,"[dac] CH_A set to -0.099 V (code=32443)
"
1546,98,21,-0.0991107619215672,-0.22966423812266612,-0.13055347620109892,1784350490.688343,1784350492.122717,1784350491.40553,1.08338519,"[dac] CH_A set to -0.230 V (code=32015)
"
1547,98,22,-0.22966423812266612,-0.3602177143237646,-0.13055347620109847,1784350492.122936,1784350493.562075,1784350492.8425055,1.04584795,"[dac] CH_A set to -0.360 V (code=31587)
"
1548,98,23,-0.3602177143237646,-0.49077119052486307,-0.13055347620109847,1784350493.562357,1784350494.995938,1784350494.2791476,0.974795305,"[dac] CH_A set to -0.491 V (code=31159)
"
1549,98,24,-0.49077119052486307,-0.621324666725962,-0.13055347620109892,1784350494.996137,1784350496.417054,1784350495.7065954,0.899720817,"[dac] CH_A set to -0.621 V (code=30732)
"
1550,98,25,-0.621324666725962,-0.7518781429270605,-0.13055347620109847,1784350496.4173398,1784350497.8550122,1784350497.136176,0.817943249,"[dac] CH_A set to -0.752 V (code=30304)
"
1551,98,26,-0.7518781429270605,-0.8824316191281594,-0.13055347620109892,1784350497.8552,1784350499.301683,1784350498.5784416,0.753593688,"[dac] CH_A set to -0.882 V (code=29876)
"
1552,99,0,-1.0129850953292583,-1.0782618334298077,-0.06527673810054946,1784350527.7841852,1784350529.222877,1784350528.503531,0.639641341,"[dac] CH_A set to -1.078 V (code=29234)
"
1553,99,1,-1.0782618334298077,-1.1435385715303572,-0.06527673810054946,1784350529.2231538,1784350530.6523352,1784350529.9377446,0.624894566,"[dac] CH_A set to -1.143 V (code=29021)
"
1554,100,0,-1.0129850953292583,-1.143538571530357,-0.1305534762010987,1784350559.1902359,1784350560.619877,1784350559.9050565,0.577973011,"[dac] CH_A set to -1.143 V (code=29021)
"
1555,100,1,-1.143538571530357,-1.2740920477314557,-0.1305534762010987,1784350560.620098,1784350562.0681531,1784350561.3441257,0.520326529,"[dac] CH_A set to -1.274 V (code=28593)
"
1556,100,2,-1.2740920477314557,-1.4046455239325544,-0.1305534762010987,1784350562.068394,1784350563.50937,1784350562.788882,0.470723743,"[dac] CH_A set to -1.405 V (code=28165)
"
1557,100,3,-1.4046455239325544,-1.535199000133653,-0.1305534762010987,1784350563.509645,1784350564.936521,1784350564.223083,0.445252041,"[dac] CH_A set to -1.535 V (code=27737)
"
1558,100,4,-1.535199000133653,-1.6657524763347518,-0.1305534762010987,1784350564.936723,1784350566.3756218,1784350565.6561723,0.376880633,"[dac] CH_A set to -1.666 V (code=27309)
"
1559,100,5,-1.6657524763347518,-1.7963059525358505,-0.1305534762010987,1784350566.37583,1784350567.812428,1784350567.094129,0.284378139,"[dac] CH_A set to -1.796 V (code=26881)
"
1560,100,6,-1.7963059525358505,-1.9268594287369492,-0.1305534762010987,1784350567.812674,1784350569.25362,1784350568.5331469,0.261587669,"[dac] CH_A set to -1.927 V (code=26454)
"
1561,100,7,-1.9268594287369492,-2.057412904938048,-0.1305534762010987,1784350569.2538161,1784350570.695136,1784350569.974476,0.222709809,"[dac] CH_A set to -2.057 V (code=26026)
"
1562,100,8,-2.057412904938048,-2.1879663811391463,-0.13055347620109847,1784350570.695337,1784350572.143923,1784350571.41963,0.169085175,"[dac] CH_A set to -2.188 V (code=25598)
"
1563,100,9,-2.1879663811391463,-2.3185198573402452,-0.13055347620109892,1784350572.144136,1784350573.5794718,1784350572.861804,0.128866699,"[dac] CH_A set to -2.319 V (code=25170)
"
1564,100,10,-2.3185198573402452,-2.449073333541344,-0.13055347620109892,1784350573.58,1784350575.012688,1784350574.2963438,0.0980325345,"[dac] CH_A set to -2.449 V (code=24742)
"
1565,100,11,-2.449073333541344,-2.5796268097424426,-0.13055347620109847,1784350575.012912,1784350576.438376,1784350575.725644,0.0806045284,"[dac] CH_A set to -2.580 V (code=24315)
"
1566,100,12,-2.5796268097424426,-2.710180285943541,-0.13055347620109847,1784350576.438588,1784350577.8626938,1784350577.150641,0.0739014491,"[dac] CH_A set to -2.710 V (code=23887)
"
1567,100,13,-2.710180285943541,-2.84073376214464,-0.13055347620109892,1784350577.862926,1784350579.293035,1784350578.5779805,0.0444079002,"[dac] CH_A set to -2.841 V (code=23459)
"
1568,101,0,-2.710180285943541,-2.6449035478429916,0.06527673810054946,1784350607.7708318,1784350609.204361,1784350608.4875965,0.0604952905,"[dac] CH_A set to -2.645 V (code=24101)
"
1569,101,1,-2.6449035478429916,-2.579626809742442,0.06527673810054946,1784350609.2046669,1784350610.6322901,1784350609.9184785,0.0712202174,"[dac] CH_A set to -2.580 V (code=24315)
"
1570,102,0,-2.710180285943541,-2.581958121817462,0.128222164126079,1784350639.1211479,1784350640.562811,1784350639.8419795,0.047089132,"[dac] CH_A set to -2.582 V (code=24307)
"
1571,102,1,-2.581958121817462,-2.453735957691383,0.128222164126079,1784350640.563071,1784350642.0033998,1784350641.2832355,0.0685389857,"[dac] CH_A set to -2.454 V (code=24727)
"
1572,102,2,-2.453735957691383,-2.325513793565304,0.128222164126079,1784350642.0035892,1784350643.4268749,1784350642.715232,0.115460541,"[dac] CH_A set to -2.326 V (code=25147)
"
1573,102,3,-2.325513793565304,-2.1972916294392246,0.12822216412607945,1784350643.427095,1784350644.8685818,1784350644.1478384,0.155679016,"[dac] CH_A set to -2.197 V (code=25567)
"
1574,102,4,-2.1972916294392246,-2.0690694653131456,0.128222164126079,1784350644.868855,1784350646.302869,1784350645.5858622,0.183831949,"[dac] CH_A set to -2.069 V (code=25988)
"
1575,102,5,-2.0690694653131456,-1.9408473011870666,0.128222164126079,1784350646.303096,1784350647.747175,1784350647.0251355,0.217347346,"[dac] CH_A set to -1.941 V (code=26408)
"
1576,102,6,-1.9408473011870666,-1.8126251370609876,0.128222164126079,1784350647.7473989,1784350649.185261,1784350648.46633,0.242819047,"[dac] CH_A set to -1.813 V (code=26828)
"
1577,102,7,-1.8126251370609876,-1.6844029729349084,0.12822216412607923,1784350649.185516,1784350650.6296792,1784350649.9075975,0.338002773,"[dac] CH_A set to -1.684 V (code=27248)
"
1578,102,8,-1.6844029729349084,-1.5561808088088294,0.128222164126079,1784350650.629917,1784350652.054763,1784350651.34234,0.362133858,"[dac] CH_A set to -1.556 V (code=27668)
"
1579,102,9,-1.5561808088088294,-1.4279586446827501,0.12822216412607923,1784350652.054965,1784350653.4992309,1784350652.777098,0.421120956,"[dac] CH_A set to -1.428 V (code=28088)
"
1580,102,10,-1.4279586446827501,-1.2997364805566711,0.128222164126079,1784350653.4996428,1784350654.943459,1784350654.221551,0.498876676,"[dac] CH_A set to -1.300 V (code=28509)
"
1581,102,11,-1.2997364805566711,-1.1715143164305921,0.128222164126079,1784350654.943842,1784350656.378544,1784350655.661193,0.549820078,"[dac] CH_A set to -1.171 V (code=28929)
"
1582,102,12,-1.1715143164305921,-1.0432921523045129,0.12822216412607923,1784350656.378981,1784350657.812051,1784350657.0955162,0.627575798,"[dac] CH_A set to -1.043 V (code=29349)
"
1583,102,13,-1.0432921523045129,-0.9150699881784339,0.128222164126079,1784350657.812245,1784350659.241869,1784350658.527057,0.666453658,"[dac] CH_A set to -0.915 V (code=29769)
"
1584,102,14,-0.9150699881784339,-0.7868478240523546,0.12822216412607923,1784350659.2420511,1784350660.6731331,1784350659.957592,0.710693981,"[dac] CH_A set to -0.787 V (code=30189)
"
1585,102,15,-0.7868478240523546,-0.6586256599262756,0.128222164126079,1784350660.6733592,1784350662.122999,1784350661.398179,0.758956152,"[dac] CH_A set to -0.659 V (code=30609)
"
1586,102,16,-0.6586256599262756,-0.5304034958001966,0.128222164126079,1784350662.1232069,1784350663.5604439,1784350662.8418255,0.820624481,"[dac] CH_A set to -0.530 V (code=31030)
"
1587,102,17,-0.5304034958001966,-0.4021813316741176,0.128222164126079,1784350663.560679,1784350665.003571,1784350664.282125,0.899720817,"[dac] CH_A set to -0.402 V (code=31450)
"
1588,102,18,-0.4021813316741176,-0.2739591675480382,0.12822216412607945,1784350665.004145,1784350666.422966,1784350665.7135553,0.970773457,"[dac] CH_A set to -0.274 V (code=31870)
"
1589,102,19,-0.2739591675480382,-0.14573700342195917,0.128222164126079,1784350666.423158,1784350667.8618398,1784350667.142499,1.04718856,"[dac] CH_A set to -0.146 V (code=32290)
"
1590,102,20,-0.14573700342195917,-0.017514839295880158,0.128222164126079,1784350667.8620422,1784350669.2963579,1784350668.5792,1.10885689,"[dac] CH_A set to -0.018 V (code=32710)
"
1591,102,21,-0.017514839295880158,0.11070732483019885,0.128222164126079,1784350669.2965639,1784350670.748449,1784350670.0225065,1.14237229,"[dac] CH_A set to +0.111 V (code=33130)
"
1592,102,22,0.11070732483019885,0.23892948895627786,0.128222164126079,1784350670.748652,1784350672.183029,1784350671.4658403,1.21878739,"[dac] CH_A set to +0.239 V (code=33550)
"
1593,102,23,0.23892948895627786,0.36715165308235687,0.128222164126079,1784350672.1832771,1784350673.620379,1784350672.901828,1.26973079,"[dac] CH_A set to +0.367 V (code=33971)
"
1594,102,24,0.36715165308235687,0.4953738172084363,0.12822216412607945,1784350673.620607,1784350675.063305,1784350674.341956,1.3381022,"[dac] CH_A set to +0.495 V (code=34391)
"
1595,102,25,0.4953738172084363,0.6235959813345153,0.128222164126079,1784350675.063627,1784350676.5036922,1784350675.7836595,1.38368314,"[dac] CH_A set to +0.624 V (code=34811)
"
1596,102,26,0.6235959813345153,0.7518181454605943,0.128222164126079,1784350676.503948,1784350677.9371789,1784350677.2205634,1.4560764,"[dac] CH_A set to +0.752 V (code=35231)
"
1597,102,27,0.7518181454605943,0.8800403095866733,0.128222164126079,1784350677.937403,1784350679.387006,1784350678.6622045,1.49227303,"[dac] CH_A set to +0.880 V (code=35651)
"
1598,102,28,0.8800403095866733,1.0082624737127523,0.128222164126079,1784350679.3872151,1784350680.821694,1784350680.1044545,1.52042596,"[dac] CH_A set to +1.008 V (code=36071)
"
1599,102,29,1.0082624737127523,1.1364846378388318,0.12822216412607945,1784350680.8218958,1784350682.267375,1784350681.5446353,1.5405352,"[dac] CH_A set to +1.137 V (code=36492)
"
1600,102,30,1.1364846378388318,1.2647068019649108,0.128222164126079,1784350682.267603,1784350683.711196,1784350682.9893994,1.61292845,"[dac] CH_A set to +1.265 V (code=36912)
"
1601,102,31,1.2647068019649108,1.3929289660909898,0.128222164126079,1784350683.7114198,1784350685.1305869,1784350684.4210033,1.62901584,"[dac] CH_A set to +1.393 V (code=37332)
"
1602,102,32,1.3929289660909898,1.5211511302170688,0.128222164126079,1784350685.130819,1784350686.568886,1784350685.8498526,1.63705954,"[dac] CH_A set to +1.521 V (code=37752)
"
1603,102,33,1.5211511302170688,1.6493732943431478,0.128222164126079,1784350686.5699189,1784350687.991924,1784350687.2809215,1.65985001,"[dac] CH_A set to +1.649 V (code=38172)
"
1604,102,34,1.6493732943431478,1.7775954584692268,0.128222164126079,1784350687.992123,1784350689.412315,1784350688.702219,1.67727801,"[dac] CH_A set to +1.778 V (code=38592)
"
1605,102,35,1.7775954584692268,1.9058176225953058,0.128222164126079,1784350689.412528,1784350690.837347,1784350690.1249375,1.72017772,"[dac] CH_A set to +1.906 V (code=39012)
"
1606,102,36,1.9058176225953058,2.034039786721385,0.128222164126079,1784350690.837738,1784350692.2783282,1784350691.558033,1.72956203,"[dac] CH_A set to +2.034 V (code=39432)
"
1607,102,37,2.034039786721385,2.1622619508474648,0.1282221641260799,1784350692.278542,1784350693.712369,1784350692.9954555,1.71213403,"[dac] CH_A set to +2.162 V (code=39853)
"
1608,102,38,2.1622619508474648,2.2904841149735438,0.128222164126079,1784350693.712594,1784350695.154918,1784350694.4337559,1.71749649,"[dac] CH_A set to +2.290 V (code=40273)
"
1609,102,39,2.2904841149735438,2.4187062790996228,0.128222164126079,1784350695.155143,1784350696.590293,1784350695.8727179,1.68934356,"[dac] CH_A set to +2.419 V (code=40693)
"
1610,102,40,2.4187062790996228,2.5469284432257018,0.128222164126079,1784350696.590535,1784350698.038197,1784350697.3143659,1.71213403,"[dac] CH_A set to +2.547 V (code=41113)
"
1611,102,41,2.5469284432257018,2.675150607351781,0.128222164126079,1784350698.038432,1784350699.4568,1784350698.7476158,1.67727801,"[dac] CH_A set to +2.675 V (code=41533)
"
1612,102,42,2.675150607351781,2.80337277147786,0.128222164126079,1784350699.4579031,1784350700.878231,1784350700.168067,1.65180631,"[dac] CH_A set to +2.803 V (code=41954)
"
1613,102,43,2.80337277147786,2.931594935603939,0.128222164126079,1784350700.878418,1784350702.309851,1784350701.5941343,1.62097215,"[dac] CH_A set to +2.932 V (code=42374)
"
1614,102,44,2.931594935603939,3.059817099730018,0.128222164126079,1784350702.310047,1784350703.746549,1784350703.028298,1.57002875,"[dac] CH_A set to +3.060 V (code=42794)
"
1615,102,45,3.059817099730018,3.188039263856097,0.128222164126079,1784350703.746743,1784350705.19656,1784350704.4716516,1.54187581,"[dac] CH_A set to +3.188 V (code=43214)
"
1616,102,46,3.188039263856097,3.316261427982176,0.128222164126079,1784350705.197651,1784350706.638314,1784350705.9179826,1.4989761,"[dac] CH_A set to +3.316 V (code=43634)
"
1617,102,47,3.316261427982176,3.444483592108255,0.128222164126079,1784350706.638547,1784350708.070786,1784350707.3546665,1.47082317,"[dac] CH_A set to +3.444 V (code=44054)
"
1618,102,48,3.444483592108255,3.5727057562343347,0.1282221641260799,1784350708.0709991,1784350709.503603,1784350708.787301,1.39306745,"[dac] CH_A set to +3.573 V (code=44474)
"
1619,102,49,3.5727057562343347,3.7009279203604137,0.128222164126079,1784350709.5039492,1784350710.938014,1784350710.2209816,1.32737727,"[dac] CH_A set to +3.701 V (code=44894)
"
1620,102,50,3.7009279203604137,3.8291500844864927,0.128222164126079,1784350710.9382331,1784350712.3702521,1784350711.6542425,1.29922434,"[dac] CH_A set to +3.829 V (code=45315)
"
1621,102,51,3.8291500844864927,3.9573722486125718,0.128222164126079,1784350712.371348,1784350713.7969248,1784350713.0841365,1.24962156,"[dac] CH_A set to +3.957 V (code=45735)
"
1622,102,52,3.9573722486125718,4.085594412738651,0.128222164126079,1784350713.797198,1784350715.237205,1784350714.5172014,1.17320645,"[dac] CH_A set to +4.086 V (code=46155)
"
1623,102,53,4.085594412738651,4.21381657686473,0.128222164126079,1784350715.237439,1784350716.673464,1784350715.9554515,1.10751627,"[dac] CH_A set to +4.214 V (code=46575)
"
1624,102,54,4.21381657686473,4.342038740990809,0.128222164126079,1784350716.673651,1784350718.105164,1784350717.3894076,1.05523226,"[dac] CH_A set to +4.342 V (code=46995)
"
1625,102,55,4.342038740990809,4.470260905116888,0.128222164126079,1784350718.105387,1784350719.5290592,1784350718.817223,0.982839,"[dac] CH_A set to +4.470 V (code=47416)
"
1626,103,0,4.339707428915789,4.274430690815239,-0.06527673810054946,1784350748.036484,1784350749.481921,1784350748.7592025,1.02573871,"[dac] CH_A set to +4.274 V (code=46774)
"
1627,103,1,4.274430690815239,4.20915395271469,-0.06527673810054946,1784350749.482933,1784350750.9123762,1784350750.1976547,1.07131965,"[dac] CH_A set to +4.209 V (code=46560)
"
1628,104,0,4.339707428915789,4.213989266648064,-0.1257181622677246,1784350779.485791,1784350780.9224691,1784350780.2041302,1.05791349,"[dac] CH_A set to +4.214 V (code=46576)
"
1629,104,1,4.213989266648064,4.08827110438034,-0.1257181622677246,1784350780.922694,1784350782.357462,1784350781.640078,1.10483504,"[dac] CH_A set to +4.088 V (code=46164)
"
1630,104,2,4.08827110438034,3.9625529421126147,-0.12571816226772503,1784350782.357725,1784350783.7882938,1784350783.0730095,1.15309721,"[dac] CH_A set to +3.963 V (code=45752)
"
1631,104,3,3.9625529421126147,3.83683477984489,-0.1257181622677246,1784350783.788525,1784350785.211327,1784350784.499926,1.22951232,"[dac] CH_A set to +3.837 V (code=45340)
"
1632,104,4,3.83683477984489,3.7111166175771655,-0.1257181622677246,1784350785.211532,1784350786.6367319,1784350785.9241319,1.26436833,"[dac] CH_A set to +3.711 V (code=44928)
"
1633,104,5,3.7111166175771655,3.5853984553094405,-0.12571816226772503,1784350786.6369548,1784350788.0792692,1784350787.3581119,1.32737727,"[dac] CH_A set to +3.585 V (code=44516)
"
1634,104,6,3.5853984553094405,3.459680293041716,-0.1257181622677246,1784350788.0794618,1784350789.524572,1784350788.8020167,1.3970893,"[dac] CH_A set to +3.460 V (code=44104)
"
1635,104,7,3.459680293041716,3.3339621307739913,-0.1257181622677246,1784350789.5247612,1784350790.95813,1784350790.2414455,1.4306047,"[dac] CH_A set to +3.334 V (code=43692)
"
1636,104,8,3.3339621307739913,3.2082439685062667,-0.1257181622677246,1784350790.9583411,1784350792.3875048,1784350791.672923,1.48288871,"[dac] CH_A set to +3.208 V (code=43280)
"
1637,104,9,3.2082439685062667,3.082525806238542,-0.1257181622677246,1784350792.3877199,1784350793.827758,1784350793.107739,1.52310719,"[dac] CH_A set to +3.082 V (code=42868)
"
1638,104,10,3.082525806238542,2.956807643970817,-0.12571816226772503,1784350793.8279822,1784350795.265374,1784350794.546678,1.57673182,"[dac] CH_A set to +2.957 V (code=42456)
"
1639,104,11,2.956807643970817,2.8310894817030925,-0.1257181622677246,1784350795.265622,1784350796.7070148,1784350795.9863183,1.57539121,"[dac] CH_A set to +2.831 V (code=42044)
"
1640,104,12,2.8310894817030925,2.705371319435368,-0.1257181622677246,1784350796.7072692,1784350798.151398,1784350797.4293337,1.64644385,"[dac] CH_A set to +2.705 V (code=41632)
"
1641,104,13,2.705371319435368,2.579653157167643,-0.12571816226772503,1784350798.151664,1784350799.587672,1784350798.869668,1.64510323,"[dac] CH_A set to +2.580 V (code=41221)
"
1642,104,14,2.579653157167643,2.4539349948999183,-0.1257181622677246,1784350799.587915,1784350801.006149,1784350800.2970319,1.6504657,"[dac] CH_A set to +2.454 V (code=40808)
"
1643,104,15,2.4539349948999183,2.3282168326321937,-0.1257181622677246,1784350801.0063932,1784350802.444032,1784350801.7252126,1.67191555,"[dac] CH_A set to +2.328 V (code=40396)
"
1644,104,16,2.3282168326321937,2.202498670364469,-0.1257181622677246,1784350802.44449,1784350803.8898401,1784350803.167165,1.70543095,"[dac] CH_A set to +2.203 V (code=39985)
"
1645,104,17,2.202498670364469,2.0767805080967445,-0.1257181622677246,1784350803.890037,1784350805.3203368,1784350804.605187,1.68666232,"[dac] CH_A set to +2.077 V (code=39573)
"
1646,104,18,2.0767805080967445,1.9510623458290195,-0.12571816226772503,1784350805.3205602,1784350806.761653,1784350806.0411067,1.68666232,"[dac] CH_A set to +1.951 V (code=39161)
"
1647,104,19,1.9510623458290195,1.825344183561295,-0.1257181622677246,1784350806.761868,1784350808.198805,1784350807.4803367,1.70677156,"[dac] CH_A set to +1.825 V (code=38749)
"
1648,104,20,1.825344183561295,1.6996260212935703,-0.1257181622677246,1784350808.1990058,1784350809.6318989,1784350808.9154525,1.68532171,"[dac] CH_A set to +1.700 V (code=38337)
"
1649,104,21,1.6996260212935703,1.5739078590258453,-0.12571816226772503,1784350809.63209,1784350811.065388,1784350810.3487391,1.69604664,"[dac] CH_A set to +1.574 V (code=37925)
"
1650,104,22,1.5739078590258453,1.4481896967581207,-0.1257181622677246,1784350811.06562,1784350812.507448,1784350811.7865338,1.68666232,"[dac] CH_A set to +1.448 V (code=37513)
"
1651,104,23,1.4481896967581207,1.3224715344903961,-0.1257181622677246,1784350812.507663,1784350813.940947,1784350813.2243052,1.65985001,"[dac] CH_A set to +1.322 V (code=37101)
"
1652,104,24,1.3224715344903961,1.1967533722226715,-0.1257181622677246,1784350813.941172,1784350815.371047,1784350814.6561093,1.63437831,"[dac] CH_A set to +1.197 V (code=36689)
"
1653,104,25,1.1967533722226715,1.071035209954947,-0.1257181622677246,1784350815.371264,1784350816.803108,1784350816.0871859,1.61024722,"[dac] CH_A set to +1.071 V (code=36277)
"
1654,104,26,1.071035209954947,0.9453170476872224,-0.1257181622677246,1784350816.803333,1784350818.235672,1784350817.5195026,1.58745675,"[dac] CH_A set to +0.945 V (code=35865)
"
1655,105,0,1.0758705238883213,1.1411472619888707,0.06527673810054946,1784350846.753567,1784350848.1951659,1784350847.4743664,1.62097215,"[dac] CH_A set to +1.141 V (code=36507)
"
1656,105,1,1.1411472619888707,1.2064240000894202,0.06527673810054946,1784350848.1953762,1784350849.627501,1784350848.9114385,1.62231276,"[dac] CH_A set to +1.206 V (code=36721)
"
1657,106,0,1.0758705238883213,0.9779554167374971,-0.09791510715082419,1784350878.125757,1784350879.553486,1784350878.8396215,1.56332567,"[dac] CH_A set to +0.978 V (code=35972)
"
1658,106,1,0.9779554167374971,0.8800403095866729,-0.09791510715082419,1784350879.553689,1784350881.0052428,1784350880.279466,1.54857889,"[dac] CH_A set to +0.880 V (code=35651)
"
1659,106,2,0.8800403095866729,0.7821252024358487,-0.09791510715082419,1784350881.005497,1784350882.4368188,1784350881.721158,1.50031672,"[dac] CH_A set to +0.782 V (code=35330)
"
1660,106,3,0.7821252024358487,0.6842100952850245,-0.09791510715082419,1784350882.437064,1784350883.8652768,1784350883.1511703,1.46814194,"[dac] CH_A set to +0.684 V (code=35009)
"
1661,107,0,0.5536566190839256,0.48837988098337615,-0.06527673810054946,1784350912.322353,1784350913.753713,1784350913.038033,1.39574868,"[dac] CH_A set to +0.488 V (code=34368)
"
1662,107,1,0.48837988098337615,0.4231031428828267,-0.06527673810054946,1784350913.7547462,1784350915.190209,1784350914.4724774,1.36223329,"[dac] CH_A set to +0.423 V (code=34154)
"
1663,108,0,0.0,-0.1294692446742183,-0.1294692446742183,1784351180.8212988,1784351182.2438312,1784351181.532565,1.09008827,"[dac] CH_A set to -0.130 V (code=32343)
"
1664,108,1,-0.1294692446742183,-0.2589384893484366,-0.1294692446742183,1784351182.244309,1784351183.676401,1784351182.9603548,1.01769501,"[dac] CH_A set to -0.259 V (code=31919)
"
1665,108,2,-0.2589384893484366,-0.38840773402265494,-0.12946924467421833,1784351183.676607,1784351185.096598,1784351184.3866024,0.974795305,"[dac] CH_A set to -0.388 V (code=31495)
"
1666,108,3,-0.38840773402265494,-0.5178769786968732,-0.12946924467421828,1784351185.0968168,1784351186.536438,1784351185.8166275,0.917148823,"[dac] CH_A set to -0.518 V (code=31070)
"
1667,108,4,-0.5178769786968732,-0.6473462233710915,-0.12946924467421828,1784351186.5366678,1784351187.979127,1784351187.2578974,0.83403064,"[dac] CH_A set to -0.647 V (code=30646)
"
1668,108,5,-0.6473462233710915,-0.7768154680453099,-0.1294692446742184,1784351187.979342,1784351189.410235,1784351188.6947885,0.768340463,"[dac] CH_A set to -0.777 V (code=30222)
"
1669,108,6,-0.7768154680453099,-0.9062847127195282,-0.12946924467421828,1784351189.410528,1784351190.8457391,1784351190.1281335,0.689244127,"[dac] CH_A set to -0.906 V (code=29798)
"
1670,108,7,-0.9062847127195282,-1.0357539573937464,-0.12946924467421828,1784351190.8459709,1784351192.277039,1784351191.5615048,0.649025652,"[dac] CH_A set to -1.036 V (code=29373)
"
1671,108,8,-1.0357539573937464,-1.1652232020679647,-0.12946924467421828,1784351192.277282,1784351193.7030048,1784351192.9901433,0.594060401,"[dac] CH_A set to -1.165 V (code=28949)
"
1672,108,9,-1.1652232020679647,-1.294692446742183,-0.12946924467421828,1784351193.703226,1784351195.15211,1784351194.427668,0.506920371,"[dac] CH_A set to -1.295 V (code=28525)
"
1673,108,10,-1.294692446742183,-1.4241616914164013,-0.12946924467421828,1784351195.1523461,1784351196.6057,1784351195.879023,0.480108054,"[dac] CH_A set to -1.424 V (code=28101)
"
1674,108,11,-1.4241616914164013,-1.5536309360906198,-0.1294692446742185,1784351196.605885,1784351198.0362391,1784351197.321062,0.411736645,"[dac] CH_A set to -1.554 V (code=27677)
"
1675,108,12,-1.5536309360906198,-1.683100180764838,-0.12946924467421828,1784351198.036448,1784351199.4697049,1784351198.7530766,0.3487277,"[dac] CH_A set to -1.683 V (code=27252)
"
1676,108,13,-1.683100180764838,-1.8125694254390563,-0.12946924467421828,1784351199.469915,1784351200.900321,1784351200.185118,0.299124913,"[dac] CH_A set to -1.813 V (code=26828)
"
1677,108,14,-1.8125694254390563,-1.9420386701132746,-0.12946924467421828,1784351200.90055,1784351202.3179,1784351201.6092248,0.252203358,"[dac] CH_A set to -1.942 V (code=26404)
"
1678,108,15,-1.9420386701132746,-2.071507914787493,-0.12946924467421828,1784351202.3180969,1784351203.755446,1784351203.0367713,0.211984882,"[dac] CH_A set to -2.072 V (code=25980)
"
1679,108,16,-2.071507914787493,-2.2009771594617114,-0.1294692446742185,1784351203.7556741,1784351205.202073,1784351204.4788737,0.1543384,"[dac] CH_A set to -2.201 V (code=25555)
"
1680,108,17,-2.2009771594617114,-2.3304464041359294,-0.12946924467421805,1784351205.202267,1784351206.6353931,1784351205.91883,0.128866699,"[dac] CH_A set to -2.330 V (code=25131)
"
1681,108,18,-2.3304464041359294,-2.459915648810148,-0.1294692446742185,1784351206.6355689,1784351208.068289,1784351207.351929,0.0846263759,"[dac] CH_A set to -2.460 V (code=24707)
"
1682,108,19,-2.459915648810148,-2.589384893484366,-0.12946924467421805,1784351208.0684748,1784351209.51155,1784351208.7900124,0.0832857601,"[dac] CH_A set to -2.589 V (code=24283)
"
1683,108,20,-2.589384893484366,-2.7188541381585845,-0.1294692446742185,1784351209.511745,1784351210.9579551,1784351210.23485,0.0511109795,"[dac] CH_A set to -2.719 V (code=23858)
"
1684,108,21,-2.7188541381585845,-2.8483233828328025,-0.12946924467421805,1784351210.958168,1784351212.403049,1784351211.6806085,0.0162549673,"[dac] CH_A set to -2.848 V (code=23434)
"
1685,108,22,-2.8483233828328025,-2.977792627507021,-0.1294692446742185,1784351212.4033878,1784351213.85092,1784351213.1271539,0.0149143514,"[dac] CH_A set to -2.978 V (code=23010)
"
1686,108,23,-2.977792627507021,-3.1072618721812395,-0.1294692446742185,1784351213.8512251,1784351215.2902331,1784351214.5707293,0.00687079045,"[dac] CH_A set to -3.107 V (code=22586)
"
1687,108,24,-3.1072618721812395,-3.2367311168554576,-0.12946924467421805,1784351215.2905118,1784351216.728588,1784351216.00955,0.0149143514,"[dac] CH_A set to -3.237 V (code=22162)
"
1688,108,25,-3.2367311168554576,-3.366200361529676,-0.1294692446742185,1784351216.728787,1784351218.1565728,1784351217.44268,0.0390454368,"[dac] CH_A set to -3.366 V (code=21737)
"
1689,108,26,-3.366200361529676,-3.495669606203894,-0.12946924467421805,1784351218.1567721,1784351219.5974,1784351218.8770862,0.0497703637,"[dac] CH_A set to -3.496 V (code=21313)
"
1690,108,27,-3.495669606203894,-3.6251388508781126,-0.1294692446742185,1784351219.597596,1784351221.032583,1784351220.3150895,0.047089132,"[dac] CH_A set to -3.625 V (code=20889)
"
1691,108,28,-3.6251388508781126,-3.754608095552331,-0.1294692446742185,1784351221.032841,1784351222.471691,1784351221.752266,0.0578140588,"[dac] CH_A set to -3.755 V (code=20465)
"
1692,109,0,-3.624054619351232,-3.5587778812506827,0.06527673810054946,1784351250.977442,1784351252.411804,1784351251.694623,0.0524515954,"[dac] CH_A set to -3.559 V (code=21106)
"
1693,109,1,-3.5587778812506827,-3.4935011431501333,0.06527673810054946,1784351252.4128158,1784351253.84129,1784351253.1270528,0.0242986624,"[dac] CH_A set to -3.493 V (code=21320)
"
1694,110,0,-3.624054619351232,-3.4953661928101494,0.1286884265410828,1784351282.368224,1784351283.811174,1784351283.0896988,0.0390454368,"[dac] CH_A set to -3.495 V (code=21314)
"
1695,110,1,-3.4953661928101494,-3.366677766269066,0.12868842654108326,1784351283.8122182,1784351285.252532,1784351284.532375,0.0363642051,"[dac] CH_A set to -3.367 V (code=21736)
"
1696,110,2,-3.366677766269066,-3.2379893397279833,0.1286884265410828,1784351285.2529569,1784351286.704308,1784351285.9786325,0.0028488087,"[dac] CH_A set to -3.238 V (code=22157)
"
1697,110,3,-3.2379893397279833,-3.1093009131869,0.12868842654108326,1784351286.704544,1784351288.138138,1784351287.421341,0.00553022027,"[dac] CH_A set to -3.109 V (code=22579)
"
1698,110,4,-3.1093009131869,-2.9806124866458172,0.1286884265410828,1784351288.138432,1784351289.5525289,1784351288.8454804,0.00284917127,"[dac] CH_A set to -2.981 V (code=23001)
"
1699,110,5,-2.9806124866458172,-2.851924060104734,0.12868842654108326,1784351289.552756,1784351291.0008981,1784351290.276827,0.018936199,"[dac] CH_A set to -2.852 V (code=23423)
"
1700,110,6,-2.851924060104734,-2.723235633563651,0.1286884265410828,1784351291.001298,1784351292.4243011,1784351291.7127995,0.018936199,"[dac] CH_A set to -2.723 V (code=23844)
"
1701,110,7,-2.723235633563651,-2.5945472070225684,0.1286884265410828,1784351292.425459,1784351293.878477,1784351293.151968,0.0363642051,"[dac] CH_A set to -2.595 V (code=24266)
"
1702,110,8,-2.5945472070225684,-2.465858780481485,0.12868842654108326,1784351293.878717,1784351295.311966,1784351294.5953414,0.0578140588,"[dac] CH_A set to -2.466 V (code=24687)
"
1703,110,9,-2.465858780481485,-2.337170353940402,0.12868842654108326,1784351295.312253,1784351296.7494478,1784351296.0308504,0.0725608332,"[dac] CH_A set to -2.337 V (code=25109)
"
1704,110,10,-2.337170353940402,-2.208481927399319,0.1286884265410828,1784351296.7496252,1784351298.194497,1784351297.4720612,0.136910394,"[dac] CH_A set to -2.208 V (code=25531)
"
1705,110,11,-2.208481927399319,-2.079793500858236,0.1286884265410828,1784351298.1947021,1784351299.6432052,1784351298.9189537,0.158360248,"[dac] CH_A set to -2.080 V (code=25953)
"
1706,110,12,-2.079793500858236,-1.9511050743171532,0.12868842654108303,1784351299.643426,1784351301.086004,1784351300.364715,0.179810102,"[dac] CH_A set to -1.951 V (code=26374)
"
1707,110,13,-1.9511050743171532,-1.8224166477760702,0.12868842654108303,1784351301.086208,1784351302.510839,1784351301.7985234,0.257565821,"[dac] CH_A set to -1.822 V (code=26796)
"
1708,110,14,-1.8224166477760702,-1.6937282212349871,0.12868842654108303,1784351302.511381,1784351303.9441679,1784351303.2277744,0.265609517,"[dac] CH_A set to -1.694 V (code=27218)
"
1709,110,15,-1.6937282212349871,-1.565039794693904,0.12868842654108303,1784351303.944406,1784351305.3924851,1784351304.6684456,0.312531072,"[dac] CH_A set to -1.565 V (code=27639)
"
1710,110,16,-1.565039794693904,-1.4363513681528213,0.1286884265410828,1784351305.392979,1784351306.828445,1784351306.110712,0.388946175,"[dac] CH_A set to -1.436 V (code=28061)
"
1711,110,17,-1.4363513681528213,-1.307662941611738,0.12868842654108326,1784351306.828686,1784351308.26797,1784351307.548328,0.43586773,"[dac] CH_A set to -1.308 V (code=28482)
"
1712,110,18,-1.307662941611738,-1.1789745150706552,0.1286884265410828,1784351308.268167,1784351309.689697,1784351308.978932,0.504239139,"[dac] CH_A set to -1.179 V (code=28904)
"
1713,110,19,-1.1789745150706552,-1.050286088529572,0.12868842654108326,1784351309.689934,1784351311.1027288,1784351310.3963313,0.564566853,"[dac] CH_A set to -1.050 V (code=29326)
"
1714,110,20,-1.050286088529572,-0.9215976619884891,0.1286884265410828,1784351311.103769,1784351312.543133,1784351311.823451,0.624894566,"[dac] CH_A set to -0.922 V (code=29748)
"
1715,110,21,-0.9215976619884891,-0.7929092354474059,0.12868842654108326,1784351312.5433128,1784351313.985888,1784351313.2646003,0.691925359,"[dac] CH_A set to -0.793 V (code=30169)
"
1716,110,22,-0.7929092354474059,-0.6642208089063231,0.1286884265410828,1784351313.986111,1784351315.427552,1784351314.7068315,0.720078292,"[dac] CH_A set to -0.664 V (code=30591)
"
1717,110,23,-0.6642208089063231,-0.5355323823652403,0.1286884265410828,1784351315.4277482,1784351316.862756,1784351316.1452522,0.783087237,"[dac] CH_A set to -0.535 V (code=31013)
"
1718,110,24,-0.5355323823652403,-0.406843955824157,0.12868842654108326,1784351316.863204,1784351318.305273,1784351317.5842385,0.871567884,"[dac] CH_A set to -0.407 V (code=31435)
"
1719,110,25,-0.406843955824157,-0.2781555292830742,0.1286884265410828,1784351318.305423,1784351319.72609,1784351319.0157566,0.94396114,"[dac] CH_A set to -0.278 V (code=31856)
"
1720,110,26,-0.2781555292830742,-0.14946710274199093,0.12868842654108326,1784351319.7263172,1784351321.169557,1784351320.447937,1.00160762,"[dac] CH_A set to -0.149 V (code=32278)
"
1721,110,27,-0.14946710274199093,-0.02077867620090812,0.1286884265410828,1784351321.1697862,1784351322.614912,1784351321.8923492,1.05791349,"[dac] CH_A set to -0.021 V (code=32699)
"
1722,110,28,-0.02077867620090812,0.10790975034017514,0.12868842654108326,1784351322.615103,1784351324.068275,1784351323.341689,1.12762551,"[dac] CH_A set to +0.108 V (code=33121)
"
1723,110,29,0.10790975034017514,0.23659817688125795,0.1286884265410828,1784351324.06846,1784351325.498806,1784351324.783633,1.19063446,"[dac] CH_A set to +0.237 V (code=33543)
"
1724,110,30,0.23659817688125795,0.3652866034223412,0.12868842654108326,1784351325.4998841,1784351326.941605,1784351326.2207446,1.24962156,"[dac] CH_A set to +0.365 V (code=33964)
"
1725,110,31,0.3652866034223412,0.493975029963424,0.1286884265410828,1784351326.9418392,1784351328.369308,1784351327.6555736,1.29788373,"[dac] CH_A set to +0.494 V (code=34386)
"
1726,110,32,0.493975029963424,0.6226634565045068,0.1286884265410828,1784351328.3695402,1784351329.818523,1784351329.0940316,1.34882713,"[dac] CH_A set to +0.623 V (code=34808)
"
1727,110,33,0.6226634565045068,0.7513518830455896,0.1286884265410828,1784351329.818752,1784351331.2544,1784351330.536576,1.41719854,"[dac] CH_A set to +0.751 V (code=35230)
"
1728,110,34,0.7513518830455896,0.8800403095866733,0.1286884265410837,1784351331.2546391,1784351332.685916,1784351331.9702775,1.47082317,"[dac] CH_A set to +0.880 V (code=35651)
"
1729,110,35,0.8800403095866733,1.0087287361277562,0.1286884265410828,1784351332.686431,1784351334.118378,1784351333.4024043,1.4989761,"[dac] CH_A set to +1.009 V (code=36073)
"
1730,110,36,1.0087287361277562,1.137417162668839,0.1286884265410828,1784351334.118576,1784351335.558272,1784351334.838424,1.56064443,"[dac] CH_A set to +1.137 V (code=36494)
"
1731,110,37,1.137417162668839,1.2661055892099218,0.1286884265410828,1784351335.558568,1784351336.9850361,1784351336.271802,1.54857889,"[dac] CH_A set to +1.266 V (code=36916)
"
1732,110,38,1.2661055892099218,1.3947940157510055,0.1286884265410837,1784351336.9852648,1784351338.418449,1784351337.7018569,1.60488476,"[dac] CH_A set to +1.395 V (code=37338)
"
1733,110,39,1.3947940157510055,1.5234824422920883,0.1286884265410828,1784351338.4187148,1784351339.847761,1784351339.1332378,1.64376262,"[dac] CH_A set to +1.523 V (code=37760)
"
1734,110,40,1.5234824422920883,1.652170868833171,0.1286884265410828,1784351339.847988,1784351341.272256,1784351340.560122,1.64644385,"[dac] CH_A set to +1.652 V (code=38181)
"
1735,110,41,1.652170868833171,1.780859295374254,0.1286884265410828,1784351341.272461,1784351342.699919,1784351341.9861898,1.67995925,"[dac] CH_A set to +1.781 V (code=38603)
"
1736,110,42,1.780859295374254,1.9095477219153367,0.1286884265410828,1784351342.7001631,1784351344.1277409,1784351343.4139519,1.69604664,"[dac] CH_A set to +1.910 V (code=39024)
"
1737,110,43,1.9095477219153367,2.0382361484564204,0.1286884265410837,1784351344.128032,1784351345.553062,1784351344.840547,1.71749649,"[dac] CH_A set to +2.038 V (code=39446)
"
1738,110,44,2.0382361484564204,2.1669245749975032,0.1286884265410828,1784351345.553303,1784351346.986358,1784351346.2698305,1.71883711,"[dac] CH_A set to +2.167 V (code=39868)
"
1739,110,45,2.1669245749975032,2.295613001538586,0.1286884265410828,1784351346.986529,1784351348.414748,1784351347.7006385,1.71883711,"[dac] CH_A set to +2.296 V (code=40290)
"
1740,110,46,2.295613001538586,2.424301428079669,0.1286884265410828,1784351348.414965,1784351349.855752,1784351349.1353583,1.70006848,"[dac] CH_A set to +2.424 V (code=40711)
"
1741,110,47,2.424301428079669,2.5529898546207517,0.1286884265410828,1784351349.8561358,1784351351.3058078,1784351350.5809717,1.67861863,"[dac] CH_A set to +2.553 V (code=41133)
"
1742,110,48,2.5529898546207517,2.6816782811618354,0.1286884265410837,1784351351.306019,1784351352.751143,1784351352.0285811,1.66387185,"[dac] CH_A set to +2.682 V (code=41555)
"
1743,110,49,2.6816782811618354,2.810366707702918,0.1286884265410828,1784351352.7513669,1784351354.19088,1784351353.4711235,1.64912508,"[dac] CH_A set to +2.810 V (code=41976)
"
1744,110,50,2.810366707702918,2.939055134244001,0.1286884265410828,1784351354.191108,1784351355.61115,1784351354.901129,1.59952229,"[dac] CH_A set to +2.939 V (code=42398)
"
1745,110,51,2.939055134244001,3.067743560785084,0.1286884265410828,1784351355.611349,1784351357.045053,1784351356.328201,1.59550045,"[dac] CH_A set to +3.068 V (code=42820)
"
1746,110,52,3.067743560785084,3.1964319873261675,0.1286884265410837,1784351357.046287,1784351358.485263,1784351357.7657752,1.53919458,"[dac] CH_A set to +3.196 V (code=43241)
"
1747,110,53,3.1964319873261675,3.3251204138672503,0.1286884265410828,1784351358.4855082,1784351359.936398,1784351359.2109532,1.51774473,"[dac] CH_A set to +3.325 V (code=43663)
"
1748,110,54,3.3251204138672503,3.453808840408333,0.1286884265410828,1784351359.936599,1784351361.38518,1784351360.6608896,1.47082317,"[dac] CH_A set to +3.454 V (code=44085)
"
1749,110,55,3.453808840408333,3.582497266949416,0.1286884265410828,1784351361.385416,1784351362.8269382,1784351362.106177,1.42524223,"[dac] CH_A set to +3.582 V (code=44506)
"
1750,110,56,3.582497266949416,3.7111856934904988,0.1286884265410828,1784351362.8281112,1784351364.267224,1784351363.5476675,1.36491452,"[dac] CH_A set to +3.711 V (code=44928)
"
1751,110,57,3.7111856934904988,3.8398741200315825,0.1286884265410837,1784351364.26744,1784351365.696872,1784351364.982156,1.29252126,"[dac] CH_A set to +3.840 V (code=45350)
"
1752,110,58,3.8398741200315825,3.9685625465726653,0.1286884265410828,1784351365.697068,1784351367.13622,1784351366.416644,1.24828094,"[dac] CH_A set to +3.969 V (code=45772)
"
1753,110,59,3.9685625465726653,4.0972509731137485,0.12868842654108326,1784351367.136479,1784351368.5763211,1784351367.8564,1.18929384,"[dac] CH_A set to +4.097 V (code=46193)
"
1754,110,60,4.0972509731137485,4.2259393996548305,0.12868842654108192,1784351368.576878,1784351370.002911,1784351369.2898946,1.14639413,"[dac] CH_A set to +4.226 V (code=46615)
"
1755,110,61,4.2259393996548305,4.354627826195914,0.1286884265410837,1784351370.00309,1784351371.4444852,1784351370.7237875,1.08204457,"[dac] CH_A set to +4.355 V (code=47036)
"
1756,110,62,4.354627826195914,4.483316252736996,0.12868842654108192,1784351371.4446778,1784351372.869601,1784351372.1571393,1.01501378,"[dac] CH_A set to +4.483 V (code=47458)
"
1757,110,63,4.483316252736996,4.61200467927808,0.1286884265410837,1784351372.869795,1784351374.300651,1784351373.5852232,0.939939292,"[dac] CH_A set to +4.612 V (code=47880)
"
1758,110,64,4.61200467927808,4.7406931058191635,0.1286884265410837,1784351374.300885,1784351375.736284,1784351375.0185845,0.879611579,"[dac] CH_A set to +4.741 V (code=48302)
"
1759,110,65,4.7406931058191635,4.869381532360245,0.12868842654108192,1784351375.736474,1784351377.161597,1784351376.4490356,0.801855859,"[dac] CH_A set to +4.869 V (code=48723)
"
1760,110,66,4.869381532360245,4.998069958901329,0.1286884265410837,1784351377.162037,1784351378.613083,1784351377.88756,0.750912457,"[dac] CH_A set to +4.998 V (code=49145)
"
1761,110,67,4.998069958901329,5.126758385442411,0.12868842654108192,1784351378.613291,1784351380.0564978,1784351379.3348944,0.665113042,"[dac] CH_A set to +5.127 V (code=49567)
"
1762,110,68,5.126758385442411,5.255446811983495,0.1286884265410837,1784351380.056715,1784351381.479399,1784351380.7680569,0.59137917,"[dac] CH_A set to +5.255 V (code=49988)
"
1763,110,69,5.255446811983495,5.384135238524578,0.1286884265410837,1784351381.479611,1784351382.928977,1784351382.204294,0.539095151,"[dac] CH_A set to +5.384 V (code=50410)
"
1764,111,0,5.2535817623234795,5.18830502422293,-0.06527673810054946,1784351411.4285288,1784351412.862231,1784351412.14538,0.592719786,"[dac] CH_A set to +5.188 V (code=49768)
"
1765,111,1,5.18830502422293,5.123028286122381,-0.06527673810054946,1784351412.863437,1784351414.314553,1784351413.588995,0.632938261,"[dac] CH_A set to +5.123 V (code=49554)
"
1766,112,0,5.2535817623234795,5.127108082253665,-0.12647368006981452,1784351442.778017,1784351444.210925,1784351443.494471,0.55250131,"[dac] CH_A set to +5.127 V (code=49568)
"
1767,112,1,5.127108082253665,5.0006344021838505,-0.12647368006981452,1784351444.21146,1784351445.643418,1784351444.9274392,0.683881664,"[dac] CH_A set to +5.001 V (code=49153)
"
1768,112,2,5.0006344021838505,4.874160722114036,-0.12647368006981452,1784351445.64359,1784351447.076361,1784351446.3599753,0.722759524,"[dac] CH_A set to +4.874 V (code=48739)
"
1769,112,3,4.874160722114036,4.747687042044222,-0.12647368006981363,1784351447.0765471,1784351448.519901,1784351447.798224,0.773702926,"[dac] CH_A set to +4.748 V (code=48325)
"
1770,112,4,4.747687042044222,4.621213361974408,-0.12647368006981452,1784351448.520119,1784351449.9606159,1784351449.2403674,0.813921402,"[dac] CH_A set to +4.621 V (code=47910)
"
1771,112,5,4.621213361974408,4.494739681904593,-0.12647368006981452,1784351449.960799,1784351451.4043891,1784351450.682594,0.915808207,"[dac] CH_A set to +4.495 V (code=47496)
"
1772,112,6,4.494739681904593,4.368266001834779,-0.12647368006981452,1784351451.404588,1784351452.837367,1784351452.1209774,0.954686067,"[dac] CH_A set to +4.368 V (code=47081)
"
1773,112,7,4.368266001834779,4.241792321764964,-0.12647368006981452,1784351452.8375769,1784351454.276361,1784351453.556969,1.01769501,"[dac] CH_A set to +4.242 V (code=46667)
"
1774,112,8,4.241792321764964,4.115318641695151,-0.12647368006981363,1784351454.276563,1784351455.701151,1784351454.9888568,1.06193534,"[dac] CH_A set to +4.115 V (code=46252)
"
1775,112,9,4.115318641695151,3.9888449616253356,-0.12647368006981496,1784351455.701329,1784351457.153714,1784351456.4275215,1.13835044,"[dac] CH_A set to +3.989 V (code=45838)
"
1776,112,10,3.9888449616253356,3.8623712815555216,-0.12647368006981408,1784351457.153908,1784351458.582944,1784351457.8684258,1.21610616,"[dac] CH_A set to +3.862 V (code=45424)
"
1777,112,11,3.8623712815555216,3.735897601485707,-0.12647368006981452,1784351458.583262,1784351460.010518,1784351459.29689,1.25766525,"[dac] CH_A set to +3.736 V (code=45009)
"
1778,112,12,3.735897601485707,3.6094239214158925,-0.12647368006981452,1784351460.010796,1784351461.444192,1784351460.727494,1.30592742,"[dac] CH_A set to +3.609 V (code=44595)
"
1779,112,13,3.6094239214158925,3.482950241346078,-0.12647368006981452,1784351461.444434,1784351462.877154,1784351462.160794,1.38636437,"[dac] CH_A set to +3.483 V (code=44180)
"
1780,112,14,3.482950241346078,3.3564765612762635,-0.12647368006981452,1784351462.8781939,1784351464.30252,1784351463.5903568,1.41719854,"[dac] CH_A set to +3.356 V (code=43766)
"
1781,112,15,3.3564765612762635,3.2300028812064494,-0.12647368006981408,1784351464.302718,1784351465.74235,1784351465.022534,1.45875763,"[dac] CH_A set to +3.230 V (code=43351)
"
1782,112,16,3.2300028812064494,3.103529201136635,-0.12647368006981452,1784351465.742558,1784351467.168808,1784351466.455683,1.5070198,"[dac] CH_A set to +3.103 V (code=42937)
"
1783,112,17,3.103529201136635,2.977055521066821,-0.12647368006981408,1784351467.169017,1784351468.592847,1784351467.880932,1.54991951,"[dac] CH_A set to +2.977 V (code=42523)
"
1784,112,18,2.977055521066821,2.8505818409970063,-0.12647368006981452,1784351468.593059,1784351470.034543,1784351469.313801,1.58075367,"[dac] CH_A set to +2.851 V (code=42108)
"
1785,112,19,2.8505818409970063,2.7241081609271918,-0.12647368006981452,1784351470.03474,1784351471.467027,1784351470.7508836,1.60488476,"[dac] CH_A set to +2.724 V (code=41694)
"
1786,112,20,2.7241081609271918,2.5976344808573777,-0.12647368006981408,1784351471.467295,1784351472.922956,1784351472.1951256,1.63035646,"[dac] CH_A set to +2.598 V (code=41279)
"
1787,112,21,2.5976344808573777,2.471160800787563,-0.12647368006981452,1784351472.9233322,1784351474.366594,1784351473.6449633,1.65180631,"[dac] CH_A set to +2.471 V (code=40865)
"
1788,112,22,2.471160800787563,2.3446871207177487,-0.12647368006981452,1784351474.366797,1784351475.8013399,1784351475.0840683,1.68398109,"[dac] CH_A set to +2.345 V (code=40450)
"
1789,112,23,2.3446871207177487,2.2182134406479346,-0.12647368006981408,1784351475.801583,1784351477.21706,1784351476.5093217,1.72554018,"[dac] CH_A set to +2.218 V (code=40036)
"
1790,112,24,2.2182134406479346,2.09173976057812,-0.12647368006981452,1784351477.2172601,1784351478.650909,1784351477.9340844,1.71481526,"[dac] CH_A set to +2.092 V (code=39621)
"
1791,112,25,2.09173976057812,1.9652660805083055,-0.12647368006981452,1784351478.651117,1784351480.091306,1784351479.3712115,1.70945279,"[dac] CH_A set to +1.965 V (code=39207)
"
1792,112,26,1.9652660805083055,1.838792400438491,-0.12647368006981452,1784351480.091603,1784351481.5246289,1784351480.808116,1.71079341,"[dac] CH_A set to +1.839 V (code=38793)
"
1793,112,27,1.838792400438491,1.712318720368677,-0.12647368006981408,1784351481.5257,1784351482.9689012,1784351482.2473006,1.68800294,"[dac] CH_A set to +1.712 V (code=38378)
"
1794,112,28,1.712318720368677,1.5858450402988624,-0.12647368006981452,1784351482.969141,1784351484.406346,1784351483.6877437,1.67995925,"[dac] CH_A set to +1.586 V (code=37964)
"
1795,112,29,1.5858450402988624,1.459371360229048,-0.12647368006981452,1784351484.406541,1784351485.8274329,1784351485.116987,1.65985001,"[dac] CH_A set to +1.459 V (code=37550)
"
1796,112,30,1.459371360229048,1.3328976801592338,-0.12647368006981408,1784351485.827629,1784351487.268953,1784351486.5482912,1.6678937,"[dac] CH_A set to +1.333 V (code=37135)
"
1797,112,31,1.3328976801592338,1.2064240000894193,-0.12647368006981452,1784351487.269263,1784351488.704006,1784351487.9866345,1.64778446,"[dac] CH_A set to +1.206 V (code=36721)
"
1798,113,0,1.3369774762905182,1.4022542143910677,0.06527673810054946,1784351517.213432,1784351518.644114,1784351517.928773,1.66253124,"[dac] CH_A set to +1.402 V (code=37362)
"
1799,113,1,1.4022542143910677,1.4675309524916171,0.06527673810054946,1784351518.6444879,1784351520.094152,1784351519.36932,1.67459678,"[dac] CH_A set to +1.467 V (code=37576)
"
1800,114,0,1.3369774762905182,1.2064240000894195,-0.1305534762010987,1784351548.5875452,1784351550.0177898,1784351549.3026676,1.61963153,"[dac] CH_A set to +1.206 V (code=36721)
"
1801,114,1,1.2064240000894195,1.0758705238883208,-0.1305534762010987,1784351550.018901,1784351551.451893,1784351550.735397,1.58477552,"[dac] CH_A set to +1.076 V (code=36293)
"
1802,114,2,1.0758705238883208,0.9453170476872222,-0.13055347620109858,1784351551.452346,1784351552.894969,1784351552.1736574,1.55662259,"[dac] CH_A set to +0.945 V (code=35865)
"
1803,114,3,0.9453170476872222,0.8147635714861236,-0.1305534762010987,1784351552.895211,1784351554.326446,1784351553.6108284,1.53651335,"[dac] CH_A set to +0.815 V (code=35437)
"
1804,114,4,0.8147635714861236,0.6842100952850249,-0.1305534762010987,1784351554.3266401,1784351555.757129,1784351555.0418844,1.47886687,"[dac] CH_A set to +0.684 V (code=35009)
"
1805,114,5,0.6842100952850249,0.5536566190839263,-0.13055347620109858,1784351555.757356,1784351557.198802,1784351556.4780788,1.47082317,"[dac] CH_A set to +0.554 V (code=34582)
"
1806,114,6,0.5536566190839263,0.4231031428828276,-0.1305534762010987,1784351557.1990469,1784351558.634083,1784351557.916565,1.36893637,"[dac] CH_A set to +0.423 V (code=34154)
"
1807,115,0,0.29254966668172866,0.2272729285811792,-0.06527673810054946,1784351587.125845,1784351588.5600991,1784351587.842972,1.26973079,"[dac] CH_A set to +0.227 V (code=33512)
"
1808,115,1,0.2272729285811792,0.16199619048062974,-0.06527673810054946,1784351588.561135,1784351590.011638,1784351589.2863865,1.28179634,"[dac] CH_A set to +0.162 V (code=33298)
"
1809,116,0,0.29254966668172866,0.18064668708078685,-0.11190297960094181,1784351618.556277,1784351619.983509,1784351619.2698932,1.27375264,"[dac] CH_A set to +0.181 V (code=33359)
"
1810,116,1,0.18064668708078685,0.06874370747984507,-0.11190297960094178,1784351619.984591,1784351621.4177432,1784351620.701167,1.20404062,"[dac] CH_A set to +0.069 V (code=32993)
"
1811,116,2,0.06874370747984507,-0.043159272121096715,-0.11190297960094178,1784351621.417946,1784351622.838803,1784351622.1283746,1.17320645,"[dac] CH_A set to -0.043 V (code=32626)
"
1812,116,3,-0.043159272121096715,-0.15506225172203852,-0.11190297960094181,1784351622.839017,1784351624.27717,1784351623.5580935,1.1182412,"[dac] CH_A set to -0.155 V (code=32259)
"
1813,116,4,-0.15506225172203852,-0.26696523132298033,-0.11190297960094181,1784351624.2773702,1784351625.704931,1784351624.9911506,1.07534149,"[dac] CH_A set to -0.267 V (code=31893)
"
1814,116,5,-0.26696523132298033,-0.3788682109239221,-0.11190297960094175,1784351625.7051678,1784351627.151777,1784351626.4284725,1.01099193,"[dac] CH_A set to -0.379 V (code=31526)
"
1815,116,6,-0.3788682109239221,-0.49077119052486395,-0.11190297960094187,1784351627.151957,1784351628.602135,1784351627.877046,0.958707914,"[dac] CH_A set to -0.491 V (code=31159)
"
1816,117,0,-0.36021771432376504,-0.2949409762232156,0.06527673810054946,1784351657.159321,1784351658.585588,1784351657.8724546,1.03110117,"[dac] CH_A set to -0.295 V (code=31801)
"
1817,117,1,-0.2949409762232156,-0.22966423812266612,0.06527673810054946,1784351658.5860538,1784351660.028846,1784351659.3074498,1.04450733,"[dac] CH_A set to -0.230 V (code=32015)
"
1818,118,0,-0.36021771432376504,-0.23619191193272124,0.1240258023910438,1784351688.4921129,1784351689.934904,1784351689.2135086,1.05657287,"[dac] CH_A set to -0.236 V (code=31994)
"
1819,118,1,-0.23619191193272124,-0.11216610954167744,0.1240258023910438,1784351689.935371,1784351691.3753002,1784351690.6553354,1.1008132,"[dac] CH_A set to -0.112 V (code=32400)
"
1820,118,2,-0.11216610954167744,0.011859692849366388,0.12402580239104383,1784351691.37549,1784351692.81345,1784351692.09447,1.1772283,"[dac] CH_A set to +0.012 V (code=32806)
"
1821,118,3,0.011859692849366388,0.13588549524041016,0.12402580239104377,1784351692.813635,1784351694.2503722,1784351693.5320036,1.24023724,"[dac] CH_A set to +0.136 V (code=33213)
"
1822,118,4,0.13588549524041016,0.25991129763145393,0.12402580239104377,1784351694.2506711,1784351695.68033,1784351694.9655006,1.27509326,"[dac] CH_A set to +0.260 V (code=33619)
"
1823,118,5,0.25991129763145393,0.3839371000224978,0.12402580239104388,1784351695.680516,1784351697.117915,1784351696.3992155,1.3461459,"[dac] CH_A set to +0.384 V (code=34025)
"
1824,118,6,0.3839371000224978,0.5079629024135416,0.12402580239104377,1784351697.118368,1784351698.555756,1784351697.837062,1.39440807,"[dac] CH_A set to +0.508 V (code=34432)
"
1825,118,7,0.5079629024135416,0.6319887048045854,0.12402580239104377,1784351698.5559502,1784351699.990546,1784351699.2732482,1.45875763,"[dac] CH_A set to +0.632 V (code=34838)
"
1826,118,8,0.6319887048045854,0.7560145071956292,0.12402580239104388,1784351699.99079,1784351701.4287071,1784351700.7097485,1.4735044,"[dac] CH_A set to +0.756 V (code=35245)
"
1827,118,9,0.7560145071956292,0.8800403095866729,0.12402580239104366,1784351701.42893,1784351702.8625898,1784351702.14576,1.50031672,"[dac] CH_A set to +0.880 V (code=35651)
"
1828,118,10,0.8800403095866729,1.0040661119777168,0.12402580239104388,1784351702.8627799,1784351704.308846,1784351703.585813,1.5579632,"[dac] CH_A set to +1.004 V (code=36058)
"
1829,118,11,1.0040661119777168,1.1280919143687607,0.12402580239104388,1784351704.3091211,1784351705.737673,1784351705.023397,1.56064443,"[dac] CH_A set to +1.128 V (code=36464)
"
1830,118,12,1.1280919143687607,1.2521177167598043,0.12402580239104366,1784351705.738744,1784351707.175338,1784351706.457041,1.59952229,"[dac] CH_A set to +1.252 V (code=36870)
"
1831,118,13,1.2521177167598043,1.3761435191508482,0.12402580239104388,1784351707.1755211,1784351708.606951,1784351707.891236,1.65850939,"[dac] CH_A set to +1.376 V (code=37277)
"
1832,118,14,1.3761435191508482,1.5001693215418919,0.12402580239104366,1784351708.607213,1784351710.0446951,1784351709.325954,1.68666232,"[dac] CH_A set to +1.500 V (code=37683)
"
1833,118,15,1.5001693215418919,1.6241951239329357,0.12402580239104388,1784351710.044972,1784351711.483951,1784351710.7644615,1.68934356,"[dac] CH_A set to +1.624 V (code=38090)
"
1834,118,16,1.6241951239329357,1.7482209263239796,0.12402580239104388,1784351711.48432,1784351712.9104269,1784351712.1973734,1.70945279,"[dac] CH_A set to +1.748 V (code=38496)
"
1835,118,17,1.7482209263239796,1.8722467287150235,0.12402580239104388,1784351712.9116511,1784351714.363842,1784351713.6377466,1.69738725,"[dac] CH_A set to +1.872 V (code=38902)
"
1836,118,18,1.8722467287150235,1.996272531106067,0.12402580239104344,1784351714.364049,1784351715.79328,1784351715.0786643,1.69872787,"[dac] CH_A set to +1.996 V (code=39309)
"
1837,118,19,1.996272531106067,2.120298333497111,0.12402580239104388,1784351715.7935119,1784351717.2205708,1784351716.5070415,1.69872787,"[dac] CH_A set to +2.120 V (code=39715)
"
1838,119,0,1.989744857296012,1.9244681191954625,-0.06527673810054946,1784351745.7695959,1784351747.196223,1784351746.4829094,1.71481526,"[dac] CH_A set to +1.924 V (code=39074)
"
1839,119,1,1.9244681191954625,1.859191381094913,-0.06527673810054946,1784351747.196525,1784351748.626477,1784351747.911501,1.71347464,"[dac] CH_A set to +1.859 V (code=38860)
"
1840,120,0,1.989744857296012,2.120298333497111,0.13055347620109892,1784351777.112926,1784351778.562102,1784351777.837514,1.68934356,"[dac] CH_A set to +2.120 V (code=39715)
"
1841,120,1,2.120298333497111,2.2508518096982093,0.13055347620109847,1784351778.5632021,1784351780.001516,1784351779.2823591,1.69872787,"[dac] CH_A set to +2.251 V (code=40143)
"
1842,120,2,2.2508518096982093,2.3814052858993078,0.13055347620109847,1784351780.001892,1784351781.436162,1784351780.719027,1.68934356,"[dac] CH_A set to +2.381 V (code=40571)
"
1843,120,3,2.3814052858993078,2.5119587621004067,0.13055347620109892,1784351781.43637,1784351782.876983,1784351782.1566763,1.6504657,"[dac] CH_A set to +2.512 V (code=40999)
"
1844,120,4,2.5119587621004067,2.6425122383015056,0.13055347620109892,1784351782.877184,1784351784.312741,1784351783.5949626,1.6504657,"[dac] CH_A set to +2.642 V (code=41426)
"
1845,120,5,2.6425122383015056,2.773065714502604,0.13055347620109847,1784351784.313062,1784351785.7456288,1784351785.0293455,1.624994,"[dac] CH_A set to +2.773 V (code=41854)
"
1846,120,6,2.773065714502604,2.9036191907037026,0.13055347620109847,1784351785.745877,1784351787.1733272,1784351786.459602,1.59818168,"[dac] CH_A set to +2.904 V (code=42282)
"
1847,120,7,2.9036191907037026,3.0341726669048015,0.13055347620109892,1784351787.173536,1784351788.6202629,1784351787.8968995,1.58209429,"[dac] CH_A set to +3.034 V (code=42710)
"
1848,120,8,3.0341726669048015,3.1647261431059004,0.13055347620109892,1784351788.620422,1784351790.053215,1784351789.3368185,1.52846965,"[dac] CH_A set to +3.165 V (code=43137)
"
1849,120,9,3.1647261431059004,3.295279619306999,0.13055347620109847,1784351790.054218,1784351791.4960861,1784351790.7751522,1.4560764,"[dac] CH_A set to +3.295 V (code=43565)
"
1850,120,10,3.295279619306999,3.4258330955080973,0.13055347620109847,1784351791.496278,1784351792.9300952,1784351792.2131867,1.41987977,"[dac] CH_A set to +3.426 V (code=43993)
"
1851,120,11,3.4258330955080973,3.5563865717091963,0.13055347620109892,1784351792.930281,1784351794.360363,1784351793.6453218,1.34480528,"[dac] CH_A set to +3.556 V (code=44421)
"
1852,120,12,3.5563865717091963,3.686940047910295,0.13055347620109892,1784351794.360569,1784351795.785165,1784351795.072867,1.28313695,"[dac] CH_A set to +3.687 V (code=44849)
"
1853,120,13,3.686940047910295,3.8174935241113936,0.13055347620109847,1784351795.785374,1784351797.228544,1784351796.506959,1.22414985,"[dac] CH_A set to +3.818 V (code=45276)
"
1854,120,14,3.8174935241113936,3.948047000312492,0.13055347620109847,1784351797.229012,1784351798.667395,1784351797.9482036,1.18125015,"[dac] CH_A set to +3.948 V (code=45704)
"
1855,120,15,3.948047000312492,4.078600476513591,0.13055347620109892,1784351798.667576,1784351800.100852,1784351799.384214,1.1262849,"[dac] CH_A set to +4.079 V (code=46132)
"
1856,121,0,4.20915395271469,4.274430690815239,0.06527673810054946,1784351828.640373,1784351830.0630772,1784351829.351725,0.985520232,"[dac] CH_A set to +4.274 V (code=46774)
"
1857,121,1,4.274430690815239,4.339707428915789,0.06527673810054946,1784351830.0640798,1784351831.5003688,1784351830.7822242,0.972114073,"[dac] CH_A set to +4.340 V (code=46988)
"
1858,122,0,4.20915395271469,4.081111120286689,-0.12804283242800096,1784351860.044289,1784351861.476016,1784351860.7601526,1.08070396,"[dac] CH_A set to +4.081 V (code=46140)
"
1859,122,1,4.081111120286689,3.9530682878586885,-0.12804283242800052,1784351861.4764218,1784351862.909953,1784351862.1931875,1.11958182,"[dac] CH_A set to +3.953 V (code=45721)
"
1860,122,2,3.9530682878586885,3.825025455430688,-0.12804283242800052,1784351862.910253,1784351864.343738,1784351863.6269956,1.17856891,"[dac] CH_A set to +3.825 V (code=45301)
"
1861,122,3,3.825025455430688,3.6969826230026874,-0.12804283242800052,1784351864.3440819,1784351865.776047,1784351865.0600643,1.24694032,"[dac] CH_A set to +3.697 V (code=44882)
"
1862,122,4,3.6969826230026874,3.568939790574687,-0.12804283242800052,1784351865.776263,1784351867.22326,1784351866.4997616,1.30324619,"[dac] CH_A set to +3.569 V (code=44462)
"
1863,122,5,3.568939790574687,3.440896958146686,-0.12804283242800096,1784351867.223469,1784351868.651341,1784351867.937405,1.34748651,"[dac] CH_A set to +3.441 V (code=44042)
"
1864,122,6,3.440896958146686,3.3128541257186854,-0.12804283242800052,1784351868.6515331,1784351870.090025,1784351869.370779,1.42122038,"[dac] CH_A set to +3.313 V (code=43623)
"
1865,122,7,3.3128541257186854,3.184811293290685,-0.12804283242800052,1784351870.090255,1784351871.511898,1784351870.8010764,1.47082317,"[dac] CH_A set to +3.185 V (code=43203)
"
1866,122,8,3.184811293290685,3.056768460862684,-0.12804283242800096,1784351871.512084,1784351872.952438,1784351872.2322612,1.51372288,"[dac] CH_A set to +3.057 V (code=42784)
"
1867,122,9,3.056768460862684,2.9287256284346834,-0.12804283242800052,1784351872.952651,1784351874.388505,1784351873.670578,1.56466628,"[dac] CH_A set to +2.929 V (code=42364)
"
1868,122,10,2.9287256284346834,2.800682796006683,-0.12804283242800052,1784351874.3887339,1784351875.818221,1784351875.1034775,1.57941306,"[dac] CH_A set to +2.801 V (code=41945)
"
1869,122,11,2.800682796006683,2.672639963578682,-0.12804283242800096,1784351875.818471,1784351877.2594318,1784351876.5389514,1.59550045,"[dac] CH_A set to +2.673 V (code=41525)
"
1870,122,12,2.672639963578682,2.5445971311506814,-0.12804283242800052,1784351877.2596412,1784351878.692787,1784351877.976214,1.63035646,"[dac] CH_A set to +2.545 V (code=41106)
"
1871,122,13,2.5445971311506814,2.416554298722681,-0.12804283242800052,1784351878.692987,1784351880.120638,1784351879.4068124,1.66119062,"[dac] CH_A set to +2.417 V (code=40686)
"
1872,122,14,2.416554298722681,2.28851146629468,-0.12804283242800096,1784351880.120838,1784351881.559705,1784351880.8402715,1.7014091,"[dac] CH_A set to +2.289 V (code=40266)
"
1873,122,15,2.28851146629468,2.1604686338666794,-0.12804283242800052,1784351881.559907,1784351882.991819,1784351882.275863,1.7014091,"[dac] CH_A set to +2.161 V (code=39847)
"
1874,122,16,2.1604686338666794,2.032425801438679,-0.12804283242800052,1784351882.992029,1784351884.413502,1784351883.7027655,1.67459678,"[dac] CH_A set to +2.032 V (code=39427)
"
1875,122,17,2.032425801438679,1.904382969010678,-0.12804283242800096,1784351884.413715,1784351885.8502588,1784351885.1319869,1.69738725,"[dac] CH_A set to +1.904 V (code=39008)
"
1876,122,18,1.904382969010678,1.7763401365826774,-0.12804283242800052,1784351885.850455,1784351887.274518,1784351886.5624866,1.70677156,"[dac] CH_A set to +1.776 V (code=38588)
"
1877,122,19,1.7763401365826774,1.648297304154677,-0.12804283242800052,1784351887.274747,1784351888.707485,1784351887.991116,1.68666232,"[dac] CH_A set to +1.648 V (code=38169)
"
1878,122,20,1.648297304154677,1.520254471726676,-0.12804283242800096,1784351888.7079601,1784351890.144435,1784351889.4261975,1.72419957,"[dac] CH_A set to +1.520 V (code=37749)
"
1879,122,21,1.520254471726676,1.3922116392986754,-0.12804283242800052,1784351890.14463,1784351891.5787709,1784351890.8617005,1.65850939,"[dac] CH_A set to +1.392 V (code=37329)
"
1880,122,22,1.3922116392986754,1.264168806870675,-0.12804283242800052,1784351891.5790238,1784351893.006816,1784351892.2929199,1.65985001,"[dac] CH_A set to +1.264 V (code=36910)
"
1881,122,23,1.264168806870675,1.136125974442674,-0.12804283242800096,1784351893.007106,1784351894.451572,1784351893.7293391,1.63035646,"[dac] CH_A set to +1.136 V (code=36490)
"
1882,122,24,1.136125974442674,1.0080831420146734,-0.12804283242800052,1784351894.451773,1784351895.8845901,1784351895.1681814,1.59550045,"[dac] CH_A set to +1.008 V (code=36071)
"
1883,122,25,1.0080831420146734,0.8800403095866729,-0.12804283242800052,1784351895.884788,1784351897.318182,1784351896.601485,1.57673182,"[dac] CH_A set to +0.880 V (code=35651)
"
1884,122,26,0.8800403095866729,0.7519974771586724,-0.12804283242800052,1784351897.3184052,1784351898.748408,1784351898.0334067,1.52981027,"[dac] CH_A set to +0.752 V (code=35232)
"
1885,122,27,0.7519974771586724,0.6239546447306714,-0.12804283242800096,1784351898.74865,1784351900.166637,1784351899.4576435,1.49763549,"[dac] CH_A set to +0.624 V (code=34812)
"
1886,122,28,0.6239546447306714,0.4959118123026709,-0.12804283242800052,1784351900.166909,1784351901.611927,1784351900.8894181,1.45473578,"[dac] CH_A set to +0.496 V (code=34392)
"
1887,122,29,0.4959118123026709,0.3678689798746704,-0.12804283242800052,1784351901.6121202,1784351903.045185,1784351902.3286526,1.39977053,"[dac] CH_A set to +0.368 V (code=33973)
"
1888,122,30,0.3678689798746704,0.2398261474466694,-0.12804283242800096,1784351903.045385,1784351904.468429,1784351903.756907,1.35687082,"[dac] CH_A set to +0.240 V (code=33553)
"
1889,122,31,0.2398261474466694,0.1117833150186689,-0.12804283242800052,1784351904.468779,1784351905.920168,1784351905.1944735,1.30324619,"[dac] CH_A set to +0.112 V (code=33134)
"
1890,122,32,0.1117833150186689,-0.01625951740933207,-0.12804283242800096,1784351905.920361,1784351907.358612,1784351906.6394866,1.24023724,"[dac] CH_A set to -0.016 V (code=32714)
"
1891,122,33,-0.01625951740933207,-0.14430234983733214,-0.12804283242800008,1784351907.358886,1784351908.801333,1784351908.0801096,1.17186584,"[dac] CH_A set to -0.144 V (code=32295)
"
1892,122,34,-0.14430234983733214,-0.2723451822653331,-0.12804283242800096,1784351908.8015192,1784351910.239274,1784351909.5203967,1.1182412,"[dac] CH_A set to -0.272 V (code=31875)
"
1893,122,35,-0.2723451822653331,-0.40038801469333407,-0.12804283242800096,1784351910.239499,1784351911.671618,1784351910.9555585,1.0592541,"[dac] CH_A set to -0.400 V (code=31455)
"
1894,122,36,-0.40038801469333407,-0.5284308471213341,-0.12804283242800008,1784351911.6718059,1784351913.100439,1784351912.3861225,0.992223311,"[dac] CH_A set to -0.528 V (code=31036)
"
1895,122,37,-0.5284308471213341,-0.6564736795493351,-0.12804283242800096,1784351913.100636,1784351914.5258582,1784351913.8132472,0.935917445,"[dac] CH_A set to -0.656 V (code=30616)
"
1896,122,38,-0.6564736795493351,-0.7845165119773361,-0.12804283242800096,1784351914.5260632,1784351915.952682,1784351915.2393727,0.856821109,"[dac] CH_A set to -0.785 V (code=30197)
"
1897,122,39,-0.7845165119773361,-0.9125593444053361,-0.12804283242800008,1784351915.952885,1784351917.392747,1784351916.6728158,0.81124017,"[dac] CH_A set to -0.913 V (code=29777)
"
1898,122,40,-0.9125593444053361,-1.0406021768333371,-0.12804283242800096,1784351917.393035,1784351918.834638,1784351918.1138365,0.716056444,"[dac] CH_A set to -1.041 V (code=29358)
"
1899,122,41,-1.0406021768333371,-1.168645009261338,-0.12804283242800096,1784351918.834838,1784351920.284696,1784351919.559767,0.682541048,"[dac] CH_A set to -1.169 V (code=28938)
"
1900,122,42,-1.168645009261338,-1.2966878416893381,-0.12804283242800008,1784351920.2849028,1784351921.726759,1784351921.0058308,0.62355395,"[dac] CH_A set to -1.297 V (code=28519)
"
1901,122,43,-1.2966878416893381,-1.4247306741173391,-0.12804283242800096,1784351921.72699,1784351923.169259,1784351922.4481244,0.524348377,"[dac] CH_A set to -1.425 V (code=28099)
"
1902,122,44,-1.4247306741173391,-1.55277350654534,-0.12804283242800096,1784351923.169499,1784351924.615656,1784351923.8925774,0.466701895,"[dac] CH_A set to -1.553 V (code=27679)
"
1903,122,45,-1.55277350654534,-1.6808163389733402,-0.12804283242800008,1784351924.615886,1784351926.0412102,1784351925.328548,0.425142804,"[dac] CH_A set to -1.681 V (code=27260)
"
1904,122,46,-1.6808163389733402,-1.8088591714013411,-0.12804283242800096,1784351926.04141,1784351927.476495,1784351926.7589526,0.394308639,"[dac] CH_A set to -1.809 V (code=26840)
"
1905,122,47,-1.8088591714013411,-1.936902003829342,-0.12804283242800096,1784351927.476786,1784351928.919918,1784351928.1983519,0.297784297,"[dac] CH_A set to -1.937 V (code=26421)
"
1906,122,48,-1.936902003829342,-2.064944836257342,-0.12804283242800008,1784351928.9201322,1784351930.368447,1784351929.6442895,0.266950132,"[dac] CH_A set to -2.065 V (code=26001)
"
1907,122,49,-2.064944836257342,-2.192987668685343,-0.12804283242800096,1784351930.3686862,1784351931.8095438,1784351931.0891151,0.21600673,"[dac] CH_A set to -2.193 V (code=25582)
"
1908,122,50,-2.192987668685343,-2.321030501113343,-0.12804283242800008,1784351931.80974,1784351933.243478,1784351932.526609,0.19991934,"[dac] CH_A set to -2.321 V (code=25162)
"
1909,122,51,-2.321030501113343,-2.4490733335413437,-0.12804283242800052,1784351933.243707,1784351934.677504,1784351933.9606056,0.126185468,"[dac] CH_A set to -2.449 V (code=24742)
"
1910,123,0,-2.5796268097424426,-2.644903547842992,-0.06527673810054946,1784351963.1850839,1784351964.6322932,1784351963.9086885,0.0765826808,"[dac] CH_A set to -2.645 V (code=24101)
"
1911,123,1,-2.644903547842992,-2.7101802859435415,-0.06527673810054946,1784351964.633427,1784351966.0648162,1784351965.3491216,0.0457485161,"[dac] CH_A set to -2.710 V (code=23887)
"
1912,124,0,-2.5796268097424426,-2.579626809742443,-4.440892098500626e-16,1784351994.600893,1784351996.031432,1784351995.3161626,0.0739014491,"[dac] CH_A set to -2.580 V (code=24315)
"
1913,125,0,-2.449073333541344,-2.3837965954407947,0.06527673810054946,1784352024.5060658,1784352025.936799,1784352025.2214324,0.110098077,"[dac] CH_A set to -2.384 V (code=24956)
"
1914,125,1,-2.3837965954407947,-2.3185198573402452,0.06527673810054946,1784352025.937907,1784352027.392174,1784352026.6650405,0.0953513028,"[dac] CH_A set to -2.319 V (code=25170)
"
1915,126,0,-2.449073333541344,-2.3210305011133436,0.12804283242800052,1784352055.917386,1784352057.342561,1784352056.6299734,0.10607623,"[dac] CH_A set to -2.321 V (code=25162)
"
1916,126,1,-2.3210305011133436,-2.1929876686853427,0.12804283242800096,1784352057.343012,1784352058.787643,1784352058.0653276,0.146294705,"[dac] CH_A set to -2.193 V (code=25582)
"
1917,126,2,-2.1929876686853427,-2.064944836257342,0.12804283242800052,1784352058.787881,1784352060.209273,1784352059.498577,0.16104148,"[dac] CH_A set to -2.065 V (code=26001)
"
1918,126,3,-2.064944836257342,-1.9369020038293416,0.12804283242800052,1784352060.209488,1784352061.649438,1784352060.929463,0.242819047,"[dac] CH_A set to -1.937 V (code=26421)
"
1919,126,4,-1.9369020038293416,-1.808859171401341,0.12804283242800074,1784352061.649655,1784352063.074909,1784352062.362282,0.295103065,"[dac] CH_A set to -1.809 V (code=26840)
"
1920,126,5,-1.808859171401341,-1.6808163389733402,0.12804283242800074,1784352063.076034,1784352064.505281,1784352063.7906575,0.295103065,"[dac] CH_A set to -1.681 V (code=27260)
"
1921,126,6,-1.6808163389733402,-1.5527735065453396,0.12804283242800052,1784352064.505522,1784352065.949147,1784352065.2273345,0.405033566,"[dac] CH_A set to -1.553 V (code=27679)
"
1922,126,7,-1.5527735065453396,-1.424730674117339,0.12804283242800074,1784352065.9493551,1784352067.384187,1784352066.666771,0.4586582,"[dac] CH_A set to -1.425 V (code=28099)
"
1923,126,8,-1.424730674117339,-1.2966878416893381,0.12804283242800074,1784352067.384452,1784352068.8174038,1784352068.1009278,0.484129901,"[dac] CH_A set to -1.297 V (code=28519)
"
1924,126,9,-1.2966878416893381,-1.1686450092613376,0.12804283242800052,1784352068.817593,1784352070.254103,1784352069.5358481,0.523007761,"[dac] CH_A set to -1.169 V (code=28938)
"
1925,126,10,-1.1686450092613376,-1.040602176833337,0.12804283242800074,1784352070.254312,1784352071.700898,1784352070.9776049,0.602104097,"[dac] CH_A set to -1.041 V (code=29358)
"
1926,126,11,-1.040602176833337,-0.9125593444053361,0.12804283242800074,1784352071.701972,1784352073.132145,1784352072.4170585,0.681200432,"[dac] CH_A set to -0.913 V (code=29777)
"
1927,126,12,-0.9125593444053361,-0.7845165119773356,0.12804283242800052,1784352073.132382,1784352074.552161,1784352073.8422713,0.718737676,"[dac] CH_A set to -0.785 V (code=30197)
"
1928,126,13,-0.7845165119773356,-0.6564736795493349,0.12804283242800074,1784352074.552437,1784352075.9924748,1784352075.272456,0.780406006,"[dac] CH_A set to -0.656 V (code=30616)
"
1929,126,14,-0.6564736795493349,-0.5284308471213344,0.12804283242800052,1784352075.992682,1784352077.426002,1784352076.709342,0.85011803,"[dac] CH_A set to -0.528 V (code=31036)
"
1930,126,15,-0.5284308471213344,-0.4003880146933336,0.12804283242800074,1784352077.426267,1784352078.8721018,1784352078.1491842,0.914467591,"[dac] CH_A set to -0.400 V (code=31455)
"
1931,126,16,-0.4003880146933336,-0.2723451822653331,0.12804283242800052,1784352078.8722858,1784352080.309391,1784352079.5908384,0.962729762,"[dac] CH_A set to -0.272 V (code=31875)
"
1932,126,17,-0.2723451822653331,-0.14430234983733214,0.12804283242800096,1784352080.309592,1784352081.742513,1784352081.0260525,1.04450733,"[dac] CH_A set to -0.144 V (code=32295)
"
1933,126,18,-0.14430234983733214,-0.016259517409331625,0.12804283242800052,1784352081.7427251,1784352083.180133,1784352082.461429,1.11555997,"[dac] CH_A set to -0.016 V (code=32714)
"
1934,126,19,-0.016259517409331625,0.1117833150186689,0.12804283242800052,1784352083.180367,1784352084.624821,1784352083.902594,1.17856891,"[dac] CH_A set to +0.112 V (code=33134)
"
1935,126,20,0.1117833150186689,0.23982614744666986,0.12804283242800096,1784352084.625042,1784352086.052761,1784352085.3389015,1.21476554,"[dac] CH_A set to +0.240 V (code=33553)
"
1936,126,21,0.23982614744666986,0.3678689798746704,0.12804283242800052,1784352086.053042,1784352087.4950202,1784352086.7740312,1.28313695,"[dac] CH_A set to +0.368 V (code=33973)
"
1937,126,22,0.3678689798746704,0.4959118123026709,0.12804283242800052,1784352087.495284,1784352088.92985,1784352088.212567,1.35016774,"[dac] CH_A set to +0.496 V (code=34392)
"
1938,126,23,0.4959118123026709,0.6239546447306719,0.12804283242800096,1784352088.930033,1784352090.3499131,1784352089.6399732,1.40781423,"[dac] CH_A set to +0.624 V (code=34812)
"
1939,126,24,0.6239546447306719,0.7519974771586724,0.12804283242800052,1784352090.3500988,1784352091.800118,1784352091.0751085,1.44267024,"[dac] CH_A set to +0.752 V (code=35232)
"
1940,126,25,0.7519974771586724,0.8800403095866729,0.12804283242800052,1784352091.8003042,1784352093.234331,1784352092.5173175,1.49361364,"[dac] CH_A set to +0.880 V (code=35651)
"
1941,126,26,0.8800403095866729,1.0080831420146734,0.12804283242800052,1784352093.234626,1784352094.681629,1784352093.9581275,1.54857889,"[dac] CH_A set to +1.008 V (code=36071)
"
1942,126,27,1.0080831420146734,1.1361259744426744,0.12804283242800096,1784352094.6818419,1784352096.127709,1784352095.4047754,1.57673182,"[dac] CH_A set to +1.136 V (code=36490)
"
1943,126,28,1.1361259744426744,1.264168806870675,0.12804283242800052,1784352096.127928,1784352097.555358,1784352096.8416429,1.59415983,"[dac] CH_A set to +1.264 V (code=36910)
"
1944,126,29,1.264168806870675,1.3922116392986754,0.12804283242800052,1784352097.555569,1784352098.984292,1784352098.2699304,1.64376262,"[dac] CH_A set to +1.392 V (code=37329)
"
1945,126,30,1.3922116392986754,1.5202544717266764,0.12804283242800096,1784352098.984479,1784352100.41671,1784352099.7005944,1.65850939,"[dac] CH_A set to +1.520 V (code=37749)
"
1946,126,31,1.5202544717266764,1.648297304154677,0.12804283242800052,1784352100.4169018,1784352101.8596811,1784352101.1382914,1.68532171,"[dac] CH_A set to +1.648 V (code=38169)
"
1947,126,32,1.648297304154677,1.7763401365826779,0.12804283242800096,1784352101.859915,1784352103.30964,1784352102.5847774,1.70274971,"[dac] CH_A set to +1.776 V (code=38588)
"
1948,126,33,1.7763401365826779,1.904382969010678,0.12804283242800008,1784352103.309835,1784352104.741641,1784352104.025738,1.66521247,"[dac] CH_A set to +1.904 V (code=39008)
"
1949,126,34,1.904382969010678,2.032425801438679,0.12804283242800096,1784352104.741825,1784352106.171815,1784352105.45682,1.70006848,"[dac] CH_A set to +2.032 V (code=39427)
"
1950,126,35,2.032425801438679,2.16046863386668,0.12804283242800096,1784352106.1720178,1784352107.60126,1784352106.8866389,1.71481526,"[dac] CH_A set to +2.161 V (code=39847)
"
1951,126,36,2.16046863386668,2.28851146629468,0.12804283242800008,1784352107.601535,1784352109.034584,1784352108.3180594,1.70274971,"[dac] CH_A set to +2.289 V (code=40266)
"
1952,126,37,2.28851146629468,2.416554298722681,0.12804283242800096,1784352109.0348558,1784352110.4760551,1784352109.7554555,1.66253124,"[dac] CH_A set to +2.417 V (code=40686)
"
1953,126,38,2.416554298722681,2.544597131150682,0.12804283242800096,1784352110.476228,1784352111.9177039,1784352111.196966,1.68800294,"[dac] CH_A set to +2.545 V (code=41106)
"
1954,126,39,2.544597131150682,2.672639963578682,0.12804283242800008,1784352111.918772,1784352113.372273,1784352112.6455226,1.65314693,"[dac] CH_A set to +2.673 V (code=41525)
"
1955,126,40,2.672639963578682,2.800682796006683,0.12804283242800096,1784352113.3726149,1784352114.8150852,1784352114.0938501,1.62767523,"[dac] CH_A set to +2.801 V (code=41945)
"
1956,126,41,2.800682796006683,2.928725628434684,0.12804283242800096,1784352114.815316,1784352116.251955,1784352115.5336356,1.58209429,"[dac] CH_A set to +2.929 V (code=42364)
"
1957,126,42,2.928725628434684,3.056768460862684,0.12804283242800008,1784352116.252157,1784352117.692833,1784352116.972495,1.5914786,"[dac] CH_A set to +3.057 V (code=42784)
"
1958,126,43,3.056768460862684,3.184811293290685,0.12804283242800096,1784352117.693227,1784352119.126435,1784352118.409831,1.52042596,"[dac] CH_A set to +3.185 V (code=43203)
"
1959,126,44,3.184811293290685,3.312854125718686,0.12804283242800096,1784352119.126673,1784352120.56799,1784352119.8473315,1.47484502,"[dac] CH_A set to +3.313 V (code=43623)
"
1960,126,45,3.312854125718686,3.440896958146686,0.12804283242800008,1784352120.5681841,1784352122.00644,1784352121.287312,1.44267024,"[dac] CH_A set to +3.441 V (code=44042)
"
1961,126,46,3.440896958146686,3.568939790574687,0.12804283242800096,1784352122.006667,1784352123.427017,1784352122.716842,1.3890456,"[dac] CH_A set to +3.569 V (code=44462)
"
1962,126,47,3.568939790574687,3.696982623002688,0.12804283242800096,1784352123.4272141,1784352124.869621,1784352124.1484175,1.33944282,"[dac] CH_A set to +3.697 V (code=44882)
"
1963,126,48,3.696982623002688,3.825025455430688,0.12804283242800008,1784352124.8700328,1784352126.304466,1784352125.5872493,1.31531173,"[dac] CH_A set to +3.825 V (code=45301)
"
1964,126,49,3.825025455430688,3.953068287858689,0.12804283242800096,1784352126.30465,1784352127.758637,1784352127.0316434,1.24425909,"[dac] CH_A set to +3.953 V (code=45721)
"
1965,126,50,3.953068287858689,4.081111120286689,0.12804283242800008,1784352127.758861,1784352129.194737,1784352128.476799,1.17856891,"[dac] CH_A set to +4.081 V (code=46140)
"
1966,126,51,4.081111120286689,4.20915395271469,0.12804283242800096,1784352129.1958468,1784352130.633409,1784352129.914628,1.10349443,"[dac] CH_A set to +4.209 V (code=46560)
"
1967,127,0,4.078600476513591,4.013323738413042,-0.06527673810054946,1784352159.1827898,1784352160.617364,1784352159.9000769,1.19867815,"[dac] CH_A set to +4.013 V (code=45918)
"
1968,127,1,4.013323738413042,3.948047000312492,-0.06527673810054946,1784352160.617795,1784352162.05026,1784352161.3340275,1.19867815,"[dac] CH_A set to +3.948 V (code=45704)
"
1969,128,0,4.078600476513591,4.20915395271469,0.13055347620109892,1784352190.603829,1784352192.044686,1784352191.3242574,1.03244179,"[dac] CH_A set to +4.209 V (code=46560)
"
1970,128,1,4.20915395271469,4.339707428915788,0.13055347620109803,1784352192.04569,1784352193.4786031,1784352192.7621465,0.992223311,"[dac] CH_A set to +4.340 V (code=46988)
"
1971,128,2,4.339707428915788,4.470260905116887,0.13055347620109892,1784352193.47881,1784352194.8974888,1784352194.1881495,0.914467591,"[dac] CH_A set to +4.470 V (code=47416)
"
1972,128,3,4.470260905116887,4.600814381317986,0.13055347620109892,1784352194.897759,1784352196.3250299,1784352195.6113944,0.836711871,"[dac] CH_A set to +4.601 V (code=47843)
"
1973,128,4,4.600814381317986,4.731367857519084,0.13055347620109803,1784352196.325237,1784352197.766647,1784352197.045942,0.780406006,"[dac] CH_A set to +4.731 V (code=48271)
"
1974,128,5,4.731367857519084,4.861921333720183,0.13055347620109892,1784352197.766869,1784352199.208443,1784352198.487656,0.691925359,"[dac] CH_A set to +4.862 V (code=48699)
"
1975,129,0,4.992474809921282,5.057751548021831,0.06527673810054946,1784352227.789247,1784352229.217072,1784352228.5031595,0.58467609,"[dac] CH_A set to +5.058 V (code=49341)
"
1976,129,1,5.057751548021831,5.123028286122381,0.06527673810054946,1784352229.2173,1784352230.647454,1784352229.9323769,0.557863773,"[dac] CH_A set to +5.123 V (code=49554)
"
1977,130,0,4.992474809921282,4.861921333720183,-0.13055347620109892,1784352259.158242,1784352260.583489,1784352259.8708653,0.657069347,"[dac] CH_A set to +4.862 V (code=48699)
"
1978,130,1,4.861921333720183,4.731367857519084,-0.13055347620109892,1784352260.584585,1784352262.027287,1784352261.3059359,0.737506298,"[dac] CH_A set to +4.731 V (code=48271)
"
1979,130,2,4.731367857519084,4.600814381317986,-0.13055347620109803,1784352262.027489,1784352263.455033,1784352262.741261,0.79515278,"[dac] CH_A set to +4.601 V (code=47843)
"
1980,130,3,4.600814381317986,4.470260905116887,-0.13055347620109892,1784352263.455293,1784352264.8908732,1784352264.173083,0.882292811,"[dac] CH_A set to +4.470 V (code=47416)
"
1981,130,4,4.470260905116887,4.339707428915788,-0.13055347620109892,1784352264.891108,1784352266.323742,1784352265.607425,0.911786359,"[dac] CH_A set to +4.340 V (code=46988)
"
1982,130,5,4.339707428915788,4.20915395271469,-0.13055347620109803,1784352266.324824,1784352267.749231,1784352267.0370276,0.988201463,"[dac] CH_A set to +4.209 V (code=46560)
"
1983,130,6,4.20915395271469,4.078600476513591,-0.13055347620109892,1784352267.749614,1784352269.187798,1784352268.4687061,1.04048548,"[dac] CH_A set to +4.079 V (code=46132)
"
1984,130,7,4.078600476513591,3.948047000312492,-0.13055347620109892,1784352269.188001,1784352270.626511,1784352269.9072561,1.09813196,"[dac] CH_A set to +3.948 V (code=45704)
"
1985,130,8,3.948047000312492,3.817493524111393,-0.13055347620109892,1784352270.626733,1784352272.0553012,1784352271.3410172,1.1691846,"[dac] CH_A set to +3.818 V (code=45276)
"
1986,130,9,3.817493524111393,3.6869400479102947,-0.13055347620109847,1784352272.0555332,1784352273.495934,1784352272.7757335,1.23085293,"[dac] CH_A set to +3.687 V (code=44849)
"
1987,130,10,3.6869400479102947,3.5563865717091963,-0.13055347620109847,1784352273.496181,1784352274.933888,1784352274.2150345,1.31128988,"[dac] CH_A set to +3.556 V (code=44421)
"
1988,130,11,3.5563865717091963,3.4258330955080973,-0.13055347620109892,1784352274.934284,1784352276.3596008,1784352275.6469424,1.3461459,"[dac] CH_A set to +3.426 V (code=43993)
"
1989,130,12,3.4258330955080973,3.2952796193069984,-0.13055347620109892,1784352276.3606741,1784352277.811705,1784352277.0861897,1.39977053,"[dac] CH_A set to +3.295 V (code=43565)
"
1990,130,13,3.2952796193069984,3.1647261431059,-0.13055347620109847,1784352277.811907,1784352279.241884,1784352278.5268955,1.4480327,"[dac] CH_A set to +3.165 V (code=43137)
"
1991,130,14,3.1647261431059,3.0341726669048015,-0.13055347620109847,1784352279.242087,1784352280.675491,1784352279.9587889,1.49093241,"[dac] CH_A set to +3.034 V (code=42710)
"
1992,130,15,3.0341726669048015,2.9036191907037026,-0.13055347620109892,1784352280.6757069,1784352282.107956,1784352281.3918314,1.53651335,"[dac] CH_A set to +2.904 V (code=42282)
"
1993,130,16,2.9036191907037026,2.7730657145026036,-0.13055347620109892,1784352282.109028,1784352283.561576,1784352282.8353019,1.58879737,"[dac] CH_A set to +2.773 V (code=41854)
"
1994,130,17,2.7730657145026036,2.642512238301505,-0.13055347620109847,1784352283.561772,1784352285.006167,1784352284.2839694,1.59952229,"[dac] CH_A set to +2.642 V (code=41426)
"
1995,130,18,2.642512238301505,2.5119587621004067,-0.13055347620109847,1784352285.0063732,1784352286.441084,1784352285.7237287,1.64108139,"[dac] CH_A set to +2.512 V (code=40999)
"
1996,130,19,2.5119587621004067,2.3814052858993078,-0.13055347620109892,1784352286.441273,1784352287.883178,1784352287.1622255,1.66387185,"[dac] CH_A set to +2.381 V (code=40571)
"
1997,130,20,2.3814052858993078,2.250851809698209,-0.13055347620109892,1784352287.88345,1784352289.316572,1784352288.6000109,1.6678937,"[dac] CH_A set to +2.251 V (code=40143)
"
1998,130,21,2.250851809698209,2.1202983334971104,-0.13055347620109847,1784352289.317648,1784352290.748759,1784352290.0332036,1.69068417,"[dac] CH_A set to +2.120 V (code=39715)
"
1999,130,22,2.1202983334971104,1.989744857296012,-0.13055347620109847,1784352290.74898,1784352292.157995,1784352291.4534874,1.7268808,"[dac] CH_A set to +1.990 V (code=39287)
"
2000,130,23,1.989744857296012,1.859191381094913,-0.13055347620109892,1784352292.158197,1784352293.59131,1784352292.8747535,1.72419957,"[dac] CH_A set to +1.859 V (code=38860)
"
2001,130,24,1.859191381094913,1.728637904893814,-0.13055347620109892,1784352293.591507,1784352295.0281222,1784352294.3098145,1.7014091,"[dac] CH_A set to +1.729 V (code=38432)
"
2002,130,25,1.728637904893814,1.5980844286927156,-0.13055347620109847,1784352295.0283341,1784352296.457122,1784352295.7427282,1.7014091,"[dac] CH_A set to +1.598 V (code=38004)
"
2003,130,26,1.5980844286927156,1.4675309524916171,-0.13055347620109847,1784352296.458219,1784352297.8999019,1784352297.1790605,1.70811218,"[dac] CH_A set to +1.467 V (code=37576)
"
2004,130,27,1.4675309524916171,1.3369774762905182,-0.13055347620109892,1784352297.900128,1784352299.320717,1784352298.6104226,1.70677156,"[dac] CH_A set to +1.337 V (code=37149)
"
2005,130,28,1.3369774762905182,1.2064240000894193,-0.13055347620109892,1784352299.3209548,1784352300.7647092,1784352300.042832,1.66387185,"[dac] CH_A set to +1.206 V (code=36721)
"
2006,130,29,1.2064240000894193,1.0758705238883208,-0.13055347620109847,1784352300.764918,1784352302.200542,1784352301.48273,1.62901584,"[dac] CH_A set to +1.076 V (code=36293)
"
2007,130,30,1.0758705238883208,0.9453170476872224,-0.13055347620109847,1784352302.200798,1784352303.628296,1784352302.914547,1.59550045,"[dac] CH_A set to +0.945 V (code=35865)
"
2008,130,31,0.9453170476872224,0.8147635714861234,-0.13055347620109892,1784352303.6284952,1784352305.0689769,1784352304.348736,1.5324915,"[dac] CH_A set to +0.815 V (code=35437)
"
2009,130,32,0.8147635714861234,0.6842100952850245,-0.13055347620109892,1784352305.0691562,1784352306.507854,1784352305.788505,1.52444781,"[dac] CH_A set to +0.684 V (code=35009)
"
2010,130,33,0.6842100952850245,0.5536566190839256,-0.13055347620109892,1784352306.508953,1784352307.934438,1784352307.2216954,1.51372288,"[dac] CH_A set to +0.554 V (code=34582)
"
2011,130,34,0.5536566190839256,0.4231031428828276,-0.13055347620109803,1784352307.934679,1784352309.372153,1784352308.6534162,1.44132962,"[dac] CH_A set to +0.423 V (code=34154)
"
2012,130,35,0.4231031428828276,0.29254966668172866,-0.13055347620109892,1784352309.3724391,1784352310.80719,1784352310.0898147,1.37295821,"[dac] CH_A set to +0.292 V (code=33726)
"
2013,130,36,0.29254966668172866,0.16199619048062974,-0.13055347620109892,1784352310.8074749,1784352312.2330172,1784352311.520246,1.34078343,"[dac] CH_A set to +0.162 V (code=33298)
"
2014,130,37,0.16199619048062974,0.031442714279531714,-0.13055347620109803,1784352312.233217,1784352313.672701,1784352312.952959,1.2791151,"[dac] CH_A set to +0.031 V (code=32870)
"
2015,130,38,0.031442714279531714,-0.0991107619215672,-0.13055347620109892,1784352313.67291,1784352315.093239,1784352314.3830745,1.22414985,"[dac] CH_A set to -0.099 V (code=32443)
"
2016,130,39,-0.0991107619215672,-0.22966423812266612,-0.13055347620109892,1784352315.094033,1784352316.532688,1784352315.8133605,1.11019751,"[dac] CH_A set to -0.230 V (code=32015)
"
2017,130,40,-0.22966423812266612,-0.36021771432376504,-0.13055347620109892,1784352316.5328991,1784352317.97135,1784352317.2521245,1.09411012,"[dac] CH_A set to -0.360 V (code=31587)
"
2018,130,41,-0.36021771432376504,-0.49077119052486395,-0.13055347620109892,1784352317.971545,1784352319.407232,1784352318.6893885,1.02976055,"[dac] CH_A set to -0.491 V (code=31159)
"
2019,130,42,-0.49077119052486395,-0.621324666725962,-0.13055347620109803,1784352319.407443,1784352320.846137,1784352320.12679,0.972114073,"[dac] CH_A set to -0.621 V (code=30732)
"
2020,130,43,-0.621324666725962,-0.7518781429270609,-0.13055347620109892,1784352320.8463628,1784352322.282273,1784352321.564318,0.879611579,"[dac] CH_A set to -0.752 V (code=30304)
"
2021,130,44,-0.7518781429270609,-0.8824316191281598,-0.13055347620109892,1784352322.282735,1784352323.714425,1784352322.99858,0.82732756,"[dac] CH_A set to -0.882 V (code=29876)
"
2022,130,45,-0.8824316191281598,-1.0129850953292578,-0.13055347620109803,1784352323.714643,1784352325.141535,1784352324.4280891,0.775043542,"[dac] CH_A set to -1.013 V (code=29448)
"
2023,130,46,-1.0129850953292578,-1.1435385715303568,-0.13055347620109892,1784352325.141797,1784352326.57836,1784352325.8600786,0.706672133,"[dac] CH_A set to -1.143 V (code=29021)
"
2024,130,47,-1.1435385715303568,-1.2740920477314557,-0.13055347620109892,1784352326.578582,1784352328.015656,1784352327.2971191,0.639641341,"[dac] CH_A set to -1.274 V (code=28593)
"
2025,130,48,-1.2740920477314557,-1.4046455239325546,-0.13055347620109892,1784352328.015888,1784352329.466527,1784352328.7412076,0.52971084,"[dac] CH_A set to -1.405 V (code=28165)
"
2026,130,49,-1.4046455239325546,-1.5351990001336535,-0.13055347620109892,1784352329.466943,1784352330.916526,1784352330.1917346,0.52971084,"[dac] CH_A set to -1.535 V (code=27737)
"
2027,130,50,-1.5351990001336535,-1.6657524763347515,-0.13055347620109803,1784352330.916785,1784352332.350223,1784352331.633504,0.469383127,"[dac] CH_A set to -1.666 V (code=27309)
"
2028,130,51,-1.6657524763347515,-1.7963059525358505,-0.13055347620109892,1784352332.350414,1784352333.7974489,1784352333.0739315,0.371518169,"[dac] CH_A set to -1.796 V (code=26881)
"
2029,130,52,-1.7963059525358505,-1.9268594287369494,-0.13055347620109892,1784352333.797707,1784352335.240833,1784352334.51927,0.332640309,"[dac] CH_A set to -1.927 V (code=26454)
"
2030,130,53,-1.9268594287369494,-2.0574129049380474,-0.13055347620109803,1784352335.2409961,1784352336.674159,1784352335.9575777,0.27097198,"[dac] CH_A set to -2.057 V (code=26026)
"
2031,130,54,-2.0574129049380474,-2.1879663811391463,-0.13055347620109892,1784352336.6751518,1784352338.116291,1784352337.3957214,0.211984882,"[dac] CH_A set to -2.188 V (code=25598)
"
2032,130,55,-2.1879663811391463,-2.3185198573402452,-0.13055347620109892,1784352338.116489,1784352339.561975,1784352338.839232,0.190535029,"[dac] CH_A set to -2.319 V (code=25170)
"
2033,130,56,-2.3185198573402452,-2.449073333541344,-0.13055347620109892,1784352339.562196,1784352340.999933,1784352340.2810645,0.152997785,"[dac] CH_A set to -2.449 V (code=24742)
"
2034,130,57,-2.449073333541344,-2.579626809742443,-0.13055347620109892,1784352341.000384,1784352342.43332,1784352341.7168522,0.151657169,"[dac] CH_A set to -2.580 V (code=24315)
"
2035,130,58,-2.579626809742443,-2.710180285943541,-0.13055347620109803,1784352342.433528,1784352343.8666618,1784352343.150095,0.0618359064,"[dac] CH_A set to -2.710 V (code=23887)
"
2036,130,59,-2.710180285943541,-2.84073376214464,-0.13055347620109892,1784352343.866855,1784352345.3030028,1784352344.584929,0.0645171381,"[dac] CH_A set to -2.841 V (code=23459)
"
2037,130,60,-2.84073376214464,-2.971287238345739,-0.13055347620109892,1784352345.3032,1784352346.741863,1784352346.0225315,0.0457485161,"[dac] CH_A set to -2.971 V (code=23031)
"
2038,130,61,-2.971287238345739,-3.101840714546837,-0.13055347620109803,1784352346.742133,1784352348.1906502,1784352347.4663916,0.0242986624,"[dac] CH_A set to -3.102 V (code=22604)
"
2039,130,62,-3.101840714546837,-3.232394190747936,-0.13055347620109892,1784352348.1908429,1784352349.635129,1784352348.9129858,0.0390454368,"[dac] CH_A set to -3.232 V (code=22176)
"
2040,131,0,-3.362947666949035,-3.4282244050495843,-0.06527673810054946,1784352378.191893,1784352379.633605,1784352378.912749,0.0175955831,"[dac] CH_A set to -3.428 V (code=21534)
"
2041,131,1,-3.4282244050495843,-3.4935011431501337,-0.06527673810054946,1784352379.634621,1784352381.05862,1784352380.3466206,0.0323423575,"[dac] CH_A set to -3.493 V (code=21320)
"
2042,132,0,-3.362947666949035,-3.362947666949035,0.0,1784352409.5650518,1784352411.001348,1784352410.2831998,0.00418942455,"[dac] CH_A set to -3.363 V (code=21748)
"
2043,133,0,-3.232394190747936,-3.1671174526473864,0.06527673810054946,1784352439.557648,1784352441.0014458,1784352440.2795467,0.00687065626,"[dac] CH_A set to -3.167 V (code=22390)
"
2044,133,1,-3.1671174526473864,-3.101840714546837,0.06527673810054946,1784352441.002465,1784352442.439852,1784352441.7211585,0.0242986624,"[dac] CH_A set to -3.102 V (code=22604)
"
2045,134,0,-3.232394190747936,-3.101840714546837,0.13055347620109892,1784352470.9900532,1784352472.4327838,1784352471.7114186,0.00150819284,"[dac] CH_A set to -3.102 V (code=22604)
"
2046,134,1,-3.101840714546837,-2.9712872383457385,0.13055347620109847,1784352472.432961,1784352473.865407,1784352473.149184,0.00821136062,"[dac] CH_A set to -2.971 V (code=23031)
"
2047,134,2,-2.9712872383457385,-2.84073376214464,0.13055347620109847,1784352473.865607,1784352475.3062289,1784352474.585918,0.0162549673,"[dac] CH_A set to -2.841 V (code=23459)
"
2048,134,3,-2.84073376214464,-2.710180285943541,0.13055347620109892,1784352475.3064198,1784352476.7402508,1784352476.0233355,0.0497703637,"[dac] CH_A set to -2.710 V (code=23887)
"
2049,134,4,-2.710180285943541,-2.579626809742442,0.13055347620109892,1784352476.740448,1784352478.176497,1784352477.4584725,0.0310017417,"[dac] CH_A set to -2.580 V (code=24315)
"
2050,134,5,-2.579626809742442,-2.4490733335413437,0.13055347620109847,1784352478.176759,1784352479.6115031,1784352478.8941312,0.0779232967,"[dac] CH_A set to -2.449 V (code=24742)
"
2051,134,6,-2.4490733335413437,-2.3185198573402452,0.13055347620109847,1784352479.612212,1784352481.040446,1784352480.326329,0.131547931,"[dac] CH_A set to -2.319 V (code=25170)
"
2052,134,7,-2.3185198573402452,-2.1879663811391463,0.13055347620109892,1784352481.0406551,1784352482.481597,1784352481.761126,0.136910394,"[dac] CH_A set to -2.188 V (code=25598)
"
2053,134,8,-2.1879663811391463,-2.0574129049380474,0.13055347620109892,1784352482.481786,1784352483.928614,1784352483.2052,0.194556876,"[dac] CH_A set to -2.057 V (code=26026)
"
2054,134,9,-2.0574129049380474,-1.926859428736949,0.13055347620109847,1784352483.9288461,1784352485.366233,1784352484.6475396,0.234775352,"[dac] CH_A set to -1.927 V (code=26454)
"
2055,134,10,-1.926859428736949,-1.7963059525358502,0.1305534762010987,1784352485.367268,1784352486.810241,1784352486.0887547,0.258906437,"[dac] CH_A set to -1.796 V (code=26881)
"
2056,134,11,-1.7963059525358502,-1.6657524763347515,0.1305534762010987,1784352486.810529,1784352488.2454,1784352487.5279646,0.317893535,"[dac] CH_A set to -1.666 V (code=27309)
"
2057,134,12,-1.6657524763347515,-1.5351990001336528,0.1305534762010987,1784352488.245593,1784352489.673697,1784352488.959645,0.367496322,"[dac] CH_A set to -1.535 V (code=27737)
"
2058,134,13,-1.5351990001336528,-1.4046455239325542,0.1305534762010987,1784352489.6739159,1784352491.123792,1784352490.3988538,0.414417877,"[dac] CH_A set to -1.405 V (code=28165)
"
2059,134,14,-1.4046455239325542,-1.2740920477314555,0.1305534762010987,1784352491.123992,1784352492.56532,1784352491.844656,0.496195444,"[dac] CH_A set to -1.274 V (code=28593)
"
2060,134,15,-1.2740920477314555,-1.1435385715303568,0.1305534762010987,1784352492.565841,1784352494.010539,1784352493.28819,0.53641392,"[dac] CH_A set to -1.143 V (code=29021)
"
2061,134,16,-1.1435385715303568,-1.0129850953292578,0.13055347620109892,1784352494.010763,1784352495.441348,1784352494.7260556,0.594060401,"[dac] CH_A set to -1.013 V (code=29448)
"
2062,134,17,-1.0129850953292578,-0.8824316191281594,0.13055347620109847,1784352495.441563,1784352496.882286,1784352496.1619244,0.674497353,"[dac] CH_A set to -0.882 V (code=29876)
"
2063,134,18,-0.8824316191281594,-0.7518781429270609,0.13055347620109847,1784352496.882886,1784352498.335577,1784352497.6092315,0.745549993,"[dac] CH_A set to -0.752 V (code=30304)
"
2064,134,19,-0.7518781429270609,-0.621324666725962,0.13055347620109892,1784352498.335807,1784352499.775101,1784352499.055454,0.792471548,"[dac] CH_A set to -0.621 V (code=30732)
"
2065,134,20,-0.621324666725962,-0.49077119052486307,0.13055347620109892,1784352499.7756171,1784352501.21638,1784352500.4959984,0.828668176,"[dac] CH_A set to -0.491 V (code=31159)
"
2066,134,21,-0.49077119052486307,-0.3602177143237646,0.13055347620109847,1784352501.2165802,1784352502.666323,1784352501.9414515,0.92787375,"[dac] CH_A set to -0.360 V (code=31587)
"
2067,134,22,-0.3602177143237646,-0.22966423812266612,0.13055347620109847,1784352502.666508,1784352504.107064,1784352503.386786,0.990882695,"[dac] CH_A set to -0.230 V (code=32015)
"
2068,134,23,-0.22966423812266612,-0.0991107619215672,0.13055347620109892,1784352504.107254,1784352505.558454,1784352504.832854,1.06595718,"[dac] CH_A set to -0.099 V (code=32443)
"
2069,134,24,-0.0991107619215672,0.031442714279531714,0.13055347620109892,1784352505.558642,1784352506.99339,1784352506.276016,1.1182412,"[dac] CH_A set to +0.031 V (code=32870)
"
2070,134,25,0.031442714279531714,0.1619961904806302,0.13055347620109847,1784352506.9935942,1784352508.42322,1784352507.708407,1.17588768,"[dac] CH_A set to +0.162 V (code=33298)
"
2071,134,26,0.1619961904806302,0.29254966668172866,0.13055347620109847,1784352508.424273,1784352509.857558,1784352509.1409154,1.24425909,"[dac] CH_A set to +0.292 V (code=33726)
"
2072,134,27,0.29254966668172866,0.4231031428828276,0.13055347620109892,1784352509.857863,1784352511.2914612,1784352510.5746622,1.31933358,"[dac] CH_A set to +0.423 V (code=34154)
"
2073,134,28,0.4231031428828276,0.5536566190839265,0.13055347620109892,1784352511.291659,1784352512.724797,1784352512.008228,1.37027698,"[dac] CH_A set to +0.554 V (code=34582)
"
2074,134,29,0.5536566190839265,0.684210095285025,0.13055347620109847,1784352512.724982,1784352514.147213,1784352513.4360976,1.42390162,"[dac] CH_A set to +0.684 V (code=35009)
"
2075,134,30,0.684210095285025,0.8147635714861234,0.13055347620109847,1784352514.147454,1784352515.5905762,1784352514.8690152,1.45741701,"[dac] CH_A set to +0.815 V (code=35437)
"
2076,134,31,0.8147635714861234,0.9453170476872224,0.13055347620109892,1784352515.5909278,1784352517.034975,1784352516.3129516,1.51506349,"[dac] CH_A set to +0.945 V (code=35865)
"
2077,134,32,0.9453170476872224,1.0758705238883213,0.13055347620109892,1784352517.036015,1784352518.4773278,1784352517.7566714,1.52578842,"[dac] CH_A set to +1.076 V (code=36293)
"
2078,134,33,1.0758705238883213,1.2064240000894202,0.13055347620109892,1784352518.477561,1784352519.910639,1784352519.1941,1.58209429,"[dac] CH_A set to +1.206 V (code=36721)
"
2079,134,34,1.2064240000894202,1.3369774762905182,0.13055347620109803,1784352519.910847,1784352521.358376,1784352520.6346116,1.61963153,"[dac] CH_A set to +1.337 V (code=37149)
"
2080,134,35,1.3369774762905182,1.4675309524916171,0.13055347620109892,1784352521.358606,1784352522.7948,1784352522.076703,1.64510323,"[dac] CH_A set to +1.467 V (code=37576)
"
2081,134,36,1.4675309524916171,1.598084428692716,0.13055347620109892,1784352522.795976,1784352524.238503,1784352523.5172396,1.66923432,"[dac] CH_A set to +1.598 V (code=38004)
"
2082,134,37,1.598084428692716,1.728637904893814,0.13055347620109803,1784352524.238784,1784352525.6662002,1784352524.9524922,1.67325617,"[dac] CH_A set to +1.729 V (code=38432)
"
2083,134,38,1.728637904893814,1.859191381094913,0.13055347620109892,1784352525.666455,1784352527.1049652,1784352526.3857102,1.70677156,"[dac] CH_A set to +1.859 V (code=38860)
"
2084,134,39,1.859191381094913,1.989744857296012,0.13055347620109892,1784352527.105194,1784352528.5541692,1784352527.8296816,1.6759374,"[dac] CH_A set to +1.990 V (code=39287)
"
2085,134,40,1.989744857296012,2.120298333497111,0.13055347620109892,1784352528.554407,1784352529.9964201,1784352529.2754135,1.69604664,"[dac] CH_A set to +2.120 V (code=39715)
"
2086,134,41,2.120298333497111,2.2508518096982097,0.13055347620109892,1784352529.9975522,1784352531.427715,1784352530.7126336,1.71481526,"[dac] CH_A set to +2.251 V (code=40143)
"
2087,134,42,2.2508518096982097,2.3814052858993078,0.13055347620109803,1784352531.427901,1784352532.859531,1784352532.1437159,1.70811218,"[dac] CH_A set to +2.381 V (code=40571)
"
2088,134,43,2.3814052858993078,2.5119587621004067,0.13055347620109892,1784352532.859777,1784352534.301038,1784352533.5804076,1.68800294,"[dac] CH_A set to +2.512 V (code=40999)
"
2089,134,44,2.5119587621004067,2.6425122383015056,0.13055347620109892,1784352534.301274,1784352535.748109,1784352535.0246916,1.66253124,"[dac] CH_A set to +2.642 V (code=41426)
"
2090,134,45,2.6425122383015056,2.7730657145026036,0.13055347620109803,1784352535.748328,1784352537.18556,1784352536.466944,1.64510323,"[dac] CH_A set to +2.773 V (code=41854)
"
2091,134,46,2.7730657145026036,2.9036191907037026,0.13055347620109892,1784352537.186594,1784352538.6229901,1784352537.904792,1.63705954,"[dac] CH_A set to +2.904 V (code=42282)
"
2092,134,47,2.9036191907037026,3.0341726669048015,0.13055347620109892,1784352538.623167,1784352540.062339,1784352539.342753,1.56332567,"[dac] CH_A set to +3.034 V (code=42710)
"
2093,134,48,3.0341726669048015,3.1647261431059004,0.13055347620109892,1784352540.062597,1784352541.490668,1784352540.7766325,1.54589766,"[dac] CH_A set to +3.165 V (code=43137)
"
2094,134,49,3.1647261431059004,3.2952796193069993,0.13055347620109892,1784352541.4908748,1784352542.9274938,1784352542.2091842,1.48825118,"[dac] CH_A set to +3.295 V (code=43565)
"
2095,134,50,3.2952796193069993,3.4258330955080973,0.13055347620109803,1784352542.92852,1784352544.363968,1784352543.646244,1.47216379,"[dac] CH_A set to +3.426 V (code=43993)
"
2096,134,51,3.4258330955080973,3.5563865717091963,0.13055347620109892,1784352544.364219,1784352545.795211,1784352545.079715,1.43328593,"[dac] CH_A set to +3.556 V (code=44421)
"
2097,134,52,3.5563865717091963,3.686940047910295,0.13055347620109892,1784352545.795521,1784352547.230291,1784352546.512906,1.36223329,"[dac] CH_A set to +3.687 V (code=44849)
"
2098,134,53,3.686940047910295,3.817493524111393,0.13055347620109803,1784352547.2305012,1784352548.6714728,1784352547.9509869,1.28179634,"[dac] CH_A set to +3.818 V (code=45276)
"
2099,134,54,3.817493524111393,3.948047000312492,0.13055347620109892,1784352548.671715,1784352550.1050408,1784352549.388378,1.23219355,"[dac] CH_A set to +3.948 V (code=45704)
"
2100,134,55,3.948047000312492,4.078600476513591,0.13055347620109892,1784352550.106255,1784352551.551021,1784352550.828638,1.16516276,"[dac] CH_A set to +4.079 V (code=46132)
"
2101,134,56,4.078600476513591,4.20915395271469,0.13055347620109892,1784352551.551373,1784352552.9840078,1784352552.2676904,1.11287874,"[dac] CH_A set to +4.209 V (code=46560)
"
2102,134,57,4.20915395271469,4.339707428915789,0.13055347620109892,1784352552.984222,1784352554.4055932,1784352553.6949077,1.07400088,"[dac] CH_A set to +4.340 V (code=46988)
"
2103,134,58,4.339707428915789,4.470260905116887,0.13055347620109803,1784352554.4058151,1784352555.8462698,1784352555.1260424,0.988201463,"[dac] CH_A set to +4.470 V (code=47416)
"
2104,134,59,4.470260905116887,4.600814381317986,0.13055347620109892,1784352555.846734,1784352557.284203,1784352556.5654685,0.911786359,"[dac] CH_A set to +4.601 V (code=47843)
"
2105,134,60,4.600814381317986,4.731367857519085,0.13055347620109892,1784352557.28441,1784352558.6989162,1784352557.991663,0.847436798,"[dac] CH_A set to +4.731 V (code=48271)
"
2106,134,61,4.731367857519085,4.861921333720183,0.13055347620109803,1784352558.699175,1784352560.139681,1784352559.4194279,0.797834012,"[dac] CH_A set to +4.862 V (code=48699)
"
2107,134,62,4.861921333720183,4.992474809921282,0.13055347620109892,1784352560.1399128,1784352561.573065,1784352560.856489,0.729462603,"[dac] CH_A set to +4.992 V (code=49127)
"
2108,135,0,4.861921333720183,4.796644595619633,-0.06527673810054946,1784352590.0434282,1784352591.469771,1784352590.7565994,0.781746621,"[dac] CH_A set to +4.797 V (code=48485)
"
2109,135,1,4.796644595619633,4.731367857519084,-0.06527673810054946,1784352591.469978,1784352592.918755,1784352592.1943665,0.791130932,"[dac] CH_A set to +4.731 V (code=48271)
"
2110,136,0,4.861921333720183,4.731367857519084,-0.13055347620109892,1784352621.463053,1784352622.8991811,1784352622.181117,0.732143835,"[dac] CH_A set to +4.731 V (code=48271)
"
2111,136,1,4.731367857519084,4.600814381317985,-0.13055347620109892,1784352622.900254,1784352624.331381,1784352623.6158175,0.855480493,"[dac] CH_A set to +4.601 V (code=47843)
"
2112,136,2,4.600814381317985,4.470260905116887,-0.13055347620109803,1784352624.331577,1784352625.7518358,1784352625.0417066,0.880952195,"[dac] CH_A set to +4.470 V (code=47416)
"
2113,136,3,4.470260905116887,4.339707428915788,-0.13055347620109892,1784352625.752073,1784352627.1819332,1784352626.467003,0.94396114,"[dac] CH_A set to +4.340 V (code=46988)
"
2114,136,4,4.339707428915788,4.209153952714689,-0.13055347620109892,1784352627.182095,1784352628.623178,1784352627.9026365,1.03780425,"[dac] CH_A set to +4.209 V (code=46560)
"
2115,136,5,4.209153952714689,4.078600476513591,-0.13055347620109803,1784352628.623381,1784352630.066147,1784352629.344764,1.06997903,"[dac] CH_A set to +4.079 V (code=46132)
"
2116,136,6,4.078600476513591,3.948047000312492,-0.13055347620109892,1784352630.0665972,1784352631.499288,1784352630.7829428,1.13298798,"[dac] CH_A set to +3.948 V (code=45704)
"
2117,136,7,3.948047000312492,3.817493524111393,-0.13055347620109892,1784352631.49948,1784352632.941042,1784352632.220261,1.22683109,"[dac] CH_A set to +3.818 V (code=45276)
"
2118,136,8,3.817493524111393,3.6869400479102943,-0.13055347620109892,1784352632.941257,1784352634.3752441,1784352633.6582506,1.25096217,"[dac] CH_A set to +3.687 V (code=44849)
"
2119,136,9,3.6869400479102943,3.556386571709196,-0.13055347620109847,1784352634.375456,1784352635.806921,1784352635.0911884,1.33676159,"[dac] CH_A set to +3.556 V (code=44421)
"
2120,136,10,3.556386571709196,3.4258330955080973,-0.13055347620109847,1784352635.807206,1784352637.2412212,1784352636.5242136,1.37563945,"[dac] CH_A set to +3.426 V (code=43993)
"
2121,136,11,3.4258330955080973,3.2952796193069984,-0.13055347620109892,1784352637.241416,1784352638.676568,1784352637.958992,1.43730778,"[dac] CH_A set to +3.295 V (code=43565)
"
2122,136,12,3.2952796193069984,3.1647261431058995,-0.13055347620109892,1784352638.677633,1784352640.115082,1784352639.3963575,1.43462654,"[dac] CH_A set to +3.165 V (code=43137)
"
2123,136,13,3.1647261431058995,3.034172666904801,-0.13055347620109847,1784352640.1152902,1784352641.557503,1784352640.8363967,1.52846965,"[dac] CH_A set to +3.034 V (code=42710)
"
2124,136,14,3.034172666904801,2.9036191907037026,-0.13055347620109847,1784352641.558076,1784352643.008666,1784352642.283371,1.54455704,"[dac] CH_A set to +2.904 V (code=42282)
"
2125,136,15,2.9036191907037026,2.7730657145026036,-0.13055347620109892,1784352643.008896,1784352644.442174,1784352643.725535,1.57673182,"[dac] CH_A set to +2.773 V (code=41854)
"
2126,136,16,2.7730657145026036,2.6425122383015047,-0.13055347620109892,1784352644.442401,1784352645.8828878,1784352645.1626444,1.62365338,"[dac] CH_A set to +2.642 V (code=41426)
"
2127,136,17,2.6425122383015047,2.5119587621004063,-0.13055347620109847,1784352645.883144,1784352647.323961,1784352646.6035523,1.64108139,"[dac] CH_A set to +2.512 V (code=40999)
"
2128,136,18,2.5119587621004063,2.3814052858993078,-0.13055347620109847,1784352647.3250182,1784352648.757759,1784352648.0413885,1.67995925,"[dac] CH_A set to +2.381 V (code=40571)
"
2129,136,19,2.3814052858993078,2.250851809698209,-0.13055347620109892,1784352648.7579808,1784352650.193059,1784352649.47552,1.70274971,"[dac] CH_A set to +2.251 V (code=40143)
"
2130,136,20,2.250851809698209,2.12029833349711,-0.13055347620109892,1784352650.1932778,1784352651.6311429,1784352650.9122105,1.70274971,"[dac] CH_A set to +2.120 V (code=39715)
"
2131,137,0,2.250851809698209,2.3161285477987583,0.06527673810054946,1784352680.15026,1784352681.5830421,1784352680.866651,1.68934356,"[dac] CH_A set to +2.316 V (code=40357)
"
2132,137,1,2.3161285477987583,2.3814052858993078,0.06527673810054946,1784352681.58352,1784352683.021846,1784352682.3026829,1.67191555,"[dac] CH_A set to +2.381 V (code=40571)
"
2133,138,0,2.250851809698209,2.1202983334971104,-0.13055347620109847,1784352711.556789,1784352712.9844558,1784352712.2706223,1.71481526,"[dac] CH_A set to +2.120 V (code=39715)
"
2134,138,1,2.1202983334971104,1.9897448572960115,-0.13055347620109892,1784352712.9846752,1784352714.428801,1784352713.706738,1.68934356,"[dac] CH_A set to +1.990 V (code=39287)
"
2135,138,2,1.9897448572960115,1.859191381094913,-0.13055347620109847,1784352714.429007,1784352715.875693,1784352715.15235,1.71883711,"[dac] CH_A set to +1.859 V (code=38860)
"
2136,138,3,1.859191381094913,1.728637904893814,-0.13055347620109892,1784352715.875904,1784352717.321284,1784352716.5985942,1.69872787,"[dac] CH_A set to +1.729 V (code=38432)
"
2137,138,4,1.728637904893814,1.5980844286927156,-0.13055347620109847,1784352717.321516,1784352718.7575839,1784352718.0395498,1.6678937,"[dac] CH_A set to +1.598 V (code=38004)
"
2138,138,5,1.5980844286927156,1.467530952491617,-0.1305534762010987,1784352718.757799,1784352720.1899211,1784352719.47386,1.67995925,"[dac] CH_A set to +1.467 V (code=37576)
"
2139,138,6,1.467530952491617,1.3369774762905182,-0.1305534762010987,1784352720.190124,1784352721.623318,1784352720.906721,1.71883711,"[dac] CH_A set to +1.337 V (code=37149)
"
2140,138,7,1.3369774762905182,1.2064240000894195,-0.1305534762010987,1784352721.6235268,1784352723.0668879,1784352722.3452072,1.64376262,"[dac] CH_A set to +1.206 V (code=36721)
"
2141,138,8,1.2064240000894195,1.0758705238883208,-0.1305534762010987,1784352723.0671418,1784352724.511301,1784352723.7892213,1.61829092,"[dac] CH_A set to +1.076 V (code=36293)
"
2142,138,9,1.0758705238883208,0.9453170476872221,-0.1305534762010987,1784352724.511512,1784352725.9461272,1784352725.2288196,1.59818168,"[dac] CH_A set to +0.945 V (code=35865)
"
2143,138,10,0.9453170476872221,0.8147635714861234,-0.1305534762010987,1784352725.947215,1784352727.390541,1784352726.668878,1.5324915,"[dac] CH_A set to +0.815 V (code=35437)
"
2144,138,11,0.8147635714861234,0.684210095285025,-0.13055347620109847,1784352727.390763,1784352728.824182,1784352728.1074724,1.51238226,"[dac] CH_A set to +0.684 V (code=35009)
"
2145,138,12,0.684210095285025,0.5536566190839263,-0.1305534762010987,1784352728.824369,1784352730.2646341,1784352729.5445015,1.45875763,"[dac] CH_A set to +0.554 V (code=34582)
"
2146,138,13,0.5536566190839263,0.4231031428828276,-0.1305534762010987,1784352730.2649229,1784352731.7036648,1784352730.984294,1.42390162,"[dac] CH_A set to +0.423 V (code=34154)
"
2147,138,14,0.4231031428828276,0.2925496666817289,-0.1305534762010987,1784352731.704709,1784352733.132802,1784352732.4187555,1.37698006,"[dac] CH_A set to +0.292 V (code=33726)
"
2148,138,15,0.2925496666817289,0.1619961904806302,-0.1305534762010987,1784352733.133016,1784352734.573838,1784352733.853427,1.30592742,"[dac] CH_A set to +0.162 V (code=33298)
"
2149,138,16,0.1619961904806302,0.031442714279531714,-0.13055347620109847,1784352734.5740328,1784352736.008671,1784352735.2913518,1.26570895,"[dac] CH_A set to +0.031 V (code=32870)
"
2150,138,17,0.031442714279531714,-0.0991107619215672,-0.13055347620109892,1784352736.008899,1784352737.421182,1784352736.7150404,1.18661261,"[dac] CH_A set to -0.099 V (code=32443)
"
2151,138,18,-0.0991107619215672,-0.22966423812266568,-0.13055347620109847,1784352737.422273,1784352738.857594,1784352738.1399336,1.12896613,"[dac] CH_A set to -0.230 V (code=32015)
"
2152,138,19,-0.22966423812266568,-0.3602177143237646,-0.13055347620109892,1784352738.857779,1784352740.284703,1784352739.571241,1.09142888,"[dac] CH_A set to -0.360 V (code=31587)
"
2153,138,20,-0.3602177143237646,-0.49077119052486307,-0.13055347620109847,1784352740.284941,1784352741.728759,1784352741.00685,1.00294824,"[dac] CH_A set to -0.491 V (code=31159)
"
2154,139,0,-0.621324666725962,-0.6866014048265114,-0.06527673810054946,1784352770.2455318,1784352771.673953,1784352770.9597425,0.847436798,"[dac] CH_A set to -0.687 V (code=30518)
"
2155,139,1,-0.6866014048265114,-0.7518781429270609,-0.06527673810054946,1784352771.675054,1784352773.1066601,1784352772.3908572,0.82732756,"[dac] CH_A set to -0.752 V (code=30304)
"
2156,140,0,-0.621324666725962,-0.7470428289936867,-0.1257181622677247,1784352801.6061409,1784352803.033553,1784352802.3198469,0.820624481,"[dac] CH_A set to -0.747 V (code=30320)
"
2157,140,1,-0.7470428289936867,-0.8727609912614114,-0.1257181622677247,1784352803.034602,1784352804.465873,1784352803.7502375,0.801855859,"[dac] CH_A set to -0.873 V (code=29908)
"
2158,140,2,-0.8727609912614114,-0.9984791535291361,-0.1257181622677247,1784352804.4661062,1784352805.917988,1784352805.192047,0.718737676,"[dac] CH_A set to -0.998 V (code=29496)
"
2159,140,3,-0.9984791535291361,-1.1241973157968608,-0.1257181622677247,1784352805.9181921,1784352807.354869,1784352806.6365304,0.628916414,"[dac] CH_A set to -1.124 V (code=29084)
"
2160,140,4,-1.1241973157968608,-1.2499154780645854,-0.1257181622677246,1784352807.3551302,1784352808.799593,1784352808.0773616,0.603444712,"[dac] CH_A set to -1.250 V (code=28672)
"
2161,140,5,-1.2499154780645854,-1.3756336403323102,-0.1257181622677248,1784352808.800652,1784352810.239241,1784352809.5199466,0.509601602,"[dac] CH_A set to -1.376 V (code=28260)
"
2162,140,6,-1.3756336403323102,-1.501351802600035,-0.1257181622677248,1784352810.2394218,1784352811.6732318,1784352810.956327,0.501557907,"[dac] CH_A set to -1.501 V (code=27848)
"
2163,140,7,-1.501351802600035,-1.6270699648677596,-0.1257181622677246,1784352811.673496,1784352813.114987,1784352812.3942413,0.421120956,"[dac] CH_A set to -1.627 V (code=27436)
"
2164,140,8,-1.6270699648677596,-1.7527881271354842,-0.1257181622677246,1784352813.115198,1784352814.548119,1784352813.8316584,0.370177553,"[dac] CH_A set to -1.753 V (code=27024)
"
2165,140,9,-1.7527881271354842,-1.878506289403209,-0.1257181622677248,1784352814.549231,1784352815.977372,1784352815.2633014,0.335321541,"[dac] CH_A set to -1.878 V (code=26612)
"
2166,140,10,-1.878506289403209,-2.0042244516709338,-0.1257181622677248,1784352815.9775848,1784352817.407711,1784352816.692648,0.23209412,"[dac] CH_A set to -2.004 V (code=26200)
"
2167,140,11,-2.0042244516709338,-2.1299426139386584,-0.1257181622677246,1784352817.407989,1784352818.8547058,1784352818.1313474,0.225391041,"[dac] CH_A set to -2.130 V (code=25788)
"
2168,140,12,-2.1299426139386584,-2.255660776206383,-0.1257181622677246,1784352818.855011,1784352820.287837,1784352819.571424,0.17712887,"[dac] CH_A set to -2.256 V (code=25376)
"
2169,140,13,-2.255660776206383,-2.381378938474108,-0.12571816226772503,1784352820.2880661,1784352821.713303,1784352821.0006847,0.128866699,"[dac] CH_A set to -2.381 V (code=24964)
"
2170,140,14,-2.381378938474108,-2.5070971007418326,-0.1257181622677246,1784352821.7143848,1784352823.151722,1784352822.4330535,0.115460541,"[dac] CH_A set to -2.507 V (code=24552)
"
2171,140,15,-2.5070971007418326,-2.632815263009557,-0.1257181622677246,1784352823.1519659,1784352824.589834,1784352823.8709,0.0913294552,"[dac] CH_A set to -2.633 V (code=24140)
"
2172,140,16,-2.632815263009557,-2.7585334252772817,-0.1257181622677246,1784352824.5900311,1784352826.031651,1784352825.310841,0.0417266685,"[dac] CH_A set to -2.759 V (code=23729)
"
2173,140,17,-2.7585334252772817,-2.8842515875450063,-0.1257181622677246,1784352826.031859,1784352827.473419,1784352826.7526388,0.0444079002,"[dac] CH_A set to -2.884 V (code=23316)
"
2174,140,18,-2.8842515875450063,-3.0099697498127314,-0.12571816226772503,1784352827.473611,1784352828.899578,1784352828.1865945,0.0269798941,"[dac] CH_A set to -3.010 V (code=22904)
"
2175,140,19,-3.0099697498127314,-3.135687912080456,-0.1257181622677246,1784352828.89978,1784352830.3428202,1784352829.6213002,0.000167619806,"[dac] CH_A set to -3.136 V (code=22493)
"
2176,140,20,-3.135687912080456,-3.2614060743481805,-0.1257181622677246,1784352830.3430452,1784352831.774406,1784352831.0587256,0.0149143514,"[dac] CH_A set to -3.261 V (code=22081)
"
2177,140,21,-3.2614060743481805,-3.3871242366159056,-0.12571816226772503,1784352831.774653,1784352833.214999,1784352832.4948258,-0.00117281334,"[dac] CH_A set to -3.387 V (code=21669)
"
2178,140,22,-3.3871242366159056,-3.51284239888363,-0.1257181622677246,1784352833.2160761,1784352834.6443489,1784352833.9302125,0.0175955831,"[dac] CH_A set to -3.513 V (code=21257)
"
2179,140,23,-3.51284239888363,-3.6385605611513547,-0.1257181622677246,1784352834.644547,1784352836.081843,1784352835.363195,0.0242986624,"[dac] CH_A set to -3.639 V (code=20845)
"
2180,140,24,-3.6385605611513547,-3.7642787234190793,-0.1257181622677246,1784352836.082208,1784352837.5252328,1784352836.8037205,0.0310017417,"[dac] CH_A set to -3.764 V (code=20433)
"
2181,140,25,-3.7642787234190793,-3.889996885686804,-0.1257181622677246,1784352837.525473,1784352838.9485781,1784352838.2370257,0.0524515954,"[dac] CH_A set to -3.890 V (code=20021)
"
2182,140,26,-3.889996885686804,-4.0157150479545285,-0.1257181622677246,1784352838.949654,1784352840.382812,1784352839.666233,0.0698796015,"[dac] CH_A set to -4.016 V (code=19609)
"
2183,141,0,-3.8851615717534296,-3.81988483365288,0.06527673810054946,1784352868.321743,1784352869.749441,1784352869.035592,0.0953513028,"[dac] CH_A set to -3.820 V (code=20251)
"
2184,141,1,-3.81988483365288,-3.7546080955523307,0.06527673810054946,1784352869.7505019,1784352871.182313,1784352870.4664073,0.0671983698,"[dac] CH_A set to -3.755 V (code=20465)
"
2185,142,0,-3.8851615717534296,-3.7546080955523307,0.13055347620109892,1784352899.679223,1784352901.105661,1784352900.392442,0.0417266685,"[dac] CH_A set to -3.755 V (code=20465)
"
2186,142,1,-3.7546080955523307,-3.624054619351232,0.13055347620109847,1784352901.106091,1784352902.5426922,1784352901.8243916,0.0511109795,"[dac] CH_A set to -3.624 V (code=20892)
"
2187,142,2,-3.624054619351232,-3.4935011431501337,0.13055347620109847,1784352902.542887,1784352903.9761229,1784352903.2595048,0.0323423575,"[dac] CH_A set to -3.493 V (code=21320)
"
2188,142,3,-3.4935011431501337,-3.362947666949035,0.13055347620109892,1784352903.97634,1784352905.4109151,1784352904.6936276,0.0175955831,"[dac] CH_A set to -3.363 V (code=21748)
"
2189,142,4,-3.362947666949035,-3.232394190747936,0.13055347620109892,1784352905.411131,1784352906.842099,1784352906.126615,0.0363642051,"[dac] CH_A set to -3.232 V (code=22176)
"
2190,142,5,-3.232394190747936,-3.1018407145468374,0.13055347620109847,1784352906.842349,1784352908.288011,1784352907.56518,-0.00117290469,"[dac] CH_A set to -3.102 V (code=22604)
"
2191,142,6,-3.1018407145468374,-2.971287238345739,0.13055347620109847,1784352908.288235,1784352909.732394,1784352909.0103145,0.0229580465,"[dac] CH_A set to -2.971 V (code=23031)
"
2192,142,7,-2.971287238345739,-2.84073376214464,0.13055347620109892,1784352909.732652,1784352911.173912,1784352910.4532819,0.0229580465,"[dac] CH_A set to -2.841 V (code=23459)
"
2193,142,8,-2.84073376214464,-2.710180285943541,0.13055347620109892,1784352911.174212,1784352912.604321,1784352911.8892665,0.02832051,"[dac] CH_A set to -2.710 V (code=23887)
"
2194,142,9,-2.710180285943541,-2.5796268097424426,0.13055347620109847,1784352912.604574,1784352914.042324,1784352913.3234491,0.0765826808,"[dac] CH_A set to -2.580 V (code=24315)
"
2195,142,10,-2.5796268097424426,-2.449073333541344,0.13055347620109847,1784352914.0426219,1784352915.489333,1784352914.7659774,0.0725608332,"[dac] CH_A set to -2.449 V (code=24742)
"
2196,142,11,-2.449073333541344,-2.3185198573402452,0.13055347620109892,1784352915.489563,1784352916.9403331,1784352916.2149482,0.0832857601,"[dac] CH_A set to -2.319 V (code=25170)
"
2197,142,12,-2.3185198573402452,-2.1879663811391463,0.13055347620109892,1784352916.940533,1784352918.367124,1784352917.6538286,0.150316553,"[dac] CH_A set to -2.188 V (code=25598)
"
2198,142,13,-2.1879663811391463,-2.057412904938048,0.13055347620109847,1784352918.367367,1784352919.814273,1784352919.09082,0.191875644,"[dac] CH_A set to -2.057 V (code=26026)
"
2199,142,14,-2.057412904938048,-1.9268594287369492,0.1305534762010987,1784352919.814482,1784352921.239147,1784352920.5268145,0.19991934,"[dac] CH_A set to -1.927 V (code=26454)
"
2200,142,15,-1.9268594287369492,-1.7963059525358505,0.1305534762010987,1784352921.239796,1784352922.668512,1784352921.954154,0.276334443,"[dac] CH_A set to -1.796 V (code=26881)
"
2201,142,16,-1.7963059525358505,-1.6657524763347515,0.13055347620109892,1784352922.668757,1784352924.1151528,1784352923.391955,0.30984984,"[dac] CH_A set to -1.666 V (code=27309)
"
2202,142,17,-1.6657524763347515,-1.535199000133653,0.13055347620109847,1784352924.115349,1784352925.5485408,1784352924.831945,0.366155706,"[dac] CH_A set to -1.535 V (code=27737)
"
2203,142,18,-1.535199000133653,-1.4046455239325546,0.13055347620109847,1784352925.548741,1784352926.9934678,1784352926.2711043,0.421120956,"[dac] CH_A set to -1.405 V (code=28165)
"
2204,142,19,-1.4046455239325546,-1.2740920477314557,0.13055347620109892,1784352926.993887,1784352928.431975,1784352927.712931,0.482789285,"[dac] CH_A set to -1.274 V (code=28593)
"
2205,142,20,-1.2740920477314557,-1.1435385715303568,0.13055347620109892,1784352928.432162,1784352929.87268,1784352929.152421,0.540435767,"[dac] CH_A set to -1.143 V (code=29021)
"
2206,142,21,-1.1435385715303568,-1.0129850953292583,0.13055347620109847,1784352929.873096,1784352931.308376,1784352930.590736,0.586016706,"[dac] CH_A set to -1.013 V (code=29448)
"
2207,142,22,-1.0129850953292583,-0.8824316191281598,0.13055347620109847,1784352931.308588,1784352932.758683,1784352932.0336356,0.639641341,"[dac] CH_A set to -0.882 V (code=29876)
"
2208,142,23,-0.8824316191281598,-0.7518781429270609,0.13055347620109892,1784352932.75892,1784352934.205549,1784352933.4822345,0.758956152,"[dac] CH_A set to -0.752 V (code=30304)
"
2209,142,24,-0.7518781429270609,-0.621324666725962,0.13055347620109892,1784352934.205777,1784352935.656194,1784352934.9309855,0.805877707,"[dac] CH_A set to -0.621 V (code=30732)
"
2210,142,25,-0.621324666725962,-0.4907711905248635,0.13055347620109847,1784352935.656404,1784352937.096141,1784352936.3762727,0.858161725,"[dac] CH_A set to -0.491 V (code=31159)
"
2211,142,26,-0.4907711905248635,-0.36021771432376504,0.13055347620109847,1784352937.096374,1784352938.5339022,1784352937.815138,0.92787375,"[dac] CH_A set to -0.360 V (code=31587)
"
2212,142,27,-0.36021771432376504,-0.22966423812266612,0.13055347620109892,1784352938.5349061,1784352939.958276,1784352939.246591,0.989542079,"[dac] CH_A set to -0.230 V (code=32015)
"
2213,142,28,-0.22966423812266612,-0.0991107619215672,0.13055347620109892,1784352939.958634,1784352941.393972,1784352940.676303,1.0592541,"[dac] CH_A set to -0.099 V (code=32443)
"
2214,142,29,-0.0991107619215672,0.03144271427953127,0.13055347620109847,1784352941.39418,1784352942.8229141,1784352942.1085472,1.12226305,"[dac] CH_A set to +0.031 V (code=32870)
"
2215,142,30,0.03144271427953127,0.16199619048062974,0.13055347620109847,1784352942.8231459,1784352944.275929,1784352943.5495374,1.17454707,"[dac] CH_A set to +0.162 V (code=33298)
"
2216,142,31,0.16199619048062974,0.29254966668172866,0.13055347620109892,1784352944.276173,1784352945.716181,1784352944.9961772,1.24023724,"[dac] CH_A set to +0.292 V (code=33726)
"
2217,142,32,0.29254966668172866,0.4231031428828276,0.13055347620109892,1784352945.716413,1784352947.165832,1784352946.4411225,1.3126305,"[dac] CH_A set to +0.423 V (code=34154)
"
2218,142,33,0.4231031428828276,0.5536566190839265,0.13055347620109892,1784352947.1660402,1784352948.5989382,1784352947.8824892,1.36893637,"[dac] CH_A set to +0.554 V (code=34582)
"
2219,142,34,0.5536566190839265,0.6842100952850245,0.13055347620109803,1784352948.599224,1784352950.043547,1784352949.3213854,1.39172684,"[dac] CH_A set to +0.684 V (code=35009)
"
2220,142,35,0.6842100952850245,0.8147635714861234,0.13055347620109892,1784352950.043756,1784352951.481353,1784352950.7625546,1.45071393,"[dac] CH_A set to +0.815 V (code=35437)
"
2221,142,36,0.8147635714861234,0.9453170476872224,0.13055347620109892,1784352951.481547,1784352952.9045959,1784352952.1930714,1.48020748,"[dac] CH_A set to +0.945 V (code=35865)
"
2222,142,37,0.9453170476872224,1.0758705238883204,0.13055347620109803,1784352952.904812,1784352954.346205,1784352953.6255085,1.54857889,"[dac] CH_A set to +1.076 V (code=36293)
"
2223,142,38,1.0758705238883204,1.2064240000894193,0.13055347620109892,1784352954.347272,1784352955.784262,1784352955.0657668,1.58477552,"[dac] CH_A set to +1.206 V (code=36721)
"
2224,142,39,1.2064240000894193,1.3369774762905182,0.13055347620109892,1784352955.784545,1784352957.2010188,1784352956.4927819,1.60622537,"[dac] CH_A set to +1.337 V (code=37149)
"
2225,142,40,1.3369774762905182,1.4675309524916171,0.13055347620109892,1784352957.201269,1784352958.639394,1784352957.9203315,1.64912508,"[dac] CH_A set to +1.467 V (code=37576)
"
2226,142,41,1.4675309524916171,1.598084428692716,0.13055347620109892,1784352958.639601,1784352960.0810099,1784352959.3603053,1.6678937,"[dac] CH_A set to +1.598 V (code=38004)
"
2227,142,42,1.598084428692716,1.728637904893814,0.13055347620109803,1784352960.082079,1784352961.538746,1784352960.8104124,1.65448754,"[dac] CH_A set to +1.729 V (code=38432)
"
2228,142,43,1.728637904893814,1.859191381094913,0.13055347620109892,1784352961.538956,1784352962.97167,1784352962.255313,1.69738725,"[dac] CH_A set to +1.859 V (code=38860)
"
2229,142,44,1.859191381094913,1.989744857296012,0.13055347620109892,1784352962.971935,1784352964.400974,1784352963.6864545,1.68666232,"[dac] CH_A set to +1.990 V (code=39287)
"
2230,142,45,1.989744857296012,2.12029833349711,0.13055347620109803,1784352964.401221,1784352965.831989,1784352965.116605,1.70006848,"[dac] CH_A set to +2.120 V (code=39715)
"
2231,142,46,2.12029833349711,2.250851809698209,0.13055347620109892,1784352965.8323562,1784352967.269888,1784352966.5511222,1.70677156,"[dac] CH_A set to +2.251 V (code=40143)
"
2232,142,47,2.250851809698209,2.3814052858993078,0.13055347620109892,1784352967.27008,1784352968.6986098,1784352967.984345,1.68800294,"[dac] CH_A set to +2.381 V (code=40571)
"
2233,142,48,2.3814052858993078,2.5119587621004067,0.13055347620109892,1784352968.698792,1784352970.140961,1784352969.4198766,1.68934356,"[dac] CH_A set to +2.512 V (code=40999)
"
2234,142,49,2.5119587621004067,2.6425122383015056,0.13055347620109892,1784352970.141251,1784352971.5785,1784352970.8598757,1.67861863,"[dac] CH_A set to +2.642 V (code=41426)
"
2235,142,50,2.6425122383015056,2.7730657145026036,0.13055347620109803,1784352971.578908,1784352973.0114849,1784352972.2951965,1.64108139,"[dac] CH_A set to +2.773 V (code=41854)
"
2236,142,51,2.7730657145026036,2.9036191907037026,0.13055347620109892,1784352973.011698,1784352974.448742,1784352973.7302198,1.6169503,"[dac] CH_A set to +2.904 V (code=42282)
"
2237,142,52,2.9036191907037026,3.0341726669048015,0.13055347620109892,1784352974.448946,1784352975.875774,1784352975.16236,1.63035646,"[dac] CH_A set to +3.034 V (code=42710)
"
2238,142,53,3.0341726669048015,3.1647261431058995,0.13055347620109803,1784352975.8760011,1784352977.323594,1784352976.5997977,1.58075367,"[dac] CH_A set to +3.165 V (code=43137)
"
2239,142,54,3.1647261431058995,3.2952796193069984,0.13055347620109892,1784352977.323825,1784352978.770678,1784352978.0472515,1.52578842,"[dac] CH_A set to +3.295 V (code=43565)
"
2240,142,55,3.2952796193069984,3.4258330955080973,0.13055347620109892,1784352978.771229,1784352980.216191,1784352979.49371,1.4735044,"[dac] CH_A set to +3.426 V (code=43993)
"
2241,142,56,3.4258330955080973,3.5563865717091963,0.13055347620109892,1784352980.2164118,1784352981.6488671,1784352980.9326396,1.39842992,"[dac] CH_A set to +3.556 V (code=44421)
"
2242,142,57,3.5563865717091963,3.686940047910295,0.13055347620109892,1784352981.649136,1784352983.0883021,1784352982.368719,1.38368314,"[dac] CH_A set to +3.687 V (code=44849)
"
2243,142,58,3.686940047910295,3.817493524111393,0.13055347620109803,1784352983.088528,1784352984.5341382,1784352983.8113332,1.29386188,"[dac] CH_A set to +3.818 V (code=45276)
"
2244,142,59,3.817493524111393,3.948047000312492,0.13055347620109892,1784352984.534351,1784352985.9596622,1784352985.2470067,1.25900587,"[dac] CH_A set to +3.948 V (code=45704)
"
2245,142,60,3.948047000312492,4.078600476513591,0.13055347620109892,1784352985.959888,1784352987.397156,1784352986.678522,1.17186584,"[dac] CH_A set to +4.079 V (code=46132)
"
2246,142,61,4.078600476513591,4.209153952714689,0.13055347620109803,1784352987.398207,1784352988.839376,1784352988.1187916,1.12226305,"[dac] CH_A set to +4.209 V (code=46560)
"
2247,142,62,4.209153952714689,4.339707428915788,0.13055347620109892,1784352988.839576,1784352990.2567449,1784352989.5481606,1.06461657,"[dac] CH_A set to +4.340 V (code=46988)
"
2248,142,63,4.339707428915788,4.470260905116887,0.13055347620109892,1784352990.256979,1784352991.6804328,1784352990.968706,0.992223311,"[dac] CH_A set to +4.470 V (code=47416)
"
2249,142,64,4.470260905116887,4.600814381317986,0.13055347620109892,1784352991.680937,1784352993.122216,1784352992.4015765,0.930554981,"[dac] CH_A set to +4.601 V (code=47843)
"
2250,142,65,4.600814381317986,4.731367857519085,0.13055347620109892,1784352993.122408,1784352994.556381,1784352993.8393946,0.847436798,"[dac] CH_A set to +4.731 V (code=48271)
"
2251,142,66,4.731367857519085,4.861921333720184,0.13055347620109892,1784352994.556729,1784352995.995935,1784352995.276332,0.799174628,"[dac] CH_A set to +4.862 V (code=48699)
"
2252,142,67,4.861921333720184,4.992474809921283,0.13055347620109892,1784352995.9962611,1784352997.435717,1784352996.715989,0.729462603,"[dac] CH_A set to +4.992 V (code=49127)
"
2253,142,68,4.992474809921283,5.12302828612238,0.13055347620109714,1784352997.43594,1784352998.88323,1784352998.159585,0.671816121,"[dac] CH_A set to +5.123 V (code=49554)
"
2254,142,69,5.12302828612238,5.253581762323479,0.13055347620109892,1784352998.8837419,1784353000.322773,1784352999.6032574,0.588697938,"[dac] CH_A set to +5.254 V (code=49982)
"
2255,142,70,5.253581762323479,5.3841352385245775,0.13055347620109892,1784353000.323023,1784353001.765004,1784353001.0440135,0.535073304,"[dac] CH_A set to +5.384 V (code=50410)
"
2256,142,71,5.3841352385245775,5.5146887147256765,0.13055347620109892,1784353001.765215,1784353003.205057,1784353002.485136,0.462680048,"[dac] CH_A set to +5.515 V (code=50838)
"
2257,142,72,5.5146887147256765,5.6452421909267745,0.13055347620109803,1784353003.20526,1784353004.639723,1784353003.9224916,0.407714797,"[dac] CH_A set to +5.645 V (code=51265)
"
2258,143,0,5.514688714725676,5.449411976625126,-0.06527673810054946,1784353033.105387,1784353034.553621,1784353033.829504,0.423802188,"[dac] CH_A set to +5.449 V (code=50624)
"
2259,143,1,5.449411976625126,5.384135238524577,-0.06527673810054946,1784353034.554084,1784353035.991019,1784353035.2725515,0.493514212,"[dac] CH_A set to +5.384 V (code=50410)
"
2260,144,0,5.514688714725676,5.384135238524577,-0.13055347620109892,1784353064.522151,1784353065.954025,1784353065.2380881,0.476086206,"[dac] CH_A set to +5.384 V (code=50410)
"
2261,144,1,5.384135238524577,5.253581762323479,-0.13055347620109803,1784353065.954269,1784353067.385626,1784353066.6699476,0.510942218,"[dac] CH_A set to +5.254 V (code=49982)
"
2262,144,2,5.253581762323479,5.12302828612238,-0.13055347620109892,1784353067.385812,1784353068.819118,1784353068.1024652,0.563226237,"[dac] CH_A set to +5.123 V (code=49554)
"
2263,144,3,5.12302828612238,4.992474809921282,-0.13055347620109803,1784353068.819308,1784353070.240254,1784353069.5297809,0.627575798,"[dac] CH_A set to +4.992 V (code=49127)
"
2264,144,4,4.992474809921282,4.861921333720183,-0.13055347620109892,1784353070.240451,1784353071.6814022,1784353070.9609265,0.693265975,"[dac] CH_A set to +4.862 V (code=48699)
"
2265,144,5,4.861921333720183,4.731367857519085,-0.13055347620109803,1784353071.682445,1784353073.112034,1784353072.3972397,0.758956152,"[dac] CH_A set to +4.731 V (code=48271)
"
2266,144,6,4.731367857519085,4.600814381317986,-0.13055347620109892,1784353073.112266,1784353074.547458,1784353073.829862,0.805877707,"[dac] CH_A set to +4.601 V (code=47843)
"
2267,144,7,4.600814381317986,4.470260905116888,-0.13055347620109803,1784353074.5476558,1784353075.980202,1784353075.263929,0.901061433,"[dac] CH_A set to +4.470 V (code=47416)
"
2268,144,8,4.470260905116888,4.339707428915789,-0.13055347620109892,1784353075.980417,1784353077.420424,1784353076.7004204,0.938598677,"[dac] CH_A set to +4.340 V (code=46988)
"
2269,145,0,4.470260905116888,4.535537643217437,0.06527673810054946,1784353105.827488,1784353107.25619,1784353106.5418391,0.815262018,"[dac] CH_A set to +4.536 V (code=47629)
"
2270,145,1,4.535537643217437,4.600814381317987,0.06527673810054946,1784353107.257524,1784353108.681057,1784353107.9692905,0.821965097,"[dac] CH_A set to +4.601 V (code=47843)
"
2271,146,0,4.470260905116888,4.342038740990809,-0.128222164126079,1784353137.103391,1784353138.527673,1784353137.815532,0.903742664,"[dac] CH_A set to +4.342 V (code=46995)
"
2272,146,1,4.342038740990809,4.21381657686473,-0.128222164126079,1784353138.5288231,1784353139.951467,1784353139.2401452,0.965410994,"[dac] CH_A set to +4.214 V (code=46575)
"
2273,146,2,4.21381657686473,4.085594412738651,-0.128222164126079,1784353139.951767,1784353141.379339,1784353140.665553,1.06863841,"[dac] CH_A set to +4.086 V (code=46155)
"
2274,146,3,4.085594412738651,3.9573722486125713,-0.12822216412607945,1784353141.380018,1784353142.803411,1784353142.0917144,1.12360366,"[dac] CH_A set to +3.957 V (code=45735)
"
2275,146,4,3.9573722486125713,3.8291500844864923,-0.128222164126079,1784353142.803678,1784353144.231096,1784353143.517387,1.1772283,"[dac] CH_A set to +3.829 V (code=45315)
"
2276,146,5,3.8291500844864923,3.7009279203604133,-0.128222164126079,1784353144.23137,1784353145.643459,1784353144.9374146,1.2027,"[dac] CH_A set to +3.701 V (code=44894)
"
2277,146,6,3.7009279203604133,3.5727057562343343,-0.128222164126079,1784353145.643751,1784353147.0660322,1784353146.3548915,1.26973079,"[dac] CH_A set to +3.573 V (code=44474)
"
2278,146,7,3.5727057562343343,3.444483592108255,-0.12822216412607945,1784353147.0662851,1784353148.494611,1784353147.780448,1.34346467,"[dac] CH_A set to +3.444 V (code=44054)
"
2279,146,8,3.444483592108255,3.316261427982176,-0.128222164126079,1784353148.495038,1784353149.919787,1784353149.2074125,1.42122038,"[dac] CH_A set to +3.316 V (code=43634)
"
2280,146,9,3.316261427982176,3.188039263856097,-0.128222164126079,1784353149.920512,1784353151.3450198,1784353150.6327658,1.43730778,"[dac] CH_A set to +3.188 V (code=43214)
"
2281,146,10,3.188039263856097,3.059817099730018,-0.128222164126079,1784353151.345612,1784353152.770995,1784353152.0583034,1.48288871,"[dac] CH_A set to +3.060 V (code=42794)
"
2282,146,11,3.059817099730018,2.931594935603939,-0.128222164126079,1784353152.771262,1784353154.1958332,1784353153.4835477,1.52444781,"[dac] CH_A set to +2.932 V (code=42374)
"
2283,146,12,2.931594935603939,2.80337277147786,-0.128222164126079,1784353154.196981,1784353155.613763,1784353154.9053721,1.55662259,"[dac] CH_A set to +2.803 V (code=41954)
"
2284,146,13,2.80337277147786,2.675150607351781,-0.128222164126079,1784353155.61446,1784353157.0381591,1784353156.3263097,1.57405059,"[dac] CH_A set to +2.675 V (code=41533)
"
2285,146,14,2.675150607351781,2.5469284432257013,-0.12822216412607945,1784353157.0394151,1784353158.4650471,1784353157.7522311,1.63035646,"[dac] CH_A set to +2.547 V (code=41113)
"
2286,146,15,2.5469284432257013,2.4187062790996223,-0.128222164126079,1784353158.466432,1784353159.8869991,1784353159.1767156,1.67191555,"[dac] CH_A set to +2.419 V (code=40693)
"
2287,146,16,2.4187062790996223,2.2904841149735433,-0.128222164126079,1784353159.8875499,1784353161.308692,1784353160.598121,1.70274971,"[dac] CH_A set to +2.290 V (code=40273)
"
2288,146,17,2.2904841149735433,2.1622619508474643,-0.128222164126079,1784353161.311706,1784353162.7390678,1784353162.0253868,1.68264048,"[dac] CH_A set to +2.162 V (code=39853)
"
2289,146,18,2.1622619508474643,2.034039786721385,-0.12822216412607945,1784353162.739339,1784353164.166903,1784353163.4531212,1.71615587,"[dac] CH_A set to +2.034 V (code=39432)
"
2290,146,19,2.034039786721385,1.9058176225953058,-0.128222164126079,1784353164.1671739,1784353165.594743,1784353164.8809586,1.71749649,"[dac] CH_A set to +1.906 V (code=39012)
"
2291,146,20,1.9058176225953058,1.7775954584692268,-0.128222164126079,1784353165.595614,1784353167.02157,1784353166.3085918,1.67861863,"[dac] CH_A set to +1.778 V (code=38592)
"
2292,146,21,1.7775954584692268,1.6493732943431478,-0.128222164126079,1784353167.021905,1784353168.445296,1784353167.7336006,1.73090265,"[dac] CH_A set to +1.649 V (code=38172)
"
2293,146,22,1.6493732943431478,1.5211511302170688,-0.128222164126079,1784353168.446018,1784353169.868185,1784353169.1571016,1.68934356,"[dac] CH_A set to +1.521 V (code=37752)
"
2294,146,23,1.5211511302170688,1.3929289660909898,-0.128222164126079,1784353169.868489,1784353171.297908,1784353170.5831985,1.69068417,"[dac] CH_A set to +1.393 V (code=37332)
"
2295,146,24,1.3929289660909898,1.2647068019649104,-0.12822216412607945,1784353171.2985878,1784353172.730029,1784353172.0143085,1.68129986,"[dac] CH_A set to +1.265 V (code=36912)
"
2296,146,25,1.2647068019649104,1.1364846378388314,-0.128222164126079,1784353172.7309282,1784353174.15281,1784353173.4418693,1.64912508,"[dac] CH_A set to +1.137 V (code=36492)
"
2297,146,26,1.1364846378388314,1.0082624737127523,-0.128222164126079,1784353174.1535192,1784353175.575624,1784353174.8645716,1.62231276,"[dac] CH_A set to +1.008 V (code=36071)
"
2298,146,27,1.0082624737127523,0.8800403095866733,-0.128222164126079,1784353175.576067,1784353176.9968388,1784353176.2864528,1.5660069,"[dac] CH_A set to +0.880 V (code=35651)
"
2299,146,28,0.8800403095866733,0.7518181454605943,-0.128222164126079,1784353176.997371,1784353178.427403,1784353177.712387,1.5405352,"[dac] CH_A set to +0.752 V (code=35231)
"
2300,146,29,0.7518181454605943,0.6235959813345149,-0.12822216412607945,1784353178.428133,1784353179.85774,1784353179.1429365,1.50165734,"[dac] CH_A set to +0.624 V (code=34811)
"
2301,146,30,0.6235959813345149,0.4953738172084359,-0.128222164126079,1784353179.862143,1784353181.290486,1784353180.5763144,1.47886687,"[dac] CH_A set to +0.495 V (code=34391)
"
2302,146,31,0.4953738172084359,0.36715165308235687,-0.128222164126079,1784353181.291455,1784353182.7124412,1784353182.001948,1.4560764,"[dac] CH_A set to +0.367 V (code=33971)
"
2303,146,32,0.36715165308235687,0.23892948895627786,-0.128222164126079,1784353182.7127721,1784353184.148118,1784353183.4304452,1.37832068,"[dac] CH_A set to +0.239 V (code=33550)
"
2304,146,33,0.23892948895627786,0.11070732483019885,-0.128222164126079,1784353184.148726,1784353185.5745652,1784353184.8616457,1.30860865,"[dac] CH_A set to +0.111 V (code=33130)
"
2305,146,34,0.11070732483019885,-0.017514839295880158,-0.128222164126079,1784353185.57511,1784353186.9954681,1784353186.285289,1.26034648,"[dac] CH_A set to -0.018 V (code=32710)
"
2306,146,35,-0.017514839295880158,-0.14573700342195917,-0.128222164126079,1784353186.995809,1784353188.4236538,1784353187.7097316,1.22549047,"[dac] CH_A set to -0.146 V (code=32290)
"
2307,146,36,-0.14573700342195917,-0.2739591675480382,-0.128222164126079,1784353188.423993,1784353189.855267,1784353189.13963,1.1262849,"[dac] CH_A set to -0.274 V (code=31870)
"
2308,146,37,-0.2739591675480382,-0.40218133167411807,-0.1282221641260799,1784353189.8555892,1784353191.2782688,1784353190.5669289,1.08740704,"[dac] CH_A set to -0.402 V (code=31450)
"
2309,146,38,-0.40218133167411807,-0.5304034958001971,-0.128222164126079,1784353191.279265,1784353192.712959,1784353191.9961119,0.980157768,"[dac] CH_A set to -0.530 V (code=31030)
"
2310,146,39,-0.5304034958001971,-0.6586256599262761,-0.128222164126079,1784353192.7133791,1784353194.13644,1784353193.4249096,0.941279908,"[dac] CH_A set to -0.659 V (code=30609)
"
2311,146,40,-0.6586256599262761,-0.7868478240523551,-0.128222164126079,1784353194.136971,1784353195.5586162,1784353194.8477936,0.864864804,"[dac] CH_A set to -0.787 V (code=30189)
"
2312,146,41,-0.7868478240523551,-0.9150699881784341,-0.128222164126079,1784353195.5591161,1784353196.981597,1784353196.2703567,0.844755567,"[dac] CH_A set to -0.915 V (code=29769)
"
2313,146,42,-0.9150699881784341,-1.043292152304513,-0.128222164126079,1784353196.982253,1784353198.408751,1784353197.695502,0.745549993,"[dac] CH_A set to -1.043 V (code=29349)
"
2314,146,43,-1.043292152304513,-1.1715143164305921,-0.128222164126079,1784353198.40927,1784353199.83567,1784353199.12247,0.697287822,"[dac] CH_A set to -1.171 V (code=28929)
"
2315,146,44,-1.1715143164305921,-1.2997364805566711,-0.128222164126079,1784353199.8366132,1784353201.263413,1784353200.550013,0.603444712,"[dac] CH_A set to -1.300 V (code=28509)
"
2316,146,45,-1.2997364805566711,-1.4279586446827501,-0.128222164126079,1784353201.263628,1784353202.692102,1784353201.977865,0.53641392,"[dac] CH_A set to -1.428 V (code=28088)
"
2317,146,46,-1.4279586446827501,-1.5561808088088291,-0.128222164126079,1784353202.692529,1784353204.118739,1784353203.405634,0.493514212,"[dac] CH_A set to -1.556 V (code=27668)
"
2318,146,47,-1.5561808088088291,-1.6844029729349081,-0.128222164126079,1784353204.1196742,1784353205.5504398,1784353204.835057,0.427824035,"[dac] CH_A set to -1.684 V (code=27248)
"
2319,146,48,-1.6844029729349081,-1.812625137060988,-0.1282221641260799,1784353205.5537658,1784353206.9831429,1784353206.2684543,0.368836938,"[dac] CH_A set to -1.813 V (code=26828)
"
2320,146,49,-1.812625137060988,-1.940847301187067,-0.128222164126079,1784353206.983634,1784353208.410974,1784353207.697304,0.329959078,"[dac] CH_A set to -1.941 V (code=26408)
"
2321,146,50,-1.940847301187067,-2.069069465313146,-0.128222164126079,1784353208.4117272,1784353209.835805,1784353209.123766,0.285718754,"[dac] CH_A set to -2.069 V (code=25988)
"
2322,146,51,-2.069069465313146,-2.197291629439225,-0.128222164126079,1784353209.8367,1784353211.257866,1784353210.547283,0.226731657,"[dac] CH_A set to -2.197 V (code=25567)
"
2323,146,52,-2.197291629439225,-2.325513793565304,-0.128222164126079,1784353211.258581,1784353212.683879,1784353211.97123,0.181150718,"[dac] CH_A set to -2.326 V (code=25147)
"
2324,146,53,-2.325513793565304,-2.453735957691383,-0.128222164126079,1784353212.684335,1784353214.10303,1784353213.3936825,0.150316553,"[dac] CH_A set to -2.454 V (code=24727)
"
2325,146,54,-2.453735957691383,-2.581958121817462,-0.128222164126079,1784353214.1038961,1784353215.531061,1784353214.8174787,0.120823004,"[dac] CH_A set to -2.582 V (code=24307)
"
2326,146,55,-2.581958121817462,-2.710180285943541,-0.128222164126079,1784353215.531584,1784353216.963212,1784353216.247398,0.0645171381,"[dac] CH_A set to -2.710 V (code=23887)
"
2327,147,0,-2.84073376214464,-2.9060105002451895,-0.06527673810054946,1784353245.313728,1784353246.737997,1784353246.0258627,0.0310017417,"[dac] CH_A set to -2.906 V (code=23245)
"
2328,147,1,-2.9060105002451895,-2.971287238345739,-0.06527673810054946,1784353246.740635,1784353248.162076,1784353247.4513555,0.0310017417,"[dac] CH_A set to -2.971 V (code=23031)
"
2329,148,0,-2.84073376214464,-2.7101802859435415,0.13055347620109847,1784353276.5498471,1784353277.978685,1784353277.264266,0.0336829734,"[dac] CH_A set to -2.710 V (code=23887)
"
2330,148,1,-2.7101802859435415,-2.5796268097424426,0.13055347620109892,1784353277.9795682,1784353279.4068658,1784353278.693217,0.0886482235,"[dac] CH_A set to -2.580 V (code=24315)
"
2331,148,2,-2.5796268097424426,-2.449073333541344,0.13055347620109847,1784353279.407903,1784353280.8420029,1784353280.1249528,0.0940106869,"[dac] CH_A set to -2.449 V (code=24742)
"
2332,148,3,-2.449073333541344,-2.3185198573402457,0.13055347620109847,1784353280.842527,1784353282.264382,1784353281.5534544,0.12216362,"[dac] CH_A set to -2.319 V (code=25170)
"
2333,148,4,-2.3185198573402457,-2.187966381139147,0.13055347620109847,1784353282.264819,1784353283.682998,1784353282.9739084,0.182491333,"[dac] CH_A set to -2.188 V (code=25598)
"
2334,148,5,-2.187966381139147,-2.0574129049380483,0.13055347620109892,1784353283.683682,1784353285.108653,1784353284.3961675,0.19321626,"[dac] CH_A set to -2.057 V (code=26026)
"
2335,149,0,-1.9268594287369494,-1.8615826906364,0.06527673810054946,1784353313.5226839,1784353314.942076,1784353314.23238,0.276334443,"[dac] CH_A set to -1.862 V (code=26668)
"
2336,149,1,-1.8615826906364,-1.7963059525358505,0.06527673810054946,1784353314.942701,1784353316.3689952,1784353315.655848,0.313871687,"[dac] CH_A set to -1.796 V (code=26881)
"
2337,150,0,-1.9268594287369494,-1.7992730769949665,0.12758635174198285,1784353344.756928,1784353346.183381,1784353345.4701545,0.307168608,"[dac] CH_A set to -1.799 V (code=26872)
"
2338,150,1,-1.7992730769949665,-1.6716867252529837,0.12758635174198285,1784353346.183819,1784353347.617323,1784353346.9005709,0.347387084,"[dac] CH_A set to -1.672 V (code=27290)
"
2339,150,2,-1.6716867252529837,-1.544100373511001,0.12758635174198263,1784353347.620665,1784353349.045795,1784353348.33323,0.391627407,"[dac] CH_A set to -1.544 V (code=27708)
"
2340,150,3,-1.544100373511001,-1.416514021769018,0.12758635174198307,1784353349.046756,1784353350.47277,1784353349.759763,0.439889578,"[dac] CH_A set to -1.416 V (code=28126)
"
2341,150,4,-1.416514021769018,-1.2889276700270353,0.12758635174198263,1784353350.4730082,1784353351.894367,1784353351.1836877,0.447933273,"[dac] CH_A set to -1.289 V (code=28544)
"
2342,150,5,-1.2889276700270353,-1.1613413182850525,0.12758635174198285,1784353351.89521,1784353353.320331,1784353352.6077704,0.535073304,"[dac] CH_A set to -1.161 V (code=28962)
"
2343,150,6,-1.1613413182850525,-1.0337549665430696,0.12758635174198285,1784353353.321169,1784353354.746933,1784353354.034051,0.626235182,"[dac] CH_A set to -1.034 V (code=29380)
"
2344,150,7,-1.0337549665430696,-0.9061686148010868,0.12758635174198285,1784353354.7479732,1784353356.1695738,1784353355.4587736,0.679859816,"[dac] CH_A set to -0.906 V (code=29798)
"
2345,150,8,-0.9061686148010868,-0.7785822630591039,0.12758635174198285,1784353356.1709702,1784353357.5961971,1784353356.8835835,0.762977999,"[dac] CH_A set to -0.779 V (code=30216)
"
2346,150,9,-0.7785822630591039,-0.6509959113171211,0.12758635174198285,1784353357.59679,1784353359.0222368,1784353358.3095136,0.805877707,"[dac] CH_A set to -0.651 V (code=30634)
"
2347,150,10,-0.6509959113171211,-0.5234095595751382,0.12758635174198285,1784353359.023306,1784353360.448448,1784353359.735877,0.890336506,"[dac] CH_A set to -0.523 V (code=31052)
"
2348,150,11,-0.5234095595751382,-0.3958232078331556,0.12758635174198263,1784353360.4494028,1784353361.8764338,1784353361.1629183,0.962729762,"[dac] CH_A set to -0.396 V (code=31471)
"
2349,150,12,-0.3958232078331556,-0.26823685609117276,0.12758635174198285,1784353361.877554,1784353363.3085911,1784353362.5930724,1.01769501,"[dac] CH_A set to -0.268 V (code=31889)
"
2350,150,13,-0.26823685609117276,-0.1406505043491899,0.12758635174198285,1784353363.30959,1784353364.737304,1784353364.023447,1.07936334,"[dac] CH_A set to -0.141 V (code=32306)
"
2351,150,14,-0.1406505043491899,-0.013064152607207058,0.12758635174198285,1784353364.7403631,1784353366.165774,1784353365.4530687,1.12896613,"[dac] CH_A set to -0.013 V (code=32725)
"
2352,150,15,-0.013064152607207058,0.11452219913477579,0.12758635174198285,1784353366.166446,1784353367.5883121,1784353366.877379,1.20001877,"[dac] CH_A set to +0.115 V (code=33143)
"
2353,150,16,0.11452219913477579,0.24210855087675842,0.12758635174198263,1784353367.5906172,1784353369.01523,1784353368.3029237,1.24559971,"[dac] CH_A set to +0.242 V (code=33561)
"
2354,150,17,0.24210855087675842,0.3696949026187415,0.12758635174198307,1784353369.016062,1784353370.43778,1784353369.726921,1.29788373,"[dac] CH_A set to +0.370 V (code=33979)
"
2355,150,18,0.3696949026187415,0.4972812543607241,0.12758635174198263,1784353370.438098,1784353371.870229,1784353371.1541634,1.3635739,"[dac] CH_A set to +0.497 V (code=34397)
"
2356,150,19,0.4972812543607241,0.6248676061027072,0.12758635174198307,1784353371.870972,1784353373.293491,1784353372.5822315,1.41317669,"[dac] CH_A set to +0.625 V (code=34815)
"
2357,150,20,0.6248676061027072,0.7524539578446898,0.12758635174198263,1784353373.294456,1784353374.7232928,1784353374.0088744,1.4735044,"[dac] CH_A set to +0.752 V (code=35233)
"
2358,150,21,0.7524539578446898,0.8800403095866729,0.12758635174198307,1784353374.7237551,1784353376.148601,1784353375.4361782,1.50433857,"[dac] CH_A set to +0.880 V (code=35651)
"
2359,150,22,0.8800403095866729,1.0076266613286555,0.12758635174198263,1784353376.1494489,1784353377.571869,1784353376.860659,1.55662259,"[dac] CH_A set to +1.008 V (code=36069)
"
2360,150,23,1.0076266613286555,1.1352130130706382,0.12758635174198263,1784353377.572195,1784353378.996275,1784353378.284235,1.60756599,"[dac] CH_A set to +1.135 V (code=36487)
"
2361,150,24,1.1352130130706382,1.2627993648126212,0.12758635174198307,1784353378.999063,1784353380.417541,1784353379.708302,1.6169503,"[dac] CH_A set to +1.263 V (code=36905)
"
2362,150,25,1.2627993648126212,1.3903857165546039,0.12758635174198263,1784353380.417851,1784353381.842808,1784353381.1303296,1.64376262,"[dac] CH_A set to +1.390 V (code=37323)
"
2363,150,26,1.3903857165546039,1.517972068296587,0.12758635174198307,1784353381.843694,1784353383.2690408,1784353382.5563674,1.65985001,"[dac] CH_A set to +1.518 V (code=37742)
"
2364,150,27,1.517972068296587,1.6455584200385696,0.12758635174198263,1784353383.2697542,1784353384.693446,1784353383.9816,1.65180631,"[dac] CH_A set to +1.646 V (code=38160)
"
2365,150,28,1.6455584200385696,1.7731447717805526,0.12758635174198307,1784353384.6954691,1784353386.1316218,1784353385.4135456,1.67995925,"[dac] CH_A set to +1.773 V (code=38578)
"
2366,150,29,1.7731447717805526,1.9007311235225353,0.12758635174198263,1784353386.1324558,1784353387.558295,1784353386.8453755,1.73358388,"[dac] CH_A set to +1.901 V (code=38996)
"
2367,150,30,1.9007311235225353,2.0283174752645183,0.12758635174198307,1784353387.55884,1784353388.984365,1784353388.2716026,1.69202479,"[dac] CH_A set to +2.028 V (code=39414)
"
2368,150,31,2.0283174752645183,2.155903827006501,0.12758635174198263,1784353388.985322,1784353390.417255,1784353389.7012885,1.70811218,"[dac] CH_A set to +2.156 V (code=39832)
"
2369,150,32,2.155903827006501,2.283490178748484,0.12758635174198307,1784353390.421052,1784353391.845293,1784353391.1331725,1.6933654,"[dac] CH_A set to +2.283 V (code=40250)
"
2370,150,33,2.283490178748484,2.411076530490466,0.12758635174198218,1784353391.845622,1784353393.267263,1784353392.5564425,1.68264048,"[dac] CH_A set to +2.411 V (code=40668)
"
2371,150,34,2.411076530490466,2.5386628822324493,0.12758635174198307,1784353393.267752,1784353394.6887848,1784353393.9782684,1.66521247,"[dac] CH_A set to +2.539 V (code=41086)
"
2372,150,35,2.5386628822324493,2.6662492339744324,0.12758635174198307,1784353394.689238,1784353396.111799,1784353395.4005184,1.6504657,"[dac] CH_A set to +2.666 V (code=41504)
"
2373,150,36,2.6662492339744324,2.7938355857164154,0.12758635174198307,1784353396.1127439,1784353397.538548,1784353396.825646,1.63437831,"[dac] CH_A set to +2.794 V (code=41922)
"
2374,150,37,2.7938355857164154,2.9214219374583976,0.12758635174198218,1784353397.539544,1784353398.965589,1784353398.2525666,1.6089066,"[dac] CH_A set to +2.921 V (code=42340)
"
2375,150,38,2.9214219374583976,3.0490082892003807,0.12758635174198307,1784353398.966481,1784353400.394635,1784353399.680558,1.58209429,"[dac] CH_A set to +3.049 V (code=42758)
"
2376,150,39,3.0490082892003807,3.1765946409423638,0.12758635174198307,1784353400.395691,1784353401.817128,1784353401.1064095,1.51506349,"[dac] CH_A set to +3.177 V (code=43176)
"
2377,150,40,3.1765946409423638,3.304180992684346,0.12758635174198218,1784353401.817769,1784353403.2412212,1784353402.5294952,1.48020748,"[dac] CH_A set to +3.304 V (code=43595)
"
2378,150,41,3.304180992684346,3.431767344426329,0.12758635174198307,1784353403.241903,1784353404.670868,1784353403.9563856,1.45071393,"[dac] CH_A set to +3.432 V (code=44013)
"
2379,150,42,3.431767344426329,3.559353696168312,0.12758635174198307,1784353404.6717272,1784353406.100698,1784353405.3862126,1.39440807,"[dac] CH_A set to +3.559 V (code=44431)
"
2380,150,43,3.559353696168312,3.686940047910295,0.12758635174198307,1784353406.103743,1784353407.52383,1784353406.8137865,1.33408035,"[dac] CH_A set to +3.687 V (code=44849)
"
2381,151,0,3.5563865717091963,3.491109833608647,-0.06527673810054946,1784353435.883625,1784353437.303665,1784353436.593645,1.39842992,"[dac] CH_A set to +3.491 V (code=44207)
"
2382,151,1,3.491109833608647,3.4258330955080973,-0.06527673810054946,1784353437.304312,1784353438.7370539,1784353438.0206828,1.38770499,"[dac] CH_A set to +3.426 V (code=43993)
"
2383,152,0,3.5563865717091963,3.4388884431282074,-0.11749812858098885,1784353467.111274,1784353468.532026,1784353467.82165,1.37027698,"[dac] CH_A set to +3.439 V (code=44036)
"
2384,152,1,3.4388884431282074,3.3213903145472186,-0.11749812858098885,1784353468.532492,1784353469.952321,1784353469.2424064,1.42390162,"[dac] CH_A set to +3.321 V (code=43651)
"
2385,152,2,3.3213903145472186,3.2038921859662297,-0.11749812858098885,1784353469.953224,1784353471.37819,1784353470.665707,1.4989761,"[dac] CH_A set to +3.204 V (code=43266)
"
2386,152,3,3.2038921859662297,3.086394057385241,-0.11749812858098885,1784353471.378916,1784353472.8065841,1784353472.09275,1.50433857,"[dac] CH_A set to +3.086 V (code=42881)
"
2387,152,4,3.086394057385241,2.968895928804252,-0.11749812858098885,1784353472.807727,1784353474.220959,1784353473.514343,1.56064443,"[dac] CH_A set to +2.969 V (code=42496)
"
2388,152,5,2.968895928804252,2.851397800223263,-0.11749812858098885,1784353474.221534,1784353475.636269,1784353474.9289017,1.57270998,"[dac] CH_A set to +2.851 V (code=42111)
"
2389,152,6,2.851397800223263,2.7338996716422743,-0.11749812858098885,1784353475.637046,1784353477.065601,1784353476.3513236,1.59281921,"[dac] CH_A set to +2.734 V (code=41726)
"
2390,152,7,2.7338996716422743,2.6164015430612855,-0.11749812858098885,1784353477.0686028,1784353478.493887,1784353477.7812448,1.62231276,"[dac] CH_A set to +2.616 V (code=41341)
"
2391,152,8,2.6164015430612855,2.4989034144802966,-0.11749812858098885,1784353478.4948008,1784353479.922247,1784353479.2085238,1.68666232,"[dac] CH_A set to +2.499 V (code=40956)
"
2392,152,9,2.4989034144802966,2.3814052858993078,-0.11749812858098885,1784353479.922946,1784353481.348531,1784353480.6357384,1.67995925,"[dac] CH_A set to +2.381 V (code=40571)
"
2393,153,0,2.5119587621004067,2.577235500200956,0.06527673810054946,1784353509.743634,1784353511.168909,1784353510.4562716,1.64376262,"[dac] CH_A set to +2.577 V (code=41212)
"
2394,153,1,2.577235500200956,2.6425122383015056,0.06527673810054946,1784353511.1696131,1784353512.596472,1784353511.8830426,1.642422,"[dac] CH_A set to +2.642 V (code=41426)
"
2395,154,0,2.5119587621004067,2.3814052858993078,-0.13055347620109892,1784353540.9772859,1784353542.404922,1784353541.691104,1.68934356,"[dac] CH_A set to +2.381 V (code=40571)
"
2396,154,1,2.3814052858993078,2.2508518096982093,-0.13055347620109847,1784353542.406262,1784353543.82939,1784353543.117826,1.69470602,"[dac] CH_A set to +2.251 V (code=40143)
"
2397,154,2,2.2508518096982093,2.120298333497111,-0.13055347620109847,1784353543.830016,1784353545.251107,1784353544.5405614,1.71749649,"[dac] CH_A set to +2.120 V (code=39715)
"
2398,154,3,2.120298333497111,1.989744857296012,-0.13055347620109892,1784353545.251544,1784353546.678072,1784353545.964808,1.70677156,"[dac] CH_A set to +1.990 V (code=39287)
"
2399,154,4,1.989744857296012,1.8591913810949132,-0.1305534762010987,1784353546.678406,1784353548.103441,1784353547.3909235,1.7523525,"[dac] CH_A set to +1.859 V (code=38860)
"
2400,154,5,1.8591913810949132,1.7286379048938145,-0.1305534762010987,1784353548.1043358,1784353549.5316732,1784353548.8180046,1.70274971,"[dac] CH_A set to +1.729 V (code=38432)
"
2401,154,6,1.7286379048938145,1.5980844286927158,-0.1305534762010987,1784353549.5327308,1784353550.962867,1784353550.247799,1.68934356,"[dac] CH_A set to +1.598 V (code=38004)
"
2402,154,7,1.5980844286927158,1.4675309524916171,-0.1305534762010987,1784353550.966296,1784353552.3924842,1784353551.67939,1.71079341,"[dac] CH_A set to +1.467 V (code=37576)
"
2403,154,8,1.4675309524916171,1.3369774762905184,-0.1305534762010987,1784353552.3935082,1784353553.817842,1784353553.1056752,1.68532171,"[dac] CH_A set to +1.337 V (code=37149)
"
2404,154,9,1.3369774762905184,1.2064240000894197,-0.1305534762010987,1784353553.818733,1784353555.2424698,1784353554.5306015,1.63571892,"[dac] CH_A set to +1.206 V (code=36721)
"
2405,154,10,1.2064240000894197,1.075870523888321,-0.1305534762010987,1784353555.2436202,1784353556.670464,1784353555.9570422,1.62767523,"[dac] CH_A set to +1.076 V (code=36293)
"
2406,154,11,1.075870523888321,0.9453170476872224,-0.1305534762010987,1784353556.6708648,1784353558.096271,1784353557.3835678,1.58209429,"[dac] CH_A set to +0.945 V (code=35865)
"
2407,154,12,0.9453170476872224,0.8147635714861237,-0.1305534762010987,1784353558.099361,1784353559.524684,1784353558.8120224,1.52712904,"[dac] CH_A set to +0.815 V (code=35437)
"
2408,154,13,0.8147635714861237,0.684210095285025,-0.1305534762010987,1784353559.525345,1784353560.9491048,1784353560.237225,1.51104165,"[dac] CH_A set to +0.684 V (code=35009)
"
2409,154,14,0.684210095285025,0.5536566190839263,-0.1305534762010987,1784353560.949423,1784353562.36708,1784353561.6582515,1.45071393,"[dac] CH_A set to +0.554 V (code=34582)
"
2410,154,15,0.5536566190839263,0.4231031428828276,-0.1305534762010987,1784353562.368118,1784353563.7918222,1784353563.0799701,1.45071393,"[dac] CH_A set to +0.423 V (code=34154)
"
2411,154,16,0.4231031428828276,0.29254966668172866,-0.13055347620109892,1784353563.7924569,1784353565.2153978,1784353564.5039272,1.36089267,"[dac] CH_A set to +0.292 V (code=33726)
"
2412,154,17,0.29254966668172866,0.1619961904806302,-0.13055347620109847,1784353565.2162921,1784353566.641981,1784353565.9291365,1.30726804,"[dac] CH_A set to +0.162 V (code=33298)
"
2413,154,18,0.1619961904806302,0.031442714279531714,-0.13055347620109847,1784353566.6430779,1784353568.06562,1784353567.354349,1.24962156,"[dac] CH_A set to +0.031 V (code=32870)
"
2414,154,19,0.031442714279531714,-0.0991107619215672,-0.13055347620109892,1784353568.0662441,1784353569.484465,1784353568.7753544,1.18527199,"[dac] CH_A set to -0.099 V (code=32443)
"
2415,154,20,-0.0991107619215672,-0.22966423812266612,-0.13055347620109892,1784353569.485364,1784353570.903334,1784353570.1943488,1.11958182,"[dac] CH_A set to -0.230 V (code=32015)
"
2416,154,21,-0.22966423812266612,-0.3602177143237646,-0.13055347620109847,1784353570.9064078,1784353572.3330328,1784353571.6197205,1.06595718,"[dac] CH_A set to -0.360 V (code=31587)
"
2417,154,22,-0.3602177143237646,-0.49077119052486307,-0.13055347620109847,1784353572.333869,1784353573.768667,1784353573.051268,1.0083107,"[dac] CH_A set to -0.491 V (code=31159)
"
2418,154,23,-0.49077119052486307,-0.621324666725962,-0.13055347620109892,1784353573.7692611,1784353575.197205,1784353574.483233,0.935917445,"[dac] CH_A set to -0.621 V (code=30732)
"
2419,154,24,-0.621324666725962,-0.7518781429270609,-0.13055347620109892,1784353575.197669,1784353576.624418,1784353575.9110436,0.840733719,"[dac] CH_A set to -0.752 V (code=30304)
"
2420,155,0,-0.8824316191281598,-0.9477083572287093,-0.06527673810054946,1784353605.004822,1784353606.4282901,1784353605.716556,0.752253073,"[dac] CH_A set to -0.948 V (code=29662)
"
2421,155,1,-0.9477083572287093,-1.0129850953292587,-0.06527673810054946,1784353606.429006,1784353607.8528798,1784353607.140943,0.708012749,"[dac] CH_A set to -1.013 V (code=29448)
"
2422,156,0,-0.8824316191281598,-0.9912261826290755,-0.10879456350091565,1784353636.2374651,1784353637.665789,1784353636.951627,0.737506298,"[dac] CH_A set to -0.991 V (code=29520)
"
2423,156,1,-0.9912261826290755,-1.1000207461299911,-0.10879456350091565,1784353637.669148,1784353639.0915682,1784353638.3803582,0.645003804,"[dac] CH_A set to -1.100 V (code=29163)
"
2424,156,2,-1.1000207461299911,-1.2088153096309067,-0.10879456350091554,1784353639.0944629,1784353640.527236,1784353639.8108494,0.603444712,"[dac] CH_A set to -1.209 V (code=28807)
"
2425,156,3,-1.2088153096309067,-1.3176098731318222,-0.10879456350091554,1784353640.5278878,1784353641.9537191,1784353641.2408035,0.561885621,"[dac] CH_A set to -1.318 V (code=28450)
"
2426,156,4,-1.3176098731318222,-1.4264044366327377,-0.10879456350091554,1784353641.957629,1784353643.3748438,1784353642.6662364,0.517645298,"[dac] CH_A set to -1.426 V (code=28094)
"
2427,156,5,-1.4264044366327377,-1.5351990001336535,-0.10879456350091576,1784353643.375287,1784353644.801156,1784353644.0882215,0.469383127,"[dac] CH_A set to -1.535 V (code=27737)
"
2428,157,0,-1.4046455239325546,-1.3393687858320051,0.06527673810054946,1784353673.179617,1784353674.605632,1784353673.8926244,0.506920371,"[dac] CH_A set to -1.339 V (code=28379)
"
2429,157,1,-1.3393687858320051,-1.2740920477314557,0.06527673810054946,1784353674.6059341,1784353676.032636,1784353675.319285,0.556523157,"[dac] CH_A set to -1.274 V (code=28593)
"
2430,158,0,-1.4046455239325546,-1.2777185331814864,0.12692699075106817,1784353704.4301891,1784353705.851282,1784353705.1407356,0.52971084,"[dac] CH_A set to -1.278 V (code=28581)
"
2431,158,1,-1.2777185331814864,-1.1507915424304183,0.12692699075106817,1784353705.852247,1784353707.2817411,1784353706.5669942,0.608807176,"[dac] CH_A set to -1.151 V (code=28997)
"
2432,158,2,-1.1507915424304183,-1.0238645516793499,0.1269269907510684,1784353707.2850869,1784353708.716639,1784353708.000863,0.634278877,"[dac] CH_A set to -1.024 V (code=29412)
"
2433,158,3,-1.0238645516793499,-0.8969375609282818,0.12692699075106806,1784353708.717238,1784353710.1435368,1784353709.4303875,0.710693981,"[dac] CH_A set to -0.897 V (code=29829)
"
2434,158,4,-0.8969375609282818,-0.7700105701772136,0.12692699075106817,1784353710.144615,1784353711.576225,1784353710.86042,0.761637384,"[dac] CH_A set to -0.770 V (code=30244)
"
2435,158,5,-0.7700105701772136,-0.6430835794261454,0.12692699075106828,1784353711.57702,1784353713.001614,1784353712.2893171,0.825986945,"[dac] CH_A set to -0.643 V (code=30660)
"
2436,158,6,-0.6430835794261454,-0.5161565886750772,0.12692699075106817,1784353713.002648,1784353714.4303842,1784353713.716516,0.882292811,"[dac] CH_A set to -0.516 V (code=31076)
"
2437,158,7,-0.5161565886750772,-0.389229597924009,0.12692699075106817,1784353714.4308522,1784353715.843533,1784353715.1371927,0.982839,"[dac] CH_A set to -0.389 V (code=31492)
"
2438,158,8,-0.389229597924009,-0.26230260717294085,0.12692699075106817,1784353715.844049,1784353717.2739918,1784353716.5590205,1.01903563,"[dac] CH_A set to -0.262 V (code=31908)
"
2439,158,9,-0.26230260717294085,-0.13537561642187268,0.12692699075106817,1784353717.2772841,1784353718.703082,1784353717.990183,1.07534149,"[dac] CH_A set to -0.135 V (code=32324)
"
2440,158,10,-0.13537561642187268,-0.00844862567080451,0.12692699075106817,1784353718.7036648,1784353720.1286201,1784353719.4161425,1.13969106,"[dac] CH_A set to -0.008 V (code=32740)
"
2441,158,11,-0.00844862567080451,0.11847836508026388,0.1269269907510684,1784353720.129333,1784353721.5527098,1784353720.8410215,1.19867815,"[dac] CH_A set to +0.119 V (code=33156)
"
2442,158,12,0.11847836508026388,0.24540535583133205,0.12692699075106817,1784353721.554025,1784353722.977964,1784353722.2659945,1.26302771,"[dac] CH_A set to +0.245 V (code=33572)
"
2443,158,13,0.24540535583133205,0.3723323465824002,0.12692699075106817,1784353722.978886,1784353724.4048378,1784353723.6918619,1.30324619,"[dac] CH_A set to +0.372 V (code=33987)
"
2444,158,14,0.3723323465824002,0.4992593373334684,0.12692699075106817,1784353724.405538,1784353725.827717,1784353725.1166277,1.39977053,"[dac] CH_A set to +0.499 V (code=34404)
"
2445,158,15,0.4992593373334684,0.6261863280845366,0.12692699075106817,1784353725.828804,1784353727.253,1784353726.5409021,1.41183607,"[dac] CH_A set to +0.626 V (code=34819)
"
2446,158,16,0.6261863280845366,0.753113318835605,0.1269269907510684,1784353727.256226,1784353728.679939,1784353727.9680824,1.48020748,"[dac] CH_A set to +0.753 V (code=35235)
"
2447,158,17,0.753113318835605,0.8800403095866729,0.12692699075106795,1784353728.6803598,1784353730.1063511,1784353729.3933554,1.49629487,"[dac] CH_A set to +0.880 V (code=35651)
"
2448,158,18,0.8800403095866729,1.0069673003377413,0.1269269907510684,1784353730.110601,1784353731.538411,1784353730.8245058,1.56734751,"[dac] CH_A set to +1.007 V (code=36067)
"
2449,158,19,1.0069673003377413,1.1338942910888092,0.12692699075106795,1784353731.539295,1784353732.9685912,1784353732.253943,1.59818168,"[dac] CH_A set to +1.134 V (code=36483)
"
2450,158,20,1.1338942910888092,1.2608212818398776,0.1269269907510684,1784353732.969578,1784353734.386986,1784353733.678282,1.59684106,"[dac] CH_A set to +1.261 V (code=36899)
"
2451,158,21,1.2608212818398776,1.3877482725909456,0.12692699075106795,1784353734.3878798,1784353735.8077319,1784353735.097806,1.63974077,"[dac] CH_A set to +1.388 V (code=37315)
"
2452,158,22,1.3877482725909456,1.514675263342014,0.1269269907510684,1784353735.808384,1784353737.237877,1784353736.5231304,1.64510323,"[dac] CH_A set to +1.515 V (code=37731)
"
2453,158,23,1.514675263342014,1.6416022540930824,0.1269269907510684,1784353737.23822,1784353738.663884,1784353737.951052,1.68398109,"[dac] CH_A set to +1.642 V (code=38147)
"
2454,158,24,1.6416022540930824,1.7685292448441503,0.12692699075106795,1784353738.6645179,1784353740.0911229,1784353739.3778205,1.70811218,"[dac] CH_A set to +1.768 V (code=38562)
"
2455,158,25,1.7685292448441503,1.8954562355952187,0.1269269907510684,1784353740.09182,1784353741.516147,1784353740.8039834,1.71347464,"[dac] CH_A set to +1.895 V (code=38979)
"
2456,158,26,1.8954562355952187,2.0223832263462866,0.12692699075106795,1784353741.517131,1784353742.947711,1784353742.232421,1.69068417,"[dac] CH_A set to +2.022 V (code=39394)
"
2457,158,27,2.0223832263462866,2.149310217097355,0.1269269907510684,1784353742.949158,1784353744.384649,1784353743.6669035,1.72285895,"[dac] CH_A set to +2.149 V (code=39810)
"
2458,158,28,2.149310217097355,2.276237207848423,0.12692699075106795,1784353744.3855171,1784353745.8019588,1784353745.093738,1.70677156,"[dac] CH_A set to +2.276 V (code=40226)
"
2459,158,29,2.276237207848423,2.4031641985994914,0.1269269907510684,1784353745.80252,1784353747.2270222,1784353746.514771,1.67861863,"[dac] CH_A set to +2.403 V (code=40642)
"
2460,158,30,2.4031641985994914,2.5300911893505593,0.12692699075106795,1784353747.227457,1784353748.651605,1784353747.9395308,1.66253124,"[dac] CH_A set to +2.530 V (code=41058)
"
2461,158,31,2.5300911893505593,2.6570181801016277,0.1269269907510684,1784353748.652395,1784353750.076061,1784353749.364228,1.63437831,"[dac] CH_A set to +2.657 V (code=41474)
"
2462,158,32,2.6570181801016277,2.7839451708526957,0.12692699075106795,1784353750.0768561,1784353751.4981382,1784353750.787497,1.63303769,"[dac] CH_A set to +2.784 V (code=41890)
"
2463,158,33,2.7839451708526957,2.9108721616037645,0.12692699075106884,1784353751.4988601,1784353752.922266,1784353752.2105632,1.61292845,"[dac] CH_A set to +2.911 V (code=42306)
"
2464,158,34,2.9108721616037645,3.0377991523548324,0.12692699075106795,1784353752.923062,1784353754.344812,1784353753.633937,1.58075367,"[dac] CH_A set to +3.038 V (code=42722)
"
2465,158,35,3.0377991523548324,3.1647261431059004,0.12692699075106795,1784353754.345531,1784353755.7745862,1784353755.0600586,1.52981027,"[dac] CH_A set to +3.165 V (code=43137)
"
2466,159,0,3.0341726669048015,2.968895928804252,-0.06527673810054946,1784353784.186086,1784353785.6100018,1784353784.8980439,1.53383212,"[dac] CH_A set to +2.969 V (code=42496)
"
2467,159,1,2.968895928804252,2.9036191907037026,-0.06527673810054946,1784353785.610658,1784353787.0415292,1784353786.3260937,1.57941306,"[dac] CH_A set to +2.904 V (code=42282)
"
2468,160,0,3.0341726669048015,2.9104904262932343,-0.12368224061156718,1784353815.4500108,1784353816.8856251,1784353816.167818,1.54455704,"[dac] CH_A set to +2.911 V (code=42304)
"
2469,160,1,2.9104904262932343,2.786808185681667,-0.12368224061156718,1784353816.8862941,1784353818.3145752,1784353817.6004348,1.61829092,"[dac] CH_A set to +2.787 V (code=41899)
"
2470,160,2,2.786808185681667,2.6631259450701,-0.12368224061156718,1784353818.315325,1784353819.738143,1784353819.0267339,1.62365338,"[dac] CH_A set to +2.663 V (code=41494)
"
2471,160,3,2.6631259450701,2.5394437044585327,-0.12368224061156718,1784353819.738475,1784353821.162085,1784353820.4502802,1.68398109,"[dac] CH_A set to +2.539 V (code=41088)
"
2472,160,4,2.5394437044585327,2.4157614638469656,-0.12368224061156718,1784353821.165223,1784353822.5889971,1784353821.87711,1.6504657,"[dac] CH_A set to +2.416 V (code=40683)
"
2473,160,5,2.4157614638469656,2.2920792232353984,-0.12368224061156718,1784353822.58981,1784353824.015935,1784353823.3028724,1.70274971,"[dac] CH_A set to +2.292 V (code=40278)
"
2474,160,6,2.2920792232353984,2.1683969826238307,-0.12368224061156763,1784353824.016299,1784353825.442987,1784353824.7296429,1.71079341,"[dac] CH_A set to +2.168 V (code=39873)
"
2475,160,7,2.1683969826238307,2.044714742012264,-0.12368224061156674,1784353825.4435441,1784353826.8833642,1784353826.163454,1.69068417,"[dac] CH_A set to +2.045 V (code=39467)
"
2476,160,8,2.044714742012264,1.9210325014006966,-0.1236822406115674,1784353826.88391,1784353828.3100579,1784353827.596984,1.67995925,"[dac] CH_A set to +1.921 V (code=39062)
"
2477,160,9,1.9210325014006966,1.7973502607891294,-0.12368224061156718,1784353828.311282,1784353829.737409,1784353829.0243454,1.73358388,"[dac] CH_A set to +1.797 V (code=38657)
"
2478,160,10,1.7973502607891294,1.6736680201775622,-0.12368224061156718,1784353829.74001,1784353831.165665,1784353830.4528375,1.69470602,"[dac] CH_A set to +1.674 V (code=38252)
"
2479,160,11,1.6736680201775622,1.5499857795659948,-0.1236822406115674,1784353831.1668942,1784353832.596412,1784353831.881653,1.68934356,"[dac] CH_A set to +1.550 V (code=37846)
"
2480,160,12,1.5499857795659948,1.4263035389544276,-0.12368224061156718,1784353832.597779,1784353834.0242949,1784353833.311037,1.6759374,"[dac] CH_A set to +1.426 V (code=37441)
"
2481,160,13,1.4263035389544276,1.3026212983428604,-0.12368224061156718,1784353834.0281758,1784353835.453988,1784353834.741082,1.66119062,"[dac] CH_A set to +1.303 V (code=37036)
"
2482,160,14,1.3026212983428604,1.1789390577312933,-0.12368224061156718,1784353835.4549491,1784353836.882661,1784353836.1688051,1.61426907,"[dac] CH_A set to +1.179 V (code=36630)
"
2483,160,15,1.1789390577312933,1.055256817119726,-0.12368224061156718,1784353836.885119,1784353838.310893,1784353837.598006,1.60354414,"[dac] CH_A set to +1.055 V (code=36225)
"
2484,160,16,1.055256817119726,0.9315745765081589,-0.12368224061156718,1784353838.3115468,1784353839.734122,1784353839.0228343,1.57673182,"[dac] CH_A set to +0.932 V (code=35820)
"
2485,160,17,0.9315745765081589,0.8078923358965917,-0.12368224061156718,1784353839.7349818,1784353841.159161,1784353840.4470716,1.52981027,"[dac] CH_A set to +0.808 V (code=35415)
"
2486,160,18,0.8078923358965917,0.6842100952850245,-0.12368224061156718,1784353841.159981,1784353842.577162,1784353841.8685715,1.49227303,"[dac] CH_A set to +0.684 V (code=35009)
"
2487,161,0,0.8147635714861234,0.8800403095866729,0.06527673810054946,1784353870.9711108,1784353872.403476,1784353871.6872935,1.56332567,"[dac] CH_A set to +0.880 V (code=35651)
"
2488,161,1,0.8800403095866729,0.9453170476872224,0.06527673810054946,1784353872.405317,1784353873.824032,1784353873.1146746,1.58745675,"[dac] CH_A set to +0.945 V (code=35865)
"
