window_sequence_index,source_sequence_index,window_index,role,direction,grid_index,target_ordinal,pair_position,bias,t_start_unix,t_end_unix,t_mid_unix,dc_board,I1,Q1,I2,Q2,rawadc_version,rawadc_scope,rawadc_expected,rawadc_used,rawadc_read_fail,rawadc_blocks,rawadc_complete,rawadc_timeout,rawadc_gain,rawadc_fs_uv,rawadc_guard,rawadc_crc,rawadc_ch0_min,rawadc_ch0_max,rawadc_ch0_rail_lo,rawadc_ch0_rail_hi,rawadc_ch0_guard_lo,rawadc_ch0_guard_hi,rawadc_windows,read_attempt_count,t_first_attempt_start_unix
0,0,0,sentinel,up,0,0,0,-4.407375476557824,1784371614.16134,1784371616.506654,1784371615.333997,0.216823,-0.117154,-0.200466,0.002091,-0.003019,1,acq,20480,20480,0,16,True,False,1,1200000,8381618,False,-1762347,1706114,0,0,0,0,1,1,1784371614.16134
1,0,1,sentinel,up,0,0,0,-4.407375476557824,1784371616.506903,1784371618.836595,1784371617.671749,0.219036,-0.117657,-0.201401,0.002103,-0.002999,1,acq,20480,20480,0,16,True,False,1,1200000,8381618,False,-1761585,1713821,0,0,0,0,1,1,1784371616.506903
2,0,2,sentinel,up,0,0,0,-4.407375476557824,1784371618.836929,1784371621.185302,1784371620.0111156,0.220975,-0.118034,-0.202119,0.002098,-0.003062,1,acq,20480,20480,0,16,True,False,1,1200000,8381618,False,-1779115,1715176,0,0,0,0,1,1,1784371618.836929
3,0,3,sentinel,up,0,0,0,-4.407375476557824,1784371621.1855118,1784371623.520233,1784371622.3528724,0.22284,-0.118452,-0.202846,0.002091,-0.003075,1,acq,20480,20480,0,16,True,False,1,1200000,8381618,False,-1777760,1720765,0,0,0,0,1,1,1784371621.1855118
4,0,4,sentinel,up,0,0,0,-4.407375476557824,1784371623.520561,1784371625.855027,1784371624.687794,0.224707,-0.118818,-0.203534,0.002106,-0.003028,1,acq,20480,20480,0,16,True,False,1,1200000,8381618,False,-1786313,1750321,0,0,0,0,1,1,1784371623.520561
5,0,5,sentinel,up,0,0,0,-4.407375476557824,1784371625.8553479,1784371628.186698,1784371627.0210228,0.226205,-0.119115,-0.204006,0.002114,-0.003023,1,acq,20480,20480,0,16,True,False,1,1200000,8381618,False,-1790209,1744308,0,0,0,0,1,1,1784371625.8553479
6,0,6,sentinel,up,0,0,0,-4.407375476557824,1784371628.18693,1784371630.511654,1784371629.3492918,0.228009,-0.119548,-0.204791,0.002126,-0.003046,1,acq,20480,20480,0,16,True,False,1,1200000,8381618,False,-1773102,1741260,0,0,0,0,1,1,1784371628.18693
7,0,7,sentinel,up,0,0,0,-4.407375476557824,1784371630.511882,1784371632.855419,1784371631.6836505,0.229574,-0.119902,-0.205359,0.002117,-0.003066,1,acq,20480,20480,0,16,True,False,1,1200000,8381618,False,-1810788,1743800,0,0,0,0,1,1,1784371630.511882
8,0,8,sentinel,up,0,0,0,-4.407375476557824,1784371632.85571,1784371635.2032351,1784371634.0294726,0.23105,-0.120214,-0.205891,0.002108,-0.003071,1,acq,20480,20480,0,16,True,False,1,1200000,8381618,False,-1784704,1747527,0,0,0,0,1,1,1784371632.85571
9,0,9,sentinel,up,0,0,0,-4.407375476557824,1784371635.203488,1784371637.549153,1784371636.3763206,0.232603,-0.120485,-0.206461,0.002085,-0.003063,1,acq,20480,20480,0,16,True,False,1,1200000,8381618,False,-1818495,1757012,0,0,0,0,1,1,1784371635.203488
10,0,10,sentinel,up,0,0,0,-4.407375476557824,1784371637.549367,1784371639.889525,1784371638.719446,0.234053,-0.120803,-0.207023,0.002123,-0.003061,1,acq,20480,20480,0,16,True,False,1,1200000,8381618,False,-1823915,1785382,0,0,0,0,1,1,1784371637.549367
11,0,11,sentinel,up,0,0,0,-4.407375476557824,1784371639.8897438,1784371642.22342,1784371641.056582,0.235512,-0.121052,-0.207481,0.002093,-0.003068,1,acq,20480,20480,0,16,True,False,1,1200000,8381618,False,-1835009,1777760,0,0,0,0,1,1,1784371639.8897438
12,0,12,sentinel,up,0,0,0,-4.407375476557824,1784371642.223666,1784371644.5593548,1784371643.3915105,0.237055,-0.121441,-0.208114,0.002119,-0.003044,1,acq,20480,20480,0,16,True,False,1,1200000,8381618,False,-1833230,1780385,0,0,0,0,1,1,1784371642.223666
13,0,13,sentinel,up,0,0,0,-4.407375476557824,1784371644.559597,1784371646.897237,1784371645.728417,0.238404,-0.121773,-0.208582,0.002097,-0.003063,1,acq,20480,20480,0,16,True,False,1,1200000,8381618,False,-1837549,1768529,0,0,0,0,1,1,1784371644.559597
14,0,14,sentinel,up,0,0,0,-4.407375476557824,1784371646.897438,1784371649.227641,1784371648.0625396,0.239695,-0.122,-0.209066,0.00211,-0.003047,1,acq,20480,20480,0,16,True,False,1,1200000,8381618,False,-1826709,1772425,0,0,0,0,1,1,1784371646.897438
15,0,15,sentinel,up,0,0,0,-4.407375476557824,1784371649.2279491,1784371651.559927,1784371650.393938,0.241102,-0.122241,-0.209591,0.002122,-0.003099,1,acq,20480,20480,0,16,True,False,1,1200000,8381618,False,-1827980,1791225,0,0,0,0,1,1,1784371649.2279491
16,1,0,sentinel,down,0,0,1,-4.407375476557824,1784371664.286436,1784371666.619125,1784371665.4527805,0.248664,-0.1238,-0.212178,0.002159,-0.003056,1,acq,20480,20480,0,16,True,False,1,1200000,8381618,False,-1861939,1813244,0,0,0,0,1,1,1784371664.286436
17,1,1,sentinel,down,0,0,1,-4.407375476557824,1784371666.61939,1784371668.952785,1784371667.7860875,0.249934,-0.124061,-0.212698,0.002142,-0.003094,1,acq,20480,20480,0,16,True,False,1,1200000,8381618,False,-1851015,1808248,0,0,0,0,1,1,1784371666.61939
18,1,2,sentinel,down,0,0,1,-4.407375476557824,1784371668.953067,1784371671.3032022,1784371670.1281347,0.250893,-0.124126,-0.212886,0.00214,-0.003114,1,acq,20480,20480,0,16,True,False,1,1200000,8381618,False,-1844070,1819850,0,0,0,0,1,1,1784371668.953067
19,1,3,sentinel,down,0,0,1,-4.407375476557824,1784371671.303497,1784371673.643766,1784371672.4736314,0.252051,-0.12447,-0.21334,0.002111,-0.003087,1,acq,20480,20480,0,16,True,False,1,1200000,8381618,False,-1865157,1811804,0,0,0,0,1,1,1784371671.303497
20,1,4,sentinel,down,0,0,1,-4.407375476557824,1784371673.644198,1784371675.976995,1784371674.8105965,0.253192,-0.124611,-0.2138,0.002149,-0.003097,1,acq,20480,20480,0,16,True,False,1,1200000,8381618,False,-1857027,1810111,0,0,0,0,1,1,1784371673.644198
21,1,5,sentinel,down,0,0,1,-4.407375476557824,1784371675.9772952,1784371678.319114,1784371677.1482046,0.254331,-0.124876,-0.214119,0.002152,-0.003083,1,acq,20480,20480,0,16,True,False,1,1200000,8381618,False,-1842461,1812990,0,0,0,0,1,1,1784371675.9772952
22,1,6,sentinel,down,0,0,1,-4.407375476557824,1784371678.319349,1784371680.651993,1784371679.485671,0.255399,-0.125131,-0.214521,0.002138,-0.00309,1,acq,20480,20480,0,16,True,False,1,1200000,8381618,False,-1889717,1824931,0,0,0,0,1,1,1784371678.319349
23,1,7,sentinel,down,0,0,1,-4.407375476557824,1784371680.652226,1784371683.000333,1784371681.8262796,0.256411,-0.125283,-0.214809,0.002137,-0.003112,1,acq,20480,20480,0,16,True,False,1,1200000,8381618,False,-1861177,1837719,0,0,0,0,1,1,1784371680.652226
24,1,8,sentinel,down,0,0,1,-4.407375476557824,1784371683.000736,1784371685.33598,1784371684.1683578,0.257526,-0.125529,-0.215205,0.002135,-0.003096,1,acq,20480,20480,0,16,True,False,1,1200000,8381618,False,-1893782,1829589,0,0,0,0,1,1,1784371683.000736
25,1,9,sentinel,down,0,0,1,-4.407375476557824,1784371685.336361,1784371687.671264,1784371686.5038123,0.258593,-0.125766,-0.215571,0.002149,-0.00313,1,acq,20480,20480,0,16,True,False,1,1200000,8381618,False,-1884382,1831028,0,0,0,0,1,1,1784371685.336361
26,1,10,sentinel,down,0,0,1,-4.407375476557824,1784371687.6715488,1784371690.0042791,1784371688.837914,0.259439,-0.125848,-0.215807,0.002157,-0.003095,1,acq,20480,20480,0,16,True,False,1,1200000,8381618,False,-1857536,1839921,0,0,0,0,1,1,1784371687.6715488
27,1,11,sentinel,down,0,0,1,-4.407375476557824,1784371690.004545,1784371692.3477561,1784371691.1761506,0.260408,-0.126054,-0.21615,0.002151,-0.003066,1,acq,20480,20480,0,16,True,False,1,1200000,8381618,False,-1860076,1832383,0,0,0,0,1,1,1784371690.004545
28,1,12,sentinel,down,0,0,1,-4.407375476557824,1784371692.348044,1784371694.675339,1784371693.5116916,0.261445,-0.126291,-0.216558,0.002144,-0.003108,1,acq,20480,20480,0,16,True,False,1,1200000,8381618,False,-1887769,1828573,0,0,0,0,1,1,1784371692.348044
29,1,13,sentinel,down,0,0,1,-4.407375476557824,1784371694.675584,1784371697.008789,1784371695.8421865,0.262246,-0.126344,-0.216687,0.002133,-0.003122,1,acq,20480,20480,0,16,True,False,1,1200000,8381618,False,-1871763,1832892,0,0,0,0,1,1,1784371694.675584
30,1,14,sentinel,down,0,0,1,-4.407375476557824,1784371697.009082,1784371699.34439,1784371698.1767359,0.263308,-0.12659,-0.217093,0.002139,-0.003093,1,acq,20480,20480,0,16,True,False,1,1200000,8381618,False,-1880401,1841191,0,0,0,0,1,1,1784371697.009082
31,1,15,sentinel,down,0,0,1,-4.407375476557824,1784371699.3446798,1784371701.676654,1784371700.5106668,0.264144,-0.126744,-0.217298,0.002173,-0.003096,1,acq,20480,20480,0,16,True,False,1,1200000,8381618,False,-1895899,1836025,0,0,0,0,1,1,1784371699.3446798
32,2,0,sentinel,down,80,1,0,6.036902619530071,1784371827.963812,1784371830.292981,1784371829.1283965,0.251966,-0.126682,-0.215869,0.001098,-0.001465,1,acq,20480,20480,0,16,True,False,1,1200000,8381618,False,-1828572,1863125,0,0,0,0,1,1,1784371827.963812
33,2,1,sentinel,down,80,1,0,6.036902619530071,1784371830.2932181,1784371832.626407,1784371831.4598126,0.248964,-0.126063,-0.21489,0.001155,-0.001488,1,acq,20480,20480,0,16,True,False,1,1200000,8381618,False,-1837549,1874304,0,0,0,0,1,1,1784371830.2932181
34,2,2,sentinel,down,80,1,0,6.036902619530071,1784371832.626629,1784371834.97397,1784371833.8002996,0.246068,-0.125424,-0.213877,0.001146,-0.001465,1,acq,20480,20480,0,16,True,False,1,1200000,8381618,False,-1802150,1866513,0,0,0,0,1,1,1784371832.626629
35,2,3,sentinel,down,80,1,0,6.036902619530071,1784371834.974205,1784371837.3046741,1784371836.1394396,0.243375,-0.124937,-0.212975,0.001127,-0.001498,1,acq,20480,20480,0,16,True,False,1,1200000,8381618,False,-1839582,1861939,0,0,0,0,1,1,1784371834.974205
36,2,4,sentinel,down,80,1,0,6.036902619530071,1784371837.3049002,1784371839.645515,1784371838.4752076,0.240724,-0.124348,-0.211999,0.001145,-0.001497,1,acq,20480,20480,0,16,True,False,1,1200000,8381618,False,-1803082,1856689,0,0,0,0,1,1,1784371837.3049002
37,2,5,sentinel,down,80,1,0,6.036902619530071,1784371839.6457548,1784371841.991214,1784371840.8184843,0.2381,-0.123784,-0.210967,0.001133,-0.001484,1,acq,20480,20480,0,16,True,False,1,1200000,8381618,False,-1784874,1846780,0,0,0,0,1,1,1784371839.6457548
38,2,6,sentinel,down,80,1,0,6.036902619530071,1784371841.991454,1784371844.310252,1784371843.150853,0.23561,-0.123162,-0.21009,0.001139,-0.0015,1,acq,20480,20480,0,16,True,False,1,1200000,8381618,False,-1796222,1828403,0,0,0,0,1,1,1784371841.991454
39,2,7,sentinel,down,80,1,0,6.036902619530071,1784371844.3105102,1784371846.639323,1784371845.4749165,0.233293,-0.122667,-0.209267,0.001158,-0.001471,1,acq,20480,20480,0,16,True,False,1,1200000,8381618,False,-1788515,1813075,0,0,0,0,1,1,1784371844.3105102
40,2,8,sentinel,down,80,1,0,6.036902619530071,1784371846.63955,1784371848.9705238,1784371847.805037,0.230995,-0.122187,-0.208439,0.001165,-0.001516,1,acq,20480,20480,0,16,True,False,1,1200000,8381618,False,-1793766,1792157,0,0,0,0,1,1,1784371846.63955
41,2,9,sentinel,down,80,1,0,6.036902619530071,1784371848.970795,1784371851.3160162,1784371850.1434054,0.228864,-0.121668,-0.207585,0.001153,-0.001523,1,acq,20480,20480,0,16,True,False,1,1200000,8381618,False,-1784789,1804352,0,0,0,0,1,1,1784371848.970795
42,2,10,sentinel,down,80,1,0,6.036902619530071,1784371851.316244,1784371853.6612082,1784371852.4887261,0.226774,-0.121308,-0.20684,0.001111,-0.001501,1,acq,20480,20480,0,16,True,False,1,1200000,8381618,False,-1780639,1840090,0,0,0,0,1,1,1784371851.316244
43,2,11,sentinel,down,80,1,0,6.036902619530071,1784371853.6614459,1784371855.9964511,1784371854.8289485,0.224724,-0.120809,-0.20607,0.00115,-0.001534,1,acq,20480,20480,0,16,True,False,1,1200000,8381618,False,-1760145,1801134,0,0,0,0,1,1,1784371853.6614459
44,2,12,sentinel,down,80,1,0,6.036902619530071,1784371855.996667,1784371858.329094,1784371857.1628804,0.222744,-0.120397,-0.205341,0.001162,-0.00149,1,acq,20480,20480,0,16,True,False,1,1200000,8381618,False,-1785128,1785805,0,0,0,0,1,1,1784371855.996667
45,2,13,sentinel,down,80,1,0,6.036902619530071,1784371858.329327,1784371860.6783779,1784371859.5038524,0.220932,-0.120046,-0.204701,0.001135,-0.00153,1,acq,20480,20480,0,16,True,False,1,1200000,8381618,False,-1751422,1765311,0,0,0,0,1,1,1784371858.329327
46,2,14,sentinel,down,80,1,0,6.036902619530071,1784371860.678675,1784371863.010566,1784371861.8446205,0.218934,-0.119545,-0.203809,0.001141,-0.00151,1,acq,20480,20480,0,16,True,False,1,1200000,8381618,False,-1756165,1765988,0,0,0,0,1,1,1784371860.678675
47,2,15,sentinel,down,80,1,0,6.036902619530071,1784371863.010886,1784371865.3473768,1784371864.1791315,0.21712,-0.119138,-0.203243,0.001151,-0.001532,1,acq,20480,20480,0,16,True,False,1,1200000,8381618,False,-1740413,1754556,0,0,0,0,1,1,1784371863.010886
48,3,0,sentinel,up,80,1,1,6.036902619530071,1784371878.0595,1784371880.3923461,1784371879.225923,0.206271,-0.116555,-0.198817,0.001164,-0.001543,1,acq,20480,20480,0,16,True,False,1,1200000,8381618,False,-1707893,1732537,0,0,0,0,1,1,1784371878.0595
49,3,1,sentinel,up,80,1,1,6.036902619530071,1784371880.392585,1784371882.729002,1784371881.5607934,0.207514,-0.116616,-0.198787,0.001039,-0.001648,1,acq,20480,20480,0,16,True,False,1,1200000,8381618,False,-1682571,4314659,0,0,0,0,1,1,1784371880.392585
50,3,2,sentinel,up,80,1,1,6.036902619530071,1784371882.729236,1784371885.06993,1784371883.8995829,0.203396,-0.115892,-0.197772,0.001157,-0.001556,1,acq,20480,20480,0,16,True,False,1,1200000,8381618,False,-1718563,1714837,0,0,0,0,1,1,1784371882.729236
51,3,3,sentinel,up,80,1,1,6.036902619530071,1784371885.0701902,1784371887.410003,1784371886.2400966,0.201966,-0.115578,-0.197177,0.001146,-0.001554,1,acq,20480,20480,0,16,True,False,1,1200000,8381618,False,-1686467,1710857,0,0,0,0,1,1,1784371885.0701902
52,3,4,sentinel,up,80,1,1,6.036902619530071,1784371887.4102411,1784371889.741305,1784371888.5757732,0.200285,-0.115102,-0.196282,0.001159,-0.001536,1,acq,20480,20480,0,16,True,False,1,1200000,8381618,False,-1670122,1704082,0,0,0,0,1,1,1784371887.4102411
53,3,5,sentinel,up,80,1,1,6.036902619530071,1784371889.741549,1784371892.0791051,1784371890.910327,0.198759,-0.114744,-0.19568,0.001189,-0.001547,1,acq,20480,20480,0,16,True,False,1,1200000,8381618,False,-1711704,1709841,0,0,0,0,1,1,1784371889.741549
54,3,6,sentinel,up,80,1,1,6.036902619530071,1784371892.079344,1784371894.42281,1784371893.2510772,0.197292,-0.114327,-0.195063,0.001125,-0.001538,1,acq,20480,20480,0,16,True,False,1,1200000,8381618,False,-1697900,1686043,0,0,0,0,1,1,1784371892.079344
55,3,7,sentinel,up,80,1,1,6.036902619530071,1784371894.423077,1784371896.752055,1784371895.587566,0.196051,-0.114112,-0.194642,0.001133,-0.001558,1,acq,20480,20480,0,16,True,False,1,1200000,8381618,False,-1679014,1681894,0,0,0,0,1,1,1784371894.423077
56,3,8,sentinel,up,80,1,1,6.036902619530071,1784371896.752507,1784371899.082931,1784371897.917719,0.194611,-0.113702,-0.19402,0.001165,-0.001554,1,acq,20480,20480,0,16,True,False,1,1200000,8381618,False,-1676897,1694512,0,0,0,0,1,1,1784371896.752507
57,3,9,sentinel,up,80,1,1,6.036902619530071,1784371899.083204,1784371901.412396,1784371900.2477999,0.193252,-0.113401,-0.193397,0.001163,-0.001553,1,acq,20480,20480,0,16,True,False,1,1200000,8381618,False,-1693750,1682402,0,0,0,0,1,1,1784371899.083204
58,3,10,sentinel,up,80,1,1,6.036902619530071,1784371901.4126348,1784371903.76061,1784371902.5866225,0.191822,-0.112937,-0.192713,0.00114,-0.001555,1,acq,20480,20480,0,16,True,False,1,1200000,8381618,False,-1676304,1680793,0,0,0,0,1,1,1784371901.4126348
59,3,11,sentinel,up,80,1,1,6.036902619530071,1784371903.760875,1784371906.096769,1784371904.928822,0.190722,-0.112722,-0.192273,0.001109,-0.001547,1,acq,20480,20480,0,16,True,False,1,1200000,8381618,False,-1649204,1668852,0,0,0,0,1,1,1784371903.760875
60,3,12,sentinel,up,80,1,1,6.036902619530071,1784371906.096992,1784371908.414536,1784371907.255764,0.189433,-0.112381,-0.191779,0.001134,-0.001573,1,acq,20480,20480,0,16,True,False,1,1200000,8381618,False,-1660637,1675796,0,0,0,0,1,1,1784371906.096992
61,3,13,sentinel,up,80,1,1,6.036902619530071,1784371908.414769,1784371910.747593,1784371909.581181,0.188092,-0.112077,-0.191111,0.001154,-0.001514,1,acq,20480,20480,0,16,True,False,1,1200000,8381618,False,-1663940,1657843,0,0,0,0,1,1,1784371908.414769
62,3,14,sentinel,up,80,1,1,6.036902619530071,1784371910.7478552,1784371913.072963,1784371911.910409,0.186858,-0.111715,-0.190635,0.001136,-0.001581,1,acq,20480,20480,0,16,True,False,1,1200000,8381618,False,-1638618,1675288,0,0,0,0,1,1,1784371910.7478552
63,3,15,sentinel,up,80,1,1,6.036902619530071,1784371913.073271,1784371915.389318,1784371914.2312946,0.185556,-0.111319,-0.189989,0.001122,-0.001542,1,acq,20480,20480,0,16,True,False,1,1200000,8381618,False,-1661061,1660807,0,0,0,0,1,1,1784371913.073271
64,4,0,formal,up,18,2,0,-2.057412904938048,1784372014.641365,1784372016.959231,1784372015.800298,0.209998,0.115217,0.196898,-0.000919,0.00099,1,acq,20480,20480,0,16,True,False,1,1200000,8381618,False,-1678083,1737957,0,0,0,0,1,1,1784372014.641365
65,4,1,formal,up,18,2,0,-2.057412904938048,1784372016.959459,1784372019.282799,1784372018.121129,0.207789,0.114667,0.196035,-0.000913,0.000954,1,acq,20480,20480,0,16,True,False,1,1200000,8381618,False,-1677575,1733130,0,0,0,0,1,1,1784372016.959459
66,4,2,formal,up,18,2,0,-2.057412904938048,1784372019.283017,1784372021.606099,1784372020.444558,0.206099,0.114329,0.195533,-0.000907,0.000967,1,acq,20480,20480,0,16,True,False,1,1200000,8381618,False,-1673425,1713906,0,0,0,0,1,1,1784372019.283017
67,4,3,formal,up,18,2,0,-2.057412904938048,1784372021.606326,1784372023.9259279,1784372022.766127,0.204376,0.113947,0.194941,-0.000901,0.000972,1,acq,20480,20480,0,16,True,False,1,1200000,8381618,False,-1671985,1721273,0,0,0,0,1,1,1784372021.606326
68,4,4,formal,up,18,2,0,-2.057412904938048,1784372023.926456,1784372026.2505019,1784372025.088479,0.202445,0.113371,0.194035,-0.000874,0.000936,1,acq,20480,20480,0,16,True,False,1,1200000,8381618,False,-1650051,1696545,0,0,0,0,1,1,1784372023.926456
69,4,5,formal,up,18,2,0,-2.057412904938048,1784372026.2507179,1784372028.5759559,1784372027.4133368,0.200713,0.112995,0.193286,-0.000882,0.000926,1,acq,20480,20480,0,16,True,False,1,1200000,8381618,False,-1665210,1707131,0,0,0,0,1,1,1784372026.2507179
70,4,6,formal,up,18,2,0,-2.057412904938048,1784372028.576204,1784372030.892231,1784372029.7342176,0.199316,0.112696,0.192867,-0.000852,0.000938,1,acq,20480,20480,0,16,True,False,1,1200000,8381618,False,-1632690,1690871,0,0,0,0,1,1,1784372028.576204
71,4,7,formal,up,18,2,0,-2.057412904938048,1784372030.8924532,1784372033.2144141,1784372032.0534337,0.197681,0.11223,0.192074,-0.000848,0.000917,1,acq,20480,20480,0,16,True,False,1,1200000,8381618,False,-1648696,1690447,0,0,0,0,1,1,1784372030.8924532
72,4,8,formal,up,18,2,0,-2.057412904938048,1784372033.2146292,1784372035.532234,1784372034.3734317,0.196303,0.111895,0.191483,-0.000848,0.000919,1,acq,20480,20480,0,16,True,False,1,1200000,8381618,False,-1649374,1678506,0,0,0,0,1,1,1784372033.2146292
73,4,9,formal,up,18,2,0,-2.057412904938048,1784372035.5324612,1784372037.8524742,1784372036.6924677,0.194808,0.111517,0.190781,-0.000858,0.00089,1,acq,20480,20480,0,16,True,False,1,1200000,8381618,False,-1636925,1659028,0,0,0,0,1,1,1784372035.5324612
74,4,10,formal,up,18,2,0,-2.057412904938048,1784372037.852684,1784372040.181098,1784372039.016891,0.193502,0.111189,0.190282,-0.000844,0.000888,1,acq,20480,20480,0,16,True,False,1,1200000,8381618,False,-1626847,1686382,0,0,0,0,1,1,1784372037.852684
75,4,11,formal,up,18,2,0,-2.057412904938048,1784372040.1813262,1784372042.503933,1784372041.3426294,0.192436,0.110998,0.190049,-0.000851,0.000896,1,acq,20480,20480,0,16,True,False,1,1200000,8381618,False,-1626254,1667582,0,0,0,0,1,1,1784372040.1813262
76,4,12,formal,up,18,2,0,-2.057412904938048,1784372042.5041862,1784372044.8212101,1784372043.6626983,0.190997,0.110557,0.189294,-0.000843,0.000871,1,acq,20480,20480,0,16,True,False,1,1200000,8381618,False,-1631081,1666311,0,0,0,0,1,1,1784372042.5041862
77,4,13,formal,up,18,2,0,-2.057412904938048,1784372044.8214378,1784372047.143451,1784372045.9824443,0.189748,0.110292,0.188777,-0.000821,0.00083,1,acq,20480,20480,0,16,True,False,1,1200000,8381618,False,-1623544,1651322,0,0,0,0,1,1,1784372044.8214378
78,4,14,formal,up,18,2,0,-2.057412904938048,1784372047.143681,1784372049.472852,1784372048.3082666,0.188788,0.110106,0.18838,-0.00082,0.000833,1,acq,20480,20480,0,16,True,False,1,1200000,8381618,False,-1615075,1656911,0,0,0,0,1,1,1784372047.143681
79,4,15,formal,up,18,2,0,-2.057412904938048,1784372049.4731112,1784372051.793247,1784372050.6331792,0.187521,0.109671,0.187763,-0.000822,0.000824,1,acq,20480,20480,0,16,True,False,1,1200000,8381618,False,-1633791,1642938,0,0,0,0,1,1,1784372049.4731112
80,5,0,formal,down,18,2,1,-2.057412904938048,1784372064.35317,1784372066.6737862,1784372065.513478,0.181284,0.108111,0.185155,-0.00079,0.00079,1,acq,20480,20480,0,16,True,False,1,1200000,8381618,False,-1587467,1633029,0,0,0,0,1,1,1784372064.35317
81,5,1,formal,down,18,2,1,-2.057412904938048,1784372066.674001,1784372069.004432,1784372067.8392165,0.180482,0.107953,0.184909,-0.000786,0.000811,1,acq,20480,20480,0,16,True,False,1,1200000,8381618,False,-1588145,1621512,0,0,0,0,1,1,1784372066.674001
82,5,2,formal,down,18,2,1,-2.057412904938048,1784372069.004661,1784372071.326143,1784372070.165402,0.179585,0.107732,0.184494,-0.00076,0.000761,1,acq,20480,20480,0,16,True,False,1,1200000,8381618,False,-1595512,1614737,0,0,0,0,1,1,1784372069.004661
83,5,3,formal,down,18,2,1,-2.057412904938048,1784372071.3265128,1784372073.651155,1784372072.488834,0.178606,0.107427,0.184013,-0.000774,0.000778,1,acq,20480,20480,0,16,True,False,1,1200000,8381618,False,-1574764,1604574,0,0,0,0,1,1,1784372071.3265128
84,5,4,formal,down,18,2,1,-2.057412904938048,1784372073.659481,1784372075.9825659,1784372074.8210235,0.177644,0.107105,0.183528,-0.000785,0.000781,1,acq,20480,20480,0,16,True,False,1,1200000,8381618,False,-1569598,1603643,0,0,0,0,1,1,1784372073.659481
85,5,5,formal,down,18,2,1,-2.057412904938048,1784372075.982784,1784372078.30288,1784372077.142832,0.176965,0.106995,0.183302,-0.000778,0.000786,1,acq,20480,20480,0,16,True,False,1,1200000,8381618,False,-1564686,1588568,0,0,0,0,1,1,1784372075.982784
86,5,6,formal,down,18,2,1,-2.057412904938048,1784372078.303103,1784372080.6280031,1784372079.465553,0.176097,0.106747,0.182853,-0.000773,0.000768,1,acq,20480,20480,0,16,True,False,1,1200000,8381618,False,-1568243,1592887,0,0,0,0,1,1,1784372078.303103
87,5,7,formal,down,18,2,1,-2.057412904938048,1784372080.6282291,1784372082.950902,1784372081.7895656,0.175366,0.106551,0.182577,-0.000777,0.000767,1,acq,20480,20480,0,16,True,False,1,1200000,8381618,False,-1562230,1579253,0,0,0,0,1,1,1784372080.6282291
88,5,8,formal,down,18,2,1,-2.057412904938048,1784372082.951126,1784372085.27617,1784372084.113648,0.174465,0.106332,0.182135,-0.000751,0.000748,1,acq,20480,20480,0,16,True,False,1,1200000,8381618,False,-1573155,1582809,0,0,0,0,1,1,1784372082.951126
89,5,9,formal,down,18,2,1,-2.057412904938048,1784372085.276429,1784372087.599482,1784372086.4379554,0.173688,0.106057,0.181709,-0.00073,0.000748,1,acq,20480,20480,0,16,True,False,1,1200000,8381618,False,-1574256,1615668,0,0,0,0,1,1,1784372085.276429
90,5,10,formal,down,18,2,1,-2.057412904938048,1784372087.599731,1784372089.917562,1784372088.7586465,0.173056,0.105963,0.181574,-0.000767,0.000717,1,acq,20480,20480,0,16,True,False,1,1200000,8381618,False,-1571038,1591871,0,0,0,0,1,1,1784372087.599731
91,5,11,formal,down,18,2,1,-2.057412904938048,1784372089.917865,1784372092.2341309,1784372091.0759978,0.1723,0.10575,0.181148,-0.00075,0.000721,1,acq,20480,20480,0,16,True,False,1,1200000,8381618,False,-1559266,1575442,0,0,0,0,1,1,1784372089.917865
92,5,12,formal,down,18,2,1,-2.057412904938048,1784372092.2344372,1784372094.554993,1784372093.394715,0.171656,0.105593,0.18095,-0.000747,0.000758,1,acq,20480,20480,0,16,True,False,1,1200000,8381618,False,-1548596,1588822,0,0,0,0,1,1,1784372092.2344372
93,5,13,formal,down,18,2,1,-2.057412904938048,1784372094.555219,1784372096.877438,1784372095.7163286,0.171033,0.105447,0.180697,-0.00074,0.000737,1,acq,20480,20480,0,16,True,False,1,1200000,8381618,False,-1545123,1574764,0,0,0,0,1,1,1784372094.555219
94,5,14,formal,down,18,2,1,-2.057412904938048,1784372096.877675,1784372099.200583,1784372098.039129,0.170231,0.105187,0.180178,-0.000733,0.000724,1,acq,20480,20480,0,16,True,False,1,1200000,8381618,False,-1557742,1578914,0,0,0,0,1,1,1784372096.877675
95,5,15,formal,down,18,2,1,-2.057412904938048,1784372099.2008379,1784372101.523691,1784372100.3622644,0.169592,0.105039,0.179956,-0.000726,0.000713,1,acq,20480,20480,0,16,True,False,1,1200000,8381618,False,-1548680,1570276,0,0,0,0,1,1,1784372099.2008379
96,6,0,formal,down,62,3,0,3.6869400479102943,1784372175.2206469,1784372177.539097,1784372176.3798718,1.2,-0.141527,-0.242576,5.6e-05,0.000402,1,acq,20480,20480,0,16,True,False,1,1200000,8381618,False,-2123370,2191628,0,0,0,0,1,1,1784372175.2206469
97,6,1,formal,down,62,3,0,3.6869400479102943,1784372177.539379,1784372179.864104,1784372178.7017415,1.2,-0.141885,-0.243138,7.9e-05,0.000414,1,acq,20480,20480,0,16,True,False,1,1200000,8381618,False,-2090003,2159955,0,0,0,0,1,1,1784372177.539379
98,6,2,formal,down,62,3,0,3.6869400479102943,1784372179.864343,1784372182.177088,1784372181.0207155,1.2,-0.142222,-0.243826,0.000101,0.000392,1,acq,20480,20480,0,16,True,False,1,1200000,8381618,False,-2099403,2156398,0,0,0,0,1,1,1784372179.864343
99,6,3,formal,down,62,3,0,3.6869400479102943,1784372182.177346,1784372184.493213,1784372183.3352795,1.2,-0.142539,-0.244232,0.000101,0.000355,1,acq,20480,20480,0,16,True,False,1,1200000,8381618,False,-2131330,2089325,0,0,0,0,1,1,1784372182.177346
100,6,4,formal,down,62,3,0,3.6869400479102943,1784372184.4934368,1784372186.813351,1784372185.6533937,1.2,-0.142814,-0.244732,0.00011,0.000367,1,acq,20480,20480,0,16,True,False,1,1200000,8381618,False,-2129044,2163512,0,0,0,0,1,1,1784372184.4934368
101,6,5,formal,down,62,3,0,3.6869400479102943,1784372186.813558,1784372189.1306398,1784372187.9720988,1.2,-0.142914,-0.245141,0.000115,0.000354,1,acq,20480,20480,0,16,True,False,1,1200000,8381618,False,-2124217,2165713,0,0,0,0,1,1,1784372186.813558
102,6,6,formal,down,62,3,0,3.6869400479102943,1784372189.1308658,1784372191.446933,1784372190.2888994,1.2,-0.143263,-0.245649,0.000138,0.000354,1,acq,20480,20480,0,16,True,False,1,1200000,8381618,False,-2181804,2146743,0,0,0,0,1,1,1784372189.1308658
103,6,7,formal,down,62,3,0,3.6869400479102943,1784372191.447191,1784372193.773983,1784372192.6105871,1.2,-0.143562,-0.246245,0.000143,0.00038,1,acq,20480,20480,0,16,True,False,1,1200000,8381618,False,-2127604,2243033,0,0,0,0,1,1,1784372191.447191
104,6,8,formal,down,62,3,0,3.6869400479102943,1784372193.7742,1784372196.100873,1784372194.9375365,1.2,-0.143766,-0.246395,0.000131,0.000372,1,acq,20480,20480,0,16,True,False,1,1200000,8381618,False,-2132770,2152756,0,0,0,0,1,1,1784372193.7742
105,6,9,formal,down,62,3,0,3.6869400479102943,1784372196.101137,1784372198.4240398,1784372197.2625885,1.2,-0.144041,-0.246867,0.000139,0.000391,1,acq,20480,20480,0,16,True,False,1,1200000,8381618,False,-2218728,2134040,0,0,0,0,1,1,1784372196.101137
106,6,10,formal,down,62,3,0,3.6869400479102943,1784372198.4242759,1784372200.753336,1784372199.588806,1.2,-0.144139,-0.247116,8.7e-05,0.000353,1,acq,20480,20480,0,16,True,False,1,1200000,8381618,False,-2161987,2220930,0,0,0,0,1,1,1784372198.4242759
107,6,11,formal,down,62,3,0,3.6869400479102943,1784372200.753579,1784372203.074116,1784372201.9138474,1.2,-0.144356,-0.247624,9.3e-05,0.000343,1,acq,20480,20480,0,16,True,False,1,1200000,8381618,False,-2112868,2204416,0,0,0,0,1,1,1784372200.753579
108,6,12,formal,down,62,3,0,3.6869400479102943,1784372203.074341,1784372205.385202,1784372204.2297716,1.2,-0.144527,-0.247855,0.000155,0.000388,1,acq,20480,20480,0,16,True,False,1,1200000,8381618,False,-2138952,2202044,0,0,0,0,1,1,1784372203.074341
109,6,13,formal,down,62,3,0,3.6869400479102943,1784372205.385442,1784372207.7137332,1784372206.5495877,1.2,-0.144615,-0.24805,0.00013,0.000329,1,acq,20480,20480,0,16,True,False,1,1200000,8381618,False,-2120490,2205432,0,0,0,0,1,1,1784372205.385442
110,6,14,formal,down,62,3,0,3.6869400479102943,1784372207.713964,1784372210.0364292,1784372208.8751965,1.2,-0.144914,-0.24867,0.000158,0.000326,1,acq,20480,20480,0,16,True,False,1,1200000,8381618,False,-2148183,2192475,0,0,0,0,1,1,1784372207.713964
111,6,15,formal,down,62,3,0,3.6869400479102943,1784372210.036654,1784372212.359952,1784372211.198303,1.2,-0.145026,-0.248845,0.000148,0.000294,1,acq,20480,20480,0,16,True,False,1,1200000,8381618,False,-2100335,2189849,0,0,0,0,1,1,1784372210.036654
112,7,0,formal,up,62,3,1,3.6869400479102943,1784372224.939658,1784372227.2641559,1784372226.1019068,1.2,-0.146237,-0.250903,0.000164,0.000315,1,acq,20480,20480,0,16,True,False,1,1200000,8381618,False,-2211783,2214748,0,0,0,0,1,1,1784372224.939658
113,7,1,formal,up,62,3,1,3.6869400479102943,1784372227.2643871,1784372229.601623,1784372228.433005,1.2,-0.146363,-0.251042,0.000152,0.000308,1,acq,20480,20480,0,16,True,False,1,1200000,8381618,False,-2174352,2204416,0,0,0,0,1,1,1784372227.2643871
114,7,2,formal,up,62,3,1,3.6869400479102943,1784372229.601959,1784372231.932787,1784372230.767373,1.2,-0.146689,-0.251572,0.000208,0.000316,1,acq,20480,20480,0,16,True,False,1,1200000,8381618,False,-2181296,2219998,0,0,0,0,1,1,1784372229.601959
115,7,3,formal,up,62,3,1,3.6869400479102943,1784372231.933023,1784372234.253794,1784372233.0934086,1.199987,-0.146642,-0.251455,0.000177,0.000314,1,acq,20480,20480,0,16,True,False,1,1200000,8381618,False,-2231854,2223724,0,0,0,0,1,1,1784372231.933023
116,7,4,formal,up,62,3,1,3.6869400479102943,1784372234.254061,1784372236.593027,1784372235.423544,1.19993,-0.146802,-0.251875,0.000167,0.000285,1,acq,20480,20480,0,16,True,False,1,1200000,8381618,False,-2196201,2235073,0,0,0,0,1,1,1784372234.254061
117,7,5,formal,up,62,3,1,3.6869400479102943,1784372236.593343,1784372238.9468238,1784372237.7700834,1.199642,-0.146991,-0.252186,0.000161,0.000299,1,acq,20480,20480,0,16,True,False,1,1200000,8381618,False,-2178925,2237020,0,0,0,0,1,1,1784372236.593343
118,7,6,formal,up,62,3,1,3.6869400479102943,1784372238.947049,1784372241.295842,1784372240.1214454,1.198849,-0.147153,-0.252448,0.000186,0.000308,1,acq,20480,20480,0,16,True,False,1,1200000,8381618,False,-2177485,2223132,0,0,0,0,1,1,1784372238.947049
119,7,7,formal,up,62,3,1,3.6869400479102943,1784372241.296072,1784372243.6392362,1784372242.4676542,1.197739,-0.147247,-0.252569,0.00019,0.000305,1,acq,20480,20480,0,16,True,False,1,1200000,8381618,False,-2205093,2257430,0,0,0,0,1,1,1784372241.296072
120,7,8,formal,up,62,3,1,3.6869400479102943,1784372243.639461,1784372245.9795,1784372244.8094807,1.196062,-0.14726,-0.252677,0.000147,0.000268,1,acq,20480,20480,0,16,True,False,1,1200000,8381618,False,-2160039,2203315,0,0,0,0,1,1,1784372243.639461
121,7,9,formal,up,62,3,1,3.6869400479102943,1784372245.9797142,1784372248.3157141,1784372247.1477141,1.19577,-0.147519,-0.253059,0.000199,0.000312,1,acq,20480,20480,0,16,True,False,1,1200000,8381618,False,-2222962,2191628,0,0,0,0,1,1,1784372245.9797142
122,7,10,formal,up,62,3,1,3.6869400479102943,1784372248.315962,1784372250.6509771,1784372249.4834695,1.194321,-0.147584,-0.253292,0.000171,0.000287,1,acq,20480,20480,0,16,True,False,1,1200000,8381618,False,-2172827,2231262,0,0,0,0,1,1,1784372248.315962
123,7,11,formal,up,62,3,1,3.6869400479102943,1784372250.651229,1784372252.985533,1784372251.8183808,1.193547,-0.1477,-0.253465,0.000159,0.000259,1,acq,20480,20480,0,16,True,False,1,1200000,8381618,False,-2205517,2238291,0,0,0,0,1,1,1784372250.651229
124,7,12,formal,up,62,3,1,3.6869400479102943,1784372252.9857862,1784372255.32725,1784372254.156518,1.192633,-0.147854,-0.253676,0.000196,0.000314,1,acq,20480,20480,0,16,True,False,1,1200000,8381618,False,-2224487,2227451,0,0,0,0,1,1,1784372252.9857862
125,7,13,formal,up,62,3,1,3.6869400479102943,1784372255.3275762,1784372257.6752589,1784372256.5014176,1.191403,-0.147893,-0.253834,0.000183,0.000265,1,acq,20480,20480,0,16,True,False,1,1200000,8381618,False,-2167915,2240408,0,0,0,0,1,1,1784372255.3275762
126,7,14,formal,up,62,3,1,3.6869400479102943,1784372257.675551,1784372260.009088,1784372258.8423195,1.189893,-0.148052,-0.253881,0.000191,0.000245,1,acq,20480,20480,0,16,True,False,1,1200000,8381618,False,-2249385,2273775,0,0,0,0,1,1,1784372257.675551
127,7,15,formal,up,62,3,1,3.6869400479102943,1784372260.009413,1784372262.361623,1784372261.185518,1.190002,-0.148202,-0.254246,0.00019,0.000322,1,acq,20480,20480,0,16,True,False,1,1200000,8381618,False,-2154704,2216949,0,0,0,0,1,1,1784372260.009413
128,8,0,formal,up,78,4,0,5.775795667127873,1784372293.778233,1784372296.124733,1784372294.951483,0.263798,-0.125351,-0.213599,0.001312,-0.001555,1,acq,20480,20480,0,16,True,False,1,1200000,8381618,False,-1822644,1860838,0,0,0,0,1,1,1784372293.778233
129,8,1,formal,up,78,4,0,5.775795667127873,1784372296.1250508,1784372298.467333,1784372297.296192,0.261707,-0.124974,-0.21292,0.001307,-0.001572,1,acq,20480,20480,0,16,True,False,1,1200000,8381618,False,-1835432,1894459,0,0,0,0,1,1,1784372296.1250508
130,8,2,formal,up,78,4,0,5.775795667127873,1784372298.467606,1784372300.809016,1784372299.638311,0.259517,-0.124528,-0.212153,0.001314,-0.001528,1,acq,20480,20480,0,16,True,False,1,1200000,8381618,False,-1813075,1855249,0,0,0,0,1,1,1784372298.467606
131,8,3,formal,up,78,4,0,5.775795667127873,1784372300.8093472,1784372303.150883,1784372301.980115,0.257826,-0.124164,-0.211731,0.001291,-0.001558,1,acq,20480,20480,0,16,True,False,1,1200000,8381618,False,-1811127,1864988,0,0,0,0,1,1,1784372300.8093472
132,8,4,formal,up,78,4,0,5.775795667127873,1784372303.151192,1784372305.4927292,1784372304.3219604,0.25624,-0.123963,-0.211275,0.001312,-0.001587,1,acq,20480,20480,0,16,True,False,1,1200000,8381618,False,-1801557,1859145,0,0,0,0,1,1,1784372303.151192
133,8,5,formal,up,78,4,0,5.775795667127873,1784372305.4929721,1784372307.825772,1784372306.659372,0.25448,-0.123571,-0.210673,0.001306,-0.001595,1,acq,20480,20480,0,16,True,False,1,1200000,8381618,False,-1818749,1853132,0,0,0,0,1,1,1784372305.4929721
134,8,6,formal,up,78,4,0,5.775795667127873,1784372307.8260539,1784372310.1673238,1784372308.9966888,0.252787,-0.123256,-0.210188,0.001273,-0.001564,1,acq,20480,20480,0,16,True,False,1,1200000,8381618,False,-1818664,1834755,0,0,0,0,1,1,1784372307.8260539
135,8,7,formal,up,78,4,0,5.775795667127873,1784372310.167828,1784372312.495559,1784372311.3316936,0.251184,-0.122913,-0.209525,0.001295,-0.001579,1,acq,20480,20480,0,16,True,False,1,1200000,8381618,False,-1801303,1829673,0,0,0,0,1,1,1784372310.167828
136,8,8,formal,up,78,4,0,5.775795667127873,1784372312.495782,1784372314.834052,1784372313.664917,0.249714,-0.122628,-0.209068,0.001308,-0.001599,1,acq,20480,20480,0,16,True,False,1,1200000,8381618,False,-1794613,1811635,0,0,0,0,1,1,1784372312.495782
137,8,9,formal,up,78,4,0,5.775795667127873,1784372314.8343308,1784372317.1601632,1784372315.997247,0.248227,-0.12228,-0.208593,0.001322,-0.001564,1,acq,20480,20480,0,16,True,False,1,1200000,8381618,False,-1795290,1833315,0,0,0,0,1,1,1784372314.8343308
138,8,10,formal,up,78,4,0,5.775795667127873,1784372317.160419,1784372319.481836,1784372318.3211274,0.246767,-0.121979,-0.207974,0.001308,-0.001565,1,acq,20480,20480,0,16,True,False,1,1200000,8381618,False,-1790124,1816801,0,0,0,0,1,1,1784372317.160419
139,8,11,formal,up,78,4,0,5.775795667127873,1784372319.482054,1784372321.817364,1784372320.649709,0.245657,-0.121846,-0.207788,0.001289,-0.001561,1,acq,20480,20480,0,16,True,False,1,1200000,8381618,False,-1785890,1812567,0,0,0,0,1,1,1784372319.482054
140,8,12,formal,up,78,4,0,5.775795667127873,1784372321.817618,1784372324.149544,1784372322.983581,0.244244,-0.121468,-0.20727,0.001322,-0.00157,1,acq,20480,20480,0,16,True,False,1,1200000,8381618,False,-1778607,1810280,0,0,0,0,1,1,1784372321.817618
141,8,13,formal,up,78,4,0,5.775795667127873,1784372324.149784,1784372326.493819,1784372325.3218017,0.242826,-0.121147,-0.206672,0.001344,-0.001569,1,acq,20480,20480,0,16,True,False,1,1200000,8381618,False,-1781825,1807993,0,0,0,0,1,1,1784372324.149784
142,8,14,formal,up,78,4,0,5.775795667127873,1784372326.494058,1784372328.8378189,1784372327.6659384,0.241582,-0.120872,-0.206324,0.001315,-0.001602,1,acq,20480,20480,0,16,True,False,1,1200000,8381618,False,-1786313,1807909,0,0,0,0,1,1,1784372326.494058
143,8,15,formal,up,78,4,0,5.775795667127873,1784372328.8380768,1784372331.1674821,1784372330.0027795,0.240436,-0.120768,-0.205948,0.001312,-0.001606,1,acq,20480,20480,0,16,True,False,1,1200000,8381618,False,-1777591,1802489,0,0,0,0,1,1,1784372328.8380768
144,9,0,formal,down,78,4,1,5.775795667127873,1784372343.900618,1784372346.241557,1784372345.0710874,0.232785,-0.119017,-0.203148,0.001301,-0.00159,1,acq,20480,20480,0,16,True,False,1,1200000,8381618,False,-1732791,1776574,0,0,0,0,1,1,1784372343.900618
145,9,1,formal,down,78,4,1,5.775795667127873,1784372346.2418728,1784372348.578924,1784372347.4103985,0.231939,-0.118898,-0.202932,0.001317,-0.001564,1,acq,20480,20480,0,16,True,False,1,1200000,8381618,False,-1744393,1787499,0,0,0,0,1,1,1784372346.2418728
146,9,2,formal,down,78,4,1,5.775795667127873,1784372348.579165,1784372350.91815,1784372349.7486575,0.230682,-0.118636,-0.202455,0.001309,-0.001573,1,acq,20480,20480,0,16,True,False,1,1200000,8381618,False,-1757096,1758282,0,0,0,0,1,1,1784372348.579165
147,9,3,formal,down,78,4,1,5.775795667127873,1784372350.918389,1784372353.250325,1784372352.084357,0.229765,-0.118461,-0.202101,0.00131,-0.001588,1,acq,20480,20480,0,16,True,False,1,1200000,8381618,False,-1737195,1771917,0,0,0,0,1,1,1784372350.918389
148,9,4,formal,down,78,4,1,5.775795667127873,1784372353.250562,1784372355.577775,1784372354.4141684,0.228619,-0.118201,-0.201625,0.001297,-0.001598,1,acq,20480,20480,0,16,True,False,1,1200000,8381618,False,-1770562,1756334,0,0,0,0,1,1,1784372353.250562
149,9,5,formal,down,78,4,1,5.775795667127873,1784372355.578018,1784372357.9094021,1784372356.74371,0.227656,-0.117962,-0.20131,0.001314,-0.001603,1,acq,20480,20480,0,16,True,False,1,1200000,8381618,False,-1736432,1750914,0,0,0,0,1,1,1784372355.578018
150,9,6,formal,down,78,4,1,5.775795667127873,1784372357.909643,1784372360.225632,1784372359.0676374,0.226734,-0.117793,-0.200981,0.001298,-0.001598,1,acq,20480,20480,0,16,True,False,1,1200000,8381618,False,-1733130,1761077,0,0,0,0,1,1,1784372357.909643
151,9,7,formal,down,78,4,1,5.775795667127873,1784372360.225924,1784372362.56771,1784372361.396817,0.225624,-0.11751,-0.200463,0.001286,-0.001613,1,acq,20480,20480,0,16,True,False,1,1200000,8381618,False,-1736602,1739312,0,0,0,0,1,1,1784372360.225924
152,9,8,formal,down,78,4,1,5.775795667127873,1784372362.567958,1784372364.906204,1784372363.737081,0.224855,-0.117435,-0.200235,0.001305,-0.00158,1,acq,20480,20480,0,16,True,False,1,1200000,8381618,False,-1738296,1739566,0,0,0,0,1,1,1784372362.567958
153,9,9,formal,down,78,4,1,5.775795667127873,1784372364.906415,1784372367.2534678,1784372366.0799413,0.223939,-0.117192,-0.200025,0.001333,-0.001612,1,acq,20480,20480,0,16,True,False,1,1200000,8381618,False,-1720088,1733384,0,0,0,0,1,1,1784372364.906415
154,9,10,formal,down,78,4,1,5.775795667127873,1784372367.253689,1784372369.599433,1784372368.4265609,0.222958,-0.116948,-0.199605,0.001314,-0.001587,1,acq,20480,20480,0,16,True,False,1,1200000,8381618,False,-1719918,1769545,0,0,0,0,1,1,1784372367.253689
155,9,11,formal,down,78,4,1,5.775795667127873,1784372369.599915,1784372371.925258,1784372370.7625866,0.222152,-0.116842,-0.199354,0.001294,-0.001599,1,acq,20480,20480,0,16,True,False,1,1200000,8381618,False,-1731351,1759552,0,0,0,0,1,1,1784372369.599915
156,9,12,formal,down,78,4,1,5.775795667127873,1784372371.925535,1784372374.264163,1784372373.094849,0.221274,-0.116626,-0.199039,0.001309,-0.001598,1,acq,20480,20480,0,16,True,False,1,1200000,8381618,False,-1735755,1735078,0,0,0,0,1,1,1784372371.925535
157,9,13,formal,down,78,4,1,5.775795667127873,1784372374.2643871,1784372376.5991838,1784372375.4317856,0.220504,-0.116496,-0.198763,0.001313,-0.001617,1,acq,20480,20480,0,16,True,False,1,1200000,8381618,False,-1716192,1738211,0,0,0,0,1,1,1784372374.2643871
158,9,14,formal,down,78,4,1,5.775795667127873,1784372376.599413,1784372378.944044,1784372377.7717285,0.219639,-0.116329,-0.198516,0.001314,-0.001585,1,acq,20480,20480,0,16,True,False,1,1200000,8381618,False,-1706622,1738211,0,0,0,0,1,1,1784372376.599413
159,9,15,formal,down,78,4,1,5.775795667127873,1784372378.944305,1784372381.274679,1784372380.1094918,0.218791,-0.116142,-0.198115,0.0013,-0.001599,1,acq,20480,20480,0,16,True,False,1,1200000,8381618,False,-1713906,1741260,0,0,0,0,1,1,1784372378.944305
160,10,0,formal,down,2,5,0,-4.1462685241556265,1784372498.91259,1784372501.2425249,1784372500.0775576,0.079099,-0.075982,-0.130094,0.000774,-0.001161,1,acq,20480,20480,0,16,True,False,1,1200000,8381618,False,-1163013,1145822,0,0,0,0,1,1,1784372498.91259
161,10,1,formal,down,2,5,0,-4.1462685241556265,1784372501.2428658,1784372503.586394,1784372502.41463,0.081055,-0.076946,-0.131702,0.000786,-0.001159,1,acq,20480,20480,0,16,True,False,1,1200000,8381618,False,-1178935,1157001,0,0,0,0,1,1,1784372501.2428658
162,10,2,formal,down,2,5,0,-4.1462685241556265,1784372503.5866299,1784372505.928401,1784372504.7575154,0.082763,-0.077611,-0.132845,0.000814,-0.001127,1,acq,20480,20480,0,16,True,False,1,1200000,8381618,False,-1181137,1169111,0,0,0,0,1,1,1784372503.5866299
163,10,3,formal,down,2,5,0,-4.1462685241556265,1784372505.9286132,1784372508.275436,1784372507.1020246,0.084612,-0.078475,-0.134321,0.000794,-0.001145,1,acq,20480,20480,0,16,True,False,1,1200000,8381618,False,-1186472,1190622,0,0,0,0,1,1,1784372505.9286132
164,10,4,formal,down,2,5,0,-4.1462685241556265,1784372508.275697,1784372510.600915,1784372509.4383059,0.08625,-0.079125,-0.135508,0.000778,-0.001116,1,acq,20480,20480,0,16,True,False,1,1200000,8381618,False,-1208575,1205357,0,0,0,0,1,1,1784372508.275697
165,10,5,formal,down,2,5,0,-4.1462685241556265,1784372510.601148,1784372512.9513621,1784372511.7762551,0.087919,-0.079836,-0.136783,0.00077,-0.00114,1,acq,20480,20480,0,16,True,False,1,1200000,8381618,False,-1214249,1197989,0,0,0,0,1,1,1784372510.601148
166,10,6,formal,down,2,5,0,-4.1462685241556265,1784372512.951635,1784372515.285111,1784372514.118373,0.089264,-0.080339,-0.13762,0.00077,-0.001114,1,acq,20480,20480,0,16,True,False,1,1200000,8381618,False,-1220770,1226868,0,0,0,0,1,1,1784372512.951635
167,10,7,formal,down,2,5,0,-4.1462685241556265,1784372515.285711,1784372517.6240268,1784372516.4548688,0.090975,-0.081091,-0.138945,0.000757,-0.001099,1,acq,20480,20480,0,16,True,False,1,1200000,8381618,False,-1231187,1247193,0,0,0,0,1,1,1784372515.285711
168,10,8,formal,down,2,5,0,-4.1462685241556265,1784372517.624276,1784372519.9447522,1784372518.784514,0.092343,-0.081635,-0.13987,0.000765,-0.001087,1,acq,20480,20480,0,16,True,False,1,1200000,8381618,False,-1248378,1234659,0,0,0,0,1,1,1784372517.624276
169,10,9,formal,down,2,5,0,-4.1462685241556265,1784372519.9449868,1784372522.269545,1784372521.107266,0.093739,-0.082198,-0.140801,0.000765,-0.001099,1,acq,20480,20480,0,16,True,False,1,1200000,8381618,False,-1252528,1244822,0,0,0,0,1,1,1784372519.9449868
170,10,10,formal,down,2,5,0,-4.1462685241556265,1784372522.269938,1784372524.594974,1784372523.432456,0.095096,-0.082693,-0.141758,0.000741,-0.001118,1,acq,20480,20480,0,16,True,False,1,1200000,8381618,False,-1254730,1269635,0,0,0,0,1,1,1784372522.269938
171,10,11,formal,down,2,5,0,-4.1462685241556265,1784372524.595229,1784372526.9158862,1784372525.7555575,0.096573,-0.083378,-0.142832,0.000765,-0.001083,1,acq,20480,20480,0,16,True,False,1,1200000,8381618,False,-1262352,1264469,0,0,0,0,1,1,1784372524.595229
172,10,12,formal,down,2,5,0,-4.1462685241556265,1784372526.9161532,1784372529.2332768,1784372528.0747151,0.097905,-0.083877,-0.143771,0.000762,-0.001101,1,acq,20480,20480,0,16,True,False,1,1200000,8381618,False,-1284879,1288266,0,0,0,0,1,1,1784372526.9161532
173,10,13,formal,down,2,5,0,-4.1462685241556265,1784372529.233532,1784372531.556774,1784372530.395153,0.099217,-0.084358,-0.144602,0.000758,-0.001082,1,acq,20480,20480,0,16,True,False,1,1200000,8381618,False,-1292501,1279459,0,0,0,0,1,1,1784372529.233532
174,10,14,formal,down,2,5,0,-4.1462685241556265,1784372531.557003,1784372533.875448,1784372532.7162256,0.100535,-0.084988,-0.145574,0.000772,-0.001083,1,acq,20480,20480,0,16,True,False,1,1200000,8381618,False,-1296481,1285048,0,0,0,0,1,1,1784372531.557003
175,10,15,formal,down,2,5,0,-4.1462685241556265,1784372533.875702,1784372536.1905322,1784372535.033117,0.101789,-0.085397,-0.146305,0.000756,-0.001062,1,acq,20480,20480,0,16,True,False,1,1200000,8381618,False,-1287589,1298513,0,0,0,0,1,1,1784372533.875702
176,11,0,formal,up,2,5,1,-4.1462685241556265,1784372548.757751,1784372551.0794308,1784372549.918591,0.109455,-0.08827,-0.151278,0.000752,-0.001053,1,acq,20480,20480,0,16,True,False,1,1200000,8381618,False,-1331033,1334590,0,0,0,0,1,1,1784372548.757751
177,11,1,formal,up,2,5,1,-4.1462685241556265,1784372551.079722,1784372553.396513,1784372552.2381175,0.110468,-0.088526,-0.151797,0.000774,-0.001058,1,acq,20480,20480,0,16,True,False,1,1200000,8381618,False,-1328154,1348564,0,0,0,0,1,1,1784372551.079722
178,11,2,formal,up,2,5,1,-4.1462685241556265,1784372553.396738,1784372555.7155101,1784372554.5561242,0.1117,-0.089098,-0.152776,0.000756,-0.001067,1,acq,20480,20480,0,16,True,False,1,1200000,8381618,False,-1352121,1330525,0,0,0,0,1,1,1784372553.396738
179,11,3,formal,up,2,5,1,-4.1462685241556265,1784372555.715785,1784372558.03484,1784372556.8753126,0.112733,-0.089431,-0.153297,0.00075,-0.00101,1,acq,20480,20480,0,16,True,False,1,1200000,8381618,False,-1356863,1360335,0,0,0,0,1,1,1784372555.715785
180,11,4,formal,up,2,5,1,-4.1462685241556265,1784372558.035071,1784372560.3564641,1784372559.1957674,0.113756,-0.089751,-0.153935,0.000742,-0.001041,1,acq,20480,20480,0,16,True,False,1,1200000,8381618,False,-1347209,1352883,0,0,0,0,1,1,1784372558.035071
181,11,5,formal,up,2,5,1,-4.1462685241556265,1784372560.356715,1784372562.6807308,1784372561.518723,0.11491,-0.090216,-0.154692,0.000733,-0.001042,1,acq,20480,20480,0,16,True,False,1,1200000,8381618,False,-1373123,1350342,0,0,0,0,1,1,1784372560.356715
182,11,6,formal,up,2,5,1,-4.1462685241556265,1784372562.680964,1784372564.9981928,1784372563.8395784,0.115829,-0.090498,-0.155215,0.000741,-0.001018,1,acq,20480,20480,0,16,True,False,1,1200000,8381618,False,-1368550,1365247,0,0,0,0,1,1,1784372562.680964
183,11,7,formal,up,2,5,1,-4.1462685241556265,1784372564.9984372,1784372567.3171961,1784372566.1578166,0.116817,-0.090876,-0.155742,0.000731,-0.001029,1,acq,20480,20480,0,16,True,False,1,1200000,8381618,False,-1356948,1371006,0,0,0,0,1,1,1784372564.9984372
184,11,8,formal,up,2,5,1,-4.1462685241556265,1784372567.317438,1784372569.6422799,1784372568.4798589,0.117962,-0.091256,-0.156486,0.000721,-0.00103,1,acq,20480,20480,0,16,True,False,1,1200000,8381618,False,-1372615,1368889,0,0,0,0,1,1,1784372567.317438
185,11,9,formal,up,2,5,1,-4.1462685241556265,1784372569.642529,1784372571.966772,1784372570.8046505,0.118889,-0.091557,-0.157006,0.000743,-0.00102,1,acq,20480,20480,0,16,True,False,1,1200000,8381618,False,-1357795,1395481,0,0,0,0,1,1,1784372569.642529
186,11,10,formal,up,2,5,1,-4.1462685241556265,1784372571.967048,1784372574.295686,1784372573.131367,0.119888,-0.091906,-0.157642,0.000755,-0.001027,1,acq,20480,20480,0,16,True,False,1,1200000,8381618,False,-1392686,1377950,0,0,0,0,1,1,1784372571.967048
187,11,11,formal,up,2,5,1,-4.1462685241556265,1784372574.295975,1784372576.610038,1784372575.4530065,0.120887,-0.092236,-0.158265,0.000724,-0.001019,1,acq,20480,20480,0,16,True,False,1,1200000,8381618,False,-1387266,1400223,0,0,0,0,1,1,1784372574.295975
188,11,12,formal,up,2,5,1,-4.1462685241556265,1784372576.61027,1784372578.937278,1784372577.7737741,0.121873,-0.092577,-0.158841,0.000722,-0.001023,1,acq,20480,20480,0,16,True,False,1,1200000,8381618,False,-1382354,1409200,0,0,0,0,1,1,1784372576.61027
189,11,13,formal,up,2,5,1,-4.1462685241556265,1784372578.937525,1784372581.25888,1784372580.0982025,0.122851,-0.092944,-0.159414,0.000751,-0.000997,1,acq,20480,20480,0,16,True,False,1,1200000,8381618,False,-1383540,1393956,0,0,0,0,1,1,1784372578.937525
190,11,14,formal,up,2,5,1,-4.1462685241556265,1784372581.259254,1784372583.5881119,1784372582.423683,0.1238,-0.093259,-0.159926,0.000754,-0.000985,1,acq,20480,20480,0,16,True,False,1,1200000,8381618,False,-1393448,1401578,0,0,0,0,1,1,1784372581.259254
191,11,15,formal,up,2,5,1,-4.1462685241556265,1784372583.5883389,1784372585.904059,1784372584.746199,0.124769,-0.093646,-0.160548,0.000736,-0.001006,1,acq,20480,20480,0,16,True,False,1,1200000,8381618,False,-1408522,1409708,0,0,0,0,1,1,1784372583.5883389
192,12,0,formal,up,37,6,0,0.4231031428828276,1784372643.998456,1784372646.323141,1784372645.1607985,1.2,0.145374,0.249561,-0.001514,0.002042,1,acq,20480,20480,0,16,True,False,1,1200000,8381618,False,-2233040,2199165,0,0,0,0,1,1,1784372643.998456
193,12,1,formal,up,37,6,0,0.4231031428828276,1784372646.323502,1784372648.6439738,1784372647.483738,1.2,0.145127,0.249129,-0.001509,0.002051,1,acq,20480,20480,0,16,True,False,1,1200000,8381618,False,-2196370,2194846,0,0,0,0,1,1,1784372646.323502
194,12,2,formal,up,37,6,0,0.4231031428828276,1784372648.644216,1784372650.9646342,1784372649.8044252,1.2,0.144835,0.248733,-0.001539,0.002054,1,acq,20480,20480,0,16,True,False,1,1200000,8381618,False,-2121422,2144796,0,0,0,0,1,1,1784372648.644216
195,12,3,formal,up,37,6,0,0.4231031428828276,1784372650.964897,1784372653.2875679,1784372652.1262324,1.2,0.1447,0.248533,-0.001542,0.002061,1,acq,20480,20480,0,16,True,False,1,1200000,8381618,False,-2149792,2154619,0,0,0,0,1,1,1784372650.964897
196,12,4,formal,up,37,6,0,0.4231031428828276,1784372653.2878022,1784372655.60657,1784372654.447186,1.2,0.144282,0.247886,-0.001568,0.002051,1,acq,20480,20480,0,16,True,False,1,1200000,8381618,False,-2127604,2236512,0,0,0,0,1,1,1784372653.2878022
197,12,5,formal,up,37,6,0,0.4231031428828276,1784372655.606827,1784372657.931625,1784372656.769226,1.2,0.14428,0.247936,-0.00156,0.002056,1,acq,20480,20480,0,16,True,False,1,1200000,8381618,False,-2168677,2237528,0,0,0,0,1,1,1784372655.606827
198,12,6,formal,up,37,6,0,0.4231031428828276,1784372657.931958,1784372660.248287,1784372659.0901225,1.2,0.144203,0.247735,-0.001541,0.002077,1,acq,20480,20480,0,16,True,False,1,1200000,8381618,False,-2201367,2194168,0,0,0,0,1,1,1784372657.931958
199,12,7,formal,up,37,6,0,0.4231031428828276,1784372660.248629,1784372662.570009,1784372661.409319,1.2,0.144031,0.247506,-0.001487,0.002111,1,acq,20480,20480,0,16,True,False,1,1200000,8381618,False,-2120829,2152163,0,0,0,0,1,1,1784372660.248629
200,12,8,formal,up,37,6,0,0.4231031428828276,1784372662.5702422,1784372664.893753,1784372663.7319975,1.2,0.143855,0.247247,-0.00156,0.002049,1,acq,20480,20480,0,16,True,False,1,1200000,8381618,False,-2166391,2175707,0,0,0,0,1,1,1784372662.5702422
201,12,9,formal,up,37,6,0,0.4231031428828276,1784372664.893991,1784372667.215488,1784372666.0547395,1.2,0.143687,0.24702,-0.001533,0.002052,1,acq,20480,20480,0,16,True,False,1,1200000,8381618,False,-2207972,2166306,0,0,0,0,1,1,1784372664.893991
202,12,10,formal,up,37,6,0,0.4231031428828276,1784372667.215796,1784372669.537825,1784372668.3768106,1.2,0.143699,0.247039,-0.001513,0.002056,1,acq,20480,20480,0,16,True,False,1,1200000,8381618,False,-2134464,2164104,0,0,0,0,1,1,1784372667.215796
203,12,11,formal,up,37,6,0,0.4231031428828276,1784372669.538126,1784372671.862854,1784372670.70049,1.2,0.143442,0.246652,-0.001542,0.002088,1,acq,20480,20480,0,16,True,False,1,1200000,8381618,False,-2109396,2177824,0,0,0,0,1,1,1784372669.538126
204,12,12,formal,up,37,6,0,0.4231031428828276,1784372671.8630788,1784372674.180288,1784372673.0216835,1.2,0.143393,0.246524,-0.001487,0.002039,1,acq,20480,20480,0,16,True,False,1,1200000,8381618,False,-2144372,2151317,0,0,0,0,1,1,1784372671.8630788
205,12,13,formal,up,37,6,0,0.4231031428828276,1784372674.180547,1784372676.4976141,1784372675.3390806,1.2,0.143197,0.246154,-0.001546,0.002042,1,acq,20480,20480,0,16,True,False,1,1200000,8381618,False,-2164443,2172743,0,0,0,0,1,1,1784372674.180547
206,12,14,formal,up,37,6,0,0.4231031428828276,1784372676.497847,1784372678.8188548,1784372677.658351,1.2,0.143116,0.246115,-0.001531,0.002122,1,acq,20480,20480,0,16,True,False,1,1200000,8381618,False,-2100927,2158600,0,0,0,0,1,1,1784372676.497847
207,12,15,formal,up,37,6,0,0.4231031428828276,1784372678.8190699,1784372681.134003,1784372679.9765363,1.2,0.143008,0.245886,-0.001563,0.002093,1,acq,20480,20480,0,16,True,False,1,1200000,8381618,False,-2133193,2165544,0,0,0,0,1,1,1784372678.8190699
208,13,0,formal,down,37,6,1,0.4231031428828276,1784372693.689827,1784372696.0147,1784372694.8522635,1.2,0.142475,0.24506,-0.001543,0.002045,1,acq,20480,20480,0,16,True,False,1,1200000,8381618,False,-2154704,2155720,0,0,0,0,1,1,1784372693.689827
209,13,1,formal,down,37,6,1,0.4231031428828276,1784372696.014982,1784372698.333333,1784372697.1741576,1.2,0.142375,0.24496,-0.001539,0.002092,1,acq,20480,20480,0,16,True,False,1,1200000,8381618,False,-2130145,2153010,0,0,0,0,1,1,1784372696.014982
210,13,2,formal,down,37,6,1,0.4231031428828276,1784372698.333589,1784372700.657758,1784372699.4956737,1.2,0.141922,0.243817,-0.001815,0.001825,1,acq,20480,20480,0,16,True,False,1,1200000,8381618,False,-2106771,8243820,0,0,0,0,1,1,1784372698.333589
211,13,3,formal,down,37,6,1,0.4231031428828276,1784372700.658025,1784372702.978483,1784372701.818254,1.2,0.14214,0.24452,-0.001506,0.002069,1,acq,20480,20480,0,16,True,False,1,1200000,8381618,False,-2200520,2156483,0,0,0,0,1,1,1784372700.658025
212,13,4,formal,down,37,6,1,0.4231031428828276,1784372702.9787729,1784372705.288596,1784372704.1336844,1.2,0.142212,0.244768,-0.001513,0.002117,1,acq,20480,20480,0,16,True,False,1,1200000,8381618,False,-2169694,2199165,0,0,0,0,1,1,1784372702.9787729
213,13,5,formal,down,37,6,1,0.4231031428828276,1784372705.2888231,1784372707.6147451,1784372706.4517841,1.2,0.1422,0.244658,-0.001515,0.002069,1,acq,20480,20480,0,16,True,False,1,1200000,8381618,False,-2152163,2196540,0,0,0,0,1,1,1784372705.2888231
214,13,6,formal,down,37,6,1,0.4231031428828276,1784372707.615041,1784372709.932245,1784372708.773643,1.2,0.142083,0.24451,-0.001533,0.002089,1,acq,20480,20480,0,16,True,False,1,1200000,8381618,False,-2230753,2272843,0,0,0,0,1,1,1784372707.615041
215,13,7,formal,down,37,6,1,0.4231031428828276,1784372709.932495,1784372712.2512262,1784372711.0918608,1.2,0.142138,0.244522,-0.001505,0.002097,1,acq,20480,20480,0,16,True,False,1,1200000,8381618,False,-2175114,2195354,0,0,0,0,1,1,1784372709.932495
216,13,8,formal,down,37,6,1,0.4231031428828276,1784372712.251449,1784372714.573407,1784372713.412428,1.2,0.141989,0.244407,-0.001548,0.002093,1,acq,20480,20480,0,16,True,False,1,1200000,8381618,False,-2103468,2152756,0,0,0,0,1,1,1784372712.251449
217,13,9,formal,down,37,6,1,0.4231031428828276,1784372714.573728,1784372716.898438,1784372715.736083,1.2,0.141994,0.24446,-0.001542,0.00209,1,acq,20480,20480,0,16,True,False,1,1200000,8381618,False,-2108888,2144626,0,0,0,0,1,1,1784372714.573728
218,13,10,formal,down,37,6,1,0.4231031428828276,1784372716.8987079,1784372719.2217789,1784372718.0602434,1.2,0.141823,0.244208,-0.00151,0.002115,1,acq,20480,20480,0,16,True,False,1,1200000,8381618,False,-2091697,2151571,0,0,0,0,1,1,1784372716.8987079
219,13,11,formal,down,37,6,1,0.4231031428828276,1784372719.222023,1784372721.530553,1784372720.376288,1.2,0.141739,0.243987,-0.001514,0.002084,1,acq,20480,20480,0,16,True,False,1,1200000,8381618,False,-2122862,2188664,0,0,0,0,1,1,1784372719.222023
220,13,12,formal,down,37,6,1,0.4231031428828276,1784372721.530833,1784372723.8535502,1784372722.6921916,1.2,0.141848,0.244167,-0.00153,0.002085,1,acq,20480,20480,0,16,True,False,1,1200000,8381618,False,-2113461,2135734,0,0,0,0,1,1,1784372721.530833
221,13,13,formal,down,37,6,1,0.4231031428828276,1784372723.8540108,1784372726.178411,1784372725.016211,1.2,0.14177,0.244041,-0.001552,0.002085,1,acq,20480,20480,0,16,True,False,1,1200000,8381618,False,-2120660,2196455,0,0,0,0,1,1,1784372723.8540108
222,13,14,formal,down,37,6,1,0.4231031428828276,1784372726.178751,1784372728.501707,1784372727.340229,1.2,0.141609,0.243841,-0.001513,0.00208,1,acq,20480,20480,0,16,True,False,1,1200000,8381618,False,-2145727,2179009,0,0,0,0,1,1,1784372726.178751
223,13,15,formal,down,37,6,1,0.4231031428828276,1784372728.5019362,1784372730.81761,1784372729.659773,1.2,0.141753,0.244058,-0.001531,0.002112,1,acq,20480,20480,0,16,True,False,1,1200000,8381618,False,-2121337,2178501,0,0,0,0,1,1,1784372728.5019362
224,14,0,formal,down,43,7,0,1.2064240000894193,1784372750.495787,1784372752.8195882,1784372751.6576877,1.2,0.083028,0.142851,-0.001317,0.002064,1,acq,20480,20480,0,16,True,False,1,1200000,8381618,False,-1305627,1382439,0,0,0,0,1,1,1784372750.495787
225,14,1,formal,down,43,7,0,1.2064240000894193,1784372752.819893,1784372755.147114,1784372753.9835033,1.2,0.082786,0.142556,-0.001369,0.002086,1,acq,20480,20480,0,16,True,False,1,1200000,8381618,False,-1399630,1367110,0,0,0,0,1,1,1784372752.819893
226,14,2,formal,down,43,7,0,1.2064240000894193,1784372755.147425,1784372757.473165,1784372756.310295,1.2,0.082586,0.142225,-0.001363,0.002099,1,acq,20480,20480,0,16,True,False,1,1200000,8381618,False,-1294194,1377103,0,0,0,0,1,1,1784372755.147425
227,14,3,formal,down,43,7,0,1.2064240000894193,1784372757.473404,1784372759.799396,1784372758.6364,1.2,0.082475,0.141992,-0.001347,0.002081,1,acq,20480,20480,0,16,True,False,1,1200000,8381618,False,-1294194,1338147,0,0,0,0,1,1,1784372757.473404
228,14,4,formal,down,43,7,0,1.2064240000894193,1784372759.799664,1784372762.120363,1784372760.9600134,1.2,0.082268,0.141711,-0.001387,0.002091,1,acq,20480,20480,0,16,True,False,1,1200000,8381618,False,-1310454,1346870,0,0,0,0,1,1,1784372759.799664
229,14,5,formal,down,43,7,0,1.2064240000894193,1784372762.120671,1784372764.437032,1784372763.2788515,1.2,0.082056,0.141398,-0.001353,0.002117,1,acq,20480,20480,0,16,True,False,1,1200000,8381618,False,-1314181,1320193,0,0,0,0,1,1,1784372762.120671
230,14,6,formal,down,43,7,0,1.2064240000894193,1784372764.4372659,1784372766.7569559,1784372765.5971107,1.2,0.081885,0.141025,-0.001335,0.002067,1,acq,20480,20480,0,16,True,False,1,1200000,8381618,False,-1337724,1336623,0,0,0,0,1,1,1784372764.4372659
231,14,7,formal,down,43,7,0,1.2064240000894193,1784372766.7572129,1784372769.0783622,1784372767.9177876,1.2,0.081788,0.140968,-0.001355,0.002068,1,acq,20480,20480,0,16,True,False,1,1200000,8381618,False,-1344160,1337639,0,0,0,0,1,1,1784372766.7572129
232,14,8,formal,down,43,7,0,1.2064240000894193,1784372769.078614,1784372771.4064472,1784372770.2425306,1.2,0.081647,0.140684,-0.001384,0.00208,1,acq,20480,20480,0,16,True,False,1,1200000,8381618,False,-1267264,1372784,0,0,0,0,1,1,1784372769.078614
233,14,9,formal,down,43,7,0,1.2064240000894193,1784372771.406697,1784372773.722971,1784372772.564834,1.2,0.081485,0.140443,-0.001372,0.002076,1,acq,20480,20480,0,16,True,False,1,1200000,8381618,False,-1321718,1445954,0,0,0,0,1,1,1784372771.406697
234,14,10,formal,down,43,7,0,1.2064240000894193,1784372773.723231,1784372776.052871,1784372774.888051,1.2,0.081327,0.140102,-0.00137,0.002065,1,acq,20480,20480,0,16,True,False,1,1200000,8381618,False,-1396243,1352798,0,0,0,0,1,1,1784372773.723231
235,14,11,formal,down,43,7,0,1.2064240000894193,1784372776.053119,1784372778.371,1784372777.2120595,1.2,0.081275,0.140148,-0.001341,0.002112,1,acq,20480,20480,0,16,True,False,1,1200000,8381618,False,-1270143,1297497,0,0,0,0,1,1,1784372776.053119
236,14,12,formal,down,43,7,0,1.2064240000894193,1784372778.371246,1784372780.692231,1784372779.5317385,1.2,0.081212,0.14,-0.001357,0.002074,1,acq,20480,20480,0,16,True,False,1,1200000,8381618,False,-1286911,1344753,0,0,0,0,1,1,1784372778.371246
237,14,13,formal,down,43,7,0,1.2064240000894193,1784372780.692481,1784372783.014828,1784372781.8536544,1.2,0.081083,0.139861,-0.001361,0.002113,1,acq,20480,20480,0,16,True,False,1,1200000,8381618,False,-1300377,1340518,0,0,0,0,1,1,1784372780.692481
238,14,14,formal,down,43,7,0,1.2064240000894193,1784372783.0150678,1784372785.337599,1784372784.1763334,1.2,0.080993,0.139661,-0.00137,0.002075,1,acq,20480,20480,0,16,True,False,1,1200000,8381618,False,-1328916,1319770,0,0,0,0,1,1,1784372783.0150678
239,14,15,formal,down,43,7,0,1.2064240000894193,1784372785.33797,1784372787.659512,1784372786.4987411,1.2,0.080799,0.139452,-0.001382,0.002073,1,acq,20480,20480,0,16,True,False,1,1200000,8381618,False,-1306220,1382947,0,0,0,0,1,1,1784372785.33797
240,15,0,formal,up,43,7,1,1.2064240000894193,1784372800.238504,1784372802.5519302,1784372801.395217,1.2,0.080258,0.138456,-0.001363,0.00206,1,acq,20480,20480,0,16,True,False,1,1200000,8381618,False,-1290129,1319685,0,0,0,0,1,1,1784372800.238504
241,15,1,formal,up,43,7,1,1.2064240000894193,1784372802.552941,1784372804.873662,1784372803.7133017,1.2,0.080155,0.138272,-0.001357,0.002084,1,acq,20480,20480,0,16,True,False,1,1200000,8381618,False,-1243805,1294787,0,0,0,0,1,1,1784372802.552941
242,15,2,formal,up,43,7,1,1.2064240000894193,1784372804.8740711,1784372807.1968188,1784372806.035445,1.2,0.080108,0.138182,-0.001404,0.002073,1,acq,20480,20480,0,16,True,False,1,1200000,8381618,False,-1256762,1362537,0,0,0,0,1,1,1784372804.8740711
243,15,3,formal,up,43,7,1,1.2064240000894193,1784372807.197058,1784372809.515242,1784372808.3561502,1.2,0.079979,0.137982,-0.001371,0.00208,1,acq,20480,20480,0,16,True,False,1,1200000,8381618,False,-1236099,1298598,0,0,0,0,1,1,1784372807.197058
244,15,4,formal,up,43,7,1,1.2064240000894193,1784372809.515497,1784372811.840183,1784372810.67784,1.2,0.079875,0.137953,-0.001353,0.002094,1,acq,20480,20480,0,16,True,False,1,1200000,8381618,False,-1262267,1288859,0,0,0,0,1,1,1784372809.515497
245,15,5,formal,up,43,7,1,1.2064240000894193,1784372811.840447,1784372814.165056,1784372813.0027514,1.2,0.079826,0.137739,-0.001326,0.002069,1,acq,20480,20480,0,16,True,False,1,1200000,8381618,False,-1263199,1423173,0,0,0,0,1,1,1784372811.840447
246,15,6,formal,up,43,7,1,1.2064240000894193,1784372814.165422,1784372816.489944,1784372815.327683,1.2,0.079715,0.137681,-0.001375,0.002084,1,acq,20480,20480,0,16,True,False,1,1200000,8381618,False,-1255492,1300292,0,0,0,0,1,1,1784372814.165422
247,15,7,formal,up,43,7,1,1.2064240000894193,1784372816.490209,1784372818.81739,1784372817.6537995,1.2,0.079681,0.137568,-0.001412,0.002062,1,acq,20480,20480,0,16,True,False,1,1200000,8381618,False,-1291654,1335437,0,0,0,0,1,1,1784372816.490209
248,15,8,formal,up,43,7,1,1.2064240000894193,1784372818.817656,1784372821.136827,1784372819.9772415,1.2,0.079556,0.137382,-0.001356,0.002074,1,acq,20480,20480,0,16,True,False,1,1200000,8381618,False,-1264808,1330017,0,0,0,0,1,1,1784372818.817656
249,15,9,formal,up,43,7,1,1.2064240000894193,1784372821.137075,1784372823.452579,1784372822.294827,1.2,0.079478,0.137242,-0.001373,0.002067,1,acq,20480,20480,0,16,True,False,1,1200000,8381618,False,-1256170,1345346,0,0,0,0,1,1,1784372821.137075
250,15,10,formal,up,43,7,1,1.2064240000894193,1784372823.4528608,1784372825.7781818,1784372824.6155214,1.2,0.079334,0.137015,-0.001412,0.00203,1,acq,20480,20480,0,16,True,False,1,1200000,8381618,False,-1295888,1352629,0,0,0,0,1,1,1784372823.4528608
251,15,11,formal,up,43,7,1,1.2064240000894193,1784372825.778424,1784372828.0941281,1784372826.936276,1.2,0.079266,0.13695,-0.001357,0.00207,1,acq,20480,20480,0,16,True,False,1,1200000,8381618,False,-1240079,1353814,0,0,0,0,1,1,1784372825.778424
252,15,12,formal,up,43,7,1,1.2064240000894193,1784372828.094453,1784372830.434178,1784372829.2643156,1.2,0.079169,0.136726,-0.001413,0.002057,1,acq,20480,20480,0,16,True,False,1,1200000,8381618,False,-1306559,1363553,0,0,0,0,1,1,1784372828.094453
253,15,13,formal,up,43,7,1,1.2064240000894193,1784372830.434478,1784372832.766931,1784372831.6007047,1.2,0.07914,0.136546,-0.001372,0.002079,1,acq,20480,20480,0,16,True,False,1,1200000,8381618,False,-1276664,1375664,0,0,0,0,1,1,1784372830.434478
254,15,14,formal,up,43,7,1,1.2064240000894193,1784372832.7671711,1784372835.107164,1784372833.9371676,1.2,0.079064,0.136539,-0.001356,0.002072,1,acq,20480,20480,0,16,True,False,1,1200000,8381618,False,-1252020,1283778,0,0,0,0,1,1,1784372832.7671711
255,15,15,formal,up,43,7,1,1.2064240000894193,1784372835.107432,1784372837.445942,1784372836.276687,1.2,0.079051,0.136542,-0.001343,0.002103,1,acq,20480,20480,0,16,True,False,1,1200000,8381618,False,-1285810,1322819,0,0,0,0,1,1,1784372835.107432
256,16,0,formal,up,48,8,0,1.859191381094913,1784372853.062284,1784372855.396808,1784372854.229546,1.2,0.015822,0.027279,-0.000999,0.001651,1,acq,20480,20480,0,16,True,False,1,1200000,8381618,False,-429874,467306,0,0,0,0,1,1,1784372853.062284
257,16,1,formal,up,48,8,0,1.859191381094913,1784372855.397242,1784372857.742178,1784372856.56971,1.2,0.015638,0.026893,-0.000975,0.001649,1,acq,20480,20480,0,16,True,False,1,1200000,8381618,False,-359752,434955,0,0,0,0,1,1,1784372855.397242
258,16,2,formal,up,48,8,0,1.859191381094913,1784372857.7424169,1784372860.0832052,1784372858.912811,1.2,0.015448,0.026573,-0.000975,0.001669,1,acq,20480,20480,0,16,True,False,1,1200000,8381618,False,-433769,551316,0,0,0,0,1,1,1784372857.7424169
259,16,3,formal,up,48,8,0,1.859191381094913,1784372860.0835168,1784372862.4172428,1784372861.2503798,1.2,0.015162,0.026251,-0.001003,0.00165,1,acq,20480,20480,0,16,True,False,1,1200000,8381618,False,-405399,421913,0,0,0,0,1,1,1784372860.0835168
260,16,4,formal,up,48,8,0,1.859191381094913,1784372862.417474,1784372864.7571788,1784372863.5873265,1.2,0.015057,0.025936,-0.00098,0.001661,1,acq,20480,20480,0,16,True,False,1,1200000,8381618,False,-342222,413953,0,0,0,0,1,1,1784372862.417474
261,16,5,formal,up,48,8,0,1.859191381094913,1784372864.757472,1784372867.0976582,1784372865.927565,1.2,0.014819,0.02563,-0.00096,0.001669,1,acq,20480,20480,0,16,True,False,1,1200000,8381618,False,-406923,444863,0,0,0,0,1,1,1784372864.757472
262,16,6,formal,up,48,8,0,1.859191381094913,1784372867.0979059,1784372869.441078,1784372868.269492,1.2,0.014713,0.025308,-0.00099,0.001675,1,acq,20480,20480,0,16,True,False,1,1200000,8381618,False,-420897,379823,0,0,0,0,1,1,1784372867.0979059
263,16,7,formal,up,48,8,0,1.859191381094913,1784372869.441345,1784372871.779309,1784372870.610327,1.2,0.014539,0.025054,-0.000996,0.001661,1,acq,20480,20480,0,16,True,False,1,1200000,8381618,False,-358821,388885,0,0,0,0,1,1,1784372869.441345
264,16,8,formal,up,48,8,0,1.859191381094913,1784372871.7795851,1784372874.1184661,1784372872.9490256,1.2,0.014435,0.024767,-0.000976,0.001635,1,acq,20480,20480,0,16,True,False,1,1200000,8381618,False,-375420,475266,0,0,0,0,1,1,1784372871.7795851
265,16,9,formal,up,48,8,0,1.859191381094913,1784372874.118908,1784372876.443417,1784372875.2811625,1.2,0.014275,0.024528,-0.000966,0.001639,1,acq,20480,20480,0,16,True,False,1,1200000,8381618,False,-345779,457990,0,0,0,0,1,1,1784372874.118908
266,16,10,formal,up,48,8,0,1.859191381094913,1784372876.443624,1784372878.7644732,1784372877.6040487,1.2,0.014066,0.024246,-0.000936,0.001663,1,acq,20480,20480,0,16,True,False,1,1200000,8381618,False,-340528,426486,0,0,0,0,1,1,1784372876.443624
267,16,11,formal,up,48,8,0,1.859191381094913,1784372878.764704,1784372881.0925848,1784372879.9286444,1.2,0.013929,0.023979,-0.000994,0.001663,1,acq,20480,20480,0,16,True,False,1,1200000,8381618,False,-369237,458498,0,0,0,0,1,1,1784372878.764704
268,16,12,formal,up,48,8,0,1.859191381094913,1784372881.092814,1784372883.415405,1784372882.2541094,1.2,0.013793,0.023791,-0.000998,0.001653,1,acq,20480,20480,0,16,True,False,1,1200000,8381618,False,-361700,433261,0,0,0,0,1,1,1784372881.092814
269,16,13,formal,up,48,8,0,1.859191381094913,1784372883.415693,1784372885.758858,1784372884.5872755,1.2,0.01371,0.023617,-0.00094,0.001684,1,acq,20480,20480,0,16,True,False,1,1200000,8381618,False,-399640,488986,0,0,0,0,1,1,1784372883.415693
270,16,14,formal,up,48,8,0,1.859191381094913,1784372885.7590988,1784372888.1006138,1784372886.9298563,1.2,0.013546,0.023345,-0.000992,0.001628,1,acq,20480,20480,0,16,True,False,1,1200000,8381618,False,-456127,446642,0,0,0,0,1,1,1784372885.7590988
271,16,15,formal,up,48,8,0,1.859191381094913,1784372888.100862,1784372890.445142,1784372889.2730021,1.2,0.013383,0.023171,-0.000956,0.00162,1,acq,20480,20480,0,16,True,False,1,1200000,8381618,False,-381009,325962,0,0,0,0,1,1,1784372888.100862
272,17,0,formal,down,48,8,1,1.859191381094913,1784372903.141918,1784372905.481488,1784372904.311703,1.2,0.012625,0.021797,-0.000972,0.001602,1,acq,20480,20480,0,16,True,False,1,1200000,8381618,False,-366612,476283,0,0,0,0,1,1,1784372903.141918
273,17,1,formal,down,48,8,1,1.859191381094913,1784372905.481725,1784372907.820595,1784372906.65116,1.2,0.012527,0.02161,-0.000965,0.001659,1,acq,20480,20480,0,16,True,False,1,1200000,8381618,False,-410734,406500,0,0,0,0,1,1,1784372905.481725
274,17,2,formal,down,48,8,1,1.859191381094913,1784372907.8208158,1784372910.1450791,1784372908.9829473,1.2,0.012399,0.021433,-0.000959,0.001603,1,acq,20480,20480,0,16,True,False,1,1200000,8381618,False,-461970,429620,0,0,0,0,1,1,1784372907.8208158
275,17,3,formal,down,48,8,1,1.859191381094913,1784372910.145309,1784372912.47874,1784372911.3120246,1.2,0.012346,0.021289,-0.000963,0.00164,1,acq,20480,20480,0,16,True,False,1,1200000,8381618,False,-391256,414969,0,0,0,0,1,1,1784372910.145309
276,17,4,formal,down,48,8,1,1.859191381094913,1784372912.4789991,1784372914.8070788,1784372913.643039,1.2,0.012223,0.021181,-0.000936,0.001643,1,acq,20480,20480,0,16,True,False,1,1200000,8381618,False,-310380,370254,0,0,0,0,1,1,1784372912.4789991
277,17,5,formal,down,48,8,1,1.859191381094913,1784372914.8073049,1784372917.14055,1784372915.9739275,1.2,0.012132,0.020906,-0.000952,0.001605,1,acq,20480,20480,0,16,True,False,1,1200000,8381618,False,-351368,475690,0,0,0,0,1,1,1784372914.8073049
278,17,6,formal,down,48,8,1,1.859191381094913,1784372917.1408079,1784372919.4827871,1784372918.3117976,1.2,0.01208,0.020803,-0.000958,0.001605,1,acq,20480,20480,0,16,True,False,1,1200000,8381618,False,-336463,375928,0,0,0,0,1,1,1784372917.1408079
279,17,7,formal,down,48,8,1,1.859191381094913,1784372919.48303,1784372921.807243,1784372920.6451366,1.2,0.011924,0.020597,-0.000968,0.001632,1,acq,20480,20480,0,16,True,False,1,1200000,8381618,False,-340190,360515,0,0,0,0,1,1,1784372919.48303
280,17,8,formal,down,48,8,1,1.859191381094913,1784372921.807519,1784372924.142366,1784372922.9749424,1.2,0.011872,0.02047,-0.000965,0.001648,1,acq,20480,20480,0,16,True,False,1,1200000,8381618,False,-336209,344001,0,0,0,0,1,1,1784372921.807519
281,17,9,formal,down,48,8,1,1.859191381094913,1784372924.142595,1784372926.47497,1784372925.3087826,1.2,0.011781,0.020356,-0.000951,0.001612,1,acq,20480,20480,0,16,True,False,1,1200000,8381618,False,-314360,331382,0,0,0,0,1,1,1784372924.142595
282,17,10,formal,down,48,8,1,1.859191381094913,1784372926.475224,1784372928.811706,1784372927.643465,1.2,0.011606,0.020157,-0.000942,0.001634,1,acq,20480,20480,0,16,True,False,1,1200000,8381618,False,-320457,401503,0,0,0,0,1,1,1784372926.475224
283,17,11,formal,down,48,8,1,1.859191381094913,1784372928.811939,1784372931.156149,1784372929.984044,1.2,0.01158,0.019996,-0.00092,0.001609,1,acq,20480,20480,0,16,True,False,1,1200000,8381618,False,-287599,339004,0,0,0,0,1,1,1784372928.811939
284,17,12,formal,down,48,8,1,1.859191381094913,1784372931.156424,1784372933.492609,1784372932.3245165,1.2,0.011489,0.019829,-0.000971,0.001644,1,acq,20480,20480,0,16,True,False,1,1200000,8381618,False,-309617,499318,0,0,0,0,1,1,1784372931.156424
285,17,13,formal,down,48,8,1,1.859191381094913,1784372933.4929018,1784372935.8323252,1784372934.6626134,1.2,0.011397,0.019731,-0.00096,0.00163,1,acq,20480,20480,0,16,True,False,1,1200000,8381618,False,-335447,379231,0,0,0,0,1,1,1784372933.4929018
286,17,14,formal,down,48,8,1,1.859191381094913,1784372935.832692,1784372938.152938,1784372936.992815,1.2,0.011346,0.019588,-0.000933,0.001633,1,acq,20480,20480,0,16,True,False,1,1200000,8381618,False,-400148,419203,0,0,0,0,1,1,1784372935.832692
287,17,15,formal,down,48,8,1,1.859191381094913,1784372938.153171,1784372940.4890969,1784372939.321134,1.2,0.011235,0.019473,-0.000946,0.001635,1,acq,20480,20480,0,16,True,False,1,1200000,8381618,False,-327232,391680,0,0,0,0,1,1,1784372938.153171
288,18,0,formal,down,32,9,0,-0.22966423812266612,1784372971.66346,1784372973.976529,1784372972.8199944,0.994366,0.166369,0.285292,-0.000771,0.000836,1,acq,20480,20480,0,16,True,False,1,1200000,8381618,False,-2451449,2521994,0,0,0,0,1,1,1784372971.66346
289,18,1,formal,down,32,9,0,-0.22966423812266612,1784372973.9776,1784372976.297549,1784372975.1375747,0.992571,0.166468,0.285363,-0.000757,0.000817,1,acq,20480,20480,0,16,True,False,1,1200000,8381618,False,-2444928,2464237,0,0,0,0,1,1,1784372973.9776
290,18,2,formal,down,32,9,0,-0.22966423812266612,1784372976.297784,1784372978.624337,1784372977.4610605,0.991095,0.166472,0.285536,-0.000777,0.000777,1,acq,20480,20480,0,16,True,False,1,1200000,8381618,False,-2460341,2462628,0,0,0,0,1,1,1784372976.297784
291,18,3,formal,down,32,9,0,-0.22966423812266612,1784372978.6245701,1784372980.951026,1784372979.787798,0.989195,0.166374,0.285581,-0.000777,0.000791,1,acq,20480,20480,0,16,True,False,1,1200000,8381618,False,-2438577,2516235,0,0,0,0,1,1,1784372978.6245701
292,18,4,formal,down,32,9,0,-0.22966423812266612,1784372980.951453,1784372983.277536,1784372982.1144943,0.989067,0.166739,0.286012,-0.000799,0.000837,1,acq,20480,20480,0,16,True,False,1,1200000,8381618,False,-2449501,2453482,0,0,0,0,1,1,1784372980.951453
293,18,5,formal,down,32,9,0,-0.22966423812266612,1784372983.277785,1784372985.603254,1784372984.4405196,0.988505,0.166814,0.286257,-0.000794,0.000819,1,acq,20480,20480,0,16,True,False,1,1200000,8381618,False,-2472113,2473891,0,0,0,0,1,1,1784372983.277785
294,18,6,formal,down,32,9,0,-0.22966423812266612,1784372985.603486,1784372987.9222379,1784372986.762862,0.986229,0.166708,0.28603,-0.000785,0.000853,1,acq,20480,20480,0,16,True,False,1,1200000,8381618,False,-2418675,2454583,0,0,0,0,1,1,1784372985.603486
295,18,7,formal,down,32,9,0,-0.22966423812266612,1784372987.92248,1784372990.244512,1784372989.083496,0.985689,0.166767,0.286186,-0.000811,0.000796,1,acq,20480,20480,0,16,True,False,1,1200000,8381618,False,-2467286,2528853,0,0,0,0,1,1,1784372987.92248
296,18,8,formal,down,32,9,0,-0.22966423812266612,1784372990.2447581,1784372992.563873,1784372991.4043155,0.984612,0.166768,0.286349,-0.000776,0.0008,1,acq,20480,20480,0,16,True,False,1,1200000,8381618,False,-2431547,2479989,0,0,0,0,1,1,1784372990.2447581
297,18,9,formal,down,32,9,0,-0.22966423812266612,1784372992.5642529,1784372994.888919,1784372993.7265859,0.98376,0.166843,0.286338,-0.000791,0.000778,1,acq,20480,20480,0,16,True,False,1,1200000,8381618,False,-2487949,2493793,0,0,0,0,1,1,1784372992.5642529
298,18,10,formal,down,32,9,0,-0.22966423812266612,1784372994.889157,1784372997.205167,1784372996.047162,0.983822,0.16696,0.286753,-0.000783,0.000806,1,acq,20480,20480,0,16,True,False,1,1200000,8381618,False,-2451534,2439169,0,0,0,0,1,1,1784372994.889157
299,18,11,formal,down,32,9,0,-0.22966423812266612,1784372997.205416,1784372999.530553,1784372998.3679845,0.982622,0.166923,0.286706,-0.000746,0.000839,1,acq,20480,20480,0,16,True,False,1,1200000,8381618,False,-2418252,2501584,0,0,0,0,1,1,1784372997.205416
300,18,12,formal,down,32,9,0,-0.22966423812266612,1784372999.5307891,1784373001.852062,1784373000.6914256,0.981592,0.167038,0.286764,-0.000791,0.000792,1,acq,20480,20480,0,16,True,False,1,1200000,8381618,False,-2462374,2473468,0,0,0,0,1,1,1784372999.5307891
301,18,13,formal,down,32,9,0,-0.22966423812266612,1784373001.852352,1784373004.1790562,1784373003.0157042,0.980265,0.166958,0.286636,-0.000798,0.000786,1,acq,20480,20480,0,16,True,False,1,1200000,8381618,False,-2481344,2483292,0,0,0,0,1,1,1784373001.852352
302,18,14,formal,down,32,9,0,-0.22966423812266612,1784373004.1793122,1784373006.503907,1784373005.3416095,0.980045,0.166969,0.286787,-0.000769,0.000769,1,acq,20480,20480,0,16,True,False,1,1200000,8381618,False,-2443319,2504379,0,0,0,0,1,1,1784373004.1793122
303,18,15,formal,down,32,9,0,-0.22966423812266612,1784373006.5041568,1784373008.8285902,1784373007.6663735,0.979501,0.167055,0.286907,-0.000725,0.000748,1,acq,20480,20480,0,16,True,False,1,1200000,8381618,False,-2478718,2499975,0,0,0,0,1,1,1784373006.5041568
304,19,0,formal,up,32,9,1,-0.22966423812266612,1784373021.391584,1784373023.713908,1784373022.5527458,0.975507,0.167297,0.287209,-0.000806,0.000755,1,acq,20480,20480,0,16,True,False,1,1200000,8381618,False,-2485747,2540032,0,0,0,0,1,1,1784373021.391584
305,19,1,formal,up,32,9,1,-0.22966423812266612,1784373023.714266,1784373026.035671,1784373024.8749685,0.974813,0.16725,0.287235,-0.000754,0.000806,1,acq,20480,20480,0,16,True,False,1,1200000,8381618,False,-2442811,2499890,0,0,0,0,1,1,1784373023.714266
306,19,2,formal,up,32,9,1,-0.22966423812266612,1784373026.035902,1784373028.354232,1784373027.195067,0.974933,0.167336,0.287501,-0.000765,0.000808,1,acq,20480,20480,0,16,True,False,1,1200000,8381618,False,-2473976,2480920,0,0,0,0,1,1,1784373026.035902
307,19,3,formal,up,32,9,1,-0.22966423812266612,1784373028.354479,1784373030.6840131,1784373029.519246,0.974075,0.167304,0.287366,-0.000756,0.000798,1,acq,20480,20480,0,16,True,False,1,1200000,8381618,False,-2441795,2488712,0,0,0,0,1,1,1784373028.354479
308,19,4,formal,up,32,9,1,-0.22966423812266612,1784373030.684246,1784373033.004544,1784373031.8443952,0.973991,0.167387,0.287533,-0.00074,0.000805,1,acq,20480,20480,0,16,True,False,1,1200000,8381618,False,-2423926,2464237,0,0,0,0,1,1,1784373030.684246
309,19,5,formal,up,32,9,1,-0.22966423812266612,1784373033.004787,1784373035.3221729,1784373034.1634798,0.973377,0.167396,0.287641,-0.000739,0.000793,1,acq,20480,20480,0,16,True,False,1,1200000,8381618,False,-2459833,2499806,0,0,0,0,1,1,1784373033.004787
310,19,6,formal,up,32,9,1,-0.22966423812266612,1784373035.322407,1784373037.635533,1784373036.47897,0.972069,0.167288,0.287418,-0.00078,0.000783,1,acq,20480,20480,0,16,True,False,1,1200000,8381618,False,-2468895,2524619,0,0,0,0,1,1,1784373035.322407
311,19,7,formal,up,32,9,1,-0.22966423812266612,1784373037.6357918,1784373039.953076,1784373038.7944338,0.972774,0.167515,0.287838,-0.000758,0.00078,1,acq,20480,20480,0,16,True,False,1,1200000,8381618,False,-2480666,2504972,0,0,0,0,1,1,1784373037.6357918
312,19,8,formal,up,32,9,1,-0.22966423812266612,1784373039.953311,1784373042.27408,1784373041.1136956,0.972012,0.167442,0.287713,-0.000782,0.000774,1,acq,20480,20480,0,16,True,False,1,1200000,8381618,False,-2461696,2503278,0,0,0,0,1,1,1784373039.953311
313,19,9,formal,up,32,9,1,-0.22966423812266612,1784373042.274366,1784373044.5969532,1784373043.4356594,0.971766,0.167518,0.287806,-0.000781,0.000782,1,acq,20480,20480,0,16,True,False,1,1200000,8381618,False,-2455345,2495317,0,0,0,0,1,1,1784373042.274366
314,19,10,formal,up,32,9,1,-0.22966423812266612,1784373044.5972228,1784373046.918987,1784373045.7581048,0.971574,0.16763,0.287916,-0.000748,0.000759,1,acq,20480,20480,0,16,True,False,1,1200000,8381618,False,-2453143,2492014,0,0,0,0,1,1,1784373044.5972228
315,19,11,formal,up,32,9,1,-0.22966423812266612,1784373046.9192162,1784373049.2430668,1784373048.0811415,0.970999,0.167558,0.2879,-0.000795,0.000803,1,acq,20480,20480,0,16,True,False,1,1200000,8381618,False,-2477787,2492777,0,0,0,0,1,1,1784373046.9192162
316,19,12,formal,up,32,9,1,-0.22966423812266612,1784373049.243316,1784373051.5639098,1784373050.4036129,0.970533,0.167545,0.287873,-0.000771,0.000761,1,acq,20480,20480,0,16,True,False,1,1200000,8381618,False,-2453905,2480412,0,0,0,0,1,1,1784373049.243316
317,19,13,formal,up,32,9,1,-0.22966423812266612,1784373051.564196,1784373053.8827252,1784373052.7234607,0.970425,0.167651,0.288066,-0.00076,0.000767,1,acq,20480,20480,0,16,True,False,1,1200000,8381618,False,-2470673,2495317,0,0,0,0,1,1,1784373051.564196
318,19,14,formal,up,32,9,1,-0.22966423812266612,1784373053.8829691,1784373056.202424,1784373055.0426965,0.970098,0.167649,0.288101,-0.000775,0.000769,1,acq,20480,20480,0,16,True,False,1,1200000,8381618,False,-2486086,2468979,0,0,0,0,1,1,1784373053.8829691
319,19,15,formal,up,32,9,1,-0.22966423812266612,1784373056.2026649,1784373058.5216482,1784373057.3621564,0.970043,0.167742,0.288171,-0.000794,0.000799,1,acq,20480,20480,0,16,True,False,1,1200000,8381618,False,-2460934,2497096,0,0,0,0,1,1,1784373056.2026649
320,20,0,formal,up,11,10,0,-2.971287238345739,1784373101.072835,1784373103.383635,1784373102.228235,0.007741,0.025283,0.043264,0.000744,-0.001482,1,acq,20480,20480,0,16,True,False,1,1200000,8381618,False,-459176,460869,0,0,0,0,1,1,1784373101.072835
321,20,1,formal,up,11,10,0,-2.971287238345739,1784373103.3839538,1784373105.701868,1784373104.542911,0.007382,0.024767,0.042388,0.000764,-0.001485,1,acq,20480,20480,0,16,True,False,1,1200000,8381618,False,-452231,458752,0,0,0,0,1,1,1784373103.3839538
322,20,2,formal,up,11,10,0,-2.971287238345739,1784373105.702116,1784373108.02441,1784373106.8632631,0.00704,0.02426,0.041611,0.000751,-0.001451,1,acq,20480,20480,0,16,True,False,1,1200000,8381618,False,-447997,444271,0,0,0,0,1,1,1784373105.702116
323,20,3,formal,up,11,10,0,-2.971287238345739,1784373108.024653,1784373110.3478,1784373109.1862264,0.006735,0.023812,0.040831,0.00074,-0.001492,1,acq,20480,20480,0,16,True,False,1,1200000,8381618,False,-455788,436818,0,0,0,0,1,1,1784373108.024653
324,20,4,formal,up,11,10,0,-2.971287238345739,1784373110.348067,1784373112.672925,1784373111.5104961,0.006443,0.023448,0.040139,0.000764,-0.001484,1,acq,20480,20480,0,16,True,False,1,1200000,8381618,False,-438935,428603,0,0,0,0,1,1,1784373110.348067
325,20,5,formal,up,11,10,0,-2.971287238345739,1784373112.67332,1784373114.988231,1784373113.8307755,0.006139,0.022949,0.039311,0.000756,-0.001485,1,acq,20480,20480,0,16,True,False,1,1200000,8381618,False,-431059,424623,0,0,0,0,1,1,1784373112.67332
326,20,6,formal,up,11,10,0,-2.971287238345739,1784373114.98862,1784373117.311635,1784373116.1501274,0.005911,0.022612,0.038705,0.000744,-0.001489,1,acq,20480,20480,0,16,True,False,1,1200000,8381618,False,-416154,428519,0,0,0,0,1,1,1784373114.98862
327,20,7,formal,up,11,10,0,-2.971287238345739,1784373117.3118742,1784373119.642315,1784373118.4770947,0.005669,0.022167,0.038057,0.000759,-0.001487,1,acq,20480,20480,0,16,True,False,1,1200000,8381618,False,-421151,420304,0,0,0,0,1,1,1784373117.3118742
328,20,8,formal,up,11,10,0,-2.971287238345739,1784373119.6426399,1784373121.960138,1784373120.801389,0.005425,0.02187,0.037457,0.000765,-0.001495,1,acq,20480,20480,0,16,True,False,1,1200000,8381618,False,-410057,406077,0,0,0,0,1,1,1784373119.6426399
329,20,9,formal,up,11,10,0,-2.971287238345739,1784373121.960397,1784373124.279275,1784373123.1198359,0.005215,0.021476,0.036795,0.000757,-0.001487,1,acq,20480,20480,0,16,True,False,1,1200000,8381618,False,-408702,404213,0,0,0,0,1,1,1784373121.960397
330,20,10,formal,up,11,10,0,-2.971287238345739,1784373124.279507,1784373126.596082,1784373125.4377944,0.004997,0.021183,0.036267,0.000784,-0.00149,1,acq,20480,20480,0,16,True,False,1,1200000,8381618,False,-413021,394220,0,0,0,0,1,1,1784373124.279507
331,20,11,formal,up,11,10,0,-2.971287238345739,1784373126.596571,1784373128.9133718,1784373127.7549715,0.004796,0.020839,0.035701,0.000758,-0.001479,1,acq,20480,20480,0,16,True,False,1,1200000,8381618,False,-397523,385328,0,0,0,0,1,1,1784373126.596571
332,20,12,formal,up,11,10,0,-2.971287238345739,1784373128.9137049,1784373131.2382238,1784373130.0759645,0.004619,0.020508,0.035151,0.000772,-0.001479,1,acq,20480,20480,0,16,True,False,1,1200000,8381618,False,-394644,381771,0,0,0,0,1,1,1784373128.9137049
333,20,13,formal,up,11,10,0,-2.971287238345739,1784373131.238745,1784373133.561155,1784373132.39995,0.004436,0.020172,0.034571,0.000767,-0.001488,1,acq,20480,20480,0,16,True,False,1,1200000,8381618,False,-396761,389308,0,0,0,0,1,1,1784373131.238745
334,20,14,formal,up,11,10,0,-2.971287238345739,1784373133.561379,1784373135.889427,1784373134.7254028,0.004276,0.019869,0.03405,0.000772,-0.001493,1,acq,20480,20480,0,16,True,False,1,1200000,8381618,False,-388800,379485,0,0,0,0,1,1,1784373133.561379
335,20,15,formal,up,11,10,0,-2.971287238345739,1784373135.889813,1784373138.2126982,1784373137.0512557,0.004073,0.019562,0.03354,0.000766,-0.001484,1,acq,20480,20480,0,16,True,False,1,1200000,8381618,False,-387530,368306,0,0,0,0,1,1,1784373135.889813
336,21,0,formal,down,11,10,1,-2.971287238345739,1784373150.7996001,1784373153.124577,1784373151.9620886,0.00316,0.017834,0.03058,0.000777,-0.001495,1,acq,20480,20480,0,16,True,False,1,1200000,8381618,False,-356365,350268,0,0,0,0,1,1,1784373150.7996001
337,21,1,formal,down,11,10,1,-2.971287238345739,1784373153.124959,1784373155.449495,1784373154.2872272,0.003022,0.017552,0.030126,0.000785,-0.00149,1,acq,20480,20480,0,16,True,False,1,1200000,8381618,False,-371355,343408,0,0,0,0,1,1,1784373153.124959
338,21,2,formal,down,11,10,1,-2.971287238345739,1784373155.4497201,1784373157.776767,1784373156.6132436,0.002897,0.017292,0.029644,0.000791,-0.001495,1,acq,20480,20480,0,16,True,False,1,1200000,8381618,False,-353655,345525,0,0,0,0,1,1,1784373155.4497201
339,21,3,formal,down,11,10,1,-2.971287238345739,1784373157.777,1784373160.0986729,1784373158.9378364,0.002769,0.017037,0.029245,0.00078,-0.001477,1,acq,20480,20480,0,16,True,False,1,1200000,8381618,False,-350013,338835,0,0,0,0,1,1,1784373157.777
340,21,4,formal,down,11,10,1,-2.971287238345739,1784373160.098916,1784373162.418445,1784373161.2586806,0.00267,0.01677,0.028784,0.000797,-0.001495,1,acq,20480,20480,0,16,True,False,1,1200000,8381618,False,-340444,340952,0,0,0,0,1,1,1784373160.098916
341,21,5,formal,down,11,10,1,-2.971287238345739,1784373162.418679,1784373164.740322,1784373163.5795007,0.002541,0.01655,0.028365,0.000781,-0.001496,1,acq,20480,20480,0,16,True,False,1,1200000,8381618,False,-339682,329519,0,0,0,0,1,1,1784373162.418679
342,21,6,formal,down,11,10,1,-2.971287238345739,1784373164.740553,1784373167.067113,1784373165.903833,0.002436,0.016323,0.027981,0.000791,-0.001507,1,acq,20480,20480,0,16,True,False,1,1200000,8381618,False,-339766,326301,0,0,0,0,1,1,1784373164.740553
343,21,7,formal,down,11,10,1,-2.971287238345739,1784373167.067334,1784373169.395288,1784373168.2313108,0.002344,0.016062,0.027602,0.000781,-0.001496,1,acq,20480,20480,0,16,True,False,1,1200000,8381618,False,-329688,338835,0,0,0,0,1,1,1784373167.067334
344,21,8,formal,down,11,10,1,-2.971287238345739,1784373169.395526,1784373171.723488,1784373170.559507,0.002216,0.015829,0.027163,0.000803,-0.001512,1,acq,20480,20480,0,16,True,False,1,1200000,8381618,False,-335617,319187,0,0,0,0,1,1,1784373169.395526
345,21,9,formal,down,11,10,1,-2.971287238345739,1784373171.723712,1784373174.038399,1784373172.8810554,0.002113,0.015576,0.02676,0.000776,-0.001491,1,acq,20480,20480,0,16,True,False,1,1200000,8381618,False,-336548,320542,0,0,0,0,1,1,1784373171.723712
346,21,10,formal,down,11,10,1,-2.971287238345739,1784373174.038718,1784373176.3619661,1784373175.2003422,0.002012,0.015415,0.026401,0.000795,-0.001505,1,acq,20480,20480,0,16,True,False,1,1200000,8381618,False,-329434,315800,0,0,0,0,1,1,1784373174.038718
347,21,11,formal,down,11,10,1,-2.971287238345739,1784373176.3622222,1784373178.680095,1784373177.5211587,0.001924,0.015204,0.026053,0.0008,-0.001475,1,acq,20480,20480,0,16,True,False,1,1200000,8381618,False,-318256,319526,0,0,0,0,1,1,1784373176.3622222
348,21,12,formal,down,11,10,1,-2.971287238345739,1784373178.680337,1784373180.9967492,1784373179.838543,0.001841,0.014976,0.025681,0.000795,-0.001509,1,acq,20480,20480,0,16,True,False,1,1200000,8381618,False,-318425,314360,0,0,0,0,1,1,1784373178.680337
349,21,13,formal,down,11,10,1,-2.971287238345739,1784373180.997105,1784373183.313417,1784373182.155261,0.001746,0.014707,0.025288,0.000789,-0.001498,1,acq,20480,20480,0,16,True,False,1,1200000,8381618,False,-315884,314445,0,0,0,0,1,1,1784373180.997105
350,21,14,formal,down,11,10,1,-2.971287238345739,1784373183.313694,1784373185.638008,1784373184.475851,0.001651,0.014551,0.024889,0.000799,-0.001503,1,acq,20480,20480,0,16,True,False,1,1200000,8381618,False,-317493,298608,0,0,0,0,1,1,1784373183.313694
351,21,15,formal,down,11,10,1,-2.971287238345739,1784373185.6382568,1784373187.960057,1784373186.799157,0.001563,0.01428,0.024579,0.000797,-0.001484,1,acq,20480,20480,0,16,True,False,1,1200000,8381618,False,-316562,297423,0,0,0,0,1,1,1784373185.6382568
352,22,0,formal,down,69,11,0,4.600814381317985,1784373281.8406742,1784373284.1795058,1784373283.0100899,0.84748,-0.172447,-0.294478,-3.9e-05,0.000817,1,acq,20480,20480,0,16,True,False,1,1200000,8381618,False,-2532834,2616590,0,0,0,0,1,1,1784373281.8406742
353,22,1,formal,down,69,11,0,4.600814381317985,1784373284.179748,1784373286.5081909,1784373285.3439693,0.844092,-0.172448,-0.2946,-8e-06,0.000819,1,acq,20480,20480,0,16,True,False,1,1200000,8381618,False,-2559172,2621671,0,0,0,0,1,1,1784373284.179748
354,22,2,formal,down,69,11,0,4.600814381317985,1784373286.5084429,1784373288.840194,1784373287.6743183,0.840507,-0.172473,-0.294618,3.1e-05,0.000813,1,acq,20480,20480,0,16,True,False,1,1200000,8381618,False,-2487611,2551719,0,0,0,0,1,1,1784373286.5084429
355,22,3,formal,down,69,11,0,4.600814381317985,1784373288.840447,1784373291.1713521,1784373290.0058994,0.83733,-0.17241,-0.294656,2.6e-05,0.000785,1,acq,20480,20480,0,16,True,False,1,1200000,8381618,False,-2473976,2544097,0,0,0,0,1,1,1784373288.840447
356,22,4,formal,down,69,11,0,4.600814381317985,1784373291.171575,1784373293.524056,1784373292.3478155,0.834299,-0.172477,-0.294699,8e-06,0.000744,1,acq,20480,20480,0,16,True,False,1,1200000,8381618,False,-2470250,2569503,0,0,0,0,1,1,1784373291.171575
357,22,5,formal,down,69,11,0,4.600814381317985,1784373293.524296,1784373295.865182,1784373294.6947389,0.831801,-0.172587,-0.294891,-1.9e-05,0.00076,1,acq,20480,20480,0,16,True,False,1,1200000,8381618,False,-2474145,2538593,0,0,0,0,1,1,1784373293.524296
358,22,6,formal,down,69,11,0,4.600814381317985,1784373295.865433,1784373298.1970298,1784373297.0312314,0.828479,-0.172415,-0.294722,-4e-06,0.000777,1,acq,20480,20480,0,16,True,False,1,1200000,8381618,False,-2491760,2668503,0,0,0,0,1,1,1784373295.865433
359,22,7,formal,down,69,11,0,4.600814381317985,1784373298.197387,1784373300.524322,1784373299.3608546,0.826605,-0.172701,-0.29505,-1.1e-05,0.00072,1,acq,20480,20480,0,16,True,False,1,1200000,8381618,False,-2477363,2548755,0,0,0,0,1,1,1784373298.197387
360,22,8,formal,down,69,11,0,4.600814381317985,1784373300.524561,1784373302.8541598,1784373301.6893604,0.824069,-0.172662,-0.29511,2e-05,0.000683,1,acq,20480,20480,0,16,True,False,1,1200000,8381618,False,-2472028,2557054,0,0,0,0,1,1,1784373300.524561
361,22,9,formal,down,69,11,0,4.600814381317985,1784373302.854507,1784373305.1855721,1784373304.0200396,0.82175,-0.172762,-0.29521,2e-06,0.000743,1,acq,20480,20480,0,16,True,False,1,1200000,8381618,False,-2488966,2530547,0,0,0,0,1,1,1784373302.854507
362,22,10,formal,down,69,11,0,4.600814381317985,1784373305.185811,1784373307.53012,1784373306.3579655,0.8194,-0.172748,-0.295299,5.7e-05,0.000686,1,acq,20480,20480,0,16,True,False,1,1200000,8381618,False,-2503362,2599059,0,0,0,0,1,1,1784373305.185811
363,22,11,formal,down,69,11,0,4.600814381317985,1784373307.5303612,1784373309.872098,1784373308.7012296,0.81637,-0.172608,-0.295001,3e-06,0.000711,1,acq,20480,20480,0,16,True,False,1,1200000,8381618,False,-2508867,2594317,0,0,0,0,1,1,1784373307.5303612
364,22,12,formal,down,69,11,0,4.600814381317985,1784373309.872433,1784373312.194561,1784373311.0334969,0.813974,-0.172658,-0.295067,-0.0,0.000744,1,acq,20480,20480,0,16,True,False,1,1200000,8381618,False,-2527837,2531055,0,0,0,0,1,1,1784373309.872433
365,22,13,formal,down,69,11,0,4.600814381317985,1784373312.194816,1784373314.539407,1784373313.3671117,0.812323,-0.172736,-0.295181,1.7e-05,0.000728,1,acq,20480,20480,0,16,True,False,1,1200000,8381618,False,-2485832,2558748,0,0,0,0,1,1,1784373312.194816
366,22,14,formal,down,69,11,0,4.600814381317985,1784373314.539646,1784373316.880565,1784373315.7101054,0.809731,-0.172623,-0.29513,5.8e-05,0.000689,1,acq,20480,20480,0,16,True,False,1,1200000,8381618,False,-2471012,2605580,0,0,0,0,1,1,1784373314.539646
367,22,15,formal,down,69,11,0,4.600814381317985,1784373316.880882,1784373319.222555,1784373318.0517185,0.808342,-0.172774,-0.295376,1.6e-05,0.000685,1,acq,20480,20480,0,16,True,False,1,1200000,8381618,False,-2476262,2588219,0,0,0,0,1,1,1784373316.880882
368,23,0,formal,up,69,11,1,4.600814381317985,1784373331.9193852,1784373334.255265,1784373333.087325,0.796674,-0.172932,-0.295597,3e-05,0.000642,1,acq,20480,20480,0,16,True,False,1,1200000,8381618,False,-2486764,2607189,0,0,0,0,1,1,1784373331.9193852
369,23,1,formal,up,69,11,1,4.600814381317985,1784373334.255504,1784373336.594398,1784373335.424951,0.793895,-0.172722,-0.295266,1.8e-05,0.000664,1,acq,20480,20480,0,16,True,False,1,1200000,8381618,False,-2450179,2559510,0,0,0,0,1,1,1784373334.255504
370,23,2,formal,up,69,11,1,4.600814381317985,1784373336.5946722,1784373338.934301,1784373337.7644866,0.791606,-0.172645,-0.295031,6.4e-05,0.000661,1,acq,20480,20480,0,16,True,False,1,1200000,8381618,False,-2554175,2610746,0,0,0,0,1,1,1784373336.5946722
371,23,3,formal,up,69,11,1,4.600814381317985,1784373338.9345438,1784373341.262847,1784373340.0986953,0.790785,-0.172812,-0.295441,8.7e-05,0.000685,1,acq,20480,20480,0,16,True,False,1,1200000,8381618,False,-2480666,2589828,0,0,0,0,1,1,1784373338.9345438
372,23,4,formal,up,69,11,1,4.600814381317985,1784373341.263137,1784373343.59702,1784373342.4300785,0.789244,-0.172843,-0.295475,6.2e-05,0.000669,1,acq,20480,20480,0,16,True,False,1,1200000,8381618,False,-2547654,2600160,0,0,0,0,1,1,1784373341.263137
373,23,5,formal,up,69,11,1,4.600814381317985,1784373343.5973141,1784373345.9321039,1784373344.764709,0.787626,-0.172863,-0.295612,3e-06,0.000644,1,acq,20480,20480,0,16,True,False,1,1200000,8381618,False,-2480666,2509714,0,0,0,0,1,1,1784373343.5973141
374,23,6,formal,up,69,11,1,4.600814381317985,1784373345.932342,1784373348.273901,1784373347.1031215,0.786168,-0.172889,-0.295582,8.8e-05,0.000689,1,acq,20480,20480,0,16,True,False,1,1200000,8381618,False,-2495995,2574246,0,0,0,0,1,1,1784373345.932342
375,23,7,formal,up,69,11,1,4.600814381317985,1784373348.274152,1784373350.6236002,1784373349.4488761,0.784222,-0.172865,-0.295544,8.6e-05,0.000658,1,acq,20480,20480,0,16,True,False,1,1200000,8381618,False,-2497519,2526990,0,0,0,0,1,1,1784373348.274152
376,23,8,formal,up,69,11,1,4.600814381317985,1784373350.623987,1784373352.968489,1784373351.796238,0.782259,-0.172702,-0.295305,5e-05,0.000661,1,acq,20480,20480,0,16,True,False,1,1200000,8381618,False,-2494047,2556123,0,0,0,0,1,1,1784373350.623987
377,23,9,formal,up,69,11,1,4.600814381317985,1784373352.968713,1784373355.301406,1784373354.1350594,0.781474,-0.172854,-0.295593,7.7e-05,0.000645,1,acq,20480,20480,0,16,True,False,1,1200000,8381618,False,-2507173,2570604,0,0,0,0,1,1,1784373352.968713
378,23,10,formal,up,69,11,1,4.600814381317985,1784373355.3016808,1784373357.6465259,1784373356.4741035,0.779706,-0.172793,-0.295517,8.8e-05,0.000667,1,acq,20480,20480,0,16,True,False,1,1200000,8381618,False,-2512001,2534951,0,0,0,0,1,1,1784373355.3016808
379,23,11,formal,up,69,11,1,4.600814381317985,1784373357.6467578,1784373359.9885309,1784373358.8176444,0.77794,-0.172784,-0.295344,3.2e-05,0.00059,1,acq,20480,20480,0,16,True,False,1,1200000,8381618,False,-2501330,2552820,0,0,0,0,1,1,1784373357.6467578
380,23,12,formal,up,69,11,1,4.600814381317985,1784373359.988759,1784373362.332891,1784373361.160825,0.776387,-0.172754,-0.295328,0.000112,0.000638,1,acq,20480,20480,0,16,True,False,1,1200000,8381618,False,-2497858,2570266,0,0,0,0,1,1,1784373359.988759
381,23,13,formal,up,69,11,1,4.600814381317985,1784373362.333146,1784373364.674428,1784373363.503787,0.775193,-0.172775,-0.29544,9.1e-05,0.000635,1,acq,20480,20480,0,16,True,False,1,1200000,8381618,False,-2515557,2582122,0,0,0,0,1,1,1784373362.333146
382,23,14,formal,up,69,11,1,4.600814381317985,1784373364.674655,1784373366.9962392,1784373365.835447,0.773708,-0.172706,-0.295413,9.2e-05,0.000617,1,acq,20480,20480,0,16,True,False,1,1200000,8381618,False,-2472790,2549941,0,0,0,0,1,1,1784373364.674655
383,23,15,formal,up,69,11,1,4.600814381317985,1784373366.996545,1784373369.325135,1784373368.16084,0.772456,-0.172735,-0.295452,6.3e-05,0.000669,1,acq,20480,20480,0,16,True,False,1,1200000,8381618,False,-2473976,2572129,0,0,0,0,1,1,1784373366.996545
384,24,0,formal,up,56,12,0,2.9036191907037026,1784373399.352611,1784373401.6913762,1784373400.5219936,1.2,-0.097222,-0.166934,-0.000262,0.000946,1,acq,20480,20480,0,16,True,False,1,1200000,8381618,False,-1544869,1515737,0,0,0,0,1,1,1784373399.352611
385,24,1,formal,up,56,12,0,2.9036191907037026,1784373401.691605,1784373404.0327628,1784373402.862184,1.2,-0.097223,-0.166847,-0.000286,0.000965,1,acq,20480,20480,0,16,True,False,1,1200000,8381618,False,-1482709,1520988,0,0,0,0,1,1,1784373401.691605
386,24,2,formal,up,56,12,0,2.9036191907037026,1784373404.032984,1784373406.362447,1784373405.1977155,1.2,-0.097112,-0.166712,-0.000302,0.000953,1,acq,20480,20480,0,16,True,False,1,1200000,8381618,False,-1539026,1640312,0,0,0,0,1,1,1784373404.032984
387,24,3,formal,up,56,12,0,2.9036191907037026,1784373406.3627148,1784373408.703775,1784373407.5332448,1.2,-0.0971,-0.166767,-0.000292,0.000973,1,acq,20480,20480,0,16,True,False,1,1200000,8381618,False,-1520564,1540466,0,0,0,0,1,1,1784373406.3627148
388,24,4,formal,up,56,12,0,2.9036191907037026,1784373408.704117,1784373411.027509,1784373409.865813,1.2,-0.097114,-0.166793,-0.000273,0.001004,1,acq,20480,20480,0,16,True,False,1,1200000,8381618,False,-1489060,1542583,0,0,0,0,1,1,1784373408.704117
389,24,5,formal,up,56,12,0,2.9036191907037026,1784373411.0278962,1784373413.3649468,1784373412.1964216,1.2,-0.096868,-0.166526,-0.000304,0.00096,1,acq,20480,20480,0,16,True,False,1,1200000,8381618,False,-1484233,1518616,0,0,0,0,1,1,1784373411.0278962
390,24,6,formal,up,56,12,0,2.9036191907037026,1784373413.3651829,1784373415.707566,1784373414.5363746,1.2,-0.096951,-0.166614,-0.000331,0.000931,1,acq,20480,20480,0,16,True,False,1,1200000,8381618,False,-1530049,1583233,0,0,0,0,1,1,1784373413.3651829
391,24,7,formal,up,56,12,0,2.9036191907037026,1784373415.707794,1784373418.055232,1784373416.881513,1.2,-0.097049,-0.166662,-0.000266,0.000983,1,acq,20480,20480,0,16,True,False,1,1200000,8381618,False,-1477204,1534961,0,0,0,0,1,1,1784373415.707794
392,24,8,formal,up,56,12,0,2.9036191907037026,1784373418.055441,1784373420.379592,1784373419.2175164,1.2,-0.097096,-0.166819,-0.000293,0.000981,1,acq,20480,20480,0,16,True,False,1,1200000,8381618,False,-1521665,1542583,0,0,0,0,1,1,1784373418.055441
393,24,9,formal,up,56,12,0,2.9036191907037026,1784373420.379849,1784373422.723286,1784373421.5515676,1.2,-0.097104,-0.166868,-0.000286,0.000994,1,acq,20480,20480,0,16,True,False,1,1200000,8381618,False,-1475764,1586112,0,0,0,0,1,1,1784373420.379849
394,24,10,formal,up,56,12,0,2.9036191907037026,1784373422.7235332,1784373425.060298,1784373423.8919156,1.2,-0.097106,-0.166915,-0.000284,0.001018,1,acq,20480,20480,0,16,True,False,1,1200000,8381618,False,-1488044,1503457,0,0,0,0,1,1,1784373422.7235332
395,24,11,formal,up,56,12,0,2.9036191907037026,1784373425.060501,1784373427.3979251,1784373426.2292132,1.2,-0.097019,-0.166845,-0.00032,0.000972,1,acq,20480,20480,0,16,True,False,1,1200000,8381618,False,-1485673,1547579,0,0,0,0,1,1,1784373425.060501
396,24,12,formal,up,56,12,0,2.9036191907037026,1784373427.398156,1784373429.730827,1784373428.5644915,1.2,-0.09715,-0.166884,-0.000303,0.000981,1,acq,20480,20480,0,16,True,False,1,1200000,8381618,False,-1532082,1566211,0,0,0,0,1,1,1784373427.398156
397,24,13,formal,up,56,12,0,2.9036191907037026,1784373429.731065,1784373432.063284,1784373430.8971744,1.2,-0.097167,-0.166998,-0.000256,0.000979,1,acq,20480,20480,0,16,True,False,1,1200000,8381618,False,-1510147,1528440,0,0,0,0,1,1,1784373429.731065
398,24,14,formal,up,56,12,0,2.9036191907037026,1784373432.0635772,1784373434.383003,1784373433.22329,1.2,-0.09718,-0.167163,-0.000264,0.000961,1,acq,20480,20480,0,16,True,False,1,1200000,8381618,False,-1524036,1557911,0,0,0,0,1,1,1784373432.0635772
399,24,15,formal,up,56,12,0,2.9036191907037026,1784373434.383213,1784373436.720201,1784373435.551707,1.2,-0.097171,-0.167203,-0.000255,0.00097,1,acq,20480,20480,0,16,True,False,1,1200000,8381618,False,-1536824,1551560,0,0,0,0,1,1,1784373434.383213
400,25,0,formal,down,56,12,1,2.9036191907037026,1784373449.47106,1784373451.798353,1784373450.6347065,1.2,-0.09748,-0.167687,-0.000277,0.000989,1,acq,20480,20480,0,16,True,False,1,1200000,8381618,False,-1503372,1574510,0,0,0,0,1,1,1784373449.47106
401,25,1,formal,down,56,12,1,2.9036191907037026,1784373451.798783,1784373454.13808,1784373452.9684315,1.2,-0.097456,-0.167732,-0.000247,0.000985,1,acq,20480,20480,0,16,True,False,1,1200000,8381618,False,-1636671,1548765,0,0,0,0,1,1,1784373451.798783
402,25,2,formal,down,56,12,1,2.9036191907037026,1784373454.138428,1784373456.466052,1784373455.30224,1.2,-0.097623,-0.167969,-0.000257,0.000954,1,acq,20480,20480,0,16,True,False,1,1200000,8381618,False,-1546563,1603050,0,0,0,0,1,1,1784373454.138428
403,25,3,formal,down,56,12,1,2.9036191907037026,1784373456.4662871,1784373458.803363,1784373457.6348252,1.2,-0.097637,-0.168053,-0.000266,0.000993,1,acq,20480,20480,0,16,True,False,1,1200000,8381618,False,-1487536,1548426,0,0,0,0,1,1,1784373456.4662871
404,25,4,formal,down,56,12,1,2.9036191907037026,1784373458.803585,1784373461.1377752,1784373459.9706802,1.2,-0.09766,-0.168026,-0.00028,0.00098,1,acq,20480,20480,0,16,True,False,1,1200000,8381618,False,-1521834,1615075,0,0,0,0,1,1,1784373458.803585
405,25,5,formal,down,56,12,1,2.9036191907037026,1784373461.1380212,1784373463.4911191,1784373462.3145702,1.2,-0.097762,-0.168262,-0.000244,0.000907,1,acq,20480,20480,0,16,True,False,1,1200000,8381618,False,-1491770,1562823,0,0,0,0,1,1,1784373461.1380212
406,25,6,formal,down,56,12,1,2.9036191907037026,1784373463.491335,1784373465.824555,1784373464.657945,1.2,-0.097834,-0.168285,-0.000269,0.001016,1,acq,20480,20480,0,16,True,False,1,1200000,8381618,False,-1522512,1549866,0,0,0,0,1,1,1784373463.491335
407,25,7,formal,down,56,12,1,2.9036191907037026,1784373465.8247948,1784373468.1626759,1784373466.9937353,1.2,-0.097872,-0.168493,-0.000273,0.000955,1,acq,20480,20480,0,16,True,False,1,1200000,8381618,False,-1497190,1528017,0,0,0,0,1,1,1784373465.8247948
408,25,8,formal,down,56,12,1,2.9036191907037026,1784373468.16292,1784373470.503666,1784373469.333293,1.2,-0.097899,-0.168501,-0.000258,0.000963,1,acq,20480,20480,0,16,True,False,1,1200000,8381618,False,-1526746,1582809,0,0,0,0,1,1,1784373468.16292
409,25,9,formal,down,56,12,1,2.9036191907037026,1784373470.5038972,1784373472.844979,1784373471.674438,1.2,-0.097983,-0.168666,-0.00024,0.000972,1,acq,20480,20480,0,16,True,False,1,1200000,8381618,False,-1526577,1572478,0,0,0,0,1,1,1784373470.5038972
410,25,10,formal,down,56,12,1,2.9036191907037026,1784373472.845264,1784373475.185421,1784373474.0153425,1.2,-0.098028,-0.168745,-0.000271,0.000971,1,acq,20480,20480,0,16,True,False,1,1200000,8381618,False,-1472546,1581116,0,0,0,0,1,1,1784373472.845264
411,25,11,formal,down,56,12,1,2.9036191907037026,1784373475.185705,1784373477.503873,1784373476.344789,1.2,-0.098112,-0.168795,-0.000266,0.000948,1,acq,20480,20480,0,16,True,False,1,1200000,8381618,False,-1494480,1545632,0,0,0,0,1,1,1784373475.185705
412,25,12,formal,down,56,12,1,2.9036191907037026,1784373477.504118,1784373479.8381891,1784373478.6711535,1.2,-0.098192,-0.169004,-0.000267,0.00096,1,acq,20480,20480,0,16,True,False,1,1200000,8381618,False,-1545039,1554100,0,0,0,0,1,1,1784373477.504118
413,25,13,formal,down,56,12,1,2.9036191907037026,1784373479.838413,1784373482.171532,1784373481.0049725,1.2,-0.098211,-0.169131,-0.000279,0.000946,1,acq,20480,20480,0,16,True,False,1,1200000,8381618,False,-1513027,1582132,0,0,0,0,1,1,1784373479.838413
414,25,14,formal,down,56,12,1,2.9036191907037026,1784373482.171749,1784373484.5143502,1784373483.3430495,1.2,-0.098212,-0.169069,-0.000241,0.000954,1,acq,20480,20480,0,16,True,False,1,1200000,8381618,False,-1505151,1590008,0,0,0,0,1,1,1784373482.171749
415,25,15,formal,down,56,12,1,2.9036191907037026,1784373484.514611,1784373486.845922,1784373485.6802664,1.2,-0.098312,-0.169291,-0.000246,0.000974,1,acq,20480,20480,0,16,True,False,1,1200000,8381618,False,-1511079,1526238,0,0,0,0,1,1,1784373484.514611
416,26,0,formal,down,24,13,0,-1.2740920477314557,1784373541.263187,1784373543.595704,1784373542.4294455,0.54234,0.1599,0.273444,-0.00182,0.002151,1,acq,20480,20480,0,16,True,False,1,1200000,8381618,False,-2340847,2375400,0,0,0,0,1,1,1784373541.263187
417,26,1,formal,down,24,13,0,-1.2740920477314557,1784373543.595957,1784373545.928635,1784373544.762296,0.539741,0.159826,0.273286,-0.001818,0.002172,1,acq,20480,20480,0,16,True,False,1,1200000,8381618,False,-2316542,2399536,0,0,0,0,1,1,1784373543.595957
418,26,2,formal,down,24,13,0,-1.2740920477314557,1784373545.929027,1784373548.267182,1784373547.0981045,0.537244,0.159531,0.272943,-0.001772,0.002155,1,acq,20480,20480,0,16,True,False,1,1200000,8381618,False,-2307057,2368879,0,0,0,0,1,1,1784373545.929027
419,26,3,formal,down,24,13,0,-1.2740920477314557,1784373548.2674198,1784373550.605914,1784373549.436667,0.535035,0.15949,0.272755,-0.001768,0.00215,1,acq,20480,20480,0,16,True,False,1,1200000,8381618,False,-2329838,2364729,0,0,0,0,1,1,1784373548.2674198
420,26,4,formal,down,24,13,0,-1.2740920477314557,1784373550.6061308,1784373552.9425879,1784373551.7743592,0.533046,0.159346,0.272558,-0.001775,0.002117,1,acq,20480,20480,0,16,True,False,1,1200000,8381618,False,-2312223,2360156,0,0,0,0,1,1,1784373550.6061308
421,26,5,formal,down,24,13,0,-1.2740920477314557,1784373552.942805,1784373555.269574,1784373554.1061895,0.531057,0.159221,0.272321,-0.001761,0.002107,1,acq,20480,20480,0,16,True,False,1,1200000,8381618,False,-2325349,2362781,0,0,0,0,1,1,1784373552.942805
422,26,6,formal,down,24,13,0,-1.2740920477314557,1784373555.269921,1784373557.614222,1784373556.4420714,0.528722,0.158849,0.271832,-0.001754,0.002127,1,acq,20480,20480,0,16,True,False,1,1200000,8381618,False,-2323656,2370911,0,0,0,0,1,1,1784373555.269921
423,26,7,formal,down,24,13,0,-1.2740920477314557,1784373557.6144488,1784373559.9626591,1784373558.788554,0.526997,0.158763,0.271702,-0.001759,0.002107,1,acq,20480,20480,0,16,True,False,1,1200000,8381618,False,-2310021,2345505,0,0,0,0,1,1,1784373557.6144488
424,26,8,formal,down,24,13,0,-1.2740920477314557,1784373559.962971,1784373562.3008268,1784373561.1318989,0.525454,0.158703,0.271612,-0.001754,0.00213,1,acq,20480,20480,0,16,True,False,1,1200000,8381618,False,-2308920,2343049,0,0,0,0,1,1,1784373559.962971
425,26,9,formal,down,24,13,0,-1.2740920477314557,1784373562.3010318,1784373564.636672,1784373563.468852,0.523767,0.158567,0.271377,-0.001709,0.002111,1,acq,20480,20480,0,16,True,False,1,1200000,8381618,False,-2302907,2352873,0,0,0,0,1,1,1784373562.3010318
426,26,10,formal,down,24,13,0,-1.2740920477314557,1784373564.6369789,1784373566.978202,1784373565.8075905,0.522201,0.158472,0.271168,-0.001775,0.002073,1,acq,20480,20480,0,16,True,False,1,1200000,8381618,False,-2341863,2343811,0,0,0,0,1,1,1784373564.6369789
427,26,11,formal,down,24,13,0,-1.2740920477314557,1784373566.978446,1784373569.2976482,1784373568.1380472,0.520302,0.158228,0.270793,-0.001747,0.002122,1,acq,20480,20480,0,16,True,False,1,1200000,8381618,False,-2331362,2406988,0,0,0,0,1,1,1784373566.978446
428,26,12,formal,down,24,13,0,-1.2740920477314557,1784373569.2978802,1784373571.6392488,1784373570.4685645,0.518932,0.158092,0.270629,-0.001736,0.002076,1,acq,20480,20480,0,16,True,False,1,1200000,8381618,False,-2289527,2359648,0,0,0,0,1,1,1784373569.2978802
429,26,13,formal,down,24,13,0,-1.2740920477314557,1784373571.639477,1784373573.9672918,1784373572.8033843,0.517803,0.158108,0.270614,-0.001725,0.002094,1,acq,20480,20480,0,16,True,False,1,1200000,8381618,False,-2301298,2336359,0,0,0,0,1,1,1784373571.639477
430,26,14,formal,down,24,13,0,-1.2740920477314557,1784373573.967513,1784373576.292161,1784373575.129837,0.516564,0.158067,0.270552,-0.001759,0.00213,1,acq,20480,20480,0,16,True,False,1,1200000,8381618,False,-2294438,2335088,0,0,0,0,1,1,1784373573.967513
431,26,15,formal,down,24,13,0,-1.2740920477314557,1784373576.2923782,1784373578.637089,1784373577.4647336,0.514892,0.157831,0.270131,-0.001724,0.00211,1,acq,20480,20480,0,16,True,False,1,1200000,8381618,False,-2291051,2347876,0,0,0,0,1,1,1784373576.2923782
432,27,0,formal,up,24,13,1,-1.2740920477314557,1784373591.358658,1784373593.698637,1784373592.5286474,0.507312,0.157231,0.269275,-0.001744,0.00207,1,acq,20480,20480,0,16,True,False,1,1200000,8381618,False,-2286732,2314171,0,0,0,0,1,1,1784373591.358658
433,27,1,formal,up,24,13,1,-1.2740920477314557,1784373593.698897,1784373596.035819,1784373594.867358,0.506345,0.157166,0.269221,-0.001742,0.002041,1,acq,20480,20480,0,16,True,False,1,1200000,8381618,False,-2281735,2322385,0,0,0,0,1,1,1784373593.698897
434,27,2,formal,up,24,13,1,-1.2740920477314557,1784373596.036062,1784373598.369878,1784373597.20297,0.505102,0.157006,0.268942,-0.001744,0.002037,1,acq,20480,20480,0,16,True,False,1,1200000,8381618,False,-2316542,2342541,0,0,0,0,1,1,1784373596.036062
435,27,3,formal,up,24,13,1,-1.2740920477314557,1784373598.3703291,1784373600.7171881,1784373599.5437586,0.50426,0.156982,0.268928,-0.001746,0.002071,1,acq,20480,20480,0,16,True,False,1,1200000,8381618,False,-2309767,2325519,0,0,0,0,1,1,1784373598.3703291
436,27,4,formal,up,24,13,1,-1.2740920477314557,1784373600.7174022,1784373603.033052,1784373601.875227,0.503277,0.156926,0.268734,-0.001718,0.002048,1,acq,20480,20480,0,16,True,False,1,1200000,8381618,False,-2279618,2332717,0,0,0,0,1,1,1784373600.7174022
437,27,5,formal,up,24,13,1,-1.2740920477314557,1784373603.03323,1784373605.358452,1784373604.195841,0.50237,0.156881,0.26869,-0.00172,0.002009,1,acq,20480,20480,0,16,True,False,1,1200000,8381618,False,-2261834,2323486,0,0,0,0,1,1,1784373603.03323
438,27,6,formal,up,24,13,1,-1.2740920477314557,1784373605.358677,1784373607.6850739,1784373606.5218754,0.501068,0.156706,0.268322,-0.001724,0.002029,1,acq,20480,20480,0,16,True,False,1,1200000,8381618,False,-2259039,2340508,0,0,0,0,1,1,1784373605.358677
439,27,7,formal,up,24,13,1,-1.2740920477314557,1784373607.685311,1784373610.022559,1784373608.853935,0.500116,0.156565,0.268198,-0.001675,0.002047,1,acq,20480,20480,0,16,True,False,1,1200000,8381618,False,-2262765,2329160,0,0,0,0,1,1,1784373607.685311
440,27,8,formal,up,24,13,1,-1.2740920477314557,1784373610.022762,1784373612.3636632,1784373611.1932125,0.499314,0.156481,0.26813,-0.001701,0.002041,1,acq,20480,20480,0,16,True,False,1,1200000,8381618,False,-2254635,2332802,0,0,0,0,1,1,1784373610.022762
441,27,9,formal,up,24,13,1,-1.2740920477314557,1784373612.3639,1784373614.712672,1784373613.538286,0.498475,0.156537,0.26806,-0.00171,0.002019,1,acq,20480,20480,0,16,True,False,1,1200000,8381618,False,-2252772,2318744,0,0,0,0,1,1,1784373612.3639
442,27,10,formal,up,24,13,1,-1.2740920477314557,1784373614.712909,1784373617.0444312,1784373615.8786702,0.497224,0.156287,0.267761,-0.001677,0.002035,1,acq,20480,20480,0,16,True,False,1,1200000,8381618,False,-2272928,2328652,0,0,0,0,1,1,1784373614.712909
443,27,11,formal,up,24,13,1,-1.2740920477314557,1784373617.044649,1784373619.376568,1784373618.2106085,0.496713,0.156274,0.267773,-0.001707,0.001993,1,acq,20480,20480,0,16,True,False,1,1200000,8381618,False,-2249385,2306803,0,0,0,0,1,1,1784373617.044649
444,27,12,formal,up,24,13,1,-1.2740920477314557,1784373619.3768342,1784373621.7077959,1784373620.542315,0.495796,0.156205,0.267572,-0.001693,0.00203,1,acq,20480,20480,0,16,True,False,1,1200000,8381618,False,-2270048,2329668,0,0,0,0,1,1,1784373619.3768342
445,27,13,formal,up,24,13,1,-1.2740920477314557,1784373621.708013,1784373624.0293708,1784373622.868692,0.494773,0.156116,0.267419,-0.001669,0.002024,1,acq,20480,20480,0,16,True,False,1,1200000,8381618,False,-2269117,2354567,0,0,0,0,1,1,1784373621.708013
446,27,14,formal,up,24,13,1,-1.2740920477314557,1784373624.0296419,1784373626.368311,1784373625.1989765,0.494424,0.156231,0.267572,-0.0017,0.002031,1,acq,20480,20480,0,16,True,False,1,1200000,8381618,False,-2260055,2292660,0,0,0,0,1,1,1784373624.0296419
447,27,15,formal,up,24,13,1,-1.2740920477314557,1784373626.3685372,1784373628.695819,1784373627.532178,0.493508,0.156116,0.267393,-0.001698,0.002016,1,acq,20480,20480,0,16,True,False,1,1200000,8381618,False,-2261072,2314086,0,0,0,0,1,1,1784373626.3685372
448,28,0,formal,up,25,14,0,-1.1435385715303568,1784373639.9593449,1784373642.29591,1784373641.1276274,0.545621,0.163591,0.280357,-0.000428,0.000122,1,acq,20480,20480,0,16,True,False,1,1200000,8381618,False,-2398689,2392253,0,0,0,0,1,1,1784373639.9593449
449,28,1,formal,up,25,14,0,-1.1435385715303568,1784373642.296184,1784373644.646167,1784373643.4711757,0.545416,0.163649,0.280637,-0.000445,0.000157,1,acq,20480,20480,0,16,True,False,1,1200000,8381618,False,-2421470,2401483,0,0,0,0,1,1,1784373642.296184
450,28,2,formal,up,25,14,0,-1.1435385715303568,1784373644.646401,1784373646.980612,1784373645.8135066,0.544397,0.163427,0.280278,-0.000406,0.000171,1,acq,20480,20480,0,16,True,False,1,1200000,8381618,False,-2394370,2370149,0,0,0,0,1,1,1784373644.646401
451,28,3,formal,up,25,14,0,-1.1435385715303568,1784373646.980854,1784373649.3161879,1784373648.148521,0.543885,0.163354,0.280267,-0.00045,0.00018,1,acq,20480,20480,0,16,True,False,1,1200000,8381618,False,-2384038,2412493,0,0,0,0,1,1,1784373646.980854
452,28,4,formal,up,25,14,0,-1.1435385715303568,1784373649.316399,1784373651.653802,1784373650.4851005,0.543679,0.163491,0.280338,-0.000448,9.7e-05,1,acq,20480,20480,0,16,True,False,1,1200000,8381618,False,-2385901,2398773,0,0,0,0,1,1,1784373649.316399
453,28,5,formal,up,25,14,0,-1.1435385715303568,1784373651.654033,1784373653.969289,1784373652.811661,0.543301,0.163458,0.280432,-0.000424,0.000115,1,acq,20480,20480,0,16,True,False,1,1200000,8381618,False,-2381243,2373198,0,0,0,0,1,1,1784373651.654033
454,28,6,formal,up,25,14,0,-1.1435385715303568,1784373653.969532,1784373656.304269,1784373655.1369004,0.5427,0.163408,0.28039,-0.000413,0.000129,1,acq,20480,20480,0,16,True,False,1,1200000,8381618,False,-2383614,2393353,0,0,0,0,1,1,1784373653.969532
455,28,7,formal,up,25,14,0,-1.1435385715303568,1784373656.304514,1784373658.644982,1784373657.4747481,0.541898,0.163368,0.280146,-0.000425,0.000114,1,acq,20480,20480,0,16,True,False,1,1200000,8381618,False,-2419437,2403685,0,0,0,0,1,1,1784373656.304514
456,28,8,formal,up,25,14,0,-1.1435385715303568,1784373658.645219,1784373660.977598,1784373659.8114085,0.541149,0.163163,0.280042,-0.000451,0.000185,1,acq,20480,20480,0,16,True,False,1,1200000,8381618,False,-2375315,2378025,0,0,0,0,1,1,1784373658.645219
457,28,9,formal,up,25,14,0,-1.1435385715303568,1784373660.977859,1784373663.319314,1784373662.1485865,0.540782,0.163213,0.280045,-0.00045,0.000102,1,acq,20480,20480,0,16,True,False,1,1200000,8381618,False,-2399620,2383106,0,0,0,0,1,1,1784373660.977859
458,28,10,formal,up,25,14,0,-1.1435385715303568,1784373663.31954,1784373665.662805,1784373664.4911726,0.540241,0.163168,0.280034,-0.000399,0.000122,1,acq,20480,20480,0,16,True,False,1,1200000,8381618,False,-2376670,2384885,0,0,0,0,1,1,1784373663.31954
459,28,11,formal,up,25,14,0,-1.1435385715303568,1784373665.6630452,1784373667.993818,1784373666.8284316,0.539586,0.163116,0.279879,-0.000395,9.3e-05,1,acq,20480,20480,0,16,True,False,1,1200000,8381618,False,-2393438,2436459,0,0,0,0,1,1,1784373665.6630452
460,28,12,formal,up,25,14,0,-1.1435385715303568,1784373667.994058,1784373670.330522,1784373669.16229,0.538717,0.163005,0.279652,-0.00039,0.000111,1,acq,20480,20480,0,16,True,False,1,1200000,8381618,False,-2402500,2391575,0,0,0,0,1,1,1784373667.994058
461,28,13,formal,up,25,14,0,-1.1435385715303568,1784373670.330766,1784373672.662826,1784373671.4967961,0.538455,0.163106,0.279874,-0.000394,0.000118,1,acq,20480,20480,0,16,True,False,1,1200000,8381618,False,-2376670,2426212,0,0,0,0,1,1,1784373670.330766
462,28,14,formal,up,25,14,0,-1.1435385715303568,1784373672.663216,1784373674.987304,1784373673.8252602,0.537712,0.162974,0.279622,-0.000373,0.000103,1,acq,20480,20480,0,16,True,False,1,1200000,8381618,False,-2408004,2396148,0,0,0,0,1,1,1784373672.663216
463,28,15,formal,up,25,14,0,-1.1435385715303568,1784373674.987536,1784373677.3154078,1784373676.1514719,0.536977,0.162814,0.279396,-0.00037,0.000114,1,acq,20480,20480,0,16,True,False,1,1200000,8381618,False,-2394878,2402923,0,0,0,0,1,1,1784373674.987536
464,29,0,formal,down,25,14,1,-1.1435385715303568,1784373690.0399098,1784373692.3897789,1784373691.2148442,0.534091,0.162726,0.279243,-0.000373,0.000138,1,acq,20480,20480,0,16,True,False,1,1200000,8381618,False,-2371927,2364983,0,0,0,0,1,1,1784373690.0399098
465,29,1,formal,down,25,14,1,-1.1435385715303568,1784373692.390864,1784373694.7334101,1784373693.5621371,0.533714,0.162708,0.279251,-0.000376,0.000131,1,acq,20480,20480,0,16,True,False,1,1200000,8381618,False,-2372944,2365576,0,0,0,0,1,1,1784373692.390864
466,29,2,formal,down,25,14,1,-1.1435385715303568,1784373694.733622,1784373697.0707781,1784373695.9022002,0.53292,0.162578,0.279128,-0.000384,0.000113,1,acq,20480,20480,0,16,True,False,1,1200000,8381618,False,-2391660,2372605,0,0,0,0,1,1,1784373694.733622
467,29,3,formal,down,25,14,1,-1.1435385715303568,1784373697.0710778,1784373699.415232,1784373698.243155,0.532371,0.162621,0.278947,-0.000317,6.7e-05,1,acq,20480,20480,0,16,True,False,1,1200000,8381618,False,-2364221,2383614,0,0,0,0,1,1,1784373697.0710778
468,29,4,formal,down,25,14,1,-1.1435385715303568,1784373699.4163892,1784373701.747126,1784373700.5817575,0.531853,0.162604,0.278955,-0.000325,9.1e-05,1,acq,20480,20480,0,16,True,False,1,1200000,8381618,False,-2400975,2392083,0,0,0,0,1,1,1784373699.4163892
469,29,5,formal,down,25,14,1,-1.1435385715303568,1784373701.747435,1784373704.086563,1784373702.916999,0.531285,0.162445,0.278864,-0.000389,8.1e-05,1,acq,20480,20480,0,16,True,False,1,1200000,8381618,False,-2407242,2378872,0,0,0,0,1,1,1784373701.747435
470,29,6,formal,down,25,14,1,-1.1435385715303568,1784373704.086817,1784373706.4148722,1784373705.2508445,0.530799,0.162463,0.278778,-0.000367,0.000105,1,acq,20480,20480,0,16,True,False,1,1200000,8381618,False,-2389034,2421385,0,0,0,0,1,1,1784373704.086817
471,29,7,formal,down,25,14,1,-1.1435385715303568,1784373706.415956,1784373708.7531462,1784373707.584551,0.530409,0.162426,0.278717,-0.000323,7.8e-05,1,acq,20480,20480,0,16,True,False,1,1200000,8381618,False,-2401737,2380481,0,0,0,0,1,1,1784373706.415956
472,29,8,formal,down,25,14,1,-1.1435385715303568,1784373708.753463,1784373711.094862,1784373709.9241624,0.529825,0.162331,0.278684,-0.000363,0.000117,1,acq,20480,20480,0,16,True,False,1,1200000,8381618,False,-2363459,2354397,0,0,0,0,1,1,1784373708.753463
473,29,9,formal,down,25,14,1,-1.1435385715303568,1784373711.095108,1784373713.437057,1784373712.2660825,0.529456,0.162374,0.278694,-0.000365,6.9e-05,1,acq,20480,20480,0,16,True,False,1,1200000,8381618,False,-2366592,2368879,0,0,0,0,1,1,1784373711.095108
474,29,10,formal,down,25,14,1,-1.1435385715303568,1784373713.4373,1784373715.7703948,1784373714.6038475,0.529133,0.162368,0.278619,-0.000315,9.6e-05,1,acq,20480,20480,0,16,True,False,1,1200000,8381618,False,-2379888,2389627,0,0,0,0,1,1,1784373713.4373
475,29,11,formal,down,25,14,1,-1.1435385715303568,1784373715.770734,1784373718.109889,1784373716.9403114,0.528379,0.162225,0.278481,-0.000364,9.5e-05,1,acq,20480,20480,0,16,True,False,1,1200000,8381618,False,-2349655,2359902,0,0,0,0,1,1,1784373715.770734
476,29,12,formal,down,25,14,1,-1.1435385715303568,1784373718.110183,1784373720.452471,1784373719.281327,0.528133,0.162329,0.278493,-0.00036,0.000103,1,acq,20480,20480,0,16,True,False,1,1200000,8381618,False,-2396148,2357615,0,0,0,0,1,1,1784373718.110183
477,29,13,formal,down,25,14,1,-1.1435385715303568,1784373720.4527931,1784373722.7879329,1784373721.620363,0.527611,0.162245,0.27836,-0.000338,0.000145,1,acq,20480,20480,0,16,True,False,1,1200000,8381618,False,-2392591,2371589,0,0,0,0,1,1,1784373720.4527931
478,29,14,formal,down,25,14,1,-1.1435385715303568,1784373722.7881558,1784373725.125155,1784373723.9566555,0.526987,0.162122,0.278225,-0.000359,9.5e-05,1,acq,20480,20480,0,16,True,False,1,1200000,8381618,False,-2380481,2373621,0,0,0,0,1,1,1784373722.7881558
479,29,15,formal,down,25,14,1,-1.1435385715303568,1784373725.125399,1784373727.462085,1784373726.2937422,0.526645,0.162119,0.278284,-0.000377,9.1e-05,1,acq,20480,20480,0,16,True,False,1,1200000,8381618,False,-2374468,2359817,0,0,0,0,1,1,1784373725.125399
480,30,0,formal,down,55,15,0,2.7730657145026036,1784373781.928264,1784373784.262239,1784373783.0952516,1.2,-0.071146,-0.122444,-0.000155,0.000676,1,acq,20480,20480,0,16,True,False,1,1200000,8381618,False,-1193840,1237708,0,0,0,0,1,1,1784373781.928264
481,30,1,formal,down,55,15,0,2.7730657145026036,1784373784.262589,1784373786.604047,1784373785.4333181,1.2,-0.0716,-0.123335,-0.000139,0.000667,1,acq,20480,20480,0,16,True,False,1,1200000,8381618,False,-1191045,1290299,0,0,0,0,1,1,1784373784.262589
482,30,2,formal,down,55,15,0,2.7730657145026036,1784373786.6052139,1784373788.9354858,1784373787.77035,1.2,-0.072093,-0.123953,-0.000138,0.000654,1,acq,20480,20480,0,16,True,False,1,1200000,8381618,False,-1192739,1193078,0,0,0,0,1,1,1784373786.6052139
483,30,3,formal,down,55,15,0,2.7730657145026036,1784373788.935725,1784373791.282654,1784373790.1091895,1.2,-0.07241,-0.124591,-0.000166,0.000677,1,acq,20480,20480,0,16,True,False,1,1200000,8381618,False,-1191722,1275902,0,0,0,0,1,1,1784373788.935725
484,30,4,formal,down,55,15,0,2.7730657145026036,1784373791.282897,1784373793.6224,1784373792.4526486,1.2,-0.072739,-0.12524,-0.000127,0.000672,1,acq,20480,20480,0,16,True,False,1,1200000,8381618,False,-1182915,1158864,0,0,0,0,1,1,1784373791.282897
485,30,5,formal,down,55,15,0,2.7730657145026036,1784373793.6226418,1784373795.9515562,1784373794.787099,1.2,-0.073162,-0.125997,-0.000142,0.000612,1,acq,20480,20480,0,16,True,False,1,1200000,8381618,False,-1172752,1222549,0,0,0,0,1,1,1784373793.6226418
486,30,6,formal,down,55,15,0,2.7730657145026036,1784373795.951762,1784373798.2867808,1784373797.1192713,1.2,-0.073508,-0.126451,-0.00013,0.000627,1,acq,20480,20480,0,16,True,False,1,1200000,8381618,False,-1203748,1218653,0,0,0,0,1,1,1784373795.951762
487,30,7,formal,down,55,15,0,2.7730657145026036,1784373798.287005,1784373800.629354,1784373799.4581795,1.2,-0.073845,-0.127094,-0.000167,0.000627,1,acq,20480,20480,0,16,True,False,1,1200000,8381618,False,-1204087,1236353,0,0,0,0,1,1,1784373798.287005
488,30,8,formal,down,55,15,0,2.7730657145026036,1784373800.6295779,1784373802.970324,1784373801.799951,1.2,-0.074059,-0.127589,-0.00011,0.000663,1,acq,20480,20480,0,16,True,False,1,1200000,8381618,False,-1230933,1246177,0,0,0,0,1,1,1784373800.6295779
489,30,9,formal,down,55,15,0,2.7730657145026036,1784373802.970559,1784373805.3119822,1784373804.1412706,1.2,-0.074324,-0.128063,-0.000143,0.000602,1,acq,20480,20480,0,16,True,False,1,1200000,8381618,False,-1199598,1261674,0,0,0,0,1,1,1784373802.970559
490,30,10,formal,down,55,15,0,2.7730657145026036,1784373805.312452,1784373807.655435,1784373806.4839435,1.2,-0.074622,-0.128643,-0.00014,0.000627,1,acq,20480,20480,0,16,True,False,1,1200000,8381618,False,-1207474,1228562,0,0,0,0,1,1,1784373805.312452
491,30,11,formal,down,55,15,0,2.7730657145026036,1784373807.655692,1784373809.980875,1784373808.8182836,1.2,-0.07505,-0.129203,-8.5e-05,0.000639,1,acq,20480,20480,0,16,True,False,1,1200000,8381618,False,-1193162,1280898,0,0,0,0,1,1,1784373807.655692
492,30,12,formal,down,55,15,0,2.7730657145026036,1784373809.9811032,1784373812.32146,1784373811.1512816,1.2,-0.075275,-0.129695,-0.0001,0.000607,1,acq,20480,20480,0,16,True,False,1,1200000,8381618,False,-1284879,1269127,0,0,0,0,1,1,1784373809.9811032
493,30,13,formal,down,55,15,0,2.7730657145026036,1784373812.321697,1784373814.674756,1784373813.4982266,1.2,-0.075568,-0.130168,-8.5e-05,0.000638,1,acq,20480,20480,0,16,True,False,1,1200000,8381618,False,-1204680,1243467,0,0,0,0,1,1,1784373812.321697
494,30,14,formal,down,55,15,0,2.7730657145026036,1784373814.674995,1784373817.000232,1784373815.8376136,1.2,-0.075751,-0.130506,-0.000106,0.000628,1,acq,20480,20480,0,16,True,False,1,1200000,8381618,False,-1199514,1271922,0,0,0,0,1,1,1784373814.674995
495,30,15,formal,down,55,15,0,2.7730657145026036,1784373817.0004961,1784373819.316601,1784373818.1585486,1.2,-0.076012,-0.130946,-8.5e-05,0.000579,1,acq,20480,20480,0,16,True,False,1,1200000,8381618,False,-1240757,1298852,0,0,0,0,1,1,1784373817.0004961
496,31,0,formal,up,55,15,1,2.7730657145026036,1784373831.8775659,1784373834.20242,1784373833.0399928,1.2,-0.077227,-0.133141,-0.000122,0.000613,1,acq,20480,20480,0,16,True,False,1,1200000,8381618,False,-1256508,1270905,0,0,0,0,1,1,1784373831.8775659
497,31,1,formal,up,55,15,1,2.7730657145026036,1784373834.202668,1784373836.528198,1784373835.365433,1.2,-0.077556,-0.133558,-7.9e-05,0.000589,1,acq,20480,20480,0,16,True,False,1,1200000,8381618,False,-1302494,1307575,0,0,0,0,1,1,1784373834.202668
498,31,2,formal,up,55,15,1,2.7730657145026036,1784373836.528455,1784373838.84533,1784373837.6868925,1.2,-0.077684,-0.133935,-8.9e-05,0.000585,1,acq,20480,20480,0,16,True,False,1,1200000,8381618,False,-1205357,1317822,0,0,0,0,1,1,1784373836.528455
499,31,3,formal,up,55,15,1,2.7730657145026036,1784373838.8455412,1784373841.160737,1784373840.003139,1.2,-0.077922,-0.134208,-9.7e-05,0.000558,1,acq,20480,20480,0,16,True,False,1,1200000,8381618,False,-1217213,1258202,0,0,0,0,1,1,1784373838.8455412
500,31,4,formal,up,55,15,1,2.7730657145026036,1784373841.160952,1784373843.4808362,1784373842.3208942,1.2,-0.078039,-0.13452,-9e-05,0.000558,1,acq,20480,20480,0,16,True,False,1,1200000,8381618,False,-1248378,1244398,0,0,0,0,1,1,1784373841.160952
501,31,5,formal,up,55,15,1,2.7730657145026036,1784373843.481049,1784373845.797986,1784373844.6395175,1.2,-0.078191,-0.13478,-7.8e-05,0.000604,1,acq,20480,20480,0,16,True,False,1,1200000,8381618,False,-1275563,1307152,0,0,0,0,1,1,1784373843.481049
502,31,6,formal,up,55,15,1,2.7730657145026036,1784373845.798223,1784373848.127692,1784373846.9629574,1.2,-0.078446,-0.135134,-5.5e-05,0.000563,1,acq,20480,20480,0,16,True,False,1,1200000,8381618,False,-1204341,1278358,0,0,0,0,1,1,1784373845.798223
503,31,7,formal,up,55,15,1,2.7730657145026036,1784373848.1281788,1784373850.444486,1784373849.2863324,1.2,-0.078479,-0.13533,-7.6e-05,0.00057,1,acq,20480,20480,0,16,True,False,1,1200000,8381618,False,-1264046,1352205,0,0,0,0,1,1,1784373848.1281788
504,31,8,formal,up,55,15,1,2.7730657145026036,1784373850.444739,1784373852.767306,1784373851.6060226,1.2,-0.078805,-0.135756,-8.3e-05,0.000581,1,acq,20480,20480,0,16,True,False,1,1200000,8381618,False,-1288774,1287843,0,0,0,0,1,1,1784373850.444739
505,31,9,formal,up,55,15,1,2.7730657145026036,1784373852.767541,1784373855.087508,1784373853.9275246,1.2,-0.078894,-0.136043,-6.6e-05,0.000562,1,acq,20480,20480,0,16,True,False,1,1200000,8381618,False,-1307067,1317907,0,0,0,0,1,1,1784373852.767541
506,31,10,formal,up,55,15,1,2.7730657145026036,1784373855.0877519,1784373857.4082,1784373856.2479758,1.2,-0.079122,-0.136312,-5e-05,0.000558,1,acq,20480,20480,0,16,True,False,1,1200000,8381618,False,-1293347,1356101,0,0,0,0,1,1,1784373855.0877519
507,31,11,formal,up,55,15,1,2.7730657145026036,1784373857.408541,1784373859.729183,1784373858.568862,1.2,-0.079249,-0.136611,-5.6e-05,0.000538,1,acq,20480,20480,0,16,True,False,1,1200000,8381618,False,-1293347,1316128,0,0,0,0,1,1,1784373857.408541
508,31,12,formal,up,55,15,1,2.7730657145026036,1784373859.729393,1784373862.052375,1784373860.890884,1.2,-0.079384,-0.136795,-3.4e-05,0.000546,1,acq,20480,20480,0,16,True,False,1,1200000,8381618,False,-1282931,1311809,0,0,0,0,1,1,1784373859.729393
509,31,13,formal,up,55,15,1,2.7730657145026036,1784373862.052589,1784373864.377383,1784373863.2149858,1.2,-0.079579,-0.137155,-4.1e-05,0.000569,1,acq,20480,20480,0,16,True,False,1,1200000,8381618,False,-1233219,1307829,0,0,0,0,1,1,1784373862.052589
510,31,14,formal,up,55,15,1,2.7730657145026036,1784373864.377596,1784373866.703991,1784373865.5407934,1.2,-0.079708,-0.137452,-7e-05,0.00054,1,acq,20480,20480,0,16,True,False,1,1200000,8381618,False,-1253290,1250750,0,0,0,0,1,1,1784373864.377596
511,31,15,formal,up,55,15,1,2.7730657145026036,1784373866.704223,1784373869.021842,1784373867.8630323,1.2,-0.079773,-0.137549,-6e-05,0.000564,1,acq,20480,20480,0,16,True,False,1,1200000,8381618,False,-1344329,1398699,0,0,0,0,1,1,1784373866.704223
512,32,0,formal,up,64,16,0,3.948047000312492,1784373890.1110551,1784373892.43902,1784373891.2750375,1.076776,-0.15926,-0.272251,-0.001114,0.002684,1,acq,20480,20480,0,16,True,False,1,1200000,8381618,False,-2252349,2399874,0,0,0,0,1,1,1784373890.1110551
513,32,1,formal,up,64,16,0,3.948047000312492,1784373892.4392478,1784373894.760833,1784373893.6000404,1.074315,-0.159356,-0.272532,-0.001058,0.002644,1,acq,20480,20480,0,16,True,False,1,1200000,8381618,False,-2265983,2397927,0,0,0,0,1,1,1784373892.4392478
514,32,2,formal,up,64,16,0,3.948047000312492,1784373894.761059,1784373897.0826051,1784373895.921832,1.073567,-0.159562,-0.272974,-0.001051,0.002674,1,acq,20480,20480,0,16,True,False,1,1200000,8381618,False,-2298080,2401653,0,0,0,0,1,1,1784373894.761059
515,32,3,formal,up,64,16,0,3.948047000312492,1784373897.082827,1784373899.408396,1784373898.2456117,1.070421,-0.159454,-0.272832,-0.001061,0.002633,1,acq,20480,20480,0,16,True,False,1,1200000,8381618,False,-2303585,2426212,0,0,0,0,1,1,1784373897.082827
516,32,4,formal,up,64,16,0,3.948047000312492,1784373899.408611,1784373901.7275589,1784373900.568085,1.069397,-0.159626,-0.273236,-0.001056,0.002678,1,acq,20480,20480,0,16,True,False,1,1200000,8381618,False,-2268101,2415203,0,0,0,0,1,1,1784373899.408611
517,32,5,formal,up,64,16,0,3.948047000312492,1784373901.727883,1784373904.044211,1784373902.886047,1.067965,-0.159836,-0.27352,-0.001084,0.002614,1,acq,20480,20480,0,16,True,False,1,1200000,8381618,False,-2274791,2434173,0,0,0,0,1,1,1784373901.727883
518,32,6,formal,up,64,16,0,3.948047000312492,1784373904.044472,1784373906.360078,1784373905.202275,1.066114,-0.159787,-0.2736,-0.001047,0.00267,1,acq,20480,20480,0,16,True,False,1,1200000,8381618,False,-2357700,2489813,0,0,0,0,1,1,1784373904.044472
519,32,7,formal,up,64,16,0,3.948047000312492,1784373906.360298,1784373908.683279,1784373907.5217886,1.064412,-0.15981,-0.273677,-0.001074,0.002626,1,acq,20480,20480,0,16,True,False,1,1200000,8381618,False,-2292575,2479396,0,0,0,0,1,1,1784373906.360298
520,32,8,formal,up,64,16,0,3.948047000312492,1784373908.683507,1784373911.0085278,1784373909.8460174,1.063455,-0.160064,-0.273997,-0.00104,0.002637,1,acq,20480,20480,0,16,True,False,1,1200000,8381618,False,-2378872,2434850,0,0,0,0,1,1,1784373908.683507
521,32,9,formal,up,64,16,0,3.948047000312492,1784373911.008961,1784373913.333144,1784373912.1710525,1.06319,-0.160262,-0.274378,-0.001116,0.002666,1,acq,20480,20480,0,16,True,False,1,1200000,8381618,False,-2325688,2418167,0,0,0,0,1,1,1784373911.008961
522,32,10,formal,up,64,16,0,3.948047000312492,1784373913.333376,1784373915.653507,1784373914.4934416,1.061814,-0.160325,-0.274536,-0.001055,0.002634,1,acq,20480,20480,0,16,True,False,1,1200000,8381618,False,-2340339,2430955,0,0,0,0,1,1,1784373913.333376
523,32,11,formal,up,64,16,0,3.948047000312492,1784373915.653774,1784373917.973548,1784373916.813661,1.060222,-0.160355,-0.27463,-0.001064,0.002604,1,acq,20480,20480,0,16,True,False,1,1200000,8381618,False,-2316372,2419183,0,0,0,0,1,1,1784373915.653774
524,32,12,formal,up,64,16,0,3.948047000312492,1784373917.973789,1784373920.291348,1784373919.1325684,1.05953,-0.160556,-0.274879,-0.001004,0.002638,1,acq,20480,20480,0,16,True,False,1,1200000,8381618,False,-2323232,2400975,0,0,0,0,1,1,1784373917.973789
525,32,13,formal,up,64,16,0,3.948047000312492,1784373920.291571,1784373922.61814,1784373921.4548554,1.057906,-0.160529,-0.27496,-0.00107,0.002619,1,acq,20480,20480,0,16,True,False,1,1200000,8381618,False,-2305871,2451449,0,0,0,0,1,1,1784373920.291571
526,32,14,formal,up,64,16,0,3.948047000312492,1784373922.6183949,1784373924.943135,1784373923.780765,1.056933,-0.16065,-0.27515,-0.001025,0.002652,1,acq,20480,20480,0,16,True,False,1,1200000,8381618,False,-2369895,2409613,0,0,0,0,1,1,1784373922.6183949
527,32,15,formal,up,64,16,0,3.948047000312492,1784373924.946691,1784373927.2655349,1784373926.106113,1.056018,-0.160808,-0.275288,-0.001078,0.002601,1,acq,20480,20480,0,16,True,False,1,1200000,8381618,False,-2326620,2401653,0,0,0,0,1,1,1784373924.946691
528,33,0,formal,down,64,16,1,3.948047000312492,1784373939.8446028,1784373942.169348,1784373941.0069754,1.049216,-0.161262,-0.276139,-0.001042,0.002633,1,acq,20480,20480,0,16,True,False,1,1200000,8381618,False,-2370657,2458139,0,0,0,0,1,1,1784373939.8446028
529,33,1,formal,down,64,16,1,3.948047000312492,1784373942.169605,1784373944.4943879,1784373943.3319964,1.047358,-0.16115,-0.276104,-0.00108,0.00263,1,acq,20480,20480,0,16,True,False,1,1200000,8381618,False,-2394200,2475924,0,0,0,0,1,1,1784373942.169605
530,33,2,formal,down,64,16,1,3.948047000312492,1784373944.4946098,1784373946.807806,1784373945.651208,1.047823,-0.161464,-0.27649,-0.001018,0.002591,1,acq,20480,20480,0,16,True,False,1,1200000,8381618,False,-2388950,2470080,0,0,0,0,1,1,1784373944.4946098
531,33,3,formal,down,64,16,1,3.948047000312492,1784373946.808013,1784373949.129169,1784373947.968591,1.045787,-0.161355,-0.2763,-0.00106,0.002611,1,acq,20480,20480,0,16,True,False,1,1200000,8381618,False,-2310021,2441456,0,0,0,0,1,1,1784373946.808013
532,33,4,formal,down,64,16,1,3.948047000312492,1784373949.129389,1784373951.452325,1784373950.290857,1.044884,-0.161402,-0.27645,-0.001058,0.002647,1,acq,20480,20480,0,16,True,False,1,1200000,8381618,False,-2355837,2419268,0,0,0,0,1,1,1784373949.129389
533,33,5,formal,down,64,16,1,3.948047000312492,1784373951.452648,1784373953.7776299,1784373952.615139,1.044067,-0.161492,-0.276584,-0.001071,0.002576,1,acq,20480,20480,0,16,True,False,1,1200000,8381618,False,-2358632,2464068,0,0,0,0,1,1,1784373951.452648
534,33,6,formal,down,64,16,1,3.948047000312492,1784373953.777907,1784373956.1029189,1784373954.940413,1.043256,-0.161521,-0.276714,-0.001058,0.002592,1,acq,20480,20480,0,16,True,False,1,1200000,8381618,False,-2335766,2454413,0,0,0,0,1,1,1784373953.777907
535,33,7,formal,down,64,16,1,3.948047000312492,1784373956.103195,1784373958.423119,1784373957.263157,1.043069,-0.161726,-0.276978,-0.001054,0.002637,1,acq,20480,20480,0,16,True,False,1,1200000,8381618,False,-2392422,2417574,0,0,0,0,1,1,1784373956.103195
536,33,8,formal,down,64,16,1,3.948047000312492,1784373958.4233441,1784373960.744413,1784373959.5838785,1.041526,-0.16167,-0.276825,-0.001016,0.002633,1,acq,20480,20480,0,16,True,False,1,1200000,8381618,False,-2354905,2436629,0,0,0,0,1,1,1784373958.4233441
537,33,9,formal,down,64,16,1,3.948047000312492,1784373960.744632,1784373963.066261,1784373961.9054465,1.040237,-0.161607,-0.276883,-0.001039,0.002598,1,acq,20480,20480,0,16,True,False,1,1200000,8381618,False,-2329160,2485832,0,0,0,0,1,1,1784373960.744632
538,33,10,formal,down,64,16,1,3.948047000312492,1784373963.066491,1784373965.388243,1784373964.227367,1.040579,-0.161877,-0.277314,-0.001023,0.002575,1,acq,20480,20480,0,16,True,False,1,1200000,8381618,False,-2317558,2414187,0,0,0,0,1,1,1784373963.066491
539,33,11,formal,down,64,16,1,3.948047000312492,1784373965.3885581,1784373967.704006,1784373966.546282,1.040161,-0.162083,-0.277515,-0.001051,0.0026,1,acq,20480,20480,0,16,True,False,1,1200000,8381618,False,-2328906,2476008,0,0,0,0,1,1,1784373965.3885581
540,33,12,formal,down,64,16,1,3.948047000312492,1784373967.7042391,1784373970.027791,1784373968.866015,1.039158,-0.162003,-0.277588,-0.001042,0.002583,1,acq,20480,20480,0,16,True,False,1,1200000,8381618,False,-2353466,2485070,0,0,0,0,1,1,1784373967.7042391
541,33,13,formal,down,64,16,1,3.948047000312492,1784373970.028123,1784373972.350591,1784373971.1893568,1.037909,-0.162056,-0.277629,-0.00106,0.00258,1,acq,20480,20480,0,16,True,False,1,1200000,8381618,False,-2333649,2406565,0,0,0,0,1,1,1784373970.028123
542,33,14,formal,down,64,16,1,3.948047000312492,1784373972.350809,1784373974.6695209,1784373973.510165,1.036899,-0.16204,-0.277638,-0.001031,0.002629,1,acq,20480,20480,0,16,True,False,1,1200000,8381618,False,-2342287,2443827,0,0,0,0,1,1,1784373972.350809
543,33,15,formal,down,64,16,1,3.948047000312492,1784373974.669868,1784373976.991092,1784373975.83048,1.036871,-0.162226,-0.277966,-0.001036,0.002591,1,acq,20480,20480,0,16,True,False,1,1200000,8381618,False,-2310021,2413678,0,0,0,0,1,1,1784373974.669868
544,34,0,formal,down,16,17,0,-2.3185198573402452,1784374053.5866392,1784374055.907237,1784374054.7469382,0.154494,0.100795,0.172229,0.001514,-0.002982,1,acq,20480,20480,0,16,True,False,1,1200000,8381618,False,-1490754,1491347,0,0,0,0,1,1,1784374053.5866392
545,34,1,formal,down,16,17,0,-2.3185198573402452,1784374055.9083872,1784374058.229719,1784374057.0690532,0.152481,0.100235,0.171299,0.001495,-0.002982,1,acq,20480,20480,0,16,True,False,1,1200000,8381618,False,-1528271,1491262,0,0,0,0,1,1,1784374055.9083872
546,34,2,formal,down,16,17,0,-2.3185198573402452,1784374058.230077,1784374060.552182,1784374059.3911295,0.150408,0.099529,0.170152,0.001507,-0.002922,1,acq,20480,20480,0,16,True,False,1,1200000,8381618,False,-1485165,1475172,0,0,0,0,1,1,1784374058.230077
547,34,3,formal,down,16,17,0,-2.3185198573402452,1784374060.5524669,1784374062.8788521,1784374061.7156596,0.148748,0.099089,0.169335,0.001492,-0.002945,1,acq,20480,20480,0,16,True,False,1,1200000,8381618,False,-1488637,1469328,0,0,0,0,1,1,1784374060.5524669
548,34,4,formal,down,16,17,0,-2.3185198573402452,1784374062.8790872,1784374065.2006662,1784374064.0398767,0.147074,0.098576,0.168476,0.001472,-0.00294,1,acq,20480,20480,0,16,True,False,1,1200000,8381618,False,-1497444,1463315,0,0,0,0,1,1,1784374062.8790872
549,34,5,formal,down,16,17,0,-2.3185198573402452,1784374065.200892,1784374067.5238972,1784374066.3623946,0.145619,0.098225,0.167879,0.001498,-0.002947,1,acq,20480,20480,0,16,True,False,1,1200000,8381618,False,-1505490,1450612,0,0,0,0,1,1,1784374065.200892
550,34,6,formal,down,16,17,0,-2.3185198573402452,1784374067.5241249,1784374069.837481,1784374068.6808028,0.144152,0.097769,0.167126,0.001484,-0.002923,1,acq,20480,20480,0,16,True,False,1,1200000,8381618,False,-1496682,1452729,0,0,0,0,1,1,1784374067.5241249
551,34,7,formal,down,16,17,0,-2.3185198573402452,1784374069.837714,1784374072.1605508,1784374070.9991324,0.142771,0.097334,0.166362,0.001508,-0.002947,1,acq,20480,20480,0,16,True,False,1,1200000,8381618,False,-1467973,1444599,0,0,0,0,1,1,1784374069.837714
552,34,8,formal,down,16,17,0,-2.3185198573402452,1784374072.160814,1784374074.484202,1784374073.3225079,0.141318,0.096827,0.165529,0.001488,-0.002925,1,acq,20480,20480,0,16,True,False,1,1200000,8381618,False,-1473901,1427577,0,0,0,0,1,1,1784374072.160814
553,34,9,formal,down,16,17,0,-2.3185198573402452,1784374074.484437,1784374076.805399,1784374075.644918,0.140035,0.096445,0.164885,0.001513,-0.002914,1,acq,20480,20480,0,16,True,False,1,1200000,8381618,False,-1453492,1418770,0,0,0,0,1,1,1784374074.484437
554,34,10,formal,down,16,17,0,-2.3185198573402452,1784374076.8056588,1784374079.118888,1784374077.9622734,0.138936,0.096121,0.164363,0.00149,-0.002905,1,acq,20480,20480,0,16,True,False,1,1200000,8381618,False,-1457472,1413519,0,0,0,0,1,1,1784374076.8056588
555,34,11,formal,down,16,17,0,-2.3185198573402452,1784374079.119951,1784374081.4355788,1784374080.2777648,0.137815,0.095799,0.163866,0.001496,-0.002902,1,acq,20480,20480,0,16,True,False,1,1200000,8381618,False,-1455185,1429102,0,0,0,0,1,1,1784374079.119951
556,34,12,formal,down,16,17,0,-2.3185198573402452,1784374081.435821,1784374083.760587,1784374082.5982041,0.136682,0.095414,0.163236,0.001484,-0.002909,1,acq,20480,20480,0,16,True,False,1,1200000,8381618,False,-1428763,1411741,0,0,0,0,1,1,1784374081.435821
557,34,13,formal,down,16,17,0,-2.3185198573402452,1784374083.7609742,1784374086.074076,1784374084.917525,0.135585,0.095084,0.162659,0.001464,-0.002931,1,acq,20480,20480,0,16,True,False,1,1200000,8381618,False,-1443329,1405220,0,0,0,0,1,1,1784374083.7609742
558,34,14,formal,down,16,17,0,-2.3185198573402452,1784374086.0742881,1784374088.3921988,1784374087.2332435,0.134495,0.094748,0.162097,0.001509,-0.002923,1,acq,20480,20480,0,16,True,False,1,1200000,8381618,False,-1435199,1399969,0,0,0,0,1,1,1784374086.0742881
559,34,15,formal,down,16,17,0,-2.3185198573402452,1784374088.392438,1784374090.707772,1784374089.550105,0.133452,0.094373,0.161514,0.00151,-0.002902,1,acq,20480,20480,0,16,True,False,1,1200000,8381618,False,-1429779,1390823,0,0,0,0,1,1,1784374088.392438
560,35,0,formal,up,16,17,1,-2.3185198573402452,1784374103.2829561,1784374105.6103098,1784374104.4466329,0.127353,0.092446,0.158139,0.001464,-0.002883,1,acq,20480,20480,0,16,True,False,1,1200000,8381618,False,-1417669,1383286,0,0,0,0,1,1,1784374103.2829561
561,35,1,formal,up,16,17,1,-2.3185198573402452,1784374105.610539,1784374107.9335308,1784374106.772035,0.126518,0.092134,0.15775,0.001455,-0.002845,1,acq,20480,20480,0,16,True,False,1,1200000,8381618,False,-1419278,1369482,0,0,0,0,1,1,1784374105.610539
562,35,2,formal,up,16,17,1,-2.3185198573402452,1784374107.93382,1784374110.256452,1784374109.0951362,0.12562,0.091883,0.157164,0.001448,-0.002862,1,acq,20480,20480,0,16,True,False,1,1200000,8381618,False,-1393279,1375748,0,0,0,0,1,1,1784374107.93382
563,35,3,formal,up,16,17,1,-2.3185198573402452,1784374110.256669,1784374112.582458,1784374111.4195635,0.124858,0.091588,0.156734,0.001461,-0.00289,1,acq,20480,20480,0,16,True,False,1,1200000,8381618,False,-1394210,1360420,0,0,0,0,1,1,1784374110.256669
564,35,4,formal,up,16,17,1,-2.3185198573402452,1784374112.582669,1784374114.900219,1784374113.741444,0.124086,0.091343,0.156309,0.001459,-0.002864,1,acq,20480,20480,0,16,True,False,1,1200000,8381618,False,-1407591,1344499,0,0,0,0,1,1,1784374112.582669
565,35,5,formal,up,16,17,1,-2.3185198573402452,1784374114.90043,1784374117.2195442,1784374116.059987,0.12321,0.091002,0.155723,0.001463,-0.002884,1,acq,20480,20480,0,16,True,False,1,1200000,8381618,False,-1393533,1348903,0,0,0,0,1,1,1784374114.90043
566,35,6,formal,up,16,17,1,-2.3185198573402452,1784374117.219798,1784374119.571568,1784374118.395683,0.122626,0.090894,0.15552,0.001468,-0.002877,1,acq,20480,20480,0,16,True,False,1,1200000,8381618,False,-1395142,1348818,0,0,0,0,1,1,1784374117.219798
567,35,7,formal,up,16,17,1,-2.3185198573402452,1784374119.57181,1784374121.9049332,1784374120.7383716,0.121923,0.090619,0.155118,0.001441,-0.002847,1,acq,20480,20480,0,16,True,False,1,1200000,8381618,False,-1376934,1339163,0,0,0,0,1,1,1784374119.57181
568,35,8,formal,up,16,17,1,-2.3185198573402452,1784374121.9051788,1784374124.235886,1784374123.0705323,0.121233,0.090396,0.154733,0.001459,-0.002857,1,acq,20480,20480,0,16,True,False,1,1200000,8381618,False,-1382862,1348987,0,0,0,0,1,1,1784374121.9051788
569,35,9,formal,up,16,17,1,-2.3185198573402452,1784374124.236162,1784374126.5669398,1784374125.4015508,0.120504,0.090121,0.154283,0.001467,-0.002839,1,acq,20480,20480,0,16,True,False,1,1200000,8381618,False,-1370752,1339926,0,0,0,0,1,1,1784374124.236162
570,35,10,formal,up,16,17,1,-2.3185198573402452,1784374126.567173,1784374128.898674,1784374127.7329235,0.119729,0.089856,0.153827,0.001446,-0.002859,1,acq,20480,20480,0,16,True,False,1,1200000,8381618,False,-1374647,1334082,0,0,0,0,1,1,1784374126.567173
571,35,11,formal,up,16,17,1,-2.3185198573402452,1784374128.898889,1784374131.2366521,1784374130.0677705,0.119087,0.089641,0.153427,0.001462,-0.00286,1,acq,20480,20480,0,16,True,False,1,1200000,8381618,False,-1363469,1332134,0,0,0,0,1,1,1784374128.898889
572,35,12,formal,up,16,17,1,-2.3185198573402452,1784374131.2377841,1784374133.5783172,1784374132.4080505,0.118371,0.089381,0.152989,0.001457,-0.002842,1,acq,20480,20480,0,16,True,False,1,1200000,8381618,False,-1382100,1332050,0,0,0,0,1,1,1784374131.2377841
573,35,13,formal,up,16,17,1,-2.3185198573402452,1784374133.5785348,1784374135.904984,1784374134.7417593,0.117774,0.089177,0.152689,0.00147,-0.002843,1,acq,20480,20480,0,16,True,False,1,1200000,8381618,False,-1371599,1311809,0,0,0,0,1,1,1784374133.5785348
574,35,14,formal,up,16,17,1,-2.3185198573402452,1784374135.905227,1784374138.2339368,1784374137.069582,0.11717,0.088986,0.152387,0.001456,-0.002858,1,acq,20480,20480,0,16,True,False,1,1200000,8381618,False,-1353645,1317060,0,0,0,0,1,1,1784374135.905227
575,35,15,formal,up,16,17,1,-2.3185198573402452,1784374138.234163,1784374140.571106,1784374139.4026346,0.116516,0.08875,0.151914,0.001441,-0.002851,1,acq,20480,20480,0,16,True,False,1,1200000,8381618,False,-1363130,1336453,0,0,0,0,1,1,1784374138.234163
576,36,0,formal,up,35,18,0,0.16199619048062974,1784374176.46148,1784374178.795968,1784374177.628724,1.125853,0.151132,0.258911,-0.000315,-0.00025,1,acq,20480,20480,0,16,True,False,1,1200000,8381618,False,-2277840,2229229,0,0,0,0,1,1,1784374176.46148
577,36,1,formal,up,35,18,0,0.16199619048062974,1784374178.79637,1784374181.137602,1784374179.9669862,1.126229,0.15086,0.258546,-0.000322,-0.000259,1,acq,20480,20480,0,16,True,False,1,1200000,8381618,False,-2296471,2244049,0,0,0,0,1,1,1784374178.79637
578,36,2,formal,up,35,18,0,0.16199619048062974,1784374181.137835,1784374183.479638,1784374182.3087366,1.127317,0.150813,0.258438,-0.000346,-0.000247,1,acq,20480,20480,0,16,True,False,1,1200000,8381618,False,-2268778,2265306,0,0,0,0,1,1,1784374181.137835
579,36,3,formal,up,35,18,0,0.16199619048062974,1784374183.479887,1784374185.808637,1784374184.6442618,1.127304,0.150563,0.258079,-0.000282,-0.000238,1,acq,20480,20480,0,16,True,False,1,1200000,8381618,False,-2341271,2367947,0,0,0,0,1,1,1784374183.479887
580,36,4,formal,up,35,18,0,0.16199619048062974,1784374185.8089879,1784374188.1378329,1784374186.9734104,1.129178,0.150593,0.258221,-0.000282,-0.000243,1,acq,20480,20480,0,16,True,False,1,1200000,8381618,False,-2287240,2218474,0,0,0,0,1,1,1784374185.8089879
581,36,5,formal,up,35,18,0,0.16199619048062974,1784374188.1380658,1784374190.466432,1784374189.302249,1.128689,0.15033,0.257856,-0.000268,-0.000279,1,acq,20480,20480,0,16,True,False,1,1200000,8381618,False,-2280211,2361257,0,0,0,0,1,1,1784374188.1380658
582,36,6,formal,up,35,18,0,0.16199619048062974,1784374190.46667,1784374192.8042948,1784374191.6354823,1.130026,0.150413,0.257879,-0.000311,-0.000273,1,acq,20480,20480,0,16,True,False,1,1200000,8381618,False,-2301383,2295031,0,0,0,0,1,1,1784374190.46667
583,36,7,formal,up,35,18,0,0.16199619048062974,1784374192.804523,1784374195.1332421,1784374193.9688826,1.132064,0.150468,0.258221,-0.000308,-0.000249,1,acq,20480,20480,0,16,True,False,1,1200000,8381618,False,-2203569,2292829,0,0,0,0,1,1,1784374192.804523
584,36,8,formal,up,35,18,0,0.16199619048062974,1784374195.1334882,1784374197.460733,1784374196.2971106,1.132125,0.150381,0.257983,-0.00029,-0.000206,1,acq,20480,20480,0,16,True,False,1,1200000,8381618,False,-2259293,2252264,0,0,0,0,1,1,1784374195.1334882
585,36,9,formal,up,35,18,0,0.16199619048062974,1784374197.4611452,1784374199.804432,1784374198.6327887,1.131965,0.150214,0.257742,-0.000279,-0.000257,1,acq,20480,20480,0,16,True,False,1,1200000,8381618,False,-2280888,2335173,0,0,0,0,1,1,1784374197.4611452
586,36,10,formal,up,35,18,0,0.16199619048062974,1784374199.804657,1784374202.1190689,1784374200.961863,1.131676,0.150019,0.257465,-0.000333,-0.00025,1,acq,20480,20480,0,16,True,False,1,1200000,8381618,False,-2307819,2247013,0,0,0,0,1,1,1784374199.804657
587,36,11,formal,up,35,18,0,0.16199619048062974,1784374202.12023,1784374204.444135,1784374203.2821825,1.132475,0.150057,0.257585,-0.000293,-0.000224,1,acq,20480,20480,0,16,True,False,1,1200000,8381618,False,-2245066,2235835,0,0,0,0,1,1,1784374202.12023
588,36,12,formal,up,35,18,0,0.16199619048062974,1784374204.444503,1784374206.7815402,1784374205.6130216,1.132035,0.149904,0.257357,-0.000352,-0.00025,1,acq,20480,20480,0,16,True,False,1,1200000,8381618,False,-2281142,2250401,0,0,0,0,1,1,1784374204.444503
589,36,13,formal,up,35,18,0,0.16199619048062974,1784374206.781753,1784374209.101961,1784374207.9418569,1.133577,0.150033,0.257562,-0.000314,-0.000249,1,acq,20480,20480,0,16,True,False,1,1200000,8381618,False,-2327890,2244642,0,0,0,0,1,1,1784374206.781753
590,36,14,formal,up,35,18,0,0.16199619048062974,1784374209.102179,1784374211.4424698,1784374210.2723246,1.133795,0.149961,0.257483,-0.000321,-0.000225,1,acq,20480,20480,0,16,True,False,1,1200000,8381618,False,-2317812,2266492,0,0,0,0,1,1,1784374209.102179
591,36,15,formal,up,35,18,0,0.16199619048062974,1784374211.44353,1784374213.777706,1784374212.610618,1.134211,0.149969,0.257451,-0.000286,-0.00027,1,acq,20480,20480,0,16,True,False,1,1200000,8381618,False,-2241170,2228806,0,0,0,0,1,1,1784374211.44353
592,37,0,formal,down,35,18,1,0.16199619048062974,1784374226.498008,1784374228.837686,1784374227.6678472,1.135649,0.149675,0.257135,-0.000312,-0.000214,1,acq,20480,20480,0,16,True,False,1,1200000,8381618,False,-2271149,2224063,0,0,0,0,1,1,1784374226.498008
593,37,1,formal,down,35,18,1,0.16199619048062974,1784374228.837905,1784374231.157177,1784374229.997541,1.136524,0.149818,0.257273,-0.000264,-0.00025,1,acq,20480,20480,0,16,True,False,1,1200000,8381618,False,-2244303,2263782,0,0,0,0,1,1,1784374228.837905
594,37,2,formal,down,35,18,1,0.16199619048062974,1784374231.1573818,1784374233.500603,1784374232.3289924,1.135877,0.149691,0.257088,-0.000275,-0.000256,1,acq,20480,20480,0,16,True,False,1,1200000,8381618,False,-2270387,2328737,0,0,0,0,1,1,1784374231.1573818
595,37,3,formal,down,35,18,1,0.16199619048062974,1784374233.5008352,1784374235.834359,1784374234.667597,1.136004,0.149659,0.257096,-0.000283,-0.00023,1,acq,20480,20480,0,16,True,False,1,1200000,8381618,False,-2266407,2221014,0,0,0,0,1,1,1784374233.5008352
596,37,4,formal,down,35,18,1,0.16199619048062974,1784374235.834573,1784374238.17666,1784374237.0056167,1.136395,0.14962,0.257127,-0.000312,-0.000227,1,acq,20480,20480,0,16,True,False,1,1200000,8381618,False,-2262003,2266492,0,0,0,0,1,1,1784374235.834573
597,37,5,formal,down,35,18,1,0.16199619048062974,1784374238.1768901,1784374240.51482,1784374239.3458552,1.13671,0.149729,0.2571,-0.000299,-0.000247,1,acq,20480,20480,0,16,True,False,1,1200000,8381618,False,-2291644,2289273,0,0,0,0,1,1,1784374238.1768901
598,37,6,formal,down,35,18,1,0.16199619048062974,1784374240.515048,1784374242.852067,1784374241.6835575,1.137322,0.149765,0.257204,-0.000319,-0.000197,1,acq,20480,20480,0,16,True,False,1,1200000,8381618,False,-2235919,2247860,0,0,0,0,1,1,1784374240.515048
599,37,7,formal,down,35,18,1,0.16199619048062974,1784374242.852289,1784374245.200941,1784374244.0266151,1.137254,0.14963,0.2572,-0.000288,-0.000248,1,acq,20480,20480,0,16,True,False,1,1200000,8381618,False,-2242864,2209328,0,0,0,0,1,1,1784374242.852289
600,37,8,formal,down,35,18,1,0.16199619048062974,1784374245.201174,1784374247.524214,1784374246.362694,1.136425,0.149493,0.256896,-0.000291,-0.000265,1,acq,20480,20480,0,16,True,False,1,1200000,8381618,False,-2281820,2308327,0,0,0,0,1,1,1784374245.201174
601,37,9,formal,down,35,18,1,0.16199619048062974,1784374247.5244422,1784374249.858034,1784374248.691238,1.138127,0.149731,0.257286,-0.000331,-0.000202,1,acq,20480,20480,0,16,True,False,1,1200000,8381618,False,-2275722,2257684,0,0,0,0,1,1,1784374247.5244422
602,37,10,formal,down,35,18,1,0.16199619048062974,1784374249.858251,1784374252.194203,1784374251.026227,1.136952,0.149473,0.256977,-0.000327,-0.000209,1,acq,20480,20480,0,16,True,False,1,1200000,8381618,False,-2280211,2256244,0,0,0,0,1,1,1784374249.858251
603,37,11,formal,down,35,18,1,0.16199619048062974,1784374252.1945128,1784374254.5362759,1784374253.3653944,1.136452,0.149381,0.256835,-0.00028,-0.000253,1,acq,20480,20480,0,16,True,False,1,1200000,8381618,False,-2248707,2248877,0,0,0,0,1,1,1784374252.1945128
604,37,12,formal,down,35,18,1,0.16199619048062974,1784374254.5365918,1784374256.860807,1784374255.6986995,1.136831,0.149487,0.256947,-0.000348,-0.000242,1,acq,20480,20480,0,16,True,False,1,1200000,8381618,False,-2285292,2274876,0,0,0,0,1,1,1784374254.5365918
605,37,13,formal,down,35,18,1,0.16199619048062974,1784374256.861032,1784374259.202801,1784374258.0319166,1.137514,0.149481,0.257026,-0.000291,-0.000222,1,acq,20480,20480,0,16,True,False,1,1200000,8381618,False,-2215594,2255652,0,0,0,0,1,1,1784374256.861032
606,37,14,formal,down,35,18,1,0.16199619048062974,1784374259.203079,1784374261.535975,1784374260.3695269,1.137087,0.149519,0.256967,-0.000298,-0.000253,1,acq,20480,20480,0,16,True,False,1,1200000,8381618,False,-2239984,2212207,0,0,0,0,1,1,1784374259.203079
607,37,15,formal,down,35,18,1,0.16199619048062974,1784374261.536314,1784374263.869222,1784374262.7027678,1.13742,0.149504,0.256999,-0.00032,-0.00021,1,acq,20480,20480,0,16,True,False,1,1200000,8381618,False,-2258700,2225503,0,0,0,0,1,1,1784374261.536314
608,38,0,formal,down,45,19,0,1.4675309524916171,1784374291.01323,1784374293.3527942,1784374292.183012,1.2,0.056017,0.096508,-0.000817,0.00122,1,acq,20480,20480,0,16,True,False,1,1200000,8381618,False,-959086,979072,0,0,0,0,1,1,1784374291.01323
609,38,1,formal,down,45,19,0,1.4675309524916171,1784374293.353048,1784374295.693538,1784374294.523293,1.2,0.055819,0.096055,-0.000834,0.00125,1,acq,20480,20480,0,16,True,False,1,1200000,8381618,False,-960610,1016758,0,0,0,0,1,1,1784374293.353048
610,38,2,formal,down,45,19,0,1.4675309524916171,1784374295.6937962,1784374298.037319,1784374296.8655577,1.2,0.055571,0.095639,-0.00084,0.001268,1,acq,20480,20480,0,16,True,False,1,1200000,8381618,False,-1010491,1007612,0,0,0,0,1,1,1784374295.6937962
611,38,3,formal,down,45,19,0,1.4675309524916171,1784374298.037558,1784374300.384741,1784374299.2111497,1.2,0.055374,0.095307,-0.000809,0.001226,1,acq,20480,20480,0,16,True,False,1,1200000,8381618,False,-912254,929953,0,0,0,0,1,1,1784374298.037558
612,38,4,formal,down,45,19,0,1.4675309524916171,1784374300.38502,1784374302.725687,1784374301.5553536,1.2,0.0551,0.094962,-0.000829,0.001223,1,acq,20480,20480,0,16,True,False,1,1200000,8381618,False,-930292,1012016,0,0,0,0,1,1,1784374300.38502
613,38,5,formal,down,45,19,0,1.4675309524916171,1784374302.725912,1784374305.060073,1784374303.8929925,1.2,0.054866,0.094587,-0.000818,0.001211,1,acq,20480,20480,0,16,True,False,1,1200000,8381618,False,-896163,973398,0,0,0,0,1,1,1784374302.725912
614,38,6,formal,down,45,19,0,1.4675309524916171,1784374305.060301,1784374307.394552,1784374306.2274265,1.2,0.054736,0.094256,-0.000854,0.001204,1,acq,20480,20480,0,16,True,False,1,1200000,8381618,False,-937575,979919,0,0,0,0,1,1,1784374305.060301
615,38,7,formal,down,45,19,0,1.4675309524916171,1784374307.3947809,1784374309.7360792,1784374308.5654302,1.2,0.054499,0.093948,-0.000783,0.00125,1,acq,20480,20480,0,16,True,False,1,1200000,8381618,False,-1018537,963066,0,0,0,0,1,1,1784374307.3947809
616,38,8,formal,down,45,19,0,1.4675309524916171,1784374309.736324,1784374312.0761101,1784374310.906217,1.2,0.054333,0.093746,-0.000799,0.001222,1,acq,20480,20480,0,16,True,False,1,1200000,8381618,False,-914625,940963,0,0,0,0,1,1,1784374309.736324
617,38,9,formal,down,45,19,0,1.4675309524916171,1784374312.076355,1784374314.411623,1784374313.243989,1.2,0.054176,0.093419,-0.000814,0.001235,1,acq,20480,20480,0,16,True,False,1,1200000,8381618,False,-994993,1015488,0,0,0,0,1,1,1784374312.076355
618,38,10,formal,down,45,19,0,1.4675309524916171,1784374314.411946,1784374316.763607,1784374315.5877767,1.2,0.054103,0.093212,-0.000818,0.001234,1,acq,20480,20480,0,16,True,False,1,1200000,8381618,False,-914286,1045128,0,0,0,0,1,1,1784374314.411946
619,38,11,formal,down,45,19,0,1.4675309524916171,1784374316.763854,1784374319.094434,1784374317.929144,1.2,0.053934,0.09297,-0.000791,0.001279,1,acq,20480,20480,0,16,True,False,1,1200000,8381618,False,-919537,969418,0,0,0,0,1,1,1784374316.763854
620,38,12,formal,down,45,19,0,1.4675309524916171,1784374319.0947032,1784374321.4444501,1784374320.2695765,1.2,0.053851,0.092737,-0.000816,0.001251,1,acq,20480,20480,0,16,True,False,1,1200000,8381618,False,-956291,969333,0,0,0,0,1,1,1784374319.0947032
621,38,13,formal,down,45,19,0,1.4675309524916171,1784374321.444692,1784374323.7944582,1784374322.619575,1.2,0.053653,0.092493,-0.000821,0.001242,1,acq,20480,20480,0,16,True,False,1,1200000,8381618,False,-906834,916488,0,0,0,0,1,1,1784374321.444692
622,38,14,formal,down,45,19,0,1.4675309524916171,1784374323.794682,1784374326.136287,1784374324.9654846,1.2,0.053541,0.092299,-0.00081,0.001266,1,acq,20480,20480,0,16,True,False,1,1200000,8381618,False,-921146,980088,0,0,0,0,1,1,1784374323.794682
623,38,15,formal,down,45,19,0,1.4675309524916171,1784374326.1365252,1784374328.476952,1784374327.3067386,1.2,0.053458,0.092168,-0.00078,0.001264,1,acq,20480,20480,0,16,True,False,1,1200000,8381618,False,-896417,970011,0,0,0,0,1,1,1784374326.1365252
624,39,0,formal,up,45,19,1,1.4675309524916171,1784374341.20034,1784374343.532769,1784374342.3665545,1.2,0.052726,0.090936,-0.000766,0.001253,1,acq,20480,20480,0,16,True,False,1,1200000,8381618,False,-946298,951633,0,0,0,0,1,1,1784374341.20034
625,39,1,formal,up,45,19,1,1.4675309524916171,1784374343.5330749,1784374345.8768342,1784374344.7049546,1.2,0.052582,0.090725,-0.000862,0.001267,1,acq,20480,20480,0,16,True,False,1,1200000,8381618,False,-953751,985170,0,0,0,0,1,1,1784374343.5330749
626,39,2,formal,up,45,19,1,1.4675309524916171,1784374345.877049,1784374348.218744,1784374347.0478964,1.2,0.052491,0.09049,-0.000846,0.001258,1,acq,20480,20480,0,16,True,False,1,1200000,8381618,False,-936728,963320,0,0,0,0,1,1,1784374345.877049
627,39,3,formal,up,45,19,1,1.4675309524916171,1784374348.2189848,1784374350.5634089,1784374349.3911967,1.2,0.052404,0.090324,-0.000806,0.00126,1,acq,20480,20480,0,16,True,False,1,1200000,8381618,False,-884815,935204,0,0,0,0,1,1,1784374348.2189848
628,39,4,formal,up,45,19,1,1.4675309524916171,1784374350.5637271,1784374352.894036,1784374351.7288816,1.2,0.052368,0.090278,-0.0008,0.001257,1,acq,20480,20480,0,16,True,False,1,1200000,8381618,False,-854751,920468,0,0,0,0,1,1,1784374350.5637271
629,39,5,formal,up,45,19,1,1.4675309524916171,1784374352.8943639,1784374355.2371042,1784374354.065734,1.2,0.052255,0.09006,-0.000839,0.001234,1,acq,20480,20480,0,16,True,False,1,1200000,8381618,False,-896078,931054,0,0,0,0,1,1,1784374352.8943639
630,39,6,formal,up,45,19,1,1.4675309524916171,1784374355.2374022,1784374357.568749,1784374356.4030757,1.2,0.052193,0.089977,-0.00081,0.001231,1,acq,20480,20480,0,16,True,False,1,1200000,8381618,False,-860340,955275,0,0,0,0,1,1,1784374355.2374022
631,39,7,formal,up,45,19,1,1.4675309524916171,1784374357.5690188,1784374359.902227,1784374358.735623,1.2,0.05204,0.089774,-0.000825,0.001258,1,acq,20480,20480,0,16,True,False,1,1200000,8381618,False,-857376,885069,0,0,0,0,1,1,1784374357.5690188
632,39,8,formal,up,45,19,1,1.4675309524916171,1784374359.902463,1784374362.243927,1784374361.073195,1.2,0.051876,0.089548,-0.000803,0.001257,1,acq,20480,20480,0,16,True,False,1,1200000,8381618,False,-940116,974499,0,0,0,0,1,1,1784374359.902463
633,39,9,formal,up,45,19,1,1.4675309524916171,1784374362.2443058,1784374364.5857658,1784374363.4150357,1.2,0.051911,0.089485,-0.000854,0.001259,1,acq,20480,20480,0,16,True,False,1,1200000,8381618,False,-857800,905818,0,0,0,0,1,1,1784374362.2443058
634,39,10,formal,up,45,19,1,1.4675309524916171,1784374364.5859818,1784374366.90675,1784374365.746366,1.2,0.05174,0.0892,-0.000789,0.001241,1,acq,20480,20480,0,16,True,False,1,1200000,8381618,False,-875669,995332,0,0,0,0,1,1,1784374364.5859818
635,39,11,formal,up,45,19,1,1.4675309524916171,1784374366.906977,1784374369.234142,1784374368.0705595,1.2,0.051612,0.089106,-0.000841,0.001297,1,acq,20480,20480,0,16,True,False,1,1200000,8381618,False,-861949,898111,0,0,0,0,1,1,1784374366.906977
636,39,12,formal,up,45,19,1,1.4675309524916171,1784374369.23436,1784374371.556493,1784374370.3954265,1.2,0.051559,0.088969,-0.000826,0.00128,1,acq,20480,20480,0,16,True,False,1,1200000,8381618,False,-947738,932071,0,0,0,0,1,1,1784374369.23436
637,39,13,formal,up,45,19,1,1.4675309524916171,1784374371.556732,1784374373.879373,1784374372.7180524,1.2,0.051493,0.088908,-0.000816,0.001262,1,acq,20480,20480,0,16,True,False,1,1200000,8381618,False,-878209,871096,0,0,0,0,1,1,1784374371.556732
638,39,14,formal,up,45,19,1,1.4675309524916171,1784374373.879643,1784374376.1956952,1784374375.0376692,1.2,0.051409,0.088699,-0.000836,0.001277,1,acq,20480,20480,0,16,True,False,1,1200000,8381618,False,-897942,901244,0,0,0,0,1,1,1784374373.879643
639,39,15,formal,up,45,19,1,1.4675309524916171,1784374376.195971,1784374378.510057,1784374377.353014,1.2,0.051316,0.088553,-0.000812,0.001245,1,acq,20480,20480,0,16,True,False,1,1200000,8381618,False,-945875,980004,0,0,0,0,1,1,1784374376.195971
640,40,0,formal,up,58,20,0,3.1647261431059004,1784374405.308704,1784374407.626786,1784374406.4677448,1.2,-0.110815,-0.190005,-0.00123,0.002621,1,acq,20480,20480,0,16,True,False,1,1200000,8381618,False,-1695444,1786906,0,0,0,0,1,1,1784374405.308704
641,40,1,formal,up,58,20,0,3.1647261431059004,1784374407.627858,1784374409.942797,1784374408.7853274,1.2,-0.111277,-0.190749,-0.001187,0.002635,1,acq,20480,20480,0,16,True,False,1,1200000,8381618,False,-1677829,1783349,0,0,0,0,1,1,1784374407.627858
642,40,2,formal,up,58,20,0,3.1647261431059004,1784374409.943089,1784374412.2675872,1784374411.105338,1.2,-0.111512,-0.191135,-0.001256,0.002621,1,acq,20480,20480,0,16,True,False,1,1200000,8381618,False,-1648273,1727371,0,0,0,0,1,1,1784374409.943089
643,40,3,formal,up,58,20,0,3.1647261431059004,1784374412.267829,1784374414.5787919,1784374413.4233103,1.2,-0.111773,-0.191655,-0.001233,0.002615,1,acq,20480,20480,0,16,True,False,1,1200000,8381618,False,-1667243,1730081,0,0,0,0,1,1,1784374412.267829
644,40,4,formal,up,58,20,0,3.1647261431059004,1784374414.579029,1784374416.893503,1784374415.7362661,1.2,-0.112041,-0.192177,-0.001239,0.00261,1,acq,20480,20480,0,16,True,False,1,1200000,8381618,False,-1645478,1757520,0,0,0,0,1,1,1784374414.579029
645,40,5,formal,up,58,20,0,3.1647261431059004,1784374416.893793,1784374419.219612,1784374418.0567026,1.2,-0.112239,-0.192497,-0.001186,0.002678,1,acq,20480,20480,0,16,True,False,1,1200000,8381618,False,-1714160,1739566,0,0,0,0,1,1,1784374416.893793
646,40,6,formal,up,58,20,0,3.1647261431059004,1784374419.21984,1784374421.546218,1784374420.383029,1.2,-0.112525,-0.192974,-0.001232,0.002647,1,acq,20480,20480,0,16,True,False,1,1200000,8381618,False,-1717208,1747103,0,0,0,0,1,1,1784374419.21984
647,40,7,formal,up,58,20,0,3.1647261431059004,1784374421.546433,1784374423.867054,1784374422.7067435,1.2,-0.112691,-0.193311,-0.001255,0.002613,1,acq,20480,20480,0,16,True,False,1,1200000,8381618,False,-1750152,1767598,0,0,0,0,1,1,1784374421.546433
648,40,8,formal,up,58,20,0,3.1647261431059004,1784374423.867293,1784374426.188329,1784374425.027811,1.2,-0.112874,-0.193682,-0.001218,0.002643,1,acq,20480,20480,0,16,True,False,1,1200000,8381618,False,-1719834,1869477,0,0,0,0,1,1,1784374423.867293
649,40,9,formal,up,58,20,0,3.1647261431059004,1784374426.188576,1784374428.509738,1784374427.3491569,1.2,-0.113093,-0.193988,-0.001222,0.002622,1,acq,20480,20480,0,16,True,False,1,1200000,8381618,False,-1698747,1729996,0,0,0,0,1,1,1784374426.188576
650,40,10,formal,up,58,20,0,3.1647261431059004,1784374428.5099661,1784374430.829194,1784374429.66958,1.2,-0.113265,-0.194392,-0.001241,0.002626,1,acq,20480,20480,0,16,True,False,1,1200000,8381618,False,-1624984,1772848,0,0,0,0,1,1,1784374428.5099661
651,40,11,formal,up,58,20,0,3.1647261431059004,1784374430.829439,1784374433.1515882,1784374431.9905136,1.2,-0.113483,-0.194696,-0.001211,0.002635,1,acq,20480,20480,0,16,True,False,1,1200000,8381618,False,-1666142,1784450,0,0,0,0,1,1,1784374430.829439
652,40,12,formal,up,58,20,0,3.1647261431059004,1784374433.151825,1784374435.4746182,1784374434.3132215,1.2,-0.113523,-0.194777,-0.001236,0.002626,1,acq,20480,20480,0,16,True,False,1,1200000,8381618,False,-1678591,1837973,0,0,0,0,1,1,1784374433.151825
653,40,13,formal,up,58,20,0,3.1647261431059004,1784374435.474856,1784374437.79874,1784374436.636798,1.2,-0.113865,-0.195415,-0.001226,0.002655,1,acq,20480,20480,0,16,True,False,1,1200000,8381618,False,-1749305,1890479,0,0,0,0,1,1,1784374435.474856
654,40,14,formal,up,58,20,0,3.1647261431059004,1784374437.798961,1784374440.121397,1784374438.9601789,1.2,-0.113972,-0.19558,-0.001223,0.002644,1,acq,20480,20480,0,16,True,False,1,1200000,8381618,False,-1708147,1782503,0,0,0,0,1,1,1784374437.798961
655,40,15,formal,up,58,20,0,3.1647261431059004,1784374440.1216269,1784374442.438933,1784374441.2802799,1.2,-0.11413,-0.19583,-0.001188,0.002635,1,acq,20480,20480,0,16,True,False,1,1200000,8381618,False,-1682571,1813583,0,0,0,0,1,1,1784374440.1216269
656,41,0,formal,down,58,20,1,3.1647261431059004,1784374455.000392,1784374457.319695,1784374456.1600435,1.2,-0.115166,-0.197626,-0.001239,0.002668,1,acq,20480,20480,0,16,True,False,1,1200000,8381618,False,-1706114,1760314,0,0,0,0,1,1,1784374455.000392
657,41,1,formal,down,58,20,1,3.1647261431059004,1784374457.31994,1784374459.6382,1784374458.4790702,1.2,-0.115264,-0.197844,-0.001229,0.002595,1,acq,20480,20480,0,16,True,False,1,1200000,8381618,False,-1693496,1837888,0,0,0,0,1,1,1784374457.31994
658,41,2,formal,down,58,20,1,3.1647261431059004,1784374459.6384242,1784374461.962409,1784374460.8004165,1.2,-0.115462,-0.198218,-0.00123,0.002637,1,acq,20480,20480,0,16,True,False,1,1200000,8381618,False,-1709756,1815192,0,0,0,0,1,1,1784374459.6384242
659,41,3,formal,down,58,20,1,3.1647261431059004,1784374461.962683,1784374464.279242,1784374463.1209626,1.2,-0.115661,-0.198504,-0.001227,0.002635,1,acq,20480,20480,0,16,True,False,1,1200000,8381618,False,-1771070,1872779,0,0,0,0,1,1,1784374461.962683
660,41,4,formal,down,58,20,1,3.1647261431059004,1784374464.2794712,1784374466.598125,1784374465.438798,1.2,-0.115707,-0.198698,-0.001233,0.002618,1,acq,20480,20480,0,16,True,False,1,1200000,8381618,False,-1741852,1805114,0,0,0,0,1,1,1784374464.2794712
661,41,5,formal,down,58,20,1,3.1647261431059004,1784374466.598372,1784374468.914902,1784374467.756637,1.2,-0.115834,-0.199005,-0.001234,0.002621,1,acq,20480,20480,0,16,True,False,1,1200000,8381618,False,-1691125,1803759,0,0,0,0,1,1,1784374466.598372
662,41,6,formal,down,58,20,1,3.1647261431059004,1784374468.915134,1784374471.239718,1784374470.077426,1.2,-0.115915,-0.199066,-0.00126,0.002679,1,acq,20480,20480,0,16,True,False,1,1200000,8381618,False,-1768614,1829843,0,0,0,0,1,1,1784374468.915134
663,41,7,formal,down,58,20,1,3.1647261431059004,1784374471.2399628,1784374473.5595798,1784374472.3997712,1.2,-0.116174,-0.199507,-0.001229,0.002637,1,acq,20480,20480,0,16,True,False,1,1200000,8381618,False,-1733638,1776744,0,0,0,0,1,1,1784374471.2399628
664,41,8,formal,down,58,20,1,3.1647261431059004,1784374473.559844,1784374475.8837461,1784374474.721795,1.2,-0.11622,-0.199553,-0.00125,0.002619,1,acq,20480,20480,0,16,True,False,1,1200000,8381618,False,-1783349,1816208,0,0,0,0,1,1,1784374473.559844
665,41,9,formal,down,58,20,1,3.1647261431059004,1784374475.884,1784374478.2002282,1784374477.0421143,1.2,-0.11638,-0.199787,-0.001243,0.002598,1,acq,20480,20480,0,16,True,False,1,1200000,8381618,False,-1742107,1776151,0,0,0,0,1,1,1784374475.884
666,41,10,formal,down,58,20,1,3.1647261431059004,1784374478.200468,1784374480.5259142,1784374479.3631911,1.2,-0.116481,-0.199976,-0.001242,0.002677,1,acq,20480,20480,0,16,True,False,1,1200000,8381618,False,-1758282,1810873,0,0,0,0,1,1,1784374478.200468
667,41,11,formal,down,58,20,1,3.1647261431059004,1784374480.526229,1784374482.848564,1784374481.6873965,1.2,-0.116523,-0.200183,-0.001252,0.002641,1,acq,20480,20480,0,16,True,False,1,1200000,8381618,False,-1721951,1795798,0,0,0,0,1,1,1784374480.526229
668,41,12,formal,down,58,20,1,3.1647261431059004,1784374482.8489978,1784374485.1675332,1784374484.0082655,1.2,-0.116726,-0.200442,-0.001219,0.002687,1,acq,20480,20480,0,16,True,False,1,1200000,8381618,False,-1806723,1813837,0,0,0,0,1,1,1784374482.8489978
669,41,13,formal,down,58,20,1,3.1647261431059004,1784374485.1677482,1784374487.495017,1784374486.3313828,1.2,-0.116772,-0.20058,-0.001173,0.002637,1,acq,20480,20480,0,16,True,False,1,1200000,8381618,False,-1725677,1827980,0,0,0,0,1,1,1784374485.1677482
670,41,14,formal,down,58,20,1,3.1647261431059004,1784374487.495258,1784374489.8046021,1784374488.64993,1.2,-0.116911,-0.200802,-0.001242,0.002624,1,acq,20480,20480,0,16,True,False,1,1200000,8381618,False,-1790209,1798932,0,0,0,0,1,1,1784374487.495258
671,41,15,formal,down,58,20,1,3.1647261431059004,1784374489.8048482,1784374492.119143,1784374490.9619956,1.2,-0.117077,-0.201146,-0.0012,0.002671,1,acq,20480,20480,0,16,True,False,1,1200000,8381618,False,-1724830,1815192,0,0,0,0,1,1,1784374489.8048482
672,42,0,formal,down,22,21,0,-1.535199000133653,1784374552.944179,1784374555.263202,1784374554.1036906,0.427333,0.150065,0.25625,0.001766,-0.003425,1,acq,20480,20480,0,16,True,False,1,1200000,8381618,False,-2211614,2170202,0,0,0,0,1,1,1784374552.944179
673,42,1,formal,down,22,21,0,-1.535199000133653,1784374555.263478,1784374557.5900679,1784374556.426773,0.425138,0.149863,0.255985,0.001793,-0.003468,1,acq,20480,20480,0,16,True,False,1,1200000,8381618,False,-2193491,2162834,0,0,0,0,1,1,1784374555.263478
674,42,2,formal,down,22,21,0,-1.535199000133653,1784374557.590295,1784374559.913598,1784374558.7519464,0.422562,0.149461,0.255427,0.001803,-0.003464,1,acq,20480,20480,0,16,True,False,1,1200000,8381618,False,-2180364,2188748,0,0,0,0,1,1,1784374557.590295
675,42,3,formal,down,22,21,0,-1.535199000133653,1784374559.914013,1784374562.236078,1784374561.0750456,0.420675,0.149353,0.255183,0.001797,-0.003478,1,acq,20480,20480,0,16,True,False,1,1200000,8381618,False,-2201282,2188664,0,0,0,0,1,1,1784374559.914013
676,42,4,formal,down,22,21,0,-1.535199000133653,1784374562.236589,1784374564.55394,1784374563.3952646,0.418436,0.149043,0.254663,0.001767,-0.003441,1,acq,20480,20480,0,16,True,False,1,1200000,8381618,False,-2187732,2148098,0,0,0,0,1,1,1784374562.236589
677,42,5,formal,down,22,21,0,-1.535199000133653,1784374564.554173,1784374566.88019,1784374565.7171814,0.41637,0.148812,0.254183,0.001802,-0.003456,1,acq,20480,20480,0,16,True,False,1,1200000,8381618,False,-2179602,2151740,0,0,0,0,1,1,1784374564.554173
678,42,6,formal,down,22,21,0,-1.535199000133653,1784374566.880418,1784374569.2028532,1784374568.0416355,0.414525,0.148493,0.253782,0.001823,-0.003462,1,acq,20480,20480,0,16,True,False,1,1200000,8381618,False,-2198318,2150385,0,0,0,0,1,1,1784374566.880418
679,42,7,formal,down,22,21,0,-1.535199000133653,1784374569.2030761,1784374571.524068,1784374570.3635721,0.41302,0.148439,0.253679,0.00178,-0.003441,1,acq,20480,20480,0,16,True,False,1,1200000,8381618,False,-2220422,2148098,0,0,0,0,1,1,1784374569.2030761
680,42,8,formal,down,22,21,0,-1.535199000133653,1784374571.524309,1784374573.841522,1784374572.6829154,0.411355,0.148221,0.253333,0.001819,-0.00345,1,acq,20480,20480,0,16,True,False,1,1200000,8381618,False,-2185192,2145219,0,0,0,0,1,1,1784374571.524309
681,42,9,formal,down,22,21,0,-1.535199000133653,1784374573.8417559,1784374576.156509,1784374574.9991324,0.409946,0.148098,0.253068,0.001775,-0.003486,1,acq,20480,20480,0,16,True,False,1,1200000,8381618,False,-2188410,2128197,0,0,0,0,1,1,1784374573.8417559
682,42,10,formal,down,22,21,0,-1.535199000133653,1784374576.156746,1784374578.474709,1784374577.3157275,0.408317,0.14779,0.252646,0.001791,-0.003466,1,acq,20480,20480,0,16,True,False,1,1200000,8381618,False,-2191967,2159277,0,0,0,0,1,1,1784374576.156746
683,42,11,formal,down,22,21,0,-1.535199000133653,1784374578.474978,1784374580.797856,1784374579.636417,0.407059,0.14774,0.252567,0.00178,-0.00347,1,acq,20480,20480,0,16,True,False,1,1200000,8381618,False,-2196794,2142848,0,0,0,0,1,1,1784374578.474978
684,42,12,formal,down,22,21,0,-1.535199000133653,1784374580.7989278,1784374583.124649,1784374581.9617884,0.405645,0.147619,0.252291,0.00176,-0.003465,1,acq,20480,20480,0,16,True,False,1,1200000,8381618,False,-2170879,2126927,0,0,0,0,1,1,1784374580.7989278
685,42,13,formal,down,22,21,0,-1.535199000133653,1784374583.124898,1784374585.444819,1784374584.2848585,0.404544,0.147491,0.252111,0.00177,-0.003474,1,acq,20480,20480,0,16,True,False,1,1200000,8381618,False,-2185022,2151571,0,0,0,0,1,1,1784374583.124898
686,42,14,formal,down,22,21,0,-1.535199000133653,1784374585.445049,1784374587.763757,1784374586.604403,0.402614,0.147106,0.251462,0.001816,-0.003517,1,acq,20480,20480,0,16,True,False,1,1200000,8381618,False,-2182058,2179348,0,0,0,0,1,1,1784374585.445049
687,42,15,formal,down,22,21,0,-1.535199000133653,1784374587.764222,1784374590.07803,1784374588.921126,0.40175,0.147078,0.251423,0.001806,-0.003463,1,acq,20480,20480,0,16,True,False,1,1200000,8381618,False,-2187563,2157668,0,0,0,0,1,1,1784374587.764222
688,43,0,formal,up,22,21,1,-1.535199000133653,1784374602.6507452,1784374604.97583,1784374603.8132877,0.394093,0.146092,0.249757,0.001793,-0.003476,1,acq,20480,20480,0,16,True,False,1,1200000,8381618,False,-2152756,2104400,0,0,0,0,1,1,1784374602.6507452
689,43,1,formal,up,22,21,1,-1.535199000133653,1784374604.976994,1784374607.302725,1784374606.1398597,0.39278,0.145802,0.249439,0.001774,-0.003461,1,acq,20480,20480,0,16,True,False,1,1200000,8381618,False,-2172404,2099318,0,0,0,0,1,1,1784374604.976994
690,43,2,formal,up,22,21,1,-1.535199000133653,1784374607.302958,1784374609.6254709,1784374608.4642143,0.392543,0.146007,0.249612,0.00178,-0.003453,1,acq,20480,20480,0,16,True,False,1,1200000,8381618,False,-2148014,2120152,0,0,0,0,1,1,1784374607.302958
691,43,3,formal,up,22,21,1,-1.535199000133653,1784374609.625719,1784374611.9470432,1784374610.7863812,0.391372,0.14577,0.249319,0.001791,-0.003449,1,acq,20480,20480,0,16,True,False,1,1200000,8381618,False,-2187055,2114054,0,0,0,0,1,1,1784374609.625719
692,43,4,formal,up,22,21,1,-1.535199000133653,1784374611.947537,1784374614.2678,1784374613.1076684,0.390183,0.145562,0.248868,0.001793,-0.003417,1,acq,20480,20480,0,16,True,False,1,1200000,8381618,False,-2146151,2151655,0,0,0,0,1,1,1784374611.947537
693,43,5,formal,up,22,21,1,-1.535199000133653,1784374614.268055,1784374616.5779788,1784374615.423017,0.389574,0.145581,0.248969,0.001755,-0.003471,1,acq,20480,20480,0,16,True,False,1,1200000,8381618,False,-2154619,2115409,0,0,0,0,1,1,1784374614.268055
694,43,6,formal,up,22,21,1,-1.535199000133653,1784374616.578206,1784374618.900146,1784374617.739176,0.388543,0.145403,0.248643,0.001774,-0.003431,1,acq,20480,20480,0,16,True,False,1,1200000,8381618,False,-2146828,2110582,0,0,0,0,1,1,1784374616.578206
695,43,7,formal,up,22,21,1,-1.535199000133653,1784374618.9003751,1784374621.221347,1784374620.060861,0.387827,0.145349,0.248575,0.001799,-0.003449,1,acq,20480,20480,0,16,True,False,1,1200000,8381618,False,-2147082,2086107,0,0,0,0,1,1,1784374618.9003751
696,43,8,formal,up,22,21,1,-1.535199000133653,1784374621.221566,1784374623.542853,1784374622.3822095,0.386784,0.145138,0.248334,0.001777,-0.003445,1,acq,20480,20480,0,16,True,False,1,1200000,8381618,False,-2146320,2091527,0,0,0,0,1,1,1784374621.221566
697,43,9,formal,up,22,21,1,-1.535199000133653,1784374623.5431428,1784374625.869503,1784374624.706323,0.385821,0.145071,0.248055,0.001786,-0.003471,1,acq,20480,20480,0,16,True,False,1,1200000,8381618,False,-2138359,2114054,0,0,0,0,1,1,1784374623.5431428
698,43,10,formal,up,22,21,1,-1.535199000133653,1784374625.869984,1784374628.191256,1784374627.03062,0.385348,0.145073,0.248219,0.001778,-0.003409,1,acq,20480,20480,0,16,True,False,1,1200000,8381618,False,-2157499,2110328,0,0,0,0,1,1,1784374625.869984
699,43,11,formal,up,22,21,1,-1.535199000133653,1784374628.191487,1784374630.509826,1784374629.3506565,0.384368,0.144849,0.247891,0.001813,-0.003424,1,acq,20480,20480,0,16,True,False,1,1200000,8381618,False,-2156737,2095169,0,0,0,0,1,1,1784374628.191487
700,43,12,formal,up,22,21,1,-1.535199000133653,1784374630.51013,1784374632.823207,1784374631.6666684,0.383809,0.144869,0.247834,0.001798,-0.003475,1,acq,20480,20480,0,16,True,False,1,1200000,8381618,False,-2140731,2082212,0,0,0,0,1,1,1784374630.51013
701,43,13,formal,up,22,21,1,-1.535199000133653,1784374632.8234692,1784374635.1384478,1784374633.9809585,0.382667,0.144575,0.247425,0.001817,-0.003396,1,acq,20480,20480,0,16,True,False,1,1200000,8381618,False,-2162665,2084668,0,0,0,0,1,1,1784374632.8234692
702,43,14,formal,up,22,21,1,-1.535199000133653,1784374635.1386812,1784374637.459469,1784374636.2990751,0.381734,0.144509,0.247218,0.001776,-0.003453,1,acq,20480,20480,0,16,True,False,1,1200000,8381618,False,-2150385,2067561,0,0,0,0,1,1,1784374635.1386812
703,43,15,formal,up,22,21,1,-1.535199000133653,1784374637.4597208,1784374639.783617,1784374638.6216688,0.380977,0.144346,0.247023,0.001775,-0.00345,1,acq,20480,20480,0,16,True,False,1,1200000,8381618,False,-2128282,2105162,0,0,0,0,1,1,1784374637.4597208
704,44,0,formal,up,39,22,0,0.6842100952850245,1784374672.218357,1784374674.5347478,1784374673.3765526,1.2,0.12364,0.212097,-0.00054,0.000423,1,acq,20480,20480,0,16,True,False,1,1200000,8381618,False,-1891072,1911820,0,0,0,0,1,1,1784374672.218357
705,44,1,formal,up,39,22,0,0.6842100952850245,1784374674.53602,1784374676.856545,1784374675.6962824,1.2,0.123374,0.211605,-0.000472,0.000393,1,acq,20480,20480,0,16,True,False,1,1200000,8381618,False,-1894544,1916648,0,0,0,0,1,1,1784374674.53602
706,44,2,formal,up,39,22,0,0.6842100952850245,1784374676.856788,1784374679.176429,1784374678.0166085,1.2,0.123215,0.211453,-0.000518,0.00038,1,acq,20480,20480,0,16,True,False,1,1200000,8381618,False,-1898355,1926387,0,0,0,0,1,1,1784374676.856788
707,44,3,formal,up,39,22,0,0.6842100952850245,1784374679.176728,1784374681.4968278,1784374680.336778,1.2,0.123019,0.211075,-0.00052,0.000404,1,acq,20480,20480,0,16,True,False,1,1200000,8381618,False,-1863718,1854995,0,0,0,0,1,1,1784374679.176728
708,44,4,formal,up,39,22,0,0.6842100952850245,1784374681.4970639,1784374683.669353,1784374682.5832086,1.2,-9e-06,-8e-05,2e-06,-1.9e-05,1,acq,20480,20480,0,16,True,False,1,1200000,8381618,False,-253808,210703,0,0,0,0,1,1,1784374681.4970639
709,44,5,formal,up,39,22,0,0.6842100952850245,1784374683.66961,1784374685.827521,1784374684.7485657,1.2,-3.8e-05,-1.1e-05,-2.8e-05,8e-06,1,acq,20480,20480,0,16,True,False,1,1200000,8381618,False,-213074,215191,0,0,0,0,1,1,1784374683.66961
710,44,6,formal,up,39,22,0,0.6842100952850245,1784374685.827786,1784374687.998517,1784374686.9131515,1.2,-4e-06,1.6e-05,7e-06,-4e-06,1,acq,20480,20480,0,16,True,False,1,1200000,8381618,False,-204859,207993,0,0,0,0,1,1,1784374685.827786
711,44,7,formal,up,39,22,0,0.6842100952850245,1784374687.998933,1784374690.16818,1784374689.0835567,1.2,3e-06,-3.4e-05,-1e-06,-3.7e-05,1,acq,20480,20480,0,16,True,False,1,1200000,8381618,False,-209602,211211,0,0,0,0,1,1,1784374687.998933
712,44,8,formal,up,39,22,0,0.6842100952850245,1784374690.168418,1784374692.3367019,1784374691.25256,1.2,3.9e-05,4e-06,2e-06,-2e-05,1,acq,20480,20480,0,16,True,False,1,1200000,8381618,False,-223998,233568,0,0,0,0,1,1,1784374690.168418
713,44,9,formal,up,39,22,0,0.6842100952850245,1784374692.3369632,1784374694.51244,1784374693.4247017,1.2,2.9e-05,1.1e-05,-3.8e-05,8e-06,1,acq,20480,20480,0,16,True,False,1,1200000,8381618,False,-192495,232975,0,0,0,0,1,1,1784374692.3369632
714,44,10,formal,up,39,22,0,0.6842100952850245,1784374694.5126789,1784374696.67902,1784374695.5958495,1.2,-3.2e-05,1.1e-05,-1.4e-05,-2e-05,1,acq,20480,20480,0,16,True,False,1,1200000,8381618,False,-201472,218833,0,0,0,0,1,1,1784374694.5126789
715,44,11,formal,up,39,22,0,0.6842100952850245,1784374696.679322,1784374698.850971,1784374697.7651465,1.2,-2.4e-05,-3e-06,7e-06,-1e-06,1,acq,20480,20480,0,16,True,False,1,1200000,8381618,False,-167427,174964,0,0,0,0,1,1,1784374696.679322
716,44,12,formal,up,39,22,0,0.6842100952850245,1784374698.85124,1784374701.0253131,1784374699.9382765,1.2,-2.2e-05,1.5e-05,5e-06,7e-06,1,acq,20480,20480,0,16,True,False,1,1200000,8381618,False,-200455,211211,0,0,0,0,1,1,1784374698.85124
717,44,13,formal,up,39,22,0,0.6842100952850245,1784374701.025543,1784374703.190847,1784374702.1081948,1.2,-6e-06,1.7e-05,-1e-05,2.7e-05,1,acq,20480,20480,0,16,True,False,1,1200000,8381618,False,-223406,233060,0,0,0,0,1,1,1784374701.025543
718,44,14,formal,up,39,22,0,0.6842100952850245,1784374703.191091,1784374705.350246,1784374704.2706685,1.2,-2.7e-05,3e-06,-5e-06,2.4e-05,1,acq,20480,20480,0,16,True,False,1,1200000,8381618,False,-236786,160822,0,0,0,0,1,1,1784374703.191091
719,44,15,formal,up,39,22,0,0.6842100952850245,1784374705.350487,1784374707.519551,1784374706.435019,1.2,-2.6e-05,-5.2e-05,-9e-06,7e-06,1,acq,20480,20480,0,16,True,False,1,1200000,8381618,False,-209856,173355,0,0,0,0,1,1,1784374705.350487
720,45,0,formal,down,39,22,1,0.6842100952850245,1784374720.2267141,1784374722.556066,1784374721.39139,1.2,0.121466,0.208809,-0.000551,0.000403,1,acq,20480,20480,0,16,True,False,1,1200000,8381618,False,-1878707,1852539,0,0,0,0,1,1,1784374720.2267141
721,45,1,formal,down,39,22,1,0.6842100952850245,1784374722.557145,1784374724.8830678,1784374723.7201066,1.2,0.12144,0.208684,-0.000481,0.000447,1,acq,20480,20480,0,16,True,False,1,1200000,8381618,False,-1884043,1924608,0,0,0,0,1,1,1784374722.557145
722,45,2,formal,down,39,22,1,0.6842100952850245,1784374724.8833191,1784374727.203962,1784374726.0436406,1.2,0.121224,0.208378,-0.000555,0.000428,1,acq,20480,20480,0,16,True,False,1,1200000,8381618,False,-1950777,1874219,0,0,0,0,1,1,1784374724.8833191
723,45,3,formal,down,39,22,1,0.6842100952850245,1784374727.204221,1784374729.541779,1784374728.3730001,1.2,0.121168,0.208491,-0.000508,0.00045,1,acq,20480,20480,0,16,True,False,1,1200000,8381618,False,-1836787,1845679,0,0,0,0,1,1,1784374727.204221
724,45,4,formal,down,39,22,1,0.6842100952850245,1784374729.542956,1784374731.8763368,1784374730.7096465,1.2,0.121203,0.208479,-0.000538,0.000455,1,acq,20480,20480,0,16,True,False,1,1200000,8381618,False,-1886160,1885398,0,0,0,0,1,1,1784374729.542956
725,45,5,formal,down,39,22,1,0.6842100952850245,1784374731.8766809,1784374734.209928,1784374733.0433044,1.2,0.121284,0.208527,-0.00052,0.000475,1,acq,20480,20480,0,16,True,False,1,1200000,8381618,False,-1810873,1835771,0,0,0,0,1,1,1784374731.8766809
726,45,6,formal,down,39,22,1,0.6842100952850245,1784374734.210233,1784374736.542988,1784374735.3766105,1.2,0.12117,0.208311,-0.000521,0.000434,1,acq,20480,20480,0,16,True,False,1,1200000,8381618,False,-1830351,1883281,0,0,0,0,1,1,1784374734.210233
727,45,7,formal,down,39,22,1,0.6842100952850245,1784374736.543377,1784374738.86727,1784374737.7053235,1.2,0.121197,0.208392,-0.000515,0.000438,1,acq,20480,20480,0,16,True,False,1,1200000,8381618,False,-1832976,1844833,0,0,0,0,1,1,1784374736.543377
728,45,8,formal,down,39,22,1,0.6842100952850245,1784374738.868427,1784374741.2096682,1784374740.0390477,1.2,0.121156,0.208192,-0.000544,0.000442,1,acq,20480,20480,0,16,True,False,1,1200000,8381618,False,-1884043,1938243,0,0,0,0,1,1,1784374738.868427
729,45,9,formal,down,39,22,1,0.6842100952850245,1784374741.2099252,1784374743.535563,1784374742.372744,1.2,0.121084,0.208143,-0.000556,0.000402,1,acq,20480,20480,0,16,True,False,1,1200000,8381618,False,-1821459,1877353,0,0,0,0,1,1,1784374741.2099252
730,45,10,formal,down,39,22,1,0.6842100952850245,1784374743.535826,1784374745.8778849,1784374744.7068553,1.2,0.121018,0.208213,-0.000498,0.000463,1,acq,20480,20480,0,16,True,False,1,1200000,8381618,False,-1861177,1827302,0,0,0,0,1,1,1784374743.535826
731,45,11,formal,down,39,22,1,0.6842100952850245,1784374745.87813,1784374748.214062,1784374747.0460958,1.2,0.121088,0.208157,-0.000516,0.000511,1,acq,20480,20480,0,16,True,False,1,1200000,8381618,False,-1868037,1927149,0,0,0,0,1,1,1784374745.87813
732,45,12,formal,down,39,22,1,0.6842100952850245,1784374748.2143402,1784374750.5531561,1784374749.383748,1.2,0.120975,0.20803,-0.000525,0.000454,1,acq,20480,20480,0,16,True,False,1,1200000,8381618,False,-1823068,1820443,0,0,0,0,1,1,1784374748.2143402
733,45,13,formal,down,39,22,1,0.6842100952850245,1784374750.55341,1784374752.8847418,1784374751.719076,1.2,0.120976,0.208084,-0.000499,0.000436,1,acq,20480,20480,0,16,True,False,1,1200000,8381618,False,-1804182,1881841,0,0,0,0,1,1,1784374750.55341
734,45,14,formal,down,39,22,1,0.6842100952850245,1784374752.8851368,1784374755.2179961,1784374754.0515666,1.2,0.120851,0.207838,-0.000521,0.000433,1,acq,20480,20480,0,16,True,False,1,1200000,8381618,False,-1872441,1964581,0,0,0,0,1,1,1784374752.8851368
735,45,15,formal,down,39,22,1,0.6842100952850245,1784374755.218317,1784374757.551088,1784374756.3847027,1.2,0.120831,0.207906,-0.00053,0.000423,1,acq,20480,20480,0,16,True,False,1,1200000,8381618,False,-1849829,1842800,0,0,0,0,1,1,1784374755.218317
736,46,0,formal,down,41,23,0,0.9453170476872224,1784374773.130021,1784374775.462759,1784374774.29639,1.2,0.097375,0.167226,-0.000539,0.00047,1,acq,20480,20480,0,16,True,False,1,1200000,8381618,False,-1525137,1568751,0,0,0,0,1,1,1784374773.130021
737,46,1,formal,down,41,23,0,0.9453170476872224,1784374775.463012,1784374777.7933161,1784374776.628164,1.2,0.097367,0.167268,-0.000587,0.000456,1,acq,20480,20480,0,16,True,False,1,1200000,8381618,False,-1530388,1562230,0,0,0,0,1,1,1784374775.463012
738,46,2,formal,down,41,23,0,0.9453170476872224,1784374777.793566,1784374780.1146,1784374778.954083,1.2,0.097238,0.167111,-0.00057,0.00052,1,acq,20480,20480,0,16,True,False,1,1200000,8381618,False,-1593649,1559351,0,0,0,0,1,1,1784374777.793566
739,46,3,formal,down,41,23,0,0.9453170476872224,1784374780.114837,1784374782.436469,1784374781.275653,1.2,0.097202,0.167053,-0.000529,0.000486,1,acq,20480,20480,0,16,True,False,1,1200000,8381618,False,-1560706,1541143,0,0,0,0,1,1,1784374780.114837
740,46,4,formal,down,41,23,0,0.9453170476872224,1784374782.436699,1784374784.749632,1784374783.5931654,1.2,0.097172,0.167033,-0.000521,0.000515,1,acq,20480,20480,0,16,True,False,1,1200000,8381618,False,-1574002,1496428,0,0,0,0,1,1,1784374782.436699
741,46,5,formal,down,41,23,0,0.9453170476872224,1784374784.7498822,1784374787.1035259,1784374785.926704,1.2,0.097142,0.167083,-0.000503,0.000499,1,acq,20480,20480,0,16,True,False,1,1200000,8381618,False,-1532420,1525053,0,0,0,0,1,1,1784374784.7498822
742,46,6,formal,down,41,23,0,0.9453170476872224,1784374787.1037781,1784374789.440896,1784374788.272337,1.2,0.097031,0.166898,-0.000516,0.000479,1,acq,20480,20480,0,16,True,False,1,1200000,8381618,False,-1515144,1581539,0,0,0,0,1,1,1784374787.1037781
743,46,7,formal,down,41,23,0,0.9453170476872224,1784374789.441128,1784374791.778889,1784374790.6100085,1.2,0.097044,0.166787,-0.000537,0.000503,1,acq,20480,20480,0,16,True,False,1,1200000,8381618,False,-1522173,1568836,0,0,0,0,1,1,1784374789.441128
744,46,8,formal,down,41,23,0,0.9453170476872224,1784374791.77914,1784374794.1197922,1784374792.9494662,1.2,0.096965,0.166657,-0.000558,0.000492,1,acq,20480,20480,0,16,True,False,1,1200000,8381618,False,-1567650,1551221,0,0,0,0,1,1,1784374791.77914
745,46,9,formal,down,41,23,0,0.9453170476872224,1784374794.120019,1784374796.460649,1784374795.290334,1.2,0.096881,0.166642,-0.000516,0.000508,1,acq,20480,20480,0,16,True,False,1,1200000,8381618,False,-1506760,1531997,0,0,0,0,1,1,1784374794.120019
746,46,10,formal,down,41,23,0,0.9453170476872224,1784374796.460885,1784374798.802659,1784374797.631772,1.2,0.096796,0.166578,-0.000508,0.000498,1,acq,20480,20480,0,16,True,False,1,1200000,8381618,False,-1513366,1574256,0,0,0,0,1,1,1784374796.460885
747,46,11,formal,down,41,23,0,0.9453170476872224,1784374798.8029099,1784374801.144321,1784374799.9736154,1.2,0.096718,0.166405,-0.000525,0.000491,1,acq,20480,20480,0,16,True,False,1,1200000,8381618,False,-1494226,1556556,0,0,0,0,1,1,1784374798.8029099
748,46,12,formal,down,41,23,0,0.9453170476872224,1784374801.1445708,1784374803.467669,1784374802.30612,1.2,0.096737,0.166396,-0.00055,0.00046,1,acq,20480,20480,0,16,True,False,1,1200000,8381618,False,-1631251,1585011,0,0,0,0,1,1,1784374801.1445708
749,46,13,formal,down,41,23,0,0.9453170476872224,1784374803.4679098,1784374805.803236,1784374804.635573,1.2,0.096726,0.166443,-0.000563,0.000528,1,acq,20480,20480,0,16,True,False,1,1200000,8381618,False,-1585350,1545886,0,0,0,0,1,1,1784374803.4679098
750,46,14,formal,down,41,23,0,0.9453170476872224,1784374805.803498,1784374808.1376672,1784374806.9705825,1.2,0.096717,0.166226,-0.000536,0.000517,1,acq,20480,20480,0,16,True,False,1,1200000,8381618,False,-1553253,1547325,0,0,0,0,1,1,1784374805.803498
751,46,15,formal,down,41,23,0,0.9453170476872224,1784374808.137991,1784374810.481817,1784374809.309904,1.2,0.096624,0.166174,-0.00055,0.000533,1,acq,20480,20480,0,16,True,False,1,1200000,8381618,False,-1484318,1536655,0,0,0,0,1,1,1784374808.137991
752,47,0,formal,up,41,23,1,0.9453170476872224,1784374823.1705651,1784374825.518663,1784374824.344614,1.2,0.096533,0.166126,-0.000525,0.000511,1,acq,20480,20480,0,16,True,False,1,1200000,8381618,False,-1502187,1576458,0,0,0,0,1,1,1784374823.1705651
753,47,1,formal,up,41,23,1,0.9453170476872224,1784374825.5189471,1784374827.860009,1784374826.689478,1.2,0.096344,0.16583,-0.000531,0.000463,1,acq,20480,20480,0,16,True,False,1,1200000,8381618,False,-1536909,1560198,0,0,0,0,1,1,1784374825.5189471
754,47,2,formal,up,41,23,1,0.9453170476872224,1784374827.860246,1784374830.197288,1784374829.028767,1.2,0.096349,0.165834,-0.000513,0.000472,1,acq,20480,20480,0,16,True,False,1,1200000,8381618,False,-1463993,1502102,0,0,0,0,1,1,1784374827.860246
755,47,3,formal,up,41,23,1,0.9453170476872224,1784374830.1975381,1784374832.535004,1784374831.366271,1.2,0.09634,0.16581,-0.000546,0.000484,1,acq,20480,20480,0,16,True,False,1,1200000,8381618,False,-1517685,1545632,0,0,0,0,1,1,1784374830.1975381
756,47,4,formal,up,41,23,1,0.9453170476872224,1784374832.5353532,1784374834.878456,1784374833.7069046,1.2,0.096251,0.165681,-0.000505,0.000491,1,acq,20480,20480,0,16,True,False,1,1200000,8381618,False,-1507183,1527763,0,0,0,0,1,1,1784374832.5353532
757,47,5,formal,up,41,23,1,0.9453170476872224,1784374834.8787148,1784374837.2097611,1784374836.044238,1.2,0.096292,0.165671,-0.000577,0.00051,1,acq,20480,20480,0,16,True,False,1,1200000,8381618,False,-1575442,1504897,0,0,0,0,1,1,1784374834.8787148
758,47,6,formal,up,41,23,1,0.9453170476872224,1784374837.209994,1784374839.543347,1784374838.3766704,1.2,0.096285,0.165781,-0.000552,0.000486,1,acq,20480,20480,0,16,True,False,1,1200000,8381618,False,-1515737,1572901,0,0,0,0,1,1,1784374837.209994
759,47,7,formal,up,41,23,1,0.9453170476872224,1784374839.543642,1784374841.893364,1784374840.718503,1.2,0.096202,0.165623,-0.000528,0.000466,1,acq,20480,20480,0,16,True,False,1,1200000,8381618,False,-1496513,1523274,0,0,0,0,1,1,1784374839.543642
760,47,8,formal,up,41,23,1,0.9453170476872224,1784374841.893655,1784374844.23695,1784374843.0653024,1.2,0.09624,0.165661,-0.000536,0.0005,1,acq,20480,20480,0,16,True,False,1,1200000,8381618,False,-1528948,1494311,0,0,0,0,1,1,1784374841.893655
761,47,9,formal,up,41,23,1,0.9453170476872224,1784374844.2372339,1784374846.574295,1784374845.4057646,1.2,0.096235,0.165624,-0.000566,0.000494,1,acq,20480,20480,0,16,True,False,1,1200000,8381618,False,-1551729,1492448,0,0,0,0,1,1,1784374844.2372339
762,47,10,formal,up,41,23,1,0.9453170476872224,1784374846.5745778,1784374848.893623,1784374847.7341003,1.2,0.096059,0.165426,-0.000521,0.000473,1,acq,20480,20480,0,16,True,False,1,1200000,8381618,False,-1579676,1606691,0,0,0,0,1,1,1784374846.5745778
763,47,11,formal,up,41,23,1,0.9453170476872224,1784374848.893842,1784374851.218543,1784374850.0561924,1.2,0.096057,0.16542,-0.00054,0.000508,1,acq,20480,20480,0,16,True,False,1,1200000,8381618,False,-1514890,1511079,0,0,0,0,1,1,1784374848.893842
764,47,12,formal,up,41,23,1,0.9453170476872224,1784374851.2188191,1784374853.545867,1784374852.382343,1.2,0.096135,0.165546,-0.000523,0.000509,1,acq,20480,20480,0,16,True,False,1,1200000,8381618,False,-1446801,1553762,0,0,0,0,1,1,1784374851.2188191
765,47,13,formal,up,41,23,1,0.9453170476872224,1784374853.5461178,1784374855.8779562,1784374854.712037,1.2,0.096053,0.165301,-0.000526,0.000498,1,acq,20480,20480,0,16,True,False,1,1200000,8381618,False,-1546309,1541821,0,0,0,0,1,1,1784374853.5461178
766,47,14,formal,up,41,23,1,0.9453170476872224,1784374855.878229,1784374858.2173178,1784374857.0477734,1.2,0.096039,0.165439,-0.000565,0.00052,1,acq,20480,20480,0,16,True,False,1,1200000,8381618,False,-1522512,1530134,0,0,0,0,1,1,1784374855.878229
767,47,15,formal,up,41,23,1,0.9453170476872224,1784374858.217566,1784374860.5350919,1784374859.376329,1.2,0.095987,0.165437,-0.000573,0.000479,1,acq,20480,20480,0,16,True,False,1,1200000,8381618,False,-1517177,1496428,0,0,0,0,1,1,1784374858.217566
768,48,0,formal,up,79,24,0,5.906349143328972,1784374923.391226,1784374925.726024,1784374924.558625,0.240181,-0.107717,-0.183289,0.002254,-0.004394,1,acq,20480,20480,0,16,True,False,1,1200000,8381618,False,-1643954,8388607,0,1974,0,1977,1,1,1784374923.391226
769,48,1,formal,up,79,24,0,5.906349143328972,1784374925.726304,1784374928.062504,1784374926.894404,0.220045,-0.117659,-0.200374,0.002085,-0.00294,1,acq,20480,20480,0,16,True,False,1,1200000,8381618,False,-1755233,1775304,0,0,0,0,1,1,1784374925.726304
770,48,2,formal,up,79,24,0,5.906349143328972,1784374928.062728,1784374930.402861,1784374929.2327945,0.217525,-0.117038,-0.199398,0.002083,-0.002917,1,acq,20480,20480,0,16,True,False,1,1200000,8381618,False,-1732452,1712127,0,0,0,0,1,1,1784374928.062728
771,48,3,formal,up,79,24,0,5.906349143328972,1784374930.403074,1784374932.724013,1784374931.5635436,0.215353,-0.116633,-0.1987,0.002062,-0.002931,1,acq,20480,20480,0,16,True,False,1,1200000,8381618,False,-1733977,1715091,0,0,0,0,1,1,1784374930.403074
772,48,4,formal,up,79,24,0,5.906349143328972,1784374932.7242298,1784374935.064513,1784374933.8943715,0.213346,-0.116136,-0.197975,0.002084,-0.002934,1,acq,20480,20480,0,16,True,False,1,1200000,8381618,False,-1719495,1733892,0,0,0,0,1,1,1784374932.7242298
773,48,5,formal,up,79,24,0,5.906349143328972,1784374935.064726,1784374937.403698,1784374936.234212,0.211323,-0.115671,-0.197166,0.002073,-0.002952,1,acq,20480,20480,0,16,True,False,1,1200000,8381618,False,-1711196,1715769,0,0,0,0,1,1,1784374935.064726
774,48,6,formal,up,79,24,0,5.906349143328972,1784374937.4039161,1784374939.732699,1784374938.5683074,0.209379,-0.115184,-0.196445,0.002076,-0.002949,1,acq,20480,20480,0,16,True,False,1,1200000,8381618,False,-1694512,1695020,0,0,0,0,1,1,1784374937.4039161
775,48,7,formal,up,79,24,0,5.906349143328972,1784374939.7329211,1784374942.060093,1784374940.896507,0.207614,-0.114776,-0.195754,0.002113,-0.002929,1,acq,20480,20480,0,16,True,False,1,1200000,8381618,False,-1702219,1709671,0,0,0,0,1,1,1784374939.7329211
776,48,8,formal,up,79,24,0,5.906349143328972,1784374942.060323,1784374944.398994,1784374943.2296586,0.205728,-0.11427,-0.19494,0.002061,-0.002916,1,acq,20480,20480,0,16,True,False,1,1200000,8381618,False,-1699255,1706961,0,0,0,0,1,1,1784374942.060323
777,48,9,formal,up,79,24,0,5.906349143328972,1784374944.3992372,1784374946.7146509,1784374945.556944,0.204027,-0.113868,-0.19428,0.002057,-0.002948,1,acq,20480,20480,0,16,True,False,1,1200000,8381618,False,-1680454,1687398,0,0,0,0,1,1,1784374944.3992372
778,48,10,formal,up,79,24,0,5.906349143328972,1784374946.7149599,1784374949.0468612,1784374947.8809104,0.202511,-0.113526,-0.193668,0.002059,-0.002931,1,acq,20480,20480,0,16,True,False,1,1200000,8381618,False,-1682741,1673002,0,0,0,0,1,1,1784374946.7149599
779,48,11,formal,up,79,24,0,5.906349143328972,1784374949.0470881,1784374951.375993,1784374950.2115407,0.201117,-0.113236,-0.193198,0.002077,-0.00294,1,acq,20480,20480,0,16,True,False,1,1200000,8381618,False,-1654709,1670461,0,0,0,0,1,1,1784374949.0470881
780,48,12,formal,up,79,24,0,5.906349143328972,1784374951.376431,1784374953.713917,1784374952.5451741,0.199357,-0.112759,-0.192309,0.002014,-0.002886,1,acq,20480,20480,0,16,True,False,1,1200000,8381618,False,-1684096,1661738,0,0,0,0,1,1,1784374951.376431
781,48,13,formal,up,79,24,0,5.906349143328972,1784374953.7142248,1784374956.0376651,1784374954.875945,0.198053,-0.11247,-0.191864,0.002047,-0.002927,1,acq,20480,20480,0,16,True,False,1,1200000,8381618,False,-1680623,1663855,0,0,0,0,1,1,1784374953.7142248
782,48,14,formal,up,79,24,0,5.906349143328972,1784374956.037895,1784374958.3678021,1784374957.2028484,0.196467,-0.112035,-0.191167,0.002056,-0.002903,1,acq,20480,20480,0,16,True,False,1,1200000,8381618,False,-1675203,1660976,0,0,0,0,1,1,1784374956.037895
783,48,15,formal,up,79,24,0,5.906349143328972,1784374958.369029,1784374960.7112541,1784374959.5401416,0.195127,-0.111696,-0.190607,0.00204,-0.002918,1,acq,20480,20480,0,16,True,False,1,1200000,8381618,False,-1667920,1652084,0,0,0,0,1,1,1784374958.369029
784,49,0,formal,down,79,24,1,5.906349143328972,1784374973.4129229,1784374975.741636,1784374974.5772796,0.186953,-0.10972,-0.187194,0.002015,-0.002915,1,acq,20480,20480,0,16,True,False,1,1200000,8381618,False,-1637009,1637348,0,0,0,0,1,1,1784374973.4129229
785,49,1,formal,down,79,24,1,5.906349143328972,1784374975.741937,1784374978.075145,1784374976.908541,0.185699,-0.109351,-0.186544,0.002002,-0.002896,1,acq,20480,20480,0,16,True,False,1,1200000,8381618,False,-1633622,1615499,0,0,0,0,1,1,1784374975.741937
786,49,2,formal,down,79,24,1,5.906349143328972,1784374978.075368,1784374980.401176,1784374979.238272,0.184569,-0.109063,-0.186098,0.002014,-0.002887,1,acq,20480,20480,0,16,True,False,1,1200000,8381618,False,-1664956,1652677,0,0,0,0,1,1,1784374978.075368
787,49,3,formal,down,79,24,1,5.906349143328972,1784374980.4014301,1784374982.737238,1784374981.569334,0.183573,-0.108805,-0.185697,0.002013,-0.002888,1,acq,20480,20480,0,16,True,False,1,1200000,8381618,False,-1655132,1630912,0,0,0,0,1,1,1784374980.4014301
788,49,4,formal,down,79,24,1,5.906349143328972,1784374982.737479,1784374985.0762439,1784374983.9068613,0.182584,-0.108556,-0.185331,0.002031,-0.002882,1,acq,20480,20480,0,16,True,False,1,1200000,8381618,False,-1639381,1597714,0,0,0,0,1,1,1784374982.737479
789,49,5,formal,down,79,24,1,5.906349143328972,1784374985.076509,1784374987.4117959,1784374986.2441525,0.181426,-0.108278,-0.184796,0.001994,-0.002885,1,acq,20480,20480,0,16,True,False,1,1200000,8381618,False,-1611434,1603134,0,0,0,0,1,1,1784374985.076509
790,49,6,formal,down,79,24,1,5.906349143328972,1784374987.41201,1784374989.72841,1784374988.57021,0.180404,-0.107983,-0.184326,0.002038,-0.002901,1,acq,20480,20480,0,16,True,False,1,1200000,8381618,False,-1624560,1603558,0,0,0,0,1,1,1784374987.41201
791,49,7,formal,down,79,24,1,5.906349143328972,1784374989.728641,1784374992.063981,1784374990.896311,0.179361,-0.107708,-0.183871,0.002017,-0.002884,1,acq,20480,20480,0,16,True,False,1,1200000,8381618,False,-1599493,1609994,0,0,0,0,1,1,1784374989.728641
792,49,8,formal,down,79,24,1,5.906349143328972,1784374992.064225,1784374994.395093,1784374993.229659,0.178341,-0.107419,-0.183383,0.002021,-0.002896,1,acq,20480,20480,0,16,True,False,1,1200000,8381618,False,-1598731,1591024,0,0,0,0,1,1,1784374992.064225
793,49,9,formal,down,79,24,1,5.906349143328972,1784374994.3953228,1784374996.7281191,1784374995.5617208,0.177409,-0.107223,-0.183068,0.002002,-0.002874,1,acq,20480,20480,0,16,True,False,1,1200000,8381618,False,-1612281,1590601,0,0,0,0,1,1,1784374994.3953228
794,49,10,formal,down,79,24,1,5.906349143328972,1784374996.728364,1784374999.063953,1784374997.8961585,0.176503,-0.106991,-0.182643,0.002002,-0.002868,1,acq,20480,20480,0,16,True,False,1,1200000,8381618,False,-1638872,1590855,0,0,0,0,1,1,1784374996.728364
795,49,11,formal,down,79,24,1,5.906349143328972,1784374999.064259,1784375001.4058938,1784375000.2350764,0.175598,-0.106772,-0.182237,0.001988,-0.002896,1,acq,20480,20480,0,16,True,False,1,1200000,8381618,False,-1597460,1595428,0,0,0,0,1,1,1784374999.064259
796,49,12,formal,down,79,24,1,5.906349143328972,1784375001.406163,1784375003.7313979,1784375002.5687804,0.174663,-0.106515,-0.181864,0.002023,-0.002902,1,acq,20480,20480,0,16,True,False,1,1200000,8381618,False,-1600001,1596952,0,0,0,0,1,1,1784375001.406163
797,49,13,formal,down,79,24,1,5.906349143328972,1784375003.731723,1784375006.051614,1784375004.8916686,0.173601,-0.106215,-0.181317,0.002015,-0.002885,1,acq,20480,20480,0,16,True,False,1,1200000,8381618,False,-1585519,1571207,0,0,0,0,1,1,1784375003.731723
798,49,14,formal,down,79,24,1,5.906349143328972,1784375006.051862,1784375008.3960161,1784375007.223939,0.172804,-0.106051,-0.180977,0.001992,-0.002866,1,acq,20480,20480,0,16,True,False,1,1200000,8381618,False,-1598222,1564432,0,0,0,0,1,1,1784375006.051862
799,49,15,formal,down,79,24,1,5.906349143328972,1784375008.396259,1784375010.728404,1784375009.5623317,0.171743,-0.10567,-0.180345,0.002015,-0.002864,1,acq,20480,20480,0,16,True,False,1,1200000,8381618,False,-1585858,1568074,0,0,0,0,1,1,1784375008.396259
800,50,0,formal,down,1,25,0,-4.276822000356725,1784375131.1344142,1784375133.467923,1784375132.3011684,0.10259,-0.085667,-0.146515,0.001046,-0.001533,1,acq,20480,20480,0,16,True,False,1,1200000,8381618,False,-1313757,1287843,0,0,0,0,1,1,1784375131.1344142
801,50,1,formal,down,1,25,0,-4.276822000356725,1784375133.468181,1784375135.801087,1784375134.634634,0.104791,-0.08649,-0.148001,0.000999,-0.001538,1,acq,20480,20480,0,16,True,False,1,1200000,8381618,False,-1306051,1298429,0,0,0,0,1,1,1784375133.468181
802,50,2,formal,down,1,25,0,-4.276822000356725,1784375135.801392,1784375138.13035,1784375136.965871,0.106798,-0.087267,-0.149369,0.001036,-0.00154,1,acq,20480,20480,0,16,True,False,1,1200000,8381618,False,-1336962,1330525,0,0,0,0,1,1,1784375135.801392
803,50,3,formal,down,1,25,0,-4.276822000356725,1784375138.130566,1784375140.458137,1784375139.2943516,0.108677,-0.087926,-0.150392,0.001047,-0.001516,1,acq,20480,20480,0,16,True,False,1,1200000,8381618,False,-1334760,1313673,0,0,0,0,1,1,1784375138.130566
804,50,4,formal,down,1,25,0,-4.276822000356725,1784375140.4583669,1784375142.797317,1784375141.627842,0.110487,-0.088556,-0.151522,0.00101,-0.00151,1,acq,20480,20480,0,16,True,False,1,1200000,8381618,False,-1335691,1331457,0,0,0,0,1,1,1784375140.4583669
805,50,5,formal,down,1,25,0,-4.276822000356725,1784375142.797761,1784375145.136029,1784375143.966895,0.112331,-0.089223,-0.152792,0.001025,-0.001511,1,acq,20480,20480,0,16,True,False,1,1200000,8381618,False,-1358049,1339587,0,0,0,0,1,1,1784375142.797761
806,50,6,formal,down,1,25,0,-4.276822000356725,1784375145.136256,1784375147.472648,1784375146.304452,0.114101,-0.089817,-0.15382,0.001038,-0.001502,1,acq,20480,20480,0,16,True,False,1,1200000,8381618,False,-1347971,1348225,0,0,0,0,1,1,1784375145.136256
807,50,7,formal,down,1,25,0,-4.276822000356725,1784375147.4728808,1784375149.8209212,1784375148.6469011,0.115682,-0.090453,-0.154784,0.00103,-0.001525,1,acq,20480,20480,0,16,True,False,1,1200000,8381618,False,-1371853,1338147,0,0,0,0,1,1,1784375147.4728808
808,50,8,formal,down,1,25,0,-4.276822000356725,1784375149.822047,1784375152.159057,1784375150.990552,0.117475,-0.091051,-0.155938,0.00102,-0.001529,1,acq,20480,20480,0,16,True,False,1,1200000,8381618,False,-1373038,1365163,0,0,0,0,1,1,1784375149.822047
809,50,9,formal,down,1,25,0,-4.276822000356725,1784375152.159416,1784375154.497972,1784375153.3286939,0.11904,-0.091589,-0.156824,0.001031,-0.00151,1,acq,20480,20480,0,16,True,False,1,1200000,8381618,False,-1377527,1369058,0,0,0,0,1,1,1784375152.159416
810,50,10,formal,down,1,25,0,-4.276822000356725,1784375154.498215,1784375156.824564,1784375155.6613894,0.120524,-0.092039,-0.157661,0.001031,-0.001501,1,acq,20480,20480,0,16,True,False,1,1200000,8381618,False,-1395396,1384725,0,0,0,0,1,1,1784375154.498215
811,50,11,formal,down,1,25,0,-4.276822000356725,1784375156.824806,1784375159.1591759,1784375157.991991,0.122153,-0.092675,-0.158695,0.001029,-0.001507,1,acq,20480,20480,0,16,True,False,1,1200000,8381618,False,-1390484,1387689,0,0,0,0,1,1,1784375156.824806
812,50,12,formal,down,1,25,0,-4.276822000356725,1784375159.159405,1784375161.4963121,1784375160.3278584,0.123748,-0.093245,-0.159669,0.00103,-0.001502,1,acq,20480,20480,0,16,True,False,1,1200000,8381618,False,-1403526,1385403,0,0,0,0,1,1,1784375159.159405
813,50,13,formal,down,1,25,0,-4.276822000356725,1784375161.496623,1784375163.814261,1784375162.655442,0.125252,-0.093763,-0.160609,0.001035,-0.001515,1,acq,20480,20480,0,16,True,False,1,1200000,8381618,False,-1426307,1405897,0,0,0,0,1,1,1784375161.496623
814,50,14,formal,down,1,25,0,-4.276822000356725,1784375163.8145459,1784375166.151772,1784375164.983159,0.126699,-0.094219,-0.16139,0.001005,-0.001482,1,acq,20480,20480,0,16,True,False,1,1200000,8381618,False,-1431388,1423766,0,0,0,0,1,1,1784375163.8145459
815,50,15,formal,down,1,25,0,-4.276822000356725,1784375166.1520221,1784375168.477812,1784375167.314917,0.128127,-0.094757,-0.16225,0.001031,-0.001501,1,acq,20480,20480,0,16,True,False,1,1200000,8381618,False,-1441042,1406659,0,0,0,0,1,1,1784375166.1520221
816,51,0,formal,up,1,25,1,-4.276822000356725,1784375181.169421,1784375183.499736,1784375182.3345785,0.136623,-0.097379,-0.166866,0.001004,-0.001453,1,acq,20480,20480,0,16,True,False,1,1200000,8381618,False,-1474748,1453576,0,0,0,0,1,1,1784375181.169421
817,51,1,formal,up,1,25,1,-4.276822000356725,1784375183.4999712,1784375185.8344588,1784375184.6672149,0.137846,-0.09778,-0.167616,0.001038,-0.001494,1,acq,20480,20480,0,16,True,False,1,1200000,8381618,False,-1468905,1469074,0,0,0,0,1,1,1784375183.4999712
818,51,2,formal,up,1,25,1,-4.276822000356725,1784375185.834892,1784375188.1759071,1784375187.0053997,0.139201,-0.098256,-0.168395,0.00101,-0.001489,1,acq,20480,20480,0,16,True,False,1,1200000,8381618,False,-1487197,1479237,0,0,0,0,1,1,1784375185.834892
819,51,3,formal,up,1,25,1,-4.276822000356725,1784375188.176199,1784375190.505837,1784375189.341018,0.140394,-0.098609,-0.168996,0.001028,-0.001492,1,acq,20480,20480,0,16,True,False,1,1200000,8381618,False,-1487451,1480338,0,0,0,0,1,1,1784375188.176199
820,51,4,formal,up,1,25,1,-4.276822000356725,1784375190.5061078,1784375192.851132,1784375191.6786199,0.141475,-0.098934,-0.169519,0.001018,-0.001458,1,acq,20480,20480,0,16,True,False,1,1200000,8381618,False,-1500324,1464924,0,0,0,0,1,1,1784375190.5061078
821,51,5,formal,up,1,25,1,-4.276822000356725,1784375192.851423,1784375195.170757,1784375194.01109,0.142864,-0.099421,-0.170389,0.00105,-0.001484,1,acq,20480,20480,0,16,True,False,1,1200000,8381618,False,-1486266,1485927,0,0,0,0,1,1,1784375192.851423
822,51,6,formal,up,1,25,1,-4.276822000356725,1784375195.1709929,1784375197.522731,1784375196.3468618,0.143908,-0.099716,-0.170893,0.001041,-0.00148,1,acq,20480,20480,0,16,True,False,1,1200000,8381618,False,-1500324,1481693,0,0,0,0,1,1,1784375195.1709929
823,51,7,formal,up,1,25,1,-4.276822000356725,1784375197.522955,1784375199.8616362,1784375198.6922956,0.144978,-0.099955,-0.171421,0.001014,-0.001488,1,acq,20480,20480,0,16,True,False,1,1200000,8381618,False,-1505744,1494904,0,0,0,0,1,1,1784375197.522955
824,51,8,formal,up,1,25,1,-4.276822000356725,1784375199.861857,1784375202.206945,1784375201.034401,0.146286,-0.100416,-0.17213,0.001044,-0.001494,1,acq,20480,20480,0,16,True,False,1,1200000,8381618,False,-1521919,1515737,0,0,0,0,1,1,1784375199.861857
825,51,9,formal,up,1,25,1,-4.276822000356725,1784375202.2071948,1784375204.535573,1784375203.371384,0.147238,-0.100708,-0.172604,0.001017,-0.00148,1,acq,20480,20480,0,16,True,False,1,1200000,8381618,False,-1515144,1512688,0,0,0,0,1,1,1784375202.2071948
826,51,10,formal,up,1,25,1,-4.276822000356725,1784375204.53598,1784375206.856538,1784375205.696259,0.148387,-0.10109,-0.173154,0.001031,-0.00148,1,acq,20480,20480,0,16,True,False,1,1200000,8381618,False,-1526153,1512265,0,0,0,0,1,1,1784375204.53598
827,51,11,formal,up,1,25,1,-4.276822000356725,1784375206.8567731,1784375209.2009861,1784375208.0288796,0.149428,-0.101329,-0.173636,0.001032,-0.001471,1,acq,20480,20480,0,16,True,False,1,1200000,8381618,False,-1528271,1519294,0,0,0,0,1,1,1784375206.8567731
828,51,12,formal,up,1,25,1,-4.276822000356725,1784375209.201358,1784375211.533184,1784375210.367271,0.150559,-0.101734,-0.17433,0.001021,-0.001477,1,acq,20480,20480,0,16,True,False,1,1200000,8381618,False,-1541228,1521665,0,0,0,0,1,1,1784375209.201358
829,51,13,formal,up,1,25,1,-4.276822000356725,1784375211.5334232,1784375213.86977,1784375212.7015967,0.151642,-0.102021,-0.174883,0.001007,-0.001475,1,acq,20480,20480,0,16,True,False,1,1200000,8381618,False,-1531150,1530811,0,0,0,0,1,1,1784375211.5334232
830,51,14,formal,up,1,25,1,-4.276822000356725,1784375213.870003,1784375216.201021,1784375215.035512,0.152701,-0.102325,-0.17546,0.001046,-0.001471,1,acq,20480,20480,0,16,True,False,1,1200000,8381618,False,-1558673,1542837,0,0,0,0,1,1,1784375213.870003
831,51,15,formal,up,1,25,1,-4.276822000356725,1784375216.201269,1784375218.531072,1784375217.3661704,0.153874,-0.102736,-0.176032,0.001005,-0.001442,1,acq,20480,20480,0,16,True,False,1,1200000,8381618,False,-1549358,1549612,0,0,0,0,1,1,1784375216.201269
832,52,0,sentinel,up,20,26,0,-1.7963059525358505,1784375254.197076,1784375256.5219111,1784375255.3594937,0.244509,0.125543,0.214359,0.000395,-0.001149,1,acq,20480,20480,0,16,True,False,1,1200000,8381618,False,-1864819,1826625,0,0,0,0,1,1,1784375254.197076
833,52,1,sentinel,up,20,26,0,-1.7963059525358505,1784375256.523457,1784375258.858033,1784375257.6907449,0.245044,0.125583,0.214599,0.000333,-0.001142,1,acq,20480,20480,0,16,True,False,1,1200000,8381618,False,-1860415,1834162,0,0,0,0,1,1,1784375256.523457
834,52,2,sentinel,up,20,26,0,-1.7963059525358505,1784375258.858261,1784375261.1878211,1784375260.0230412,0.245633,0.125728,0.214826,0.000375,-0.001155,1,acq,20480,20480,0,16,True,False,1,1200000,8381618,False,-1881417,1826201,0,0,0,0,1,1,1784375258.858261
835,52,3,sentinel,up,20,26,0,-1.7963059525358505,1784375261.188048,1784375263.528417,1784375262.3582325,0.245875,0.125642,0.214932,0.000344,-0.001152,1,acq,20480,20480,0,16,True,False,1,1200000,8381618,False,-1858467,1841953,0,0,0,0,1,1,1784375261.188048
836,52,4,sentinel,up,20,26,0,-1.7963059525358505,1784375263.5286689,1784375265.866822,1784375264.6977453,0.246259,0.125812,0.215034,0.000377,-0.00116,1,acq,20480,20480,0,16,True,False,1,1200000,8381618,False,-1852454,1842461,0,0,0,0,1,1,1784375263.5286689
837,52,5,sentinel,up,20,26,0,-1.7963059525358505,1784375265.8670678,1784375268.2086241,1784375267.037846,0.246378,0.125834,0.215039,0.000364,-0.001193,1,acq,20480,20480,0,16,True,False,1,1200000,8381618,False,-1849829,1829843,0,0,0,0,1,1,1784375265.8670678
838,52,6,sentinel,up,20,26,0,-1.7963059525358505,1784375268.208981,1784375270.533461,1784375269.371221,0.246712,0.125922,0.215334,0.00037,-0.001126,1,acq,20480,20480,0,16,True,False,1,1200000,8381618,False,-1892766,1833738,0,0,0,0,1,1,1784375268.208981
839,52,7,sentinel,up,20,26,0,-1.7963059525358505,1784375270.5337238,1784375272.873568,1784375271.703646,0.246652,0.125861,0.215174,0.000375,-0.001169,1,acq,20480,20480,0,16,True,False,1,1200000,8381618,False,-1875066,1841953,0,0,0,0,1,1,1784375270.5337238
840,52,8,sentinel,up,20,26,0,-1.7963059525358505,1784375272.8738,1784375275.203155,1784375274.0384774,0.246843,0.125854,0.215416,0.000377,-0.001128,1,acq,20480,20480,0,16,True,False,1,1200000,8381618,False,-1870408,1823661,0,0,0,0,1,1,1784375272.8738
841,52,9,sentinel,up,20,26,0,-1.7963059525358505,1784375275.203399,1784375277.530018,1784375276.3667085,0.246704,0.125722,0.215171,0.000386,-0.001153,1,acq,20480,20480,0,16,True,False,1,1200000,8381618,False,-1866004,1853894,0,0,0,0,1,1,1784375275.203399
842,52,10,sentinel,up,20,26,0,-1.7963059525358505,1784375277.530271,1784375279.863025,1784375278.6966481,0.246824,0.125789,0.215239,0.000404,-0.001137,1,acq,20480,20480,0,16,True,False,1,1200000,8381618,False,-1879216,1839074,0,0,0,0,1,1,1784375277.530271
843,52,11,sentinel,up,20,26,0,-1.7963059525358505,1784375279.864067,1784375282.198533,1784375281.0313,0.246889,0.12586,0.215397,0.00038,-0.001139,1,acq,20480,20480,0,16,True,False,1,1200000,8381618,False,-1864988,1839582,0,0,0,0,1,1,1784375279.864067
844,52,12,sentinel,up,20,26,0,-1.7963059525358505,1784375282.198853,1784375284.525308,1784375283.3620806,0.246829,0.12584,0.2153,0.000373,-0.001154,1,acq,20480,20480,0,16,True,False,1,1200000,8381618,False,-1860838,1844578,0,0,0,0,1,1,1784375282.198853
845,52,13,sentinel,up,20,26,0,-1.7963059525358505,1784375284.525592,1784375286.860481,1784375285.6930366,0.246875,0.125863,0.215474,0.000351,-0.001141,1,acq,20480,20480,0,16,True,False,1,1200000,8381618,False,-1873796,1819680,0,0,0,0,1,1,1784375284.525592
846,52,14,sentinel,up,20,26,0,-1.7963059525358505,1784375286.8607419,1784375289.1921349,1784375288.0264382,0.246791,0.125845,0.215325,0.00038,-0.00115,1,acq,20480,20480,0,16,True,False,1,1200000,8381618,False,-1873457,1836703,0,0,0,0,1,1,1784375286.8607419
847,52,15,sentinel,up,20,26,0,-1.7963059525358505,1784375289.193428,1784375291.51711,1784375290.355269,0.246901,0.125899,0.215433,0.000435,-0.001134,1,acq,20480,20480,0,16,True,False,1,1200000,8381618,False,-1859822,1851438,0,0,0,0,1,1,1784375289.193428
848,53,0,sentinel,down,20,26,1,-1.7963059525358505,1784375304.1954298,1784375306.5253508,1784375305.3603902,0.246106,0.125635,0.215187,0.00042,-0.001143,1,acq,20480,20480,0,16,True,False,1,1200000,8381618,False,-1879470,1835348,0,0,0,0,1,1,1784375304.1954298
849,53,1,sentinel,down,20,26,1,-1.7963059525358505,1784375306.525584,1784375308.867222,1784375307.696403,0.245977,0.125626,0.215185,0.000405,-0.001146,1,acq,20480,20480,0,16,True,False,1,1200000,8381618,False,-1850168,1843223,0,0,0,0,1,1,1784375306.525584
850,53,2,sentinel,down,20,26,1,-1.7963059525358505,1784375308.8675032,1784375311.217042,1784375310.0422726,0.245605,0.125479,0.21496,0.000394,-0.001175,1,acq,20480,20480,0,16,True,False,1,1200000,8381618,False,-1869731,1837211,0,0,0,0,1,1,1784375308.8675032
851,53,3,sentinel,down,20,26,1,-1.7963059525358505,1784375311.217296,1784375313.5504,1784375312.383848,0.245275,0.125398,0.214779,0.00038,-0.001178,1,acq,20480,20480,0,16,True,False,1,1200000,8381618,False,-1849406,1828573,0,0,0,0,1,1,1784375311.217296
852,53,4,sentinel,down,20,26,1,-1.7963059525358505,1784375313.5509171,1784375315.890713,1784375314.7208152,0.245286,0.12549,0.214846,0.00039,-0.001152,1,acq,20480,20480,0,16,True,False,1,1200000,8381618,False,-1871001,1825947,0,0,0,0,1,1,1784375313.5509171
853,53,5,sentinel,down,20,26,1,-1.7963059525358505,1784375315.890934,1784375318.2170188,1784375317.0539765,0.245189,0.125446,0.214886,0.000391,-0.001177,1,acq,20480,20480,0,16,True,False,1,1200000,8381618,False,-1870577,1828911,0,0,0,0,1,1,1784375315.890934
854,53,6,sentinel,down,20,26,1,-1.7963059525358505,1784375318.2172449,1784375320.5547142,1784375319.3859797,0.245022,0.125433,0.214835,0.000381,-0.001175,1,acq,20480,20480,0,16,True,False,1,1200000,8381618,False,-1867275,1864565,0,0,0,0,1,1,1784375318.2172449
855,53,7,sentinel,down,20,26,1,-1.7963059525358505,1784375320.554934,1784375322.886655,1784375321.7207947,0.244563,0.125285,0.214641,0.000403,-0.001148,1,acq,20480,20480,0,16,True,False,1,1200000,8381618,False,-1875405,1839582,0,0,0,0,1,1,1784375320.554934
856,53,8,sentinel,down,20,26,1,-1.7963059525358505,1784375322.8868968,1784375325.2273479,1784375324.0571222,0.244556,0.125375,0.214709,0.000416,-0.001176,1,acq,20480,20480,0,16,True,False,1,1200000,8381618,False,-1854317,1825185,0,0,0,0,1,1,1784375322.8868968
857,53,9,sentinel,down,20,26,1,-1.7963059525358505,1784375325.227662,1784375327.5591428,1784375326.3934026,0.244288,0.125276,0.214575,0.000387,-0.001199,1,acq,20480,20480,0,16,True,False,1,1200000,8381618,False,-1855503,1839497,0,0,0,0,1,1,1784375325.227662
858,53,10,sentinel,down,20,26,1,-1.7963059525358505,1784375327.559392,1784375329.9006112,1784375328.7300014,0.244011,0.125164,0.214489,0.000404,-0.00118,1,acq,20480,20480,0,16,True,False,1,1200000,8381618,False,-1860500,1834247,0,0,0,0,1,1,1784375327.559392
859,53,11,sentinel,down,20,26,1,-1.7963059525358505,1784375329.900834,1784375332.235924,1784375331.068379,0.243704,0.125096,0.214312,0.000409,-0.001175,1,acq,20480,20480,0,16,True,False,1,1200000,8381618,False,-1864226,1827641,0,0,0,0,1,1,1784375329.900834
860,53,12,sentinel,down,20,26,1,-1.7963059525358505,1784375332.236183,1784375334.574968,1784375333.4055755,0.24373,0.125138,0.214486,0.000402,-0.001119,1,acq,20480,20480,0,16,True,False,1,1200000,8381618,False,-1857620,1834924,0,0,0,0,1,1,1784375332.236183
861,53,13,sentinel,down,20,26,1,-1.7963059525358505,1784375334.575187,1784375336.9108548,1784375335.743021,0.243336,0.125023,0.214171,0.000412,-0.001169,1,acq,20480,20480,0,16,True,False,1,1200000,8381618,False,-1861092,1822390,0,0,0,0,1,1,1784375334.575187
862,53,14,sentinel,down,20,26,1,-1.7963059525358505,1784375336.911096,1784375339.2542982,1784375338.0826972,0.24298,0.124868,0.213988,0.000423,-0.001146,1,acq,20480,20480,0,16,True,False,1,1200000,8381618,False,-1845256,1841530,0,0,0,0,1,1,1784375336.911096
863,53,15,sentinel,down,20,26,1,-1.7963059525358505,1784375339.254545,1784375341.567261,1784375340.410903,0.242631,0.124796,0.213797,0.000406,-0.00115,1,acq,20480,20480,0,16,True,False,1,1200000,8381618,False,-1860161,1841445,0,0,0,0,1,1,1784375339.254545
864,54,0,sentinel,down,60,27,0,3.4258330955080973,1784375515.979906,1784375518.309515,1784375517.1447105,1.2,-0.121961,-0.208987,0.000544,6.1e-05,1,acq,20480,20480,0,16,True,False,1,1200000,8381618,False,-1815277,1859229,0,0,0,0,1,1,1784375515.979906
865,54,1,sentinel,down,60,27,0,3.4258330955080973,1784375518.3097558,1784375520.632597,1784375519.4711764,1.2,-0.122269,-0.209432,0.000472,5e-06,1,acq,20480,20480,0,16,True,False,1,1200000,8381618,False,-1863802,1974658,0,0,0,0,1,1,1784375518.3097558
866,54,2,sentinel,down,60,27,0,3.4258330955080973,1784375520.633027,1784375522.9523451,1784375521.792686,1.2,-0.122696,-0.21019,0.000503,4.7e-05,1,acq,20480,20480,0,16,True,False,1,1200000,8381618,False,-1855249,1902843,0,0,0,0,1,1,1784375520.633027
867,54,3,sentinel,down,60,27,0,3.4258330955080973,1784375522.952663,1784375525.279477,1784375524.1160698,1.2,-0.12291,-0.210722,0.000542,8e-06,1,acq,20480,20480,0,16,True,False,1,1200000,8381618,False,-1901997,1873880,0,0,0,0,1,1,1784375522.952663
868,54,4,sentinel,down,60,27,0,3.4258330955080973,1784375525.279764,1784375527.603296,1784375526.44153,1.2,-0.123234,-0.211253,0.000551,2e-06,1,acq,20480,20480,0,16,True,False,1,1200000,8381618,False,-1856350,1908009,0,0,0,0,1,1,1784375525.279764
869,54,5,sentinel,down,60,27,0,3.4258330955080973,1784375527.6035352,1784375529.923302,1784375528.7634187,1.2,-0.123549,-0.211791,0.000605,-2e-06,1,acq,20480,20480,0,16,True,False,1,1200000,8381618,False,-1878030,1907840,0,0,0,0,1,1,1784375527.6035352
870,54,6,sentinel,down,60,27,0,3.4258330955080973,1784375529.9235141,1784375532.24084,1784375531.0821772,1.2,-0.123756,-0.212179,0.000545,-2e-05,1,acq,20480,20480,0,16,True,False,1,1200000,8381618,False,-1940191,1921221,0,0,0,0,1,1,1784375529.9235141
871,54,7,sentinel,down,60,27,0,3.4258330955080973,1784375532.2415419,1784375534.561867,1784375533.4017043,1.2,-0.124004,-0.212706,0.000574,-2e-05,1,acq,20480,20480,0,16,True,False,1,1200000,8381618,False,-1899371,1953063,0,0,0,0,1,1,1784375532.2415419
872,54,8,sentinel,down,60,27,0,3.4258330955080973,1784375534.562101,1784375536.874845,1784375535.718473,1.2,-0.124411,-0.213306,0.000549,-4.7e-05,1,acq,20480,20480,0,16,True,False,1,1200000,8381618,False,-1918849,1948236,0,0,0,0,1,1,1784375534.562101
873,54,9,sentinel,down,60,27,0,3.4258330955080973,1784375536.875193,1784375539.186913,1784375538.031053,1.2,-0.124559,-0.213637,0.000579,-5.1e-05,1,acq,20480,20480,0,16,True,False,1,1200000,8381618,False,-1893697,1931214,0,0,0,0,1,1,1784375536.875193
874,54,10,sentinel,down,60,27,0,3.4258330955080973,1784375539.187186,1784375541.5077498,1784375540.347468,1.2,-0.124715,-0.213881,0.000578,-3.9e-05,1,acq,20480,20480,0,16,True,False,1,1200000,8381618,False,-1878623,1941800,0,0,0,0,1,1,1784375539.187186
875,54,11,sentinel,down,60,27,0,3.4258330955080973,1784375541.507974,1784375543.823742,1784375542.6658578,1.2,-0.125044,-0.21453,0.000549,-3.4e-05,1,acq,20480,20480,0,16,True,False,1,1200000,8381618,False,-1894883,1943070,0,0,0,0,1,1,1784375541.507974
876,54,12,sentinel,down,60,27,0,3.4258330955080973,1784375543.8239648,1784375546.149593,1784375544.986779,1.2,-0.125322,-0.214942,0.000568,-4.7e-05,1,acq,20480,20480,0,16,True,False,1,1200000,8381618,False,-1892173,1893189,0,0,0,0,1,1,1784375543.8239648
877,54,13,sentinel,down,60,27,0,3.4258330955080973,1784375546.1498282,1784375548.4671931,1784375547.3085108,1.2,-0.12547,-0.215162,0.000598,-5.1e-05,1,acq,20480,20480,0,16,True,False,1,1200000,8381618,False,-1940529,1959161,0,0,0,0,1,1,1784375546.1498282
878,54,14,sentinel,down,60,27,0,3.4258330955080973,1784375548.4674501,1784375550.785727,1784375549.6265886,1.2,-0.125667,-0.215611,0.000586,-4.6e-05,1,acq,20480,20480,0,16,True,False,1,1200000,8381618,False,-1920289,1980333,0,0,0,0,1,1,1784375548.4674501
879,54,15,sentinel,down,60,27,0,3.4258330955080973,1784375550.786001,1784375553.107709,1784375551.946855,1.2,-0.125736,-0.215806,0.000591,-5.6e-05,1,acq,20480,20480,0,16,True,False,1,1200000,8381618,False,-1910465,1970763,0,0,0,0,1,1,1784375550.786001
880,55,0,sentinel,up,60,27,1,3.4258330955080973,1784375565.679546,1784375567.999533,1784375566.8395395,1.2,-0.127089,-0.217977,0.000624,-2.1e-05,1,acq,20480,20480,0,16,True,False,1,1200000,8381618,False,-1929943,1944764,0,0,0,0,1,1,1784375565.679546
881,55,1,sentinel,up,60,27,1,3.4258330955080973,1784375567.99982,1784375570.3211951,1784375569.1605077,1.2,-0.127282,-0.218263,0.0006,-4.4e-05,1,acq,20480,20480,0,16,True,False,1,1200000,8381618,False,-1898270,1966613,0,0,0,0,1,1,1784375567.99982
882,55,2,sentinel,up,60,27,1,3.4258330955080973,1784375570.321463,1784375572.641124,1784375571.4812937,1.2,-0.127449,-0.21866,0.000622,-7.3e-05,1,acq,20480,20480,0,16,True,False,1,1200000,8381618,False,-1908094,1953148,0,0,0,0,1,1,1784375570.321463
883,55,3,sentinel,up,60,27,1,3.4258330955080973,1784375572.641629,1784375574.9525409,1784375573.7970848,1.2,-0.127618,-0.218803,0.000583,-9.3e-05,1,acq,20480,20480,0,16,True,False,1,1200000,8381618,False,-1907671,1960854,0,0,0,0,1,1,1784375572.641629
884,55,4,sentinel,up,60,27,1,3.4258330955080973,1784375574.952849,1784375577.274463,1784375576.113656,1.2,-0.127649,-0.219041,0.000626,-9.7e-05,1,acq,20480,20480,0,16,True,False,1,1200000,8381618,False,-1969408,1980248,0,0,0,0,1,1,1784375574.952849
885,55,5,sentinel,up,60,27,1,3.4258330955080973,1784375577.274688,1784375579.592832,1784375578.4337602,1.2,-0.127917,-0.219473,0.000632,-7.3e-05,1,acq,20480,20480,0,16,True,False,1,1200000,8381618,False,-1967799,2047574,0,0,0,0,1,1,1784375577.274688
886,55,6,sentinel,up,60,27,1,3.4258330955080973,1784375579.593141,1784375581.91154,1784375580.7523406,1.2,-0.128063,-0.219589,0.000651,-9.9e-05,1,acq,20480,20480,0,16,True,False,1,1200000,8381618,False,-1925963,1967206,0,0,0,0,1,1,1784375579.593141
887,55,7,sentinel,up,60,27,1,3.4258330955080973,1784375581.911766,1784375584.232836,1784375583.072301,1.2,-0.128285,-0.220071,0.000622,-0.000108,1,acq,20480,20480,0,16,True,False,1,1200000,8381618,False,-1908009,1961871,0,0,0,0,1,1,1784375581.911766
888,55,8,sentinel,up,60,27,1,3.4258330955080973,1784375584.23312,1784375586.559584,1784375585.3963518,1.2,-0.128355,-0.220229,0.000649,-7.5e-05,1,acq,20480,20480,0,16,True,False,1,1200000,8381618,False,-1945441,2007517,0,0,0,0,1,1,1784375584.23312
889,55,9,sentinel,up,60,27,1,3.4258330955080973,1784375586.5598521,1784375588.877577,1784375587.7187147,1.2,-0.128499,-0.220537,0.000624,-0.000126,1,acq,20480,20480,0,16,True,False,1,1200000,8381618,False,-1932653,1971779,0,0,0,0,1,1,1784375586.5598521
890,55,10,sentinel,up,60,27,1,3.4258330955080973,1784375588.877804,1784375591.1995158,1784375590.03866,1.2,-0.128599,-0.220647,0.000599,-0.000113,1,acq,20480,20480,0,16,True,False,1,1200000,8381618,False,-1947897,1948829,0,0,0,0,1,1,1784375588.877804
891,55,11,sentinel,up,60,27,1,3.4258330955080973,1784375591.1997728,1784375593.522677,1784375592.361225,1.2,-0.12884,-0.220885,0.000656,-9.1e-05,1,acq,20480,20480,0,16,True,False,1,1200000,8381618,False,-1963903,2043933,0,0,0,0,1,1,1784375591.1997728
892,55,12,sentinel,up,60,27,1,3.4258330955080973,1784375593.522934,1784375595.846283,1784375594.6846085,1.2,-0.128962,-0.22118,0.000654,-0.000127,1,acq,20480,20480,0,16,True,False,1,1200000,8381618,False,-1941630,1981179,0,0,0,0,1,1,1784375593.522934
893,55,13,sentinel,up,60,27,1,3.4258330955080973,1784375595.8465412,1784375598.163361,1784375597.004951,1.2,-0.128983,-0.221351,0.00067,-8.3e-05,1,acq,20480,20480,0,16,True,False,1,1200000,8381618,False,-2000827,2000827,0,0,0,0,1,1,1784375595.8465412
894,55,14,sentinel,up,60,27,1,3.4258330955080973,1784375598.163568,1784375600.479646,1784375599.321607,1.2,-0.129083,-0.221574,0.000654,-8.7e-05,1,acq,20480,20480,0,16,True,False,1,1200000,8381618,False,-2004807,1999895,0,0,0,0,1,1,1784375598.163568
895,55,15,sentinel,up,60,27,1,3.4258330955080973,1784375600.4799109,1784375602.795987,1784375601.637949,1.2,-0.129321,-0.221741,0.000651,-0.000124,1,acq,20480,20480,0,16,True,False,1,1200000,8381618,False,-1948490,2051639,0,0,0,0,1,1,1784375600.4799109
896,56,0,formal,up,73,28,0,5.123028286122381,1784375629.5625432,1784375631.885412,1784375630.7239776,0.52413,-0.160599,-0.273735,0.001953,-0.002555,1,acq,20480,20480,0,16,True,False,1,1200000,8381618,False,-2367693,2358801,0,0,0,0,1,1,1784375629.5625432
897,56,1,formal,up,73,28,0,5.123028286122381,1784375631.885665,1784375634.206026,1784375633.0458455,0.521822,-0.160455,-0.273512,0.001964,-0.002584,1,acq,20480,20480,0,16,True,False,1,1200000,8381618,False,-2328652,2341101,0,0,0,0,1,1,1784375631.885665
898,56,2,formal,up,73,28,0,5.123028286122381,1784375634.2062788,1784375636.519356,1784375635.3628173,0.519262,-0.160141,-0.273075,0.001957,-0.002567,1,acq,20480,20480,0,16,True,False,1,1200000,8381618,False,-2335681,2348384,0,0,0,0,1,1,1784375634.2062788
899,56,3,formal,up,73,28,0,5.123028286122381,1784375636.5196512,1784375638.841301,1784375637.6804762,0.517414,-0.160046,-0.272901,0.001913,-0.002577,1,acq,20480,20480,0,16,True,False,1,1200000,8381618,False,-2303585,2322216,0,0,0,0,1,1,1784375636.5196512
900,56,4,formal,up,73,28,0,5.123028286122381,1784375638.841589,1784375641.165268,1784375640.0034285,0.515342,-0.159804,-0.272681,0.001972,-0.002633,1,acq,20480,20480,0,16,True,False,1,1200000,8381618,False,-2337121,2341440,0,0,0,0,1,1,1784375638.841589
901,56,5,formal,up,73,28,0,5.123028286122381,1784375641.165542,1784375643.4853709,1784375642.3254564,0.51357,-0.159734,-0.272414,0.001936,-0.00258,1,acq,20480,20480,0,16,True,False,1,1200000,8381618,False,-2310952,2386833,0,0,0,0,1,1,1784375641.165542
902,56,6,formal,up,73,28,0,5.123028286122381,1784375643.485606,1784375645.803709,1784375644.6446576,0.51135,-0.159382,-0.271984,0.001971,-0.002605,1,acq,20480,20480,0,16,True,False,1,1200000,8381618,False,-2314425,2354143,0,0,0,0,1,1,1784375643.485606
903,56,7,formal,up,73,28,0,5.123028286122381,1784375645.8039849,1784375648.123608,1784375646.9637966,0.510231,-0.159483,-0.27207,0.00198,-0.002609,1,acq,20480,20480,0,16,True,False,1,1200000,8381618,False,-2310868,2360833,0,0,0,0,1,1,1784375645.8039849
904,56,8,formal,up,73,28,0,5.123028286122381,1784375648.1239119,1784375650.4454222,1784375649.284667,0.508092,-0.159274,-0.271668,0.001959,-0.002604,1,acq,20480,20480,0,16,True,False,1,1200000,8381618,False,-2316118,2338307,0,0,0,0,1,1,1784375648.1239119
905,56,9,formal,up,73,28,0,5.123028286122381,1784375650.445667,1784375652.7601721,1784375651.6029196,0.506663,-0.159165,-0.271619,0.001943,-0.002609,1,acq,20480,20480,0,16,True,False,1,1200000,8381618,False,-2325773,2314679,0,0,0,0,1,1,1784375650.445667
906,56,10,formal,up,73,28,0,5.123028286122381,1784375652.7604742,1784375655.0870452,1784375653.9237597,0.504658,-0.158928,-0.271186,0.001959,-0.002585,1,acq,20480,20480,0,16,True,False,1,1200000,8381618,False,-2351264,2317050,0,0,0,0,1,1,1784375652.7604742
907,56,11,formal,up,73,28,0,5.123028286122381,1784375655.087321,1784375657.406959,1784375656.24714,0.502978,-0.158663,-0.270899,0.002012,-0.00261,1,acq,20480,20480,0,16,True,False,1,1200000,8381618,False,-2313917,2331023,0,0,0,0,1,1,1784375655.087321
908,56,12,formal,up,73,28,0,5.123028286122381,1784375657.407226,1784375659.723666,1784375658.565446,0.501747,-0.158706,-0.270819,0.001964,-0.002584,1,acq,20480,20480,0,16,True,False,1,1200000,8381618,False,-2348469,2302145,0,0,0,0,1,1,1784375657.407226
909,56,13,formal,up,73,28,0,5.123028286122381,1784375659.7239308,1784375662.045661,1784375660.884796,0.49999,-0.158563,-0.270574,0.001957,-0.002594,1,acq,20480,20480,0,16,True,False,1,1200000,8381618,False,-2348469,2323825,0,0,0,0,1,1,1784375659.7239308
910,56,14,formal,up,73,28,0,5.123028286122381,1784375662.0459762,1784375664.3574588,1784375663.2017174,0.498795,-0.158435,-0.270488,0.001979,-0.002613,1,acq,20480,20480,0,16,True,False,1,1200000,8381618,False,-2295793,2353042,0,0,0,0,1,1,1784375662.0459762
911,56,15,formal,up,73,28,0,5.123028286122381,1784375664.357756,1784375666.6742232,1784375665.5159895,0.497513,-0.158442,-0.27036,0.001981,-0.002612,1,acq,20480,20480,0,16,True,False,1,1200000,8381618,False,-2355159,2330092,0,0,0,0,1,1,1784375664.357756
912,57,0,formal,down,73,28,1,5.123028286122381,1784375679.307921,1784375681.618166,1784375680.4630435,0.488651,-0.157512,-0.269017,0.00195,-0.002585,1,acq,20480,20480,0,16,True,False,1,1200000,8381618,False,-2274622,2291136,0,0,0,0,1,1,1784375679.307921
913,57,1,formal,down,73,28,1,5.123028286122381,1784375681.618392,1784375683.956527,1784375682.7874594,0.486925,-0.157272,-0.268549,0.001956,-0.002619,1,acq,20480,20480,0,16,True,False,1,1200000,8381618,False,-2304262,2295793,0,0,0,0,1,1,1784375681.618392
914,57,2,formal,down,73,28,1,5.123028286122381,1784375683.956918,1784375686.298469,1784375685.1276937,0.485808,-0.15721,-0.268393,0.001918,-0.002632,1,acq,20480,20480,0,16,True,False,1,1200000,8381618,False,-2287917,2303246,0,0,0,0,1,1,1784375683.956918
915,57,3,formal,down,73,28,1,5.123028286122381,1784375686.298816,1784375688.628643,1784375687.4637294,0.484395,-0.157039,-0.268175,0.001971,-0.002643,1,acq,20480,20480,0,16,True,False,1,1200000,8381618,False,-2292237,2295624,0,0,0,0,1,1,1784375686.298816
916,57,4,formal,down,73,28,1,5.123028286122381,1784375688.628941,1784375690.964662,1784375689.7968016,0.483144,-0.156907,-0.267993,0.00192,-0.002656,1,acq,20480,20480,0,16,True,False,1,1200000,8381618,False,-2297233,2313493,0,0,0,0,1,1,1784375688.628941
917,57,5,formal,down,73,28,1,5.123028286122381,1784375690.9649742,1784375693.295499,1784375692.1302366,0.482203,-0.156896,-0.267921,0.00194,-0.00259,1,acq,20480,20480,0,16,True,False,1,1200000,8381618,False,-2273097,2298758,0,0,0,0,1,1,1784375690.9649742
918,57,6,formal,down,73,28,1,5.123028286122381,1784375693.295754,1784375695.616086,1784375694.45592,0.481178,-0.156863,-0.267759,0.001925,-0.002627,1,acq,20480,20480,0,16,True,False,1,1200000,8381618,False,-2350417,2283344,0,0,0,0,1,1,1784375693.295754
919,57,7,formal,down,73,28,1,5.123028286122381,1784375695.6165261,1784375697.948443,1784375696.7824845,0.479939,-0.156643,-0.267495,0.001972,-0.002638,1,acq,20480,20480,0,16,True,False,1,1200000,8381618,False,-2280042,2296217,0,0,0,0,1,1,1784375695.6165261
920,57,8,formal,down,73,28,1,5.123028286122381,1784375697.94871,1784375700.282242,1784375699.1154761,0.478993,-0.156622,-0.267497,0.00194,-0.002616,1,acq,20480,20480,0,16,True,False,1,1200000,8381618,False,-2317304,2279110,0,0,0,0,1,1,1784375697.94871
921,57,9,formal,down,73,28,1,5.123028286122381,1784375700.282751,1784375702.624394,1784375701.4535725,0.478047,-0.156598,-0.267434,0.001993,-0.002628,1,acq,20480,20480,0,16,True,False,1,1200000,8381618,False,-2289018,2281143,0,0,0,0,1,1,1784375700.282751
922,57,10,formal,down,73,28,1,5.123028286122381,1784375702.624662,1784375704.966054,1784375703.795358,0.476607,-0.156407,-0.267046,0.00196,-0.002659,1,acq,20480,20480,0,16,True,False,1,1200000,8381618,False,-2284784,2279110,0,0,0,0,1,1,1784375702.624662
923,57,11,formal,down,73,28,1,5.123028286122381,1784375704.96633,1784375707.299476,1784375706.132903,0.476092,-0.156463,-0.26721,0.001969,-0.002639,1,acq,20480,20480,0,16,True,False,1,1200000,8381618,False,-2300028,2277924,0,0,0,0,1,1,1784375704.96633
924,57,12,formal,down,73,28,1,5.123028286122381,1784375707.299712,1784375709.6399202,1784375708.4698162,0.474554,-0.156206,-0.26672,0.001955,-0.002611,1,acq,20480,20480,0,16,True,False,1,1200000,8381618,False,-2301129,2307734,0,0,0,0,1,1,1784375707.299712
925,57,13,formal,down,73,28,1,5.123028286122381,1784375709.640179,1784375711.975428,1784375710.8078036,0.473673,-0.156198,-0.266709,0.001943,-0.00264,1,acq,20480,20480,0,16,True,False,1,1200000,8381618,False,-2269032,2288849,0,0,0,0,1,1,1784375709.640179
926,57,14,formal,down,73,28,1,5.123028286122381,1784375711.9756951,1784375714.319646,1784375713.1476705,0.47245,-0.155989,-0.266376,0.001961,-0.002654,1,acq,20480,20480,0,16,True,False,1,1200000,8381618,False,-2277247,2290966,0,0,0,0,1,1,1784375711.9756951
927,57,15,formal,down,73,28,1,5.123028286122381,1784375714.319964,1784375716.65318,1784375715.4865718,0.47135,-0.155913,-0.266205,0.001965,-0.002634,1,acq,20480,20480,0,16,True,False,1,1200000,8381618,False,-2291305,2279533,0,0,0,0,1,1,1784375714.319964
928,58,0,formal,down,7,29,0,-3.4935011431501337,1784375819.755253,1784375822.090654,1784375820.9229536,-0.000177,-0.009053,-0.015511,0.000911,-0.001602,1,acq,20480,20480,0,16,True,False,1,1200000,8381618,False,-236702,244069,0,0,0,0,1,1,1784375819.755253
929,58,1,formal,down,7,29,0,-3.4935011431501337,1784375822.091763,1784375824.433811,1784375823.2627869,5.2e-05,-0.009961,-0.016971,0.000896,-0.001597,1,acq,20480,20480,0,16,True,False,1,1200000,8381618,False,-241613,249405,0,0,0,0,1,1,1784375822.091763
930,58,2,formal,down,7,29,0,-3.4935011431501337,1784375824.434077,1784375826.7590778,1784375825.5965774,0.000232,-0.010701,-0.018398,0.000908,-0.00161,1,acq,20480,20480,0,16,True,False,1,1200000,8381618,False,-271169,254486,0,0,0,0,1,1,1784375824.434077
931,58,3,formal,down,7,29,0,-3.4935011431501337,1784375826.7593548,1784375829.089962,1784375827.9246583,0.000509,-0.011453,-0.01969,0.00092,-0.001598,1,acq,20480,20480,0,16,True,False,1,1200000,8381618,False,-266512,271847,0,0,0,0,1,1,1784375826.7593548
932,58,4,formal,down,7,29,0,-3.4935011431501337,1784375829.090218,1784375831.2692978,1784375830.179758,0.000617,-4e-06,-1.2e-05,8e-06,9e-06,1,acq,20480,20480,0,16,True,False,1,1200000,8381618,False,-105012,129148,0,0,0,0,1,1,1784375829.090218
933,58,5,formal,down,7,29,0,-3.4935011431501337,1784375831.269543,1784375833.447361,1784375832.3584518,0.000801,-0.0,-2e-05,7e-06,-1.8e-05,1,acq,20480,20480,0,16,True,False,1,1200000,8381618,False,-119071,123813,0,0,0,0,1,1,1784375831.269543
934,58,6,formal,down,7,29,0,-3.4935011431501337,1784375833.447582,1784375835.635822,1784375834.541702,0.001034,-0.0,-2.1e-05,-1.1e-05,-1e-06,1,acq,20480,20480,0,16,True,False,1,1200000,8381618,False,-108146,132621,0,0,0,0,1,1,1784375833.447582
935,58,7,formal,down,7,29,0,-3.4935011431501337,1784375835.63606,1784375837.8136141,1784375836.724837,0.001254,-6e-06,-1.2e-05,-2e-06,7e-06,1,acq,20480,20480,0,16,True,False,1,1200000,8381618,False,-108231,128048,0,0,0,0,1,1,1784375835.63606
936,58,8,formal,down,7,29,0,-3.4935011431501337,1784375837.813859,1784375840.006497,1784375838.910178,0.001484,-7e-06,-1e-06,-5e-06,-1.1e-05,1,acq,20480,20480,0,16,True,False,1,1200000,8381618,False,-113142,130503,0,0,0,0,1,1,1784375837.813859
937,58,9,formal,down,7,29,0,-3.4935011431501337,1784375840.006728,1784375842.193381,1784375841.1000545,0.001723,-9e-06,1.5e-05,-4e-06,5e-06,1,acq,20480,20480,0,16,True,False,1,1200000,8381618,False,-105690,129826,0,0,0,0,1,1,1784375840.006728
938,58,10,formal,down,7,29,0,-3.4935011431501337,1784375842.1936908,1784375844.369992,1784375843.2818413,0.001928,3e-06,-9e-06,6e-06,2e-06,1,acq,20480,20480,0,16,True,False,1,1200000,8381618,False,-110009,129148,0,0,0,0,1,1,1784375842.1936908
939,58,11,formal,down,7,29,0,-3.4935011431501337,1784375844.3703208,1784375846.5552928,1784375845.4628067,0.002128,-1e-06,1.5e-05,3e-06,-1e-06,1,acq,20480,20480,0,16,True,False,1,1200000,8381618,False,-110263,125083,0,0,0,0,1,1,1784375844.3703208
940,58,12,formal,down,7,29,0,-3.4935011431501337,1784375846.5563588,1784375848.734111,1784375847.645235,0.002386,-1.6e-05,7e-06,1e-05,-3e-06,1,acq,20480,20480,0,16,True,False,1,1200000,8381618,False,-111618,127455,0,0,0,0,1,1,1784375846.5563588
941,58,13,formal,down,7,29,0,-3.4935011431501337,1784375848.73436,1784375850.9087439,1784375849.8215518,0.0026,-3e-06,-1e-05,4e-06,-1e-06,1,acq,20480,20480,0,16,True,False,1,1200000,8381618,False,-116699,124321,0,0,0,0,1,1,1784375848.73436
942,58,14,formal,down,7,29,0,-3.4935011431501337,1784375850.9089868,1784375853.08009,1784375851.9945383,0.00283,1.9e-05,2e-05,-1.5e-05,4e-06,1,acq,20480,20480,0,16,True,False,1,1200000,8381618,False,-117292,125930,0,0,0,0,1,1,1784375850.9089868
943,58,15,formal,down,7,29,0,-3.4935011431501337,1784375853.08033,1784375855.248538,1784375854.164434,0.003089,-8e-06,-2.6e-05,-1.1e-05,-9e-06,1,acq,20480,20480,0,16,True,False,1,1200000,8381618,False,-111533,132705,0,0,0,0,1,1,1784375853.08033
944,59,0,formal,up,7,29,1,-3.4935011431501337,1784375868.0139468,1784375870.3393521,1784375869.1766496,0.004795,-0.021283,-0.036523,0.000943,-0.001623,1,acq,20480,20480,0,16,True,False,1,1200000,8381618,False,-403875,404129,0,0,0,0,1,1,1784375868.0139468
945,59,1,formal,up,7,29,1,-3.4935011431501337,1784375870.339635,1784375872.672826,1784375871.5062304,0.005032,-0.021728,-0.037343,0.000961,-0.001624,1,acq,20480,20480,0,16,True,False,1,1200000,8381618,False,-419288,400403,0,0,0,0,1,1,1784375870.339635
946,59,2,formal,up,7,29,1,-3.4935011431501337,1784375872.673048,1784375874.998621,1784375873.8358345,0.005271,-0.02213,-0.038054,0.000953,-0.001639,1,acq,20480,20480,0,16,True,False,1,1200000,8381618,False,-419288,414122,0,0,0,0,1,1,1784375872.673048
947,59,3,formal,up,7,29,1,-3.4935011431501337,1784375874.9988449,1784375877.340687,1784375876.169766,0.005521,-0.022548,-0.038746,0.000947,-0.00163,1,acq,20480,20480,0,16,True,False,1,1200000,8381618,False,-429196,413953,0,0,0,0,1,1,1784375874.9988449
948,59,4,formal,up,7,29,1,-3.4935011431501337,1784375877.341033,1784375879.670047,1784375878.50554,0.005757,-0.022919,-0.03933,0.000966,-0.001628,1,acq,20480,20480,0,16,True,False,1,1200000,8381618,False,-426825,414461,0,0,0,0,1,1,1784375877.341033
949,59,5,formal,up,7,29,1,-3.4935011431501337,1784375879.670444,1784375882.0087612,1784375880.8396025,0.005965,-0.023376,-0.04009,0.000949,-0.001616,1,acq,20480,20480,0,16,True,False,1,1200000,8381618,False,-435548,424708,0,0,0,0,1,1,1784375879.670444
950,59,6,formal,up,7,29,1,-3.4935011431501337,1784375882.008966,1784375884.348722,1784375883.178844,0.006249,-0.023755,-0.04077,0.000956,-0.00163,1,acq,20480,20480,0,16,True,False,1,1200000,8381618,False,-461462,436225,0,0,0,0,1,1,1784375882.008966
951,59,7,formal,up,7,29,1,-3.4935011431501337,1784375884.349055,1784375886.698859,1784375885.523957,0.006498,-0.024147,-0.041426,0.000963,-0.001617,1,acq,20480,20480,0,16,True,False,1,1200000,8381618,False,-458752,443847,0,0,0,0,1,1,1784375884.349055
952,59,8,formal,up,7,29,1,-3.4935011431501337,1784375886.699085,1784375889.02201,1784375887.8605475,0.006752,-0.0245,-0.042095,0.000962,-0.001624,1,acq,20480,20480,0,16,True,False,1,1200000,8381618,False,-455957,449098,0,0,0,0,1,1,1784375886.699085
953,59,9,formal,up,7,29,1,-3.4935011431501337,1784375889.022238,1784375891.33921,1784375890.1807241,0.006965,-0.024906,-0.042682,0.000962,-0.001621,1,acq,20480,20480,0,16,True,False,1,1200000,8381618,False,-468068,452824,0,0,0,0,1,1,1784375889.022238
954,59,10,formal,up,7,29,1,-3.4935011431501337,1784375891.339466,1784375893.673565,1784375892.5065155,0.007219,-0.025215,-0.043295,0.000945,-0.001636,1,acq,20480,20480,0,16,True,False,1,1200000,8381618,False,-474419,457651,0,0,0,0,1,1,1784375891.339466
955,59,11,formal,up,7,29,1,-3.4935011431501337,1784375893.673911,1784375896.016001,1784375894.844956,0.007493,-0.025588,-0.043891,0.000957,-0.001628,1,acq,20480,20480,0,16,True,False,1,1200000,8381618,False,-468999,458244,0,0,0,0,1,1,1784375893.673911
956,59,12,formal,up,7,29,1,-3.4935011431501337,1784375896.016213,1784375898.343423,1784375897.179818,0.007711,-0.025938,-0.044525,0.000951,-0.001633,1,acq,20480,20480,0,16,True,False,1,1200000,8381618,False,-478992,472895,0,0,0,0,1,1,1784375896.016213
957,59,13,formal,up,7,29,1,-3.4935011431501337,1784375898.343642,1784375900.677014,1784375899.510328,0.00793,-0.026295,-0.045092,0.00095,-0.001629,1,acq,20480,20480,0,16,True,False,1,1200000,8381618,False,-490510,465951,0,0,0,0,1,1,1784375898.343642
958,59,14,formal,up,7,29,1,-3.4935011431501337,1784375900.677235,1784375903.014237,1784375901.845736,0.008218,-0.026674,-0.045722,0.000974,-0.001636,1,acq,20480,20480,0,16,True,False,1,1200000,8381618,False,-483396,472387,0,0,0,0,1,1,1784375900.677235
959,59,15,formal,up,7,29,1,-3.4935011431501337,1784375903.0144792,1784375905.349202,1784375904.1818404,0.008474,-0.026983,-0.04626,0.000952,-0.001623,1,acq,20480,20480,0,16,True,False,1,1200000,8381618,False,-496353,487377,0,0,0,0,1,1,1784375903.0144792
960,60,0,formal,up,34,30,0,0.031442714279531714,1784375954.0569549,1784375956.4011168,1784375955.2290359,1.056874,0.158822,0.271813,0.000933,-0.002071,1,acq,20480,20480,0,16,True,False,1,1200000,8381618,False,-2374045,2296979,0,0,0,0,1,1,1784375954.0569549
961,60,1,formal,up,34,30,0,0.031442714279531714,1784375956.401356,1784375958.720279,1784375957.5608175,1.058694,0.158818,0.271707,0.00095,-0.002087,1,acq,20480,20480,0,16,True,False,1,1200000,8381618,False,-2413170,2290797,0,0,0,0,1,1,1784375956.401356
962,60,2,formal,up,34,30,0,0.031442714279531714,1784375958.7205062,1784375961.03864,1784375959.879573,1.060435,0.158644,0.271664,0.000954,-0.002083,1,acq,20480,20480,0,16,True,False,1,1200000,8381618,False,-2395132,2301806,0,0,0,0,1,1,1784375958.7205062
963,60,3,formal,up,34,30,0,0.031442714279531714,1784375961.038879,1784375963.368983,1784375962.2039309,1.061675,0.158627,0.271471,0.000956,-0.00207,1,acq,20480,20480,0,16,True,False,1,1200000,8381618,False,-2382175,2352619,0,0,0,0,1,1,1784375961.038879
964,60,4,formal,up,34,30,0,0.031442714279531714,1784375963.369266,1784375965.70648,1784375964.537873,1.062698,0.158482,0.27138,0.000951,-0.002086,1,acq,20480,20480,0,16,True,False,1,1200000,8381618,False,-2366169,2336867,0,0,0,0,1,1,1784375963.369266
965,60,5,formal,up,34,30,0,0.031442714279531714,1784375965.7067351,1784375968.0404649,1784375966.8736,1.063461,0.158336,0.271211,0.000969,-0.00206,1,acq,20480,20480,0,16,True,False,1,1200000,8381618,False,-2345251,2335597,0,0,0,0,1,1,1784375965.7067351
966,60,6,formal,up,34,30,0,0.031442714279531714,1784375968.040709,1784375970.388491,1784375969.2146,1.064253,0.1583,0.271138,0.000959,-0.002042,1,acq,20480,20480,0,16,True,False,1,1200000,8381618,False,-2367693,2342372,0,0,0,0,1,1,1784375968.040709
967,60,7,formal,up,34,30,0,0.031442714279531714,1784375970.388832,1784375972.735776,1784375971.562304,1.06492,0.15825,0.270922,0.000987,-0.002047,1,acq,20480,20480,0,16,True,False,1,1200000,8381618,False,-2429430,2313070,0,0,0,0,1,1,1784375970.388832
968,60,8,formal,up,34,30,0,0.031442714279531714,1784375972.736047,1784375975.065254,1784375973.9006505,1.065631,0.158112,0.270774,0.000911,-0.00205,1,acq,20480,20480,0,16,True,False,1,1200000,8381618,False,-2343811,2326620,0,0,0,0,1,1,1784375972.736047
969,60,9,formal,up,34,30,0,0.031442714279531714,1784375975.065515,1784375977.409684,1784375976.2375994,1.065423,0.15785,0.270525,0.000946,-0.002075,1,acq,20480,20480,0,16,True,False,1,1200000,8381618,False,-2482868,2328059,0,0,0,0,1,1,1784375975.065515
970,60,10,formal,up,34,30,0,0.031442714279531714,1784375977.4098911,1784375979.758587,1784375978.584239,1.067769,0.158001,0.270907,0.000919,-0.002049,1,acq,20480,20480,0,16,True,False,1,1200000,8381618,False,-2349655,2323571,0,0,0,0,1,1,1784375977.4098911
971,60,11,formal,up,34,30,0,0.031442714279531714,1784375979.758849,1784375982.0985851,1784375980.9287171,1.068165,0.157954,0.27076,0.000929,-0.002057,1,acq,20480,20480,0,16,True,False,1,1200000,8381618,False,-2373282,2356345,0,0,0,0,1,1,1784375979.758849
972,60,12,formal,up,34,30,0,0.031442714279531714,1784375982.098848,1784375984.423532,1784375983.26119,1.06822,0.157846,0.27051,0.000948,-0.002023,1,acq,20480,20480,0,16,True,False,1,1200000,8381618,False,-2409021,2305617,0,0,0,0,1,1,1784375982.098848
973,60,13,formal,up,34,30,0,0.031442714279531714,1784375984.423769,1784375986.758715,1784375985.5912418,1.069004,0.157838,0.270546,0.000909,-0.002066,1,acq,20480,20480,0,16,True,False,1,1200000,8381618,False,-2375654,2297233,0,0,0,0,1,1,1784375984.423769
974,60,14,formal,up,34,30,0,0.031442714279531714,1784375986.758945,1784375989.09493,1784375987.9269376,1.069914,0.157827,0.270606,0.000912,-0.002053,1,acq,20480,20480,0,16,True,False,1,1200000,8381618,False,-2374129,2324672,0,0,0,0,1,1,1784375986.758945
975,60,15,formal,up,34,30,0,0.031442714279531714,1784375989.095148,1784375991.416955,1784375990.2560515,1.070178,0.157762,0.270511,0.000932,-0.002043,1,acq,20480,20480,0,16,True,False,1,1200000,8381618,False,-2364052,2295963,0,0,0,0,1,1,1784375989.095148
976,61,0,formal,down,34,30,1,0.031442714279531714,1784376004.107157,1784376006.4401438,1784376005.2736504,1.071998,0.157448,0.270001,0.00097,-0.00206,1,acq,20480,20480,0,16,True,False,1,1200000,8381618,False,-2374214,2287155,0,0,0,0,1,1,1784376004.107157
977,61,1,formal,down,34,30,1,0.031442714279531714,1784376006.440396,1784376008.7744908,1784376007.6074433,1.072258,0.157447,0.269926,0.000956,-0.002035,1,acq,20480,20480,0,16,True,False,1,1200000,8381618,False,-2363967,2288849,0,0,0,0,1,1,1784376006.440396
978,61,2,formal,down,34,30,1,0.031442714279531714,1784376008.7747998,1784376011.106848,1784376009.940824,1.073067,0.157394,0.270047,0.000951,-0.002011,1,acq,20480,20480,0,16,True,False,1,1200000,8381618,False,-2364306,2300282,0,0,0,0,1,1,1784376008.7747998
979,61,3,formal,down,34,30,1,0.031442714279531714,1784376011.1070888,1784376013.440215,1784376012.273652,1.073413,0.157489,0.270035,0.000949,-0.002033,1,acq,20480,20480,0,16,True,False,1,1200000,8381618,False,-2359478,2300536,0,0,0,0,1,1,1784376011.1070888
980,61,4,formal,down,34,30,1,0.031442714279531714,1784376013.4406002,1784376015.780158,1784376014.6103792,1.07286,0.157329,0.26985,0.000946,-0.002027,1,acq,20480,20480,0,16,True,False,1,1200000,8381618,False,-2344404,2336698,0,0,0,0,1,1,1784376013.4406002
981,61,5,formal,down,34,30,1,0.031442714279531714,1784376015.780415,1784376018.115347,1784376016.947881,1.074349,0.15743,0.270131,0.000935,-0.002053,1,acq,20480,20480,0,16,True,False,1,1200000,8381618,False,-2359902,2294015,0,0,0,0,1,1,1784376015.780415
982,61,6,formal,down,34,30,1,0.031442714279531714,1784376018.115583,1784376020.443213,1784376019.279398,1.073793,0.157322,0.269835,0.00094,-0.00203,1,acq,20480,20480,0,16,True,False,1,1200000,8381618,False,-2349231,2339831,0,0,0,0,1,1,1784376018.115583
983,61,7,formal,down,34,30,1,0.031442714279531714,1784376020.4434528,1784376022.7868302,1784376021.6151414,1.074254,0.15731,0.269957,0.000927,-0.002041,1,acq,20480,20480,0,16,True,False,1,1200000,8381618,False,-2368371,2304347,0,0,0,0,1,1,1784376020.4434528
984,61,8,formal,down,34,30,1,0.031442714279531714,1784376022.787112,1784376025.1172779,1784376023.952195,1.074173,0.157198,0.269885,0.000913,-0.002029,1,acq,20480,20480,0,16,True,False,1,1200000,8381618,False,-2330177,2320607,0,0,0,0,1,1,1784376022.787112
985,61,9,formal,down,34,30,1,0.031442714279531714,1784376025.1177988,1784376027.458461,1784376026.2881298,1.07417,0.157264,0.269873,0.000905,-0.002009,1,acq,20480,20480,0,16,True,False,1,1200000,8381618,False,-2322301,2312562,0,0,0,0,1,1,1784376025.1177988
986,61,10,formal,down,34,30,1,0.031442714279531714,1784376027.458681,1784376029.781334,1784376028.6200075,1.074452,0.157264,0.269837,0.000958,-0.002036,1,acq,20480,20480,0,16,True,False,1,1200000,8381618,False,-2381243,2318066,0,0,0,0,1,1,1784376027.458681
987,61,11,formal,down,34,30,1,0.031442714279531714,1784376029.781578,1784376032.114048,1784376030.947813,1.074373,0.157153,0.26966,0.000943,-0.002008,1,acq,20480,20480,0,16,True,False,1,1200000,8381618,False,-2322470,2316965,0,0,0,0,1,1,1784376029.781578
988,61,12,formal,down,34,30,1,0.031442714279531714,1784376032.114285,1784376034.444683,1784376033.279484,1.074922,0.157232,0.269849,0.000946,-0.002,1,acq,20480,20480,0,16,True,False,1,1200000,8381618,False,-2349401,2296640,0,0,0,0,1,1,1784376032.114285
989,61,13,formal,down,34,30,1,0.031442714279531714,1784376034.444921,1784376036.769044,1784376035.6069825,1.075141,0.157193,0.269749,0.000939,-0.002033,1,acq,20480,20480,0,16,True,False,1,1200000,8381618,False,-2358039,2289357,0,0,0,0,1,1,1784376034.444921
990,61,14,formal,down,34,30,1,0.031442714279531714,1784376036.769272,1784376039.107063,1784376037.9381676,1.074753,0.15714,0.269609,0.00096,-0.002023,1,acq,20480,20480,0,16,True,False,1,1200000,8381618,False,-2366677,2356260,0,0,0,0,1,1,1784376036.769272
991,61,15,formal,down,34,30,1,0.031442714279531714,1784376039.1074371,1784376041.439795,1784376040.273616,1.074927,0.157124,0.269578,0.000924,-0.002059,1,acq,20480,20480,0,16,True,False,1,1200000,8381618,False,-2330346,2313324,0,0,0,0,1,1,1784376039.1074371
992,62,0,formal,down,46,31,0,1.5980844286927152,1784376069.9413812,1784376072.2826471,1784376071.1120143,1.2,0.043713,0.075233,-0.000458,0.000779,1,acq,20480,20480,0,16,True,False,1,1200000,8381618,False,-778278,842133,0,0,0,0,1,1,1784376069.9413812
993,62,1,formal,down,46,31,0,1.5980844286927152,1784376072.282861,1784376074.622237,1784376073.452549,1.2,0.0435,0.0747,-0.000475,0.000789,1,acq,20480,20480,0,16,True,False,1,1200000,8381618,False,-744488,783275,0,0,0,0,1,1,1784376072.282861
994,62,2,formal,down,46,31,0,1.5980844286927152,1784376074.622484,1784376076.958991,1784376075.7907376,1.2,0.043162,0.074196,-0.000461,0.000776,1,acq,20480,20480,0,16,True,False,1,1200000,8381618,False,-785731,798688,0,0,0,0,1,1,1784376074.622484
995,62,3,formal,down,46,31,0,1.5980844286927152,1784376076.959233,1784376079.29039,1784376078.1248116,1.2,0.042865,0.073719,-0.000489,0.000784,1,acq,20480,20480,0,16,True,False,1,1200000,8381618,False,-815032,851618,0,0,0,0,1,1,1784376076.959233
996,62,4,formal,down,46,31,0,1.5980844286927152,1784376079.290951,1784376081.6153831,1784376080.453167,1.2,0.042656,0.07335,-0.00049,0.000826,1,acq,20480,20480,0,16,True,False,1,1200000,8381618,False,-759647,770741,0,0,0,0,1,1,1784376079.290951
997,62,5,formal,down,46,31,0,1.5980844286927152,1784376081.615683,1784376083.940002,1784376082.7778425,1.2,0.042396,0.072895,-0.000472,0.000775,1,acq,20480,20480,0,16,True,False,1,1200000,8381618,False,-756175,797333,0,0,0,0,1,1,1784376081.615683
998,62,6,formal,down,46,31,0,1.5980844286927152,1784376083.94031,1784376086.267401,1784376085.1038556,1.2,0.042205,0.072523,-0.000465,0.000836,1,acq,20480,20480,0,16,True,False,1,1200000,8381618,False,-711121,746266,0,0,0,0,1,1,1784376083.94031
999,62,7,formal,down,46,31,0,1.5980844286927152,1784376086.267623,1784376088.605364,1784376087.4364934,1.2,0.041968,0.072201,-0.000468,0.000839,1,acq,20480,20480,0,16,True,False,1,1200000,8381618,False,-767862,795724,0,0,0,0,1,1,1784376086.267623
1000,62,8,formal,down,46,31,0,1.5980844286927152,1784376088.6056058,1784376090.932211,1784376089.7689085,1.2,0.041727,0.07181,-0.000476,0.000795,1,acq,20480,20480,0,16,True,False,1,1200000,8381618,False,-744911,777431,0,0,0,0,1,1,1784376088.6056058
1001,62,9,formal,down,46,31,0,1.5980844286927152,1784376090.932545,1784376093.284891,1784376092.108718,1.2,0.041507,0.071459,-0.000486,0.000813,1,acq,20480,20480,0,16,True,False,1,1200000,8381618,False,-765575,914371,0,0,0,0,1,1,1784376090.932545
1002,62,10,formal,down,46,31,0,1.5980844286927152,1784376093.285127,1784376095.636193,1784376094.46066,1.2,0.04135,0.07119,-0.000499,0.000806,1,acq,20480,20480,0,16,True,False,1,1200000,8381618,False,-731022,804108,0,0,0,0,1,1,1784376093.285127
1003,62,11,formal,down,46,31,0,1.5980844286927152,1784376095.6364632,1784376097.967188,1784376096.8018255,1.2,0.04117,0.070887,-0.000524,0.000844,1,acq,20480,20480,0,16,True,False,1,1200000,8381618,False,-699349,773874,0,0,0,0,1,1,1784376095.6364632
1004,62,12,formal,down,46,31,0,1.5980844286927152,1784376097.967432,1784376100.306565,1784376099.1369987,1.2,0.040957,0.070479,-0.0005,0.000808,1,acq,20480,20480,0,16,True,False,1,1200000,8381618,False,-797333,847722,0,0,0,0,1,1,1784376097.967432
1005,62,13,formal,down,46,31,0,1.5980844286927152,1784376100.3068008,1784376102.6505458,1784376101.4786735,1.2,0.040797,0.070283,-0.000485,0.000853,1,acq,20480,20480,0,16,True,False,1,1200000,8381618,False,-735765,820368,0,0,0,0,1,1,1784376100.3068008
1006,62,14,formal,down,46,31,0,1.5980844286927152,1784376102.650805,1784376104.977515,1784376103.8141599,1.2,0.040647,0.069969,-0.00047,0.000867,1,acq,20480,20480,0,16,True,False,1,1200000,8381618,False,-777177,788864,0,0,0,0,1,1,1784376102.650805
1007,62,15,formal,down,46,31,0,1.5980844286927152,1784376104.977727,1784376107.3156538,1784376106.1466904,1.2,0.040527,0.069676,-0.000497,0.000843,1,acq,20480,20480,0,16,True,False,1,1200000,8381618,False,-717303,745335,0,0,0,0,1,1,1784376104.977727
1008,63,0,formal,up,46,31,1,1.5980844286927152,1784376120.0033972,1784376122.350657,1784376121.1770272,1.2,0.039554,0.068179,-0.000479,0.00086,1,acq,20480,20480,0,16,True,False,1,1200000,8381618,False,-693929,767692,0,0,0,0,1,1,1784376120.0033972
1009,63,1,formal,up,46,31,1,1.5980844286927152,1784376122.350917,1784376124.695814,1784376123.5233655,1.2,0.039514,0.068004,-0.000521,0.000869,1,acq,20480,20480,0,16,True,False,1,1200000,8381618,False,-704600,730006,0,0,0,0,1,1,1784376122.350917
1010,63,2,formal,up,46,31,1,1.5980844286927152,1784376124.696043,1784376127.019283,1784376125.8576632,1.2,0.039352,0.067764,-0.000517,0.000875,1,acq,20480,20480,0,16,True,False,1,1200000,8381618,False,-721368,727635,0,0,0,0,1,1,1784376124.696043
1011,63,3,formal,up,46,31,1,1.5980844286927152,1784376127.019697,1784376129.348881,1784376128.184289,1.2,0.03921,0.067463,-0.000486,0.000857,1,acq,20480,20480,0,16,True,False,1,1200000,8381618,False,-740423,768624,0,0,0,0,1,1,1784376127.019697
1012,63,4,formal,up,46,31,1,1.5980844286927152,1784376129.349141,1784376131.534166,1784376130.4416535,1.2,2e-05,-4.8e-05,-0.0,-1.4e-05,1,acq,20480,20480,0,16,True,False,1,1200000,8381618,False,-200117,201302,0,0,0,0,1,1,1784376129.349141
1013,63,5,formal,up,46,31,1,1.5980844286927152,1784376131.5344288,1784376133.715891,1784376132.6251597,1.2,5.4e-05,1.3e-05,1e-06,2.3e-05,1,acq,20480,20480,0,16,True,False,1,1200000,8381618,False,-235262,222389,0,0,0,0,1,1,1784376131.5344288
1014,63,6,formal,up,46,31,1,1.5980844286927152,1784376133.7161238,1784376135.898568,1784376134.8073459,1.2,-3.8e-05,8e-06,2.5e-05,6e-06,1,acq,20480,20480,0,16,True,False,1,1200000,8381618,False,-343916,283026,0,0,0,0,1,1,1784376133.7161238
1015,63,7,formal,up,46,31,1,1.5980844286927152,1784376135.8988538,1784376138.085429,1784376136.9921412,1.2,-2.4e-05,-6.1e-05,-3e-05,-4.8e-05,1,acq,20480,20480,0,16,True,False,1,1200000,8381618,False,-255417,236363,0,0,0,0,1,1,1784376135.8988538
1016,63,8,formal,up,46,31,1,1.5980844286927152,1784376138.085719,1784376140.265619,1784376139.1756692,1.2,-1.6e-05,-3.6e-05,8e-06,-7e-06,1,acq,20480,20480,0,16,True,False,1,1200000,8381618,False,-189361,177420,0,0,0,0,1,1,1784376138.085719
1017,63,9,formal,up,46,31,1,1.5980844286927152,1784376140.265843,1784376142.448184,1784376141.3570135,1.2,-1e-06,1.2e-05,-9e-06,1.5e-05,1,acq,20480,20480,0,16,True,False,1,1200000,8381618,False,-222982,216546,0,0,0,0,1,1,1784376140.265843
1018,63,10,formal,up,46,31,1,1.5980844286927152,1784376142.448407,1784376144.622591,1784376143.535499,1.2,-9e-06,1.1e-05,1e-06,2.5e-05,1,acq,20480,20480,0,16,True,False,1,1200000,8381618,False,-208077,176997,0,0,0,0,1,1,1784376142.448407
1019,63,11,formal,up,46,31,1,1.5980844286927152,1784376144.622852,1784376146.8094668,1784376145.7161593,1.2,8.5e-05,-1.6e-05,-0.0,-2e-06,1,acq,20480,20480,0,16,True,False,1,1200000,8381618,False,-160567,239581,0,0,0,0,1,1,1784376144.622852
1020,63,12,formal,up,46,31,1,1.5980844286927152,1784376146.809744,1784376148.965347,1784376147.8875456,1.2,8e-06,1e-06,-3e-05,-1.1e-05,1,acq,20480,20480,0,16,True,False,1,1200000,8381618,False,-179199,271254,0,0,0,0,1,1,1784376146.809744
1021,63,13,formal,up,46,31,1,1.5980844286927152,1784376148.965943,1784376151.144598,1784376150.0552707,1.2,-4.2e-05,2e-06,-1e-06,8e-06,1,acq,20480,20480,0,16,True,False,1,1200000,8381618,False,-212566,212820,0,0,0,0,1,1,1784376148.965943
1022,63,14,formal,up,46,31,1,1.5980844286927152,1784376151.1448362,1784376153.3193028,1784376152.2320695,1.2,-4e-06,1.7e-05,-1.3e-05,6e-06,1,acq,20480,20480,0,16,True,False,1,1200000,8381618,False,-169798,248897,0,0,0,0,1,1,1784376151.1448362
1023,63,15,formal,up,46,31,1,1.5980844286927152,1784376153.319535,1784376155.509912,1784376154.4147234,1.2,1.3e-05,-9e-06,-3e-06,5e-06,1,acq,20480,20480,0,16,True,False,1,1200000,8381618,False,-208162,248473,0,0,0,0,1,1,1784376153.319535
1024,64,0,formal,up,77,32,0,5.6452421909267745,1784376208.348456,1784376210.6815958,1784376209.5150259,0.315353,-0.134719,-0.229047,-0.000446,0.001357,1,acq,20480,20480,0,16,True,False,1,1200000,8381618,False,-1920967,2014800,0,0,0,0,1,1,1784376208.348456
1025,64,1,formal,up,77,32,0,5.6452421909267745,1784376210.682007,1784376213.007815,1784376211.844911,0.312669,-0.134274,-0.22837,-0.000454,0.001313,1,acq,20480,20480,0,16,True,False,1,1200000,8381618,False,-1921729,1999133,0,0,0,0,1,1,1784376210.682007
1026,64,2,formal,up,77,32,0,5.6452421909267745,1784376213.0081012,1784376215.348261,1784376214.1781812,0.310334,-0.133915,-0.227854,-0.000412,0.001311,1,acq,20480,20480,0,16,True,False,1,1200000,8381618,False,-1906485,2000996,0,0,0,0,1,1,1784376213.0081012
1027,64,3,formal,up,77,32,0,5.6452421909267745,1784376215.348555,1784376217.677374,1784376216.5129645,0.307886,-0.13348,-0.227164,-0.000378,0.001292,1,acq,20480,20480,0,16,True,False,1,1200000,8381618,False,-1909872,2005315,0,0,0,0,1,1,1784376215.348555
1028,64,4,formal,up,77,32,0,5.6452421909267745,1784376217.677584,1784376220.015125,1784376218.8463545,0.30555,-0.133091,-0.226442,-0.000415,0.001271,1,acq,20480,20480,0,16,True,False,1,1200000,8381618,False,-1898186,1993713,0,0,0,0,1,1,1784376217.677584
1029,64,5,formal,up,77,32,0,5.6452421909267745,1784376220.015413,1784376222.352737,1784376221.1840749,0.303347,-0.132751,-0.225842,-0.000418,0.001289,1,acq,20480,20480,0,16,True,False,1,1200000,8381618,False,-1906654,1968646,0,0,0,0,1,1,1784376220.015413
1030,64,6,formal,up,77,32,0,5.6452421909267745,1784376222.35301,1784376224.698229,1784376223.5256195,0.301214,-0.132355,-0.22527,-0.000398,0.001294,1,acq,20480,20480,0,16,True,False,1,1200000,8381618,False,-1925878,1968392,0,0,0,0,1,1,1784376222.35301
1031,64,7,formal,up,77,32,0,5.6452421909267745,1784376224.698498,1784376227.0312278,1784376225.864863,0.299164,-0.131944,-0.224645,-0.000359,0.001214,1,acq,20480,20480,0,16,True,False,1,1200000,8381618,False,-1917410,1977030,0,0,0,0,1,1,1784376224.698498
1032,64,8,formal,up,77,32,0,5.6452421909267745,1784376227.031508,1784376229.363221,1784376228.1973643,0.297335,-0.131665,-0.224132,-0.000403,0.001255,1,acq,20480,20480,0,16,True,False,1,1200000,8381618,False,-1900896,1971525,0,0,0,0,1,1,1784376227.031508
1033,64,9,formal,up,77,32,0,5.6452421909267745,1784376229.3634932,1784376231.6900961,1784376230.5267947,0.295402,-0.13126,-0.223559,-0.000363,0.001259,1,acq,20480,20480,0,16,True,False,1,1200000,8381618,False,-1879808,1959415,0,0,0,0,1,1,1784376229.3634932
1034,64,10,formal,up,77,32,0,5.6452421909267745,1784376231.6903691,1784376234.02047,1784376232.8554196,0.293787,-0.131088,-0.223144,-0.0004,0.001247,1,acq,20480,20480,0,16,True,False,1,1200000,8381618,False,-1890394,1962294,0,0,0,0,1,1,1784376231.6903691
1035,64,11,formal,up,77,32,0,5.6452421909267745,1784376234.020719,1784376236.351731,1784376235.186225,0.292038,-0.130749,-0.22265,-0.000335,0.001226,1,acq,20480,20480,0,16,True,False,1,1200000,8381618,False,-1905723,1934093,0,0,0,0,1,1,1784376234.020719
1036,64,12,formal,up,77,32,0,5.6452421909267745,1784376236.3519738,1784376238.6920278,1784376237.5220008,0.290319,-0.130433,-0.222096,-0.000378,0.001235,1,acq,20480,20480,0,16,True,False,1,1200000,8381618,False,-1872356,1940529,0,0,0,0,1,1,1784376236.3519738
1037,64,13,formal,up,77,32,0,5.6452421909267745,1784376238.692234,1784376241.031877,1784376239.8620555,0.28882,-0.130187,-0.221731,-0.00034,0.001241,1,acq,20480,20480,0,16,True,False,1,1200000,8381618,False,-1869985,1970170,0,0,0,0,1,1,1784376238.692234
1038,64,14,formal,up,77,32,0,5.6452421909267745,1784376241.0321438,1784376243.359733,1784376242.1959386,0.287309,-0.129991,-0.221341,-0.000356,0.001191,1,acq,20480,20480,0,16,True,False,1,1200000,8381618,False,-1872441,1923168,0,0,0,0,1,1,1784376241.0321438
1039,64,15,formal,up,77,32,0,5.6452421909267745,1784376243.360008,1784376245.680361,1784376244.5201845,0.285526,-0.129572,-0.220694,-0.000348,0.001217,1,acq,20480,20480,0,16,True,False,1,1200000,8381618,False,-1875151,1928927,0,0,0,0,1,1,1784376243.360008
1040,65,0,formal,down,77,32,1,5.6452421909267745,1784376258.39149,1784376260.723382,1784376259.557436,0.276522,-0.128031,-0.21808,-0.000338,0.001164,1,acq,20480,20480,0,16,True,False,1,1200000,8381618,False,-1873203,1923507,0,0,0,0,1,1,1784376258.39149
1041,65,1,formal,down,77,32,1,5.6452421909267745,1784376260.7236228,1784376263.0548742,1784376261.8892484,0.275337,-0.1278,-0.217678,-0.000331,0.001157,1,acq,20480,20480,0,16,True,False,1,1200000,8381618,False,-1842038,1907501,0,0,0,0,1,1,1784376260.7236228
1042,65,2,formal,down,77,32,1,5.6452421909267745,1784376263.055259,1784376265.3984158,1784376264.2268374,0.274226,-0.127686,-0.217507,-0.000338,0.001177,1,acq,20480,20480,0,16,True,False,1,1200000,8381618,False,-1846865,1905977,0,0,0,0,1,1,1784376263.055259
1043,65,3,formal,down,77,32,1,5.6452421909267745,1784376265.398675,1784376267.733664,1784376266.5661695,0.272754,-0.127301,-0.216873,-0.000341,0.001153,1,acq,20480,20480,0,16,True,False,1,1200000,8381618,False,-1845595,1914869,0,0,0,0,1,1,1784376265.398675
1044,65,4,formal,down,77,32,1,5.6452421909267745,1784376267.733906,1784376270.066855,1784376268.9003806,0.271538,-0.127068,-0.216508,-0.000333,0.001116,1,acq,20480,20480,0,16,True,False,1,1200000,8381618,False,-1838142,1899879,0,0,0,0,1,1,1784376267.733906
1045,65,5,formal,down,77,32,1,5.6452421909267745,1784376270.067095,1784376272.4090528,1784376271.2380738,0.270281,-0.126793,-0.216095,-0.000326,0.001132,1,acq,20480,20480,0,16,True,False,1,1200000,8381618,False,-1838312,1917410,0,0,0,0,1,1,1784376270.067095
1046,65,6,formal,down,77,32,1,5.6452421909267745,1784376272.409268,1784376274.740118,1784376273.574693,0.269038,-0.126577,-0.215629,-0.000316,0.001137,1,acq,20480,20480,0,16,True,False,1,1200000,8381618,False,-1848897,1903352,0,0,0,0,1,1,1784376272.409268
1047,65,7,formal,down,77,32,1,5.6452421909267745,1784376274.7403798,1784376277.065356,1784376275.9028678,0.267967,-0.126387,-0.215323,-0.000337,0.00114,1,acq,20480,20480,0,16,True,False,1,1200000,8381618,False,-1823830,1889209,0,0,0,0,1,1,1784376274.7403798
1048,65,8,formal,down,77,32,1,5.6452421909267745,1784376277.0656698,1784376279.4005609,1784376278.2331152,0.266727,-0.126127,-0.214932,-0.000327,0.001093,1,acq,20480,20480,0,16,True,False,1,1200000,8381618,False,-1832807,1908348,0,0,0,0,1,1,1784376277.0656698
1049,65,9,formal,down,77,32,1,5.6452421909267745,1784376279.400813,1784376281.740729,1784376280.5707712,0.265714,-0.125971,-0.214664,-0.000319,0.001067,1,acq,20480,20480,0,16,True,False,1,1200000,8381618,False,-1824762,1887346,0,0,0,0,1,1,1784376279.400813
1050,65,10,formal,down,77,32,1,5.6452421909267745,1784376281.7409651,1784376284.066886,1784376282.9039254,0.264523,-0.125723,-0.214292,-0.000295,0.001094,1,acq,20480,20480,0,16,True,False,1,1200000,8381618,False,-1826879,1884043,0,0,0,0,1,1,1784376281.7409651
1051,65,11,formal,down,77,32,1,5.6452421909267745,1784376284.067304,1784376286.405015,1784376285.2361593,0.263508,-0.12551,-0.213882,-0.000304,0.001127,1,acq,20480,20480,0,16,True,False,1,1200000,8381618,False,-1823745,1873965,0,0,0,0,1,1,1784376284.067304
1052,65,12,formal,down,77,32,1,5.6452421909267745,1784376286.405259,1784376288.743741,1784376287.5745,0.262369,-0.125318,-0.213499,-0.00031,0.00109,1,acq,20480,20480,0,16,True,False,1,1200000,8381618,False,-1814091,1875998,0,0,0,0,1,1,1784376286.405259
1053,65,13,formal,down,77,32,1,5.6452421909267745,1784376288.7439601,1784376291.091956,1784376289.917958,0.261316,-0.125048,-0.213184,-0.000317,0.001097,1,acq,20480,20480,0,16,True,False,1,1200000,8381618,False,-1824677,1863803,0,0,0,0,1,1,1784376288.7439601
1054,65,14,formal,down,77,32,1,5.6452421909267745,1784376291.092216,1784376293.42137,1784376292.256793,0.260479,-0.125029,-0.21301,-0.00029,0.001072,1,acq,20480,20480,0,16,True,False,1,1200000,8381618,False,-1809094,1870408,0,0,0,0,1,1,1784376291.092216
1055,65,15,formal,down,77,32,1,5.6452421909267745,1784376293.421601,1784376295.752887,1784376294.587244,0.259375,-0.12478,-0.212563,-0.000289,0.001097,1,acq,20480,20480,0,16,True,False,1,1200000,8381618,False,-1807570,1887600,0,0,0,0,1,1,1784376293.421601
1056,66,0,formal,down,3,33,0,-4.0157150479545285,1784376410.363137,1784376412.7014852,1784376411.532311,0.049887,-0.060797,-0.103917,0.000625,-0.000956,1,acq,20480,20480,0,16,True,False,1,1200000,8381618,False,-950956,939184,0,0,0,0,1,1,1784376410.363137
1057,66,1,formal,down,3,33,0,-4.0157150479545285,1784376412.703569,1784376415.0330281,1784376413.8682985,0.051401,-0.061593,-0.105337,0.00062,-0.000951,1,acq,20480,20480,0,16,True,False,1,1200000,8381618,False,-955783,948669,0,0,0,0,1,1,1784376412.703569
1058,66,2,formal,down,3,33,0,-4.0157150479545285,1784376415.033385,1784376417.3716962,1784376416.2025406,0.05283,-0.062383,-0.106757,0.000632,-0.000939,1,acq,20480,20480,0,16,True,False,1,1200000,8381618,False,-986525,961881,0,0,0,0,1,1,1784376415.033385
1059,66,3,formal,down,3,33,0,-4.0157150479545285,1784376417.371917,1784376419.7106292,1784376418.541273,0.054134,-0.063098,-0.107902,0.00061,-0.000939,1,acq,20480,20480,0,16,True,False,1,1200000,8381618,False,-979665,966454,0,0,0,0,1,1,1784376417.371917
1060,66,4,formal,down,3,33,0,-4.0157150479545285,1784376419.7109172,1784376422.053687,1784376420.8823023,0.0555,-0.063835,-0.109253,0.00061,-0.000929,1,acq,20480,20480,0,16,True,False,1,1200000,8381618,False,-992537,981274,0,0,0,0,1,1,1784376419.7109172
1061,66,5,formal,down,3,33,0,-4.0157150479545285,1784376422.05393,1784376424.372577,1784376423.2132535,0.056756,-0.064472,-0.1104,0.000596,-0.000908,1,acq,20480,20480,0,16,True,False,1,1200000,8381618,False,-997619,986609,0,0,0,0,1,1,1784376422.05393
1062,66,6,formal,down,3,33,0,-4.0157150479545285,1784376424.3728168,1784376426.7145548,1784376425.543686,0.057972,-0.065185,-0.111463,0.000604,-0.000906,1,acq,20480,20480,0,16,True,False,1,1200000,8381618,False,-1009475,994147,0,0,0,0,1,1,1784376424.3728168
1063,66,7,formal,down,3,33,0,-4.0157150479545285,1784376426.714781,1784376429.044239,1784376427.87951,0.059183,-0.06579,-0.11262,0.000606,-0.000879,1,acq,20480,20480,0,16,True,False,1,1200000,8381618,False,-1014048,1016589,0,0,0,0,1,1,1784376426.714781
1064,66,8,formal,down,3,33,0,-4.0157150479545285,1784376429.044513,1784376431.381235,1784376430.212874,0.060389,-0.066429,-0.113699,0.000602,-0.000898,1,acq,20480,20480,0,16,True,False,1,1200000,8381618,False,-1021670,1037168,0,0,0,0,1,1,1784376429.044513
1065,66,9,formal,down,3,33,0,-4.0157150479545285,1784376431.3814871,1784376433.712672,1784376432.5470796,0.06152,-0.067031,-0.114718,0.000602,-0.00089,1,acq,20480,20480,0,16,True,False,1,1200000,8381618,False,-1025481,1039539,0,0,0,0,1,1,1784376431.3814871
1066,66,10,formal,down,3,33,0,-4.0157150479545285,1784376433.713741,1784376436.0429718,1784376434.8783565,0.062673,-0.067623,-0.115758,0.000611,-0.000879,1,acq,20480,20480,0,16,True,False,1,1200000,8381618,False,-1050040,1051057,0,0,0,0,1,1,1784376433.713741
1067,66,11,formal,down,3,33,0,-4.0157150479545285,1784376436.043236,1784376438.36932,1784376437.2062778,0.063755,-0.068133,-0.116628,0.0006,-0.000879,1,acq,20480,20480,0,16,True,False,1,1200000,8381618,False,-1043181,1056223,0,0,0,0,1,1,1784376436.043236
1068,66,12,formal,down,3,33,0,-4.0157150479545285,1784376438.36956,1784376440.7083368,1784376439.5389485,0.064812,-0.068633,-0.117513,0.000577,-0.000876,1,acq,20480,20480,0,16,True,False,1,1200000,8381618,False,-1059102,1048855,0,0,0,0,1,1,1784376438.36956
1069,66,13,formal,down,3,33,0,-4.0157150479545285,1784376440.709414,1784376443.0435112,1784376441.8764625,0.065902,-0.069154,-0.118417,0.000605,-0.000866,1,acq,20480,20480,0,16,True,False,1,1200000,8381618,False,-1061304,1066046,0,0,0,0,1,1,1784376440.709414
1070,66,14,formal,down,3,33,0,-4.0157150479545285,1784376443.0437498,1784376445.373324,1784376444.2085369,0.066861,-0.069674,-0.119176,0.000582,-0.00086,1,acq,20480,20480,0,16,True,False,1,1200000,8381618,False,-1070789,1082560,0,0,0,0,1,1,1784376443.0437498
1071,66,15,formal,down,3,33,0,-4.0157150479545285,1784376445.373631,1784376447.716247,1784376446.544939,0.067873,-0.07014,-0.120096,0.000555,-0.00084,1,acq,20480,20480,0,16,True,False,1,1200000,8381618,False,-1075277,1089420,0,0,0,0,1,1,1784376445.373631
1072,67,0,formal,up,3,33,1,-4.0157150479545285,1784376460.416333,1784376462.754366,1784376461.5853496,0.074174,-0.07307,-0.125173,0.000584,-0.00081,1,acq,20480,20480,0,16,True,False,1,1200000,8381618,False,-1109830,1138962,0,0,0,0,1,1,1784376460.416333
1073,67,1,formal,up,3,33,1,-4.0157150479545285,1784376462.754611,1784376465.091699,1784376463.9231548,0.075042,-0.073493,-0.125877,0.000575,-0.000821,1,acq,20480,20480,0,16,True,False,1,1200000,8381618,False,-1120077,1130324,0,0,0,0,1,1,1784376462.754611
1074,67,2,formal,up,3,33,1,-4.0157150479545285,1784376465.091977,1784376467.431356,1784376466.2616663,0.075831,-0.073826,-0.126522,0.000565,-0.000815,1,acq,20480,20480,0,16,True,False,1,1200000,8381618,False,-1146245,1103309,0,0,0,0,1,1,1784376465.091977
1075,67,3,formal,up,3,33,1,-4.0157150479545285,1784376467.43161,1784376469.771533,1784376468.6015716,0.076746,-0.07426,-0.127241,0.000554,-0.000788,1,acq,20480,20480,0,16,True,False,1,1200000,8381618,False,-1133373,1141926,0,0,0,0,1,1,1784376467.43161
1076,67,4,formal,up,3,33,1,-4.0157150479545285,1784376469.771766,1784376472.0943081,1784376470.933037,0.077618,-0.074588,-0.127843,0.000559,-0.000792,1,acq,20480,20480,0,16,True,False,1,1200000,8381618,False,-1118976,1141164,0,0,0,0,1,1,1784376469.771766
1077,67,5,formal,up,3,33,1,-4.0157150479545285,1784376472.094531,1784376474.431637,1784376473.263084,0.078487,-0.075053,-0.128574,0.000556,-0.000782,1,acq,20480,20480,0,16,True,False,1,1200000,8381618,False,-1137861,1156662,0,0,0,0,1,1,1784376472.094531
1078,67,6,formal,up,3,33,1,-4.0157150479545285,1784376474.431989,1784376476.75631,1784376475.5941496,0.079331,-0.07544,-0.129181,0.000545,-0.000766,1,acq,20480,20480,0,16,True,False,1,1200000,8381618,False,-1140910,1159203,0,0,0,0,1,1,1784376474.431989
1079,67,7,formal,up,3,33,1,-4.0157150479545285,1784376476.756789,1784376479.091563,1784376477.924176,0.080165,-0.075781,-0.129772,0.000582,-0.000777,1,acq,20480,20480,0,16,True,False,1,1200000,8381618,False,-1161320,1152851,0,0,0,0,1,1,1784376476.756789
1080,67,8,formal,up,3,33,1,-4.0157150479545285,1784376479.092065,1784376481.4317539,1784376480.2619095,0.080989,-0.076122,-0.130458,0.000568,-0.000781,1,acq,20480,20480,0,16,True,False,1,1200000,8381618,False,-1144890,1169280,0,0,0,0,1,1,1784376479.092065
1081,67,9,formal,up,3,33,1,-4.0157150479545285,1784376481.432082,1784376483.7572968,1784376482.5946894,0.081782,-0.076445,-0.131024,0.000542,-0.000773,1,acq,20480,20480,0,16,True,False,1,1200000,8381618,False,-1143027,1179189,0,0,0,0,1,1,1784376481.432082
1082,67,10,formal,up,3,33,1,-4.0157150479545285,1784376483.7575822,1784376486.089777,1784376484.9236796,0.082689,-0.07691,-0.131689,0.000526,-0.000743,1,acq,20480,20480,0,16,True,False,1,1200000,8381618,False,-1168942,1166994,0,0,0,0,1,1,1784376483.7575822
1083,67,11,formal,up,3,33,1,-4.0157150479545285,1784376486.0900102,1784376488.418109,1784376487.2540596,0.083441,-0.077196,-0.132211,0.000545,-0.000762,1,acq,20480,20480,0,16,True,False,1,1200000,8381618,False,-1161912,1187658,0,0,0,0,1,1,1784376486.0900102
1084,67,12,formal,up,3,33,1,-4.0157150479545285,1784376488.418419,1784376490.74819,1784376489.5833044,0.084237,-0.077535,-0.132823,0.000556,-0.00073,1,acq,20480,20480,0,16,True,False,1,1200000,8381618,False,-1188843,1178511,0,0,0,0,1,1,1784376488.418419
1085,67,13,formal,up,3,33,1,-4.0157150479545285,1784376490.7484312,1784376493.095479,1784376491.921955,0.085034,-0.077839,-0.133407,0.000565,-0.000749,1,acq,20480,20480,0,16,True,False,1,1200000,8381618,False,-1195110,1184270,0,0,0,0,1,1,1784376490.7484312
1086,67,14,formal,up,3,33,1,-4.0157150479545285,1784376493.095714,1784376495.415113,1784376494.2554135,0.085832,-0.078266,-0.134001,0.000541,-0.000761,1,acq,20480,20480,0,16,True,False,1,1200000,8381618,False,-1180544,1205273,0,0,0,0,1,1,1784376493.095714
1087,67,15,formal,up,3,33,1,-4.0157150479545285,1784376495.4154408,1784376497.7398741,1784376496.5776575,0.086594,-0.07857,-0.134651,0.000535,-0.000764,1,acq,20480,20480,0,16,True,False,1,1200000,8381618,False,-1184101,1210438,0,0,0,0,1,1,1784376495.4154408
1088,68,0,formal,up,17,34,0,-2.1879663811391463,1784376527.6853929,1784376530.018102,1784376528.8517475,0.130802,0.092651,0.158187,0.000363,-0.001213,1,acq,20480,20480,0,16,True,False,1,1200000,8381618,False,-1415806,1384471,0,0,0,0,1,1,1784376527.6853929
1089,68,1,formal,up,17,34,0,-2.1879663811391463,1784376530.018332,1784376532.363478,1784376531.190905,0.131045,0.092703,0.158318,0.000339,-0.001229,1,acq,20480,20480,0,16,True,False,1,1200000,8381618,False,-1407845,1391162,0,0,0,0,1,1,1784376530.018332
1090,68,2,formal,up,17,34,0,-2.1879663811391463,1784376532.363955,1784376534.7088451,1784376533.5364,0.131132,0.092731,0.158364,0.000348,-0.001234,1,acq,20480,20480,0,16,True,False,1,1200000,8381618,False,-1416398,1376595,0,0,0,0,1,1,1784376532.363955
1091,68,3,formal,up,17,34,0,-2.1879663811391463,1784376534.7090912,1784376537.0296588,1784376535.869375,0.131242,0.092693,0.158386,0.000327,-0.001223,1,acq,20480,20480,0,16,True,False,1,1200000,8381618,False,-1388875,1392178,0,0,0,0,1,1,1784376534.7090912
1092,68,4,formal,up,17,34,0,-2.1879663811391463,1784376537.0298922,1784376539.3644521,1784376538.1971722,0.131382,0.092777,0.158569,0.000343,-0.001223,1,acq,20480,20480,0,16,True,False,1,1200000,8381618,False,-1410555,1395481,0,0,0,0,1,1,1784376537.0298922
1093,68,5,formal,up,17,34,0,-2.1879663811391463,1784376539.3647082,1784376541.699413,1784376540.5320606,0.13127,0.092697,0.158444,0.000326,-0.001251,1,acq,20480,20480,0,16,True,False,1,1200000,8381618,False,-1399800,1400054,0,0,0,0,1,1,1784376539.3647082
1094,68,6,formal,up,17,34,0,-2.1879663811391463,1784376541.699648,1784376544.042049,1784376542.8708484,0.131281,0.092738,0.158509,0.000352,-0.001223,1,acq,20480,20480,0,16,True,False,1,1200000,8381618,False,-1420379,1382947,0,0,0,0,1,1,1784376541.699648
1095,68,7,formal,up,17,34,0,-2.1879663811391463,1784376544.0423198,1784376546.38927,1784376545.215795,0.131181,0.092623,0.158443,0.000356,-0.001232,1,acq,20480,20480,0,16,True,False,1,1200000,8381618,False,-1411148,1382947,0,0,0,0,1,1,1784376544.0423198
1096,68,8,formal,up,17,34,0,-2.1879663811391463,1784376546.3895419,1784376548.726031,1784376547.5577865,0.13113,0.09267,0.15849,0.00037,-0.001234,1,acq,20480,20480,0,16,True,False,1,1200000,8381618,False,-1416144,1378458,0,0,0,0,1,1,1784376546.3895419
1097,68,9,formal,up,17,34,0,-2.1879663811391463,1784376548.726282,1784376551.067029,1784376549.8966556,0.13097,0.092572,0.158419,0.000342,-0.001233,1,acq,20480,20480,0,16,True,False,1,1200000,8381618,False,-1404373,1391246,0,0,0,0,1,1,1784376548.726282
1098,68,10,formal,up,17,34,0,-2.1879663811391463,1784376551.067274,1784376553.4056268,1784376552.2364504,0.130717,0.09247,0.158186,0.000363,-0.001234,1,acq,20480,20480,0,16,True,False,1,1200000,8381618,False,-1402510,1392940,0,0,0,0,1,1,1784376551.067274
1099,68,11,formal,up,17,34,0,-2.1879663811391463,1784376553.405887,1784376555.7307289,1784376554.5683079,0.130654,0.092464,0.158167,0.000329,-0.001236,1,acq,20480,20480,0,16,True,False,1,1200000,8381618,False,-1402086,1383116,0,0,0,0,1,1,1784376553.405887
1100,68,12,formal,up,17,34,0,-2.1879663811391463,1784376555.7309802,1784376558.058429,1784376556.8947046,0.130612,0.092482,0.158225,0.000333,-0.001216,1,acq,20480,20480,0,16,True,False,1,1200000,8381618,False,-1421395,1389298,0,0,0,0,1,1,1784376555.7309802
1101,68,13,formal,up,17,34,0,-2.1879663811391463,1784376558.058655,1784376560.3915288,1784376559.225092,0.130483,0.092519,0.158203,0.000355,-0.001231,1,acq,20480,20480,0,16,True,False,1,1200000,8381618,False,-1411232,1382693,0,0,0,0,1,1,1784376558.058655
1102,68,14,formal,up,17,34,0,-2.1879663811391463,1784376560.391861,1784376562.71435,1784376561.5531054,0.130206,0.092335,0.157997,0.00034,-0.001259,1,acq,20480,20480,0,16,True,False,1,1200000,8381618,False,-1419532,1375494,0,0,0,0,1,1,1784376560.391861
1103,68,15,formal,up,17,34,0,-2.1879663811391463,1784376562.714647,1784376565.060322,1784376563.8874846,0.130028,0.092281,0.157906,0.000339,-0.001251,1,acq,20480,20480,0,16,True,False,1,1200000,8381618,False,-1390992,1392263,0,0,0,0,1,1,1784376562.714647
1104,69,0,formal,down,17,34,1,-2.1879663811391463,1784376577.715148,1784376580.047633,1784376578.8813906,0.128716,0.091852,0.15719,0.000364,-0.001231,1,acq,20480,20480,0,16,True,False,1,1200000,8381618,False,-1397767,1381846,0,0,0,0,1,1,1784376577.715148
1105,69,1,formal,down,17,34,1,-2.1879663811391463,1784376580.047864,1784376582.390677,1784376581.2192705,0.128438,0.09174,0.156988,0.000351,-0.001247,1,acq,20480,20480,0,16,True,False,1,1200000,8381618,False,-1390145,1367364,0,0,0,0,1,1,1784376580.047864
1106,69,2,formal,down,17,34,1,-2.1879663811391463,1784376582.390968,1784376584.7215831,1784376583.5562756,0.128331,0.091784,0.157061,0.000367,-0.001244,1,acq,20480,20480,0,16,True,False,1,1200000,8381618,False,-1395650,1387012,0,0,0,0,1,1,1784376582.390968
1107,69,3,formal,down,17,34,1,-2.1879663811391463,1784376584.7218711,1784376587.063927,1784376585.892899,0.128086,0.091651,0.156871,0.000364,-0.001233,1,acq,20480,20480,0,16,True,False,1,1200000,8381618,False,-1380660,1371938,0,0,0,0,1,1,1784376584.7218711
1108,69,4,formal,down,17,34,1,-2.1879663811391463,1784376587.064189,1784376589.411414,1784376588.2378016,0.127761,0.091534,0.156679,0.00038,-0.001235,1,acq,20480,20480,0,16,True,False,1,1200000,8381618,False,-1397428,1361690,0,0,0,0,1,1,1784376587.064189
1109,69,5,formal,down,17,34,1,-2.1879663811391463,1784376589.411653,1784376591.756022,1784376590.5838375,0.127468,0.091413,0.156476,0.000362,-0.001212,1,acq,20480,20480,0,16,True,False,1,1200000,8381618,False,-1382608,1365417,0,0,0,0,1,1,1784376589.411653
1110,69,6,formal,down,17,34,1,-2.1879663811391463,1784376591.756408,1784376594.090477,1784376592.9234424,0.12726,0.091368,0.156435,0.000368,-0.001242,1,acq,20480,20480,0,16,True,False,1,1200000,8381618,False,-1390061,1372615,0,0,0,0,1,1,1784376591.756408
1111,69,7,formal,down,17,34,1,-2.1879663811391463,1784376594.0907462,1784376596.426153,1784376595.2584496,0.127111,0.091362,0.156393,0.000349,-0.001234,1,acq,20480,20480,0,16,True,False,1,1200000,8381618,False,-1394888,1364316,0,0,0,0,1,1,1784376594.0907462
1112,69,8,formal,down,17,34,1,-2.1879663811391463,1784376596.4263759,1784376598.763541,1784376597.5949583,0.126752,0.091229,0.156098,0.00038,-0.001226,1,acq,20480,20480,0,16,True,False,1,1200000,8381618,False,-1396158,1380237,0,0,0,0,1,1,1784376596.4263759
1113,69,9,formal,down,17,34,1,-2.1879663811391463,1784376598.763954,1784376601.089167,1784376599.9265604,0.12647,0.091153,0.155968,0.00037,-0.001236,1,acq,20480,20480,0,16,True,False,1,1200000,8381618,False,-1388875,1372361,0,0,0,0,1,1,1784376598.763954
1114,69,10,formal,down,17,34,1,-2.1879663811391463,1784376601.089447,1784376603.430857,1784376602.2601519,0.126169,0.090892,0.15575,0.00037,-0.00122,1,acq,20480,20480,0,16,True,False,1,1200000,8381618,False,-1393956,1371260,0,0,0,0,1,1,1784376601.089447
1115,69,11,formal,down,17,34,1,-2.1879663811391463,1784376603.4311402,1784376605.7591429,1784376604.5951414,0.125994,0.090963,0.155752,0.000384,-0.001208,1,acq,20480,20480,0,16,True,False,1,1200000,8381618,False,-1388028,1373885,0,0,0,0,1,1,1784376603.4311402
1116,69,12,formal,down,17,34,1,-2.1879663811391463,1784376605.759361,1784376608.100448,1784376606.9299045,0.125738,0.090828,0.155561,0.000347,-0.001228,1,acq,20480,20480,0,16,True,False,1,1200000,8381618,False,-1395396,1367110,0,0,0,0,1,1,1784376605.759361
1117,69,13,formal,down,17,34,1,-2.1879663811391463,1784376608.100705,1784376610.4315891,1784376609.2661471,0.125492,0.090778,0.155391,0.000367,-0.001237,1,acq,20480,20480,0,16,True,False,1,1200000,8381618,False,-1370244,1364485,0,0,0,0,1,1,1784376608.100705
1118,69,14,formal,down,17,34,1,-2.1879663811391463,1784376610.4318311,1784376612.764701,1784376611.5982661,0.125121,0.090595,0.155199,0.000363,-0.001221,1,acq,20480,20480,0,16,True,False,1,1200000,8381618,False,-1374055,1366094,0,0,0,0,1,1,1784376610.4318311
1119,69,15,formal,down,17,34,1,-2.1879663811391463,1784376612.764988,1784376615.085546,1784376613.925267,0.124991,0.090621,0.155178,0.000376,-0.001255,1,acq,20480,20480,0,16,True,False,1,1200000,8381618,False,-1386165,1358218,0,0,0,0,1,1,1784376612.764988
1120,70,0,formal,down,63,35,0,3.817493524111393,1784376692.349911,1784376694.674963,1784376693.5124369,1.18595,-0.148922,-0.254859,-0.00045,0.001383,1,acq,20480,20480,0,16,True,False,1,1200000,8381618,False,-2172912,2263104,0,0,0,0,1,1,1784376692.349911
1121,70,1,formal,down,63,35,0,3.817493524111393,1784376694.67601,1784376697.015609,1784376695.8458095,1.182288,-0.149112,-0.25521,-0.000395,0.001377,1,acq,20480,20480,0,16,True,False,1,1200000,8381618,False,-2202637,2282836,0,0,0,0,1,1,1784376694.67601
1122,70,2,formal,down,63,35,0,3.817493524111393,1784376697.015878,1784376699.358229,1784376698.1870534,1.18044,-0.149516,-0.255956,-0.000409,0.001363,1,acq,20480,20480,0,16,True,False,1,1200000,8381618,False,-2161648,2291220,0,0,0,0,1,1,1784376697.015878
1123,70,3,formal,down,63,35,0,3.817493524111393,1784376699.358452,1784376701.697073,1784376700.5277624,1.178444,-0.149889,-0.256572,-0.000429,0.001385,1,acq,20480,20480,0,16,True,False,1,1200000,8381618,False,-2195608,2254212,0,0,0,0,1,1,1784376699.358452
1124,70,4,formal,down,63,35,0,3.817493524111393,1784376701.6973739,1784376704.038738,1784376702.8680558,1.175724,-0.150076,-0.257104,-0.00039,0.00135,1,acq,20480,20480,0,16,True,False,1,1200000,8381618,False,-2167492,2274706,0,0,0,0,1,1,1784376701.6973739
1125,70,5,formal,down,63,35,0,3.817493524111393,1784376704.039262,1784376706.375096,1784376705.207179,1.172515,-0.150258,-0.257335,-0.00039,0.001336,1,acq,20480,20480,0,16,True,False,1,1200000,8381618,False,-2214832,2321538,0,0,0,0,1,1,1784376704.039262
1126,70,6,formal,down,63,35,0,3.817493524111393,1784376706.375304,1784376708.717088,1784376707.546196,1.170483,-0.150531,-0.257832,-0.000374,0.001356,1,acq,20480,20480,0,16,True,False,1,1200000,8381618,False,-2194422,2258192,0,0,0,0,1,1,1784376706.375304
1127,70,7,formal,down,63,35,0,3.817493524111393,1784376708.717334,1784376711.0651362,1784376709.891235,1.168257,-0.150724,-0.258168,-0.000421,0.001338,1,acq,20480,20480,0,16,True,False,1,1200000,8381618,False,-2242948,2345251,0,0,0,0,1,1,1784376708.717334
1128,70,8,formal,down,63,35,0,3.817493524111393,1784376711.0653598,1784376713.396938,1784376712.231149,1.167672,-0.151183,-0.258908,-0.000402,0.001357,1,acq,20480,20480,0,16,True,False,1,1200000,8381618,False,-2195015,2265221,0,0,0,0,1,1,1784376711.0653598
1129,70,9,formal,down,63,35,0,3.817493524111393,1784376713.397171,1784376715.7266529,1784376714.561912,1.165002,-0.151304,-0.259142,-0.000386,0.001364,1,acq,20480,20480,0,16,True,False,1,1200000,8381618,False,-2212376,2295624,0,0,0,0,1,1,1784376713.397171
1130,70,10,formal,down,63,35,0,3.817493524111393,1784376715.726867,1784376718.048736,1784376716.8878016,1.16237,-0.151452,-0.259386,-0.0004,0.001306,1,acq,20480,20480,0,16,True,False,1,1200000,8381618,False,-2222200,2283853,0,0,0,0,1,1,1784376715.726867
1131,70,11,formal,down,63,35,0,3.817493524111393,1784376718.048991,1784376720.3646421,1784376719.2068167,1.160546,-0.151634,-0.259767,-0.000352,0.001308,1,acq,20480,20480,0,16,True,False,1,1200000,8381618,False,-2191035,2289442,0,0,0,0,1,1,1784376718.048991
1132,70,12,formal,down,63,35,0,3.817493524111393,1784376720.3648992,1784376722.696979,1784376721.530939,1.15862,-0.151848,-0.260152,-0.000377,0.001352,1,acq,20480,20480,0,16,True,False,1,1200000,8381618,False,-2203907,2262935,0,0,0,0,1,1,1784376720.3648992
1133,70,13,formal,down,63,35,0,3.817493524111393,1784376722.6973062,1784376725.016045,1784376723.8566756,1.156744,-0.152041,-0.260376,-0.000398,0.00132,1,acq,20480,20480,0,16,True,False,1,1200000,8381618,False,-2272843,2330939,0,0,0,0,1,1,1784376722.6973062
1134,70,14,formal,down,63,35,0,3.817493524111393,1784376725.016265,1784376727.3558662,1784376726.1860657,1.155698,-0.152304,-0.260849,-0.000365,0.00132,1,acq,20480,20480,0,16,True,False,1,1200000,8381618,False,-2251587,2297318,0,0,0,0,1,1,1784376725.016265
1135,70,15,formal,down,63,35,0,3.817493524111393,1784376727.356158,1784376729.6987278,1784376728.527443,1.154578,-0.15262,-0.261339,-0.000392,0.001304,1,acq,20480,20480,0,16,True,False,1,1200000,8381618,False,-2250232,2290035,0,0,0,0,1,1,1784376727.356158
1136,71,0,formal,up,63,35,1,3.817493524111393,1784376742.4450371,1784376744.788952,1784376743.6169946,1.145,-0.1537,-0.263115,-0.000363,0.00134,1,acq,20480,20480,0,16,True,False,1,1200000,8381618,False,-2284699,2317982,0,0,0,0,1,1,1784376742.4450371
1137,71,1,formal,up,63,35,1,3.817493524111393,1784376744.790051,1784376747.132148,1784376745.9610996,1.143621,-0.153751,-0.263467,-0.000397,0.001272,1,acq,20480,20480,0,16,True,False,1,1200000,8381618,False,-2214832,2312392,0,0,0,0,1,1,1784376744.790051
1138,71,2,formal,up,63,35,1,3.817493524111393,1784376747.13251,1784376749.4710631,1784376748.3017864,1.141511,-0.153861,-0.263471,-0.000382,0.001312,1,acq,20480,20480,0,16,True,False,1,1200000,8381618,False,-2220591,2316457,0,0,0,0,1,1,1784376747.13251
1139,71,3,formal,up,63,35,1,3.817493524111393,1784376749.47129,1784376751.813793,1784376750.6425414,1.140429,-0.154088,-0.263841,-0.000363,0.001296,1,acq,20480,20480,0,16,True,False,1,1200000,8381618,False,-2245066,2302568,0,0,0,0,1,1,1784376749.47129
1140,71,4,formal,up,63,35,1,3.817493524111393,1784376751.8140411,1784376753.988658,1784376752.9013495,1.139462,-1.1e-05,-6e-06,5e-06,-1.1e-05,1,acq,20480,20480,0,16,True,False,1,1200000,8381618,False,-184957,239073,0,0,0,0,1,1,1784376751.8140411
1141,71,5,formal,up,63,35,1,3.817493524111393,1784376753.98899,1784376756.166945,1784376755.0779676,1.137575,-4.6e-05,-7.9e-05,1.6e-05,-2.6e-05,1,acq,20480,20480,0,16,True,False,1,1200000,8381618,False,-200455,247288,0,0,0,0,1,1,1784376753.98899
1142,71,6,formal,up,63,35,1,3.817493524111393,1784376756.168043,1784376758.355576,1784376757.2618093,1.136815,2.7e-05,-4e-05,-3.4e-05,-4.2e-05,1,acq,20480,20480,0,16,True,False,1,1200000,8381618,False,-147272,233229,0,0,0,0,1,1,1784376756.168043
1143,71,7,formal,up,63,35,1,3.817493524111393,1784376758.355808,1784376760.530957,1784376759.4433825,1.135922,-1.5e-05,2.2e-05,1e-05,7e-06,1,acq,20480,20480,0,16,True,False,1,1200000,8381618,False,-174117,188853,0,0,0,0,1,1,1784376758.355808
1144,71,8,formal,up,63,35,1,3.817493524111393,1784376760.531208,1784376762.710113,1784376761.6206605,1.134589,2e-05,6e-06,2.6e-05,-9e-06,1,acq,20480,20480,0,16,True,False,1,1200000,8381618,False,-210194,320119,0,0,0,0,1,1,1784376760.531208
1145,71,9,formal,up,63,35,1,3.817493524111393,1784376762.710418,1784376764.891809,1784376763.8011136,1.134183,-4e-06,8e-06,-1.3e-05,-1.3e-05,1,acq,20480,20480,0,16,True,False,1,1200000,8381618,False,-171492,165564,0,0,0,0,1,1,1784376762.710418
1146,71,10,formal,up,63,35,1,3.817493524111393,1784376764.8920572,1784376767.07558,1784376765.9838185,1.132795,7e-06,-1.1e-05,-8e-06,2.4e-05,1,acq,20480,20480,0,16,True,False,1,1200000,8381618,False,-200709,177928,0,0,0,0,1,1,1784376764.8920572
1147,71,11,formal,up,63,35,1,3.817493524111393,1784376767.0766468,1784376769.248157,1784376768.162402,1.132341,-1e-05,-5e-06,-8e-06,3e-06,1,acq,20480,20480,0,16,True,False,1,1200000,8381618,False,-141682,205452,0,0,0,0,1,1,1784376767.0766468
1148,71,12,formal,up,63,35,1,3.817493524111393,1784376769.248398,1784376771.428571,1784376770.3384845,1.129605,-2.4e-05,-1e-06,-4.4e-05,-4e-06,1,acq,20480,20480,0,16,True,False,1,1200000,8381618,False,-172593,211295,0,0,0,0,1,1,1784376769.248398
1149,71,13,formal,up,63,35,1,3.817493524111393,1784376771.4288058,1784376773.6036391,1784376772.5162225,1.128858,-1.2e-05,-2.2e-05,3.5e-05,-6e-06,1,acq,20480,20480,0,16,True,False,1,1200000,8381618,False,-193765,221881,0,0,0,0,1,1,1784376771.4288058
1150,71,14,formal,up,63,35,1,3.817493524111393,1784376773.603932,1784376775.797993,1784376774.7009625,1.127395,-4e-06,3.6e-05,2e-05,1.1e-05,1,acq,20480,20480,0,16,True,False,1,1200000,8381618,False,-267358,179283,0,0,0,0,1,1,1784376773.603932
1151,71,15,formal,up,63,35,1,3.817493524111393,1784376775.7991161,1784376777.967214,1784376776.8831651,1.126288,-5e-06,-2.4e-05,1.5e-05,9e-06,1,acq,20480,20480,0,16,True,False,1,1200000,8381618,False,-168020,154893,0,0,0,0,1,1,1784376775.7991161
1152,72,0,formal,up,52,36,0,2.3814052858993078,1784376805.0336819,1784376807.3546162,1784376806.194149,1.2,-0.048534,-0.083378,-0.001046,0.002041,1,acq,20480,20480,0,16,True,False,1,1200000,8381618,False,-856106,899127,0,0,0,0,1,1,1784376805.0336819
1153,72,1,formal,up,52,36,0,2.3814052858993078,1784376807.355747,1784376809.696264,1784376808.5260055,1.2,-0.048408,-0.083253,-0.001046,0.002055,1,acq,20480,20480,0,16,True,False,1,1200000,8381618,False,-844250,896756,0,0,0,0,1,1,1784376807.355747
1154,72,2,formal,up,52,36,0,2.3814052858993078,1784376809.696478,1784376812.0296042,1784376810.863041,1.2,-0.048443,-0.083077,-0.001051,0.00206,1,acq,20480,20480,0,16,True,False,1,1200000,8381618,False,-856021,875076,0,0,0,0,1,1,1784376809.696478
1155,72,3,formal,up,52,36,0,2.3814052858993078,1784376812.0298839,1784376814.364845,1784376813.1973643,1.2,-0.048285,-0.08309,-0.001049,0.002074,1,acq,20480,20480,0,16,True,False,1,1200000,8381618,False,-838660,908951,0,0,0,0,1,1,1784376812.0298839
1156,72,4,formal,up,52,36,0,2.3814052858993078,1784376814.365066,1784376816.708408,1784376815.536737,1.2,-0.048317,-0.083041,-0.001082,0.002026,1,acq,20480,20480,0,16,True,False,1,1200000,8381618,False,-831377,916319,0,0,0,0,1,1,1784376814.365066
1157,72,5,formal,up,52,36,0,2.3814052858993078,1784376816.708683,1784376819.0391328,1784376817.873908,1.2,-0.048353,-0.083131,-0.001057,0.002072,1,acq,20480,20480,0,16,True,False,1,1200000,8381618,False,-832478,877701,0,0,0,0,1,1,1784376816.708683
1158,72,6,formal,up,52,36,0,2.3814052858993078,1784376819.0394418,1784376821.371255,1784376820.2053485,1.2,-0.048299,-0.083063,-0.001069,0.002091,1,acq,20480,20480,0,16,True,False,1,1200000,8381618,False,-829260,906749,0,0,0,0,1,1,1784376819.0394418
1159,72,7,formal,up,52,36,0,2.3814052858993078,1784376821.371559,1784376823.689972,1784376822.5307655,1.2,-0.048371,-0.083145,-0.001057,0.00207,1,acq,20480,20480,0,16,True,False,1,1200000,8381618,False,-790473,885916,0,0,0,0,1,1,1784376821.371559
1160,72,8,formal,up,52,36,0,2.3814052858993078,1784376823.690181,1784376826.01315,1784376824.8516655,1.2,-0.048274,-0.083147,-0.001049,0.002027,1,acq,20480,20480,0,16,True,False,1,1200000,8381618,False,-843826,931478,0,0,0,0,1,1,1784376823.690181
1161,72,9,formal,up,52,36,0,2.3814052858993078,1784376826.013401,1784376828.34625,1784376827.1798255,1.2,-0.04833,-0.083128,-0.001071,0.002017,1,acq,20480,20480,0,16,True,False,1,1200000,8381618,False,-795131,955360,0,0,0,0,1,1,1784376826.013401
1162,72,10,formal,up,52,36,0,2.3814052858993078,1784376828.3465118,1784376830.6748228,1784376829.5106673,1.2,-0.048392,-0.083225,-0.001066,0.002047,1,acq,20480,20480,0,16,True,False,1,1200000,8381618,False,-828667,898788,0,0,0,0,1,1,1784376828.3465118
1163,72,11,formal,up,52,36,0,2.3814052858993078,1784376830.675047,1784376833.0071082,1784376831.8410776,1.2,-0.048401,-0.08324,-0.001053,0.002041,1,acq,20480,20480,0,16,True,False,1,1200000,8381618,False,-841709,867623,0,0,0,0,1,1,1784376830.675047
1164,72,12,formal,up,52,36,0,2.3814052858993078,1784376833.007333,1784376835.3374,1784376834.1723666,1.2,-0.04847,-0.083322,-0.001033,0.002044,1,acq,20480,20480,0,16,True,False,1,1200000,8381618,False,-908612,934781,0,0,0,0,1,1,1784376833.007333
1165,72,13,formal,up,52,36,0,2.3814052858993078,1784376835.337685,1784376837.678708,1784376836.5081966,1.2,-0.048486,-0.083418,-0.001022,0.002081,1,acq,20480,20480,0,16,True,False,1,1200000,8381618,False,-813593,870842,0,0,0,0,1,1,1784376835.337685
1166,72,14,formal,up,52,36,0,2.3814052858993078,1784376837.678999,1784376840.0139809,1784376838.84649,1.2,-0.048536,-0.083591,-0.001056,0.002048,1,acq,20480,20480,0,16,True,False,1,1200000,8381618,False,-782851,880750,0,0,0,0,1,1,1784376837.678999
1167,72,15,formal,up,52,36,0,2.3814052858993078,1784376840.014207,1784376842.346904,1784376841.1805553,1.2,-0.04865,-0.083575,-0.001055,0.002039,1,acq,20480,20480,0,16,True,False,1,1200000,8381618,False,-853396,924025,0,0,0,0,1,1,1784376840.014207
1168,73,0,formal,down,52,36,1,2.3814052858993078,1784376855.106751,1784376857.439023,1784376856.272887,1.2,-0.048955,-0.084146,-0.001015,0.002043,1,acq,20480,20480,0,16,True,False,1,1200000,8381618,False,-787509,937829,0,0,0,0,1,1,1784376855.106751
1169,73,1,formal,down,52,36,1,2.3814052858993078,1784376857.4392262,1784376859.764512,1784376858.601869,1.2,-0.049007,-0.084354,-0.001055,0.002065,1,acq,20480,20480,0,16,True,False,1,1200000,8381618,False,-811730,905140,0,0,0,0,1,1,1784376857.4392262
1170,73,2,formal,down,52,36,1,2.3814052858993078,1784376859.764767,1784376862.091582,1784376860.9281745,1.2,-0.048985,-0.084379,-0.001072,0.002068,1,acq,20480,20480,0,16,True,False,1,1200000,8381618,False,-822485,867285,0,0,0,0,1,1,1784376859.764767
1171,73,3,formal,down,52,36,1,2.3814052858993078,1784376862.091857,1784376864.4296691,1784376863.2607632,1.2,-0.049046,-0.084412,-0.001058,0.002075,1,acq,20480,20480,0,16,True,False,1,1200000,8381618,False,-820876,887440,0,0,0,0,1,1,1784376862.091857
1172,73,4,formal,down,52,36,1,2.3814052858993078,1784376864.429913,1784376866.763031,1784376865.596472,1.2,-0.04907,-0.084547,-0.001073,0.00205,1,acq,20480,20480,0,16,True,False,1,1200000,8381618,False,-897179,929107,0,0,0,0,1,1,1784376864.429913
1173,73,5,formal,down,52,36,1,2.3814052858993078,1784376866.7632608,1784376869.1046982,1784376867.9339795,1.2,-0.04919,-0.084739,-0.001051,0.002039,1,acq,20480,20480,0,16,True,False,1,1200000,8381618,False,-816049,935119,0,0,0,0,1,1,1784376866.7632608
1174,73,6,formal,down,52,36,1,2.3814052858993078,1784376869.1049879,1784376871.434277,1784376870.2696323,1.2,-0.049255,-0.084849,-0.001052,0.002095,1,acq,20480,20480,0,16,True,False,1,1200000,8381618,False,-826804,865422,0,0,0,0,1,1,1784376869.1049879
1175,73,7,formal,down,52,36,1,2.3814052858993078,1784376871.4345222,1784376873.779663,1784376872.6070926,1.2,-0.049315,-0.084889,-0.001077,0.002031,1,acq,20480,20480,0,16,True,False,1,1200000,8381618,False,-897772,942657,0,0,0,0,1,1,1784376871.4345222
1176,73,8,formal,down,52,36,1,2.3814052858993078,1784376873.7799811,1784376876.113051,1784376874.946516,1.2,-0.049365,-0.084947,-0.001044,0.002067,1,acq,20480,20480,0,16,True,False,1,1200000,8381618,False,-794115,856445,0,0,0,0,1,1,1784376873.7799811
1177,73,9,formal,down,52,36,1,2.3814052858993078,1784376876.113268,1784376878.442239,1784376877.2777534,1.2,-0.049415,-0.085124,-0.001062,0.002045,1,acq,20480,20480,0,16,True,False,1,1200000,8381618,False,-857800,872027,0,0,0,0,1,1,1784376876.113268
1178,73,10,formal,down,52,36,1,2.3814052858993078,1784376878.442635,1784376880.774358,1784376879.6084967,1.2,-0.049429,-0.085098,-0.001028,0.002068,1,acq,20480,20480,0,16,True,False,1,1200000,8381618,False,-796909,909459,0,0,0,0,1,1,1784376878.442635
1179,73,11,formal,down,52,36,1,2.3814052858993078,1784376880.774851,1784376883.112986,1784376881.9439187,1.2,-0.049516,-0.085237,-0.001061,0.002051,1,acq,20480,20480,0,16,True,False,1,1200000,8381618,False,-851025,875923,0,0,0,0,1,1,1784376880.774851
1180,73,12,formal,down,52,36,1,2.3814052858993078,1784376883.113601,1784376885.454945,1784376884.2842731,1.2,-0.049594,-0.085395,-0.001081,0.002099,1,acq,20480,20480,0,16,True,False,1,1200000,8381618,False,-832478,856360,0,0,0,0,1,1,1784376883.113601
1181,73,13,formal,down,52,36,1,2.3814052858993078,1784376885.455264,1784376887.7787662,1784376886.6170151,1.2,-0.049683,-0.085582,-0.001049,0.002085,1,acq,20480,20480,0,16,True,False,1,1200000,8381618,False,-818081,951972,0,0,0,0,1,1,1784376885.455264
1182,73,14,formal,down,52,36,1,2.3814052858993078,1784376887.7790132,1784376890.113172,1784376888.9460926,1.2,-0.049694,-0.0855,-0.001061,0.002074,1,acq,20480,20480,0,16,True,False,1,1200000,8381618,False,-918012,939608,0,0,0,0,1,1,1784376887.7790132
1183,73,15,formal,down,52,36,1,2.3814052858993078,1784376890.113396,1784376892.446422,1784376891.2799091,1.2,-0.049717,-0.085705,-0.001078,0.002028,1,acq,20480,20480,0,16,True,False,1,1200000,8381618,False,-873552,949770,0,0,0,0,1,1,1784376890.113396
1184,74,0,formal,down,28,37,0,-0.7518781429270609,1784376935.291601,1784376937.636512,1784376936.4640565,0.788536,0.169455,0.289519,0.001181,-0.002701,1,acq,20480,20480,0,16,True,False,1,1200000,8381618,False,-2470165,2467286,0,0,0,0,1,1,1784376935.291601
1185,74,1,formal,down,28,37,0,-0.7518781429270609,1784376937.636849,1784376939.96066,1784376938.7987545,0.786517,0.169482,0.28957,0.001195,-0.002735,1,acq,20480,20480,0,16,True,False,1,1200000,8381618,False,-2486764,2484477,0,0,0,0,1,1,1784376937.636849
1186,74,2,formal,down,28,37,0,-0.7518781429270609,1784376939.9608839,1784376942.289357,1784376941.1251204,0.784438,0.169478,0.289628,0.001208,-0.002746,1,acq,20480,20480,0,16,True,False,1,1200000,8381618,False,-2499890,2482021,0,0,0,0,1,1,1784376939.9608839
1187,74,3,formal,down,28,37,0,-0.7518781429270609,1784376942.2895858,1784376944.622615,1784376943.4561005,0.781806,0.16929,0.289443,0.001179,-0.002691,1,acq,20480,20480,0,16,True,False,1,1200000,8381618,False,-2487018,2415372,0,0,0,0,1,1,1784376942.2895858
1188,74,4,formal,down,28,37,0,-0.7518781429270609,1784376944.622842,1784376946.94776,1784376945.7853012,0.780123,0.169275,0.289441,0.001193,-0.002768,1,acq,20480,20480,0,16,True,False,1,1200000,8381618,False,-2485747,2514541,0,0,0,0,1,1,1784376944.622842
1189,74,5,formal,down,28,37,0,-0.7518781429270609,1784376946.948045,1784376949.277025,1784376948.112535,0.778729,0.169372,0.289596,0.001192,-0.002757,1,acq,20480,20480,0,16,True,False,1,1200000,8381618,False,-2495656,2486171,0,0,0,0,1,1,1784376946.948045
1190,74,6,formal,down,28,37,0,-0.7518781429270609,1784376949.277257,1784376951.623994,1784376950.4506254,0.776461,0.169218,0.289369,0.001195,-0.002721,1,acq,20480,20480,0,16,True,False,1,1200000,8381618,False,-2522332,2499382,0,0,0,0,1,1,1784376949.277257
1191,74,7,formal,down,28,37,0,-0.7518781429270609,1784376951.6242409,1784376953.955948,1784376952.7900944,0.775461,0.169303,0.28954,0.001174,-0.002784,1,acq,20480,20480,0,16,True,False,1,1200000,8381618,False,-2493115,2456954,0,0,0,0,1,1,1784376951.6242409
1192,74,8,formal,down,28,37,0,-0.7518781429270609,1784376953.9561632,1784376956.28803,1784376955.1220965,0.773995,0.169279,0.289456,0.001216,-0.002757,1,acq,20480,20480,0,16,True,False,1,1200000,8381618,False,-2511916,2453228,0,0,0,0,1,1,1784376953.9561632
1193,74,9,formal,down,28,37,0,-0.7518781429270609,1784376956.288318,1784376958.6300511,1784376957.4591846,0.772613,0.169297,0.28956,0.00118,-0.002761,1,acq,20480,20480,0,16,True,False,1,1200000,8381618,False,-2531394,2486933,0,0,0,0,1,1,1784376956.288318
1194,74,10,formal,down,28,37,0,-0.7518781429270609,1784376958.630283,1784376960.9495301,1784376959.7899065,0.771872,0.169422,0.289762,0.00121,-0.002796,1,acq,20480,20480,0,16,True,False,1,1200000,8381618,False,-2521655,2458139,0,0,0,0,1,1,1784376958.630283
1195,74,11,formal,down,28,37,0,-0.7518781429270609,1784376960.9497821,1784376963.275218,1784376962.1125002,0.770062,0.169276,0.289634,0.001206,-0.002752,1,acq,20480,20480,0,16,True,False,1,1200000,8381618,False,-2484562,2474399,0,0,0,0,1,1,1784376960.9497821
1196,74,12,formal,down,28,37,0,-0.7518781429270609,1784376963.275476,1784376965.6110039,1784376964.44324,0.768591,0.169164,0.289496,0.001231,-0.002803,1,acq,20480,20480,0,16,True,False,1,1200000,8381618,False,-2496757,2472113,0,0,0,0,1,1,1784376963.275476
1197,74,13,formal,down,28,37,0,-0.7518781429270609,1784376965.611247,1784376967.923671,1784376966.767459,0.76765,0.169211,0.289633,0.001194,-0.002765,1,acq,20480,20480,0,16,True,False,1,1200000,8381618,False,-2501499,2456361,0,0,0,0,1,1,1784376965.611247
1198,74,14,formal,down,28,37,0,-0.7518781429270609,1784376967.9238982,1784376970.248634,1784376969.086266,0.766131,0.16919,0.28939,0.001216,-0.002809,1,acq,20480,20480,0,16,True,False,1,1200000,8381618,False,-2526228,2458139,0,0,0,0,1,1,1784376967.9238982
1199,74,15,formal,down,28,37,0,-0.7518781429270609,1784376970.248969,1784376972.579041,1784376971.414005,0.76501,0.169151,0.289404,0.001231,-0.002784,1,acq,20480,20480,0,16,True,False,1,1200000,8381618,False,-2535120,2436629,0,0,0,0,1,1,1784376970.248969
1200,75,0,formal,up,28,37,1,-0.7518781429270609,1784376985.273281,1784376987.607763,1784376986.4405222,0.759142,0.169217,0.289662,0.001212,-0.002759,1,acq,20480,20480,0,16,True,False,1,1200000,8381618,False,-2562390,2507851,0,0,0,0,1,1,1784376985.273281
1201,75,1,formal,up,28,37,1,-0.7518781429270609,1784376987.608007,1784376989.942819,1784376988.775413,0.757613,0.169046,0.289332,0.001232,-0.002776,1,acq,20480,20480,0,16,True,False,1,1200000,8381618,False,-2518945,2482529,0,0,0,0,1,1,1784376987.608007
1202,75,2,formal,up,28,37,1,-0.7518781429270609,1784376989.94309,1784376992.291163,1784376991.1171265,0.757281,0.169211,0.289553,0.001253,-0.002794,1,acq,20480,20480,0,16,True,False,1,1200000,8381618,False,-2487865,2445944,0,0,0,0,1,1,1784376989.94309
1203,75,3,formal,up,28,37,1,-0.7518781429270609,1784376992.291463,1784376994.633732,1784376993.4625974,0.756377,0.169126,0.289585,0.00123,-0.002772,1,acq,20480,20480,0,16,True,False,1,1200000,8381618,False,-2542234,2450602,0,0,0,0,1,1,1784376992.291463
1204,75,4,formal,up,28,37,1,-0.7518781429270609,1784376994.6339462,1784376996.959349,1784376995.7966475,0.755761,0.169194,0.289714,0.001246,-0.002799,1,acq,20480,20480,0,16,True,False,1,1200000,8381618,False,-2495571,2424857,0,0,0,0,1,1,1784376994.6339462
1205,75,5,formal,up,28,37,1,-0.7518781429270609,1784376996.959648,1784376999.2826781,1784376998.121163,0.754866,0.169154,0.289619,0.001222,-0.002748,1,acq,20480,20480,0,16,True,False,1,1200000,8381618,False,-2540964,2473298,0,0,0,0,1,1,1784376996.959648
1206,75,6,formal,up,28,37,1,-0.7518781429270609,1784376999.2829251,1784377001.621994,1784377000.4524596,0.754123,0.169175,0.289604,0.001247,-0.002804,1,acq,20480,20480,0,16,True,False,1,1200000,8381618,False,-2491676,2461188,0,0,0,0,1,1,1784376999.2829251
1207,75,7,formal,up,28,37,1,-0.7518781429270609,1784377001.622219,1784377003.9477272,1784377002.7849731,0.752483,0.168924,0.289286,0.00121,-0.002774,1,acq,20480,20480,0,16,True,False,1,1200000,8381618,False,-2507766,2471266,0,0,0,0,1,1,1784377001.622219
1208,75,8,formal,up,28,37,1,-0.7518781429270609,1784377003.948013,1784377006.2727768,1784377005.110395,0.751956,0.169039,0.289381,0.00121,-0.002814,1,acq,20480,20480,0,16,True,False,1,1200000,8381618,False,-2515473,2445013,0,0,0,0,1,1,1784377003.948013
1209,75,9,formal,up,28,37,1,-0.7518781429270609,1784377006.272992,1784377008.594033,1784377007.4335124,0.750912,0.168975,0.289162,0.001206,-0.002779,1,acq,20480,20480,0,16,True,False,1,1200000,8381618,False,-2528515,2472875,0,0,0,0,1,1,1784377006.272992
1210,75,10,formal,up,28,37,1,-0.7518781429270609,1784377008.5942469,1784377010.929138,1784377009.7616925,0.750573,0.169002,0.289333,0.001245,-0.002785,1,acq,20480,20480,0,16,True,False,1,1200000,8381618,False,-2500229,2446791,0,0,0,0,1,1,1784377008.5942469
1211,75,11,formal,up,28,37,1,-0.7518781429270609,1784377010.929416,1784377013.268929,1784377012.0991726,0.749926,0.168962,0.289356,0.001247,-0.002805,1,acq,20480,20480,0,16,True,False,1,1200000,8381618,False,-2510646,2498705,0,0,0,0,1,1,1784377010.929416
1212,75,12,formal,up,28,37,1,-0.7518781429270609,1784377013.26922,1784377015.585997,1784377014.4276085,0.749493,0.169054,0.289454,0.00123,-0.002849,1,acq,20480,20480,0,16,True,False,1,1200000,8381618,False,-2509121,2437645,0,0,0,0,1,1,1784377013.26922
1213,75,13,formal,up,28,37,1,-0.7518781429270609,1784377015.586237,1784377017.9107552,1784377016.748496,0.74862,0.169063,0.289396,0.001236,-0.002809,1,acq,20480,20480,0,16,True,False,1,1200000,8381618,False,-2487102,2459833,0,0,0,0,1,1,1784377015.586237
1214,75,14,formal,up,28,37,1,-0.7518781429270609,1784377017.910989,1784377020.2374,1784377019.0741944,0.74794,0.168936,0.289377,0.001209,-0.002829,1,acq,20480,20480,0,16,True,False,1,1200000,8381618,False,-2484901,2482445,0,0,0,0,1,1,1784377017.910989
1215,75,15,formal,up,28,37,1,-0.7518781429270609,1784377020.2376199,1784377022.5830028,1784377021.4103112,0.746705,0.168853,0.289022,0.001242,-0.0028,1,acq,20480,20480,0,16,True,False,1,1200000,8381618,False,-2499890,2457293,0,0,0,0,1,1,1784377020.2376199
1216,76,0,sentinel,up,10,38,0,-3.1018407145468374,1784377059.651925,1784377061.982891,1784377060.817408,0.002684,0.016885,0.028904,0.000959,-0.001768,1,acq,20480,20480,0,16,True,False,1,1200000,8381618,False,-353147,344593,0,0,0,0,1,1,1784377059.651925
1217,76,1,sentinel,up,10,38,0,-3.1018407145468374,1784377061.9831522,1784377064.320257,1784377063.1517045,0.002469,0.01635,0.027972,0.000952,-0.001767,1,acq,20480,20480,0,16,True,False,1,1200000,8381618,False,-340613,336633,0,0,0,0,1,1,1784377061.9831522
1218,76,2,sentinel,up,10,38,0,-3.1018407145468374,1784377064.3205519,1784377066.662399,1784377065.4914756,0.00225,0.015897,0.027147,0.000949,-0.001761,1,acq,20480,20480,0,16,True,False,1,1200000,8381618,False,-335193,337310,0,0,0,0,1,1,1784377064.3205519
1219,76,3,sentinel,up,10,38,0,-3.1018407145468374,1784377066.662735,1784377068.995509,1784377067.829122,0.002018,0.015401,0.026355,0.000945,-0.001753,1,acq,20480,20480,0,16,True,False,1,1200000,8381618,False,-341206,331890,0,0,0,0,1,1,1784377066.662735
1220,76,4,sentinel,up,10,38,0,-3.1018407145468374,1784377068.995808,1784377071.337783,1784377070.1667955,0.001833,0.014971,0.025628,0.000943,-0.001747,1,acq,20480,20480,0,16,True,False,1,1200000,8381618,False,-324184,312582,0,0,0,0,1,1,1784377068.995808
1221,76,5,sentinel,up,10,38,0,-3.1018407145468374,1784377071.338036,1784377073.670485,1784377072.5042605,0.00166,0.014565,0.024909,0.000946,-0.001719,1,acq,20480,20480,0,16,True,False,1,1200000,8381618,False,-314868,310973,0,0,0,0,1,1,1784377071.338036
1222,76,6,sentinel,up,10,38,0,-3.1018407145468374,1784377073.670742,1784377076.014255,1784377074.8424985,0.001497,0.014131,0.024209,0.000929,-0.001722,1,acq,20480,20480,0,16,True,False,1,1200000,8381618,False,-307924,313259,0,0,0,0,1,1,1784377073.670742
1223,76,7,sentinel,up,10,38,0,-3.1018407145468374,1784377076.014478,1784377078.3450959,1784377077.179787,0.001337,0.013729,0.023479,0.000939,-0.00173,1,acq,20480,20480,0,16,True,False,1,1200000,8381618,False,-300895,295390,0,0,0,0,1,1,1784377076.014478
1224,76,8,sentinel,up,10,38,0,-3.1018407145468374,1784377078.3453162,1784377080.6906612,1784377079.5179887,0.001194,0.013336,0.022857,0.000931,-0.001721,1,acq,20480,20480,0,16,True,False,1,1200000,8381618,False,-299032,298185,0,0,0,0,1,1,1784377078.3453162
1225,76,9,sentinel,up,10,38,0,-3.1018407145468374,1784377080.690889,1784377083.0281332,1784377081.859511,0.001055,0.012977,0.022233,0.000913,-0.001708,1,acq,20480,20480,0,16,True,False,1,1200000,8381618,False,-299963,286921,0,0,0,0,1,1,1784377080.690889
1226,76,10,sentinel,up,10,38,0,-3.1018407145468374,1784377083.02836,1784377085.371849,1784377084.2001045,0.00093,0.012615,0.021593,0.000927,-0.001709,1,acq,20480,20480,0,16,True,False,1,1200000,8381618,False,-283703,286328,0,0,0,0,1,1,1784377083.02836
1227,76,11,sentinel,up,10,38,0,-3.1018407145468374,1784377085.372113,1784377087.705326,1784377086.5387197,0.000801,0.012269,0.02103,0.000918,-0.001702,1,acq,20480,20480,0,16,True,False,1,1200000,8381618,False,-295390,270831,0,0,0,0,1,1,1784377085.372113
1228,76,12,sentinel,up,10,38,0,-3.1018407145468374,1784377087.7055879,1784377090.0389462,1784377088.872267,0.000703,0.011938,0.020438,0.000928,-0.001686,1,acq,20480,20480,0,16,True,False,1,1200000,8381618,False,-282941,282009,0,0,0,0,1,1,1784377087.7055879
1229,76,13,sentinel,up,10,38,0,-3.1018407145468374,1784377090.0392141,1784377092.3672671,1784377091.2032406,0.000575,0.011615,0.019845,0.000914,-0.001691,1,acq,20480,20480,0,16,True,False,1,1200000,8381618,False,-276505,269814,0,0,0,0,1,1,1784377090.0392141
1230,76,14,sentinel,up,10,38,0,-3.1018407145468374,1784377092.367489,1784377094.709374,1784377093.5384316,0.000487,0.011278,0.019275,0.000917,-0.00171,1,acq,20480,20480,0,16,True,False,1,1200000,8381618,False,-279130,266850,0,0,0,0,1,1,1784377092.367489
1231,76,15,sentinel,up,10,38,0,-3.1018407145468374,1784377094.709613,1784377097.045092,1784377095.8773527,0.000342,0.010971,0.018806,0.000896,-0.001659,1,acq,20480,20480,0,16,True,False,1,1200000,8381618,False,-268121,250760,0,0,0,0,1,1,1784377094.709613
1232,77,0,sentinel,down,10,38,1,-3.1018407145468374,1784377109.766689,1784377112.1034188,1784377110.9350538,-0.000151,0.009129,0.01563,0.000902,-0.001655,1,acq,20480,20480,0,16,True,False,1,1200000,8381618,False,-246356,236109,0,0,0,0,1,1,1784377109.766689
1233,77,1,sentinel,down,10,38,1,-3.1018407145468374,1784377112.103752,1784377114.449879,1784377113.2768154,-0.000203,0.008839,0.015171,0.000893,-0.001643,1,acq,20480,20480,0,16,True,False,1,1200000,8381618,False,-232298,233229,0,0,0,0,1,1,1784377112.103752
1234,77,2,sentinel,down,10,38,1,-3.1018407145468374,1784377114.450102,1784377116.7770822,1784377115.6135921,-0.000267,0.00854,0.014707,0.000908,-0.001649,1,acq,20480,20480,0,16,True,False,1,1200000,8381618,False,-232382,232213,0,0,0,0,1,1,1784377114.450102
1235,77,3,sentinel,down,10,38,1,-3.1018407145468374,1784377116.7773252,1784377119.1083572,1784377117.942841,-0.000346,0.008301,0.014254,0.000899,-0.001637,1,acq,20480,20480,0,16,True,False,1,1200000,8381618,False,-228148,222982,0,0,0,0,1,1,1784377116.7773252
1236,77,4,sentinel,down,10,38,1,-3.1018407145468374,1784377119.108865,1784377121.43311,1784377120.2709875,-0.000411,0.007999,0.01381,0.000908,-0.001631,1,acq,20480,20480,0,16,True,False,1,1200000,8381618,False,-238480,211803,0,0,0,0,1,1,1784377119.108865
1237,77,5,sentinel,down,10,38,1,-3.1018407145468374,1784377121.4333189,1784377123.753839,1784377122.5935788,-0.000448,0.007746,0.013342,0.000891,-0.001628,1,acq,20480,20480,0,16,True,False,1,1200000,8381618,False,-227386,221797,0,0,0,0,1,1,1784377121.4333189
1238,77,6,sentinel,down,10,38,1,-3.1018407145468374,1784377123.754097,1784377126.078461,1784377124.9162788,-0.000517,0.007502,0.012897,0.000877,-0.001639,1,acq,20480,20480,0,16,True,False,1,1200000,8381618,False,-225692,215614,0,0,0,0,1,1,1784377123.754097
1239,77,7,sentinel,down,10,38,1,-3.1018407145468374,1784377126.078735,1784377128.402695,1784377127.240715,-0.000546,0.007263,0.012466,0.000885,-0.001636,1,acq,20480,20480,0,16,True,False,1,1200000,8381618,False,-232298,209517,0,0,0,0,1,1,1784377126.078735
1240,77,8,sentinel,down,10,38,1,-3.1018407145468374,1784377128.40293,1784377130.7233112,1784377129.5631206,-0.000614,0.007046,0.012095,0.000873,-0.001619,1,acq,20480,20480,0,16,True,False,1,1200000,8381618,False,-227640,206976,0,0,0,0,1,1,1784377128.40293
1241,77,9,sentinel,down,10,38,1,-3.1018407145468374,1784377130.7235682,1784377133.063702,1784377131.8936353,-0.000653,0.006809,0.011669,0.000876,-0.001601,1,acq,20480,20480,0,16,True,False,1,1200000,8381618,False,-211041,206638,0,0,0,0,1,1,1784377130.7235682
1242,77,10,sentinel,down,10,38,1,-3.1018407145468374,1784377133.06392,1784377135.389876,1784377134.226898,-0.000737,0.006561,0.011244,0.000883,-0.001617,1,acq,20480,20480,0,16,True,False,1,1200000,8381618,False,-211041,190547,0,0,0,0,1,1,1784377133.06392
1243,77,11,sentinel,down,10,38,1,-3.1018407145468374,1784377135.390115,1784377137.7201831,1784377136.555149,-0.000745,0.006341,0.010847,0.000881,-0.001596,1,acq,20480,20480,0,16,True,False,1,1200000,8381618,False,-208162,197407,0,0,0,0,1,1,1784377135.390115
1244,77,12,sentinel,down,10,38,1,-3.1018407145468374,1784377137.720483,1784377140.0618649,1784377138.8911738,-0.000802,0.006103,0.010449,0.000871,-0.001606,1,acq,20480,20480,0,16,True,False,1,1200000,8381618,False,-204690,200540,0,0,0,0,1,1,1784377137.720483
1245,77,13,sentinel,down,10,38,1,-3.1018407145468374,1784377140.0623639,1784377142.402592,1784377141.232478,-0.000836,0.005872,0.010043,0.00088,-0.001594,1,acq,20480,20480,0,16,True,False,1,1200000,8381618,False,-209686,200963,0,0,0,0,1,1,1784377140.0623639
1246,77,14,sentinel,down,10,38,1,-3.1018407145468374,1784377142.402814,1784377144.742836,1784377143.572825,-0.000853,0.005643,0.009686,0.000873,-0.001605,1,acq,20480,20480,0,16,True,False,1,1200000,8381618,False,-191055,190632,0,0,0,0,1,1,1784377142.402814
1247,77,15,sentinel,down,10,38,1,-3.1018407145468374,1784377144.743057,1784377147.081579,1784377145.912318,-0.000897,0.005412,0.009277,0.000874,-0.001597,1,acq,20480,20480,0,16,True,False,1,1200000,8381618,False,-193257,195543,0,0,0,0,1,1,1784377144.743057
1248,78,0,sentinel,down,70,39,0,4.731367857519084,1784377244.429835,1784377246.7723289,1784377245.6010818,0.766144,-0.171339,-0.292203,-0.000637,0.001848,1,acq,20480,20480,0,16,True,False,1,1200000,8381618,False,-2454921,2555530,0,0,0,0,1,1,1784377244.429835
1249,78,1,sentinel,down,70,39,0,4.731367857519084,1784377246.772607,1784377249.103151,1784377247.937879,0.76231,-0.171274,-0.292106,-0.000609,0.001889,1,acq,20480,20480,0,16,True,False,1,1200000,8381618,False,-2411392,2549433,0,0,0,0,1,1,1784377246.772607
1250,78,2,sentinel,down,70,39,0,4.731367857519084,1784377249.103418,1784377251.4264681,1784377250.2649431,0.758372,-0.171106,-0.291834,-0.000542,0.001799,1,acq,20480,20480,0,16,True,False,1,1200000,8381618,False,-2472113,2595503,0,0,0,0,1,1,1784377249.103418
1251,78,3,sentinel,down,70,39,0,4.731367857519084,1784377251.4267058,1784377253.7595918,1784377252.5931487,0.756564,-0.171342,-0.292293,-0.000629,0.001765,1,acq,20480,20480,0,16,True,False,1,1200000,8381618,False,-2446029,2574500,0,0,0,0,1,1,1784377251.4267058
1252,78,4,sentinel,down,70,39,0,4.731367857519084,1784377253.759823,1784377256.094937,1784377254.92738,0.752199,-0.171045,-0.291696,-0.000537,0.001756,1,acq,20480,20480,0,16,True,False,1,1200000,8381618,False,-2468217,2542149,0,0,0,0,1,1,1784377253.759823
1253,78,5,sentinel,down,70,39,0,4.731367857519084,1784377256.095306,1784377258.421584,1784377257.2584448,0.749703,-0.171091,-0.291836,-0.000605,0.001784,1,acq,20480,20480,0,16,True,False,1,1200000,8381618,False,-2467032,2554260,0,0,0,0,1,1,1784377256.095306
1254,78,6,sentinel,down,70,39,0,4.731367857519084,1784377258.421803,1784377260.7469592,1784377259.584381,0.74687,-0.171012,-0.291752,-0.000566,0.001763,1,acq,20480,20480,0,16,True,False,1,1200000,8381618,False,-2459156,2535205,0,0,0,0,1,1,1784377258.421803
1255,78,7,sentinel,down,70,39,0,4.731367857519084,1784377260.747211,1784377263.0770078,1784377261.9121094,0.744002,-0.17091,-0.29172,-0.000602,0.001753,1,acq,20480,20480,0,16,True,False,1,1200000,8381618,False,-2467116,2581868,0,0,0,0,1,1,1784377260.747211
1256,78,8,sentinel,down,70,39,0,4.731367857519084,1784377263.0773408,1784377265.4115999,1784377264.2444704,0.74207,-0.171024,-0.291834,-0.00059,0.00175,1,acq,20480,20480,0,16,True,False,1,1200000,8381618,False,-2442133,2572806,0,0,0,0,1,1,1784377263.0773408
1257,78,9,sentinel,down,70,39,0,4.731367857519084,1784377265.411967,1784377267.7463849,1784377266.579176,0.738617,-0.170772,-0.291415,-0.000583,0.001774,1,acq,20480,20480,0,16,True,False,1,1200000,8381618,False,-2508867,2567979,0,0,0,0,1,1,1784377265.411967
1258,78,10,sentinel,down,70,39,0,4.731367857519084,1784377267.746586,1784377270.07371,1784377268.9101481,0.737086,-0.170908,-0.291718,-0.000602,0.001722,1,acq,20480,20480,0,16,True,False,1,1200000,8381618,False,-2433580,2543420,0,0,0,0,1,1,1784377267.746586
1259,78,11,sentinel,down,70,39,0,4.731367857519084,1784377270.073938,1784377272.406228,1784377271.240083,0.734841,-0.170841,-0.291742,-0.000496,0.001758,1,acq,20480,20480,0,16,True,False,1,1200000,8381618,False,-2439847,2535120,0,0,0,0,1,1,1784377270.073938
1260,78,12,sentinel,down,70,39,0,4.731367857519084,1784377272.4064598,1784377274.7432508,1784377273.5748553,0.732288,-0.170691,-0.291528,-0.000594,0.001745,1,acq,20480,20480,0,16,True,False,1,1200000,8381618,False,-2436205,2565862,0,0,0,0,1,1,1784377272.4064598
1261,78,13,sentinel,down,70,39,0,4.731367857519084,1784377274.7435122,1784377277.063543,1784377275.9035277,0.730287,-0.170851,-0.291568,-0.000553,0.001766,1,acq,20480,20480,0,16,True,False,1,1200000,8381618,False,-2448316,2527583,0,0,0,0,1,1,1784377274.7435122
1262,78,14,sentinel,down,70,39,0,4.731367857519084,1784377277.0638342,1784377279.397836,1784377278.230835,0.728013,-0.170746,-0.291508,-0.000582,0.001732,1,acq,20480,20480,0,16,True,False,1,1200000,8381618,False,-2463813,2544944,0,0,0,0,1,1,1784377277.0638342
1263,78,15,sentinel,down,70,39,0,4.731367857519084,1784377279.39808,1784377281.740437,1784377280.5692587,0.725949,-0.170733,-0.291464,-0.000564,0.00172,1,acq,20480,20480,0,16,True,False,1,1200000,8381618,False,-2467540,2550703,0,0,0,0,1,1,1784377279.39808
1264,79,0,sentinel,up,70,39,1,4.731367857519084,1784377294.440959,1784377296.767574,1784377295.6042666,0.713441,-0.170465,-0.290941,-0.000504,0.001692,1,acq,20480,20480,0,16,True,False,1,1200000,8381618,False,-2446961,2505988,0,0,0,0,1,1,1784377294.440959
1265,79,1,sentinel,up,70,39,1,4.731367857519084,1784377296.767822,1784377299.1030579,1784377297.93544,0.71185,-0.170511,-0.290904,-0.000533,0.00168,1,acq,20480,20480,0,16,True,False,1,1200000,8381618,False,-2446622,2534951,0,0,0,0,1,1,1784377296.767822
1266,79,2,sentinel,up,70,39,1,4.731367857519084,1784377299.103294,1784377301.4280698,1784377300.2656817,0.709776,-0.170381,-0.290772,-0.000509,0.001719,1,acq,20480,20480,0,16,True,False,1,1200000,8381618,False,-2463305,2571367,0,0,0,0,1,1,1784377299.103294
1267,79,3,sentinel,up,70,39,1,4.731367857519084,1784377301.4283562,1784377303.761409,1784377302.5948825,0.707525,-0.170222,-0.290557,-0.000563,0.001673,1,acq,20480,20480,0,16,True,False,1,1200000,8381618,False,-2456446,2560103,0,0,0,0,1,1,1784377301.4283562
1268,79,4,sentinel,up,70,39,1,4.731367857519084,1784377303.76168,1784377306.1018949,1784377304.9317875,0.706022,-0.170206,-0.290536,-0.000568,0.0017,1,acq,20480,20480,0,16,True,False,1,1200000,8381618,False,-2445013,2517505,0,0,0,0,1,1,1784377303.76168
1269,79,5,sentinel,up,70,39,1,4.731367857519084,1784377306.102114,1784377308.431294,1784377307.266704,0.704648,-0.170281,-0.29069,-0.000509,0.001666,1,acq,20480,20480,0,16,True,False,1,1200000,8381618,False,-2454921,2526059,0,0,0,0,1,1,1784377306.102114
1270,79,6,sentinel,up,70,39,1,4.731367857519084,1784377308.4316,1784377310.7595909,1784377309.5955954,0.703237,-0.170207,-0.290683,-0.000524,0.001661,1,acq,20480,20480,0,16,True,False,1,1200000,8381618,False,-2423248,2531648,0,0,0,0,1,1,1784377308.4316
1271,79,7,sentinel,up,70,39,1,4.731367857519084,1784377310.759834,1784377313.084525,1784377311.9221797,0.701021,-0.170107,-0.290365,-0.000541,0.001709,1,acq,20480,20480,0,16,True,False,1,1200000,8381618,False,-2440778,2500060,0,0,0,0,1,1,1784377310.759834
1272,79,8,sentinel,up,70,39,1,4.731367857519084,1784377313.084739,1784377315.4164622,1784377314.2506006,0.699832,-0.170087,-0.290453,-0.000546,0.001676,1,acq,20480,20480,0,16,True,False,1,1200000,8381618,False,-2433411,2567556,0,0,0,0,1,1,1784377313.084739
1273,79,9,sentinel,up,70,39,1,4.731367857519084,1784377315.416704,1784377317.756187,1784377316.5864453,0.69816,-0.170077,-0.290297,-0.000531,0.001633,1,acq,20480,20480,0,16,True,False,1,1200000,8381618,False,-2431717,2542827,0,0,0,0,1,1,1784377315.416704
1274,79,10,sentinel,up,70,39,1,4.731367857519084,1784377317.756454,1784377320.088166,1784377318.9223099,0.696555,-0.169995,-0.290253,-0.00055,0.00167,1,acq,20480,20480,0,16,True,False,1,1200000,8381618,False,-2434850,2497688,0,0,0,0,1,1,1784377317.756454
1275,79,11,sentinel,up,70,39,1,4.731367857519084,1784377320.088404,1784377322.42167,1784377321.2550368,0.695565,-0.170049,-0.290363,-0.000505,0.001681,1,acq,20480,20480,0,16,True,False,1,1200000,8381618,False,-2460002,2535120,0,0,0,0,1,1,1784377320.088404
1276,79,12,sentinel,up,70,39,1,4.731367857519084,1784377322.421908,1784377324.754994,1784377323.588451,0.693674,-0.169918,-0.290151,-0.00053,0.001687,1,acq,20480,20480,0,16,True,False,1,1200000,8381618,False,-2447638,2527329,0,0,0,0,1,1,1784377322.421908
1277,79,13,sentinel,up,70,39,1,4.731367857519084,1784377324.755203,1784377327.0881631,1784377325.921683,0.692736,-0.170037,-0.290275,-0.000468,0.001677,1,acq,20480,20480,0,16,True,False,1,1200000,8381618,False,-2437052,2519792,0,0,0,0,1,1,1784377324.755203
1278,79,14,sentinel,up,70,39,1,4.731367857519084,1784377327.0883892,1784377329.424103,1784377328.256246,0.691313,-0.16998,-0.290231,-0.000492,0.001643,1,acq,20480,20480,0,16,True,False,1,1200000,8381618,False,-2441371,2523433,0,0,0,0,1,1,1784377327.0883892
1279,79,15,sentinel,up,70,39,1,4.731367857519084,1784377329.4243462,1784377331.734669,1784377330.5795076,0.689192,-0.169775,-0.289884,-0.000498,0.001634,1,acq,20480,20480,0,16,True,False,1,1200000,8381618,False,-2450009,2506157,0,0,0,0,1,1,1784377329.4243462
1280,80,0,formal,up,75,40,0,5.384135238524578,1784377348.7367811,1784377351.06622,1784377349.9015007,0.392424,-0.149722,-0.255041,0.000776,-0.000707,1,acq,20480,20480,0,16,True,False,1,1200000,8381618,False,-2168932,2200435,0,0,0,0,1,1,1784377348.7367811
1281,80,1,formal,up,75,40,0,5.384135238524578,1784377351.066462,1784377353.404295,1784377352.2353785,0.39033,-0.14938,-0.254413,0.000793,-0.000742,1,acq,20480,20480,0,16,True,False,1,1200000,8381618,False,-2158600,2226011,0,0,0,0,1,1,1784377351.066462
1282,80,2,formal,up,75,40,0,5.384135238524578,1784377353.404547,1784377355.75141,1784377354.5779786,0.38888,-0.149298,-0.254333,0.000789,-0.000734,1,acq,20480,20480,0,16,True,False,1,1200000,8381618,False,-2206109,2181211,0,0,0,0,1,1,1784377353.404547
1283,80,3,formal,up,75,40,0,5.384135238524578,1784377355.751641,1784377358.0907679,1784377356.9212046,0.387197,-0.149063,-0.253976,0.000824,-0.000769,1,acq,20480,20480,0,16,True,False,1,1200000,8381618,False,-2150808,2187648,0,0,0,0,1,1,1784377355.751641
1284,80,4,formal,up,75,40,0,5.384135238524578,1784377358.091004,1784377360.4264488,1784377359.2587264,0.385706,-0.148806,-0.253648,0.000787,-0.000744,1,acq,20480,20480,0,16,True,False,1,1200000,8381618,False,-2159701,2207041,0,0,0,0,1,1,1784377358.091004
1285,80,5,formal,up,75,40,0,5.384135238524578,1784377360.426676,1784377362.7662878,1784377361.5964818,0.383879,-0.148488,-0.253054,0.000789,-0.000752,1,acq,20480,20480,0,16,True,False,1,1200000,8381618,False,-2154789,2178417,0,0,0,0,1,1,1784377360.426676
1286,80,6,formal,up,75,40,0,5.384135238524578,1784377362.766557,1784377365.111629,1784377363.939093,0.382534,-0.148418,-0.252891,0.000778,-0.00076,1,acq,20480,20480,0,16,True,False,1,1200000,8381618,False,-2149030,2169440,0,0,0,0,1,1,1784377362.766557
1287,80,7,formal,up,75,40,0,5.384135238524578,1784377365.1119208,1784377367.4398668,1784377366.2758937,0.380931,-0.14811,-0.25244,0.000816,-0.000736,1,acq,20480,20480,0,16,True,False,1,1200000,8381618,False,-2150639,2213308,0,0,0,0,1,1,1784377365.1119208
1288,80,8,formal,up,75,40,0,5.384135238524578,1784377367.440288,1784377369.761345,1784377368.6008165,0.379771,-0.147989,-0.252217,0.000803,-0.000739,1,acq,20480,20480,0,16,True,False,1,1200000,8381618,False,-2151571,2230076,0,0,0,0,1,1,1784377367.440288
1289,80,9,formal,up,75,40,0,5.384135238524578,1784377369.761575,1784377372.0783072,1784377370.919941,0.378312,-0.14779,-0.251922,0.000775,-0.000762,1,acq,20480,20480,0,16,True,False,1,1200000,8381618,False,-2139460,2197641,0,0,0,0,1,1,1784377369.761575
1290,80,10,formal,up,75,40,0,5.384135238524578,1784377372.078557,1784377374.414711,1784377373.246634,0.376978,-0.147582,-0.251659,0.000806,-0.000742,1,acq,20480,20480,0,16,True,False,1,1200000,8381618,False,-2147082,2175114,0,0,0,0,1,1,1784377372.078557
1291,80,11,formal,up,75,40,0,5.384135238524578,1784377374.414947,1784377376.755637,1784377375.5852919,0.375791,-0.147472,-0.25135,0.00082,-0.000753,1,acq,20480,20480,0,16,True,False,1,1200000,8381618,False,-2134718,2161733,0,0,0,0,1,1,1784377374.414947
1292,80,12,formal,up,75,40,0,5.384135238524578,1784377376.755904,1784377379.08296,1784377377.919432,0.374271,-0.147187,-0.250893,0.000806,-0.000751,1,acq,20480,20480,0,16,True,False,1,1200000,8381618,False,-2167322,2155128,0,0,0,0,1,1,1784377376.755904
1293,80,13,formal,up,75,40,0,5.384135238524578,1784377379.083209,1784377381.407709,1784377380.245459,0.373187,-0.147058,-0.250788,0.000786,-0.000776,1,acq,20480,20480,0,16,True,False,1,1200000,8381618,False,-2141323,2182820,0,0,0,0,1,1,1784377379.083209
1294,80,14,formal,up,75,40,0,5.384135238524578,1784377381.4079528,1784377383.756431,1784377382.582192,0.371965,-0.146914,-0.250463,0.000784,-0.000757,1,acq,20480,20480,0,16,True,False,1,1200000,8381618,False,-2168423,2171642,0,0,0,0,1,1,1784377381.4079528
1295,80,15,formal,up,75,40,0,5.384135238524578,1784377383.756703,1784377386.0932748,1784377384.9249887,0.370851,-0.146768,-0.250317,0.000798,-0.000773,1,acq,20480,20480,0,16,True,False,1,1200000,8381618,False,-2125148,2151063,0,0,0,0,1,1,1784377383.756703
1296,81,0,formal,down,75,40,1,5.384135238524578,1784377399.143323,1784377401.4718668,1784377400.3075948,0.363191,-0.145708,-0.248573,0.000801,-0.000761,1,acq,20480,20480,0,16,True,False,1,1200000,8381618,False,-2139714,2140731,0,0,0,0,1,1,1784377399.143323
1297,81,1,formal,down,75,40,1,5.384135238524578,1784377401.4721248,1784377403.8116312,1784377402.6418781,0.362174,-0.145569,-0.248369,0.000835,-0.000775,1,acq,20480,20480,0,16,True,False,1,1200000,8381618,False,-2125063,2123963,0,0,0,0,1,1,1784377401.4721248
1298,81,2,formal,down,75,40,1,5.384135238524578,1784377403.8118742,1784377406.149386,1784377404.98063,0.361124,-0.145328,-0.24799,0.000834,-0.000759,1,acq,20480,20480,0,16,True,False,1,1200000,8381618,False,-2105585,2140053,0,0,0,0,1,1,1784377403.8118742
1299,81,3,formal,down,75,40,1,5.384135238524578,1784377406.149649,1784377408.486469,1784377407.318059,0.359833,-0.145147,-0.247584,0.000811,-0.000824,1,acq,20480,20480,0,16,True,False,1,1200000,8381618,False,-2109904,2138613,0,0,0,0,1,1,1784377406.149649
1300,81,4,formal,down,75,40,1,5.384135238524578,1784377408.486748,1784377410.806127,1784377409.6464376,0.358764,-0.144986,-0.247337,0.000863,-0.000822,1,acq,20480,20480,0,16,True,False,1,1200000,8381618,False,-2126334,2128620,0,0,0,0,1,1,1784377408.486748
1301,81,5,formal,down,75,40,1,5.384135238524578,1784377410.8064,1784377413.1455958,1784377411.975998,0.357871,-0.144878,-0.247319,0.000808,-0.00078,1,acq,20480,20480,0,16,True,False,1,1200000,8381618,False,-2103468,2120152,0,0,0,0,1,1,1784377410.8064
1302,81,6,formal,down,75,40,1,5.384135238524578,1784377413.145847,1784377415.47776,1784377414.3118036,0.357149,-0.144886,-0.247166,0.000819,-0.000775,1,acq,20480,20480,0,16,True,False,1,1200000,8381618,False,-2140307,2115578,0,0,0,0,1,1,1784377413.145847
1303,81,7,formal,down,75,40,1,5.384135238524578,1784377415.478029,1784377417.812831,1784377416.64543,0.355905,-0.144594,-0.246698,0.000804,-0.000788,1,acq,20480,20480,0,16,True,False,1,1200000,8381618,False,-2100504,2121676,0,0,0,0,1,1,1784377415.478029
1304,81,8,formal,down,75,40,1,5.384135238524578,1784377417.813067,1784377420.1443388,1784377418.978703,0.355098,-0.144513,-0.246592,0.000809,-0.000828,1,acq,20480,20480,0,16,True,False,1,1200000,8381618,False,-2100927,2134803,0,0,0,0,1,1,1784377417.813067
1305,81,9,formal,down,75,40,1,5.384135238524578,1784377420.144649,1784377422.478705,1784377421.311677,0.354002,-0.144336,-0.246252,0.000813,-0.000812,1,acq,20480,20480,0,16,True,False,1,1200000,8381618,False,-2092459,2132770,0,0,0,0,1,1,1784377420.144649
1306,81,10,formal,down,75,40,1,5.384135238524578,1784377422.4789581,1784377424.815028,1784377423.6469932,0.352929,-0.144137,-0.246009,0.000847,-0.000867,1,acq,20480,20480,0,16,True,False,1,1200000,8381618,False,-2107025,2132939,0,0,0,0,1,1,1784377422.4789581
1307,81,11,formal,down,75,40,1,5.384135238524578,1784377424.815259,1784377427.138464,1784377425.9768615,0.352142,-0.144033,-0.245862,0.000824,-0.000841,1,acq,20480,20480,0,16,True,False,1,1200000,8381618,False,-2078739,2112784,0,0,0,0,1,1,1784377424.815259
1308,81,12,formal,down,75,40,1,5.384135238524578,1784377427.1387,1784377429.474852,1784377428.306776,0.351381,-0.143983,-0.245769,0.0008,-0.000822,1,acq,20480,20480,0,16,True,False,1,1200000,8381618,False,-2104908,2129637,0,0,0,0,1,1,1784377427.1387
1309,81,13,formal,down,75,40,1,5.384135238524578,1784377429.4750972,1784377431.805045,1784377430.640071,0.350321,-0.143815,-0.245365,0.00082,-0.000816,1,acq,20480,20480,0,16,True,False,1,1200000,8381618,False,-2098387,2127350,0,0,0,0,1,1,1784377429.4750972
1310,81,14,formal,down,75,40,1,5.384135238524578,1784377431.8052769,1784377434.13297,1784377432.9691234,0.349368,-0.143722,-0.245197,0.000839,-0.000857,1,acq,20480,20480,0,16,True,False,1,1200000,8381618,False,-2105755,2133532,0,0,0,0,1,1,1784377431.8052769
1311,81,15,formal,down,75,40,1,5.384135238524578,1784377434.133217,1784377436.467602,1784377435.3004096,0.348406,-0.143519,-0.2449,0.000828,-0.000839,1,acq,20480,20480,0,16,True,False,1,1200000,8381618,False,-2071372,2128705,0,0,0,0,1,1,1784377434.133217
1312,82,0,formal,down,5,41,0,-3.7546080955523307,1784377545.293205,1784377547.611077,1784377546.452141,0.013638,-0.032377,-0.055389,0.000973,-0.001561,1,acq,20480,20480,0,16,True,False,1,1200000,8381618,False,-556312,548860,0,0,0,0,1,1,1784377545.293205
1313,82,1,formal,down,5,41,0,-3.7546080955523307,1784377547.6113222,1784377549.930596,1784377548.7709591,0.014442,-0.033192,-0.056838,0.000971,-0.001566,1,acq,20480,20480,0,16,True,False,1,1200000,8381618,False,-580025,581210,0,0,0,0,1,1,1784377547.6113222
1314,82,2,formal,down,5,41,0,-3.7546080955523307,1784377549.9308841,1784377552.264889,1784377551.0978866,0.015208,-0.034059,-0.058253,0.000972,-0.001569,1,acq,20480,20480,0,16,True,False,1,1200000,8381618,False,-588409,592220,0,0,0,0,1,1,1784377549.9308841
1315,82,3,formal,down,5,41,0,-3.7546080955523307,1784377552.265126,1784377554.602165,1784377553.4336455,0.015967,-0.034761,-0.059515,0.000991,-0.001576,1,acq,20480,20480,0,16,True,False,1,1200000,8381618,False,-603822,581295,0,0,0,0,1,1,1784377552.265126
1316,82,4,formal,down,5,41,0,-3.7546080955523307,1784377554.602458,1784377556.937865,1784377555.7701616,0.016676,-0.035503,-0.060763,0.000976,-0.001564,1,acq,20480,20480,0,16,True,False,1,1200000,8381618,False,-610173,608310,0,0,0,0,1,1,1784377554.602458
1317,82,5,formal,down,5,41,0,-3.7546080955523307,1784377556.938108,1784377559.282769,1784377558.1104383,0.017425,-0.036171,-0.06202,0.001004,-0.001574,1,acq,20480,20480,0,16,True,False,1,1200000,8381618,False,-621437,611867,0,0,0,0,1,1,1784377556.938108
1318,82,6,formal,down,5,41,0,-3.7546080955523307,1784377559.2830122,1784377561.6123352,1784377560.4476738,0.018127,-0.036894,-0.063141,0.000992,-0.001584,1,acq,20480,20480,0,16,True,False,1,1200000,8381618,False,-626772,611613,0,0,0,0,1,1,1784377559.2830122
1319,82,7,formal,down,5,41,0,-3.7546080955523307,1784377561.612608,1784377563.9502878,1784377562.781448,0.01881,-0.037525,-0.064239,0.001002,-0.001546,1,acq,20480,20480,0,16,True,False,1,1200000,8381618,False,-635580,618981,0,0,0,0,1,1,1784377561.612608
1320,82,8,formal,down,5,41,0,-3.7546080955523307,1784377563.950594,1784377566.293099,1784377565.1218464,0.01949,-0.038141,-0.065302,0.000992,-0.001595,1,acq,20480,20480,0,16,True,False,1,1200000,8381618,False,-646420,640915,0,0,0,0,1,1,1784377563.950594
1321,82,9,formal,down,5,41,0,-3.7546080955523307,1784377566.29338,1784377568.626676,1784377567.4600282,0.020197,-0.038753,-0.066412,0.000991,-0.001583,1,acq,20480,20480,0,16,True,False,1,1200000,8381618,False,-647182,641169,0,0,0,0,1,1,1784377566.29338
1322,82,10,formal,down,5,41,0,-3.7546080955523307,1784377568.626982,1784377570.954905,1784377569.7909436,0.020814,-0.039291,-0.067322,0.001005,-0.001575,1,acq,20480,20480,0,16,True,False,1,1200000,8381618,False,-663865,651078,0,0,0,0,1,1,1784377568.626982
1323,82,11,formal,down,5,41,0,-3.7546080955523307,1784377570.955225,1784377573.29576,1784377572.1254926,0.021449,-0.039816,-0.068235,0.001026,-0.001567,1,acq,20480,20480,0,16,True,False,1,1200000,8381618,False,-657598,658276,0,0,0,0,1,1,1784377570.955225
1324,82,12,formal,down,5,41,0,-3.7546080955523307,1784377573.296065,1784377575.6399019,1784377574.4679835,0.02207,-0.04043,-0.069217,0.001011,-0.00158,1,acq,20480,20480,0,16,True,False,1,1200000,8381618,False,-680295,659123,0,0,0,0,1,1,1784377573.296065
1325,82,13,formal,down,5,41,0,-3.7546080955523307,1784377575.640142,1784377577.95582,1784377576.797981,0.022674,-0.040869,-0.069971,0.001012,-0.001562,1,acq,20480,20480,0,16,True,False,1,1200000,8381618,False,-697740,672249,0,0,0,0,1,1,1784377575.640142
1326,82,14,formal,down,5,41,0,-3.7546080955523307,1784377577.9560902,1784377580.290462,1784377579.1232762,0.023287,-0.041379,-0.070873,0.001002,-0.001561,1,acq,20480,20480,0,16,True,False,1,1200000,8381618,False,-682412,674705,0,0,0,0,1,1,1784377577.9560902
1327,82,15,formal,down,5,41,0,-3.7546080955523307,1784377580.2906828,1784377582.601978,1784377581.4463305,0.023861,-0.041873,-0.071739,0.001022,-0.001587,1,acq,20480,20480,0,16,True,False,1,1200000,8381618,False,-706717,680041,0,0,0,0,1,1,1784377580.2906828
1328,83,0,formal,up,5,41,1,-3.7546080955523307,1784377595.292314,1784377597.61499,1784377596.453652,0.027728,-0.044922,-0.076948,0.001031,-0.00158,1,acq,20480,20480,0,16,True,False,1,1200000,8381618,False,-749484,731785,0,0,0,0,1,1,1784377595.292314
1329,83,1,formal,up,5,41,1,-3.7546080955523307,1784377597.615229,1784377599.950458,1784377598.7828436,0.028268,-0.045294,-0.077644,0.001032,-0.00157,1,acq,20480,20480,0,16,True,False,1,1200000,8381618,False,-741947,736866,0,0,0,0,1,1,1784377597.615229
1330,83,2,formal,up,5,41,1,-3.7546080955523307,1784377599.9507048,1784377602.286981,1784377601.118843,0.028807,-0.045661,-0.078329,0.001032,-0.001553,1,acq,20480,20480,0,16,True,False,1,1200000,8381618,False,-750585,745165,0,0,0,0,1,1,1784377599.9507048
1331,83,3,formal,up,5,41,1,-3.7546080955523307,1784377602.287243,1784377604.626763,1784377603.457003,0.029348,-0.046098,-0.07898,0.001031,-0.001564,1,acq,20480,20480,0,16,True,False,1,1200000,8381618,False,-751093,750755,0,0,0,0,1,1,1784377602.287243
1332,83,4,formal,up,5,41,1,-3.7546080955523307,1784377604.627003,1784377606.967114,1784377605.7970586,0.029897,-0.046502,-0.079742,0.001026,-0.001581,1,acq,20480,20480,0,16,True,False,1,1200000,8381618,False,-769471,742963,0,0,0,0,1,1,1784377604.627003
1333,83,5,formal,up,5,41,1,-3.7546080955523307,1784377606.9674082,1784377609.300462,1784377608.133935,0.030447,-0.046899,-0.080409,0.001021,-0.001571,1,acq,20480,20480,0,16,True,False,1,1200000,8381618,False,-770063,764898,0,0,0,0,1,1,1784377606.9674082
1334,83,6,formal,up,5,41,1,-3.7546080955523307,1784377609.300674,1784377611.637198,1784377610.468936,0.030935,-0.047282,-0.080963,0.001027,-0.001559,1,acq,20480,20480,0,16,True,False,1,1200000,8381618,False,-787255,759308,0,0,0,0,1,1,1784377609.300674
1335,83,7,formal,up,5,41,1,-3.7546080955523307,1784377611.63744,1784377613.969036,1784377612.803238,0.031472,-0.047663,-0.081616,0.001029,-0.00155,1,acq,20480,20480,0,16,True,False,1,1200000,8381618,False,-774467,769386,0,0,0,0,1,1,1784377611.63744
1336,83,8,formal,up,5,41,1,-3.7546080955523307,1784377613.969281,1784377616.293761,1784377615.131521,0.032025,-0.048028,-0.082316,0.001036,-0.001578,1,acq,20480,20480,0,16,True,False,1,1200000,8381618,False,-804870,777770,0,0,0,0,1,1,1784377613.969281
1337,83,9,formal,up,5,41,1,-3.7546080955523307,1784377616.294122,1784377618.645105,1784377617.4696136,0.032546,-0.048395,-0.082903,0.001038,-0.001559,1,acq,20480,20480,0,16,True,False,1,1200000,8381618,False,-799027,779633,0,0,0,0,1,1,1784377616.294122
1338,83,10,formal,up,5,41,1,-3.7546080955523307,1784377618.645407,1784377620.978258,1784377619.8118324,0.033069,-0.048828,-0.083627,0.001037,-0.00157,1,acq,20480,20480,0,16,True,False,1,1200000,8381618,False,-790050,790727,0,0,0,0,1,1,1784377618.645407
1339,83,11,formal,up,5,41,1,-3.7546080955523307,1784377620.978539,1784377623.314208,1784377622.1463735,0.033564,-0.049075,-0.084171,0.00103,-0.001563,1,acq,20480,20480,0,16,True,False,1,1200000,8381618,False,-800551,796232,0,0,0,0,1,1,1784377620.978539
1340,83,12,formal,up,5,41,1,-3.7546080955523307,1784377623.314435,1784377625.643275,1784377624.4788551,0.034045,-0.049412,-0.084748,0.001039,-0.001581,1,acq,20480,20480,0,16,True,False,1,1200000,8381618,False,-800720,791066,0,0,0,0,1,1,1784377623.314435
1341,83,13,formal,up,5,41,1,-3.7546080955523307,1784377625.643518,1784377627.969495,1784377626.8065066,0.034538,-0.049743,-0.085283,0.001054,-0.001573,1,acq,20480,20480,0,16,True,False,1,1200000,8381618,False,-815795,787255,0,0,0,0,1,1,1784377625.643518
1342,83,14,formal,up,5,41,1,-3.7546080955523307,1784377627.96993,1784377630.312042,1784377629.140986,0.03507,-0.050127,-0.085967,0.001044,-0.001567,1,acq,20480,20480,0,16,True,False,1,1200000,8381618,False,-811052,795046,0,0,0,0,1,1,1784377627.96993
1343,83,15,formal,up,5,41,1,-3.7546080955523307,1784377630.312342,1784377632.6485498,1784377631.4804459,0.035534,-0.050473,-0.086428,0.00103,-0.001579,1,acq,20480,20480,0,16,True,False,1,1200000,8381618,False,-819944,820707,0,0,0,0,1,1,1784377630.312342
1344,84,0,formal,up,21,42,0,-1.6657524763347515,1784377664.014857,1784377666.3264918,1784377665.1706743,0.304914,0.136476,0.233074,0.000734,-0.001824,1,acq,20480,20480,0,16,True,False,1,1200000,8381618,False,-2036396,1987785,0,0,0,0,1,1,1784377664.014857
1345,84,1,formal,up,21,42,0,-1.6657524763347515,1784377666.3267431,1784377668.653378,1784377667.4900606,0.30526,0.136439,0.23314,0.000728,-0.001837,1,acq,20480,20480,0,16,True,False,1,1200000,8381618,False,-2043001,1962887,0,0,0,0,1,1,1784377666.3267431
1346,84,2,formal,up,21,42,0,-1.6657524763347515,1784377668.653636,1784377670.994087,1784377669.8238616,0.305855,0.136602,0.233473,0.000752,-0.001811,1,acq,20480,20480,0,16,True,False,1,1200000,8381618,False,-2053587,1971525,0,0,0,0,1,1,1784377668.653636
1347,84,3,formal,up,21,42,0,-1.6657524763347515,1784377670.994345,1784377673.321281,1784377672.157813,0.305975,0.136501,0.233341,0.000722,-0.001824,1,acq,20480,20480,0,16,True,False,1,1200000,8381618,False,-2037073,1981264,0,0,0,0,1,1,1784377670.994345
1348,84,4,formal,up,21,42,0,-1.6657524763347515,1784377673.3215182,1784377675.662962,1784377674.49224,0.306262,0.136674,0.233545,0.000754,-0.001808,1,acq,20480,20480,0,16,True,False,1,1200000,8381618,False,-2022930,2003706,0,0,0,0,1,1,1784377673.3215182
1349,84,5,formal,up,21,42,0,-1.6657524763347515,1784377675.663202,1784377677.9881878,1784377676.825695,0.306624,0.136684,0.233756,0.000766,-0.001794,1,acq,20480,20480,0,16,True,False,1,1200000,8381618,False,-2024963,1980417,0,0,0,0,1,1,1784377675.663202
1350,84,6,formal,up,21,42,0,-1.6657524763347515,1784377677.988461,1784377680.326686,1784377679.1575735,0.306737,0.136717,0.233825,0.000718,-0.001816,1,acq,20480,20480,0,16,True,False,1,1200000,8381618,False,-2027249,2003113,0,0,0,0,1,1,1784377677.988461
1351,84,7,formal,up,21,42,0,-1.6657524763347515,1784377680.327054,1784377682.661577,1784377681.4943156,0.30651,0.136598,0.233512,0.000749,-0.001808,1,acq,20480,20480,0,16,True,False,1,1200000,8381618,False,-2051639,1998286,0,0,0,0,1,1,1784377680.327054
1352,84,8,formal,up,21,42,0,-1.6657524763347515,1784377682.661867,1784377684.992982,1784377683.8274245,0.306766,0.136738,0.233764,0.000726,-0.001789,1,acq,20480,20480,0,16,True,False,1,1200000,8381618,False,-2035718,1987277,0,0,0,0,1,1,1784377682.661867
1353,84,9,formal,up,21,42,0,-1.6657524763347515,1784377684.993236,1784377687.3194811,1784377686.1563587,0.306615,0.136626,0.233688,0.000783,-0.00178,1,acq,20480,20480,0,16,True,False,1,1200000,8381618,False,-2042070,1970424,0,0,0,0,1,1,1784377684.993236
1354,84,10,formal,up,21,42,0,-1.6657524763347515,1784377687.319744,1784377689.663244,1784377688.4914942,0.306533,0.136513,0.23365,0.000758,-0.001803,1,acq,20480,20480,0,16,True,False,1,1200000,8381618,False,-2024370,1981095,0,0,0,0,1,1,1784377687.319744
1355,84,11,formal,up,21,42,0,-1.6657524763347515,1784377689.663487,1784377691.989534,1784377690.8265104,0.306581,0.136637,0.233688,0.00079,-0.00183,1,acq,20480,20480,0,16,True,False,1,1200000,8381618,False,-2050200,1983551,0,0,0,0,1,1,1784377689.663487
1356,84,12,formal,up,21,42,0,-1.6657524763347515,1784377691.98978,1784377694.315972,1784377693.152876,0.306314,0.13652,0.233603,0.000738,-0.001826,1,acq,20480,20480,0,16,True,False,1,1200000,8381618,False,-2024455,1986345,0,0,0,0,1,1,1784377691.98978
1357,84,13,formal,up,21,42,0,-1.6657524763347515,1784377694.316295,1784377696.6616588,1784377695.488977,0.306269,0.136567,0.233636,0.000745,-0.001816,1,acq,20480,20480,0,16,True,False,1,1200000,8381618,False,-2017680,1994729,0,0,0,0,1,1,1784377694.316295
1358,84,14,formal,up,21,42,0,-1.6657524763347515,1784377696.6621451,1784377698.993114,1784377697.8276296,0.306086,0.136457,0.233561,0.000758,-0.001827,1,acq,20480,20480,0,16,True,False,1,1200000,8381618,False,-2047913,1981518,0,0,0,0,1,1,1784377696.6621451
1359,84,15,formal,up,21,42,0,-1.6657524763347515,1784377698.993529,1784377701.333171,1784377700.16335,0.30607,0.136504,0.233658,0.000742,-0.001837,1,acq,20480,20480,0,16,True,False,1,1200000,8381618,False,-2029621,1984313,0,0,0,0,1,1,1784377698.993529
1360,85,0,formal,down,21,42,1,-1.6657524763347515,1784377714.035093,1784377716.378317,1784377715.206705,0.304831,0.136264,0.233243,0.000766,-0.001854,1,acq,20480,20480,0,16,True,False,1,1200000,8381618,False,-2019966,1996254,0,0,0,0,1,1,1784377714.035093
1361,85,1,formal,down,21,42,1,-1.6657524763347515,1784377716.378582,1784377718.719109,1784377717.5488455,0.304456,0.136093,0.233004,0.000772,-0.001817,1,acq,20480,20480,0,16,True,False,1,1200000,8381618,False,-2011074,1987362,0,0,0,0,1,1,1784377716.378582
1362,85,2,formal,down,21,42,1,-1.6657524763347515,1784377718.719372,1784377721.0453298,1784377719.882351,0.30421,0.136066,0.232966,0.000748,-0.001792,1,acq,20480,20480,0,16,True,False,1,1200000,8381618,False,-2011159,1979486,0,0,0,0,1,1,1784377718.719372
1363,85,3,formal,down,21,42,1,-1.6657524763347515,1784377721.045556,1784377723.378596,1784377722.2120762,0.304255,0.136203,0.233173,0.000756,-0.001801,1,acq,20480,20480,0,16,True,False,1,1200000,8381618,False,-2023692,1979909,0,0,0,0,1,1,1784377721.045556
1364,85,4,formal,down,21,42,1,-1.6657524763347515,1784377723.378844,1784377725.7201438,1784377724.5494938,0.303803,0.13602,0.232888,0.000764,-0.00181,1,acq,20480,20480,0,16,True,False,1,1200000,8381618,False,-2029959,1995238,0,0,0,0,1,1,1784377723.378844
1365,85,5,formal,down,21,42,1,-1.6657524763347515,1784377725.720371,1784377728.049835,1784377726.885103,0.303622,0.136046,0.232898,0.000794,-0.001849,1,acq,20480,20480,0,16,True,False,1,1200000,8381618,False,-2036904,1984906,0,0,0,0,1,1,1784377725.720371
1366,85,6,formal,down,21,42,1,-1.6657524763347515,1784377728.0502248,1784377730.3804631,1784377729.215344,0.303372,0.135993,0.232801,0.000777,-0.001806,1,acq,20480,20480,0,16,True,False,1,1200000,8381618,False,-2045288,1992189,0,0,0,0,1,1,1784377728.0502248
1367,85,7,formal,down,21,42,1,-1.6657524763347515,1784377730.3807008,1784377732.704888,1784377731.5427945,0.30305,0.135892,0.232711,0.000794,-0.001835,1,acq,20480,20480,0,16,True,False,1,1200000,8381618,False,-2021829,1993628,0,0,0,0,1,1,1784377730.3807008
1368,85,8,formal,down,21,42,1,-1.6657524763347515,1784377732.705226,1784377735.029633,1784377733.8674295,0.302766,0.135838,0.232632,0.000776,-0.001824,1,acq,20480,20480,0,16,True,False,1,1200000,8381618,False,-2005993,1967629,0,0,0,0,1,1,1784377732.705226
1369,85,9,formal,down,21,42,1,-1.6657524763347515,1784377735.029845,1784377737.361859,1784377736.195852,0.302527,0.135894,0.232625,0.00078,-0.001829,1,acq,20480,20480,0,16,True,False,1,1200000,8381618,False,-2033940,1959076,0,0,0,0,1,1,1784377735.029845
1370,85,10,formal,down,21,42,1,-1.6657524763347515,1784377737.362325,1784377739.701536,1784377738.5319304,0.302209,0.135788,0.232455,0.00075,-0.001824,1,acq,20480,20480,0,16,True,False,1,1200000,8381618,False,-2009888,1977538,0,0,0,0,1,1,1784377737.362325
1371,85,11,formal,down,21,42,1,-1.6657524763347515,1784377739.7019432,1784377742.040278,1784377740.8711104,0.302392,0.135879,0.232757,0.000809,-0.00182,1,acq,20480,20480,0,16,True,False,1,1200000,8381618,False,-2015562,1990834,0,0,0,0,1,1,1784377739.7019432
1372,85,12,formal,down,21,42,1,-1.6657524763347515,1784377742.040564,1784377744.385153,1784377743.2128587,0.301454,0.135527,0.232198,0.000782,-0.001796,1,acq,20480,20480,0,16,True,False,1,1200000,8381618,False,-2026487,1958991,0,0,0,0,1,1,1784377742.040564
1373,85,13,formal,down,21,42,1,-1.6657524763347515,1784377744.385389,1784377746.726676,1784377745.5560327,0.301208,0.135539,0.232134,0.00078,-0.001826,1,acq,20480,20480,0,16,True,False,1,1200000,8381618,False,-2018781,1973812,0,0,0,0,1,1,1784377744.385389
1374,85,14,formal,down,21,42,1,-1.6657524763347515,1784377746.726938,1784377749.059436,1784377747.893187,0.301108,0.135641,0.232261,0.000762,-0.001815,1,acq,20480,20480,0,16,True,False,1,1200000,8381618,False,-2011667,1978300,0,0,0,0,1,1,1784377746.726938
1375,85,15,formal,down,21,42,1,-1.6657524763347515,1784377749.059805,1784377751.401226,1784377750.2305155,0.300717,0.135463,0.231998,0.000748,-0.001811,1,acq,20480,20480,0,16,True,False,1,1200000,8381618,False,-2024793,1982619,0,0,0,0,1,1,1784377749.059805
1376,86,0,formal,down,59,43,0,3.2952796193069984,1784377817.2227762,1784377819.5675368,1784377818.3951564,1.2,-0.113093,-0.193913,-0.001108,0.002554,1,acq,20480,20480,0,16,True,False,1,1200000,8381618,False,-1759637,1798593,0,0,0,0,1,1,1784377817.2227762
1377,86,1,formal,down,59,43,0,3.2952796193069984,1784377819.567786,1784377821.893898,1784377820.730842,1.2,-0.113519,-0.194528,-0.001128,0.002544,1,acq,20480,20480,0,16,True,False,1,1200000,8381618,False,-1732029,1829335,0,0,0,0,1,1,1784377819.567786
1378,86,2,formal,down,59,43,0,3.2952796193069984,1784377821.894148,1784377824.2376618,1784377823.065905,1.2,-0.113871,-0.195369,-0.001124,0.002516,1,acq,20480,20480,0,16,True,False,1,1200000,8381618,False,-1729912,1793427,0,0,0,0,1,1,1784377821.894148
1379,86,3,formal,down,59,43,0,3.2952796193069984,1784377824.237945,1784377826.578345,1784377825.408145,1.2,-0.114372,-0.196125,-0.001101,0.002552,1,acq,20480,20480,0,16,True,False,1,1200000,8381618,False,-1755657,1776913,0,0,0,0,1,1,1784377824.237945
1380,86,4,formal,down,59,43,0,3.2952796193069984,1784377826.578584,1784377828.910524,1784377827.744554,1.2,-0.11469,-0.196665,-0.001127,0.002542,1,acq,20480,20480,0,16,True,False,1,1200000,8381618,False,-1733722,1814176,0,0,0,0,1,1,1784377826.578584
1381,86,5,formal,down,59,43,0,3.2952796193069984,1784377828.9107552,1784377831.236943,1784377830.0738492,1.2,-0.115036,-0.197268,-0.00111,0.002568,1,acq,20480,20480,0,16,True,False,1,1200000,8381618,False,-1809518,1805368,0,0,0,0,1,1,1784377828.9107552
1382,86,6,formal,down,59,43,0,3.2952796193069984,1784377831.237201,1784377833.568091,1784377832.402646,1.2,-0.115387,-0.19789,-0.001124,0.002565,1,acq,20480,20480,0,16,True,False,1,1200000,8381618,False,-1711196,1844917,0,0,0,0,1,1,1784377831.237201
1383,86,7,formal,down,59,43,0,3.2952796193069984,1784377833.568319,1784377835.9039931,1784377834.736156,1.2,-0.115678,-0.198436,-0.001116,0.002516,1,acq,20480,20480,0,16,True,False,1,1200000,8381618,False,-1812312,1857790,0,0,0,0,1,1,1784377833.568319
1384,86,8,formal,down,59,43,0,3.2952796193069984,1784377835.904255,1784377838.250368,1784377837.0773115,1.2,-0.11599,-0.19897,-0.001127,0.002553,1,acq,20480,20480,0,16,True,False,1,1200000,8381618,False,-1787330,1865581,0,0,0,0,1,1,1784377835.904255
1385,86,9,formal,down,59,43,0,3.2952796193069984,1784377838.250607,1784377840.594591,1784377839.4225988,1.2,-0.116278,-0.199469,-0.001113,0.002571,1,acq,20480,20480,0,16,True,False,1,1200000,8381618,False,-1716446,1805453,0,0,0,0,1,1,1784377838.250607
1386,86,10,formal,down,59,43,0,3.2952796193069984,1784377840.594836,1784377842.926788,1784377841.760812,1.2,-0.116479,-0.199883,-0.001106,0.002531,1,acq,20480,20480,0,16,True,False,1,1200000,8381618,False,-1835093,1839497,0,0,0,0,1,1,1784377840.594836
1387,86,11,formal,down,59,43,0,3.2952796193069984,1784377842.92709,1784377845.252218,1784377844.089654,1.2,-0.116837,-0.200437,-0.001141,0.002567,1,acq,20480,20480,0,16,True,False,1,1200000,8381618,False,-1785297,1878792,0,0,0,0,1,1,1784377842.92709
1388,86,12,formal,down,59,43,0,3.2952796193069984,1784377845.252495,1784377847.585909,1784377846.4192019,1.2,-0.11702,-0.200729,-0.001106,0.002545,1,acq,20480,20480,0,16,True,False,1,1200000,8381618,False,-1750829,1811635,0,0,0,0,1,1,1784377845.252495
1389,86,13,formal,down,59,43,0,3.2952796193069984,1784377847.5861561,1784377849.920388,1784377848.753272,1.2,-0.117391,-0.201368,-0.001103,0.002536,1,acq,20480,20480,0,16,True,False,1,1200000,8381618,False,-1750914,1853471,0,0,0,0,1,1,1784377847.5861561
1390,86,14,formal,down,59,43,0,3.2952796193069984,1784377849.920664,1784377852.259518,1784377851.090091,1.2,-0.11762,-0.201883,-0.001115,0.002558,1,acq,20480,20480,0,16,True,False,1,1200000,8381618,False,-1777252,1871848,0,0,0,0,1,1,1784377849.920664
1391,86,15,formal,down,59,43,0,3.2952796193069984,1784377852.259841,1784377854.607564,1784377853.4337025,1.2,-0.117943,-0.202333,-0.001106,0.002586,1,acq,20480,20480,0,16,True,False,1,1200000,8381618,False,-1741429,1849829,0,0,0,0,1,1,1784377852.259841
1392,87,0,formal,up,59,43,1,3.2952796193069984,1784377867.328383,1784377869.668606,1784377868.4984946,1.2,-0.11931,-0.204739,-0.001053,0.002569,1,acq,20480,20480,0,16,True,False,1,1200000,8381618,False,-1773610,1909788,0,0,0,0,1,1,1784377867.328383
1393,87,1,formal,up,59,43,1,3.2952796193069984,1784377869.66887,1784377871.991234,1784377870.830052,1.2,-0.119435,-0.205021,-0.001118,0.002568,1,acq,20480,20480,0,16,True,False,1,1200000,8381618,False,-1821289,1845256,0,0,0,0,1,1,1784377869.66887
1394,87,2,formal,up,59,43,1,3.2952796193069984,1784377871.991484,1784377874.3209221,1784377873.156203,1.2,-0.119546,-0.205291,-0.001085,0.002549,1,acq,20480,20480,0,16,True,False,1,1200000,8381618,False,-1853894,1892850,0,0,0,0,1,1,1784377871.991484
1395,87,3,formal,up,59,43,1,3.2952796193069984,1784377874.321176,1784377876.654915,1784377875.4880457,1.2,-0.119841,-0.205644,-0.001107,0.002564,1,acq,20480,20480,0,16,True,False,1,1200000,8381618,False,-1778014,1851862,0,0,0,0,1,1,1784377874.321176
1396,87,4,formal,up,59,43,1,3.2952796193069984,1784377876.656061,1784377878.982267,1784377877.8191638,1.2,-0.12001,-0.206111,-0.001115,0.002534,1,acq,20480,20480,0,16,True,False,1,1200000,8381618,False,-1763532,1954588,0,0,0,0,1,1,1784377876.656061
1397,87,5,formal,up,59,43,1,3.2952796193069984,1784377878.982529,1784377881.314234,1784377880.1483815,1.2,-0.120087,-0.206134,-0.001082,0.00258,1,acq,20480,20480,0,16,True,False,1,1200000,8381618,False,-1894459,1910973,0,0,0,0,1,1,1784377878.982529
1398,87,6,formal,up,59,43,1,3.2952796193069984,1784377881.314707,1784377883.649295,1784377882.482001,1.2,-0.120349,-0.206584,-0.001119,0.002577,1,acq,20480,20480,0,16,True,False,1,1200000,8381618,False,-1838481,1929351,0,0,0,0,1,1,1784377881.314707
1399,87,7,formal,up,59,43,1,3.2952796193069984,1784377883.649559,1784377885.98274,1784377884.8161495,1.2,-0.120519,-0.206913,-0.001123,0.002544,1,acq,20480,20480,0,16,True,False,1,1200000,8381618,False,-1825100,1930706,0,0,0,0,1,1,1784377883.649559
1400,87,8,formal,up,59,43,1,3.2952796193069984,1784377885.983011,1784377888.3293009,1784377887.156156,1.2,-0.120668,-0.207227,-0.001111,0.002561,1,acq,20480,20480,0,16,True,False,1,1200000,8381618,False,-1838820,1938497,0,0,0,0,1,1,1784377885.983011
1401,87,9,formal,up,59,43,1,3.2952796193069984,1784377888.3295941,1784377890.6694698,1784377889.499532,1.2,-0.12081,-0.207407,-0.001099,0.00255,1,acq,20480,20480,0,16,True,False,1,1200000,8381618,False,-1846272,1942985,0,0,0,0,1,1,1784377888.3295941
1402,87,10,formal,up,59,43,1,3.2952796193069984,1784377890.669926,1784377893.0094311,1784377891.8396785,1.2,-0.121006,-0.207726,-0.0011,0.002564,1,acq,20480,20480,0,16,True,False,1,1200000,8381618,False,-1914784,1895730,0,0,0,0,1,1,1784377890.669926
1403,87,11,formal,up,59,43,1,3.2952796193069984,1784377893.009949,1784377895.3340302,1784377894.1719894,1.2,-0.121117,-0.207993,-0.00108,0.002567,1,acq,20480,20480,0,16,True,False,1,1200000,8381618,False,-1820697,1932061,0,0,0,0,1,1,1784377893.009949
1404,87,12,formal,up,59,43,1,3.2952796193069984,1784377895.3343658,1784377897.6653152,1784377896.4998405,1.2,-0.121296,-0.208237,-0.001107,0.00255,1,acq,20480,20480,0,16,True,False,1,1200000,8381618,False,-1807231,1955688,0,0,0,0,1,1,1784377895.3343658
1405,87,13,formal,up,59,43,1,3.2952796193069984,1784377897.6655848,1784377900.0094771,1784377898.837531,1.2,-0.12145,-0.20856,-0.00111,0.002575,1,acq,20480,20480,0,16,True,False,1,1200000,8381618,False,-1857366,1896238,0,0,0,0,1,1,1784377897.6655848
1406,87,14,formal,up,59,43,1,3.2952796193069984,1784377900.009749,1784377902.3328,1784377901.1712744,1.2,-0.121724,-0.208949,-0.001122,0.002612,1,acq,20480,20480,0,16,True,False,1,1200000,8381618,False,-1859568,1929520,0,0,0,0,1,1,1784377900.009749
1407,87,15,formal,up,59,43,1,3.2952796193069984,1784377902.3330948,1784377904.666086,1784377903.4995904,1.2,-0.121757,-0.209164,-0.0011,0.002569,1,acq,20480,20480,0,16,True,False,1,1200000,8381618,False,-1859568,1945526,0,0,0,0,1,1,1784377902.3330948
1408,88,0,formal,up,47,44,0,1.728637904893814,1784377934.576252,1784377936.9056242,1784377935.7409382,1.2,0.016911,0.029088,-0.000797,0.001364,1,acq,20480,20480,0,16,True,False,1,1200000,8381618,False,-407686,424708,0,0,0,0,1,1,1784377934.576252
1409,88,1,formal,up,47,44,0,1.728637904893814,1784377936.9058838,1784377939.242698,1784377938.0742908,1.2,0.01704,0.029312,-0.000796,0.001388,1,acq,20480,20480,0,16,True,False,1,1200000,8381618,False,-406754,443678,0,0,0,0,1,1,1784377936.9058838
1410,88,2,formal,up,47,44,0,1.728637904893814,1784377939.2430038,1784377941.576719,1784377940.4098616,1.2,0.017128,0.029423,-0.000802,0.001341,1,acq,20480,20480,0,16,True,False,1,1200000,8381618,False,-406246,483989,0,0,0,0,1,1,1784377939.2430038
1411,88,3,formal,up,47,44,0,1.728637904893814,1784377941.5769548,1784377943.9179,1784377942.7474275,1.2,0.017108,0.029539,-0.00082,0.001383,1,acq,20480,20480,0,16,True,False,1,1200000,8381618,False,-407432,438088,0,0,0,0,1,1,1784377941.5769548
1412,88,4,formal,up,47,44,0,1.728637904893814,1784377943.9182458,1784377946.261612,1784377945.0899289,1.2,0.017228,0.029665,-0.000803,0.001382,1,acq,20480,20480,0,16,True,False,1,1200000,8381618,False,-543186,471117,0,0,0,0,1,1,1784377943.9182458
1413,88,5,formal,up,47,44,0,1.728637904893814,1784377946.261869,1784377948.5941298,1784377947.4279995,1.2,0.017245,0.029751,-0.00077,0.001393,1,acq,20480,20480,0,16,True,False,1,1200000,8381618,False,-436903,416747,0,0,0,0,1,1,1784377946.261869
1414,88,6,formal,up,47,44,0,1.728637904893814,1784377948.594441,1784377950.929867,1784377949.762154,1.2,0.017319,0.029834,-0.000793,0.001364,1,acq,20480,20480,0,16,True,False,1,1200000,8381618,False,-439528,493643,0,0,0,0,1,1,1784377948.594441
1415,88,7,formal,up,47,44,0,1.728637904893814,1784377950.930122,1784377953.2514381,1784377952.09078,1.2,0.017359,0.029908,-0.000802,0.001377,1,acq,20480,20480,0,16,True,False,1,1200000,8381618,False,-374403,479331,0,0,0,0,1,1,1784377950.930122
1416,88,8,formal,up,47,44,0,1.728637904893814,1784377953.2516952,1784377955.604785,1784377954.42824,1.2,0.017424,0.029968,-0.00081,0.00137,1,acq,20480,20480,0,16,True,False,1,1200000,8381618,False,-400826,496946,0,0,0,0,1,1,1784377953.2516952
1417,88,9,formal,up,47,44,0,1.728637904893814,1784377955.6050339,1784377957.95313,1784377956.7790818,1.2,0.017434,0.029978,-0.000783,0.001383,1,acq,20480,20480,0,16,True,False,1,1200000,8381618,False,-394136,448082,0,0,0,0,1,1,1784377955.6050339
1418,88,10,formal,up,47,44,0,1.728637904893814,1784377957.953381,1784377960.2998989,1784377959.1266398,1.2,0.017406,0.029984,-0.000828,0.001366,1,acq,20480,20480,0,16,True,False,1,1200000,8381618,False,-430975,421320,0,0,0,0,1,1,1784377957.953381
1419,88,11,formal,up,47,44,0,1.728637904893814,1784377960.30017,1784377962.628024,1784377961.464097,1.2,0.017458,0.029975,-0.000779,0.001346,1,acq,20480,20480,0,16,True,False,1,1200000,8381618,False,-513545,596793,0,0,0,0,1,1,1784377960.30017
1420,88,12,formal,up,47,44,0,1.728637904893814,1784377962.628269,1784377964.940691,1784377963.78448,1.2,0.017429,0.030124,-0.000818,0.001351,1,acq,20480,20480,0,16,True,False,1,1200000,8381618,False,-392357,401419,0,0,0,0,1,1,1784377962.628269
1421,88,13,formal,up,47,44,0,1.728637904893814,1784377964.940949,1784377967.2722838,1784377966.1066165,1.2,0.017449,0.030067,-0.000842,0.001385,1,acq,20480,20480,0,16,True,False,1,1200000,8381618,False,-413698,446049,0,0,0,0,1,1,1784377964.940949
1422,88,14,formal,up,47,44,0,1.728637904893814,1784377967.272656,1784377969.609194,1784377968.4409251,1.2,0.017451,0.030096,-0.000815,0.001393,1,acq,20480,20480,0,16,True,False,1,1200000,8381618,False,-469677,591966,0,0,0,0,1,1,1784377967.272656
1423,88,15,formal,up,47,44,0,1.728637904893814,1784377969.609479,1784377971.941998,1784377970.7757385,1.2,0.01749,0.030107,-0.000801,0.001349,1,acq,20480,20480,0,16,True,False,1,1200000,8381618,False,-435209,461462,0,0,0,0,1,1,1784377969.609479
1424,89,0,formal,down,47,44,1,1.728637904893814,1784377984.609043,1784377986.942129,1784377985.775586,1.2,0.017373,0.029939,-0.000839,0.001372,1,acq,20480,20480,0,16,True,False,1,1200000,8381618,False,-484412,451554,0,0,0,0,1,1,1784377984.609043
1425,89,1,formal,down,47,44,1,1.728637904893814,1784377986.942394,1784377989.2589052,1784377988.1006496,1.2,0.017379,0.0299,-0.000801,0.001359,1,acq,20480,20480,0,16,True,False,1,1200000,8381618,False,-375589,418102,0,0,0,0,1,1,1784377986.942394
1426,89,2,formal,down,47,44,1,1.728637904893814,1784377989.259153,1784377991.5838132,1784377990.421483,1.2,0.017335,0.029864,-0.000816,0.001371,1,acq,20480,20480,0,16,True,False,1,1200000,8381618,False,-421828,441053,0,0,0,0,1,1,1784377989.259153
1427,89,3,formal,down,47,44,1,1.728637904893814,1784377991.584417,1784377993.9203908,1784377992.752404,1.2,0.017272,0.029828,-0.000783,0.001347,1,acq,20480,20480,0,16,True,False,1,1200000,8381618,False,-419627,410142,0,0,0,0,1,1,1784377991.584417
1428,89,4,formal,down,47,44,1,1.728637904893814,1784377993.920647,1784377996.260959,1784377995.090803,1.2,0.017253,0.029759,-0.000805,0.00138,1,acq,20480,20480,0,16,True,False,1,1200000,8381618,False,-455111,502790,0,0,0,0,1,1,1784377993.920647
1429,89,5,formal,down,47,44,1,1.728637904893814,1784377996.2612212,1784377998.575436,1784377997.4183288,1.2,0.017313,0.02985,-0.000822,0.00136,1,acq,20480,20480,0,16,True,False,1,1200000,8381618,False,-471625,498894,0,0,0,0,1,1,1784377996.2612212
1430,89,6,formal,down,47,44,1,1.728637904893814,1784377998.575734,1784378000.913575,1784377999.7446544,1.2,0.017244,0.029778,-0.000827,0.001387,1,acq,20480,20480,0,16,True,False,1,1200000,8381618,False,-436733,477638,0,0,0,0,1,1,1784377998.575734
1431,89,7,formal,down,47,44,1,1.728637904893814,1784378000.9138188,1784378003.250892,1784378002.0823555,1.2,0.017217,0.029802,-0.000788,0.001395,1,acq,20480,20480,0,16,True,False,1,1200000,8381618,False,-403367,606108,0,0,0,0,1,1,1784378000.9138188
1432,89,8,formal,down,47,44,1,1.728637904893814,1784378003.2511392,1784378005.583781,1784378004.41746,1.2,0.017189,0.029689,-0.000801,0.00135,1,acq,20480,20480,0,16,True,False,1,1200000,8381618,False,-432076,515832,0,0,0,0,1,1,1784378003.2511392
1433,89,9,formal,down,47,44,1,1.728637904893814,1784378005.5840409,1784378007.925451,1784378006.754746,1.2,0.017201,0.029638,-0.000798,0.001354,1,acq,20480,20480,0,16,True,False,1,1200000,8381618,False,-443085,508210,0,0,0,0,1,1,1784378005.5840409
1434,89,10,formal,down,47,44,1,1.728637904893814,1784378007.925733,1784378010.258398,1784378009.0920656,1.2,0.01711,0.029631,-0.0008,0.001372,1,acq,20480,20480,0,16,True,False,1,1200000,8381618,False,-410904,472980,0,0,0,0,1,1,1784378007.925733
1435,89,11,formal,down,47,44,1,1.728637904893814,1784378010.258642,1784378012.583781,1784378011.4212115,1.2,0.017126,0.029588,-0.00079,0.001408,1,acq,20480,20480,0,16,True,False,1,1200000,8381618,False,-487546,471455,0,0,0,0,1,1,1784378010.258642
1436,89,12,formal,down,47,44,1,1.728637904893814,1784378012.584097,1784378014.926682,1784378013.7553895,1.2,0.017113,0.029536,-0.000801,0.001389,1,acq,20480,20480,0,16,True,False,1,1200000,8381618,False,-409549,492034,0,0,0,0,1,1,1784378012.584097
1437,89,13,formal,down,47,44,1,1.728637904893814,1784378014.9269388,1784378017.2667232,1784378016.0968308,1.2,0.0171,0.029513,-0.000794,0.001369,1,acq,20480,20480,0,16,True,False,1,1200000,8381618,False,-411327,421828,0,0,0,0,1,1,1784378014.9269388
1438,89,14,formal,down,47,44,1,1.728637904893814,1784378017.267034,1784378019.5908852,1784378018.4289596,1.2,0.017022,0.029406,-0.000793,0.00137,1,acq,20480,20480,0,16,True,False,1,1200000,8381618,False,-409718,478569,0,0,0,0,1,1,1784378017.267034
1439,89,15,formal,down,47,44,1,1.728637904893814,1784378019.591158,1784378021.925494,1784378020.758326,1.2,0.017024,0.029372,-0.000848,0.001377,1,acq,20480,20480,0,16,True,False,1,1200000,8381618,False,-388631,472556,0,0,0,0,1,1,1784378019.591158
1440,90,0,formal,down,33,45,0,-0.0991107619215672,1784378050.460747,1784378052.801554,1784378051.6311505,1.082886,0.159898,0.27407,-0.000469,0.000278,1,acq,20480,20480,0,16,True,False,1,1200000,8381618,False,-2350417,2354736,0,0,0,0,1,1,1784378050.460747
1441,90,1,formal,down,33,45,0,-0.0991107619215672,1784378052.801801,1784378055.144675,1784378053.973238,1.080903,0.159994,0.274221,-0.000464,0.000304,1,acq,20480,20480,0,16,True,False,1,1200000,8381618,False,-2374214,2392591,0,0,0,0,1,1,1784378052.801801
1442,90,2,formal,down,33,45,0,-0.0991107619215672,1784378055.1449769,1784378057.478218,1784378056.3115973,1.080476,0.16025,0.274674,-0.000456,0.000287,1,acq,20480,20480,0,16,True,False,1,1200000,8381618,False,-2418929,2417320,0,0,0,0,1,1,1784378055.1449769
1443,90,3,formal,down,33,45,0,-0.0991107619215672,1784378057.478455,1784378059.808928,1784378058.6436915,1.078451,0.160268,0.274707,-0.000506,0.000277,1,acq,20480,20480,0,16,True,False,1,1200000,8381618,False,-2401822,2433749,0,0,0,0,1,1,1784378057.478455
1444,90,4,formal,down,33,45,0,-0.0991107619215672,1784378059.809162,1784378062.151577,1784378060.9803696,1.078467,0.160519,0.27519,-0.000485,0.000311,1,acq,20480,20480,0,16,True,False,1,1200000,8381618,False,-2406311,2367100,0,0,0,0,1,1,1784378059.809162
1445,90,5,formal,down,33,45,0,-0.0991107619215672,1784378062.151835,1784378064.485705,1784378063.31877,1.07623,0.160415,0.275033,-0.000454,0.000294,1,acq,20480,20480,0,16,True,False,1,1200000,8381618,False,-2439169,2408513,0,0,0,0,1,1,1784378062.151835
1446,90,6,formal,down,33,45,0,-0.0991107619215672,1784378064.4859579,1784378066.819287,1784378065.6526225,1.075755,0.160571,0.275355,-0.000443,0.000287,1,acq,20480,20480,0,16,True,False,1,1200000,8381618,False,-2339492,2424264,0,0,0,0,1,1,1784378064.4859579
1447,90,7,formal,down,33,45,0,-0.0991107619215672,1784378066.8196712,1784378069.165471,1784378067.992571,1.074497,0.160568,0.275442,-0.000472,0.000276,1,acq,20480,20480,0,16,True,False,1,1200000,8381618,False,-2391914,2410206,0,0,0,0,1,1,1784378066.8196712
1448,90,8,formal,down,33,45,0,-0.0991107619215672,1784378069.165717,1784378071.502412,1784378070.3340645,1.073566,0.160628,0.275537,-0.00052,0.000297,1,acq,20480,20480,0,16,True,False,1,1200000,8381618,False,-2377940,2421216,0,0,0,0,1,1,1784378069.165717
1449,90,9,formal,down,33,45,0,-0.0991107619215672,1784378071.502648,1784378073.8343208,1784378072.6684844,1.07245,0.160725,0.275652,-0.000418,0.000289,1,acq,20480,20480,0,16,True,False,1,1200000,8381618,False,-2362866,2379803,0,0,0,0,1,1,1784378071.502648
1450,90,10,formal,down,33,45,0,-0.0991107619215672,1784378073.83456,1784378076.175605,1784378075.0050826,1.071549,0.160721,0.275765,-0.000438,0.000294,1,acq,20480,20480,0,16,True,False,1,1200000,8381618,False,-2391660,2397673,0,0,0,0,1,1,1784378073.83456
1451,90,11,formal,down,33,45,0,-0.0991107619215672,1784378076.1759622,1784378078.519804,1784378077.3478832,1.069262,0.160544,0.275466,-0.000439,0.000229,1,acq,20480,20480,0,16,True,False,1,1200000,8381618,False,-2386917,2416812,0,0,0,0,1,1,1784378076.1759622
1452,90,12,formal,down,33,45,0,-0.0991107619215672,1784378078.520051,1784378080.851827,1784378079.6859388,1.070466,0.160967,0.276261,-0.000474,0.000278,1,acq,20480,20480,0,16,True,False,1,1200000,8381618,False,-2401907,2384207,0,0,0,0,1,1,1784378078.520051
1453,90,13,formal,down,33,45,0,-0.0991107619215672,1784378080.852111,1784378083.192354,1784378082.0222325,1.069991,0.161039,0.27636,-0.000449,0.000279,1,acq,20480,20480,0,16,True,False,1,1200000,8381618,False,-2396656,2341355,0,0,0,0,1,1,1784378080.852111
1454,90,14,formal,down,33,45,0,-0.0991107619215672,1784378083.192768,1784378085.522868,1784378084.3578181,1.068181,0.160899,0.276187,-0.000434,0.000306,1,acq,20480,20480,0,16,True,False,1,1200000,8381618,False,-2395386,2388272,0,0,0,0,1,1,1784378083.192768
1455,90,15,formal,down,33,45,0,-0.0991107619215672,1784378085.523187,1784378087.857277,1784378086.6902318,1.068195,0.161037,0.27648,-0.000469,0.00026,1,acq,20480,20480,0,16,True,False,1,1200000,8381618,False,-2373621,2393015,0,0,0,0,1,1,1784378085.523187
1456,91,0,formal,up,33,45,1,-0.0991107619215672,1784378100.5213618,1784378102.8444061,1784378101.682884,1.063812,0.161269,0.276939,-0.000449,0.000303,1,acq,20480,20480,0,16,True,False,1,1200000,8381618,False,-2477194,2355159,0,0,0,0,1,1,1784378100.5213618
1457,91,1,formal,up,33,45,1,-0.0991107619215672,1784378102.844671,1784378105.1590972,1784378104.001884,1.063143,0.161293,0.276874,-0.00044,0.000237,1,acq,20480,20480,0,16,True,False,1,1200000,8381618,False,-2422909,2403855,0,0,0,0,1,1,1784378102.844671
1458,91,2,formal,up,33,45,1,-0.0991107619215672,1784378105.15939,1784378107.483166,1784378106.321278,1.06296,0.161443,0.277109,-0.000481,0.000242,1,acq,20480,20480,0,16,True,False,1,1200000,8381618,False,-2386748,2383022,0,0,0,0,1,1,1784378105.15939
1459,91,3,formal,up,33,45,1,-0.0991107619215672,1784378107.483409,1784378109.82194,1784378108.6526744,1.062283,0.161425,0.277235,-0.000471,0.000253,1,acq,20480,20480,0,16,True,False,1,1200000,8381618,False,-2391829,2428160,0,0,0,0,1,1,1784378107.483409
1460,91,4,formal,up,33,45,1,-0.0991107619215672,1784378109.822182,1784378111.987276,1784378110.904729,1.061178,-1.4e-05,-4e-05,-1.6e-05,1e-06,1,acq,20480,20480,0,16,True,False,1,1200000,8381618,False,-212142,213751,0,0,0,0,1,1,1784378109.822182
1461,91,5,formal,up,33,45,1,-0.0991107619215672,1784378111.987544,1784378114.1688051,1784378113.0781746,1.061503,-5.1e-05,-1.2e-05,1.4e-05,-4.7e-05,1,acq,20480,20480,0,16,True,False,1,1200000,8381618,False,-228826,308008,0,0,0,0,1,1,1784378111.987544
1462,91,6,formal,up,33,45,1,-0.0991107619215672,1784378114.169065,1784378116.340681,1784378115.254873,1.06139,-5e-06,6e-05,1e-05,-1.5e-05,1,acq,20480,20480,0,16,True,False,1,1200000,8381618,False,-179368,245509,0,0,0,0,1,1,1784378114.169065
1463,91,7,formal,up,33,45,1,-0.0991107619215672,1784378116.340938,1784378118.507354,1784378117.4241462,1.060705,1e-06,-1.6e-05,1.5e-05,1e-06,1,acq,20480,20480,0,16,True,False,1,1200000,8381618,False,-193596,190547,0,0,0,0,1,1,1784378116.340938
1464,91,8,formal,up,33,45,1,-0.0991107619215672,1784378118.507596,1784378120.67579,1784378119.591693,1.059801,2e-05,-2.4e-05,0.0,3e-06,1,acq,20480,20480,0,16,True,False,1,1200000,8381618,False,-195628,239666,0,0,0,0,1,1,1784378118.507596
1465,91,9,formal,up,33,45,1,-0.0991107619215672,1784378120.676096,1784378122.8500512,1784378121.7630734,1.06031,3e-06,-5e-06,3e-06,-1.1e-05,1,acq,20480,20480,0,16,True,False,1,1200000,8381618,False,-189785,193257,0,0,0,0,1,1,1784378120.676096
1466,91,10,formal,up,33,45,1,-0.0991107619215672,1784378122.850284,1784378125.023475,1784378123.9368796,1.05935,3.9e-05,8e-06,1.1e-05,1e-06,1,acq,20480,20480,0,16,True,False,1,1200000,8381618,False,-173948,247203,0,0,0,0,1,1,1784378122.850284
1467,91,11,formal,up,33,45,1,-0.0991107619215672,1784378125.023766,1784378127.200553,1784378126.1121595,1.058406,-2.2e-05,5e-05,7e-06,9e-06,1,acq,20480,20480,0,16,True,False,1,1200000,8381618,False,-167851,210703,0,0,0,0,1,1,1784378125.023766
1468,91,12,formal,up,33,45,1,-0.0991107619215672,1784378127.200796,1784378129.3828638,1784378128.2918298,1.058337,4.2e-05,-7e-06,-1.9e-05,1.9e-05,1,acq,20480,20480,0,16,True,False,1,1200000,8381618,False,-202488,179453,0,0,0,0,1,1,1784378127.200796
1469,91,13,formal,up,33,45,1,-0.0991107619215672,1784378129.3831198,1784378131.570862,1784378130.476991,1.058206,4.2e-05,3e-05,9e-06,3.1e-05,1,acq,20480,20480,0,16,True,False,1,1200000,8381618,False,-183518,212904,0,0,0,0,1,1,1784378129.3831198
1470,91,14,formal,up,33,45,1,-0.0991107619215672,1784378131.571105,1784378133.7466109,1784378132.6588578,1.057083,-4.7e-05,-2e-06,2e-06,1e-05,1,acq,20480,20480,0,16,True,False,1,1200000,8381618,False,-232213,168359,0,0,0,0,1,1,1784378131.571105
1471,91,15,formal,up,33,45,1,-0.0991107619215672,1784378133.746851,1784378135.931204,1784378134.8390274,1.058503,-1.2e-05,4.3e-05,-2.9e-05,2.4e-05,1,acq,20480,20480,0,16,True,False,1,1200000,8381618,False,-178860,199016,0,0,0,0,1,1,1784378133.746851
1472,92,0,sentinel,up,30,46,0,-0.4907711905248635,1784378152.942658,1784378155.282641,1784378154.1126494,0.877214,0.167479,0.286822,-0.001927,0.00244,1,acq,20480,20480,0,16,True,False,1,1200000,8381618,False,-2437052,2503108,0,0,0,0,1,1,1784378152.942658
1473,92,1,sentinel,up,30,46,0,-0.4907711905248635,1784378155.2831218,1784378157.615695,1784378156.4494085,0.876192,0.167452,0.286881,-0.001973,0.002444,1,acq,20480,20480,0,16,True,False,1,1200000,8381618,False,-2455006,2531140,0,0,0,0,1,1,1784378155.2831218
1474,92,2,sentinel,up,30,46,0,-0.4907711905248635,1784378157.615927,1784378159.9501288,1784378158.783028,0.875212,0.167453,0.286765,-0.001934,0.002397,1,acq,20480,20480,0,16,True,False,1,1200000,8381618,False,-2445606,2488373,0,0,0,0,1,1,1784378157.615927
1475,92,3,sentinel,up,30,46,0,-0.4907711905248635,1784378159.950429,1784378162.281683,1784378161.116056,0.874958,0.167471,0.286985,-0.001912,0.002426,1,acq,20480,20480,0,16,True,False,1,1200000,8381618,False,-2439677,2467032,0,0,0,0,1,1,1784378159.950429
1476,92,4,sentinel,up,30,46,0,-0.4907711905248635,1784378162.281919,1784378164.616683,1784378163.449301,0.87279,0.167178,0.286524,-0.001904,0.002439,1,acq,20480,20480,0,16,True,False,1,1200000,8381618,False,-2508444,2495402,0,0,0,0,1,1,1784378162.281919
1477,92,5,sentinel,up,30,46,0,-0.4907711905248635,1784378164.6169548,1784378166.951804,1784378165.7843795,0.873386,0.167433,0.287013,-0.001899,0.002475,1,acq,20480,20480,0,16,True,False,1,1200000,8381618,False,-2447977,2501161,0,0,0,0,1,1,1784378164.6169548
1478,92,6,sentinel,up,30,46,0,-0.4907711905248635,1784378166.9521012,1784378169.277316,1784378168.1147087,0.872399,0.167397,0.286907,-0.001898,0.002399,1,acq,20480,20480,0,16,True,False,1,1200000,8381618,False,-2464745,2461696,0,0,0,0,1,1,1784378166.9521012
1479,92,7,sentinel,up,30,46,0,-0.4907711905248635,1784378169.277625,1784378171.5916622,1784378170.4346437,0.871725,0.167387,0.286899,-0.001919,0.002451,1,acq,20480,20480,0,16,True,False,1,1200000,8381618,False,-2484985,2527414,0,0,0,0,1,1,1784378169.277625
1480,92,8,sentinel,up,30,46,0,-0.4907711905248635,1784378171.591888,1784378173.9198332,1784378172.7558606,0.870777,0.167267,0.286834,-0.001932,0.002421,1,acq,20480,20480,0,16,True,False,1,1200000,8381618,False,-2442896,2446283,0,0,0,0,1,1,1784378171.591888
1481,92,9,sentinel,up,30,46,0,-0.4907711905248635,1784378173.920077,1784378176.24644,1784378175.0832586,0.870819,0.167366,0.287027,-0.001907,0.00241,1,acq,20480,20480,0,16,True,False,1,1200000,8381618,False,-2429346,2501838,0,0,0,0,1,1,1784378173.920077
1482,92,10,sentinel,up,30,46,0,-0.4907711905248635,1784378176.246665,1784378178.575028,1784378177.4108465,0.869867,0.167336,0.286898,-0.001934,0.002379,1,acq,20480,20480,0,16,True,False,1,1200000,8381618,False,-2435020,2487611,0,0,0,0,1,1,1784378176.246665
1483,92,11,sentinel,up,30,46,0,-0.4907711905248635,1784378178.575249,1784378180.924424,1784378179.7498364,0.869895,0.167503,0.287223,-0.001919,0.002422,1,acq,20480,20480,0,16,True,False,1,1200000,8381618,False,-2478295,2490151,0,0,0,0,1,1,1784378178.575249
1484,92,12,sentinel,up,30,46,0,-0.4907711905248635,1784378180.924675,1784378183.25464,1784378182.0896575,0.868282,0.167214,0.286808,-0.001932,0.002429,1,acq,20480,20480,0,16,True,False,1,1200000,8381618,False,-2489982,2538847,0,0,0,0,1,1,1784378180.924675
1485,92,13,sentinel,up,30,46,0,-0.4907711905248635,1784378183.254934,1784378185.588165,1784378184.4215496,0.868725,0.16743,0.287188,-0.00189,0.002406,1,acq,20480,20480,0,16,True,False,1,1200000,8381618,False,-2445521,2464660,0,0,0,0,1,1,1784378183.254934
1486,92,14,sentinel,up,30,46,0,-0.4907711905248635,1784378185.5884101,1784378187.92662,1784378186.757515,0.868565,0.16746,0.287319,-0.001914,0.002416,1,acq,20480,20480,0,16,True,False,1,1200000,8381618,False,-2448993,2494301,0,0,0,0,1,1,1784378185.5884101
1487,92,15,sentinel,up,30,46,0,-0.4907711905248635,1784378187.92688,1784378190.260174,1784378189.0935268,0.867859,0.16748,0.287225,-0.001896,0.002401,1,acq,20480,20480,0,16,True,False,1,1200000,8381618,False,-2465507,2489304,0,0,0,0,1,1,1784378187.92688
1488,93,0,sentinel,down,30,46,1,-0.4907711905248635,1784378202.919491,1784378205.250085,1784378204.084788,0.865276,0.167538,0.287456,-0.001924,0.002418,1,acq,20480,20480,0,16,True,False,1,1200000,8381618,False,-2459156,2455683,0,0,0,0,1,1,1784378202.919491
1489,93,1,sentinel,down,30,46,1,-0.4907711905248635,1784378205.250342,1784378207.596599,1784378206.4234705,0.864694,0.167467,0.287422,-0.001917,0.002407,1,acq,20480,20480,0,16,True,False,1,1200000,8381618,False,-2462712,2521401,0,0,0,0,1,1,1784378205.250342
1490,93,2,sentinel,down,30,46,1,-0.4907711905248635,1784378207.5968168,1784378209.935227,1784378208.7660217,0.864318,0.167543,0.287431,-0.001939,0.002406,1,acq,20480,20480,0,16,True,False,1,1200000,8381618,False,-2461357,2504125,0,0,0,0,1,1,1784378207.5968168
1491,93,3,sentinel,down,30,46,1,-0.4907711905248635,1784378209.93547,1784378212.269408,1784378211.102439,0.863796,0.167453,0.287371,-0.001911,0.002398,1,acq,20480,20480,0,16,True,False,1,1200000,8381618,False,-2432310,2502008,0,0,0,0,1,1,1784378209.93547
1492,93,4,sentinel,down,30,46,1,-0.4907711905248635,1784378212.269662,1784378214.602468,1784378213.436065,0.862804,0.167357,0.287244,-0.001894,0.002419,1,acq,20480,20480,0,16,True,False,1,1200000,8381618,False,-2468048,2484901,0,0,0,0,1,1,1784378212.269662
1493,93,5,sentinel,down,30,46,1,-0.4907711905248635,1784378214.603115,1784378216.933481,1784378215.7682981,0.86245,0.1675,0.287271,-0.001922,0.002422,1,acq,20480,20480,0,16,True,False,1,1200000,8381618,False,-2425196,2501669,0,0,0,0,1,1,1784378214.603115
1494,93,6,sentinel,down,30,46,1,-0.4907711905248635,1784378216.9337358,1784378219.2667782,1784378218.100257,0.861619,0.167403,0.287172,-0.001916,0.002409,1,acq,20480,20480,0,16,True,False,1,1200000,8381618,False,-2449501,2477363,0,0,0,0,1,1,1784378216.9337358
1495,93,7,sentinel,down,30,46,1,-0.4907711905248635,1784378219.267009,1784378221.610084,1784378220.4385467,0.861908,0.16744,0.287375,-0.001911,0.002449,1,acq,20480,20480,0,16,True,False,1,1200000,8381618,False,-2473637,2487780,0,0,0,0,1,1,1784378219.267009
1496,93,8,sentinel,down,30,46,1,-0.4907711905248635,1784378221.610327,1784378223.946736,1784378222.7785316,0.862183,0.16762,0.287584,-0.001895,0.002393,1,acq,20480,20480,0,16,True,False,1,1200000,8381618,False,-2447892,2482699,0,0,0,0,1,1,1784378221.610327
1497,93,9,sentinel,down,30,46,1,-0.4907711905248635,1784378223.947053,1784378226.2889972,1784378225.118025,0.860098,0.167234,0.287124,-0.001886,0.002408,1,acq,20480,20480,0,16,True,False,1,1200000,8381618,False,-2499467,2565947,0,0,0,0,1,1,1784378223.947053
1498,93,10,sentinel,down,30,46,1,-0.4907711905248635,1784378226.289228,1784378228.6271732,1784378227.4582005,0.860255,0.167377,0.287298,-0.001968,0.002411,1,acq,20480,20480,0,16,True,False,1,1200000,8381618,False,-2468387,2535120,0,0,0,0,1,1,1784378226.289228
1499,93,11,sentinel,down,30,46,1,-0.4907711905248635,1784378228.6274052,1784378230.97452,1784378229.8009624,0.860659,0.167561,0.287614,-0.001876,0.002393,1,acq,20480,20480,0,16,True,False,1,1200000,8381618,False,-2442218,2455260,0,0,0,0,1,1,1784378228.6274052
1500,93,12,sentinel,down,30,46,1,-0.4907711905248635,1784378230.974772,1784378233.307743,1784378232.1412575,0.860016,0.167506,0.287517,-0.001912,0.002395,1,acq,20480,20480,0,16,True,False,1,1200000,8381618,False,-2443742,2491591,0,0,0,0,1,1,1784378230.974772
1501,93,13,sentinel,down,30,46,1,-0.4907711905248635,1784378233.307981,1784378235.6598349,1784378234.483908,0.859564,0.16745,0.287446,-0.001889,0.002414,1,acq,20480,20480,0,16,True,False,1,1200000,8381618,False,-2451703,2487611,0,0,0,0,1,1,1784378233.307981
1502,93,14,sentinel,down,30,46,1,-0.4907711905248635,1784378235.660054,1784378237.996206,1784378236.82813,0.859069,0.167458,0.287485,-0.001901,0.002439,1,acq,20480,20480,0,16,True,False,1,1200000,8381618,False,-2479227,2497519,0,0,0,0,1,1,1784378235.660054
1503,93,15,sentinel,down,30,46,1,-0.4907711905248635,1784378237.9964359,1784378240.331189,1784378239.1638124,0.859141,0.167513,0.287567,-0.001894,0.002395,1,acq,20480,20480,0,16,True,False,1,1200000,8381618,False,-2437814,2491676,0,0,0,0,1,1,1784378237.9964359
1504,94,0,sentinel,down,50,47,0,2.120298333497111,1784378281.759145,1784378284.093733,1784378282.926439,1.2,-0.012939,-0.022223,-0.000849,0.001559,1,acq,20480,20480,0,16,True,False,1,1200000,8381618,False,-392696,373811,0,0,0,0,1,1,1784378281.759145
1505,94,1,sentinel,down,50,47,0,2.120298333497111,1784378284.093963,1784378286.424329,1784378285.259146,1.2,-0.013289,-0.022924,-0.000836,0.001571,1,acq,20480,20480,0,16,True,False,1,1200000,8381618,False,-306484,347388,0,0,0,0,1,1,1784378284.093963
1506,94,2,sentinel,down,50,47,0,2.120298333497111,1784378286.424688,1784378288.754051,1784378287.5893695,1.2,-0.013639,-0.02351,-0.000859,0.001554,1,acq,20480,20480,0,16,True,False,1,1200000,8381618,False,-370592,397354,0,0,0,0,1,1,1784378286.424688
1507,94,3,sentinel,down,50,47,0,2.120298333497111,1784378288.7542882,1784378291.076113,1784378289.9152007,1.2,-0.013989,-0.024123,-0.000847,0.001565,1,acq,20480,20480,0,16,True,False,1,1200000,8381618,False,-476791,416239,0,0,0,0,1,1,1784378288.7542882
1508,94,4,sentinel,down,50,47,0,2.120298333497111,1784378291.07633,1784378293.407488,1784378292.241909,1.2,-0.014292,-0.024646,-0.000859,0.001559,1,acq,20480,20480,0,16,True,False,1,1200000,8381618,False,-391680,452655,0,0,0,0,1,1,1784378291.07633
1509,94,5,sentinel,down,50,47,0,2.120298333497111,1784378293.4077399,1784378295.754394,1784378294.581067,1.2,-0.014602,-0.025145,-0.000871,0.001523,1,acq,20480,20480,0,16,True,False,1,1200000,8381618,False,-398539,421828,0,0,0,0,1,1,1784378293.4077399
1510,94,6,sentinel,down,50,47,0,2.120298333497111,1784378295.754633,1784378298.094411,1784378296.924522,1.2,-0.014848,-0.025675,-0.000867,0.001546,1,acq,20480,20480,0,16,True,False,1,1200000,8381618,False,-393797,440798,0,0,0,0,1,1,1784378295.754633
1511,94,7,sentinel,down,50,47,0,2.120298333497111,1784378298.094672,1784378300.414727,1784378299.2546995,1.2,-0.015153,-0.02605,-0.000835,0.001562,1,acq,20480,20480,0,16,True,False,1,1200000,8381618,False,-437919,425131,0,0,0,0,1,1,1784378298.094672
1512,94,8,sentinel,down,50,47,0,2.120298333497111,1784378300.414964,1784378302.737337,1784378301.5761504,1.2,-0.015397,-0.026534,-0.000835,0.001578,1,acq,20480,20480,0,16,True,False,1,1200000,8381618,False,-411581,480009,0,0,0,0,1,1,1784378300.414964
1513,94,9,sentinel,down,50,47,0,2.120298333497111,1784378302.7376,1784378305.057206,1784378303.897403,1.2,-0.015622,-0.026899,-0.000813,0.00156,1,acq,20480,20480,0,16,True,False,1,1200000,8381618,False,-339851,513376,0,0,0,0,1,1,1784378302.7376
1514,94,10,sentinel,down,50,47,0,2.120298333497111,1784378305.057515,1784378307.376412,1784378306.2169633,1.2,-0.015835,-0.027316,-0.000832,0.001571,1,acq,20480,20480,0,16,True,False,1,1200000,8381618,False,-372202,433261,0,0,0,0,1,1,1784378305.057515
1515,94,11,sentinel,down,50,47,0,2.120298333497111,1784378307.3766642,1784378309.704402,1784378308.540533,1.2,-0.01606,-0.027617,-0.000852,0.001554,1,acq,20480,20480,0,16,True,False,1,1200000,8381618,False,-388885,404298,0,0,0,0,1,1,1784378307.3766642
1516,94,12,sentinel,down,50,47,0,2.120298333497111,1784378309.7047071,1784378312.024771,1784378310.864739,1.2,-0.016324,-0.02803,-0.000823,0.001551,1,acq,20480,20480,0,16,True,False,1,1200000,8381618,False,-470947,415477,0,0,0,0,1,1,1784378309.7047071
1517,94,13,sentinel,down,50,47,0,2.120298333497111,1784378312.025067,1784378314.345727,1784378313.1853971,1.2,-0.016476,-0.028379,-0.000842,0.001547,1,acq,20480,20480,0,16,True,False,1,1200000,8381618,False,-476367,481872,0,0,0,0,1,1,1784378312.025067
1518,94,14,sentinel,down,50,47,0,2.120298333497111,1784378314.34596,1784378316.667673,1784378315.5068164,1.2,-0.016656,-0.02872,-0.000852,0.001582,1,acq,20480,20480,0,16,True,False,1,1200000,8381618,False,-423268,425555,0,0,0,0,1,1,1784378314.34596
1519,94,15,sentinel,down,50,47,0,2.120298333497111,1784378316.667949,1784378318.9898639,1784378317.8289065,1.2,-0.016862,-0.029048,-0.000834,0.001554,1,acq,20480,20480,0,16,True,False,1,1200000,8381618,False,-417848,469677,0,0,0,0,1,1,1784378316.667949
1520,95,0,sentinel,up,50,47,1,2.120298333497111,1784378331.536452,1784378333.857067,1784378332.6967597,1.2,-0.017904,-0.03093,-0.000818,0.001568,1,acq,20480,20480,0,16,True,False,1,1200000,8381618,False,-382872,420812,0,0,0,0,1,1,1784378331.536452
1521,95,1,sentinel,up,50,47,1,2.120298333497111,1784378333.8573172,1784378336.173793,1784378335.0155551,1.2,-0.01807,-0.031217,-0.000802,0.001551,1,acq,20480,20480,0,16,True,False,1,1200000,8381618,False,-484667,532346,0,0,0,0,1,1,1784378333.8573172
1522,95,2,sentinel,up,50,47,1,2.120298333497111,1784378336.174056,1784378338.495581,1784378337.3348184,1.2,-0.018224,-0.031419,-0.000802,0.001557,1,acq,20480,20480,0,16,True,False,1,1200000,8381618,False,-449437,462309,0,0,0,0,1,1,1784378336.174056
1523,95,3,sentinel,up,50,47,1,2.120298333497111,1784378338.495816,1784378340.8132749,1784378339.6545453,1.2,-0.018347,-0.031688,-0.000813,0.001561,1,acq,20480,20480,0,16,True,False,1,1200000,8381618,False,-420473,453417,0,0,0,0,1,1,1784378338.495816
1524,95,4,sentinel,up,50,47,1,2.120298333497111,1784378340.813536,1784378343.1372092,1784378341.9753726,1.2,-0.018535,-0.032005,-0.000829,0.001542,1,acq,20480,20480,0,16,True,False,1,1200000,8381618,False,-427502,462902,0,0,0,0,1,1,1784378340.813536
1525,95,5,sentinel,up,50,47,1,2.120298333497111,1784378343.137465,1784378345.4536698,1784378344.2955675,1.2,-0.018709,-0.032233,-0.000816,0.001554,1,acq,20480,20480,0,16,True,False,1,1200000,8381618,False,-475690,596539,0,0,0,0,1,1,1784378343.137465
1526,95,6,sentinel,up,50,47,1,2.120298333497111,1784378345.453941,1784378347.774852,1784378346.6143966,1.2,-0.018811,-0.032405,-0.000847,0.001546,1,acq,20480,20480,0,16,True,False,1,1200000,8381618,False,-453417,558429,0,0,0,0,1,1,1784378345.453941
1527,95,7,sentinel,up,50,47,1,2.120298333497111,1784378347.7750888,1784378350.096359,1784378348.9357238,1.2,-0.018974,-0.032688,-0.000817,0.00157,1,acq,20480,20480,0,16,True,False,1,1200000,8381618,False,-481364,530737,0,0,0,0,1,1,1784378347.7750888
1528,95,8,sentinel,up,50,47,1,2.120298333497111,1784378350.096601,1784378352.415437,1784378351.256019,1.2,-0.019049,-0.032858,-0.000819,0.001574,1,acq,20480,20480,0,16,True,False,1,1200000,8381618,False,-405145,516340,0,0,0,0,1,1,1784378350.096601
1529,95,9,sentinel,up,50,47,1,2.120298333497111,1784378352.415693,1784378354.7383978,1784378353.5770454,1.2,-0.019218,-0.033137,-0.000826,0.001543,1,acq,20480,20480,0,16,True,False,1,1200000,8381618,False,-476960,462987,0,0,0,0,1,1,1784378352.415693
1530,95,10,sentinel,up,50,47,1,2.120298333497111,1784378354.738661,1784378357.064714,1784378355.9016876,1.2,-0.01938,-0.03336,-0.000834,0.001565,1,acq,20480,20480,0,16,True,False,1,1200000,8381618,False,-453247,446981,0,0,0,0,1,1,1784378354.738661
1531,95,11,sentinel,up,50,47,1,2.120298333497111,1784378357.064978,1784378359.387242,1784378358.22611,1.2,-0.019479,-0.033651,-0.000807,0.001562,1,acq,20480,20480,0,16,True,False,1,1200000,8381618,False,-401503,495507,0,0,0,0,1,1,1784378357.064978
1532,95,12,sentinel,up,50,47,1,2.120298333497111,1784378359.387549,1784378361.703328,1784378360.5454383,1.2,-0.019515,-0.033806,-0.000812,0.00152,1,acq,20480,20480,0,16,True,False,1,1200000,8381618,False,-465866,627450,0,0,0,0,1,1,1784378359.387549
1533,95,13,sentinel,up,50,47,1,2.120298333497111,1784378361.703617,1784378364.028055,1784378362.8658361,1.2,-0.019647,-0.03403,-0.000821,0.001573,1,acq,20480,20480,0,16,True,False,1,1200000,8381618,False,-428095,497878,0,0,0,0,1,1,1784378361.703617
1534,95,14,sentinel,up,50,47,1,2.120298333497111,1784378364.028332,1784378366.358737,1784378365.1935344,1.2,-0.019812,-0.034266,-0.00083,0.001585,1,acq,20480,20480,0,16,True,False,1,1200000,8381618,False,-459430,520151,0,0,0,0,1,1,1784378364.028332
1535,95,15,sentinel,up,50,47,1,2.120298333497111,1784378366.3589718,1784378368.671266,1784378367.515119,1.2,-0.019976,-0.034436,-0.000833,0.001539,1,acq,20480,20480,0,16,True,False,1,1200000,8381618,False,-469507,500588,0,0,0,0,1,1,1784378366.3589718
1536,96,0,formal,up,54,48,0,2.6425122383015047,1784378382.645409,1784378384.966681,1784378383.806045,1.2,-0.069717,-0.119745,-8.5e-05,0.000615,1,acq,20480,20480,0,16,True,False,1,1200000,8381618,False,-1153020,1128122,0,0,0,0,1,1,1784378382.645409
1537,96,1,formal,up,54,48,0,2.6425122383015047,1784378384.9669461,1784378387.284488,1784378386.1257172,1.2,-0.06981,-0.120084,-9.6e-05,0.000651,1,acq,20480,20480,0,16,True,False,1,1200000,8381618,False,-1170042,1202647,0,0,0,0,1,1,1784378384.9669461
1538,96,2,formal,up,54,48,0,2.6425122383015047,1784378387.284706,1784378389.6064398,1784378388.4455729,1.2,-0.070098,-0.120418,-9.7e-05,0.000658,1,acq,20480,20480,0,16,True,False,1,1200000,8381618,False,-1121093,1159118,0,0,0,0,1,1,1784378387.284706
1539,96,3,formal,up,54,48,0,2.6425122383015047,1784378389.606893,1784378391.9281878,1784378390.7675405,1.2,-0.070205,-0.120679,-8.4e-05,0.000635,1,acq,20480,20480,0,16,True,False,1,1200000,8381618,False,-1150988,1231610,0,0,0,0,1,1,1784378389.606893
1540,96,4,formal,up,54,48,0,2.6425122383015047,1784378391.9284391,1784378394.24258,1784378393.0855095,1.2,-0.070466,-0.121084,-9.9e-05,0.000627,1,acq,20480,20480,0,16,True,False,1,1200000,8381618,False,-1125327,1217976,0,0,0,0,1,1,1784378391.9284391
1541,96,5,formal,up,54,48,0,2.6425122383015047,1784378394.242784,1784378396.555786,1784378395.3992848,1.2,-0.070566,-0.121253,-0.00011,0.000634,1,acq,20480,20480,0,16,True,False,1,1200000,8381618,False,-1205611,1221024,0,0,0,0,1,1,1784378394.242784
1542,96,6,formal,up,54,48,0,2.6425122383015047,1784378396.556034,1784378398.878187,1784378397.7171106,1.2,-0.070719,-0.121654,-9e-05,0.000624,1,acq,20480,20480,0,16,True,False,1,1200000,8381618,False,-1152682,1296566,0,0,0,0,1,1,1784378396.556034
1543,96,7,formal,up,54,48,0,2.6425122383015047,1784378398.878409,1784378401.198056,1784378400.0382323,1.2,-0.070918,-0.121953,-8e-05,0.000642,1,acq,20480,20480,0,16,True,False,1,1200000,8381618,False,-1145907,1245668,0,0,0,0,1,1,1784378398.878409
1544,96,8,formal,up,54,48,0,2.6425122383015047,1784378401.198453,1784378403.516702,1784378402.3575773,1.2,-0.070937,-0.122042,-7e-05,0.000597,1,acq,20480,20480,0,16,True,False,1,1200000,8381618,False,-1119484,1223057,0,0,0,0,1,1,1784378401.198453
1545,96,9,formal,up,54,48,0,2.6425122383015047,1784378403.516923,1784378405.836971,1784378404.676947,1.2,-0.071222,-0.122379,-8.2e-05,0.000618,1,acq,20480,20480,0,16,True,False,1,1200000,8381618,False,-1163013,1257186,0,0,0,0,1,1,1784378403.516923
1546,96,10,formal,up,54,48,0,2.6425122383015047,1784378405.837635,1784378408.166158,1784378407.0018964,1.2,-0.071294,-0.122521,-0.000102,0.000615,1,acq,20480,20480,0,16,True,False,1,1200000,8381618,False,-1189267,1283524,0,0,0,0,1,1,1784378405.837635
1547,96,11,formal,up,54,48,0,2.6425122383015047,1784378408.1664221,1784378410.488271,1784378409.3273466,1.2,-0.071522,-0.123005,-5e-05,0.00061,1,acq,20480,20480,0,16,True,False,1,1200000,8381618,False,-1192315,1207305,0,0,0,0,1,1,1784378408.1664221
1548,96,12,formal,up,54,48,0,2.6425122383015047,1784378410.488527,1784378412.8063948,1784378411.647461,1.2,-0.071568,-0.123217,-6.8e-05,0.000601,1,acq,20480,20480,0,16,True,False,1,1200000,8381618,False,-1163522,1206628,0,0,0,0,1,1,1784378410.488527
1549,96,13,formal,up,54,48,0,2.6425122383015047,1784378412.8066912,1784378415.120752,1784378413.9637218,1.2,-0.071696,-0.123324,-6.5e-05,0.00061,1,acq,20480,20480,0,16,True,False,1,1200000,8381618,False,-1160812,1275817,0,0,0,0,1,1,1784378412.8066912
1550,96,14,formal,up,54,48,0,2.6425122383015047,1784378415.1210098,1784378417.4448278,1784378416.282919,1.2,-0.071772,-0.123627,-8e-05,0.000601,1,acq,20480,20480,0,16,True,False,1,1200000,8381618,False,-1199429,1225682,0,0,0,0,1,1,1784378415.1210098
1551,96,15,formal,up,54,48,0,2.6425122383015047,1784378417.4451468,1784378419.768903,1784378418.607025,1.2,-0.07192,-0.123827,-6.5e-05,0.000609,1,acq,20480,20480,0,16,True,False,1,1200000,8381618,False,-1127868,1180798,0,0,0,0,1,1,1784378417.4451468
1552,97,0,formal,down,54,48,1,2.6425122383015047,1784378432.3319921,1784378434.6538959,1784378433.492944,1.2,-0.072827,-0.125249,-2.3e-05,0.000611,1,acq,20480,20480,0,16,True,False,1,1200000,8381618,False,-1218314,1200953,0,0,0,0,1,1,1784378432.3319921
1553,97,1,formal,down,54,48,1,2.6425122383015047,1784378434.6541498,1784378436.969841,1784378435.8119955,1.2,-0.072817,-0.125385,-4.8e-05,0.000627,1,acq,20480,20480,0,16,True,False,1,1200000,8381618,False,-1213911,1188250,0,0,0,0,1,1,1784378434.6541498
1554,97,2,formal,down,54,48,1,2.6425122383015047,1784378436.970143,1784378439.292562,1784378438.1313524,1.2,-0.072958,-0.125619,-8.6e-05,0.000589,1,acq,20480,20480,0,16,True,False,1,1200000,8381618,False,-1182153,1259557,0,0,0,0,1,1,1784378436.970143
1555,97,3,formal,down,54,48,1,2.6425122383015047,1784378439.2927969,1784378441.611539,1784378440.452168,1.2,-0.073106,-0.125835,-5.4e-05,0.000568,1,acq,20480,20480,0,16,True,False,1,1200000,8381618,False,-1200107,1283693,0,0,0,0,1,1,1784378439.2927969
1556,97,4,formal,down,54,48,1,2.6425122383015047,1784378441.611763,1784378443.926217,1784378442.76899,1.2,-0.07322,-0.126009,-3.4e-05,0.000578,1,acq,20480,20480,0,16,True,False,1,1200000,8381618,False,-1177918,1204002,0,0,0,0,1,1,1784378441.611763
1557,97,5,formal,down,54,48,1,2.6425122383015047,1784378443.9264472,1784378446.250041,1784378445.088244,1.2,-0.073262,-0.12608,-8.6e-05,0.000589,1,acq,20480,20480,0,16,True,False,1,1200000,8381618,False,-1210184,1284201,0,0,0,0,1,1,1784378443.9264472
1558,97,6,formal,down,54,48,1,2.6425122383015047,1784378446.250307,1784378448.5619142,1784378447.4061108,1.2,-0.073351,-0.126336,-4.2e-05,0.000576,1,acq,20480,20480,0,16,True,False,1,1200000,8381618,False,-1188335,1349495,0,0,0,0,1,1,1784378446.250307
1559,97,7,formal,down,54,48,1,2.6425122383015047,1784378448.562166,1784378450.884764,1784378449.723465,1.2,-0.073454,-0.126503,-9e-06,0.000565,1,acq,20480,20480,0,16,True,False,1,1200000,8381618,False,-1151919,1200615,0,0,0,0,1,1,1784378448.562166
1560,97,8,formal,down,54,48,1,2.6425122383015047,1784378450.8849862,1784378453.204155,1784378452.0445704,1.2,-0.073552,-0.126663,-3.9e-05,0.00059,1,acq,20480,20480,0,16,True,False,1,1200000,8381618,False,-1174785,1206289,0,0,0,0,1,1,1784378450.8849862
1561,97,9,formal,down,54,48,1,2.6425122383015047,1784378453.20441,1784378455.5279732,1784378454.3661916,1.2,-0.073645,-0.126748,-1.9e-05,0.000567,1,acq,20480,20480,0,16,True,False,1,1200000,8381618,False,-1200615,1217213,0,0,0,0,1,1,1784378453.20441
1562,97,10,formal,down,54,48,1,2.6425122383015047,1784378455.528248,1784378457.851093,1784378456.6896706,1.2,-0.073814,-0.126985,-2.8e-05,0.000588,1,acq,20480,20480,0,16,True,False,1,1200000,8381618,False,-1204764,1266925,0,0,0,0,1,1,1784378455.528248
1563,97,11,formal,down,54,48,1,2.6425122383015047,1784378457.8513532,1784378460.16358,1784378459.0074666,1.2,-0.073812,-0.127033,-7.8e-05,0.000589,1,acq,20480,20480,0,16,True,False,1,1200000,8381618,False,-1181560,1267264,0,0,0,0,1,1,1784378457.8513532
1564,97,12,formal,down,54,48,1,2.6425122383015047,1784378460.1638389,1784378462.4803898,1784378461.3221145,1.2,-0.073851,-0.127223,-4.1e-05,0.000578,1,acq,20480,20480,0,16,True,False,1,1200000,8381618,False,-1236437,1232711,0,0,0,0,1,1,1784378460.1638389
1565,97,13,formal,down,54,48,1,2.6425122383015047,1784378462.480642,1784378464.8023748,1784378463.6415086,1.2,-0.074031,-0.127545,-7.3e-05,0.00053,1,acq,20480,20480,0,16,True,False,1,1200000,8381618,False,-1249141,1245076,0,0,0,0,1,1,1784378462.480642
1566,97,14,formal,down,54,48,1,2.6425122383015047,1784378464.802613,1784378467.1237628,1784378465.963188,1.2,-0.074082,-0.127577,-2.9e-05,0.000599,1,acq,20480,20480,0,16,True,False,1,1200000,8381618,False,-1228477,1245330,0,0,0,0,1,1,1784378464.802613
1567,97,15,formal,down,54,48,1,2.6425122383015047,1784378467.124042,1784378469.448203,1784378468.2861226,1.2,-0.0742,-0.12787,-3.6e-05,0.000589,1,acq,20480,20480,0,16,True,False,1,1200000,8381618,False,-1225852,1279628,0,0,0,0,1,1,1784378467.124042
1568,98,0,formal,down,26,49,0,-1.0129850953292583,1784378517.5311282,1784378519.847542,1784378518.689335,0.672405,0.170998,0.292459,-0.000127,-0.000299,1,acq,20480,20480,0,16,True,False,1,1200000,8381618,False,-2505480,2503363,0,0,0,0,1,1,1784378517.5311282
1569,98,1,formal,down,26,49,0,-1.0129850953292583,1784378519.8479,1784378522.1697412,1784378521.0088205,0.669868,0.170854,0.292281,-0.000135,-0.000353,1,acq,20480,20480,0,16,True,False,1,1200000,8381618,False,-2478464,2522587,0,0,0,0,1,1,1784378519.8479
1570,98,2,formal,down,26,49,0,-1.0129850953292583,1784378522.169971,1784378524.4808588,1784378523.325415,0.668029,0.170927,0.29235,-0.000155,-0.000326,1,acq,20480,20480,0,16,True,False,1,1200000,8381618,False,-2506411,2511747,0,0,0,0,1,1,1784378522.169971
1571,98,3,formal,down,26,49,0,-1.0129850953292583,1784378524.481127,1784378526.8002071,1784378525.640667,0.665947,0.170783,0.292309,-0.000122,-0.000352,1,acq,20480,20480,0,16,True,False,1,1200000,8381618,False,-2531648,2516066,0,0,0,0,1,1,1784378524.481127
1572,98,4,formal,down,26,49,0,-1.0129850953292583,1784378526.8006709,1784378529.1225338,1784378527.9616022,0.663443,0.170542,0.291973,-0.000169,-0.000337,1,acq,20480,20480,0,16,True,False,1,1200000,8381618,False,-2512763,2490151,0,0,0,0,1,1,1784378526.8006709
1573,98,5,formal,down,26,49,0,-1.0129850953292583,1784378529.122786,1784378531.4475808,1784378530.2851834,0.662428,0.170662,0.292114,-0.000128,-0.000399,1,acq,20480,20480,0,16,True,False,1,1200000,8381618,False,-2488542,2516658,0,0,0,0,1,1,1784378529.122786
1574,98,6,formal,down,26,49,0,-1.0129850953292583,1784378531.44785,1784378533.764451,1784378532.6061506,0.66092,0.170698,0.292157,-0.000146,-0.000392,1,acq,20480,20480,0,16,True,False,1,1200000,8381618,False,-2522417,2488542,0,0,0,0,1,1,1784378531.44785
1575,98,7,formal,down,26,49,0,-1.0129850953292583,1784378533.764822,1784378536.085672,1784378534.925247,0.658817,0.170452,0.291884,-0.000124,-0.000354,1,acq,20480,20480,0,16,True,False,1,1200000,8381618,False,-2501669,2471859,0,0,0,0,1,1,1784378533.764822
1576,98,8,formal,down,26,49,0,-1.0129850953292583,1784378536.08591,1784378538.411034,1784378537.2484722,0.657192,0.170409,0.291793,-0.000113,-0.000347,1,acq,20480,20480,0,16,True,False,1,1200000,8381618,False,-2491676,2528007,0,0,0,0,1,1,1784378536.08591
1577,98,9,formal,down,26,49,0,-1.0129850953292583,1784378538.4112918,1784378540.727253,1784378539.5692725,0.655628,0.170334,0.29169,-0.000144,-0.000354,1,acq,20480,20480,0,16,True,False,1,1200000,8381618,False,-2514457,2502177,0,0,0,0,1,1,1784378538.4112918
1578,98,10,formal,down,26,49,0,-1.0129850953292583,1784378540.7274969,1784378543.052929,1784378541.890213,0.654626,0.170383,0.291842,-0.000108,-0.000378,1,acq,20480,20480,0,16,True,False,1,1200000,8381618,False,-2496164,2471689,0,0,0,0,1,1,1784378540.7274969
1579,98,11,formal,down,26,49,0,-1.0129850953292583,1784378543.05321,1784378545.3676229,1784378544.2104163,0.652973,0.170238,0.291523,-0.000134,-0.000423,1,acq,20480,20480,0,16,True,False,1,1200000,8381618,False,-2494724,2500991,0,0,0,0,1,1,1784378543.05321
1580,98,12,formal,down,26,49,0,-1.0129850953292583,1784378545.367892,1784378547.692757,1784378546.5303245,0.651248,0.170094,0.291259,-9.7e-05,-0.000441,1,acq,20480,20480,0,16,True,False,1,1200000,8381618,False,-2489304,2481598,0,0,0,0,1,1,1784378545.367892
1581,98,13,formal,down,26,49,0,-1.0129850953292583,1784378547.6932108,1784378550.009006,1784378548.8511086,0.650154,0.170083,0.291405,-0.000167,-0.000375,1,acq,20480,20480,0,16,True,False,1,1200000,8381618,False,-2524619,2484647,0,0,0,0,1,1,1784378547.6932108
1582,98,14,formal,down,26,49,0,-1.0129850953292583,1784378550.009239,1784378552.3337631,1784378551.1715012,0.648972,0.170024,0.291304,-0.000141,-0.000368,1,acq,20480,20480,0,16,True,False,1,1200000,8381618,False,-2541302,2502770,0,0,0,0,1,1,1784378550.009239
1583,98,15,formal,down,26,49,0,-1.0129850953292583,1784378552.334054,1784378554.652406,1784378553.4932299,0.648011,0.170065,0.291297,-0.000111,-0.000337,1,acq,20480,20480,0,16,True,False,1,1200000,8381618,False,-2508698,2493793,0,0,0,0,1,1,1784378552.334054
1584,99,0,formal,up,26,49,1,-1.0129850953292583,1784378567.2061388,1784378569.523275,1784378568.364707,0.640825,0.169737,0.29072,-8.2e-05,-0.000417,1,acq,20480,20480,0,16,True,False,1,1200000,8381618,False,-2487187,2477787,0,0,0,0,1,1,1784378567.2061388
1585,99,1,formal,up,26,49,1,-1.0129850953292583,1784378569.523529,1784378571.844335,1784378570.683932,0.64,0.169772,0.290782,-0.000127,-0.000419,1,acq,20480,20480,0,16,True,False,1,1200000,8381618,False,-2514457,2478210,0,0,0,0,1,1,1784378569.523529
1586,99,2,formal,up,26,49,1,-1.0129850953292583,1784378571.8445609,1784378574.166155,1784378573.005358,0.639112,0.169702,0.29072,-0.000124,-0.000363,1,acq,20480,20480,0,16,True,False,1,1200000,8381618,False,-2480327,2485070,0,0,0,0,1,1,1784378571.8445609
1587,99,3,formal,up,26,49,1,-1.0129850953292583,1784378574.166411,1784378576.4767208,1784378575.3215659,0.637994,0.169573,0.290546,-0.000119,-0.000415,1,acq,20480,20480,0,16,True,False,1,1200000,8381618,False,-2479735,2464237,0,0,0,0,1,1,1784378574.166411
1588,99,4,formal,up,26,49,1,-1.0129850953292583,1784378576.4769962,1784378578.793961,1784378577.6354785,0.637021,0.169471,0.290433,-0.000147,-0.00041,1,acq,20480,20480,0,16,True,False,1,1200000,8381618,False,-2472367,2475754,0,0,0,0,1,1,1784378576.4769962
1589,99,5,formal,up,26,49,1,-1.0129850953292583,1784378578.794194,1784378581.1142669,1784378579.9542303,0.636075,0.169505,0.290438,-8.7e-05,-0.000436,1,acq,20480,20480,0,16,True,False,1,1200000,8381618,False,-2506496,2490151,0,0,0,0,1,1,1784378578.794194
1590,99,6,formal,up,26,49,1,-1.0129850953292583,1784378581.114542,1784378583.441141,1784378582.2778416,0.63557,0.169542,0.290451,-0.000113,-0.000433,1,acq,20480,20480,0,16,True,False,1,1200000,8381618,False,-2475839,2465592,0,0,0,0,1,1,1784378581.114542
1591,99,7,formal,up,26,49,1,-1.0129850953292583,1784378583.44138,1784378585.7641118,1784378584.602746,0.634143,0.169251,0.290164,-8.5e-05,-0.000406,1,acq,20480,20480,0,16,True,False,1,1200000,8381618,False,-2512170,2551973,0,0,0,0,1,1,1784378583.44138
1592,99,8,formal,up,26,49,1,-1.0129850953292583,1784378585.764363,1784378588.0853581,1784378586.9248605,0.633866,0.169436,0.290398,-0.00011,-0.000408,1,acq,20480,20480,0,16,True,False,1,1200000,8381618,False,-2461442,2489558,0,0,0,0,1,1,1784378585.764363
1593,99,9,formal,up,26,49,1,-1.0129850953292583,1784378588.085602,1784378590.397611,1784378589.2416065,0.632452,0.169331,0.290088,-7.6e-05,-0.000396,1,acq,20480,20480,0,16,True,False,1,1200000,8381618,False,-2513864,2482275,0,0,0,0,1,1,1784378588.085602
1594,99,10,formal,up,26,49,1,-1.0129850953292583,1784378590.397964,1784378592.724427,1784378591.5611954,0.632448,0.169406,0.290216,-0.00011,-0.000402,1,acq,20480,20480,0,16,True,False,1,1200000,8381618,False,-2506072,2481428,0,0,0,0,1,1,1784378590.397964
1595,99,11,formal,up,26,49,1,-1.0129850953292583,1784378592.724651,1784378595.042593,1784378593.8836222,0.631624,0.169423,0.290254,-0.000114,-0.000433,1,acq,20480,20480,0,16,True,False,1,1200000,8381618,False,-2499128,2475585,0,0,0,0,1,1,1784378592.724651
1596,99,12,formal,up,26,49,1,-1.0129850953292583,1784378595.042836,1784378597.370301,1784378596.2065685,0.630797,0.16925,0.290202,-0.00014,-0.000438,1,acq,20480,20480,0,16,True,False,1,1200000,8381618,False,-2483461,2461527,0,0,0,0,1,1,1784378595.042836
1597,99,13,formal,up,26,49,1,-1.0129850953292583,1784378597.370511,1784378599.691134,1784378598.5308225,0.629975,0.169304,0.290145,-0.000113,-0.000443,1,acq,20480,20480,0,16,True,False,1,1200000,8381618,False,-2507089,2462289,0,0,0,0,1,1,1784378597.370511
1598,99,14,formal,up,26,49,1,-1.0129850953292583,1784378599.6913621,1784378602.00878,1784378600.850071,0.629271,0.16925,0.290095,-0.000105,-0.000476,1,acq,20480,20480,0,16,True,False,1,1200000,8381618,False,-2497265,2472198,0,0,0,0,1,1,1784378599.6913621
1599,99,15,formal,up,26,49,1,-1.0129850953292583,1784378602.009006,1784378604.3257248,1784378603.1673656,0.62858,0.16912,0.29001,-0.00012,-0.000452,1,acq,20480,20480,0,16,True,False,1,1200000,8381618,False,-2472197,2469488,0,0,0,0,1,1,1784378602.009006
1600,100,0,formal,up,13,50,0,-2.710180285943541,1784378634.143459,1784378636.4931421,1784378635.3183007,0.044392,0.057797,0.098908,0.000557,-0.001238,1,acq,20480,20480,0,16,True,False,1,1200000,8381618,False,-901498,928598,0,0,0,0,1,1,1784378634.143459
1601,100,1,formal,up,13,50,0,-2.710180285943541,1784378636.493493,1784378638.808465,1784378637.650979,0.043701,0.057399,0.098249,0.000565,-0.001238,1,acq,20480,20480,0,16,True,False,1,1200000,8381618,False,-902684,901668,0,0,0,0,1,1,1784378636.493493
1602,100,2,formal,up,13,50,0,-2.710180285943541,1784378638.80884,1784378641.140527,1784378639.9746835,0.043061,0.056985,0.097549,0.000562,-0.001262,1,acq,20480,20480,0,16,True,False,1,1200000,8381618,False,-888795,901668,0,0,0,0,1,1,1784378638.80884
1603,100,3,formal,up,13,50,0,-2.710180285943541,1784378641.140778,1784378643.479132,1784378642.3099551,0.042452,0.056575,0.096873,0.000568,-0.001262,1,acq,20480,20480,0,16,True,False,1,1200000,8381618,False,-883714,910052,0,0,0,0,1,1,1784378641.140778
1604,100,4,formal,up,13,50,0,-2.710180285943541,1784378643.47938,1784378645.811069,1784378644.6452246,0.041886,0.056198,0.096279,0.000573,-0.001266,1,acq,20480,20480,0,16,True,False,1,1200000,8381618,False,-886509,898196,0,0,0,0,1,1,1784378643.47938
1605,100,5,formal,up,13,50,0,-2.710180285943541,1784378645.811559,1784378648.1443572,1784378646.9779582,0.041309,0.055908,0.095739,0.00059,-0.001242,1,acq,20480,20480,0,16,True,False,1,1200000,8381618,False,-882952,887948,0,0,0,0,1,1,1784378645.811559
1606,100,6,formal,up,13,50,0,-2.710180285943541,1784378648.144589,1784378650.477081,1784378649.310835,0.040767,0.055527,0.095149,0.000584,-0.001258,1,acq,20480,20480,0,16,True,False,1,1200000,8381618,False,-878887,883799,0,0,0,0,1,1,1784378648.144589
1607,100,7,formal,up,13,50,0,-2.710180285943541,1784378650.477342,1784378652.82355,1784378651.650446,0.040239,0.055189,0.094523,0.000577,-0.001273,1,acq,20480,20480,0,16,True,False,1,1200000,8381618,False,-879564,868047,0,0,0,0,1,1,1784378650.477342
1608,100,8,formal,up,13,50,0,-2.710180285943541,1784378652.823811,1784378655.156322,1784378653.9900665,0.039721,0.054895,0.093986,0.000585,-0.001265,1,acq,20480,20480,0,16,True,False,1,1200000,8381618,False,-890912,869995,0,0,0,0,1,1,1784378652.823811
1609,100,9,formal,up,13,50,0,-2.710180285943541,1784378655.156577,1784378657.478158,1784378656.3173676,0.03923,0.054472,0.09339,0.000596,-0.001268,1,acq,20480,20480,0,16,True,False,1,1200000,8381618,False,-864321,859155,0,0,0,0,1,1,1784378655.156577
1610,100,10,formal,up,13,50,0,-2.710180285943541,1784378657.478375,1784378659.8154361,1784378658.6469054,0.038742,0.054234,0.092908,0.000586,-0.001247,1,acq,20480,20480,0,16,True,False,1,1200000,8381618,False,-864998,856868,0,0,0,0,1,1,1784378657.478375
1611,100,11,formal,up,13,50,0,-2.710180285943541,1784378659.815764,1784378662.156495,1784378660.9861295,0.038338,0.053943,0.092511,0.000574,-0.001268,1,acq,20480,20480,0,16,True,False,1,1200000,8381618,False,-865337,849754,0,0,0,0,1,1,1784378659.815764
1612,100,12,formal,up,13,50,0,-2.710180285943541,1784378662.156799,1784378664.490535,1784378663.323667,0.037934,0.053695,0.092057,0.000624,-0.001268,1,acq,20480,20480,0,16,True,False,1,1200000,8381618,False,-864067,847214,0,0,0,0,1,1,1784378662.156799
1613,100,13,formal,up,13,50,0,-2.710180285943541,1784378664.490777,1784378666.8301492,1784378665.660463,0.037473,0.05336,0.091464,0.000587,-0.001275,1,acq,20480,20480,0,16,True,False,1,1200000,8381618,False,-857037,855005,0,0,0,0,1,1,1784378664.490777
1614,100,14,formal,up,13,50,0,-2.710180285943541,1784378666.830579,1784378669.1634681,1784378667.9970236,0.037062,0.053036,0.090988,0.000609,-0.001278,1,acq,20480,20480,0,16,True,False,1,1200000,8381618,False,-855090,853481,0,0,0,0,1,1,1784378666.830579
1615,100,15,formal,up,13,50,0,-2.710180285943541,1784378669.163718,1784378671.501767,1784378670.3327425,0.036687,0.052848,0.09063,0.000607,-0.001271,1,acq,20480,20480,0,16,True,False,1,1200000,8381618,False,-861695,834003,0,0,0,0,1,1,1784378669.163718
1616,101,0,formal,down,13,50,1,-2.710180285943541,1784378684.240305,1784378686.5816698,1784378685.4109874,0.03439,0.051214,0.087844,0.000602,-0.001282,1,acq,20480,20480,0,16,True,False,1,1200000,8381618,False,-829853,825280,0,0,0,0,1,1,1784378684.240305
1617,101,1,formal,down,13,50,1,-2.710180285943541,1784378686.581951,1784378688.912608,1784378687.7472794,0.034052,0.051024,0.087485,0.000612,-0.001284,1,acq,20480,20480,0,16,True,False,1,1200000,8381618,False,-812661,811984,0,0,0,0,1,1,1784378686.581951
1618,101,2,formal,down,13,50,1,-2.710180285943541,1784378688.912972,1784378691.229495,1784378690.0712335,0.033707,0.050791,0.087065,0.000621,-0.001283,1,acq,20480,20480,0,16,True,False,1,1200000,8381618,False,-834341,809867,0,0,0,0,1,1,1784378688.912972
1619,101,3,formal,down,13,50,1,-2.710180285943541,1784378691.229822,1784378693.5611782,1784378692.3955002,0.033388,0.05054,0.086638,0.000619,-0.001279,1,acq,20480,20480,0,16,True,False,1,1200000,8381618,False,-819013,807495,0,0,0,0,1,1,1784378691.229822
1620,101,4,formal,down,13,50,1,-2.710180285943541,1784378693.5614111,1784378695.893139,1784378694.727275,0.033028,0.050282,0.086218,0.000612,-0.001302,1,acq,20480,20480,0,16,True,False,1,1200000,8381618,False,-806140,806733,0,0,0,0,1,1,1784378693.5614111
1621,101,5,formal,down,13,50,1,-2.710180285943541,1784378695.893398,1784378698.2231958,1784378697.058297,0.032751,0.050094,0.085866,0.000627,-0.001297,1,acq,20480,20480,0,16,True,False,1,1200000,8381618,False,-813593,799111,0,0,0,0,1,1,1784378695.893398
1622,101,6,formal,down,13,50,1,-2.710180285943541,1784378698.223419,1784378700.564512,1784378699.3939655,0.032436,0.049838,0.085468,0.000605,-0.001293,1,acq,20480,20480,0,16,True,False,1,1200000,8381618,False,-808681,798518,0,0,0,0,1,1,1784378698.223419
1623,101,7,formal,down,13,50,1,-2.710180285943541,1784378700.564733,1784378702.896159,1784378701.7304459,0.03213,0.049617,0.085008,0.000607,-0.001295,1,acq,20480,20480,0,16,True,False,1,1200000,8381618,False,-800382,793861,0,0,0,0,1,1,1784378700.564733
1624,101,8,formal,down,13,50,1,-2.710180285943541,1784378702.896424,1784378705.235708,1784378704.066066,0.031846,0.049418,0.084789,0.000612,-0.001302,1,acq,20480,20480,0,16,True,False,1,1200000,8381618,False,-811391,796740,0,0,0,0,1,1,1784378702.896424
1625,101,9,formal,down,13,50,1,-2.710180285943541,1784378705.235975,1784378707.571209,1784378706.403592,0.031555,0.04917,0.084393,0.000632,-0.001323,1,acq,20480,20480,0,16,True,False,1,1200000,8381618,False,-804362,787594,0,0,0,0,1,1,1784378705.235975
1626,101,10,formal,down,13,50,1,-2.710180285943541,1784378707.571438,1784378709.903229,1784378708.7373335,0.031278,0.048965,0.083998,0.000654,-0.001296,1,acq,20480,20480,0,16,True,False,1,1200000,8381618,False,-795131,800720,0,0,0,0,1,1,1784378707.571438
1627,101,11,formal,down,13,50,1,-2.710180285943541,1784378709.903511,1784378712.231338,1784378711.0674245,0.030964,0.048787,0.083639,0.000621,-0.001297,1,acq,20480,20480,0,16,True,False,1,1200000,8381618,False,-791828,775483,0,0,0,0,1,1,1784378709.903511
1628,101,12,formal,down,13,50,1,-2.710180285943541,1784378712.231655,1784378714.5670772,1784378713.399366,0.030701,0.048572,0.08325,0.000619,-0.001319,1,acq,20480,20480,0,16,True,False,1,1200000,8381618,False,-788525,786408,0,0,0,0,1,1,1784378712.231655
1629,101,13,formal,down,13,50,1,-2.710180285943541,1784378714.567324,1784378716.9085739,1784378715.737949,0.030455,0.048399,0.082965,0.000645,-0.001311,1,acq,20480,20480,0,16,True,False,1,1200000,8381618,False,-794453,759308,0,0,0,0,1,1,1784378714.567324
1630,101,14,formal,down,13,50,1,-2.710180285943541,1784378716.908812,1784378719.239435,1784378718.0741234,0.030189,0.048188,0.082632,0.000613,-0.001318,1,acq,20480,20480,0,16,True,False,1,1200000,8381618,False,-777431,765660,0,0,0,0,1,1,1784378716.908812
1631,101,15,formal,down,13,50,1,-2.710180285943541,1784378719.239768,1784378721.574861,1784378720.4073145,0.029937,0.048015,0.082316,0.00063,-0.001321,1,acq,20480,20480,0,16,True,False,1,1200000,8381618,False,-784460,761425,0,0,0,0,1,1,1784378719.239768
1632,102,0,formal,down,67,51,0,4.339707428915789,1784378811.5559301,1784378813.8701482,1784378812.7130392,0.941402,-0.166661,-0.284978,0.001756,-0.002017,1,acq,20480,20480,0,16,True,False,1,1200000,8381618,False,-2504379,2491168,0,0,0,0,1,1,1784378811.5559301
1633,102,1,formal,down,67,51,0,4.339707428915789,1784378813.870383,1784378816.191851,1784378815.031117,0.938941,-0.166941,-0.285418,0.001685,-0.002112,1,acq,20480,20480,0,16,True,False,1,1200000,8381618,False,-2444843,2491337,0,0,0,0,1,1,1784378813.870383
1634,102,2,formal,down,67,51,0,4.339707428915789,1784378816.192097,1784378818.50933,1784378817.3507135,0.935163,-0.166954,-0.285469,0.001752,-0.002043,1,acq,20480,20480,0,16,True,False,1,1200000,8381618,False,-2436883,2497943,0,0,0,0,1,1,1784378816.192097
1635,102,3,formal,down,67,51,0,4.339707428915789,1784378818.509578,1784378820.830684,1784378819.670131,0.931894,-0.166939,-0.285495,0.001769,-0.002101,1,acq,20480,20480,0,16,True,False,1,1200000,8381618,False,-2464491,2479989,0,0,0,0,1,1,1784378818.509578
1636,102,4,formal,down,67,51,0,4.339707428915789,1784378820.8309429,1784378823.151028,1784378821.9909854,0.929446,-0.167199,-0.285791,0.001764,-0.002074,1,acq,20480,20480,0,16,True,False,1,1200000,8381618,False,-2482614,2502770,0,0,0,0,1,1,1784378820.8309429
1637,102,5,formal,down,67,51,0,4.339707428915789,1784378823.151294,1784378825.4723709,1784378824.3118324,0.927654,-0.167387,-0.286276,0.001782,-0.002116,1,acq,20480,20480,0,16,True,False,1,1200000,8381618,False,-2462374,2468048,0,0,0,0,1,1,1784378823.151294
1638,102,6,formal,down,67,51,0,4.339707428915789,1784378825.472616,1784378827.79661,1784378826.634613,0.924587,-0.167372,-0.286266,0.001786,-0.002112,1,acq,20480,20480,0,16,True,False,1,1200000,8381618,False,-2468132,2516913,0,0,0,0,1,1,1784378825.472616
1639,102,7,formal,down,67,51,0,4.339707428915789,1784378827.79697,1784378830.121217,1784378828.9590936,0.922938,-0.167564,-0.286684,0.001804,-0.002117,1,acq,20480,20480,0,16,True,False,1,1200000,8381618,False,-2409783,2437222,0,0,0,0,1,1,1784378827.79697
1640,102,8,formal,down,67,51,0,4.339707428915789,1784378830.121473,1784378832.447646,1784378831.2845595,0.920089,-0.167499,-0.286617,0.001792,-0.002151,1,acq,20480,20480,0,16,True,False,1,1200000,8381618,False,-2446283,2445182,0,0,0,0,1,1,1784378830.121473
1641,102,9,formal,down,67,51,0,4.339707428915789,1784378832.447992,1784378834.769182,1784378833.608587,0.917645,-0.167676,-0.286752,0.001811,-0.00215,1,acq,20480,20480,0,16,True,False,1,1200000,8381618,False,-2486171,2451449,0,0,0,0,1,1,1784378832.447992
1642,102,10,formal,down,67,51,0,4.339707428915789,1784378834.769493,1784378837.086283,1784378835.927888,0.915393,-0.167685,-0.286867,0.00181,-0.00211,1,acq,20480,20480,0,16,True,False,1,1200000,8381618,False,-2477109,2559595,0,0,0,0,1,1,1784378834.769493
1643,102,11,formal,down,67,51,0,4.339707428915789,1784378837.086539,1784378839.4048488,1784378838.245694,0.912721,-0.167696,-0.286869,0.001783,-0.002096,1,acq,20480,20480,0,16,True,False,1,1200000,8381618,False,-2465507,2491845,0,0,0,0,1,1,1784378837.086539
1644,102,12,formal,down,67,51,0,4.339707428915789,1784378839.4051251,1784378841.721759,1784378840.5634422,0.910993,-0.167836,-0.28707,0.001819,-0.002178,1,acq,20480,20480,0,16,True,False,1,1200000,8381618,False,-2494640,2479989,0,0,0,0,1,1,1784378839.4051251
1645,102,13,formal,down,67,51,0,4.339707428915789,1784378841.722004,1784378844.029303,1784378842.8756535,0.90904,-0.167835,-0.287216,0.00179,-0.002139,1,acq,20480,20480,0,16,True,False,1,1200000,8381618,False,-2463051,2474484,0,0,0,0,1,1,1784378841.722004
1646,102,14,formal,down,67,51,0,4.339707428915789,1784378844.029539,1784378846.340804,1784378845.1851716,0.907456,-0.168029,-0.287451,0.001805,-0.002129,1,acq,20480,20480,0,16,True,False,1,1200000,8381618,False,-2472790,2476771,0,0,0,0,1,1,1784378844.029539
1647,102,15,formal,down,67,51,0,4.339707428915789,1784378846.341046,1784378848.662435,1784378847.5017405,0.905122,-0.16796,-0.287416,0.001811,-0.002179,1,acq,20480,20480,0,16,True,False,1,1200000,8381618,False,-2456869,2503278,0,0,0,0,1,1,1784378846.341046
1648,103,0,formal,up,67,51,1,4.339707428915789,1784378861.2524102,1784378863.571554,1784378862.411982,0.894466,-0.168424,-0.288143,0.001873,-0.002148,1,acq,20480,20480,0,16,True,False,1,1200000,8381618,False,-2460426,2502939,0,0,0,0,1,1,1784378861.2524102
1649,103,1,formal,up,67,51,1,4.339707428915789,1784378863.571876,1784378865.88867,1784378864.730273,0.891474,-0.168216,-0.287923,0.001825,-0.0022,1,acq,20480,20480,0,16,True,False,1,1200000,8381618,False,-2456869,2484731,0,0,0,0,1,1,1784378863.571876
1650,103,2,formal,up,67,51,1,4.339707428915789,1784378865.8890119,1784378868.2044249,1784378867.0467184,0.891008,-0.168548,-0.288269,0.001801,-0.002195,1,acq,20480,20480,0,16,True,False,1,1200000,8381618,False,-2484477,2505310,0,0,0,0,1,1,1784378865.8890119
1651,103,3,formal,up,67,51,1,4.339707428915789,1784378868.20471,1784378870.5268888,1784378869.3657994,0.890101,-0.168659,-0.288613,0.001824,-0.002199,1,acq,20480,20480,0,16,True,False,1,1200000,8381618,False,-2511831,2444505,0,0,0,0,1,1,1784378868.20471
1652,103,4,formal,up,67,51,1,4.339707428915789,1784378870.52724,1784378872.8418481,1784378871.684544,0.887868,-0.168577,-0.288452,0.001797,-0.002239,1,acq,20480,20480,0,16,True,False,1,1200000,8381618,False,-2475585,2488034,0,0,0,0,1,1,1784378870.52724
1653,103,5,formal,up,67,51,1,4.339707428915789,1784378872.8420732,1784378875.159488,1784378874.0007806,0.886041,-0.168573,-0.288407,0.001882,-0.002175,1,acq,20480,20480,0,16,True,False,1,1200000,8381618,False,-2491083,2474315,0,0,0,0,1,1,1784378872.8420732
1654,103,6,formal,up,67,51,1,4.339707428915789,1784378875.1597261,1784378877.4830132,1784378876.3213696,0.884261,-0.168515,-0.288442,0.001816,-0.00219,1,acq,20480,20480,0,16,True,False,1,1200000,8381618,False,-2474738,2488627,0,0,0,0,1,1,1784378875.1597261
1655,103,7,formal,up,67,51,1,4.339707428915789,1784378877.483253,1784378879.813332,1784378878.6482925,0.882307,-0.168484,-0.288316,0.001812,-0.002199,1,acq,20480,20480,0,16,True,False,1,1200000,8381618,False,-2502092,2480751,0,0,0,0,1,1,1784378877.483253
1656,103,8,formal,up,67,51,1,4.339707428915789,1784378879.813663,1784378882.138345,1784378880.9760041,0.881504,-0.168656,-0.288656,0.001828,-0.002201,1,acq,20480,20480,0,16,True,False,1,1200000,8381618,False,-2425535,2460595,0,0,0,0,1,1,1784378879.813663
1657,103,9,formal,up,67,51,1,4.339707428915789,1784378882.1387231,1784378884.4634292,1784378883.3010762,0.88017,-0.168702,-0.288718,0.001885,-0.002215,1,acq,20480,20480,0,16,True,False,1,1200000,8381618,False,-2508444,2495487,0,0,0,0,1,1,1784378882.1387231
1658,103,10,formal,up,67,51,1,4.339707428915789,1784378884.463712,1784378886.7822971,1784378885.6230044,0.878266,-0.168651,-0.288586,0.001831,-0.002198,1,acq,20480,20480,0,16,True,False,1,1200000,8381618,False,-2473722,2496926,0,0,0,0,1,1,1784378884.463712
1659,103,11,formal,up,67,51,1,4.339707428915789,1784378886.7825449,1784378889.1000588,1784378887.9413018,0.877136,-0.168657,-0.288782,0.001849,-0.002255,1,acq,20480,20480,0,16,True,False,1,1200000,8381618,False,-2478549,2484562,0,0,0,0,1,1,1784378886.7825449
1660,103,12,formal,up,67,51,1,4.339707428915789,1784378889.1003141,1784378891.425705,1784378890.2630095,0.875885,-0.168717,-0.28897,0.001871,-0.002244,1,acq,20480,20480,0,16,True,False,1,1200000,8381618,False,-2495063,2462713,0,0,0,0,1,1,1784378889.1003141
1661,103,13,formal,up,67,51,1,4.339707428915789,1784378891.426249,1784378893.743453,1784378892.584851,0.87537,-0.168975,-0.289188,0.001832,-0.002227,1,acq,20480,20480,0,16,True,False,1,1200000,8381618,False,-2466862,2477448,0,0,0,0,1,1,1784378891.426249
1662,103,14,formal,up,67,51,1,4.339707428915789,1784378893.743726,1784378896.063435,1784378894.9035807,0.873248,-0.168763,-0.288961,0.001879,-0.00226,1,acq,20480,20480,0,16,True,False,1,1200000,8381618,False,-2529616,2494047,0,0,0,0,1,1,1784378893.743726
1663,103,15,formal,up,67,51,1,4.339707428915789,1784378896.06371,1784378898.377086,1784378897.220398,0.872238,-0.168889,-0.289072,0.001844,-0.002231,1,acq,20480,20480,0,16,True,False,1,1200000,8381618,False,-2488288,2488458,0,0,0,0,1,1,1784378896.06371
1664,104,0,formal,up,42,52,0,1.0758705238883213,1784378946.413258,1784378948.729811,1784378947.5715346,1.2,0.074745,0.128495,-0.001591,0.002391,1,acq,20480,20480,0,16,True,False,1,1200000,8381618,False,-1213826,1246092,0,0,0,0,1,1,1784378946.413258
1665,104,1,formal,up,42,52,0,1.0758705238883213,1784378948.730051,1784378951.055115,1784378949.892583,1.2,0.074938,0.128901,-0.001595,0.00239,1,acq,20480,20480,0,16,True,False,1,1200000,8381618,False,-1249225,1298175,0,0,0,0,1,1,1784378948.730051
1666,104,2,formal,up,42,52,0,1.0758705238883213,1784378951.055412,1784378953.379612,1784378952.2175121,1.2,0.075234,0.129344,-0.001592,0.002379,1,acq,20480,20480,0,16,True,False,1,1200000,8381618,False,-1273277,1233897,0,0,0,0,1,1,1784378951.055412
1667,104,3,formal,up,42,52,0,1.0758705238883213,1784378953.3799171,1784378955.701757,1784378954.540837,1.2,0.075491,0.129856,-0.001566,0.002421,1,acq,20480,20480,0,16,True,False,1,1200000,8381618,False,-1212556,1268449,0,0,0,0,1,1,1784378953.3799171
1668,104,4,formal,up,42,52,0,1.0758705238883213,1784378955.7020411,1784378958.030011,1784378956.866026,1.2,0.075586,0.130064,-0.001519,0.002394,1,acq,20480,20480,0,16,True,False,1,1200000,8381618,False,-1203409,1278273,0,0,0,0,1,1,1784378955.7020411
1669,104,5,formal,up,42,52,0,1.0758705238883213,1784378958.030323,1784378960.347872,1784378959.1890974,1.2,0.075732,0.130439,-0.001558,0.002383,1,acq,20480,20480,0,16,True,False,1,1200000,8381618,False,-1213318,1288520,0,0,0,0,1,1,1784378958.030323
1670,104,6,formal,up,42,52,0,1.0758705238883213,1784378960.348104,1784378962.664601,1784378961.5063524,1.2,0.07593,0.13068,-0.001594,0.002362,1,acq,20480,20480,0,16,True,False,1,1200000,8381618,False,-1179189,1240672,0,0,0,0,1,1,1784378960.348104
1671,104,7,formal,up,42,52,0,1.0758705238883213,1784378962.664833,1784378964.986998,1784378963.8259156,1.2,0.076004,0.130878,-0.001584,0.002377,1,acq,20480,20480,0,16,True,False,1,1200000,8381618,False,-1330017,1355254,0,0,0,0,1,1,1784378962.664833
1672,104,8,formal,up,42,52,0,1.0758705238883213,1784378964.9872808,1784378967.3134239,1784378966.1503525,1.2,0.076173,0.13118,-0.00156,0.002418,1,acq,20480,20480,0,16,True,False,1,1200000,8381618,False,-1258795,1327900,0,0,0,0,1,1,1784378964.9872808
1673,104,9,formal,up,42,52,0,1.0758705238883213,1784378967.313684,1784378969.634561,1784378968.4741225,1.2,0.076384,0.13157,-0.001586,0.002399,1,acq,20480,20480,0,16,True,False,1,1200000,8381618,False,-1257101,1348733,0,0,0,0,1,1,1784378967.313684
1674,104,10,formal,up,42,52,0,1.0758705238883213,1784378969.6348119,1784378971.95458,1784378970.7946959,1.2,0.076468,0.131654,-0.001569,0.002436,1,acq,20480,20480,0,16,True,False,1,1200000,8381618,False,-1250834,1230933,0,0,0,0,1,1,1784378969.6348119
1675,104,11,formal,up,42,52,0,1.0758705238883213,1784378971.954916,1784378974.2793658,1784378973.1171408,1.2,0.076573,0.131843,-0.001584,0.002418,1,acq,20480,20480,0,16,True,False,1,1200000,8381618,False,-1199937,1265316,0,0,0,0,1,1,1784378971.954916
1676,104,12,formal,up,42,52,0,1.0758705238883213,1784378974.2799208,1784378976.610382,1784378975.4451513,1.2,0.076677,0.132032,-0.001565,0.002378,1,acq,20480,20480,0,16,True,False,1,1200000,8381618,False,-1220177,1255916,0,0,0,0,1,1,1784378974.2799208
1677,104,13,formal,up,42,52,0,1.0758705238883213,1784378976.6106398,1784378978.927507,1784378977.7690735,1.2,0.076852,0.132304,-0.001559,0.002416,1,acq,20480,20480,0,16,True,False,1,1200000,8381618,False,-1238301,1241688,0,0,0,0,1,1,1784378976.6106398
1678,104,14,formal,up,42,52,0,1.0758705238883213,1784378978.9278169,1784378981.252626,1784378980.0902214,1.2,0.076984,0.132549,-0.00159,0.002421,1,acq,20480,20480,0,16,True,False,1,1200000,8381618,False,-1230425,1279882,0,0,0,0,1,1,1784378978.9278169
1679,104,15,formal,up,42,52,0,1.0758705238883213,1784378981.252876,1784378983.572833,1784378982.4128547,1.2,0.076965,0.132603,-0.00158,0.002407,1,acq,20480,20480,0,16,True,False,1,1200000,8381618,False,-1284540,1314943,0,0,0,0,1,1,1784378981.252876
1680,105,0,formal,down,42,52,1,1.0758705238883213,1784378996.1252952,1784378998.447938,1784378997.2866166,1.2,0.077459,0.133522,-0.001582,0.002421,1,acq,20480,20480,0,16,True,False,1,1200000,8381618,False,-1250242,1305288,0,0,0,0,1,1,1784378996.1252952
1681,105,1,formal,down,42,52,1,1.0758705238883213,1784378998.4481761,1784379000.771589,1784378999.6098826,1.2,0.077552,0.13359,-0.001579,0.002415,1,acq,20480,20480,0,16,True,False,1,1200000,8381618,False,-1251342,1317653,0,0,0,0,1,1,1784378998.4481761
1682,105,2,formal,down,42,52,1,1.0758705238883213,1784379000.7720819,1784379003.0916102,1784379001.9318461,1.2,0.077531,0.133675,-0.001606,0.002413,1,acq,20480,20480,0,16,True,False,1,1200000,8381618,False,-1262267,1244737,0,0,0,0,1,1,1784379000.7720819
1683,105,3,formal,down,42,52,1,1.0758705238883213,1784379003.0918531,1784379005.407095,1784379004.249474,1.2,0.077707,0.133892,-0.001579,0.002416,1,acq,20480,20480,0,16,True,False,1,1200000,8381618,False,-1197397,1280814,0,0,0,0,1,1,1784379003.0918531
1684,105,4,formal,down,42,52,1,1.0758705238883213,1784379005.407348,1784379007.729601,1784379006.5684743,1.2,0.077717,0.133965,-0.00162,0.002421,1,acq,20480,20480,0,16,True,False,1,1200000,8381618,False,-1238893,1299784,0,0,0,0,1,1,1784379005.407348
1685,105,5,formal,down,42,52,1,1.0758705238883213,1784379007.7298508,1784379010.0513349,1784379008.8905928,1.2,0.077754,0.133998,-0.001563,0.002411,1,acq,20480,20480,0,16,True,False,1,1200000,8381618,False,-1280390,1345684,0,0,0,0,1,1,1784379007.7298508
1686,105,6,formal,down,42,52,1,1.0758705238883213,1784379010.0515509,1784379012.372284,1784379011.2119174,1.2,0.077838,0.134143,-0.001582,0.002408,1,acq,20480,20480,0,16,True,False,1,1200000,8381618,False,-1293093,1280814,0,0,0,0,1,1,1784379010.0515509
1687,105,7,formal,down,42,52,1,1.0758705238883213,1784379012.3730218,1784379014.6948621,1784379013.533942,1.2,0.077818,0.134168,-0.001597,0.002437,1,acq,20480,20480,0,16,True,False,1,1200000,8381618,False,-1237877,1311386,0,0,0,0,1,1,1784379012.3730218
1688,105,8,formal,down,42,52,1,1.0758705238883213,1784379014.6951308,1784379017.015829,1784379015.85548,1.2,0.077924,0.134305,-0.001607,0.002418,1,acq,20480,20480,0,16,True,False,1,1200000,8381618,False,-1239402,1334167,0,0,0,0,1,1,1784379014.6951308
1689,105,9,formal,down,42,52,1,1.0758705238883213,1784379017.016088,1784379019.337343,1784379018.1767154,1.2,0.077909,0.134281,-0.00158,0.002415,1,acq,20480,20480,0,16,True,False,1,1200000,8381618,False,-1244483,1299022,0,0,0,0,1,1,1784379017.016088
1690,105,10,formal,down,42,52,1,1.0758705238883213,1784379019.3376708,1784379021.6515598,1784379020.4946153,1.2,0.077971,0.134489,-0.001576,0.002428,1,acq,20480,20480,0,16,True,False,1,1200000,8381618,False,-1273869,1294957,0,0,0,0,1,1,1784379019.3376708
1691,105,11,formal,down,42,52,1,1.0758705238883213,1784379021.651801,1784379023.971883,1784379022.811842,1.2,0.077955,0.134547,-0.001623,0.002441,1,acq,20480,20480,0,16,True,False,1,1200000,8381618,False,-1256339,1314943,0,0,0,0,1,1,1784379021.651801
1692,105,12,formal,down,42,52,1,1.0758705238883213,1784379023.9721558,1784379026.2877288,1784379025.1299424,1.2,0.078001,0.134524,-0.001622,0.002438,1,acq,20480,20480,0,16,True,False,1,1200000,8381618,False,-1362283,1395396,0,0,0,0,1,1,1784379023.9721558
1693,105,13,formal,down,42,52,1,1.0758705238883213,1784379026.287968,1784379028.604426,1784379027.446197,1.2,0.078005,0.134609,-0.001611,0.002408,1,acq,20480,20480,0,16,True,False,1,1200000,8381618,False,-1247447,1303256,0,0,0,0,1,1,1784379026.287968
1694,105,14,formal,down,42,52,1,1.0758705238883213,1784379028.60482,1784379030.9229739,1784379029.763897,1.2,0.078097,0.134726,-0.001638,0.002407,1,acq,20480,20480,0,16,True,False,1,1200000,8381618,False,-1193077,1321125,0,0,0,0,1,1,1784379028.60482
1695,105,15,formal,down,42,52,1,1.0758705238883213,1784379030.923232,1784379033.243826,1784379032.083529,1.2,0.078247,0.134854,-0.001577,0.002415,1,acq,20480,20480,0,16,True,False,1,1200000,8381618,False,-1253290,1373801,0,0,0,0,1,1,1784379030.923232
1696,106,0,formal,down,38,53,0,0.5536566190839256,1784379048.6465979,1784379050.9711459,1784379049.8088717,1.2,0.123133,0.211354,-0.001142,0.001647,1,acq,20480,20480,0,16,True,False,1,1200000,8381618,False,-1867952,1863210,0,0,0,0,1,1,1784379048.6465979
1697,106,1,formal,down,38,53,0,0.5536566190839256,1784379050.9714408,1784379053.288073,1784379052.129757,1.2,0.123223,0.211672,-0.001152,0.001697,1,acq,20480,20480,0,16,True,False,1,1200000,8381618,False,-1894205,1889378,0,0,0,0,1,1,1784379050.9714408
1698,106,2,formal,down,38,53,0,0.5536566190839256,1784379053.288329,1784379055.610079,1784379054.449204,1.2,0.123241,0.211714,-0.001125,0.001653,1,acq,20480,20480,0,16,True,False,1,1200000,8381618,False,-1871932,2002690,0,0,0,0,1,1,1784379053.288329
1699,106,3,formal,down,38,53,0,0.5536566190839256,1784379055.6103392,1784379057.922412,1784379056.7663755,1.2,0.123413,0.212014,-0.001131,0.001654,1,acq,20480,20480,0,16,True,False,1,1200000,8381618,False,-1862617,1941122,0,0,0,0,1,1,1784379055.6103392
1700,106,4,formal,down,38,53,0,0.5536566190839256,1784379057.9226828,1784379060.23784,1784379059.0802612,1.2,0.123491,0.212313,-0.001143,0.001665,1,acq,20480,20480,0,16,True,False,1,1200000,8381618,False,-1833061,1889209,0,0,0,0,1,1,1784379057.9226828
1701,106,5,formal,down,38,53,0,0.5536566190839256,1784379060.238121,1784379062.559228,1784379061.3986745,1.2,0.123524,0.212283,-0.001147,0.001622,1,acq,20480,20480,0,16,True,False,1,1200000,8381618,False,-1878538,1923423,0,0,0,0,1,1,1784379060.238121
1702,106,6,formal,down,38,53,0,0.5536566190839256,1784379062.5594869,1784379064.88331,1784379063.7213984,1.2,0.123598,0.212544,-0.001174,0.001636,1,acq,20480,20480,0,16,True,False,1,1200000,8381618,False,-1876590,1890140,0,0,0,0,1,1,1784379062.5594869
1703,106,7,formal,down,38,53,0,0.5536566190839256,1784379064.88357,1784379067.203464,1784379066.043517,1.2,0.123577,0.212656,-0.001139,0.001686,1,acq,20480,20480,0,16,True,False,1,1200000,8381618,False,-1834331,1937565,0,0,0,0,1,1,1784379064.88357
1704,106,8,formal,down,38,53,0,0.5536566190839256,1784379067.2036831,1784379069.51882,1784379068.3612516,1.2,0.123735,0.212798,-0.001163,0.001662,1,acq,20480,20480,0,16,True,False,1,1200000,8381618,False,-1912921,1895730,0,0,0,0,1,1,1784379067.2036831
1705,106,9,formal,down,38,53,0,0.5536566190839256,1784379069.5191061,1784379071.839455,1784379070.6792805,1.2,0.123763,0.212914,-0.001117,0.001698,1,acq,20480,20480,0,16,True,False,1,1200000,8381618,False,-1871509,1894883,0,0,0,0,1,1,1784379069.5191061
1706,106,10,formal,down,38,53,0,0.5536566190839256,1784379071.839682,1784379074.162878,1784379073.00128,1.2,0.123826,0.21308,-0.001133,0.001661,1,acq,20480,20480,0,16,True,False,1,1200000,8381618,False,-1891834,1988124,0,0,0,0,1,1,1784379071.839682
1707,106,11,formal,down,38,53,0,0.5536566190839256,1784379074.1631439,1784379076.4879391,1784379075.3255415,1.2,0.12387,0.213161,-0.001145,0.001623,1,acq,20480,20480,0,16,True,False,1,1200000,8381618,False,-1884720,1884636,0,0,0,0,1,1,1784379074.1631439
1708,106,12,formal,down,38,53,0,0.5536566190839256,1784379076.488218,1784379078.8085608,1784379077.6483893,1.2,0.123992,0.213313,-0.00112,0.001646,1,acq,20480,20480,0,16,True,False,1,1200000,8381618,False,-1949760,1884212,0,0,0,0,1,1,1784379076.488218
1709,106,13,formal,down,38,53,0,0.5536566190839256,1784379078.8088179,1784379081.124578,1784379079.966698,1.2,0.124092,0.213491,-0.001145,0.00161,1,acq,20480,20480,0,16,True,False,1,1200000,8381618,False,-1876252,1883281,0,0,0,0,1,1,1784379078.8088179
1710,106,14,formal,down,38,53,0,0.5536566190839256,1784379081.124844,1784379083.44511,1784379082.284977,1.2,0.124115,0.21363,-0.001177,0.001634,1,acq,20480,20480,0,16,True,False,1,1200000,8381618,False,-1867021,1875151,0,0,0,0,1,1,1784379081.124844
1711,106,15,formal,down,38,53,0,0.5536566190839256,1784379083.44534,1784379085.798063,1784379084.6217015,1.2,0.124036,0.213375,-0.001107,0.001644,1,acq,20480,20480,0,16,True,False,1,1200000,8381618,False,-1848389,1950777,0,0,0,0,1,1,1784379083.44534
1712,107,0,formal,up,38,53,1,0.5536566190839256,1784379098.496673,1784379100.837012,1784379099.6668425,1.2,0.124352,0.214013,-0.001126,0.001672,1,acq,20480,20480,0,16,True,False,1,1200000,8381618,False,-1961955,2014123,0,0,0,0,1,1,1784379098.496673
1713,107,1,formal,up,38,53,1,0.5536566190839256,1784379100.837249,1784379103.177665,1784379102.007457,1.2,0.124395,0.214116,-0.001128,0.001619,1,acq,20480,20480,0,16,True,False,1,1200000,8381618,False,-1861601,1917579,0,0,0,0,1,1,1784379100.837249
1714,107,2,formal,up,38,53,1,0.5536566190839256,1784379103.17788,1784379105.506399,1784379104.3421395,1.2,0.124481,0.214275,-0.001169,0.001644,1,acq,20480,20480,0,16,True,False,1,1200000,8381618,False,-1943155,1912667,0,0,0,0,1,1,1784379103.17788
1715,107,3,formal,up,38,53,1,0.5536566190839256,1784379105.506641,1784379107.855192,1784379106.6809163,1.2,0.124487,0.214238,-0.001159,0.001653,1,acq,20480,20480,0,16,True,False,1,1200000,8381618,False,-1875574,1900557,0,0,0,0,1,1,1784379105.506641
1716,107,4,formal,up,38,53,1,0.5536566190839256,1784379107.855433,1784379110.182085,1784379109.018759,1.2,0.124541,0.214431,-0.001118,0.00168,1,acq,20480,20480,0,16,True,False,1,1200000,8381618,False,-1944002,1898440,0,0,0,0,1,1,1784379107.855433
1717,107,5,formal,up,38,53,1,0.5536566190839256,1784379110.182322,1784379112.515012,1784379111.3486671,1.2,0.124728,0.214626,-0.001151,0.001627,1,acq,20480,20480,0,16,True,False,1,1200000,8381618,False,-1862363,1908602,0,0,0,0,1,1,1784379110.182322
1718,107,6,formal,up,38,53,1,0.5536566190839256,1784379112.515251,1784379114.8428302,1784379113.6790404,1.2,0.124586,0.214459,-0.001111,0.001672,1,acq,20480,20480,0,16,True,False,1,1200000,8381618,False,-1899202,1938920,0,0,0,0,1,1,1784379112.515251
1719,107,7,formal,up,38,53,1,0.5536566190839256,1784379114.843136,1784379117.165619,1784379116.0043774,1.2,0.12464,0.214536,-0.001152,0.001628,1,acq,20480,20480,0,16,True,False,1,1200000,8381618,False,-1898016,1956112,0,0,0,0,1,1,1784379114.843136
1720,107,8,formal,up,38,53,1,0.5536566190839256,1784379117.16593,1784379119.508694,1784379118.337312,1.2,0.124615,0.214628,-0.00114,0.001623,1,acq,20480,20480,0,16,True,False,1,1200000,8381618,False,-1910635,1996762,0,0,0,0,1,1,1784379117.16593
1721,107,9,formal,up,38,53,1,0.5536566190839256,1784379119.508951,1784379121.8444831,1784379120.676717,1.2,0.124681,0.214649,-0.001174,0.001665,1,acq,20480,20480,0,16,True,False,1,1200000,8381618,False,-1874812,1937735,0,0,0,0,1,1,1784379119.508951
1722,107,10,formal,up,38,53,1,0.5536566190839256,1784379121.844717,1784379124.1878421,1784379123.0162797,1.2,0.124754,0.214933,-0.001195,0.001683,1,acq,20480,20480,0,16,True,False,1,1200000,8381618,False,-1842122,1916478,0,0,0,0,1,1,1784379121.844717
1723,107,11,formal,up,38,53,1,0.5536566190839256,1784379124.188181,1784379126.5377731,1784379125.362977,1.2,0.124686,0.214724,-0.001205,0.00164,1,acq,20480,20480,0,16,True,False,1,1200000,8381618,False,-1889209,1996084,0,0,0,0,1,1,1784379124.188181
1724,107,12,formal,up,38,53,1,0.5536566190839256,1784379126.5381088,1784379128.868861,1784379127.703485,1.2,0.124669,0.214732,-0.001119,0.001608,1,acq,20480,20480,0,16,True,False,1,1200000,8381618,False,-1864649,1873880,0,0,0,0,1,1,1784379126.5381088
1725,107,13,formal,up,38,53,1,0.5536566190839256,1784379128.869138,1784379131.192829,1784379130.0309834,1.2,0.124756,0.214873,-0.00116,0.001661,1,acq,20480,20480,0,16,True,False,1,1200000,8381618,False,-1941037,1957721,0,0,0,0,1,1,1784379128.869138
1726,107,14,formal,up,38,53,1,0.5536566190839256,1784379131.1930618,1784379133.527961,1784379132.3605113,1.2,0.124765,0.214986,-0.001173,0.001661,1,acq,20480,20480,0,16,True,False,1,1200000,8381618,False,-1979994,1899879,0,0,0,0,1,1,1784379131.1930618
1727,107,15,formal,up,38,53,1,0.5536566190839256,1784379133.528207,1784379135.8673978,1784379134.6978025,1.2,0.124887,0.215124,-0.001157,0.001683,1,acq,20480,20480,0,16,True,False,1,1200000,8381618,False,-1862871,1901658,0,0,0,0,1,1,1784379133.528207
1728,108,0,formal,up,6,54,0,-3.624054619351232,1784379311.5002,1784379313.8233118,1784379312.661756,0.015956,-0.035349,-0.060543,0.001213,-0.001981,1,acq,20480,20480,0,16,True,False,1,1200000,8381618,False,-602043,592558,0,0,0,0,1,1,1784379311.5002
1729,108,1,formal,up,6,54,0,-3.624054619351232,1784379313.823572,1784379316.1354299,1784379314.9795008,0.016558,-0.035967,-0.061606,0.001208,-0.001992,1,acq,20480,20480,0,16,True,False,1,1200000,8381618,False,-603060,590187,0,0,0,0,1,1,1784379313.823572
1730,108,2,formal,up,6,54,0,-3.624054619351232,1784379316.135679,1784379318.456577,1784379317.296128,0.017099,-0.036481,-0.062514,0.001226,-0.001987,1,acq,20480,20480,0,16,True,False,1,1200000,8381618,False,-612714,612121,0,0,0,0,1,1,1784379316.135679
1731,108,3,formal,up,6,54,0,-3.624054619351232,1784379318.4568,1784379320.7734149,1784379319.6151075,0.017625,-0.037002,-0.063359,0.00123,-0.001991,1,acq,20480,20480,0,16,True,False,1,1200000,8381618,False,-644218,618049,0,0,0,0,1,1,1784379318.4568
1732,108,4,formal,up,6,54,0,-3.624054619351232,1784379320.773639,1784379323.088104,1784379321.9308715,0.018159,-0.037483,-0.064222,0.001233,-0.002005,1,acq,20480,20480,0,16,True,False,1,1200000,8381618,False,-633124,628127,0,0,0,0,1,1,1784379320.773639
1733,108,5,formal,up,6,54,0,-3.624054619351232,1784379323.088325,1784379325.40874,1784379324.2485325,0.018666,-0.037957,-0.06512,0.001227,-0.002015,1,acq,20480,20480,0,16,True,False,1,1200000,8381618,False,-644641,627873,0,0,0,0,1,1,1784379323.088325
1734,108,6,formal,up,6,54,0,-3.624054619351232,1784379325.408993,1784379327.726675,1784379326.567834,0.019163,-0.038408,-0.065873,0.001247,-0.002007,1,acq,20480,20480,0,16,True,False,1,1200000,8381618,False,-650569,643202,0,0,0,0,1,1,1784379325.408993
1735,108,7,formal,up,6,54,0,-3.624054619351232,1784379327.726968,1784379330.050359,1784379328.8886635,0.019636,-0.03889,-0.066637,0.001246,-0.002019,1,acq,20480,20480,0,16,True,False,1,1200000,8381618,False,-659970,638290,0,0,0,0,1,1,1784379327.726968
1736,108,8,formal,up,6,54,0,-3.624054619351232,1784379330.0506098,1784379332.3654249,1784379331.2080173,0.020135,-0.039309,-0.067416,0.001244,-0.002022,1,acq,20480,20480,0,16,True,False,1,1200000,8381618,False,-652348,643117,0,0,0,0,1,1,1784379330.0506098
1737,108,9,formal,up,6,54,0,-3.624054619351232,1784379332.36564,1784379334.686374,1784379333.526007,0.020584,-0.039703,-0.068109,0.001253,-0.002027,1,acq,20480,20480,0,16,True,False,1,1200000,8381618,False,-664035,651247,0,0,0,0,1,1,1784379332.36564
1738,108,10,formal,up,6,54,0,-3.624054619351232,1784379334.686662,1784379337.013236,1784379335.849949,0.021046,-0.040117,-0.068767,0.001239,-0.002054,1,acq,20480,20480,0,16,True,False,1,1200000,8381618,False,-679448,664543,0,0,0,0,1,1,1784379334.686662
1739,108,11,formal,up,6,54,0,-3.624054619351232,1784379337.013463,1784379339.3255522,1784379338.1695075,0.021473,-0.040523,-0.069454,0.001265,-0.002034,1,acq,20480,20480,0,16,True,False,1,1200000,8381618,False,-672419,669201,0,0,0,0,1,1,1784379337.013463
1740,108,12,formal,up,6,54,0,-3.624054619351232,1784379339.325799,1784379341.638568,1784379340.4821835,0.021927,-0.040848,-0.070064,0.001243,-0.002046,1,acq,20480,20480,0,16,True,False,1,1200000,8381618,False,-694268,674028,0,0,0,0,1,1,1784379339.325799
1741,108,13,formal,up,6,54,0,-3.624054619351232,1784379341.63879,1784379343.954082,1784379342.7964358,0.022346,-0.041216,-0.070714,0.001271,-0.002069,1,acq,20480,20480,0,16,True,False,1,1200000,8381618,False,-687070,685969,0,0,0,0,1,1,1784379341.63879
1742,108,14,formal,up,6,54,0,-3.624054619351232,1784379343.954346,1784379346.267734,1784379345.11104,0.022738,-0.041547,-0.0713,0.001257,-0.002057,1,acq,20480,20480,0,16,True,False,1,1200000,8381618,False,-697571,675298,0,0,0,0,1,1,1784379343.954346
1743,108,15,formal,up,6,54,0,-3.624054619351232,1784379346.2680068,1784379348.59343,1784379347.4307184,0.023193,-0.041948,-0.071985,0.001267,-0.002074,1,acq,20480,20480,0,16,True,False,1,1200000,8381618,False,-708580,685799,0,0,0,0,1,1,1784379346.2680068
1744,109,0,formal,down,6,54,1,-3.624054619351232,1784379361.1489081,1784379363.466744,1784379362.307826,0.025672,-0.044037,-0.07546,0.001276,-0.002077,1,acq,20480,20480,0,16,True,False,1,1200000,8381618,False,-739661,711544,0,0,0,0,1,1,1784379361.1489081
1745,109,1,formal,down,6,54,1,-3.624054619351232,1784379363.466964,1784379365.791929,1784379364.6294465,0.026037,-0.04433,-0.07598,0.001299,-0.002092,1,acq,20480,20480,0,16,True,False,1,1200000,8381618,False,-730938,714254,0,0,0,0,1,1,1784379363.466964
1746,109,2,formal,down,6,54,1,-3.624054619351232,1784379365.79216,1784379368.110403,1784379366.9512815,0.026436,-0.044648,-0.076514,0.001284,-0.002067,1,acq,20480,20480,0,16,True,False,1,1200000,8381618,False,-739576,729668,0,0,0,0,1,1,1784379365.79216
1747,109,3,formal,down,6,54,1,-3.624054619351232,1784379368.110871,1784379370.432298,1784379369.2715845,0.026799,-0.044865,-0.077005,0.001286,-0.002091,1,acq,20480,20480,0,16,True,False,1,1200000,8381618,False,-736697,716964,0,0,0,0,1,1,1784379368.110871
1748,109,4,formal,down,6,54,1,-3.624054619351232,1784379370.432543,1784379372.754795,1784379371.593669,0.027192,-0.045179,-0.077488,0.001301,-0.002101,1,acq,20480,20480,0,16,True,False,1,1200000,8381618,False,-764982,722469,0,0,0,0,1,1,1784379370.432543
1749,109,5,formal,down,6,54,1,-3.624054619351232,1784379372.755017,1784379375.07424,1784379373.9146285,0.027546,-0.045447,-0.078033,0.001305,-0.002101,1,acq,20480,20480,0,16,True,False,1,1200000,8381618,False,-737543,732039,0,0,0,0,1,1,1784379372.755017
1750,109,6,formal,down,6,54,1,-3.624054619351232,1784379375.074456,1784379377.3930209,1784379376.2337384,0.027887,-0.045759,-0.078485,0.001285,-0.002096,1,acq,20480,20480,0,16,True,False,1,1200000,8381618,False,-759308,735765,0,0,0,0,1,1,1784379375.074456
1751,109,7,formal,down,6,54,1,-3.624054619351232,1784379377.3932831,1784379379.715553,1784379378.554418,0.028254,-0.045998,-0.078888,0.001297,-0.002111,1,acq,20480,20480,0,16,True,False,1,1200000,8381618,False,-756513,733733,0,0,0,0,1,1,1784379377.3932831
1752,109,8,formal,down,6,54,1,-3.624054619351232,1784379379.715792,1784379382.0402849,1784379380.8780384,0.028604,-0.046251,-0.079418,0.001317,-0.002114,1,acq,20480,20480,0,16,True,False,1,1200000,8381618,False,-764305,721792,0,0,0,0,1,1,1784379379.715792
1753,109,9,formal,down,6,54,1,-3.624054619351232,1784379382.040576,1784379384.350864,1784379383.19572,0.028965,-0.046581,-0.079886,0.001307,-0.002105,1,acq,20480,20480,0,16,True,False,1,1200000,8381618,False,-777431,748214,0,0,0,0,1,1,1784379382.040576
1754,109,10,formal,down,6,54,1,-3.624054619351232,1784379384.351116,1784379386.673984,1784379385.5125499,0.029333,-0.046845,-0.080337,0.001308,-0.00212,1,acq,20480,20480,0,16,True,False,1,1200000,8381618,False,-762018,738390,0,0,0,0,1,1,1784379384.351116
1755,109,11,formal,down,6,54,1,-3.624054619351232,1784379386.674208,1784379388.9944801,1784379387.834344,0.029657,-0.047077,-0.080795,0.001315,-0.002112,1,acq,20480,20480,0,16,True,False,1,1200000,8381618,False,-780988,761510,0,0,0,0,1,1,1784379386.674208
1756,109,12,formal,down,6,54,1,-3.624054619351232,1784379388.99472,1784379391.318451,1784379390.1565855,0.030016,-0.047385,-0.081226,0.001323,-0.002122,1,acq,20480,20480,0,16,True,False,1,1200000,8381618,False,-776754,749908,0,0,0,0,1,1,1784379388.99472
1757,109,13,formal,down,6,54,1,-3.624054619351232,1784379391.31876,1784379393.6434581,1784379392.4811091,0.030368,-0.047584,-0.081686,0.001316,-0.002118,1,acq,20480,20480,0,16,True,False,1,1200000,8381618,False,-774806,755243,0,0,0,0,1,1,1784379391.31876
1758,109,14,formal,down,6,54,1,-3.624054619351232,1784379393.643718,1784379395.970552,1784379394.807135,0.030681,-0.047864,-0.082099,0.00131,-0.002123,1,acq,20480,20480,0,16,True,False,1,1200000,8381618,False,-779210,766930,0,0,0,0,1,1,1784379393.643718
1759,109,15,formal,down,6,54,1,-3.624054619351232,1784379395.97088,1784379398.287728,1784379397.129304,0.031076,-0.048151,-0.082532,0.001317,-0.00212,1,acq,20480,20480,0,16,True,False,1,1200000,8381618,False,-773451,763712,0,0,0,0,1,1,1784379395.97088
1760,110,0,formal,down,74,55,0,5.2535817623234795,1784379507.411034,1784379509.738121,1784379508.5745776,0.522591,-0.162488,-0.277167,0.000904,-0.000899,1,acq,20480,20480,0,16,True,False,1,1200000,8381618,False,-2319675,2394539,0,0,0,0,1,1,1784379507.411034
1761,110,1,formal,down,74,55,0,5.2535817623234795,1784379509.738373,1784379512.0582452,1784379510.8983092,0.518855,-0.162103,-0.276593,0.000885,-0.000884,1,acq,20480,20480,0,16,True,False,1,1200000,8381618,False,-2351687,2386917,0,0,0,0,1,1,1784379509.738373
1762,110,2,formal,down,74,55,0,5.2535817623234795,1784379512.058482,1784379514.387744,1784379513.223113,0.51517,-0.161713,-0.275821,0.00093,-0.000904,1,acq,20480,20480,0,16,True,False,1,1200000,8381618,False,-2311884,2398519,0,0,0,0,1,1,1784379512.058482
1763,110,3,formal,down,74,55,0,5.2535817623234795,1784379514.3879821,1784379516.71189,1784379515.549936,0.51233,-0.161599,-0.275695,0.000942,-0.000936,1,acq,20480,20480,0,16,True,False,1,1200000,8381618,False,-2314594,2378787,0,0,0,0,1,1,1784379514.3879821
1764,110,4,formal,down,74,55,0,5.2535817623234795,1784379516.71219,1784379519.027925,1784379517.8700576,0.509807,-0.161421,-0.275478,0.000928,-0.000889,1,acq,20480,20480,0,16,True,False,1,1200000,8381618,False,-2308327,2374468,0,0,0,0,1,1,1784379516.71219
1765,110,5,formal,down,74,55,0,5.2535817623234795,1784379519.028208,1784379521.3443289,1784379520.1862683,0.507069,-0.161182,-0.275197,0.000906,-0.000936,1,acq,20480,20480,0,16,True,False,1,1200000,8381618,False,-2324587,2373537,0,0,0,0,1,1,1784379519.028208
1766,110,6,formal,down,74,55,0,5.2535817623234795,1784379521.344566,1784379523.661293,1784379522.5029297,0.503766,-0.160864,-0.274544,0.000916,-0.000973,1,acq,20480,20480,0,16,True,False,1,1200000,8381618,False,-2315695,2367100,0,0,0,0,1,1,1784379521.344566
1767,110,7,formal,down,74,55,0,5.2535817623234795,1784379523.661546,1784379525.977729,1784379524.8196375,0.501088,-0.160663,-0.274193,0.000928,-0.000949,1,acq,20480,20480,0,16,True,False,1,1200000,8381618,False,-2336613,2358547,0,0,0,0,1,1,1784379523.661546
1768,110,8,formal,down,74,55,0,5.2535817623234795,1784379525.9779708,1784379528.2977228,1784379527.137847,0.498795,-0.160562,-0.274019,0.000923,-0.000971,1,acq,20480,20480,0,16,True,False,1,1200000,8381618,False,-2322639,2333141,0,0,0,0,1,1,1784379525.9779708
1769,110,9,formal,down,74,55,0,5.2535817623234795,1784379528.298063,1784379530.616451,1784379529.457257,0.496168,-0.160216,-0.27348,0.000904,-0.000938,1,acq,20480,20480,0,16,True,False,1,1200000,8381618,False,-2301383,2387764,0,0,0,0,1,1,1784379528.298063
1770,110,10,formal,down,74,55,0,5.2535817623234795,1784379530.616718,1784379532.9394822,1784379531.7781,0.493568,-0.160026,-0.272993,0.000904,-0.000967,1,acq,20480,20480,0,16,True,False,1,1200000,8381618,False,-2311545,2354143,0,0,0,0,1,1,1784379530.616718
1771,110,11,formal,down,74,55,0,5.2535817623234795,1784379532.939772,1784379535.262943,1784379534.1013575,0.491446,-0.15983,-0.272749,0.000889,-0.000961,1,acq,20480,20480,0,16,True,False,1,1200000,8381618,False,-2314425,2368032,0,0,0,0,1,1,1784379532.939772
1772,110,12,formal,down,74,55,0,5.2535817623234795,1784379535.2631838,1784379537.591438,1784379536.427311,0.48912,-0.159633,-0.272492,0.000949,-0.000953,1,acq,20480,20480,0,16,True,False,1,1200000,8381618,False,-2322639,2366084,0,0,0,0,1,1,1784379535.2631838
1773,110,13,formal,down,74,55,0,5.2535817623234795,1784379537.591692,1784379539.916534,1784379538.754113,0.486797,-0.159397,-0.27212,0.000911,-0.000966,1,acq,20480,20480,0,16,True,False,1,1200000,8381618,False,-2299435,2318405,0,0,0,0,1,1,1784379537.591692
1774,110,14,formal,down,74,55,0,5.2535817623234795,1784379539.9168,1784379542.2354581,1784379541.076129,0.484628,-0.159234,-0.271788,0.000958,-0.000986,1,acq,20480,20480,0,16,True,False,1,1200000,8381618,False,-2290882,2335512,0,0,0,0,1,1,1784379539.9168
1775,110,15,formal,down,74,55,0,5.2535817623234795,1784379542.235732,1784379544.564806,1784379543.400269,0.482393,-0.159084,-0.271354,0.000907,-0.001003,1,acq,20480,20480,0,16,True,False,1,1200000,8381618,False,-2287325,2362358,0,0,0,0,1,1,1784379542.235732
1776,111,0,formal,up,74,55,1,5.2535817623234795,1784379557.131534,1784379559.4530199,1784379558.2922769,0.470373,-0.157897,-0.269526,0.000972,-0.000997,1,acq,20480,20480,0,16,True,False,1,1200000,8381618,False,-2258107,2343303,0,0,0,0,1,1,1784379557.131534
1777,111,1,formal,up,74,55,1,5.2535817623234795,1784379559.453422,1784379561.772796,1784379560.613109,0.468657,-0.15779,-0.269409,0.000963,-0.000983,1,acq,20480,20480,0,16,True,False,1,1200000,8381618,False,-2260479,2313747,0,0,0,0,1,1,1784379559.453422
1778,111,2,formal,up,74,55,1,5.2535817623234795,1784379561.773037,1784379564.085218,1784379562.9291275,0.466573,-0.157525,-0.268905,0.000997,-0.000986,1,acq,20480,20480,0,16,True,False,1,1200000,8381618,False,-2287748,2314086,0,0,0,0,1,1,1784379561.773037
1779,111,3,formal,up,74,55,1,5.2535817623234795,1784379564.0854669,1784379566.413016,1784379565.2492414,0.464787,-0.157299,-0.268569,0.000971,-0.001,1,acq,20480,20480,0,16,True,False,1,1200000,8381618,False,-2280042,2320353,0,0,0,0,1,1,1784379564.0854669
1780,111,4,formal,up,74,55,1,5.2535817623234795,1784379566.413298,1784379568.740078,1784379567.5766878,0.462863,-0.157125,-0.26814,0.000959,-0.001007,1,acq,20480,20480,0,16,True,False,1,1200000,8381618,False,-2308412,2318744,0,0,0,0,1,1,1784379566.413298
1781,111,5,formal,up,74,55,1,5.2535817623234795,1784379568.740316,1784379571.063147,1784379569.9017315,0.461657,-0.15714,-0.26822,0.000955,-0.000995,1,acq,20480,20480,0,16,True,False,1,1200000,8381618,False,-2284784,2319591,0,0,0,0,1,1,1784379568.740316
1782,111,6,formal,up,74,55,1,5.2535817623234795,1784379571.063436,1784379573.391391,1784379572.2274137,0.459582,-0.156746,-0.267588,0.000921,-0.000966,1,acq,20480,20480,0,16,True,False,1,1200000,8381618,False,-2275468,2299096,0,0,0,0,1,1,1784379571.063436
1783,111,7,formal,up,74,55,1,5.2535817623234795,1784379573.391615,1784379575.711326,1784379574.5514703,0.458195,-0.156646,-0.267483,0.000981,-0.001058,1,acq,20480,20480,0,16,True,False,1,1200000,8381618,False,-2298249,2286986,0,0,0,0,1,1,1784379573.391615
1784,111,8,formal,up,74,55,1,5.2535817623234795,1784379575.711627,1784379578.027524,1784379576.8695755,0.45643,-0.15647,-0.267049,0.000914,-0.000993,1,acq,20480,20480,0,16,True,False,1,1200000,8381618,False,-2315102,2321115,0,0,0,0,1,1,1784379575.711627
1785,111,9,formal,up,74,55,1,5.2535817623234795,1784379578.0278091,1784379580.34415,1784379579.1859796,0.45489,-0.156263,-0.266767,0.000934,-0.001019,1,acq,20480,20480,0,16,True,False,1,1200000,8381618,False,-2266407,2311376,0,0,0,0,1,1,1784379578.0278091
1786,111,10,formal,up,74,55,1,5.2535817623234795,1784379580.344477,1784379582.6595578,1784379581.5020175,0.453497,-0.156172,-0.266722,0.001001,-0.001095,1,acq,20480,20480,0,16,True,False,1,1200000,8381618,False,-2293337,2305448,0,0,0,0,1,1,1784379580.344477
1787,111,11,formal,up,74,55,1,5.2535817623234795,1784379582.6599739,1784379584.969981,1784379583.8149774,0.452,-0.155986,-0.266369,0.000988,-0.001066,1,acq,20480,20480,0,16,True,False,1,1200000,8381618,False,-2274029,2301383,0,0,0,0,1,1,1784379582.6599739
1788,111,12,formal,up,74,55,1,5.2535817623234795,1784379584.970339,1784379587.290813,1784379586.1305761,0.45035,-0.155788,-0.266111,0.000974,-0.00102,1,acq,20480,20480,0,16,True,False,1,1200000,8381618,False,-2289357,2320014,0,0,0,0,1,1,1784379584.970339
1789,111,13,formal,up,74,55,1,5.2535817623234795,1784379587.291075,1784379589.606119,1784379588.448597,0.449247,-0.155839,-0.266013,0.000986,-0.00104,1,acq,20480,20480,0,16,True,False,1,1200000,8381618,False,-2264967,2323148,0,0,0,0,1,1,1784379587.291075
1790,111,14,formal,up,74,55,1,5.2535817623234795,1784379589.606358,1784379591.9241018,1784379590.76523,0.447572,-0.155601,-0.265595,0.000984,-0.001015,1,acq,20480,20480,0,16,True,False,1,1200000,8381618,False,-2268355,2281905,0,0,0,0,1,1,1784379589.606358
1791,111,15,formal,up,74,55,1,5.2535817623234795,1784379591.9244502,1784379594.244729,1784379593.0845895,0.446568,-0.155587,-0.265501,0.000969,-0.00106,1,acq,20480,20480,0,16,True,False,1,1200000,8381618,False,-2258870,2280888,0,0,0,0,1,1,1784379591.9244502
1792,112,0,formal,up,44,56,0,1.3369774762905182,1784379649.382997,1784379651.701213,1784379650.542105,1.2,0.04962,0.085269,-0.00097,0.001576,1,acq,20480,20480,0,16,True,False,1,1200000,8381618,False,-873636,893877,0,0,0,0,1,1,1784379649.382997
1793,112,1,formal,up,44,56,0,1.3369774762905182,1784379651.7015,1784379654.027394,1784379652.864447,1.2,0.049911,0.085817,-0.000976,0.001594,1,acq,20480,20480,0,16,True,False,1,1200000,8381618,False,-871942,896248,0,0,0,0,1,1,1784379651.7015
1794,112,2,formal,up,44,56,0,1.3369774762905182,1784379654.0276349,1784379656.340845,1784379655.1842399,1.2,0.050133,0.086337,-0.000988,0.001579,1,acq,20480,20480,0,16,True,False,1,1200000,8381618,False,-893961,956461,0,0,0,0,1,1,1784379654.0276349
1795,112,3,formal,up,44,56,0,1.3369774762905182,1784379656.341252,1784379658.665843,1784379657.5035477,1.2,0.050388,0.086805,-0.000973,0.001555,1,acq,20480,20480,0,16,True,False,1,1200000,8381618,False,-891421,946298,0,0,0,0,1,1,1784379656.341252
1796,112,4,formal,up,44,56,0,1.3369774762905182,1784379658.666091,1784379661.002665,1784379659.834378,1.2,0.050583,0.087068,-0.000998,0.001564,1,acq,20480,20480,0,16,True,False,1,1200000,8381618,False,-860848,929953,0,0,0,0,1,1,1784379658.666091
1797,112,5,formal,up,44,56,0,1.3369774762905182,1784379661.0028968,1784379663.331272,1784379662.1670842,1.2,0.050857,0.087555,-0.000997,0.001566,1,acq,20480,20480,0,16,True,False,1,1200000,8381618,False,-883883,935797,0,0,0,0,1,1,1784379661.0028968
1798,112,6,formal,up,44,56,0,1.3369774762905182,1784379663.331528,1784379665.671464,1784379664.5014958,1.2,0.0511,0.087971,-0.000963,0.001558,1,acq,20480,20480,0,16,True,False,1,1200000,8381618,False,-846875,884984,0,0,0,0,1,1,1784379663.331528
1799,112,7,formal,up,44,56,0,1.3369774762905182,1784379665.671687,1784379668.0081658,1784379666.8399262,1.2,0.051207,0.088181,-0.001015,0.00156,1,acq,20480,20480,0,16,True,False,1,1200000,8381618,False,-920045,921061,0,0,0,0,1,1,1784379665.671687
1800,112,8,formal,up,44,56,0,1.3369774762905182,1784379668.0084,1784379670.343359,1784379669.1758795,1.2,0.051339,0.088469,-0.001007,0.001563,1,acq,20480,20480,0,16,True,False,1,1200000,8381618,False,-972721,988642,0,0,0,0,1,1,1784379668.0084
1801,112,9,formal,up,44,56,0,1.3369774762905182,1784379670.343678,1784379672.681076,1784379671.512377,1.2,0.051539,0.088835,-0.000982,0.001551,1,acq,20480,20480,0,16,True,False,1,1200000,8381618,False,-898534,944689,0,0,0,0,1,1,1784379670.343678
1802,112,10,formal,up,44,56,0,1.3369774762905182,1784379672.681335,1784379675.01249,1784379673.8469124,1.2,0.051759,0.089095,-0.001,0.001571,1,acq,20480,20480,0,16,True,False,1,1200000,8381618,False,-899212,971704,0,0,0,0,1,1,1784379672.681335
1803,112,11,formal,up,44,56,0,1.3369774762905182,1784379675.012765,1784379677.341304,1784379676.1770344,1.2,0.051834,0.089366,-0.000996,0.001568,1,acq,20480,20480,0,16,True,False,1,1200000,8381618,False,-953751,924025,0,0,0,0,1,1,1784379675.012765
1804,112,12,formal,up,44,56,0,1.3369774762905182,1784379677.341543,1784379679.676744,1784379678.5091434,1.2,0.051978,0.089621,-0.000963,0.001569,1,acq,20480,20480,0,16,True,False,1,1200000,8381618,False,-868555,939947,0,0,0,0,1,1,1784379677.341543
1805,112,13,formal,up,44,56,0,1.3369774762905182,1784379679.6772218,1784379682.004632,1784379680.840927,1.2,0.052106,0.089781,-0.000991,0.001561,1,acq,20480,20480,0,16,True,False,1,1200000,8381618,False,-973991,957731,0,0,0,0,1,1,1784379679.6772218
1806,112,14,formal,up,44,56,0,1.3369774762905182,1784379682.004858,1784379684.3462021,1784379683.17553,1.2,0.052156,0.089935,-0.000963,0.001562,1,acq,20480,20480,0,16,True,False,1,1200000,8381618,False,-997111,1012608,0,0,0,0,1,1,1784379682.004858
1807,112,15,formal,up,44,56,0,1.3369774762905182,1784379684.346432,1784379686.668031,1784379685.5072315,1.2,0.052376,0.090237,-0.000978,0.001547,1,acq,20480,20480,0,16,True,False,1,1200000,8381618,False,-871773,930970,0,0,0,0,1,1,1784379684.346432
1808,113,0,formal,down,44,56,1,1.3369774762905182,1784379699.366913,1784379701.702304,1784379700.5346084,1.2,0.052889,0.091182,-0.000976,0.00152,1,acq,20480,20480,0,16,True,False,1,1200000,8381618,False,-881343,948246,0,0,0,0,1,1,1784379699.366913
1809,113,1,formal,down,44,56,1,1.3369774762905182,1784379701.7026,1784379704.032023,1784379702.8673115,1.2,0.052959,0.091361,-0.000975,0.001592,1,acq,20480,20480,0,16,True,False,1,1200000,8381618,False,-913355,930292,0,0,0,0,1,1,1784379701.7026
1810,113,2,formal,down,44,56,1,1.3369774762905182,1784379704.032269,1784379706.359448,1784379705.1958585,1.2,0.053062,0.091459,-0.000988,0.001577,1,acq,20480,20480,0,16,True,False,1,1200000,8381618,False,-874398,942995,0,0,0,0,1,1,1784379704.032269
1811,113,3,formal,down,44,56,1,1.3369774762905182,1784379706.359667,1784379708.702413,1784379707.5310402,1.2,0.053142,0.091608,-0.000973,0.001531,1,acq,20480,20480,0,16,True,False,1,1200000,8381618,False,-941386,945367,0,0,0,0,1,1,1784379706.359667
1812,113,4,formal,down,44,56,1,1.3369774762905182,1784379708.702739,1784379711.029106,1784379709.8659225,1.2,0.053119,0.091652,-0.00096,0.001542,1,acq,20480,20480,0,16,True,False,1,1200000,8381618,False,-923602,1004309,0,0,0,0,1,1,1784379708.702739
1813,113,5,formal,down,44,56,1,1.3369774762905182,1784379711.029331,1784379713.363095,1784379712.196213,1.2,0.053273,0.091882,-0.000979,0.001568,1,acq,20480,20480,0,16,True,False,1,1200000,8381618,False,-985508,1010576,0,0,0,0,1,1,1784379711.029331
1814,113,6,formal,down,44,56,1,1.3369774762905182,1784379713.363323,1784379715.6940548,1784379714.528689,1.2,0.053289,0.091954,-0.000983,0.001556,1,acq,20480,20480,0,16,True,False,1,1200000,8381618,False,-942741,959001,0,0,0,0,1,1,1784379713.363323
1815,113,7,formal,down,44,56,1,1.3369774762905182,1784379715.694307,1784379718.0349529,1784379716.86463,1.2,0.053289,0.091969,-0.000989,0.001584,1,acq,20480,20480,0,16,True,False,1,1200000,8381618,False,-998212,1086541,0,0,0,0,1,1,1784379715.694307
1816,113,8,formal,down,44,56,1,1.3369774762905182,1784379718.035268,1784379720.373926,1784379719.204597,1.2,0.053418,0.09221,-0.000968,0.001549,1,acq,20480,20480,0,16,True,False,1,1200000,8381618,False,-958408,950024,0,0,0,0,1,1,1784379718.035268
1817,113,9,formal,down,44,56,1,1.3369774762905182,1784379720.374149,1784379722.702732,1784379721.5384407,1.2,0.053471,0.092202,-0.001,0.001583,1,acq,20480,20480,0,16,True,False,1,1200000,8381618,False,-868894,963744,0,0,0,0,1,1,1784379720.374149
1818,113,10,formal,down,44,56,1,1.3369774762905182,1784379722.702987,1784379725.019073,1784379723.86103,1.2,0.05349,0.092263,-0.000989,0.001557,1,acq,20480,20480,0,16,True,False,1,1200000,8381618,False,-951549,957053,0,0,0,0,1,1,1784379722.702987
1819,113,11,formal,down,44,56,1,1.3369774762905182,1784379725.019328,1784379727.3542771,1784379726.1868026,1.2,0.053537,0.092393,-0.000989,0.001576,1,acq,20480,20480,0,16,True,False,1,1200000,8381618,False,-919876,962812,0,0,0,0,1,1,1784379725.019328
1820,113,12,formal,down,44,56,1,1.3369774762905182,1784379727.3545291,1784379729.694103,1784379728.524316,1.2,0.053586,0.092449,-0.000958,0.001554,1,acq,20480,20480,0,16,True,False,1,1200000,8381618,False,-908358,954089,0,0,0,0,1,1,1784379727.3545291
1821,113,13,formal,down,44,56,1,1.3369774762905182,1784379729.694518,1784379732.018115,1784379730.8563166,1.2,0.053639,0.092577,-0.000985,0.001565,1,acq,20480,20480,0,16,True,False,1,1200000,8381618,False,-977378,981867,0,0,0,0,1,1,1784379729.694518
1822,113,14,formal,down,44,56,1,1.3369774762905182,1784379732.018368,1784379734.3596742,1784379733.189021,1.2,0.053597,0.092614,-0.000974,0.001528,1,acq,20480,20480,0,16,True,False,1,1200000,8381618,False,-962473,1010576,0,0,0,0,1,1,1784379732.018368
1823,113,15,formal,down,44,56,1,1.3369774762905182,1784379734.359922,1784379736.6996942,1784379735.529808,1.2,0.053737,0.092671,-0.000996,0.001578,1,acq,20480,20480,0,16,True,False,1,1200000,8381618,False,-907935,995417,0,0,0,0,1,1,1784379734.359922
1824,114,0,formal,down,36,57,0,0.29254966668172866,1784379756.607388,1784379758.94306,1784379757.775224,1.2,0.135136,0.231879,-0.002158,0.002885,1,acq,20480,20480,0,16,True,False,1,1200000,8381618,False,-1992189,2081873,0,0,0,0,1,1,1784379756.607388
1825,114,1,formal,down,36,57,0,0.29254966668172866,1784379758.943302,1784379761.2822459,1784379760.112774,1.2,0.135219,0.232016,-0.002211,0.002887,1,acq,20480,20480,0,16,True,False,1,1200000,8381618,False,-2044526,2080179,0,0,0,0,1,1,1784379758.943302
1826,114,2,formal,down,36,57,0,0.29254966668172866,1784379761.2824728,1784379763.625998,1784379762.4542356,1.2,0.135373,0.232295,-0.002214,0.002872,1,acq,20480,20480,0,16,True,False,1,1200000,8381618,False,-2054349,2060870,0,0,0,0,1,1,1784379761.2824728
1827,114,3,formal,down,36,57,0,0.29254966668172866,1784379763.626237,1784379765.9525278,1784379764.7893825,1.2,0.135549,0.232627,-0.002208,0.002859,1,acq,20480,20480,0,16,True,False,1,1200000,8381618,False,-2048845,2097455,0,0,0,0,1,1,1784379763.626237
1828,114,4,formal,down,36,57,0,0.29254966668172866,1784379765.952789,1784379768.284052,1784379767.1184206,1.2,0.135709,0.232948,-0.002199,0.002874,1,acq,20480,20480,0,16,True,False,1,1200000,8381618,False,-2067815,2155043,0,0,0,0,1,1,1784379765.952789
1829,114,5,formal,down,36,57,0,0.29254966668172866,1784379768.2842839,1784379770.617742,1784379769.451013,1.2,0.135693,0.232929,-0.002205,0.002874,1,acq,20480,20480,0,16,True,False,1,1200000,8381618,False,-2116341,2133617,0,0,0,0,1,1,1784379768.2842839
1830,114,6,formal,down,36,57,0,0.29254966668172866,1784379770.618465,1784379772.964361,1784379771.7914128,1.2,0.135841,0.233125,-0.0022,0.002871,1,acq,20480,20480,0,16,True,False,1,1200000,8381618,False,-2066036,2086277,0,0,0,0,1,1,1784379770.618465
1831,114,7,formal,down,36,57,0,0.29254966668172866,1784379772.964797,1784379775.298541,1784379774.131669,1.2,0.135832,0.233255,-0.002172,0.002871,1,acq,20480,20480,0,16,True,False,1,1200000,8381618,False,-2032923,2048083,0,0,0,0,1,1,1784379772.964797
1832,114,8,formal,down,36,57,0,0.29254966668172866,1784379775.2987561,1784379777.627541,1784379776.4631486,1.2,0.136017,0.233659,-0.002208,0.002888,1,acq,20480,20480,0,16,True,False,1,1200000,8381618,False,-2017510,2073489,0,0,0,0,1,1,1784379775.2987561
1833,114,9,formal,down,36,57,0,0.29254966668172866,1784379777.627794,1784379779.970212,1784379778.7990031,1.2,0.136108,0.233924,-0.002209,0.002884,1,acq,20480,20480,0,16,True,False,1,1200000,8381618,False,-2030552,2109142,0,0,0,0,1,1,1784379777.627794
1834,114,10,formal,down,36,57,0,0.29254966668172866,1784379779.970492,1784379782.3171132,1784379781.1438026,1.2,0.136249,0.234033,-0.002188,0.002865,1,acq,20480,20480,0,16,True,False,1,1200000,8381618,False,-2029451,2128536,0,0,0,0,1,1,1784379779.970492
1835,114,11,formal,down,36,57,0,0.29254966668172866,1784379782.317353,1784379784.659008,1784379783.4881806,1.2,0.136231,0.233965,-0.00216,0.002936,1,acq,20480,20480,0,16,True,False,1,1200000,8381618,False,-2002859,2085514,0,0,0,0,1,1,1784379782.317353
1836,114,12,formal,down,36,57,0,0.29254966668172866,1784379784.659232,1784379786.994596,1784379785.8269138,1.2,0.136298,0.234132,-0.00219,0.002889,1,acq,20480,20480,0,16,True,False,1,1200000,8381618,False,-2064173,2114986,0,0,0,0,1,1,1784379784.659232
1837,114,13,formal,down,36,57,0,0.29254966668172866,1784379786.994829,1784379789.328183,1784379788.161506,1.2,0.136467,0.234466,-0.002211,0.002827,1,acq,20480,20480,0,16,True,False,1,1200000,8381618,False,-2055874,2068746,0,0,0,0,1,1,1784379786.994829
1838,114,14,formal,down,36,57,0,0.29254966668172866,1784379789.32846,1784379791.65437,1784379790.491415,1.2,0.136401,0.234355,-0.002143,0.002905,1,acq,20480,20480,0,16,True,False,1,1200000,8381618,False,-2137512,2160209,0,0,0,0,1,1,1784379789.32846
1839,114,15,formal,down,36,57,0,0.29254966668172866,1784379791.6546292,1784379793.996841,1784379792.825735,1.2,0.136531,0.234465,-0.002192,0.002895,1,acq,20480,20480,0,16,True,False,1,1200000,8381618,False,-2091866,2116171,0,0,0,0,1,1,1784379791.6546292
1840,115,0,formal,up,36,57,1,0.29254966668172866,1784379806.690604,1784379809.018831,1784379807.8547175,1.2,0.137002,0.235371,-0.002199,0.002859,1,acq,20480,20480,0,16,True,False,1,1200000,8381618,False,-2056297,2113207,0,0,0,0,1,1,1784379806.690604
1841,115,1,formal,up,36,57,1,0.29254966668172866,1784379809.0190861,1784379811.35708,1784379810.1880832,1.2,0.137064,0.235497,-0.002166,0.002896,1,acq,20480,20480,0,16,True,False,1,1200000,8381618,False,-2108465,2106432,0,0,0,0,1,1,1784379809.0190861
1842,115,2,formal,up,36,57,1,0.29254966668172866,1784379811.357311,1784379813.683656,1784379812.5204835,1.2,0.137038,0.235632,-0.00224,0.002919,1,acq,20480,20480,0,16,True,False,1,1200000,8381618,False,-2051724,2061802,0,0,0,0,1,1,1784379811.357311
1843,115,3,formal,up,36,57,1,0.29254966668172866,1784379813.684008,1784379816.018539,1784379814.8512735,1.2,0.137018,0.235605,-0.002215,0.002918,1,acq,20480,20480,0,16,True,False,1,1200000,8381618,False,-2038597,2107364,0,0,0,0,1,1,1784379813.684008
1844,115,4,formal,up,36,57,1,0.29254966668172866,1784379816.018822,1784379818.339778,1784379817.1792998,1.2,0.137064,0.235807,-0.002179,0.002887,1,acq,20480,20480,0,16,True,False,1,1200000,8381618,False,-2055450,2090342,0,0,0,0,1,1,1784379816.018822
1845,115,5,formal,up,36,57,1,0.29254966668172866,1784379818.340009,1784379820.678602,1784379819.5093055,1.2,0.137139,0.235871,-0.002213,0.002889,1,acq,20480,20480,0,16,True,False,1,1200000,8381618,False,-2045881,2154873,0,0,0,0,1,1,1784379818.340009
1846,115,6,formal,up,36,57,1,0.29254966668172866,1784379820.6789,1784379823.009985,1784379821.8444424,1.2,0.13733,0.236004,-0.002189,0.0029,1,acq,20480,20480,0,16,True,False,1,1200000,8381618,False,-2077469,2112360,0,0,0,0,1,1,1784379820.6789
1847,115,7,formal,up,36,57,1,0.29254966668172866,1784379823.010205,1784379825.351587,1784379824.180896,1.2,0.137218,0.235976,-0.002205,0.002907,1,acq,20480,20480,0,16,True,False,1,1200000,8381618,False,-2098217,2125910,0,0,0,0,1,1,1784379823.010205
1848,115,8,formal,up,36,57,1,0.29254966668172866,1784379825.351819,1784379827.691613,1784379826.521716,1.2,0.137296,0.236206,-0.002233,0.002853,1,acq,20480,20480,0,16,True,False,1,1200000,8381618,False,-2101351,2088733,0,0,0,0,1,1,1784379825.351819
1849,115,9,formal,up,36,57,1,0.29254966668172866,1784379827.691922,1784379830.026549,1784379828.8592355,1.2,0.137261,0.236015,-0.00219,0.002895,1,acq,20480,20480,0,16,True,False,1,1200000,8381618,False,-2179179,2172997,0,0,0,0,1,1,1784379827.691922
1850,115,10,formal,up,36,57,1,0.29254966668172866,1784379830.0268438,1784379832.345154,1784379831.185999,1.2,0.137434,0.236273,-0.002188,0.002926,1,acq,20480,20480,0,16,True,False,1,1200000,8381618,False,-2043086,2096016,0,0,0,0,1,1,1784379830.0268438
1851,115,11,formal,up,36,57,1,0.29254966668172866,1784379832.345403,1784379834.6907961,1784379833.5180995,1.2,0.137432,0.236443,-0.002135,0.002881,1,acq,20480,20480,0,16,True,False,1,1200000,8381618,False,-2054688,2086954,0,0,0,0,1,1,1784379832.345403
1852,115,12,formal,up,36,57,1,0.29254966668172866,1784379834.691235,1784379837.019105,1784379835.85517,1.2,0.137514,0.236418,-0.002184,0.002887,1,acq,20480,20480,0,16,True,False,1,1200000,8381618,False,-2107025,2151655,0,0,0,0,1,1,1784379834.691235
1853,115,13,formal,up,36,57,1,0.29254966668172866,1784379837.019348,1784379839.3731468,1784379838.1962473,1.2,0.137553,0.236672,-0.002205,0.002886,1,acq,20480,20480,0,16,True,False,1,1200000,8381618,False,-2019373,2084413,0,0,0,0,1,1,1784379837.019348
1854,115,14,formal,up,36,57,1,0.29254966668172866,1784379839.373417,1784379841.697684,1784379840.5355506,1.2,0.137522,0.236631,-0.002191,0.002911,1,acq,20480,20480,0,16,True,False,1,1200000,8381618,False,-2051893,2122946,0,0,0,0,1,1,1784379839.373417
1855,115,15,formal,up,36,57,1,0.29254966668172866,1784379841.697942,1784379844.018091,1784379842.8580165,1.2,0.137583,0.236444,-0.00218,0.002911,1,acq,20480,20480,0,16,True,False,1,1200000,8381618,False,-2138359,2153518,0,0,0,0,1,1,1784379841.697942
1856,116,0,formal,up,31,58,0,-0.36021771432376504,1784379863.938337,1784379866.2597618,1784379865.0990496,0.954364,0.167657,0.287291,-0.00089,0.00101,1,acq,20480,20480,0,16,True,False,1,1200000,8381618,False,-2422825,2501245,0,0,0,0,1,1,1784379863.938337
1857,116,1,formal,up,31,58,0,-0.36021771432376504,1784379866.2601988,1784379868.597394,1784379867.4287963,0.952541,0.167486,0.287105,-0.000948,0.00101,1,acq,20480,20480,0,16,True,False,1,1200000,8381618,False,-2478380,2498112,0,0,0,0,1,1,1784379866.2601988
1858,116,2,formal,up,31,58,0,-0.36021771432376504,1784379868.59762,1784379870.926411,1784379869.7620153,0.951747,0.167481,0.287302,-0.000848,0.000982,1,acq,20480,20480,0,16,True,False,1,1200000,8381618,False,-2457801,2483630,0,0,0,0,1,1,1784379868.59762
1859,116,3,formal,up,31,58,0,-0.36021771432376504,1784379870.926689,1784379873.256005,1784379872.091347,0.95056,0.167424,0.287241,-0.000903,0.000989,1,acq,20480,20480,0,16,True,False,1,1200000,8381618,False,-2463729,2457038,0,0,0,0,1,1,1784379870.926689
1860,116,4,formal,up,31,58,0,-0.36021771432376504,1784379873.2562292,1784379875.597281,1784379874.426755,0.949778,0.16747,0.287316,-0.000892,0.000998,1,acq,20480,20480,0,16,True,False,1,1200000,8381618,False,-2443234,2518691,0,0,0,0,1,1,1784379873.2562292
1861,116,5,formal,up,31,58,0,-0.36021771432376504,1784379875.5975199,1784379877.926804,1784379876.762162,0.949986,0.167765,0.287759,-0.000902,0.001017,1,acq,20480,20480,0,16,True,False,1,1200000,8381618,False,-2516912,2468302,0,0,0,0,1,1,1784379875.5975199
1862,116,6,formal,up,31,58,0,-0.36021771432376504,1784379877.927045,1784379880.25147,1784379879.0892577,0.948472,0.167562,0.287455,-0.00088,0.000962,1,acq,20480,20480,0,16,True,False,1,1200000,8381618,False,-2490998,2496672,0,0,0,0,1,1,1784379877.927045
1863,116,7,formal,up,31,58,0,-0.36021771432376504,1784379880.251776,1784379882.578836,1784379881.415306,0.948065,0.16765,0.287628,-0.000887,0.000977,1,acq,20480,20480,0,16,True,False,1,1200000,8381618,False,-2453566,2436713,0,0,0,0,1,1,1784379880.251776
1864,116,8,formal,up,31,58,0,-0.36021771432376504,1784379882.579073,1784379884.9267461,1784379883.7529097,0.946623,0.167532,0.287399,-0.000894,0.000973,1,acq,20480,20480,0,16,True,False,1,1200000,8381618,False,-2463729,2454498,0,0,0,0,1,1,1784379882.579073
1865,116,9,formal,up,31,58,0,-0.36021771432376504,1784379884.9270241,1784379887.251588,1784379886.089306,0.946874,0.167695,0.287754,-0.000891,0.001012,1,acq,20480,20480,0,16,True,False,1,1200000,8381618,False,-2470080,2487357,0,0,0,0,1,1,1784379884.9270241
1866,116,10,formal,up,31,58,0,-0.36021771432376504,1784379887.2518132,1784379889.585403,1784379888.4186082,0.9457,0.167531,0.2877,-0.000866,0.001,1,acq,20480,20480,0,16,True,False,1,1200000,8381618,False,-2500398,2488712,0,0,0,0,1,1,1784379887.2518132
1867,116,11,formal,up,31,58,0,-0.36021771432376504,1784379889.5856261,1784379891.917696,1784379890.751661,0.945264,0.16768,0.287849,-0.000883,0.000957,1,acq,20480,20480,0,16,True,False,1,1200000,8381618,False,-2487357,2462713,0,0,0,0,1,1,1784379889.5856261
1868,116,12,formal,up,31,58,0,-0.36021771432376504,1784379891.917936,1784379894.233681,1784379893.0758085,0.94546,0.167772,0.288105,-0.000876,0.001009,1,acq,20480,20480,0,16,True,False,1,1200000,8381618,False,-2472028,2462204,0,0,0,0,1,1,1784379891.917936
1869,116,13,formal,up,31,58,0,-0.36021771432376504,1784379894.233908,1784379896.570498,1784379895.402203,0.944815,0.167757,0.288124,-0.000881,0.00098,1,acq,20480,20480,0,16,True,False,1,1200000,8381618,False,-2460087,2466354,0,0,0,0,1,1,1784379894.233908
1870,116,14,formal,up,31,58,0,-0.36021771432376504,1784379896.570729,1784379898.899891,1784379897.73531,0.944678,0.167917,0.288278,-0.000847,0.001017,1,acq,20480,20480,0,16,True,False,1,1200000,8381618,False,-2425789,2480666,0,0,0,0,1,1,1784379896.570729
1871,116,15,formal,up,31,58,0,-0.36021771432376504,1784379898.9003038,1784379901.2300081,1784379900.065156,0.94374,0.167799,0.288327,-0.000903,0.001004,1,acq,20480,20480,0,16,True,False,1,1200000,8381618,False,-2483122,2528176,0,0,0,0,1,1,1784379898.9003038
1872,117,0,formal,down,31,58,1,-0.36021771432376504,1784379913.955082,1784379916.277014,1784379915.1160479,0.941097,0.168004,0.288551,-0.000882,0.00096,1,acq,20480,20480,0,16,True,False,1,1200000,8381618,False,-2473891,2479396,0,0,0,0,1,1,1784379913.955082
1873,117,1,formal,down,31,58,1,-0.36021771432376504,1784379916.277534,1784379918.618228,1784379917.447881,0.940825,0.168109,0.288697,-0.000897,0.000971,1,acq,20480,20480,0,16,True,False,1,1200000,8381618,False,-2436544,2456784,0,0,0,0,1,1,1784379916.277534
1874,117,2,formal,down,31,58,1,-0.36021771432376504,1784379918.618657,1784379920.954015,1784379919.786336,0.939365,0.167922,0.288429,-0.000827,0.000992,1,acq,20480,20480,0,16,True,False,1,1200000,8381618,False,-2505903,2519284,0,0,0,0,1,1,1784379918.618657
1875,117,3,formal,down,31,58,1,-0.36021771432376504,1784379920.954276,1784379923.279306,1784379922.116791,0.938995,0.167946,0.288409,-0.000864,0.000945,1,acq,20480,20480,0,16,True,False,1,1200000,8381618,False,-2489897,2502600,0,0,0,0,1,1,1784379920.954276
1876,117,4,formal,down,31,58,1,-0.36021771432376504,1784379923.279704,1784379925.615621,1784379924.4476626,0.938764,0.167951,0.288568,-0.000822,0.000956,1,acq,20480,20480,0,16,True,False,1,1200000,8381618,False,-2436713,2466015,0,0,0,0,1,1,1784379923.279704
1877,117,5,formal,down,31,58,1,-0.36021771432376504,1784379925.6159098,1784379927.9363961,1784379926.776153,0.937464,0.167862,0.288364,-0.000861,0.000965,1,acq,20480,20480,0,16,True,False,1,1200000,8381618,False,-2500314,2519623,0,0,0,0,1,1,1784379925.6159098
1878,117,6,formal,down,31,58,1,-0.36021771432376504,1784379927.936666,1784379930.2721028,1784379929.1043844,0.937306,0.167976,0.288505,-0.000904,0.000968,1,acq,20480,20480,0,16,True,False,1,1200000,8381618,False,-2475331,2524619,0,0,0,0,1,1,1784379927.936666
1879,117,7,formal,down,31,58,1,-0.36021771432376504,1784379930.272432,1784379932.601354,1784379931.436893,0.938097,0.168164,0.288965,-0.000898,0.000991,1,acq,20480,20480,0,16,True,False,1,1200000,8381618,False,-2452719,2497096,0,0,0,0,1,1,1784379930.272432
1880,117,8,formal,down,31,58,1,-0.36021771432376504,1784379932.602091,1784379934.938473,1784379933.770282,0.937638,0.168168,0.288893,-0.000842,0.000971,1,acq,20480,20480,0,16,True,False,1,1200000,8381618,False,-2477533,2483546,0,0,0,0,1,1,1784379932.602091
1881,117,9,formal,down,31,58,1,-0.36021771432376504,1784379934.938733,1784379937.257292,1784379936.0980124,0.936975,0.16816,0.288829,-0.000837,0.000937,1,acq,20480,20480,0,16,True,False,1,1200000,8381618,False,-2485239,2521232,0,0,0,0,1,1,1784379934.938733
1882,117,10,formal,down,31,58,1,-0.36021771432376504,1784379937.257581,1784379939.589445,1784379938.423513,0.936377,0.168152,0.288843,-0.000889,0.000987,1,acq,20480,20480,0,16,True,False,1,1200000,8381618,False,-2501330,2502516,0,0,0,0,1,1,1784379937.257581
1883,117,11,formal,down,31,58,1,-0.36021771432376504,1784379939.5896478,1784379941.931585,1784379940.7606163,0.936055,0.168169,0.288919,-0.00087,0.000949,1,acq,20480,20480,0,16,True,False,1,1200000,8381618,False,-2482953,2457377,0,0,0,0,1,1,1784379939.5896478
1884,117,12,formal,down,31,58,1,-0.36021771432376504,1784379941.9318762,1784379944.2625751,1784379943.0972257,0.935392,0.168138,0.288821,-0.00086,0.000965,1,acq,20480,20480,0,16,True,False,1,1200000,8381618,False,-2437730,2503278,0,0,0,0,1,1,1784379941.9318762
1885,117,13,formal,down,31,58,1,-0.36021771432376504,1784379944.26284,1784379946.593875,1784379945.4283576,0.935409,0.168169,0.289013,-0.000869,0.001008,1,acq,20480,20480,0,16,True,False,1,1200000,8381618,False,-2472536,2432564,0,0,0,0,1,1,1784379944.26284
1886,117,14,formal,down,31,58,1,-0.36021771432376504,1784379946.594444,1784379948.933624,1784379947.764034,0.934319,0.16811,0.28884,-0.000844,0.000968,1,acq,20480,20480,0,16,True,False,1,1200000,8381618,False,-2447130,2505564,0,0,0,0,1,1,1784379946.594444
1887,117,15,formal,down,31,58,1,-0.36021771432376504,1784379948.933861,1784379951.269094,1784379950.1014776,0.933721,0.168076,0.288802,-0.000799,0.00099,1,acq,20480,20480,0,16,True,False,1,1200000,8381618,False,-2509968,2516320,0,0,0,0,1,1,1784379948.933861
1888,118,0,formal,down,49,59,0,1.989744857296012,1784379989.836776,1784379992.179735,1784379991.0082555,1.2,-0.002253,-0.003942,-0.000839,0.001547,1,acq,20480,20480,0,16,True,False,1,1200000,8381618,False,-218917,274049,0,0,0,0,1,1,1784379989.836776
1889,118,1,formal,down,49,59,0,1.989744857296012,1784379992.1800802,1784379994.5263948,1784379993.3532376,1.2,-0.00262,-0.004544,-0.000834,0.001522,1,acq,20480,20480,0,16,True,False,1,1200000,8381618,False,-192241,230011,0,0,0,0,1,1,1784379992.1800802
1890,118,2,formal,down,49,59,0,1.989744857296012,1784379994.526934,1784379996.861256,1784379995.694095,1.2,-0.002968,-0.005046,-0.000861,0.001527,1,acq,20480,20480,0,16,True,False,1,1200000,8381618,False,-258212,316138,0,0,0,0,1,1,1784379994.526934
1891,118,3,formal,down,49,59,0,1.989744857296012,1784379996.861492,1784379999.2013922,1784379998.0314422,1.2,-0.003224,-0.005547,-0.000797,0.001542,1,acq,20480,20480,0,16,True,False,1,1200000,8381618,False,-296491,308601,0,0,0,0,1,1,1784379996.861492
1892,118,4,formal,down,49,59,0,1.989744857296012,1784379999.201629,1784380001.534747,1784380000.368188,1.2,-0.003465,-0.005952,-0.000836,0.001532,1,acq,20480,20480,0,16,True,False,1,1200000,8381618,False,-269222,325708,0,0,0,0,1,1,1784379999.201629
1893,118,5,formal,down,49,59,0,1.989744857296012,1784380001.534979,1784380003.877184,1784380002.7060814,1.2,-0.003769,-0.006421,-0.000809,0.001495,1,acq,20480,20480,0,16,True,False,1,1200000,8381618,False,-215191,346711,0,0,0,0,1,1,1784380001.534979
1894,118,6,formal,down,49,59,0,1.989744857296012,1784380003.877462,1784380006.218654,1784380005.048058,1.2,-0.004017,-0.006826,-0.000841,0.001525,1,acq,20480,20480,0,16,True,False,1,1200000,8381618,False,-277606,293950,0,0,0,0,1,1,1784380003.877462
1895,118,7,formal,down,49,59,0,1.989744857296012,1784380006.2188969,1784380008.5346072,1784380007.376752,1.2,-0.004189,-0.007203,-0.000825,0.001528,1,acq,20480,20480,0,16,True,False,1,1200000,8381618,False,-276674,311819,0,0,0,0,1,1,1784380006.2188969
1896,118,8,formal,down,49,59,0,1.989744857296012,1784380008.535082,1784380010.878269,1784380009.7066755,1.2,-0.004406,-0.00764,-0.000836,0.001527,1,acq,20480,20480,0,16,True,False,1,1200000,8381618,False,-281247,367120,0,0,0,0,1,1,1784380008.535082
1897,118,9,formal,down,49,59,0,1.989744857296012,1784380010.878495,1784380013.211858,1784380012.0451765,1.2,-0.004675,-0.00799,-0.000831,0.00153,1,acq,20480,20480,0,16,True,False,1,1200000,8381618,False,-321982,340783,0,0,0,0,1,1,1784380010.878495
1898,118,10,formal,down,49,59,0,1.989744857296012,1784380013.2121449,1784380015.536614,1784380014.3743794,1.2,-0.004868,-0.008412,-0.000814,0.001501,1,acq,20480,20480,0,16,True,False,1,1200000,8381618,False,-214090,292849,0,0,0,0,1,1,1784380013.2121449
1899,118,11,formal,down,49,59,0,1.989744857296012,1784380015.5368588,1784380017.861551,1784380016.699205,1.2,-0.005041,-0.008751,-0.00084,0.00152,1,acq,20480,20480,0,16,True,False,1,1200000,8381618,False,-230689,232552,0,0,0,0,1,1,1784380015.5368588
1900,118,12,formal,down,49,59,0,1.989744857296012,1784380017.861799,1784380020.202954,1784380019.0323765,1.2,-0.005213,-0.009015,-0.000831,0.001492,1,acq,20480,20480,0,16,True,False,1,1200000,8381618,False,-243900,308855,0,0,0,0,1,1,1784380017.861799
1901,118,13,formal,down,49,59,0,1.989744857296012,1784380020.203219,1784380022.5181499,1784380021.3606844,1.2,-0.005404,-0.0093,-0.000829,0.001515,1,acq,20480,20480,0,16,True,False,1,1200000,8381618,False,-283703,310718,0,0,0,0,1,1,1784380020.203219
1902,118,14,formal,down,49,59,0,1.989744857296012,1784380022.518386,1784380024.83482,1784380023.6766028,1.2,-0.005596,-0.009597,-0.000789,0.001506,1,acq,20480,20480,0,16,True,False,1,1200000,8381618,False,-274049,306992,0,0,0,0,1,1,1784380022.518386
1903,118,15,formal,down,49,59,0,1.989744857296012,1784380024.835419,1784380027.17012,1784380026.0027695,1.2,-0.005686,-0.009779,-0.000818,0.001513,1,acq,20480,20480,0,16,True,False,1,1200000,8381618,False,-273287,359244,0,0,0,0,1,1,1784380024.835419
1904,119,0,formal,up,49,59,1,1.989744857296012,1784380039.882783,1784380042.213965,1784380041.048374,1.2,-0.006595,-0.011432,-0.00081,0.001491,1,acq,20480,20480,0,16,True,False,1,1200000,8381618,False,-318594,339682,0,0,0,0,1,1,1784380039.882783
1905,119,1,formal,up,49,59,1,1.989744857296012,1784380042.214252,1784380044.559595,1784380043.3869236,1.2,-0.006777,-0.01168,-0.00081,0.001501,1,acq,20480,20480,0,16,True,False,1,1200000,8381618,False,-277013,349421,0,0,0,0,1,1,1784380042.214252
1906,119,2,formal,up,49,59,1,1.989744857296012,1784380044.559819,1784380046.893337,1784380045.726578,1.2,-0.006846,-0.011861,-0.000804,0.001491,1,acq,20480,20480,0,16,True,False,1,1200000,8381618,False,-288869,285651,0,0,0,0,1,1,1784380044.559819
1907,119,3,formal,up,49,59,1,1.989744857296012,1784380046.893707,1784380049.231524,1784380048.0626154,1.2,-0.00704,-0.012063,-0.000818,0.001508,1,acq,20480,20480,0,16,True,False,1,1200000,8381618,False,-291833,344255,0,0,0,0,1,1,1784380046.893707
1908,119,4,formal,up,49,59,1,1.989744857296012,1784380049.231824,1784380051.559936,1784380050.39588,1.2,-0.007138,-0.012322,-0.000803,0.001523,1,acq,20480,20480,0,16,True,False,1,1200000,8381618,False,-267020,378723,0,0,0,0,1,1,1784380049.231824
1909,119,5,formal,up,49,59,1,1.989744857296012,1784380051.560521,1784380053.901553,1784380052.731037,1.2,-0.007236,-0.012516,-0.000823,0.001504,1,acq,20480,20480,0,16,True,False,1,1200000,8381618,False,-268544,306992,0,0,0,0,1,1,1784380051.560521
1910,119,6,formal,up,49,59,1,1.989744857296012,1784380053.901802,1784380056.237036,1784380055.069419,1.2,-0.007363,-0.012706,-0.000832,0.001481,1,acq,20480,20480,0,16,True,False,1,1200000,8381618,False,-315037,360599,0,0,0,0,1,1,1784380053.901802
1911,119,7,formal,up,49,59,1,1.989744857296012,1784380056.2372448,1784380058.56828,1784380057.4027624,1.2,-0.007502,-0.012949,-0.000818,0.001486,1,acq,20480,20480,0,16,True,False,1,1200000,8381618,False,-285143,295644,0,0,0,0,1,1,1784380056.2372448
1912,119,8,formal,up,49,59,1,1.989744857296012,1784380058.568606,1784380060.8914938,1784380059.7300498,1.2,-0.007693,-0.013157,-0.000835,0.001541,1,acq,20480,20480,0,16,True,False,1,1200000,8381618,False,-253300,362547,0,0,0,0,1,1,1784380058.568606
1913,119,9,formal,up,49,59,1,1.989744857296012,1784380060.891767,1784380063.230546,1784380062.0611565,1.2,-0.00769,-0.013345,-0.000763,0.001476,1,acq,20480,20480,0,16,True,False,1,1200000,8381618,False,-350691,368814,0,0,0,0,1,1,1784380060.891767
1914,119,10,formal,up,49,59,1,1.989744857296012,1784380063.230798,1784380065.552116,1784380064.391457,1.2,-0.007793,-0.0135,-0.000808,0.001458,1,acq,20480,20480,0,16,True,False,1,1200000,8381618,False,-311735,337649,0,0,0,0,1,1,1784380063.230798
1915,119,11,formal,up,49,59,1,1.989744857296012,1784380065.552355,1784380067.879689,1784380066.716022,1.2,-0.007984,-0.013719,-0.000824,0.00151,1,acq,20480,20480,0,16,True,False,1,1200000,8381618,False,-352723,391510,0,0,0,0,1,1,1784380065.552355
1916,119,12,formal,up,49,59,1,1.989744857296012,1784380067.879924,1784380070.220139,1784380069.0500317,1.2,-0.008019,-0.013865,-0.000823,0.001474,1,acq,20480,20480,0,16,True,False,1,1200000,8381618,False,-306569,345694,0,0,0,0,1,1,1784380067.879924
1917,119,13,formal,up,49,59,1,1.989744857296012,1784380070.220505,1784380072.561634,1784380071.3910694,1.2,-0.0081,-0.014039,-0.000801,0.00149,1,acq,20480,20480,0,16,True,False,1,1200000,8381618,False,-319441,414715,0,0,0,0,1,1,1784380070.220505
1918,119,14,formal,up,49,59,1,1.989744857296012,1784380072.5619168,1784380074.8884811,1784380073.725199,1.2,-0.008258,-0.014224,-0.00081,0.001471,1,acq,20480,20480,0,16,True,False,1,1200000,8381618,False,-311819,382195,0,0,0,0,1,1,1784380072.5619168
1919,119,15,formal,up,49,59,1,1.989744857296012,1784380074.8887239,1784380077.201941,1784380076.0453324,1.2,-0.008366,-0.014359,-0.000805,0.001507,1,acq,20480,20480,0,16,True,False,1,1200000,8381618,False,-358736,376013,0,0,0,0,1,1,1784380074.8887239
1920,120,0,formal,up,66,60,0,4.20915395271469,1784380110.005057,1784380112.327183,1784380111.16612,0.937779,-0.164637,-0.281211,0.001217,-0.001038,1,acq,20480,20480,0,16,True,False,1,1200000,8381618,False,-2471012,2466778,0,0,0,0,1,1,1784380110.005057
1921,120,1,formal,up,66,60,0,4.20915395271469,1784380112.3274791,1784380114.670027,1784380113.498753,0.935996,-0.164774,-0.281476,0.001227,-0.001052,1,acq,20480,20480,0,16,True,False,1,1200000,8381618,False,-2431039,2458393,0,0,0,0,1,1,1784380112.3274791
1922,120,2,formal,up,66,60,0,4.20915395271469,1784380114.670408,1784380117.003329,1784380115.8368685,0.933257,-0.164799,-0.281483,0.001269,-0.00106,1,acq,20480,20480,0,16,True,False,1,1200000,8381618,False,-2378110,2450941,0,0,0,0,1,1,1784380114.670408
1923,120,3,formal,up,66,60,0,4.20915395271469,1784380117.0035589,1784380119.3302631,1784380118.1669111,0.931036,-0.164776,-0.281627,0.001225,-0.001035,1,acq,20480,20480,0,16,True,False,1,1200000,8381618,False,-2410799,2473129,0,0,0,0,1,1,1784380117.0035589
1924,120,4,formal,up,66,60,0,4.20915395271469,1784380119.330488,1784380121.663452,1784380120.49697,0.928775,-0.164809,-0.281734,0.001285,-0.001098,1,acq,20480,20480,0,16,True,False,1,1200000,8381618,False,-2447130,2484901,0,0,0,0,1,1,1784380119.330488
1925,120,5,formal,up,66,60,0,4.20915395271469,1784380121.663678,1784380123.994029,1784380122.8288536,0.9282,-0.165133,-0.282207,0.001238,-0.001064,1,acq,20480,20480,0,16,True,False,1,1200000,8381618,False,-2410884,2501161,0,0,0,0,1,1,1784380121.663678
1926,120,6,formal,up,66,60,0,4.20915395271469,1784380123.994333,1784380126.334669,1784380125.1645012,0.926366,-0.165182,-0.282321,0.001251,-0.001069,1,acq,20480,20480,0,16,True,False,1,1200000,8381618,False,-2419607,2453566,0,0,0,0,1,1,1784380123.994333
1927,120,7,formal,up,66,60,0,4.20915395271469,1784380126.334924,1784380128.658187,1784380127.4965553,0.924625,-0.165123,-0.282431,0.001287,-0.001124,1,acq,20480,20480,0,16,True,False,1,1200000,8381618,False,-2412916,2423672,0,0,0,0,1,1,1784380126.334924
1928,120,8,formal,up,66,60,0,4.20915395271469,1784380128.6583948,1784380130.978304,1784380129.8183494,0.922812,-0.165184,-0.282477,0.001276,-0.001085,1,acq,20480,20480,0,16,True,False,1,1200000,8381618,False,-2417320,2424180,0,0,0,0,1,1,1784380128.6583948
1929,120,9,formal,up,66,60,0,4.20915395271469,1784380130.978536,1784380133.294988,1784380132.136762,0.921259,-0.165239,-0.282644,0.001258,-0.001117,1,acq,20480,20480,0,16,True,False,1,1200000,8381618,False,-2414102,2470165,0,0,0,0,1,1,1784380130.978536
1930,120,10,formal,up,66,60,0,4.20915395271469,1784380133.295211,1784380135.616989,1784380134.4561,0.919981,-0.165318,-0.282783,0.001292,-0.001109,1,acq,20480,20480,0,16,True,False,1,1200000,8381618,False,-2415118,2414017,0,0,0,0,1,1,1784380133.295211
1931,120,11,formal,up,66,60,0,4.20915395271469,1784380135.617207,1784380137.961419,1784380136.789313,0.918192,-0.165319,-0.28276,0.001267,-0.001084,1,acq,20480,20480,0,16,True,False,1,1200000,8381618,False,-2410799,2472113,0,0,0,0,1,1,1784380135.617207
1932,120,12,formal,up,66,60,0,4.20915395271469,1784380137.9619179,1784380140.297855,1784380139.1298864,0.916438,-0.165332,-0.282723,0.001241,-0.001106,1,acq,20480,20480,0,16,True,False,1,1200000,8381618,False,-2391490,2437899,0,0,0,0,1,1,1784380137.9619179
1933,120,13,formal,up,66,60,0,4.20915395271469,1784380140.2981389,1784380142.6424918,1784380141.4703155,0.915512,-0.165441,-0.283012,0.001241,-0.001114,1,acq,20480,20480,0,16,True,False,1,1200000,8381618,False,-2405548,2468725,0,0,0,0,1,1,1784380140.2981389
1934,120,14,formal,up,66,60,0,4.20915395271469,1784380142.642734,1784380144.983,1784380143.8128672,0.913586,-0.165388,-0.282847,0.001251,-0.001103,1,acq,20480,20480,0,16,True,False,1,1200000,8381618,False,-2415457,2482021,0,0,0,0,1,1,1784380142.642734
1935,120,15,formal,up,66,60,0,4.20915395271469,1784380144.983262,1784380147.320207,1784380146.1517346,0.912793,-0.165487,-0.283153,0.001298,-0.001049,1,acq,20480,20480,0,16,True,False,1,1200000,8381618,False,-2421300,2442133,0,0,0,0,1,1,1784380144.983262
1936,121,0,formal,down,66,60,1,4.20915395271469,1784380160.05465,1784380162.388947,1784380161.2217984,0.903868,-0.165621,-0.283375,0.001259,-0.001114,1,acq,20480,20480,0,16,True,False,1,1200000,8381618,False,-2476855,2493200,0,0,0,0,1,1,1784380160.05465
1937,121,1,formal,down,66,60,1,4.20915395271469,1784380162.389197,1784380164.717686,1784380163.5534415,0.90325,-0.165778,-0.283527,0.001233,-0.001133,1,acq,20480,20480,0,16,True,False,1,1200000,8381618,False,-2475077,2493539,0,0,0,0,1,1,1784380162.389197
1938,121,2,formal,down,66,60,1,4.20915395271469,1784380164.718034,1784380167.045642,1784380165.8818378,0.901872,-0.165771,-0.283524,0.001247,-0.001121,1,acq,20480,20480,0,16,True,False,1,1200000,8381618,False,-2507258,2480243,0,0,0,0,1,1,1784380164.718034
1939,121,3,formal,down,66,60,1,4.20915395271469,1784380167.045877,1784380169.374143,1784380168.21001,0.90113,-0.165881,-0.283707,0.001264,-0.001136,1,acq,20480,20480,0,16,True,False,1,1200000,8381618,False,-2451703,2445098,0,0,0,0,1,1,1784380167.045877
1940,121,4,formal,down,66,60,1,4.20915395271469,1784380169.374402,1784380171.699208,1784380170.5368052,0.90002,-0.165805,-0.283743,0.001266,-0.001138,1,acq,20480,20480,0,16,True,False,1,1200000,8381618,False,-2427991,2510984,0,0,0,0,1,1,1784380169.374402
1941,121,5,formal,down,66,60,1,4.20915395271469,1784380171.699423,1784380174.030754,1784380172.8650885,0.899086,-0.1659,-0.283789,0.001275,-0.001113,1,acq,20480,20480,0,16,True,False,1,1200000,8381618,False,-2418844,2491083,0,0,0,0,1,1,1784380171.699423
1942,121,6,formal,down,66,60,1,4.20915395271469,1784380174.031072,1784380176.3670871,1784380175.1990795,0.897793,-0.16585,-0.28386,0.001295,-0.001118,1,acq,20480,20480,0,16,True,False,1,1200000,8381618,False,-2455853,2488796,0,0,0,0,1,1,1784380174.031072
1943,121,7,formal,down,66,60,1,4.20915395271469,1784380176.367382,1784380178.704384,1784380177.535883,0.896362,-0.165852,-0.283773,0.001255,-0.001142,1,acq,20480,20480,0,16,True,False,1,1200000,8381618,False,-2462882,2462713,0,0,0,0,1,1,1784380176.367382
1944,121,8,formal,down,66,60,1,4.20915395271469,1784380178.704602,1784380181.03491,1784380179.869756,0.896365,-0.166128,-0.284131,0.001287,-0.001166,1,acq,20480,20480,0,16,True,False,1,1200000,8381618,False,-2405887,2464576,0,0,0,0,1,1,1784380178.704602
1945,121,9,formal,down,66,60,1,4.20915395271469,1784380181.035298,1784380183.3696508,1784380182.2024746,0.894195,-0.165847,-0.283899,0.001279,-0.001143,1,acq,20480,20480,0,16,True,False,1,1200000,8381618,False,-2454074,2468810,0,0,0,0,1,1,1784380181.035298
1946,121,10,formal,down,66,60,1,4.20915395271469,1784380183.3698628,1784380185.69729,1784380184.5335765,0.893688,-0.16596,-0.284084,0.001327,-0.001166,1,acq,20480,20480,0,16,True,False,1,1200000,8381618,False,-2461442,2458563,0,0,0,0,1,1,1784380183.3698628
1947,121,11,formal,down,66,60,1,4.20915395271469,1784380185.697543,1784380188.034525,1784380186.866034,0.893414,-0.166155,-0.284245,0.001279,-0.001135,1,acq,20480,20480,0,16,True,False,1,1200000,8381618,False,-2424518,2472536,0,0,0,0,1,1,1784380185.697543
1948,121,12,formal,down,66,60,1,4.20915395271469,1784380188.034925,1784380190.378123,1784380189.206524,0.892813,-0.166164,-0.284395,0.001272,-0.001173,1,acq,20480,20480,0,16,True,False,1,1200000,8381618,False,-2433495,2474653,0,0,0,0,1,1,1784380188.034925
1949,121,13,formal,down,66,60,1,4.20915395271469,1784380190.378397,1784380192.6941319,1784380191.5362644,0.891186,-0.16604,-0.284265,0.00129,-0.001169,1,acq,20480,20480,0,16,True,False,1,1200000,8381618,False,-2461612,2454837,0,0,0,0,1,1,1784380190.378397
1950,121,14,formal,down,66,60,1,4.20915395271469,1784380192.69439,1784380195.026443,1784380193.8604164,0.890664,-0.166127,-0.284438,0.001309,-0.001163,1,acq,20480,20480,0,16,True,False,1,1200000,8381618,False,-2452042,2465846,0,0,0,0,1,1,1784380192.69439
1951,121,15,formal,down,66,60,1,4.20915395271469,1784380195.026745,1784380197.3757088,1784380196.201227,0.890964,-0.166378,-0.284811,0.001278,-0.001161,1,acq,20480,20480,0,16,True,False,1,1200000,8381618,False,-2407835,2465084,0,0,0,0,1,1,1784380195.026745
1952,122,0,formal,down,14,61,0,-2.5796268097424426,1784380281.808415,1784380284.132575,1784380282.970495,0.100798,0.085353,0.145974,0.000539,-0.001268,1,acq,20480,20480,0,16,True,False,1,1200000,8381618,False,-1287927,1307914,0,0,0,0,1,1,1784380281.808415
1953,122,1,formal,down,14,61,0,-2.5796268097424426,1784380284.132818,1784380286.45166,1784380285.292239,0.099124,0.08476,0.144885,0.000558,-0.001262,1,acq,20480,20480,0,16,True,False,1,1200000,8381618,False,-1264638,1283100,0,0,0,0,1,1,1784380284.132818
1954,122,2,formal,down,14,61,0,-2.5796268097424426,1784380286.451956,1784380288.784393,1784380287.6181746,0.097483,0.084032,0.143673,0.000559,-0.00127,1,acq,20480,20480,0,16,True,False,1,1200000,8381618,False,-1251512,1289198,0,0,0,0,1,1,1784380286.451956
1955,122,3,formal,down,14,61,0,-2.5796268097424426,1784380288.784678,1784380291.109132,1784380289.9469051,0.096047,0.083507,0.142823,0.000548,-0.001235,1,acq,20480,20480,0,16,True,False,1,1200000,8381618,False,-1253375,1261928,0,0,0,0,1,1,1784380288.784678
1956,122,4,formal,down,14,61,0,-2.5796268097424426,1784380291.109357,1784380293.4408472,1784380292.2751021,0.094648,0.082915,0.141796,0.000567,-0.001273,1,acq,20480,20480,0,16,True,False,1,1200000,8381618,False,-1250157,1258880,0,0,0,0,1,1,1784380291.109357
1957,122,5,formal,down,14,61,0,-2.5796268097424426,1784380293.441073,1784380295.770271,1784380294.605672,0.093348,0.082348,0.140995,0.000548,-0.001281,1,acq,20480,20480,0,16,True,False,1,1200000,8381618,False,-1246431,1242281,0,0,0,0,1,1,1784380293.441073
1958,122,6,formal,down,14,61,0,-2.5796268097424426,1784380295.7705731,1784380298.092381,1784380296.931477,0.092111,0.081916,0.140147,0.000575,-0.001261,1,acq,20480,20480,0,16,True,False,1,1200000,8381618,False,-1247786,1233728,0,0,0,0,1,1,1784380295.7705731
1959,122,7,formal,down,14,61,0,-2.5796268097424426,1784380298.0932,1784380300.4362721,1784380299.2647362,0.090934,0.081365,0.139275,0.000557,-0.001265,1,acq,20480,20480,0,16,True,False,1,1200000,8381618,False,-1231356,1223311,0,0,0,0,1,1,1784380298.0932
1960,122,8,formal,down,14,61,0,-2.5796268097424426,1784380300.436515,1784380302.763903,1784380301.600209,0.089793,0.080912,0.138397,0.000564,-0.001284,1,acq,20480,20480,0,16,True,False,1,1200000,8381618,False,-1215435,1229917,0,0,0,0,1,1,1784380300.436515
1961,122,9,formal,down,14,61,0,-2.5796268097424426,1784380302.764127,1784380305.084044,1784380303.9240856,0.088655,0.080389,0.137654,0.00058,-0.001289,1,acq,20480,20480,0,16,True,False,1,1200000,8381618,False,-1221109,1227037,0,0,0,0,1,1,1784380302.764127
1962,122,10,formal,down,14,61,0,-2.5796268097424426,1784380305.084362,1784380307.417332,1784380306.2508469,0.08761,0.080054,0.136939,0.000569,-0.001302,1,acq,20480,20480,0,16,True,False,1,1200000,8381618,False,-1214165,1212471,0,0,0,0,1,1,1784380305.084362
1963,122,11,formal,down,14,61,0,-2.5796268097424426,1784380307.417558,1784380309.760885,1784380308.5892215,0.086589,0.079515,0.136167,0.000589,-0.001281,1,acq,20480,20480,0,16,True,False,1,1200000,8381618,False,-1201546,1209083,0,0,0,0,1,1,1784380307.417558
1964,122,12,formal,down,14,61,0,-2.5796268097424426,1784380309.761111,1784380312.100786,1784380310.9309485,0.085615,0.079106,0.135442,0.000567,-0.001294,1,acq,20480,20480,0,16,True,False,1,1200000,8381618,False,-1191638,1208914,0,0,0,0,1,1,1784380309.761111
1965,122,13,formal,down,14,61,0,-2.5796268097424426,1784380312.101027,1784380314.439167,1784380313.270097,0.084646,0.078737,0.13478,0.000592,-0.001305,1,acq,20480,20480,0,16,True,False,1,1200000,8381618,False,-1202054,1189521,0,0,0,0,1,1,1784380312.101027
1966,122,14,formal,down,14,61,0,-2.5796268097424426,1784380314.4394019,1784380316.772637,1784380315.6060195,0.083815,0.078392,0.134232,0.00059,-0.001304,1,acq,20480,20480,0,16,True,False,1,1200000,8381618,False,-1191638,1189690,0,0,0,0,1,1,1784380314.4394019
1967,122,15,formal,down,14,61,0,-2.5796268097424426,1784380316.77284,1784380319.107826,1784380317.940333,0.082836,0.077899,0.133406,0.000571,-0.001299,1,acq,20480,20480,0,16,True,False,1,1200000,8381618,False,-1186048,1176987,0,0,0,0,1,1,1784380316.77284
1968,123,0,formal,up,14,61,1,-2.5796268097424426,1784380331.834413,1784380334.170041,1784380333.002227,0.077728,0.075683,0.12963,0.000594,-0.00129,1,acq,20480,20480,0,16,True,False,1,1200000,8381618,False,-1159118,1152343,0,0,0,0,1,1,1784380331.834413
1969,123,1,formal,up,14,61,1,-2.5796268097424426,1784380334.170409,1784380336.508405,1784380335.339407,0.076932,0.075288,0.128971,0.000588,-0.001313,1,acq,20480,20480,0,16,True,False,1,1200000,8381618,False,-1154121,1150310,0,0,0,0,1,1,1784380334.170409
1970,123,2,formal,up,14,61,1,-2.5796268097424426,1784380336.5087051,1784380338.837437,1784380337.673071,0.076305,0.075009,0.12852,0.000595,-0.001313,1,acq,20480,20480,0,16,True,False,1,1200000,8381618,False,-1152851,1145907,0,0,0,0,1,1,1784380336.5087051
1971,123,3,formal,up,14,61,1,-2.5796268097424426,1784380338.837673,1784380341.1785338,1784380340.0081034,0.075603,0.07467,0.127904,0.000604,-0.001305,1,acq,20480,20480,0,16,True,False,1,1200000,8381618,False,-1150734,1129985,0,0,0,0,1,1,1784380338.837673
1972,123,4,formal,up,14,61,1,-2.5796268097424426,1784380341.1787992,1784380343.510366,1784380342.3445826,0.074924,0.074343,0.127409,0.000596,-0.001322,1,acq,20480,20480,0,16,True,False,1,1200000,8381618,False,-1140317,1132865,0,0,0,0,1,1,1784380341.1787992
1973,123,5,formal,up,14,61,1,-2.5796268097424426,1784380343.510605,1784380345.85675,1784380344.6836777,0.074338,0.074085,0.126942,0.000619,-0.001322,1,acq,20480,20480,0,16,True,False,1,1200000,8381618,False,-1137607,1131594,0,0,0,0,1,1,1784380343.510605
1974,123,6,formal,up,14,61,1,-2.5796268097424426,1784380345.857049,1784380348.1789,1784380347.0179744,0.073662,0.073775,0.126369,0.000616,-0.001326,1,acq,20480,20480,0,16,True,False,1,1200000,8381618,False,-1131933,1121855,0,0,0,0,1,1,1784380345.857049
1975,123,7,formal,up,14,61,1,-2.5796268097424426,1784380348.179154,1784380350.50723,1784380349.343192,0.073089,0.073493,0.125925,0.000614,-0.001326,1,acq,20480,20480,0,16,True,False,1,1200000,8381618,False,-1143620,1125497,0,0,0,0,1,1,1784380348.179154
1976,123,8,formal,up,14,61,1,-2.5796268097424426,1784380350.507463,1784380352.8478131,1784380351.677638,0.072487,0.073219,0.125497,0.000612,-0.001338,1,acq,20480,20480,0,16,True,False,1,1200000,8381618,False,-1134389,1123973,0,0,0,0,1,1,1784380350.507463
1977,123,9,formal,up,14,61,1,-2.5796268097424426,1784380352.848106,1784380355.180446,1784380354.014276,0.071886,0.072931,0.125016,0.000609,-0.001333,1,acq,20480,20480,0,16,True,False,1,1200000,8381618,False,-1129647,1119061,0,0,0,0,1,1,1784380352.848106
1978,123,10,formal,up,14,61,1,-2.5796268097424426,1784380355.1806982,1784380357.507187,1784380356.3439426,0.07123,0.072566,0.124366,0.000607,-0.00135,1,acq,20480,20480,0,16,True,False,1,1200000,8381618,False,-1124311,1109491,0,0,0,0,1,1,1784380355.1806982
1979,123,11,formal,up,14,61,1,-2.5796268097424426,1784380357.507457,1784380359.832331,1784380358.669894,0.070738,0.072346,0.124027,0.000599,-0.001353,1,acq,20480,20480,0,16,True,False,1,1200000,8381618,False,-1110422,1108051,0,0,0,0,1,1,1784380357.507457
1980,123,12,formal,up,14,61,1,-2.5796268097424426,1784380359.832593,1784380362.17184,1784380361.0022163,0.070195,0.072112,0.123565,0.000596,-0.001339,1,acq,20480,20480,0,16,True,False,1,1200000,8381618,False,-1119230,1098736,0,0,0,0,1,1,1784380359.832593
1981,123,13,formal,up,14,61,1,-2.5796268097424426,1784380362.172077,1784380364.511244,1784380363.3416605,0.069642,0.071862,0.123198,0.000632,-0.001345,1,acq,20480,20480,0,16,True,False,1,1200000,8381618,False,-1110084,1095348,0,0,0,0,1,1,1784380362.172077
1982,123,14,formal,up,14,61,1,-2.5796268097424426,1784380364.511478,1784380366.828715,1784380365.6700964,0.069049,0.071575,0.122608,0.000618,-0.001312,1,acq,20480,20480,0,16,True,False,1,1200000,8381618,False,-1101361,1084339,0,0,0,0,1,1,1784380364.511478
1983,123,15,formal,up,14,61,1,-2.5796268097424426,1784380366.828994,1784380369.1640341,1784380367.996514,0.068532,0.071279,0.122228,0.000634,-0.001351,1,acq,20480,20480,0,16,True,False,1,1200000,8381618,False,-1097889,1107543,0,0,0,0,1,1,1784380366.828994
1984,124,0,formal,up,15,62,0,-2.449073333541344,1784380380.454765,1784380382.7863958,1784380381.6205804,0.092252,0.081209,0.139208,0.000893,-0.001896,1,acq,20480,20480,0,16,True,False,1,1200000,8381618,False,-1246431,1215266,0,0,0,0,1,1,1784380380.454765
1985,124,1,formal,up,15,62,0,-2.449073333541344,1784380382.786665,1784380385.1346922,1784380383.9606786,0.091806,0.081085,0.138885,0.000874,-0.001907,1,acq,20480,20480,0,16,True,False,1,1200000,8381618,False,-1232711,1210354,0,0,0,0,1,1,1784380382.786665
1986,124,2,formal,up,15,62,0,-2.449073333541344,1784380385.135009,1784380387.477222,1784380386.3061156,0.091304,0.080871,0.138526,0.000869,-0.001898,1,acq,20480,20480,0,16,True,False,1,1200000,8381618,False,-1252867,1215350,0,0,0,0,1,1,1784380385.135009
1987,124,3,formal,up,15,62,0,-2.449073333541344,1784380387.47746,1784380389.802204,1784380388.639832,0.090939,0.080673,0.13825,0.000905,-0.001897,1,acq,20480,20480,0,16,True,False,1,1200000,8381618,False,-1236522,1216367,0,0,0,0,1,1,1784380387.47746
1988,124,4,formal,up,15,62,0,-2.449073333541344,1784380389.802455,1784380392.133834,1784380390.9681444,0.090453,0.080487,0.137921,0.000906,-0.001905,1,acq,20480,20480,0,16,True,False,1,1200000,8381618,False,-1245668,1217806,0,0,0,0,1,1,1784380389.802455
1989,124,5,formal,up,15,62,0,-2.449073333541344,1784380392.1340969,1784380394.464622,1784380393.2993593,0.08998,0.080292,0.13766,0.000891,-0.001904,1,acq,20480,20480,0,16,True,False,1,1200000,8381618,False,-1239740,1209253,0,0,0,0,1,1,1784380392.1340969
1990,124,6,formal,up,15,62,0,-2.449073333541344,1784380394.4648519,1784380396.793522,1784380395.6291869,0.089501,0.080101,0.137208,0.000884,-0.001878,1,acq,20480,20480,0,16,True,False,1,1200000,8381618,False,-1247108,1199853,0,0,0,0,1,1,1784380394.4648519
1991,124,7,formal,up,15,62,0,-2.449073333541344,1784380396.793781,1784380399.116794,1784380397.9552875,0.089037,0.07991,0.136981,0.000913,-0.001896,1,acq,20480,20480,0,16,True,False,1,1200000,8381618,False,-1233473,1201716,0,0,0,0,1,1,1784380396.793781
1992,124,8,formal,up,15,62,0,-2.449073333541344,1784380399.1170251,1784380401.44485,1784380400.2809377,0.088608,0.079713,0.136576,0.000887,-0.001876,1,acq,20480,20480,0,16,True,False,1,1200000,8381618,False,-1225852,1200276,0,0,0,0,1,1,1784380399.1170251
1993,124,9,formal,up,15,62,0,-2.449073333541344,1784380401.4451041,1784380403.7802749,1784380402.6126895,0.088162,0.079568,0.136336,0.000917,-0.001915,1,acq,20480,20480,0,16,True,False,1,1200000,8381618,False,-1221787,1199175,0,0,0,0,1,1,1784380401.4451041
1994,124,10,formal,up,15,62,0,-2.449073333541344,1784380403.780787,1784380406.1208372,1784380404.950812,0.087811,0.079415,0.136135,0.000892,-0.001893,1,acq,20480,20480,0,16,True,False,1,1200000,8381618,False,-1222379,1206119,0,0,0,0,1,1,1784380403.780787
1995,124,11,formal,up,15,62,0,-2.449073333541344,1784380406.121082,1784380408.452089,1784380407.2865856,0.087307,0.079167,0.135739,0.000896,-0.001907,1,acq,20480,20480,0,16,True,False,1,1200000,8381618,False,-1218907,1194602,0,0,0,0,1,1,1784380406.121082
1996,124,12,formal,up,15,62,0,-2.449073333541344,1784380408.45235,1784380410.782264,1784380409.617307,0.086852,0.078978,0.135403,0.000899,-0.001894,1,acq,20480,20480,0,16,True,False,1,1200000,8381618,False,-1217722,1189182,0,0,0,0,1,1,1784380408.45235
1997,124,13,formal,up,15,62,0,-2.449073333541344,1784380410.782559,1784380413.107373,1784380411.9449658,0.086415,0.078767,0.135045,0.000914,-0.001898,1,acq,20480,20480,0,16,True,False,1,1200000,8381618,False,-1211285,1186980,0,0,0,0,1,1,1784380410.782559
1998,124,14,formal,up,15,62,0,-2.449073333541344,1784380413.107605,1784380415.448883,1784380414.278244,0.085929,0.078562,0.134666,0.000909,-0.001884,1,acq,20480,20480,0,16,True,False,1,1200000,8381618,False,-1209422,1191892,0,0,0,0,1,1,1784380413.107605
1999,124,15,formal,up,15,62,0,-2.449073333541344,1784380415.4491038,1784380417.788362,1784380416.618733,0.085556,0.078431,0.13445,0.000916,-0.001907,1,acq,20480,20480,0,16,True,False,1,1200000,8381618,False,-1206204,1178427,0,0,0,0,1,1,1784380415.4491038
2000,125,0,formal,down,15,62,1,-2.449073333541344,1784380430.462637,1784380432.791561,1784380431.627099,0.083149,0.077429,0.132703,0.000946,-0.001879,1,acq,20480,20480,0,16,True,False,1,1200000,8381618,False,-1200699,1169111,0,0,0,0,1,1,1784380430.462637
2001,125,1,formal,down,15,62,1,-2.449073333541344,1784380432.7917628,1784380435.1166248,1784380433.9541938,0.082606,0.077113,0.132181,0.000929,-0.001881,1,acq,20480,20480,0,16,True,False,1,1200000,8381618,False,-1194432,1158440,0,0,0,0,1,1,1784380432.7917628
2002,125,2,formal,down,15,62,1,-2.449073333541344,1784380435.117049,1784380437.453428,1784380436.2852385,0.082243,0.077015,0.131994,0.000901,-0.001894,1,acq,20480,20480,0,16,True,False,1,1200000,8381618,False,-1206966,1162590,0,0,0,0,1,1,1784380435.117049
2003,125,3,formal,down,15,62,1,-2.449073333541344,1784380437.453658,1784380439.783287,1784380438.6184726,0.081929,0.076873,0.131784,0.000928,-0.001875,1,acq,20480,20480,0,16,True,False,1,1200000,8381618,False,-1179866,1156493,0,0,0,0,1,1,1784380437.453658
2004,125,4,formal,down,15,62,1,-2.449073333541344,1784380439.783696,1784380442.118067,1784380440.9508815,0.081515,0.076664,0.131429,0.000918,-0.001898,1,acq,20480,20480,0,16,True,False,1,1200000,8381618,False,-1171059,1167502,0,0,0,0,1,1,1784380439.783696
2005,125,5,formal,down,15,62,1,-2.449073333541344,1784380442.118402,1784380444.428176,1784380443.273289,0.081117,0.076477,0.131092,0.000924,-0.001885,1,acq,20480,20480,0,16,True,False,1,1200000,8381618,False,-1171143,1162590,0,0,0,0,1,1,1784380442.118402
2006,125,6,formal,down,15,62,1,-2.449073333541344,1784380444.428434,1784380446.756711,1784380445.5925725,0.080675,0.076312,0.130742,0.000937,-0.001896,1,acq,20480,20480,0,16,True,False,1,1200000,8381618,False,-1196042,1145314,0,0,0,0,1,1,1784380444.428434
2007,125,7,formal,down,15,62,1,-2.449073333541344,1784380446.756973,1784380449.083303,1784380447.920138,0.080447,0.076237,0.130648,0.000933,-0.001881,1,acq,20480,20480,0,16,True,False,1,1200000,8381618,False,-1170720,1153190,0,0,0,0,1,1,1784380446.756973
2008,125,8,formal,down,15,62,1,-2.449073333541344,1784380449.083523,1784380451.427007,1784380450.255265,0.080057,0.076056,0.130336,0.000924,-0.001889,1,acq,20480,20480,0,16,True,False,1,1200000,8381618,False,-1179019,1156069,0,0,0,0,1,1,1784380449.083523
2009,125,9,formal,down,15,62,1,-2.449073333541344,1784380451.427244,1784380453.765271,1784380452.5962574,0.079636,0.075862,0.130089,0.000925,-0.001876,1,acq,20480,20480,0,16,True,False,1,1200000,8381618,False,-1191384,1150226,0,0,0,0,1,1,1784380451.427244
2010,125,10,formal,down,15,62,1,-2.449073333541344,1784380453.765504,1784380456.099974,1784380454.9327388,0.079265,0.075659,0.129755,0.0009,-0.001896,1,acq,20480,20480,0,16,True,False,1,1200000,8381618,False,-1176394,1137438,0,0,0,0,1,1,1784380453.765504
2011,125,11,formal,down,15,62,1,-2.449073333541344,1784380456.100256,1784380458.442584,1784380457.27142,0.078972,0.075534,0.1295,0.000922,-0.001873,1,acq,20480,20480,0,16,True,False,1,1200000,8381618,False,-1175039,1154799,0,0,0,0,1,1,1784380456.100256
2012,125,12,formal,down,15,62,1,-2.449073333541344,1784380458.4428291,1784380460.783676,1784380459.6132526,0.078579,0.07541,0.129215,0.000927,-0.001883,1,acq,20480,20480,0,16,True,False,1,1200000,8381618,False,-1162167,1130070,0,0,0,0,1,1,1784380458.4428291
2013,125,13,formal,down,15,62,1,-2.449073333541344,1784380460.7839959,1784380463.1166232,1784380461.9503095,0.078287,0.075244,0.129043,0.000922,-0.0019,1,acq,20480,20480,0,16,True,False,1,1200000,8381618,False,-1158694,1144721,0,0,0,0,1,1,1784380460.7839959
2014,125,14,formal,down,15,62,1,-2.449073333541344,1784380463.116948,1784380465.450001,1784380464.2834744,0.07794,0.075135,0.128745,0.000896,-0.001895,1,acq,20480,20480,0,16,True,False,1,1200000,8381618,False,-1168857,1134474,0,0,0,0,1,1,1784380463.116948
2015,125,15,formal,down,15,62,1,-2.449073333541344,1784380465.450294,1784380467.782342,1784380466.616318,0.077589,0.074919,0.128479,0.000918,-0.001892,1,acq,20480,20480,0,16,True,False,1,1200000,8381618,False,-1165639,1143789,0,0,0,0,1,1,1784380465.450294
2016,126,0,formal,down,65,63,0,4.078600476513591,1784380552.1866372,1784380554.514369,1784380553.350503,1.051545,-0.157672,-0.269364,-0.001158,0.002656,1,acq,20480,20480,0,16,True,False,1,1200000,8381618,False,-2270641,2399536,0,0,0,0,1,1,1784380552.1866372
2017,126,1,formal,down,65,63,0,4.078600476513591,1784380554.514606,1784380556.8577542,1784380555.68618,1.049245,-0.157931,-0.26991,-0.001116,0.002669,1,acq,20480,20480,0,16,True,False,1,1200000,8381618,False,-2303669,2428160,0,0,0,0,1,1,1784380554.514606
2018,126,2,formal,down,65,63,0,4.078600476513591,1784380556.857999,1784380559.197551,1784380558.027775,1.046699,-0.158296,-0.27039,-0.001143,0.002638,1,acq,20480,20480,0,16,True,False,1,1200000,8381618,False,-2300282,2464660,0,0,0,0,1,1,1784380556.857999
2019,126,3,formal,down,65,63,0,4.078600476513591,1784380559.1977868,1784380561.5387058,1784380560.3682463,1.044151,-0.158448,-0.270838,-0.001134,0.002653,1,acq,20480,20480,0,16,True,False,1,1200000,8381618,False,-2301044,2393184,0,0,0,0,1,1,1784380559.1977868
2020,126,4,formal,down,65,63,0,4.078600476513591,1784380561.538968,1784380563.8677619,1784380562.7033648,1.042081,-0.158682,-0.271251,-0.001109,0.002656,1,acq,20480,20480,0,16,True,False,1,1200000,8381618,False,-2277416,2388103,0,0,0,0,1,1,1784380561.538968
2021,126,5,formal,down,65,63,0,4.078600476513591,1784380563.867976,1784380566.2160451,1784380565.0420105,1.039094,-0.158794,-0.271414,-0.001118,0.00262,1,acq,20480,20480,0,16,True,False,1,1200000,8381618,False,-2288680,2418590,0,0,0,0,1,1,1784380563.867976
2022,126,6,formal,down,65,63,0,4.078600476513591,1784380566.2162821,1784380568.551135,1784380567.3837085,1.037056,-0.159013,-0.271781,-0.001121,0.002648,1,acq,20480,20480,0,16,True,False,1,1200000,8381618,False,-2331870,2389204,0,0,0,0,1,1,1784380566.2162821
2023,126,7,formal,down,65,63,0,4.078600476513591,1784380568.5513752,1784380570.870828,1784380569.7111015,1.034342,-0.159105,-0.271963,-0.001136,0.00267,1,acq,20480,20480,0,16,True,False,1,1200000,8381618,False,-2343303,2413170,0,0,0,0,1,1,1784380568.5513752
2024,126,8,formal,down,65,63,0,4.078600476513591,1784380570.8710668,1784380573.207114,1784380572.0390904,1.032698,-0.159312,-0.272328,-0.001127,0.002646,1,acq,20480,20480,0,16,True,False,1,1200000,8381618,False,-2306464,2447892,0,0,0,0,1,1,1784380570.8710668
2025,126,9,formal,down,65,63,0,4.078600476513591,1784380573.20735,1784380575.5323389,1784380574.3698444,1.030367,-0.15946,-0.27246,-0.001134,0.002665,1,acq,20480,20480,0,16,True,False,1,1200000,8381618,False,-2324079,2419353,0,0,0,0,1,1,1784380573.20735
2026,126,10,formal,down,65,63,0,4.078600476513591,1784380575.532585,1784380577.874358,1784380576.7034714,1.027539,-0.159479,-0.272565,-0.001138,0.002611,1,acq,20480,20480,0,16,True,False,1,1200000,8381618,False,-2332971,2420538,0,0,0,0,1,1,1784380575.532585
2027,126,11,formal,down,65,63,0,4.078600476513591,1784380577.874708,1784380580.207702,1784380579.041205,1.026143,-0.159636,-0.272935,-0.001116,0.002632,1,acq,20480,20480,0,16,True,False,1,1200000,8381618,False,-2319421,2402415,0,0,0,0,1,1,1784380577.874708
2028,126,12,formal,down,65,63,0,4.078600476513591,1784380580.207958,1784380582.536308,1784380581.372133,1.024177,-0.159744,-0.273099,-0.001129,0.002682,1,acq,20480,20480,0,16,True,False,1,1200000,8381618,False,-2318574,2430362,0,0,0,0,1,1,1784380580.207958
2029,126,13,formal,down,65,63,0,4.078600476513591,1784380582.5365582,1784380584.8788118,1784380583.707685,1.022723,-0.159886,-0.27348,-0.001186,0.002631,1,acq,20480,20480,0,16,True,False,1,1200000,8381618,False,-2336274,2415203,0,0,0,0,1,1,1784380582.5365582
2030,126,14,formal,down,65,63,0,4.078600476513591,1784380584.879165,1784380587.2048378,1784380586.0420012,1.019883,-0.159895,-0.273392,-0.001123,0.002608,1,acq,20480,20480,0,16,True,False,1,1200000,8381618,False,-2326704,2416219,0,0,0,0,1,1,1784380584.879165
2031,126,15,formal,down,65,63,0,4.078600476513591,1784380587.205098,1784380589.542145,1784380588.3736215,1.017827,-0.160005,-0.273435,-0.001107,0.002651,1,acq,20480,20480,0,16,True,False,1,1200000,8381618,False,-2337121,2451873,0,0,0,0,1,1,1784380587.205098
2032,127,0,formal,up,65,63,1,4.078600476513591,1784380602.216043,1784380604.5459352,1784380603.380989,1.008839,-0.160781,-0.274931,-0.001068,0.002647,1,acq,20480,20480,0,16,True,False,1,1200000,8381618,False,-2334750,2409868,0,0,0,0,1,1,1784380602.216043
2033,127,1,formal,up,65,63,1,4.078600476513591,1784380604.546162,1784380606.870993,1784380605.7085774,1.009957,-0.161182,-0.275455,-0.001212,0.002526,1,acq,20480,20480,0,16,True,False,1,1200000,8381618,False,-2302230,5988338,0,0,0,0,1,1,1784380604.546162
2034,127,2,formal,up,65,63,1,4.078600476513591,1784380606.871714,1784380609.204373,1784380608.0380435,1.006163,-0.161054,-0.275355,-0.00113,0.002637,1,acq,20480,20480,0,16,True,False,1,1200000,8381618,False,-2329160,2432310,0,0,0,0,1,1,1784380606.871714
2035,127,3,formal,up,65,63,1,4.078600476513591,1784380609.204601,1784380611.550068,1784380610.3773346,1.004446,-0.161072,-0.275472,-0.001088,0.002588,1,acq,20480,20480,0,16,True,False,1,1200000,8381618,False,-2352365,2411985,0,0,0,0,1,1,1784380609.204601
2036,127,4,formal,up,65,63,1,4.078600476513591,1784380611.550346,1784380613.8929121,1784380612.7216291,1.003193,-0.161124,-0.27558,-0.001105,0.002589,1,acq,20480,20480,0,16,True,False,1,1200000,8381618,False,-2310698,2416134,0,0,0,0,1,1,1784380611.550346
2037,127,5,formal,up,65,63,1,4.078600476513591,1784380613.893148,1784380616.2265239,1784380615.059836,1.00172,-0.1613,-0.275755,-0.001073,0.002624,1,acq,20480,20480,0,16,True,False,1,1200000,8381618,False,-2307142,2411053,0,0,0,0,1,1,1784380613.893148
2038,127,6,formal,up,65,63,1,4.078600476513591,1784380616.226749,1784380618.553209,1784380617.389979,0.999916,-0.161279,-0.275773,-0.001126,0.00262,1,acq,20480,20480,0,16,True,False,1,1200000,8381618,False,-2365068,2441371,0,0,0,0,1,1,1784380616.226749
2039,127,7,formal,up,65,63,1,4.078600476513591,1784380618.5535018,1784380620.8977568,1784380619.7256293,0.998775,-0.161375,-0.275976,-0.001115,0.002605,1,acq,20480,20480,0,16,True,False,1,1200000,8381618,False,-2337036,2395894,0,0,0,0,1,1,1784380618.5535018
2040,127,8,formal,up,65,63,1,4.078600476513591,1784380620.897977,1784380623.232804,1784380622.0653906,0.997465,-0.161432,-0.276082,-0.001122,0.00256,1,acq,20480,20480,0,16,True,False,1,1200000,8381618,False,-2339831,2453905,0,0,0,0,1,1,1784380620.897977
2041,127,9,formal,up,65,63,1,4.078600476513591,1784380623.233075,1784380625.570598,1784380624.4018364,0.996432,-0.161548,-0.276264,-0.001099,0.002602,1,acq,20480,20480,0,16,True,False,1,1200000,8381618,False,-2372436,2487018,0,0,0,0,1,1,1784380623.233075
2042,127,10,formal,up,65,63,1,4.078600476513591,1784380625.570882,1784380627.905726,1784380626.7383041,0.994902,-0.161602,-0.276429,-0.001072,0.002565,1,acq,20480,20480,0,16,True,False,1,1200000,8381618,False,-2351602,2418760,0,0,0,0,1,1,1784380625.570882
2043,127,11,formal,up,65,63,1,4.078600476513591,1784380627.906004,1784380630.2291121,1784380629.067558,0.993437,-0.161582,-0.276485,-0.001079,0.002541,1,acq,20480,20480,0,16,True,False,1,1200000,8381618,False,-2348130,2445860,0,0,0,0,1,1,1784380627.906004
2044,127,12,formal,up,65,63,1,4.078600476513591,1784380630.229353,1784380632.5572622,1784380631.3933077,0.99222,-0.161721,-0.276626,-0.001087,0.002586,1,acq,20480,20480,0,16,True,False,1,1200000,8381618,False,-2385223,2419268,0,0,0,0,1,1,1784380630.229353
2045,127,13,formal,up,65,63,1,4.078600476513591,1784380632.557495,1784380634.879935,1784380633.7187152,0.9906,-0.161789,-0.276612,-0.001135,0.002614,1,acq,20480,20480,0,16,True,False,1,1200000,8381618,False,-2386663,2435782,0,0,0,0,1,1,1784380632.557495
2046,127,14,formal,up,65,63,1,4.078600476513591,1784380634.880169,1784380637.214467,1784380636.047318,0.989076,-0.161716,-0.276611,-0.001089,0.002575,1,acq,20480,20480,0,16,True,False,1,1200000,8381618,False,-2371419,2457885,0,0,0,0,1,1,1784380634.880169
2047,127,15,formal,up,65,63,1,4.078600476513591,1784380637.2147079,1784380639.5476859,1784380638.381197,0.988696,-0.161877,-0.277005,-0.001124,0.002598,1,acq,20480,20480,0,16,True,False,1,1200000,8381618,False,-2349824,2426043,0,0,0,0,1,1,1784380637.2147079
2048,128,0,formal,up,72,64,0,4.992474809921282,1784380657.9946492,1784380660.323949,1784380659.1592991,0.557203,-0.16019,-0.272892,0.001491,-0.001498,1,acq,20480,20480,0,16,True,False,1,1200000,8381618,False,-2330769,2350925,0,0,0,0,1,1,1784380657.9946492
2049,128,1,formal,up,72,64,0,4.992474809921282,1784380660.324237,1784380662.660392,1784380661.4923146,0.554873,-0.159991,-0.27255,0.001497,-0.001506,1,acq,20480,20480,0,16,True,False,1,1200000,8381618,False,-2311545,2377771,0,0,0,0,1,1,1784380660.324237
2050,128,2,formal,up,72,64,0,4.992474809921282,1784380662.6606688,1784380665.0013041,1784380663.8309865,0.55286,-0.159864,-0.272383,0.001489,-0.001497,1,acq,20480,20480,0,16,True,False,1,1200000,8381618,False,-2352703,2373621,0,0,0,0,1,1,1784380662.6606688
2051,128,3,formal,up,72,64,0,4.992474809921282,1784380665.0015411,1784380667.324393,1784380666.1629672,0.550944,-0.159652,-0.272071,0.001499,-0.001444,1,acq,20480,20480,0,16,True,False,1,1200000,8381618,False,-2346013,2357531,0,0,0,0,1,1,1784380665.0015411
2052,128,4,formal,up,72,64,0,4.992474809921282,1784380667.3250508,1784380669.6592808,1784380668.4921658,0.549517,-0.159593,-0.272103,0.001511,-0.001469,1,acq,20480,20480,0,16,True,False,1,1200000,8381618,False,-2358039,2365661,0,0,0,0,1,1,1784380667.3250508
2053,128,5,formal,up,72,64,0,4.992474809921282,1784380669.659543,1784380672.007512,1784380670.8335276,0.547526,-0.159469,-0.271757,0.001478,-0.001457,1,acq,20480,20480,0,16,True,False,1,1200000,8381618,False,-2323994,2345082,0,0,0,0,1,1,1784380669.659543
2054,128,6,formal,up,72,64,0,4.992474809921282,1784380672.008613,1784380674.3479402,1784380673.1782765,0.545848,-0.159253,-0.271571,0.001467,-0.001438,1,acq,20480,20480,0,16,True,False,1,1200000,8381618,False,-2323402,2358716,0,0,0,0,1,1,1784380672.008613
2055,128,7,formal,up,72,64,0,4.992474809921282,1784380674.348225,1784380676.672342,1784380675.5102835,0.544635,-0.159297,-0.271566,0.001517,-0.001517,1,acq,20480,20480,0,16,True,False,1,1200000,8381618,False,-2347876,2331616,0,0,0,0,1,1,1784380674.348225
2056,128,8,formal,up,72,64,0,4.992474809921282,1784380676.6725938,1784380679.013258,1784380677.842926,0.542805,-0.15907,-0.271226,0.001501,-0.001487,1,acq,20480,20480,0,16,True,False,1,1200000,8381618,False,-2311207,2352873,0,0,0,0,1,1,1784380676.6725938
2057,128,9,formal,up,72,64,0,4.992474809921282,1784380679.014314,1784380681.340652,1784380680.177483,0.541165,-0.158961,-0.271094,0.001505,-0.001509,1,acq,20480,20480,0,16,True,False,1,1200000,8381618,False,-2345844,2347622,0,0,0,0,1,1,1784380679.014314
2058,128,10,formal,up,72,64,0,4.992474809921282,1784380681.340876,1784380683.665642,1784380682.5032592,0.539967,-0.158919,-0.270963,0.001511,-0.001477,1,acq,20480,20480,0,16,True,False,1,1200000,8381618,False,-2309682,2330600,0,0,0,0,1,1,1784380681.340876
2059,128,11,formal,up,72,64,0,4.992474809921282,1784380683.666163,1784380686.015679,1784380684.840921,0.538489,-0.158791,-0.270753,0.001511,-0.001517,1,acq,20480,20480,0,16,True,False,1,1200000,8381618,False,-2317727,2332209,0,0,0,0,1,1,1784380683.666163
2060,128,12,formal,up,72,64,0,4.992474809921282,1784380686.016803,1784380688.340575,1784380687.178689,0.537059,-0.158651,-0.270635,0.001511,-0.001506,1,acq,20480,20480,0,16,True,False,1,1200000,8381618,False,-2356006,2364306,0,0,0,0,1,1,1784380686.016803
2061,128,13,formal,up,72,64,0,4.992474809921282,1784380688.340823,1784380690.6834612,1784380689.5121422,0.535982,-0.158627,-0.270496,0.001533,-0.001504,1,acq,20480,20480,0,16,True,False,1,1200000,8381618,False,-2312138,2341355,0,0,0,0,1,1,1784380688.340823
2062,128,14,formal,up,72,64,0,4.992474809921282,1784380690.683717,1784380693.009724,1784380691.8467205,0.534735,-0.158511,-0.270387,0.001517,-0.001444,1,acq,20480,20480,0,16,True,False,1,1200000,8381618,False,-2298842,2350332,0,0,0,0,1,1,1784380690.683717
2063,128,15,formal,up,72,64,0,4.992474809921282,1784380693.010779,1784380695.3531609,1784380694.18197,0.533443,-0.158428,-0.270274,0.001505,-0.001515,1,acq,20480,20480,0,16,True,False,1,1200000,8381618,False,-2298927,2311630,0,0,0,0,1,1,1784380693.010779
2064,129,0,formal,down,72,64,1,4.992474809921282,1784380708.045312,1784380710.3837702,1784380709.214541,0.525133,-0.15777,-0.269185,0.001487,-0.001538,1,acq,20480,20480,0,16,True,False,1,1200000,8381618,False,-2333733,2313917,0,0,0,0,1,1,1784380708.045312
2065,129,1,formal,down,72,64,1,4.992474809921282,1784380710.3849359,1784380712.7115278,1784380711.5482318,0.523797,-0.157564,-0.268888,0.001545,-0.001515,1,acq,20480,20480,0,16,True,False,1,1200000,8381618,False,-2323402,2332887,0,0,0,0,1,1,1784380710.3849359
2066,129,2,formal,down,72,64,1,4.992474809921282,1784380712.711885,1784380715.0427399,1784380713.8773124,0.522777,-0.157532,-0.268889,0.001514,-0.001477,1,acq,20480,20480,0,16,True,False,1,1200000,8381618,False,-2310021,2324248,0,0,0,0,1,1,1784380712.711885
2067,129,3,formal,down,72,64,1,4.992474809921282,1784380715.043009,1784380717.382294,1784380716.2126515,0.521978,-0.157541,-0.268795,0.001524,-0.001531,1,acq,20480,20480,0,16,True,False,1,1200000,8381618,False,-2330600,2319760,0,0,0,0,1,1,1784380715.043009
2068,129,4,formal,down,72,64,1,4.992474809921282,1784380717.3833869,1784380719.72562,1784380718.5545034,0.520552,-0.157346,-0.268591,0.00151,-0.001523,1,acq,20480,20480,0,16,True,False,1,1200000,8381618,False,-2321454,2329753,0,0,0,0,1,1,1784380717.3833869
2069,129,5,formal,down,72,64,1,4.992474809921282,1784380719.7258549,1784380722.0597749,1784380720.8928149,0.519838,-0.157369,-0.268531,0.001507,-0.001515,1,acq,20480,20480,0,16,True,False,1,1200000,8381618,False,-2298927,2315780,0,0,0,0,1,1,1784380719.7258549
2070,129,6,formal,down,72,64,1,4.992474809921282,1784380722.060089,1784380724.402978,1784380723.2315335,0.518372,-0.157256,-0.268247,0.001513,-0.001521,1,acq,20480,20480,0,16,True,False,1,1200000,8381618,False,-2315780,2323910,0,0,0,0,1,1,1784380722.060089
2071,129,7,formal,down,72,64,1,4.992474809921282,1784380724.404016,1784380726.738771,1784380725.5713935,0.517502,-0.157229,-0.268235,0.00149,-0.001538,1,acq,20480,20480,0,16,True,False,1,1200000,8381618,False,-2307988,2325011,0,0,0,0,1,1,1784380724.404016
2072,129,8,formal,down,72,64,1,4.992474809921282,1784380726.739,1784380729.079228,1784380727.909114,0.516521,-0.157052,-0.268145,0.001507,-0.001536,1,acq,20480,20480,0,16,True,False,1,1200000,8381618,False,-2321115,2344235,0,0,0,0,1,1,1784380726.739
2073,129,9,formal,down,72,64,1,4.992474809921282,1784380729.079464,1784380731.396731,1784380730.2380974,0.515111,-0.156949,-0.267795,0.001534,-0.001523,1,acq,20480,20480,0,16,True,False,1,1200000,8381618,False,-2308242,2289188,0,0,0,0,1,1,1784380729.079464
2074,129,10,formal,down,72,64,1,4.992474809921282,1784380731.397005,1784380733.73376,1784380732.5653825,0.514154,-0.156822,-0.267695,0.001519,-0.001558,1,acq,20480,20480,0,16,True,False,1,1200000,8381618,False,-2291136,2322470,0,0,0,0,1,1,1784380731.397005
2075,129,11,formal,down,72,64,1,4.992474809921282,1784380733.734807,1784380736.062112,1784380734.8984594,0.513283,-0.156775,-0.267563,0.00152,-0.001547,1,acq,20480,20480,0,16,True,False,1,1200000,8381618,False,-2300282,2299181,0,0,0,0,1,1,1784380733.734807
2076,129,12,formal,down,72,64,1,4.992474809921282,1784380736.062387,1784380738.394537,1784380737.228462,0.512057,-0.156757,-0.267422,0.001488,-0.001529,1,acq,20480,20480,0,16,True,False,1,1200000,8381618,False,-2299774,2326620,0,0,0,0,1,1,1784380736.062387
2077,129,13,formal,down,72,64,1,4.992474809921282,1784380738.3947809,1784380740.732909,1784380739.563845,0.511179,-0.156646,-0.267323,0.001483,-0.001546,1,acq,20480,20480,0,16,True,False,1,1200000,8381618,False,-2304940,2349993,0,0,0,0,1,1,1784380738.3947809
2078,129,14,formal,down,72,64,1,4.992474809921282,1784380740.7331488,1784380743.074053,1784380741.903601,0.510048,-0.156486,-0.26709,0.001493,-0.001524,1,acq,20480,20480,0,16,True,False,1,1200000,8381618,False,-2291051,2281905,0,0,0,0,1,1,1784380740.7331488
2079,129,15,formal,down,72,64,1,4.992474809921282,1784380743.074312,1784380745.397318,1784380744.235815,0.509159,-0.156443,-0.267071,0.0015,-0.00155,1,acq,20480,20480,0,16,True,False,1,1200000,8381618,False,-2314763,2338561,0,0,0,0,1,1,1784380743.074312
2080,130,0,formal,down,8,65,0,-3.362947666949035,1784380845.7296681,1784380848.057358,1784380846.8935132,-0.000229,0.009139,0.015682,0.00088,-0.001626,1,acq,20480,20480,0,16,True,False,1,1200000,8381618,False,-238734,241783,0,0,0,0,1,1,1784380845.7296681
2081,130,1,formal,down,8,65,0,-3.362947666949035,1784380848.058527,1784380850.396914,1784380849.2277205,-0.000458,0.008288,0.014192,0.000868,-0.001605,1,acq,20480,20480,0,16,True,False,1,1200000,8381618,False,-229588,234923,0,0,0,0,1,1,1784380848.058527
2082,130,2,formal,down,8,65,0,-3.362947666949035,1784380850.3971572,1784380852.7236218,1784380851.5603895,-0.000629,0.00746,0.012855,0.000881,-0.001623,1,acq,20480,20480,0,16,True,False,1,1200000,8381618,False,-222305,217308,0,0,0,0,1,1,1784380850.3971572
2083,130,3,formal,down,8,65,0,-3.362947666949035,1784380852.723936,1784380855.0487099,1784380853.886323,-0.000758,0.006739,0.011479,0.000882,-0.001617,1,acq,20480,20480,0,16,True,False,1,1200000,8381618,False,-212227,210364,0,0,0,0,1,1,1784380852.723936
2084,130,4,formal,down,8,65,0,-3.362947666949035,1784380855.0489311,1784380857.381978,1784380856.2154546,-0.000889,0.005985,0.010325,0.000893,-0.001605,1,acq,20480,20480,0,16,True,False,1,1200000,8381618,False,-190039,205283,0,0,0,0,1,1,1784380855.0489311
2085,130,5,formal,down,8,65,0,-3.362947666949035,1784380857.3822231,1784380859.726732,1784380858.5544777,-0.001013,0.005282,0.00909,0.000862,-0.001622,1,acq,20480,20480,0,16,True,False,1,1200000,8381618,False,-189785,183687,0,0,0,0,1,1,1784380857.3822231
2086,130,6,formal,down,8,65,0,-3.362947666949035,1784380859.7269561,1784380862.071778,1784380860.899367,-0.001078,0.004685,0.007948,0.000878,-0.001614,1,acq,20480,20480,0,16,True,False,1,1200000,8381618,False,-175896,178775,0,0,0,0,1,1,1784380859.7269561
2087,130,7,formal,down,8,65,0,-3.362947666949035,1784380862.072017,1784380864.407284,1784380863.2396505,-0.001162,0.003972,0.006882,0.000893,-0.001605,1,acq,20480,20480,0,16,True,False,1,1200000,8381618,False,-166750,170307,0,0,0,0,1,1,1784380862.072017
2088,130,8,formal,down,8,65,0,-3.362947666949035,1784380864.408439,1784380866.7344372,1784380865.571438,-0.001227,0.003433,0.005838,0.000893,-0.001586,1,acq,20480,20480,0,16,True,False,1,1200000,8381618,False,-165987,162515,0,0,0,0,1,1,1784380864.408439
2089,130,9,formal,down,8,65,0,-3.362947666949035,1784380866.734656,1784380869.074692,1784380867.904674,-0.001254,0.002823,0.004784,0.000885,-0.001601,1,acq,20480,20480,0,16,True,False,1,1200000,8381618,False,-147526,157349,0,0,0,0,1,1,1784380866.734656
2090,130,10,formal,down,8,65,0,-3.362947666949035,1784380869.074979,1784380871.416948,1784380870.2459636,-0.001327,0.002226,0.003822,0.000894,-0.00161,1,acq,20480,20480,0,16,True,False,1,1200000,8381618,False,-141428,152099,0,0,0,0,1,1,1784380869.074979
2091,130,11,formal,down,8,65,0,-3.362947666949035,1784380871.418011,1784380873.7512908,1784380872.584651,-0.001342,0.001675,0.002841,0.000879,-0.001595,1,acq,20480,20480,0,16,True,False,1,1200000,8381618,False,-146848,150744,0,0,0,0,1,1,1784380871.418011
2092,130,12,formal,down,8,65,0,-3.362947666949035,1784380873.751571,1784380876.084982,1784380874.9182763,-0.001378,0.001129,0.001916,0.000881,-0.001593,1,acq,20480,20480,0,16,True,False,1,1200000,8381618,False,-137109,142529,0,0,0,0,1,1,1784380873.751571
2093,130,13,formal,down,8,65,0,-3.362947666949035,1784380876.085193,1784380878.406921,1784380877.246057,-0.001359,0.000581,0.000999,0.000894,-0.001607,1,acq,20480,20480,0,16,True,False,1,1200000,8381618,False,-121611,144731,0,0,0,0,1,1,1784380876.085193
2094,130,14,formal,down,8,65,0,-3.362947666949035,1784380878.408028,1784380880.741982,1784380879.575005,-0.001371,7.1e-05,0.000159,0.000887,-0.001594,1,acq,20480,20480,0,16,True,False,1,1200000,8381618,False,-131943,152776,0,0,0,0,1,1,1784380878.408028
2095,130,15,formal,down,8,65,0,-3.362947666949035,1784380880.742232,1784380883.069196,1784380881.905714,-0.001385,-0.000405,-0.000708,0.000882,-0.001595,1,acq,20480,20480,0,16,True,False,1,1200000,8381618,False,-133722,144392,0,0,0,0,1,1,1784380880.742232
2096,131,0,formal,up,8,65,1,-3.362947666949035,1784380895.723839,1784380898.048606,1784380896.8862224,-0.001223,-0.003427,-0.005875,0.00088,-0.00158,1,acq,20480,20480,0,16,True,False,1,1200000,8381618,False,-163616,162939,0,0,0,0,1,1,1784380895.723839
2097,131,1,formal,up,8,65,1,-3.362947666949035,1784380898.048938,1784380900.389034,1784380899.218986,-0.001196,-0.003833,-0.006572,0.000883,-0.001565,1,acq,20480,20480,0,16,True,False,1,1200000,8381618,False,-172762,174541,0,0,0,0,1,1,1784380898.048938
2098,131,2,formal,up,8,65,1,-3.362947666949035,1784380900.3892648,1784380902.7133691,1784380901.551317,-0.001155,-0.004251,-0.007296,0.000884,-0.001601,1,acq,20480,20480,0,16,True,False,1,1200000,8381618,False,-183010,169206,0,0,0,0,1,1,1784380900.3892648
2099,131,3,formal,up,8,65,1,-3.362947666949035,1784380902.7136269,1784380905.054849,1784380903.8842378,-0.001104,-0.004639,-0.007948,0.000875,-0.001566,1,acq,20480,20480,0,16,True,False,1,1200000,8381618,False,-187244,183264,0,0,0,0,1,1,1784380902.7136269
2100,131,4,formal,up,8,65,1,-3.362947666949035,1784380905.055947,1784380907.401053,1784380906.2285,-0.001041,-0.005013,-0.008629,0.000888,-0.001575,1,acq,20480,20480,0,16,True,False,1,1200000,8381618,False,-194697,183603,0,0,0,0,1,1,1784380905.055947
2101,131,5,formal,up,8,65,1,-3.362947666949035,1784380907.40134,1784380909.739137,1784380908.5702386,-0.000996,-0.005424,-0.00935,0.000874,-0.001581,1,acq,20480,20480,0,16,True,False,1,1200000,8381618,False,-201810,191140,0,0,0,0,1,1,1784380907.40134
2102,131,6,formal,up,8,65,1,-3.362947666949035,1784380909.739361,1784380912.065305,1784380910.902333,-0.000941,-0.005856,-0.009988,0.000878,-0.00156,1,acq,20480,20480,0,16,True,False,1,1200000,8381618,False,-201302,199016,0,0,0,0,1,1,1784380909.739361
2103,131,7,formal,up,8,65,1,-3.362947666949035,1784380912.066422,1784380914.411617,1784380913.2390194,-0.000877,-0.006174,-0.010599,0.000896,-0.001554,1,acq,20480,20480,0,16,True,False,1,1200000,8381618,False,-211295,209009,0,0,0,0,1,1,1784380912.066422
2104,131,8,formal,up,8,65,1,-3.362947666949035,1784380914.4118469,1784380916.742382,1784380915.5771146,-0.000823,-0.00653,-0.011257,0.000877,-0.001575,1,acq,20480,20480,0,16,True,False,1,1200000,8381618,False,-210025,204436,0,0,0,0,1,1,1784380914.4118469
2105,131,9,formal,up,8,65,1,-3.362947666949035,1784380916.742613,1784380919.079099,1784380917.910856,-0.000741,-0.006924,-0.011938,0.000887,-0.001563,1,acq,20480,20480,0,16,True,False,1,1200000,8381618,False,-205452,220696,0,0,0,0,1,1,1784380916.742613
2106,131,10,formal,up,8,65,1,-3.362947666949035,1784380919.079607,1784380921.406979,1784380920.243293,-0.00069,-0.007266,-0.012541,0.000883,-0.001567,1,acq,20480,20480,0,16,True,False,1,1200000,8381618,False,-227217,208501,0,0,0,0,1,1,1784380919.079607
2107,131,11,formal,up,8,65,1,-3.362947666949035,1784380921.4072251,1784380923.730326,1784380922.5687757,-0.000601,-0.007629,-0.013139,0.000892,-0.001559,1,acq,20480,20480,0,16,True,False,1,1200000,8381618,False,-225438,226539,0,0,0,0,1,1,1784380921.4072251
2108,131,12,formal,up,8,65,1,-3.362947666949035,1784380923.730656,1784380926.0627599,1784380924.896708,-0.000538,-0.008022,-0.013699,0.00089,-0.001565,1,acq,20480,20480,0,16,True,False,1,1200000,8381618,False,-230773,227301,0,0,0,0,1,1,1784380923.730656
2109,131,13,formal,up,8,65,1,-3.362947666949035,1784380926.06383,1784380928.407109,1784380927.2354693,-0.000464,-0.008374,-0.014293,0.000899,-0.001554,1,acq,20480,20480,0,16,True,False,1,1200000,8381618,False,-238057,226963,0,0,0,0,1,1,1784380926.06383
2110,131,14,formal,up,8,65,1,-3.362947666949035,1784380928.407475,1784380930.74326,1784380929.5753675,-0.000398,-0.00866,-0.014845,0.000884,-0.00158,1,acq,20480,20480,0,16,True,False,1,1200000,8381618,False,-237125,228402,0,0,0,0,1,1,1784380928.407475
2111,131,15,formal,up,8,65,1,-3.362947666949035,1784380930.7435122,1784380933.075234,1784380931.909373,-0.000315,-0.008994,-0.01548,0.000877,-0.001565,1,acq,20480,20480,0,16,True,False,1,1200000,8381618,False,-250590,239750,0,0,0,0,1,1,1784380930.7435122
2112,132,0,formal,up,9,66,0,-3.232394190747936,1784380944.3405561,1784380946.674412,1784380945.507484,-0.001318,0.002437,0.004114,0.000882,-0.001591,1,acq,20480,20480,0,16,True,False,1,1200000,8381618,False,-153538,144900,0,0,0,0,1,1,1784380944.3405561
2113,132,1,formal,up,9,66,0,-3.232394190747936,1784380946.6748888,1784380949.006419,1784380947.840654,-0.001322,0.002157,0.003684,0.000874,-0.001591,1,acq,20480,20480,0,16,True,False,1,1200000,8381618,False,-158196,142614,0,0,0,0,1,1,1784380946.6748888
2114,132,2,formal,up,9,66,0,-3.232394190747936,1784380949.006628,1784380951.338378,1784380950.172503,-0.001358,0.001903,0.003263,0.000879,-0.001589,1,acq,20480,20480,0,16,True,False,1,1200000,8381618,False,-153538,142698,0,0,0,0,1,1,1784380949.006628
2115,132,3,formal,up,9,66,0,-3.232394190747936,1784380951.3386948,1784380953.673747,1784380952.5062208,-0.00138,0.00161,0.002802,0.000882,-0.001572,1,acq,20480,20480,0,16,True,False,1,1200000,8381618,False,-143630,137278,0,0,0,0,1,1,1784380951.3386948
2116,132,4,formal,up,9,66,0,-3.232394190747936,1784380953.6739788,1784380956.015538,1784380954.8447585,-0.001356,0.001379,0.002348,0.000879,-0.001575,1,acq,20480,20480,0,16,True,False,1,1200000,8381618,False,-134992,140412,0,0,0,0,1,1,1784380953.6739788
2117,132,5,formal,up,9,66,0,-3.232394190747936,1784380956.015916,1784380958.345933,1784380957.1809244,-0.001365,0.001099,0.001871,0.000866,-0.001576,1,acq,20480,20480,0,16,True,False,1,1200000,8381618,False,-138803,141852,0,0,0,0,1,1,1784380956.015916
2118,132,6,formal,up,9,66,0,-3.232394190747936,1784380958.3461719,1784380960.6692932,1784380959.5077324,-0.001378,0.000849,0.001434,0.000866,-0.00159,1,acq,20480,20480,0,16,True,False,1,1200000,8381618,False,-132028,141005,0,0,0,0,1,1,1784380958.3461719
2119,132,7,formal,up,9,66,0,-3.232394190747936,1784380960.6695418,1784380963.005162,1784380961.8373518,-0.001388,0.000585,0.001003,0.000882,-0.00158,1,acq,20480,20480,0,16,True,False,1,1200000,8381618,False,-129487,131774,0,0,0,0,1,1,1784380960.6695418
2120,132,8,formal,up,9,66,0,-3.232394190747936,1784380963.0053902,1784380965.345182,1784380964.175286,-0.001424,0.000308,0.000551,0.00088,-0.001579,1,acq,20480,20480,0,16,True,False,1,1200000,8381618,False,-126947,134314,0,0,0,0,1,1,1784380963.0053902
2121,132,9,formal,up,9,66,0,-3.232394190747936,1784380965.3454359,1784380967.6802602,1784380966.512848,-0.001405,7.2e-05,0.0001,0.000869,-0.001565,1,acq,20480,20480,0,16,True,False,1,1200000,8381618,False,-128471,142614,0,0,0,0,1,1,1784380965.3454359
2122,132,10,formal,up,9,66,0,-3.232394190747936,1784380967.680495,1784380970.007313,1784380968.843904,-0.001374,-0.000177,-0.000318,0.00088,-0.001583,1,acq,20480,20480,0,16,True,False,1,1200000,8381618,False,-122035,136178,0,0,0,0,1,1,1784380967.680495
2123,132,11,formal,up,9,66,0,-3.232394190747936,1784380970.007627,1784380972.358143,1784380971.1828852,-0.001403,-0.000453,-0.000755,0.000885,-0.001565,1,acq,20480,20480,0,16,True,False,1,1200000,8381618,False,-129995,132875,0,0,0,0,1,1,1784380970.007627
2124,132,12,formal,up,9,66,0,-3.232394190747936,1784380972.3583739,1784380974.684555,1784380973.5214643,-0.001403,-0.000718,-0.001187,0.000867,-0.001577,1,acq,20480,20480,0,16,True,False,1,1200000,8381618,False,-138295,138125,0,0,0,0,1,1,1784380972.3583739
2125,132,13,formal,up,9,66,0,-3.232394190747936,1784380974.684785,1784380977.0062022,1784380975.8454936,-0.001382,-0.000942,-0.001651,0.000874,-0.001564,1,acq,20480,20480,0,16,True,False,1,1200000,8381618,False,-133976,139565,0,0,0,0,1,1,1784380974.684785
2126,132,14,formal,up,9,66,0,-3.232394190747936,1784380977.006471,1784380979.335407,1784380978.170939,-0.001363,-0.001173,-0.00206,0.000873,-0.001566,1,acq,20480,20480,0,16,True,False,1,1200000,8381618,False,-135754,148118,0,0,0,0,1,1,1784380977.006471
2127,132,15,formal,up,9,66,0,-3.232394190747936,1784380979.335656,1784380981.658953,1784380980.4973044,-0.001361,-0.001408,-0.002433,0.000871,-0.00155,1,acq,20480,20480,0,16,True,False,1,1200000,8381618,False,-143376,137702,0,0,0,0,1,1,1784380979.335656
2128,133,0,formal,down,9,66,1,-3.232394190747936,1784380994.3954618,1784380996.7287061,1784380995.562084,-0.001277,-0.002926,-0.005002,0.000874,-0.001567,1,acq,20480,20480,0,16,True,False,1,1200000,8381618,False,-169798,159382,0,0,0,0,1,1,1784380994.3954618
2129,133,1,formal,down,9,66,1,-3.232394190747936,1784380996.7297978,1784380999.074399,1784380997.9020984,-0.001274,-0.00315,-0.005405,0.000885,-0.001549,1,acq,20480,20480,0,16,True,False,1,1200000,8381618,False,-166834,152692,0,0,0,0,1,1,1784380996.7297978
2130,133,2,formal,down,9,66,1,-3.232394190747936,1784380999.074663,1784381001.409665,1784381000.2421641,-0.001246,-0.003375,-0.005789,0.000882,-0.001554,1,acq,20480,20480,0,16,True,False,1,1200000,8381618,False,-157519,157773,0,0,0,0,1,1,1784380999.074663
2131,133,3,formal,down,9,66,1,-3.232394190747936,1784381001.409924,1784381003.7509918,1784381002.580458,-0.001228,-0.003578,-0.006154,0.000873,-0.001549,1,acq,20480,20480,0,16,True,False,1,1200000,8381618,False,-176997,155486,0,0,0,0,1,1,1784381001.409924
2132,133,4,formal,down,9,66,1,-3.232394190747936,1784381003.7521431,1784381006.082047,1784381004.9170952,-0.001187,-0.003836,-0.006551,0.000872,-0.001563,1,acq,20480,20480,0,16,True,False,1,1200000,8381618,False,-163532,171238,0,0,0,0,1,1,1784381003.7521431
2133,133,5,formal,down,9,66,1,-3.232394190747936,1784381006.082276,1784381008.4267871,1784381007.2545316,-0.001173,-0.00406,-0.006947,0.000891,-0.00156,1,acq,20480,20480,0,16,True,False,1,1200000,8381618,False,-178267,171408,0,0,0,0,1,1,1784381006.082276
2134,133,6,formal,down,9,66,1,-3.232394190747936,1784381008.427043,1784381010.7652102,1784381009.5961266,-0.001174,-0.00425,-0.007307,0.000882,-0.001555,1,acq,20480,20480,0,16,True,False,1,1200000,8381618,False,-189022,167427,0,0,0,0,1,1,1784381008.427043
2135,133,7,formal,down,9,66,1,-3.232394190747936,1784381010.766397,1784381013.092969,1784381011.929683,-0.001123,-0.004469,-0.007708,0.000868,-0.001561,1,acq,20480,20480,0,16,True,False,1,1200000,8381618,False,-176489,164463,0,0,0,0,1,1,1784381010.766397
2136,133,8,formal,down,9,66,1,-3.232394190747936,1784381013.093194,1784381015.423389,1784381014.2582915,-0.001102,-0.00471,-0.008096,0.000885,-0.001549,1,acq,20480,20480,0,16,True,False,1,1200000,8381618,False,-179029,170984,0,0,0,0,1,1,1784381013.093194
2137,133,9,formal,down,9,66,1,-3.232394190747936,1784381015.42368,1784381017.7596722,1784381016.5916762,-0.001058,-0.004919,-0.008446,0.000871,-0.001541,1,acq,20480,20480,0,16,True,False,1,1200000,8381618,False,-188260,186567,0,0,0,0,1,1,1784381015.42368
2138,133,10,formal,down,9,66,1,-3.232394190747936,1784381017.759902,1784381020.098463,1784381018.9291825,-0.001065,-0.00514,-0.008797,0.000871,-0.001556,1,acq,20480,20480,0,16,True,False,1,1200000,8381618,False,-189869,174287,0,0,0,0,1,1,1784381017.759902
2139,133,11,formal,down,9,66,1,-3.232394190747936,1784381020.098943,1784381022.4349282,1784381021.2669356,-0.001005,-0.005336,-0.009153,0.000866,-0.001547,1,acq,20480,20480,0,16,True,False,1,1200000,8381618,False,-187413,175727,0,0,0,0,1,1,1784381020.098943
2140,133,12,formal,down,9,66,1,-3.232394190747936,1784381022.435165,1784381024.770134,1784381023.6026495,-0.000989,-0.005551,-0.009542,0.00087,-0.001563,1,acq,20480,20480,0,16,True,False,1,1200000,8381618,False,-203165,184195,0,0,0,0,1,1,1784381022.435165
2141,133,13,formal,down,9,66,1,-3.232394190747936,1784381024.770585,1784381027.095178,1784381025.9328814,-0.000955,-0.005754,-0.009884,0.000875,-0.001548,1,acq,20480,20480,0,16,True,False,1,1200000,8381618,False,-197915,183094,0,0,0,0,1,1,1784381024.770585
2142,133,14,formal,down,9,66,1,-3.232394190747936,1784381027.095422,1784381029.433242,1784381028.264332,-0.000912,-0.005957,-0.01022,0.00088,-0.001553,1,acq,20480,20480,0,16,True,False,1,1200000,8381618,False,-194951,189531,0,0,0,0,1,1,1784381027.095422
2143,133,15,formal,down,9,66,1,-3.232394190747936,1784381029.433462,1784381031.756512,1784381030.594987,-0.000871,-0.006153,-0.010589,0.000875,-0.001562,1,acq,20480,20480,0,16,True,False,1,1200000,8381618,False,-195628,203335,0,0,0,0,1,1,1784381029.433462
2144,134,0,formal,down,71,67,0,4.861921333720183,1784381131.981281,1784381134.312769,1784381133.147025,0.691668,-0.167248,-0.285121,-0.000752,0.002055,1,acq,20480,20480,0,16,True,False,1,1200000,8381618,False,-2404956,2513610,0,0,0,0,1,1,1784381131.981281
2145,134,1,formal,down,71,67,0,4.861921333720183,1784381134.313858,1784381136.642594,1784381135.4782262,0.688175,-0.167097,-0.284953,-0.000742,0.002097,1,acq,20480,20480,0,16,True,False,1,1200000,8381618,False,-2374553,2499298,0,0,0,0,1,1,1784381134.313858
2146,134,2,formal,down,71,67,0,4.861921333720183,1784381136.6429691,1784381138.978196,1784381137.8105826,0.685044,-0.167144,-0.285011,-0.000763,0.002091,1,acq,20480,20480,0,16,True,False,1,1200000,8381618,False,-2419861,2491676,0,0,0,0,1,1,1784381136.6429691
2147,134,3,formal,down,71,67,0,4.861921333720183,1784381138.978412,1784381141.3141,1784381140.146256,0.682032,-0.166943,-0.284862,-0.000751,0.002007,1,acq,20480,20480,0,16,True,False,1,1200000,8381618,False,-2401822,2519707,0,0,0,0,1,1,1784381138.978412
2148,134,4,formal,down,71,67,0,4.861921333720183,1784381141.3143349,1784381143.631336,1784381142.4728355,0.678055,-0.16666,-0.284289,-0.000755,0.002057,1,acq,20480,20480,0,16,True,False,1,1200000,8381618,False,-2404363,2492692,0,0,0,0,1,1,1784381141.3143349
2149,134,5,formal,down,71,67,0,4.861921333720183,1784381143.6316328,1784381145.956013,1784381144.7938228,0.676069,-0.166791,-0.284611,-0.00076,0.002038,1,acq,20480,20480,0,16,True,False,1,1200000,8381618,False,-2390135,2460172,0,0,0,0,1,1,1784381143.6316328
2150,134,6,formal,down,71,67,0,4.861921333720183,1784381145.956537,1784381148.28661,1784381147.1215734,0.673182,-0.16668,-0.284512,-0.000731,0.002018,1,acq,20480,20480,0,16,True,False,1,1200000,8381618,False,-2420284,2504802,0,0,0,0,1,1,1784381145.956537
2151,134,7,formal,down,71,67,0,4.861921333720183,1784381148.286866,1784381150.6326919,1784381149.4597788,0.670378,-0.166603,-0.28416,-0.000691,0.002068,1,acq,20480,20480,0,16,True,False,1,1200000,8381618,False,-2382683,2477363,0,0,0,0,1,1,1784381148.286866
2152,134,8,formal,down,71,67,0,4.861921333720183,1784381150.6329012,1784381152.96457,1784381151.7987356,0.66738,-0.16645,-0.28396,-0.000689,0.002061,1,acq,20480,20480,0,16,True,False,1,1200000,8381618,False,-2396572,2484985,0,0,0,0,1,1,1784381150.6329012
2153,134,9,formal,down,71,67,0,4.861921333720183,1784381152.9648829,1784381155.2979898,1784381154.1314363,0.664399,-0.166226,-0.283604,-0.00073,0.002024,1,acq,20480,20480,0,16,True,False,1,1200000,8381618,False,-2380904,2502939,0,0,0,0,1,1,1784381152.9648829
2154,134,10,formal,down,71,67,0,4.861921333720183,1784381155.298522,1784381157.638666,1784381156.468594,0.662502,-0.166208,-0.283655,-0.000726,0.002023,1,acq,20480,20480,0,16,True,False,1,1200000,8381618,False,-2387087,2496333,0,0,0,0,1,1,1784381155.298522
2155,134,11,formal,down,71,67,0,4.861921333720183,1784381157.638921,1784381159.9546182,1784381158.7967696,0.659669,-0.166044,-0.283425,-0.000717,0.002048,1,acq,20480,20480,0,16,True,False,1,1200000,8381618,False,-2422740,2467201,0,0,0,0,1,1,1784381157.638921
2156,134,12,formal,down,71,67,0,4.861921333720183,1784381159.954957,1784381162.294398,1784381161.1246777,0.657958,-0.166162,-0.283495,-0.000703,0.00202,1,acq,20480,20480,0,16,True,False,1,1200000,8381618,False,-2390389,2466947,0,0,0,0,1,1,1784381159.954957
2157,134,13,formal,down,71,67,0,4.861921333720183,1784381162.294632,1784381164.62246,1784381163.458546,0.655779,-0.166024,-0.283423,-0.000682,0.001999,1,acq,20480,20480,0,16,True,False,1,1200000,8381618,False,-2395555,2455345,0,0,0,0,1,1,1784381162.294632
2158,134,14,formal,down,71,67,0,4.861921333720183,1784381164.6227698,1784381166.963176,1784381165.792973,0.653782,-0.166062,-0.28336,-0.000702,0.002011,1,acq,20480,20480,0,16,True,False,1,1200000,8381618,False,-2396826,2505226,0,0,0,0,1,1,1784381164.6227698
2159,134,15,formal,down,71,67,0,4.861921333720183,1784381166.96347,1784381169.289044,1784381168.126257,0.65154,-0.165976,-0.283187,-0.00064,0.002001,1,acq,20480,20480,0,16,True,False,1,1200000,8381618,False,-2370827,2454074,0,0,0,0,1,1,1784381166.96347
2160,135,0,formal,up,71,67,1,4.861921333720183,1784381181.999556,1784381184.3390899,1784381183.169323,0.638586,-0.165329,-0.28218,-0.00072,0.001955,1,acq,20480,20480,0,16,True,False,1,1200000,8381618,False,-2394200,2477025,0,0,0,0,1,1,1784381181.999556
2161,135,1,formal,up,71,67,1,4.861921333720183,1784381184.339338,1784381186.666175,1784381185.5027566,0.6366,-0.165242,-0.281994,-0.000646,0.001971,1,acq,20480,20480,0,16,True,False,1,1200000,8381618,False,-2382767,2461273,0,0,0,0,1,1,1784381184.339338
2162,135,2,formal,up,71,67,1,4.861921333720183,1784381186.666402,1784381188.989166,1784381187.827784,0.634961,-0.165102,-0.281822,-0.00069,0.001978,1,acq,20480,20480,0,16,True,False,1,1200000,8381618,False,-2361426,2497350,0,0,0,0,1,1,1784381186.666402
2163,135,3,formal,up,71,67,1,4.861921333720183,1784381188.989472,1784381191.320205,1784381190.1548386,0.633099,-0.165125,-0.281722,-0.000692,0.001958,1,acq,20480,20480,0,16,True,False,1,1200000,8381618,False,-2371419,2458139,0,0,0,0,1,1,1784381188.989472
2164,135,4,formal,up,71,67,1,4.861921333720183,1784381191.320431,1784381193.63851,1784381192.4794705,0.631799,-0.165171,-0.281803,-0.000635,0.001978,1,acq,20480,20480,0,16,True,False,1,1200000,8381618,False,-2401145,2415372,0,0,0,0,1,1,1784381191.320431
2165,135,5,formal,up,71,67,1,4.861921333720183,1784381193.638771,1784381195.9688058,1784381194.8037884,0.629938,-0.164996,-0.281628,-0.00062,0.001955,1,acq,20480,20480,0,16,True,False,1,1200000,8381618,False,-2395979,2436798,0,0,0,0,1,1,1784381193.638771
2166,135,6,formal,up,71,67,1,4.861921333720183,1784381195.9691231,1784381198.2976289,1784381197.1333761,0.628355,-0.164908,-0.281492,-0.000664,0.001937,1,acq,20480,20480,0,16,True,False,1,1200000,8381618,False,-2377602,2460087,0,0,0,0,1,1,1784381195.9691231
2167,135,7,formal,up,71,67,1,4.861921333720183,1784381198.2979,1784381200.6161878,1784381199.457044,0.626263,-0.164734,-0.281185,-0.000652,0.001956,1,acq,20480,20480,0,16,True,False,1,1200000,8381618,False,-2366846,2451873,0,0,0,0,1,1,1784381198.2979
2168,135,8,formal,up,71,67,1,4.861921333720183,1784381200.616628,1784381202.9576588,1784381201.7871432,0.624591,-0.164593,-0.281041,-0.000655,0.001926,1,acq,20480,20480,0,16,True,False,1,1200000,8381618,False,-2375061,2466608,0,0,0,0,1,1,1784381200.616628
2169,135,9,formal,up,71,67,1,4.861921333720183,1784381202.9578931,1784381205.300171,1784381204.1290321,0.623412,-0.164689,-0.281104,-0.000695,0.001903,1,acq,20480,20480,0,16,True,False,1,1200000,8381618,False,-2366931,2424857,0,0,0,0,1,1,1784381202.9578931
2170,135,10,formal,up,71,67,1,4.861921333720183,1784381205.300395,1784381207.633264,1784381206.4668295,0.621481,-0.164495,-0.280803,-0.000648,0.001914,1,acq,20480,20480,0,16,True,False,1,1200000,8381618,False,-2379634,2447130,0,0,0,0,1,1,1784381205.300395
2171,135,11,formal,up,71,67,1,4.861921333720183,1784381207.633492,1784381209.969773,1784381208.8016324,0.619955,-0.164485,-0.280717,-0.000698,0.001899,1,acq,20480,20480,0,16,True,False,1,1200000,8381618,False,-2428499,2486256,0,0,0,0,1,1,1784381207.633492
2172,135,12,formal,up,71,67,1,4.861921333720183,1784381209.969996,1784381212.295818,1784381211.132907,0.618972,-0.164418,-0.280763,-0.000612,0.001954,1,acq,20480,20480,0,16,True,False,1,1200000,8381618,False,-2385054,2433326,0,0,0,0,1,1,1784381209.969996
2173,135,13,formal,up,71,67,1,4.861921333720183,1784381212.296154,1784381214.630883,1784381213.4635186,0.617272,-0.164365,-0.280583,-0.000633,0.001913,1,acq,20480,20480,0,16,True,False,1,1200000,8381618,False,-2388526,2436290,0,0,0,0,1,1,1784381212.296154
2174,135,14,formal,up,71,67,1,4.861921333720183,1784381214.6311529,1784381216.9664378,1784381215.7987952,0.615739,-0.164245,-0.280462,-0.000661,0.001898,1,acq,20480,20480,0,16,True,False,1,1200000,8381618,False,-2363205,2442642,0,0,0,0,1,1,1784381214.6311529
2175,135,15,formal,up,71,67,1,4.861921333720183,1784381216.966651,1784381219.297593,1784381218.132122,0.614404,-0.164264,-0.280379,-0.000604,0.001916,1,acq,20480,20480,0,16,True,False,1,1200000,8381618,False,-2367862,2414525,0,0,0,0,1,1,1784381216.966651
2176,136,0,formal,up,51,68,0,2.250851809698209,1784381259.270129,1784381261.6135921,1784381260.4418607,1.2,-0.0442,-0.076034,-0.000863,0.001805,1,acq,20480,20480,0,16,True,False,1,1200000,8381618,False,-784630,836204,0,0,0,0,1,1,1784381259.270129
2177,136,1,formal,up,51,68,0,2.250851809698209,1784381261.6138759,1784381263.9368398,1784381262.7753577,1.2,-0.044041,-0.075662,-0.00087,0.001801,1,acq,20480,20480,0,16,True,False,1,1200000,8381618,False,-749315,813000,0,0,0,0,1,1,1784381261.6138759
2178,136,2,formal,up,51,68,0,2.250851809698209,1784381263.937115,1784381266.2636201,1784381265.1003675,1.2,-0.043825,-0.075419,-0.000922,0.00181,1,acq,20480,20480,0,16,True,False,1,1200000,8381618,False,-761764,797502,0,0,0,0,1,1,1784381263.937115
2179,136,3,formal,up,51,68,0,2.250851809698209,1784381266.2638788,1784381268.582988,1784381267.4234333,1.2,-0.043718,-0.075221,-0.00093,0.001816,1,acq,20480,20480,0,16,True,False,1,1200000,8381618,False,-774382,837136,0,0,0,0,1,1,1784381266.2638788
2180,136,4,formal,up,51,68,0,2.250851809698209,1784381268.583213,1784381270.9189491,1784381269.751081,1.2,-0.043574,-0.074938,-0.000887,0.001825,1,acq,20480,20480,0,16,True,False,1,1200000,8381618,False,-752533,823163,0,0,0,0,1,1,1784381268.583213
2181,136,5,formal,up,51,68,0,2.250851809698209,1784381270.9191658,1784381273.251381,1784381272.0852733,1.2,-0.04343,-0.074728,-0.0009,0.001786,1,acq,20480,20480,0,16,True,False,1,1200000,8381618,False,-739237,855937,0,0,0,0,1,1,1784381270.9191658
2182,136,6,formal,up,51,68,0,2.250851809698209,1784381273.251607,1784381275.582392,1784381274.4169993,1.2,-0.043385,-0.074689,-0.000917,0.001804,1,acq,20480,20480,0,16,True,False,1,1200000,8381618,False,-721199,847722,0,0,0,0,1,1,1784381273.251607
2183,136,7,formal,up,51,68,0,2.250851809698209,1784381275.5825999,1784381277.909943,1784381276.7462716,1.2,-0.043251,-0.074486,-0.000903,0.001812,1,acq,20480,20480,0,16,True,False,1,1200000,8381618,False,-723147,788356,0,0,0,0,1,1,1784381275.5825999
2184,136,8,formal,up,51,68,0,2.250851809698209,1784381277.910181,1784381280.2323682,1784381279.0712748,1.2,-0.043175,-0.074382,-0.000914,0.001778,1,acq,20480,20480,0,16,True,False,1,1200000,8381618,False,-790897,855174,0,0,0,0,1,1,1784381277.910181
2185,136,9,formal,up,51,68,0,2.250851809698209,1784381280.232587,1784381282.5717618,1784381281.4021745,1.2,-0.043141,-0.074263,-0.000881,0.001798,1,acq,20480,20480,0,16,True,False,1,1200000,8381618,False,-740762,811730,0,0,0,0,1,1,1784381280.232587
2186,136,10,formal,up,51,68,0,2.250851809698209,1784381282.572064,1784381284.927267,1784381283.7496655,1.2,-0.043069,-0.074157,-0.000916,0.001785,1,acq,20480,20480,0,16,True,False,1,1200000,8381618,False,-832647,846875,0,0,0,0,1,1,1784381282.572064
2187,136,11,formal,up,51,68,0,2.250851809698209,1784381284.927487,1784381287.2468731,1784381286.0871801,1.2,-0.04301,-0.074096,-0.000919,0.001768,1,acq,20480,20480,0,16,True,False,1,1200000,8381618,False,-787509,790304,0,0,0,0,1,1,1784381284.927487
2188,136,12,formal,up,51,68,0,2.250851809698209,1784381287.2471611,1784381289.5903091,1784381288.418735,1.2,-0.042975,-0.07403,-0.000913,0.001796,1,acq,20480,20480,0,16,True,False,1,1200000,8381618,False,-761425,839507,0,0,0,0,1,1,1784381287.2471611
2189,136,13,formal,up,51,68,0,2.250851809698209,1784381289.590554,1784381291.922488,1784381290.756521,1.2,-0.042946,-0.073977,-0.000893,0.001804,1,acq,20480,20480,0,16,True,False,1,1200000,8381618,False,-819606,832478,0,0,0,0,1,1,1784381289.590554
2190,136,14,formal,up,51,68,0,2.250851809698209,1784381291.922705,1784381294.255218,1784381293.0889616,1.2,-0.042881,-0.073912,-0.000903,0.001811,1,acq,20480,20480,0,16,True,False,1,1200000,8381618,False,-812068,826635,0,0,0,0,1,1,1784381291.922705
2191,136,15,formal,up,51,68,0,2.250851809698209,1784381294.255465,1784381296.584596,1784381295.4200306,1.2,-0.042914,-0.073868,-0.000925,0.001789,1,acq,20480,20480,0,16,True,False,1,1200000,8381618,False,-725772,848569,0,0,0,0,1,1,1784381294.255465
2192,137,0,formal,down,51,68,1,2.250851809698209,1784381309.265785,1784381311.587113,1784381310.4264488,1.2,-0.042856,-0.073806,-0.000928,0.001807,1,acq,20480,20480,0,16,True,False,1,1200000,8381618,False,-814863,811476,0,0,0,0,1,1,1784381309.265785
2193,137,1,formal,down,51,68,1,2.250851809698209,1784381311.587394,1784381313.9156742,1784381312.751534,1.2,-0.042842,-0.073771,-0.000894,0.001809,1,acq,20480,20480,0,16,True,False,1,1200000,8381618,False,-790134,946806,0,0,0,0,1,1,1784381311.587394
2194,137,2,formal,down,51,68,1,2.250851809698209,1784381313.915895,1784381316.251648,1784381315.0837715,1.2,-0.042858,-0.073818,-0.000881,0.001808,1,acq,20480,20480,0,16,True,False,1,1200000,8381618,False,-786069,878294,0,0,0,0,1,1,1784381313.915895
2195,137,3,formal,down,51,68,1,2.250851809698209,1784381316.251898,1784381318.580321,1784381317.4161096,1.2,-0.0428,-0.073776,-0.000895,0.001767,1,acq,20480,20480,0,16,True,False,1,1200000,8381618,False,-746012,742117,0,0,0,0,1,1,1784381316.251898
2196,137,4,formal,down,51,68,1,2.250851809698209,1784381318.580566,1784381320.910439,1784381319.7455025,1.2,-0.042879,-0.073847,-0.000904,0.001803,1,acq,20480,20480,0,16,True,False,1,1200000,8381618,False,-759986,808681,0,0,0,0,1,1,1784381318.580566
2197,137,5,formal,down,51,68,1,2.250851809698209,1784381320.910669,1784381323.240383,1784381322.075526,1.2,-0.042772,-0.073789,-0.000902,0.001787,1,acq,20480,20480,0,16,True,False,1,1200000,8381618,False,-722300,786069,0,0,0,0,1,1,1784381320.910669
2198,137,6,formal,down,51,68,1,2.250851809698209,1784381323.240614,1784381325.570431,1784381324.4055223,1.2,-0.042813,-0.073773,-0.00092,0.001793,1,acq,20480,20480,0,16,True,False,1,1200000,8381618,False,-792675,805293,0,0,0,0,1,1,1784381323.240614
2199,137,7,formal,down,51,68,1,2.250851809698209,1784381325.5706508,1784381327.8893938,1784381326.7300224,1.2,-0.04285,-0.073894,-0.000904,0.001786,1,acq,20480,20480,0,16,True,False,1,1200000,8381618,False,-731954,853057,0,0,0,0,1,1,1784381325.5706508
2200,137,8,formal,down,51,68,1,2.250851809698209,1784381327.889649,1784381330.218526,1784381329.0540874,1.2,-0.042852,-0.073889,-0.000923,0.001781,1,acq,20480,20480,0,16,True,False,1,1200000,8381618,False,-743302,806225,0,0,0,0,1,1,1784381327.889649
2201,137,9,formal,down,51,68,1,2.250851809698209,1784381330.218784,1784381332.542073,1784381331.3804286,1.2,-0.042896,-0.073951,-0.000898,0.001808,1,acq,20480,20480,0,16,True,False,1,1200000,8381618,False,-733732,795046,0,0,0,0,1,1,1784381330.218784
2202,137,10,formal,down,51,68,1,2.250851809698209,1784381332.542295,1784381334.868532,1784381333.7054133,1.2,-0.042816,-0.073885,-0.000943,0.001795,1,acq,20480,20480,0,16,True,False,1,1200000,8381618,False,-793691,850008,0,0,0,0,1,1,1784381332.542295
2203,137,11,formal,down,51,68,1,2.250851809698209,1784381334.8687859,1784381337.184778,1784381336.026782,1.2,-0.042811,-0.073946,-0.000857,0.001806,1,acq,20480,20480,0,16,True,False,1,1200000,8381618,False,-833664,818928,0,0,0,0,1,1,1784381334.8687859
2204,137,12,formal,down,51,68,1,2.250851809698209,1784381337.185278,1784381339.505318,1784381338.3452978,1.2,-0.042922,-0.074002,-0.000894,0.001827,1,acq,20480,20480,0,16,True,False,1,1200000,8381618,False,-762187,848653,0,0,0,0,1,1,1784381337.185278
2205,137,13,formal,down,51,68,1,2.250851809698209,1784381339.505554,1784381341.845657,1784381340.6756055,1.2,-0.042853,-0.073923,-0.000889,0.001801,1,acq,20480,20480,0,16,True,False,1,1200000,8381618,False,-759732,855090,0,0,0,0,1,1,1784381339.505554
2206,137,14,formal,down,51,68,1,2.250851809698209,1784381341.8459468,1784381344.185111,1784381343.015529,1.2,-0.042882,-0.07402,-0.000894,0.001779,1,acq,20480,20480,0,16,True,False,1,1200000,8381618,False,-751009,877955,0,0,0,0,1,1,1784381341.8459468
2207,137,15,formal,down,51,68,1,2.250851809698209,1784381344.1853282,1784381346.530346,1784381345.3578372,1.2,-0.04293,-0.074126,-0.000894,0.001764,1,acq,20480,20480,0,16,True,False,1,1200000,8381618,False,-738306,843233,0,0,0,0,1,1,1784381344.1853282
2208,138,0,formal,down,29,69,0,-0.621324666725962,1784381386.5083241,1784381388.841674,1784381387.6749992,0.875764,0.166005,0.283651,-0.000283,-0.000236,1,acq,20480,20480,0,16,True,False,1,1200000,8381618,False,-2499721,2419776,0,0,0,0,1,1,1784381386.5083241
2209,138,1,formal,down,29,69,0,-0.621324666725962,1784381388.842787,1784381391.180265,1784381390.011526,0.87358,0.166096,0.283696,-0.000323,-0.000235,1,acq,20480,20480,0,16,True,False,1,1200000,8381618,False,-2426890,2435274,0,0,0,0,1,1,1784381388.842787
2210,138,2,formal,down,29,69,0,-0.621324666725962,1784381391.1805718,1784381393.513599,1784381392.3470855,0.871317,0.166049,0.28382,-0.000303,-0.000227,1,acq,20480,20480,0,16,True,False,1,1200000,8381618,False,-2447045,2476517,0,0,0,0,1,1,1784381391.1805718
2211,138,3,formal,down,29,69,0,-0.621324666725962,1784381393.514067,1784381395.854989,1784381394.6845279,0.869689,0.166114,0.283946,-0.000268,-0.000257,1,acq,20480,20480,0,16,True,False,1,1200000,8381618,False,-2435189,2502008,0,0,0,0,1,1,1784381393.514067
2212,138,4,formal,down,29,69,0,-0.621324666725962,1784381395.855217,1784381398.182574,1784381397.0188956,0.869195,0.166425,0.284476,-0.000331,-0.000264,1,acq,20480,20480,0,16,True,False,1,1200000,8381618,False,-2434766,2479227,0,0,0,0,1,1,1784381395.855217
2213,138,5,formal,down,29,69,0,-0.621324666725962,1784381398.182833,1784381400.51348,1784381399.3481565,0.866084,0.166226,0.284124,-0.000242,-0.000232,1,acq,20480,20480,0,16,True,False,1,1200000,8381618,False,-2435528,2459410,0,0,0,0,1,1,1784381398.182833
2214,138,6,formal,down,29,69,0,-0.621324666725962,1784381400.513798,1784381402.8546948,1784381401.6842465,0.864351,0.166199,0.284136,-0.000315,-0.000275,1,acq,20480,20480,0,16,True,False,1,1200000,8381618,False,-2446961,2467540,0,0,0,0,1,1,1784381400.513798
2215,138,7,formal,down,29,69,0,-0.621324666725962,1784381402.854951,1784381405.191703,1784381404.0233269,0.862537,0.166126,0.284152,-0.000316,-0.000264,1,acq,20480,20480,0,16,True,False,1,1200000,8381618,False,-2476517,2481174,0,0,0,0,1,1,1784381402.854951
2216,138,8,formal,down,29,69,0,-0.621324666725962,1784381405.19202,1784381407.5129669,1784381406.3524933,0.86139,0.166223,0.28428,-0.000275,-0.00029,1,acq,20480,20480,0,16,True,False,1,1200000,8381618,False,-2485832,2429092,0,0,0,0,1,1,1784381405.19202
2217,138,9,formal,down,29,69,0,-0.621324666725962,1784381407.513206,1784381409.844643,1784381408.6789246,0.860485,0.166285,0.284503,-0.000292,-0.000255,1,acq,20480,20480,0,16,True,False,1,1200000,8381618,False,-2439254,2425281,0,0,0,0,1,1,1784381407.513206
2218,138,10,formal,down,29,69,0,-0.621324666725962,1784381409.844873,1784381412.18327,1784381411.0140715,0.85886,0.166368,0.284545,-0.000271,-0.000257,1,acq,20480,20480,0,16,True,False,1,1200000,8381618,False,-2478888,2443065,0,0,0,0,1,1,1784381409.844873
2219,138,11,formal,down,29,69,0,-0.621324666725962,1784381412.183625,1784381414.516216,1784381413.3499205,0.857069,0.166219,0.284303,-0.000297,-0.000274,1,acq,20480,20480,0,16,True,False,1,1200000,8381618,False,-2427991,2451195,0,0,0,0,1,1,1784381412.183625
2220,138,12,formal,down,29,69,0,-0.621324666725962,1784381414.51647,1784381416.858528,1784381415.687499,0.856433,0.166451,0.284625,-0.000291,-0.000329,1,acq,20480,20480,0,16,True,False,1,1200000,8381618,False,-2441117,2471605,0,0,0,0,1,1,1784381414.51647
2221,138,13,formal,down,29,69,0,-0.621324666725962,1784381416.8587468,1784381419.1941519,1784381418.0264492,0.855359,0.166399,0.284687,-0.000287,-0.000256,1,acq,20480,20480,0,16,True,False,1,1200000,8381618,False,-2472282,2457631,0,0,0,0,1,1,1784381416.8587468
2222,138,14,formal,down,29,69,0,-0.621324666725962,1784381419.194413,1784381421.53629,1784381420.3653514,0.853942,0.166411,0.284652,-0.000288,-0.000287,1,acq,20480,20480,0,16,True,False,1,1200000,8381618,False,-2452296,2474145,0,0,0,0,1,1,1784381419.194413
2223,138,15,formal,down,29,69,0,-0.621324666725962,1784381421.536603,1784381423.88304,1784381422.7098215,0.852882,0.16634,0.284712,-0.000261,-0.000289,1,acq,20480,20480,0,16,True,False,1,1200000,8381618,False,-2459410,2440609,0,0,0,0,1,1,1784381421.536603
2224,139,0,formal,up,29,69,1,-0.621324666725962,1784381436.621539,1784381438.954632,1784381437.7880855,0.845853,0.166386,0.284738,-0.000284,-0.000319,1,acq,20480,20480,0,16,True,False,1,1200000,8381618,False,-2457377,2443912,0,0,0,0,1,1,1784381436.621539
2225,139,1,formal,up,29,69,1,-0.621324666725962,1784381438.954884,1784381441.293761,1784381440.1243224,0.844708,0.166352,0.284697,-0.000262,-0.000294,1,acq,20480,20480,0,16,True,False,1,1200000,8381618,False,-2436459,2466778,0,0,0,0,1,1,1784381438.954884
2226,139,2,formal,up,29,69,1,-0.621324666725962,1784381441.294005,1784381443.629318,1784381442.4616613,0.843547,0.16628,0.284727,-0.000306,-0.000245,1,acq,20480,20480,0,16,True,False,1,1200000,8381618,False,-2455683,2470588,0,0,0,0,1,1,1784381441.294005
2227,139,3,formal,up,29,69,1,-0.621324666725962,1784381443.6295948,1784381445.9701471,1784381444.799871,0.843192,0.166429,0.284857,-0.000267,-0.000315,1,acq,20480,20480,0,16,True,False,1,1200000,8381618,False,-2465253,2409613,0,0,0,0,1,1,1784381443.6295948
2228,139,4,formal,up,29,69,1,-0.621324666725962,1784381445.97043,1784381448.313088,1784381447.141759,0.84304,0.166532,0.285129,-0.000254,-0.00029,1,acq,20480,20480,0,16,True,False,1,1200000,8381618,False,-2457377,2466693,0,0,0,0,1,1,1784381445.97043
2229,139,5,formal,up,29,69,1,-0.621324666725962,1784381448.313339,1784381450.6463182,1784381449.4798286,0.841953,0.166601,0.285058,-0.000289,-0.000306,1,acq,20480,20480,0,16,True,False,1,1200000,8381618,False,-2503108,2474315,0,0,0,0,1,1,1784381448.313339
2230,139,6,formal,up,29,69,1,-0.621324666725962,1784381450.646948,1784381452.979987,1784381451.8134675,0.841169,0.166574,0.285154,-0.000262,-0.000299,1,acq,20480,20480,0,16,True,False,1,1200000,8381618,False,-2464914,2456869,0,0,0,0,1,1,1784381450.646948
2231,139,7,formal,up,29,69,1,-0.621324666725962,1784381452.980356,1784381455.304846,1784381454.142601,0.840058,0.166511,0.285057,-0.00025,-0.000334,1,acq,20480,20480,0,16,True,False,1,1200000,8381618,False,-2489304,2460595,0,0,0,0,1,1,1784381452.980356
2232,139,8,formal,up,29,69,1,-0.621324666725962,1784381455.305119,1784381457.648195,1784381456.476657,0.839385,0.166494,0.284968,-0.000201,-0.000282,1,acq,20480,20480,0,16,True,False,1,1200000,8381618,False,-2463305,2531987,0,0,0,0,1,1,1784381455.305119
2233,139,9,formal,up,29,69,1,-0.621324666725962,1784381457.648434,1784381459.9630568,1784381458.8057454,0.838631,0.166471,0.285086,-0.000253,-0.000333,1,acq,20480,20480,0,16,True,False,1,1200000,8381618,False,-2510900,2463983,0,0,0,0,1,1,1784381457.648434
2234,139,10,formal,up,29,69,1,-0.621324666725962,1784381459.963412,1784381462.2994912,1784381461.1314516,0.837739,0.16651,0.285059,-0.000297,-0.000274,1,acq,20480,20480,0,16,True,False,1,1200000,8381618,False,-2499297,2473891,0,0,0,0,1,1,1784381459.963412
2235,139,11,formal,up,29,69,1,-0.621324666725962,1784381462.299708,1784381464.629816,1784381463.464762,0.83626,0.166343,0.284847,-0.000333,-0.000318,1,acq,20480,20480,0,16,True,False,1,1200000,8381618,False,-2527160,2514795,0,0,0,0,1,1,1784381462.299708
2236,139,12,formal,up,29,69,1,-0.621324666725962,1784381464.6301389,1784381466.964641,1784381465.79739,0.836105,0.166515,0.285043,-0.000229,-0.000316,1,acq,20480,20480,0,16,True,False,1,1200000,8381618,False,-2461442,2463813,0,0,0,0,1,1,1784381464.6301389
2237,139,13,formal,up,29,69,1,-0.621324666725962,1784381466.964875,1784381469.298712,1784381468.1317935,0.835981,0.166656,0.285289,-0.000247,-0.000328,1,acq,20480,20480,0,16,True,False,1,1200000,8381618,False,-2470080,2478380,0,0,0,0,1,1,1784381466.964875
2238,139,14,formal,up,29,69,1,-0.621324666725962,1784381469.298919,1784381471.6410549,1784381470.469987,0.834999,0.166573,0.285187,-0.000245,-0.000286,1,acq,20480,20480,0,16,True,False,1,1200000,8381618,False,-2458986,2473807,0,0,0,0,1,1,1784381469.298919
2239,139,15,formal,up,29,69,1,-0.621324666725962,1784381471.6412868,1784381473.966238,1784381472.8037624,0.83388,0.166478,0.285113,-0.000301,-0.000366,1,acq,20480,20480,0,16,True,False,1,1200000,8381618,False,-2480158,2458224,0,0,0,0,1,1,1784381471.6412868
2240,140,0,formal,up,4,70,0,-3.8851615717534296,1784381522.538492,1784381524.8713942,1784381523.7049432,0.04572,-0.057366,-0.098156,0.000395,-0.000497,1,acq,20480,20480,0,16,True,False,1,1200000,8381618,False,-903870,911407,0,0,0,0,1,1,1784381522.538492
2241,140,1,formal,up,4,70,0,-3.8851615717534296,1784381524.8717089,1784381527.201239,1784381526.036474,0.046716,-0.057939,-0.099166,0.000357,-0.000462,1,acq,20480,20480,0,16,True,False,1,1200000,8381618,False,-912338,931478,0,0,0,0,1,1,1784381524.8717089
2242,140,2,formal,up,4,70,0,-3.8851615717534296,1784381527.20151,1784381529.535854,1784381528.368682,0.047623,-0.058449,-0.100055,0.000385,-0.000452,1,acq,20480,20480,0,16,True,False,1,1200000,8381618,False,-929953,936390,0,0,0,0,1,1,1784381527.20151
2243,140,3,formal,up,4,70,0,-3.8851615717534296,1784381529.5368462,1784381531.870632,1784381530.7037392,0.048581,-0.058998,-0.101012,0.000342,-0.000466,1,acq,20480,20480,0,16,True,False,1,1200000,8381618,False,-933172,934527,0,0,0,0,1,1,1784381529.5368462
2244,140,4,formal,up,4,70,0,-3.8851615717534296,1784381531.870868,1784381534.209598,1784381533.0402331,0.049414,-0.059496,-0.101843,0.0004,-0.000434,1,acq,20480,20480,0,16,True,False,1,1200000,8381618,False,-921485,934188,0,0,0,0,1,1,1784381531.870868
2245,140,5,formal,up,4,70,0,-3.8851615717534296,1784381534.209868,1784381536.548339,1784381535.3791034,0.050313,-0.059976,-0.102654,0.000368,-0.000443,1,acq,20480,20480,0,16,True,False,1,1200000,8381618,False,-938337,959171,0,0,0,0,1,1,1784381534.209868
2246,140,6,formal,up,4,70,0,-3.8851615717534296,1784381536.548584,1784381538.871285,1784381537.7099345,0.051104,-0.060355,-0.103462,0.000348,-0.000434,1,acq,20480,20480,0,16,True,False,1,1200000,8381618,False,-942064,952988,0,0,0,0,1,1,1784381536.548584
2247,140,7,formal,up,4,70,0,-3.8851615717534296,1784381538.871592,1784381541.205457,1784381540.0385246,0.051902,-0.060875,-0.104311,0.00035,-0.000414,1,acq,20480,20480,0,16,True,False,1,1200000,8381618,False,-964760,952734,0,0,0,0,1,1,1784381538.871592
2248,140,8,formal,up,4,70,0,-3.8851615717534296,1784381541.205748,1784381543.538253,1784381542.3720007,0.052719,-0.061334,-0.105046,0.000336,-0.000392,1,acq,20480,20480,0,16,True,False,1,1200000,8381618,False,-951972,961711,0,0,0,0,1,1,1784381541.205748
2249,140,9,formal,up,4,70,0,-3.8851615717534296,1784381543.5388129,1784381545.871543,1784381544.7051778,0.053465,-0.06177,-0.105778,0.000357,-0.000419,1,acq,20480,20480,0,16,True,False,1,1200000,8381618,False,-960272,977294,0,0,0,0,1,1,1784381543.5388129
2250,140,10,formal,up,4,70,0,-3.8851615717534296,1784381545.8718772,1784381548.194473,1784381547.033175,0.054196,-0.062156,-0.106392,0.000318,-0.000386,1,acq,20480,20480,0,16,True,False,1,1200000,8381618,False,-959425,982714,0,0,0,0,1,1,1784381545.8718772
2251,140,11,formal,up,4,70,0,-3.8851615717534296,1784381548.194725,1784381550.5215921,1784381549.3581586,0.054969,-0.06252,-0.10706,0.00033,-0.000389,1,acq,20480,20480,0,16,True,False,1,1200000,8381618,False,-962643,994739,0,0,0,0,1,1,1784381548.194725
2252,140,12,formal,up,4,70,0,-3.8851615717534296,1784381550.521832,1784381552.856713,1784381551.6892724,0.055682,-0.06294,-0.107822,0.000322,-0.00039,1,acq,20480,20480,0,16,True,False,1,1200000,8381618,False,-974245,980766,0,0,0,0,1,1,1784381550.521832
2253,140,13,formal,up,4,70,0,-3.8851615717534296,1784381552.856956,1784381555.191249,1784381554.0241024,0.056357,-0.063228,-0.108286,0.00032,-0.00038,1,acq,20480,20480,0,16,True,False,1,1200000,8381618,False,-970688,1011338,0,0,0,0,1,1,1784381552.856956
2254,140,14,formal,up,4,70,0,-3.8851615717534296,1784381555.191509,1784381557.523422,1784381556.3574655,0.057056,-0.063661,-0.108991,0.000339,-0.000383,1,acq,20480,20480,0,16,True,False,1,1200000,8381618,False,-1006087,997365,0,0,0,0,1,1,1784381555.191509
2255,140,15,formal,up,4,70,0,-3.8851615717534296,1784381557.524547,1784381559.8606899,1784381558.6926184,0.057748,-0.063954,-0.109639,0.000311,-0.00036,1,acq,20480,20480,0,16,True,False,1,1200000,8381618,False,-1014641,995756,0,0,0,0,1,1,1784381557.524547
2256,141,0,formal,down,4,70,1,-3.8851615717534296,1784381572.529824,1784381574.862688,1784381573.6962562,0.061914,-0.066142,-0.113258,0.000282,-0.000336,1,acq,20480,20480,0,16,True,False,1,1200000,8381618,False,-1022602,1042334,0,0,0,0,1,1,1784381572.529824
2257,141,1,formal,down,4,70,1,-3.8851615717534296,1784381574.863768,1784381577.191175,1784381576.0274715,0.062512,-0.066397,-0.113769,0.000282,-0.000306,1,acq,20480,20480,0,16,True,False,1,1200000,8381618,False,-1028022,1055460,0,0,0,0,1,1,1784381574.863768
2258,141,2,formal,down,4,70,1,-3.8851615717534296,1784381577.1914308,1784381579.53182,1784381578.3616254,0.063136,-0.066707,-0.114307,0.000304,-0.000286,1,acq,20480,20480,0,16,True,False,1,1200000,8381618,False,-1029038,1036660,0,0,0,0,1,1,1784381577.1914308
2259,141,3,formal,down,4,70,1,-3.8851615717534296,1784381579.532105,1784381581.8709671,1784381580.7015362,0.063699,-0.066962,-0.114743,0.000309,-0.000284,1,acq,20480,20480,0,16,True,False,1,1200000,8381618,False,-1040301,1044197,0,0,0,0,1,1,1784381579.532105
2260,141,4,formal,down,4,70,1,-3.8851615717534296,1784381581.8720798,1784381584.2050729,1784381583.0385764,0.064356,-0.067329,-0.115371,0.00029,-0.000281,1,acq,20480,20480,0,16,True,False,1,1200000,8381618,False,-1026582,1042927,0,0,0,0,1,1,1784381581.8720798
2261,141,5,formal,down,4,70,1,-3.8851615717534296,1784381584.205337,1784381586.525555,1784381585.365446,0.064915,-0.067534,-0.115789,0.000302,-0.000303,1,acq,20480,20480,0,16,True,False,1,1200000,8381618,False,-1048516,1057323,0,0,0,0,1,1,1784381584.205337
2262,141,6,formal,down,4,70,1,-3.8851615717534296,1784381586.5258,1784381588.842466,1784381587.684133,0.065469,-0.067823,-0.116236,0.00028,-0.000303,1,acq,20480,20480,0,16,True,False,1,1200000,8381618,False,-1048347,1062913,0,0,0,0,1,1,1784381586.5258
2263,141,7,formal,down,4,70,1,-3.8851615717534296,1784381588.842709,1784381591.1660109,1784381590.00436,0.066076,-0.068205,-0.116757,0.000274,-0.00029,1,acq,20480,20480,0,16,True,False,1,1200000,8381618,False,-1042588,1071128,0,0,0,0,1,1,1784381588.842709
2264,141,8,formal,down,4,70,1,-3.8851615717534296,1784381591.166233,1784381593.47614,1784381592.3211865,0.066615,-0.068401,-0.11719,0.000284,-0.000268,1,acq,20480,20480,0,16,True,False,1,1200000,8381618,False,-1051057,1065623,0,0,0,0,1,1,1784381591.166233
2265,141,9,formal,down,4,70,1,-3.8851615717534296,1784381593.4763808,1784381595.8207538,1784381594.6485672,0.0672,-0.068673,-0.117645,0.000279,-0.000257,1,acq,20480,20480,0,16,True,False,1,1200000,8381618,False,-1064607,1083068,0,0,0,0,1,1,1784381593.4763808
2266,141,10,formal,down,4,70,1,-3.8851615717534296,1784381595.821013,1784381598.1368499,1784381596.9789314,0.067735,-0.06892,-0.11811,0.000256,-0.000245,1,acq,20480,20480,0,16,True,False,1,1200000,8381618,False,-1059525,1068248,0,0,0,0,1,1,1784381595.821013
2267,141,11,formal,down,4,70,1,-3.8851615717534296,1784381598.137098,1784381600.482718,1784381599.309908,0.068236,-0.069159,-0.118434,0.000249,-0.000253,1,acq,20480,20480,0,16,True,False,1,1200000,8381618,False,-1072991,1084085,0,0,0,0,1,1,1784381598.137098
2268,141,12,formal,down,4,70,1,-3.8851615717534296,1784381600.482959,1784381602.810997,1784381601.646978,0.068821,-0.069386,-0.118878,0.00028,-0.000233,1,acq,20480,20480,0,16,True,False,1,1200000,8381618,False,-1073414,1072483,0,0,0,0,1,1,1784381600.482959
2269,141,13,formal,down,4,70,1,-3.8851615717534296,1784381602.8112981,1784381605.145868,1784381603.978583,0.069373,-0.069692,-0.119411,0.000264,-0.000246,1,acq,20480,20480,0,16,True,False,1,1200000,8381618,False,-1081629,1078495,0,0,0,0,1,1,1784381602.8112981
2270,141,14,formal,down,4,70,1,-3.8851615717534296,1784381605.146107,1784381607.4803772,1784381606.313242,0.069967,-0.070012,-0.119953,0.000267,-0.000249,1,acq,20480,20480,0,16,True,False,1,1200000,8381618,False,-1075108,1086371,0,0,0,0,1,1,1784381605.146107
2271,141,15,formal,down,4,70,1,-3.8851615717534296,1784381607.480636,1784381609.808585,1784381608.6446104,0.070507,-0.070234,-0.120399,0.000247,-0.00024,1,acq,20480,20480,0,16,True,False,1,1200000,8381618,False,-1083238,1078919,0,0,0,0,1,1,1784381607.480636
2272,142,0,formal,down,76,71,0,5.514688714725676,1784381724.342644,1784381726.679421,1784381725.5110326,0.39901,-0.149763,-0.255082,0.000317,8.9e-05,1,acq,20480,20480,0,16,True,False,1,1200000,8381618,False,-2154111,2209582,0,0,0,0,1,1,1784381724.342644
2273,142,1,formal,down,76,71,0,5.514688714725676,1784381726.6805482,1784381729.0126028,1784381727.8465755,0.396023,-0.149387,-0.254532,0.000295,7.2e-05,1,acq,20480,20480,0,16,True,False,1,1200000,8381618,False,-2170879,2253450,0,0,0,0,1,1,1784381726.6805482
2274,142,2,formal,down,76,71,0,5.514688714725676,1784381729.01282,1784381731.356191,1784381730.1845055,0.392218,-0.148787,-0.253494,0.000309,6.6e-05,1,acq,20480,20480,0,16,True,False,1,1200000,8381618,False,-2155212,2211360,0,0,0,0,1,1,1784381729.01282
2275,142,3,formal,down,76,71,0,5.514688714725676,1784381731.356608,1784381733.689746,1784381732.523177,0.389425,-0.148434,-0.252973,0.00033,0.000118,1,acq,20480,20480,0,16,True,False,1,1200000,8381618,False,-2125826,2190696,0,0,0,0,1,1,1784381731.356608
2276,142,4,formal,down,76,71,0,5.514688714725676,1784381733.6899872,1784381736.034844,1784381734.8624156,0.386646,-0.14813,-0.25243,0.00029,6.3e-05,1,acq,20480,20480,0,16,True,False,1,1200000,8381618,False,-2133617,2182397,0,0,0,0,1,1,1784381733.6899872
2277,142,5,formal,down,76,71,0,5.514688714725676,1784381736.03508,1784381738.3623118,1784381737.198696,0.383866,-0.147679,-0.251705,0.000305,9.9e-05,1,acq,20480,20480,0,16,True,False,1,1200000,8381618,False,-2111513,2217966,0,0,0,0,1,1,1784381736.03508
2278,142,6,formal,down,76,71,0,5.514688714725676,1784381738.362565,1784381740.691672,1784381739.5271187,0.381017,-0.147263,-0.251071,0.000356,2.8e-05,1,acq,20480,20480,0,16,True,False,1,1200000,8381618,False,-2128874,2202891,0,0,0,0,1,1,1784381738.362565
2279,142,7,formal,down,76,71,0,5.514688714725676,1784381740.691895,1784381743.022336,1784381741.8571155,0.378655,-0.147007,-0.250686,0.000329,1.5e-05,1,acq,20480,20480,0,16,True,False,1,1200000,8381618,False,-2103637,2183413,0,0,0,0,1,1,1784381740.691895
2280,142,8,formal,down,76,71,0,5.514688714725676,1784381743.0242,1784381745.361514,1784381744.192857,0.376048,-0.146614,-0.249959,0.000335,3.8e-05,1,acq,20480,20480,0,16,True,False,1,1200000,8381618,False,-2113715,2154450,0,0,0,0,1,1,1784381743.0242
2281,142,9,formal,down,76,71,0,5.514688714725676,1784381745.361738,1784381747.697788,1784381746.529763,0.373738,-0.146325,-0.249465,0.00032,8e-06,1,acq,20480,20480,0,16,True,False,1,1200000,8381618,False,-2111429,2159701,0,0,0,0,1,1,1784381745.361738
2282,142,10,formal,down,76,71,0,5.514688714725676,1784381747.6980212,1784381750.045535,1784381748.871778,0.371562,-0.146137,-0.249038,0.0003,3.4e-05,1,acq,20480,20480,0,16,True,False,1,1200000,8381618,False,-2100589,2164951,0,0,0,0,1,1,1784381747.6980212
2283,142,11,formal,down,76,71,0,5.514688714725676,1784381750.045962,1784381752.383063,1784381751.2145126,0.369236,-0.145694,-0.248439,0.000319,5.3e-05,1,acq,20480,20480,0,16,True,False,1,1200000,8381618,False,-2077469,2175707,0,0,0,0,1,1,1784381750.045962
2284,142,12,formal,down,76,71,0,5.514688714725676,1784381752.3833668,1784381754.713995,1784381753.5486808,0.366742,-0.145318,-0.24777,0.000352,-1e-05,1,acq,20480,20480,0,16,True,False,1,1200000,8381618,False,-2150046,2166306,0,0,0,0,1,1,1784381752.3833668
2285,142,13,formal,down,76,71,0,5.514688714725676,1784381754.714268,1784381757.045783,1784381755.8800254,0.364718,-0.145033,-0.247322,0.000353,-6e-06,1,acq,20480,20480,0,16,True,False,1,1200000,8381618,False,-2087123,2140138,0,0,0,0,1,1,1784381754.714268
2286,142,14,formal,down,76,71,0,5.514688714725676,1784381757.046037,1784381759.39205,1784381758.2190435,0.362877,-0.144886,-0.246973,0.000353,-1.1e-05,1,acq,20480,20480,0,16,True,False,1,1200000,8381618,False,-2115409,2163850,0,0,0,0,1,1,1784381757.046037
2287,142,15,formal,down,76,71,0,5.514688714725676,1784381759.392295,1784381761.7266822,1784381760.5594885,0.360931,-0.144576,-0.246399,0.00037,2.8e-05,1,acq,20480,20480,0,16,True,False,1,1200000,8381618,False,-2068831,2143610,0,0,0,0,1,1,1784381759.392295
2288,143,0,formal,up,76,71,1,5.514688714725676,1784381774.460277,1784381776.800132,1784381775.6302047,0.349303,-0.142948,-0.24366,0.000321,-6.8e-05,1,acq,20480,20480,0,16,True,False,1,1200000,8381618,False,-2047405,2124386,0,0,0,0,1,1,1784381774.460277
2289,143,1,formal,up,76,71,1,5.514688714725676,1784381776.800429,1784381779.148322,1784381777.9743757,0.347442,-0.142687,-0.243198,0.000324,-5.6e-05,1,acq,20480,20480,0,16,True,False,1,1200000,8381618,False,-2045288,2098048,0,0,0,0,1,1,1784381776.800429
2290,143,2,formal,up,76,71,1,5.514688714725676,1784381779.148557,1784381781.487322,1784381780.3179395,0.345778,-0.142385,-0.242775,0.000353,-2e-05,1,acq,20480,20480,0,16,True,False,1,1200000,8381618,False,-2055958,2107025,0,0,0,0,1,1,1784381779.148557
2291,143,3,formal,up,76,71,1,5.514688714725676,1784381781.487565,1784381783.8289971,1784381782.658281,0.343858,-0.142107,-0.242197,0.000336,-5.2e-05,1,acq,20480,20480,0,16,True,False,1,1200000,8381618,False,-2077300,2113207,0,0,0,0,1,1,1784381781.487565
2292,143,4,formal,up,76,71,1,5.514688714725676,1784381783.829279,1784381786.1648781,1784381784.9970784,0.342734,-0.142015,-0.242118,0.000376,-7.9e-05,1,acq,20480,20480,0,16,True,False,1,1200000,8381618,False,-2064427,2116341,0,0,0,0,1,1,1784381783.829279
2293,143,5,formal,up,76,71,1,5.514688714725676,1784381786.165185,1784381788.497313,1784381787.331249,0.341201,-0.141761,-0.241693,0.000389,-6e-05,1,acq,20480,20480,0,16,True,False,1,1200000,8381618,False,-2044356,2096185,0,0,0,0,1,1,1784381786.165185
2294,143,6,formal,up,76,71,1,5.514688714725676,1784381788.49754,1784381790.833907,1784381789.6657233,0.339545,-0.141497,-0.241287,0.000381,-8e-05,1,acq,20480,20480,0,16,True,False,1,1200000,8381618,False,-2051131,2083821,0,0,0,0,1,1,1784381788.49754
2295,143,7,formal,up,76,71,1,5.514688714725676,1784381790.8341482,1784381793.1700952,1784381792.0021217,0.338072,-0.141269,-0.240926,0.000355,-6.5e-05,1,acq,20480,20480,0,16,True,False,1,1200000,8381618,False,-2038089,2096778,0,0,0,0,1,1,1784381790.8341482
2296,143,8,formal,up,76,71,1,5.514688714725676,1784381793.170571,1784381795.51841,1784381794.3444905,0.336867,-0.14119,-0.240725,0.000354,-5e-05,1,acq,20480,20480,0,16,True,False,1,1200000,8381618,False,-2029282,2113123,0,0,0,0,1,1,1784381793.170571
2297,143,9,formal,up,76,71,1,5.514688714725676,1784381795.5186481,1784381797.856294,1784381796.687471,0.335235,-0.140801,-0.240196,0.000367,-5.9e-05,1,acq,20480,20480,0,16,True,False,1,1200000,8381618,False,-2029282,2095677,0,0,0,0,1,1,1784381795.5186481
2298,143,10,formal,up,76,71,1,5.514688714725676,1784381797.8565629,1784381800.18341,1784381799.0199864,0.333598,-0.140583,-0.239696,0.000363,-0.000107,1,acq,20480,20480,0,16,True,False,1,1200000,8381618,False,-2025047,2072727,0,0,0,0,1,1,1784381797.8565629
2299,143,11,formal,up,76,71,1,5.514688714725676,1784381800.183646,1784381802.5123289,1784381801.3479874,0.332259,-0.140364,-0.239328,0.000397,-9.2e-05,1,acq,20480,20480,0,16,True,False,1,1200000,8381618,False,-2034617,2061633,0,0,0,0,1,1,1784381800.183646
2300,143,12,formal,up,76,71,1,5.514688714725676,1784381802.512693,1784381804.843819,1784381803.678256,0.330976,-0.1402,-0.239119,0.000366,-6.5e-05,1,acq,20480,20480,0,16,True,False,1,1200000,8381618,False,-2030213,2058584,0,0,0,0,1,1,1784381802.512693
2301,143,13,formal,up,76,71,1,5.514688714725676,1784381804.844194,1784381807.162179,1784381806.0031865,0.329646,-0.139985,-0.238769,0.00039,-7.5e-05,1,acq,20480,20480,0,16,True,False,1,1200000,8381618,False,-2046050,2076453,0,0,0,0,1,1,1784381804.844194
2302,143,14,formal,up,76,71,1,5.514688714725676,1784381807.162409,1784381809.490834,1784381808.3266215,0.328056,-0.139671,-0.238119,0.000377,-9.6e-05,1,acq,20480,20480,0,16,True,False,1,1200000,8381618,False,-2003452,2084244,0,0,0,0,1,1,1784381807.162409
2303,143,15,formal,up,76,71,1,5.514688714725676,1784381809.491054,1784381811.8306189,1784381810.6608365,0.326872,-0.139538,-0.237938,0.000432,-8e-05,1,acq,20480,20480,0,16,True,False,1,1200000,8381618,False,-2013022,2059007,0,0,0,0,1,1,1784381809.491054
2304,144,0,formal,up,68,72,0,4.470260905116888,1784381834.571285,1784381836.912182,1784381835.7417336,0.769139,-0.172859,-0.294943,0.00066,-0.000455,1,acq,20480,20480,0,16,True,False,1,1200000,8381618,False,-2511662,2521401,0,0,0,0,1,1,1784381834.571285
2305,144,1,formal,up,68,72,0,4.470260905116888,1784381836.912537,1784381839.253409,1784381838.082973,0.768922,-0.172756,-0.294974,0.000696,-0.00043,1,acq,20480,20480,0,16,True,False,1,1200000,8381618,False,-2520639,2557478,0,0,0,0,1,1,1784381836.912537
2306,144,2,formal,up,68,72,0,4.470260905116888,1784381839.253682,1784381841.578377,1784381840.4160295,0.768845,-0.172882,-0.295199,0.000683,-0.000509,1,acq,20480,20480,0,16,True,False,1,1200000,8381618,False,-2557308,2602023,0,0,0,0,1,1,1784381839.253682
2307,144,3,formal,up,68,72,0,4.470260905116888,1784381841.578699,1784381843.923487,1784381842.751093,0.76853,-0.17286,-0.295203,0.000706,-0.000465,1,acq,20480,20480,0,16,True,False,1,1200000,8381618,False,-2529870,2558494,0,0,0,0,1,1,1784381841.578699
2308,144,4,formal,up,68,72,0,4.470260905116888,1784381843.9237719,1784381846.247057,1784381845.0854144,0.767502,-0.172745,-0.295055,0.000703,-0.00045,1,acq,20480,20480,0,16,True,False,1,1200000,8381618,False,-2533003,2574246,0,0,0,0,1,1,1784381843.9237719
2309,144,5,formal,up,68,72,0,4.470260905116888,1784381846.247322,1784381848.578503,1784381847.4129124,0.76707,-0.17281,-0.295116,0.000687,-0.000477,1,acq,20480,20480,0,16,True,False,1,1200000,8381618,False,-2529362,2563829,0,0,0,0,1,1,1784381846.247322
2310,144,6,formal,up,68,72,0,4.470260905116888,1784381848.5787709,1784381850.8922381,1784381849.7355046,0.766309,-0.172849,-0.295102,0.000682,-0.000484,1,acq,20480,20480,0,16,True,False,1,1200000,8381618,False,-2534951,2550618,0,0,0,0,1,1,1784381848.5787709
2311,144,7,formal,up,68,72,0,4.470260905116888,1784381850.892482,1784381853.2242591,1784381852.0583706,0.765726,-0.172823,-0.295252,0.000687,-0.000496,1,acq,20480,20480,0,16,True,False,1,1200000,8381618,False,-2542912,2541387,0,0,0,0,1,1,1784381850.892482
2312,144,8,formal,up,68,72,0,4.470260905116888,1784381853.2248929,1784381855.565773,1784381854.3953328,0.7656,-0.172818,-0.295351,0.000718,-0.000434,1,acq,20480,20480,0,16,True,False,1,1200000,8381618,False,-2517336,2561289,0,0,0,0,1,1,1784381853.2248929
2313,144,9,formal,up,68,72,0,4.470260905116888,1784381855.566017,1784381857.894752,1784381856.7303843,0.76444,-0.172678,-0.295167,0.000706,-0.000526,1,acq,20480,20480,0,16,True,False,1,1200000,8381618,False,-2523687,2607952,0,0,0,0,1,1,1784381855.566017
2314,144,10,formal,up,68,72,0,4.470260905116888,1784381857.895078,1784381860.236532,1784381859.065805,0.763997,-0.172767,-0.295234,0.000702,-0.000476,1,acq,20480,20480,0,16,True,False,1,1200000,8381618,False,-2495317,2537492,0,0,0,0,1,1,1784381857.895078
2315,144,11,formal,up,68,72,0,4.470260905116888,1784381860.2368371,1784381862.5815198,1784381861.4091785,0.763342,-0.172675,-0.295269,0.00072,-0.000474,1,acq,20480,20480,0,16,True,False,1,1200000,8381618,False,-2514965,2546892,0,0,0,0,1,1,1784381860.2368371
2316,144,12,formal,up,68,72,0,4.470260905116888,1784381862.581812,1784381864.930181,1784381863.7559965,0.762323,-0.172667,-0.295157,0.000692,-0.000489,1,acq,20480,20480,0,16,True,False,1,1200000,8381618,False,-2548586,2553836,0,0,0,0,1,1,1784381862.581812
2317,144,13,formal,up,68,72,0,4.470260905116888,1784381864.930398,1784381867.2635782,1784381866.0969882,0.761465,-0.172606,-0.295074,0.000743,-0.000522,1,acq,20480,20480,0,16,True,False,1,1200000,8381618,False,-2546638,2576278,0,0,0,0,1,1,1784381864.930398
2318,144,14,formal,up,68,72,0,4.470260905116888,1784381867.263805,1784381869.601797,1784381868.432801,0.761288,-0.172757,-0.295299,0.000708,-0.000491,1,acq,20480,20480,0,16,True,False,1,1200000,8381618,False,-2554006,2533765,0,0,0,0,1,1,1784381867.263805
2319,144,15,formal,up,68,72,0,4.470260905116888,1784381869.602046,1784381871.943244,1784381870.772645,0.76028,-0.172691,-0.295177,0.000704,-0.000519,1,acq,20480,20480,0,16,True,False,1,1200000,8381618,False,-2538847,2518268,0,0,0,0,1,1,1784381869.602046
2320,145,0,formal,down,68,72,1,4.470260905116888,1784381884.612003,1784381886.955754,1784381885.7838786,0.755224,-0.172522,-0.29497,0.000666,-0.000442,1,acq,20480,20480,0,16,True,False,1,1200000,8381618,False,-2510730,2556885,0,0,0,0,1,1,1784381884.612003
2321,145,1,formal,down,68,72,1,4.470260905116888,1784381886.9560041,1784381889.28805,1784381888.122027,0.754924,-0.172536,-0.295086,0.000707,-0.000501,1,acq,20480,20480,0,16,True,False,1,1200000,8381618,False,-2479396,2574839,0,0,0,0,1,1,1784381886.9560041
2322,145,2,formal,down,68,72,1,4.470260905116888,1784381889.288943,1784381891.6199648,1784381890.454454,0.754292,-0.172636,-0.295131,0.000709,-0.00048,1,acq,20480,20480,0,16,True,False,1,1200000,8381618,False,-2528345,2526736,0,0,0,0,1,1,1784381889.288943
2323,145,3,formal,down,68,72,1,4.470260905116888,1784381891.620524,1784381893.946256,1784381892.78339,0.753361,-0.172537,-0.294989,0.000712,-0.000524,1,acq,20480,20480,0,16,True,False,1,1200000,8381618,False,-2495232,2542827,0,0,0,0,1,1,1784381891.620524
2324,145,4,formal,down,68,72,1,4.470260905116888,1784381893.946624,1784381896.271944,1784381895.109284,0.752232,-0.172492,-0.294923,0.000722,-0.000503,1,acq,20480,20480,0,16,True,False,1,1200000,8381618,False,-2518606,2578480,0,0,0,0,1,1,1784381893.946624
2325,145,5,formal,down,68,72,1,4.470260905116888,1784381896.2721899,1784381898.596194,1784381897.434192,0.751341,-0.172377,-0.294796,0.000702,-0.000503,1,acq,20480,20480,0,16,True,False,1,1200000,8381618,False,-2575940,2571451,0,0,0,0,1,1,1784381896.2721899
2326,145,6,formal,down,68,72,1,4.470260905116888,1784381898.5966122,1784381900.937412,1784381899.7670121,0.751718,-0.17266,-0.295263,0.000799,-0.000503,1,acq,20480,20480,0,16,True,False,1,1200000,8381618,False,-2520554,2545113,0,0,0,0,1,1,1784381898.5966122
2327,145,7,formal,down,68,72,1,4.470260905116888,1784381900.9376352,1784381903.2732549,1784381902.105445,0.750489,-0.172535,-0.29504,0.000721,-0.000497,1,acq,20480,20480,0,16,True,False,1,1200000,8381618,False,-2517505,2522502,0,0,0,0,1,1,1784381900.9376352
2328,145,8,formal,down,68,72,1,4.470260905116888,1784381903.2743738,1784381905.5933561,1784381904.433865,0.749877,-0.172499,-0.295152,0.000723,-0.000527,1,acq,20480,20480,0,16,True,False,1,1200000,8381618,False,-2496503,2529700,0,0,0,0,1,1,1784381903.2743738
2329,145,9,formal,down,68,72,1,4.470260905116888,1784381905.593597,1784381907.938398,1784381906.7659974,0.74929,-0.172592,-0.295126,0.000752,-0.000495,1,acq,20480,20480,0,16,True,False,1,1200000,8381618,False,-2504040,2542827,0,0,0,0,1,1,1784381905.593597
2330,145,10,formal,down,68,72,1,4.470260905116888,1784381907.938719,1784381910.278547,1784381909.108633,0.748095,-0.172419,-0.294833,0.000695,-0.000507,1,acq,20480,20480,0,16,True,False,1,1200000,8381618,False,-2503532,2558155,0,0,0,0,1,1,1784381907.938719
2331,145,11,formal,down,68,72,1,4.470260905116888,1784381910.27883,1784381912.5949461,1784381911.4368882,0.748117,-0.172545,-0.295069,0.000738,-0.000514,1,acq,20480,20480,0,16,True,False,1,1200000,8381618,False,-2484562,2513271,0,0,0,0,1,1,1784381910.27883
2332,145,12,formal,down,68,72,1,4.470260905116888,1784381912.595215,1784381914.930281,1784381913.762748,0.747274,-0.172504,-0.295045,0.000734,-0.00053,1,acq,20480,20480,0,16,True,False,1,1200000,8381618,False,-2517251,2538169,0,0,0,0,1,1,1784381912.595215
2333,145,13,formal,down,68,72,1,4.470260905116888,1784381914.930725,1784381917.260793,1784381916.095759,0.745705,-0.172314,-0.294652,0.000712,-0.000516,1,acq,20480,20480,0,16,True,False,1,1200000,8381618,False,-2489897,2560018,0,0,0,0,1,1,1784381914.930725
2334,145,14,formal,down,68,72,1,4.470260905116888,1784381917.26126,1784381919.5984042,1784381918.429832,0.745535,-0.172418,-0.294964,0.000759,-0.000504,1,acq,20480,20480,0,16,True,False,1,1200000,8381618,False,-2533257,2526143,0,0,0,0,1,1,1784381917.26126
2335,145,15,formal,down,68,72,1,4.470260905116888,1784381919.598686,1784381921.9383621,1784381920.7685242,0.744462,-0.172305,-0.294756,0.000742,-0.000506,1,acq,20480,20480,0,16,True,False,1,1200000,8381618,False,-2486256,2548670,0,0,0,0,1,1,1784381919.598686
2336,146,0,formal,down,12,73,0,-2.84073376214464,1784382012.156277,1784382014.4772632,1784382013.31677,0.05321,0.061726,0.105533,6.3e-05,-0.000497,1,acq,20480,20480,0,16,True,False,1,1200000,8381618,False,-946129,991521,0,0,0,0,1,1,1784382012.156277
2337,146,1,formal,down,12,73,0,-2.84073376214464,1784382014.477534,1784382016.816055,1784382015.6467946,0.051838,0.060965,0.104231,5.9e-05,-0.000509,1,acq,20480,20480,0,16,True,False,1,1200000,8381618,False,-935797,976193,0,0,0,0,1,1,1784382014.477534
2338,146,2,formal,down,12,73,0,-2.84073376214464,1784382016.8163881,1784382019.148066,1784382017.982227,0.05053,0.060178,0.103041,5.7e-05,-0.000487,1,acq,20480,20480,0,16,True,False,1,1200000,8381618,False,-937745,956122,0,0,0,0,1,1,1784382016.8163881
2339,146,3,formal,down,12,73,0,-2.84073376214464,1784382019.148285,1784382021.4827788,1784382020.3155317,0.049388,0.059586,0.10204,8.3e-05,-0.000533,1,acq,20480,20480,0,16,True,False,1,1200000,8381618,False,-917504,938168,0,0,0,0,1,1,1784382019.148285
2340,146,4,formal,down,12,73,0,-2.84073376214464,1784382021.482986,1784382023.822495,1784382022.6527405,0.048341,0.058957,0.100946,6.9e-05,-0.000527,1,acq,20480,20480,0,16,True,False,1,1200000,8381618,False,-918012,936898,0,0,0,0,1,1,1784382021.482986
2341,146,5,formal,down,12,73,0,-2.84073376214464,1784382023.8227499,1784382026.1463199,1784382024.9845347,0.047275,0.058395,0.099867,9e-05,-0.000555,1,acq,20480,20480,0,16,True,False,1,1200000,8381618,False,-916912,927074,0,0,0,0,1,1,1784382023.8227499
2342,146,6,formal,down,12,73,0,-2.84073376214464,1784382026.14657,1784382028.492625,1784382027.3195975,0.046293,0.057732,0.09895,9.8e-05,-0.000544,1,acq,20480,20480,0,16,True,False,1,1200000,8381618,False,-899042,923941,0,0,0,0,1,1,1784382026.14657
2343,146,7,formal,down,12,73,0,-2.84073376214464,1784382028.492859,1784382030.821462,1784382029.6571603,0.045373,0.057191,0.098024,0.000104,-0.000541,1,acq,20480,20480,0,16,True,False,1,1200000,8381618,False,-893792,926058,0,0,0,0,1,1,1784382028.492859
2344,146,8,formal,down,12,73,0,-2.84073376214464,1784382030.821697,1784382033.160898,1784382031.9912975,0.044491,0.05673,0.097091,9.3e-05,-0.000558,1,acq,20480,20480,0,16,True,False,1,1200000,8381618,False,-891590,909290,0,0,0,0,1,1,1784382030.821697
2345,146,9,formal,down,12,73,0,-2.84073376214464,1784382033.161144,1784382035.4877062,1784382034.3244252,0.043644,0.056208,0.096298,0.000139,-0.000571,1,acq,20480,20480,0,16,True,False,1,1200000,8381618,False,-888287,898704,0,0,0,0,1,1,1784382033.161144
2346,146,10,formal,down,12,73,0,-2.84073376214464,1784382035.4879339,1784382037.8109179,1784382036.649426,0.042793,0.055628,0.095341,0.000142,-0.000565,1,acq,20480,20480,0,16,True,False,1,1200000,8381618,False,-873806,885577,0,0,0,0,1,1,1784382035.4879339
2347,146,11,formal,down,12,73,0,-2.84073376214464,1784382037.8111832,1784382040.129117,1784382038.97015,0.042001,0.055192,0.094523,0.000122,-0.000586,1,acq,20480,20480,0,16,True,False,1,1200000,8381618,False,-873297,886932,0,0,0,0,1,1,1784382037.8111832
2348,146,12,formal,down,12,73,0,-2.84073376214464,1784382040.1294248,1784382042.461498,1784382041.2954614,0.041265,0.054791,0.093773,0.00014,-0.000615,1,acq,20480,20480,0,16,True,False,1,1200000,8381618,False,-872027,875161,0,0,0,0,1,1,1784382040.1294248
2349,146,13,formal,down,12,73,0,-2.84073376214464,1784382042.461754,1784382044.793971,1784382043.6278625,0.040514,0.054237,0.092984,0.000133,-0.000624,1,acq,20480,20480,0,16,True,False,1,1200000,8381618,False,-868386,861611,0,0,0,0,1,1,1784382042.461754
2350,146,14,formal,down,12,73,0,-2.84073376214464,1784382044.7942069,1784382047.127687,1784382045.960947,0.039862,0.053841,0.092284,0.000166,-0.000621,1,acq,20480,20480,0,16,True,False,1,1200000,8381618,False,-854497,861441,0,0,0,0,1,1,1784382044.7942069
2351,146,15,formal,down,12,73,0,-2.84073376214464,1784382047.127927,1784382049.476011,1784382048.301969,0.03918,0.053443,0.091465,0.000168,-0.000632,1,acq,20480,20480,0,16,True,False,1,1200000,8381618,False,-854158,858816,0,0,0,0,1,1,1784382047.127927
2352,147,0,formal,up,12,73,1,-2.84073376214464,1784382062.1906,1784382064.519912,1784382063.355256,0.035261,0.05086,0.087175,0.000176,-0.000662,1,acq,20480,20480,0,16,True,False,1,1200000,8381618,False,-817319,825364,0,0,0,0,1,1,1784382062.1906
2353,147,1,formal,up,12,73,1,-2.84073376214464,1784382064.521047,1784382066.852725,1784382065.686886,0.034682,0.050413,0.086493,0.000199,-0.00067,1,acq,20480,20480,0,16,True,False,1,1200000,8381618,False,-812153,810883,0,0,0,0,1,1,1784382064.521047
2354,147,2,formal,up,12,73,1,-2.84073376214464,1784382066.852949,1784382069.1859899,1784382068.0194693,0.034174,0.05009,0.085906,0.000216,-0.000692,1,acq,20480,20480,0,16,True,False,1,1200000,8381618,False,-801906,803346,0,0,0,0,1,1,1784382066.852949
2355,147,3,formal,up,12,73,1,-2.84073376214464,1784382069.186323,1784382071.515679,1784382070.3510008,0.033707,0.049792,0.085339,0.000214,-0.00071,1,acq,20480,20480,0,16,True,False,1,1200000,8381618,False,-799281,807157,0,0,0,0,1,1,1784382069.186323
2356,147,4,formal,up,12,73,1,-2.84073376214464,1784382071.515949,1784382073.8481548,1784382072.682052,0.033202,0.049377,0.084716,0.000202,-0.000704,1,acq,20480,20480,0,16,True,False,1,1200000,8381618,False,-799873,789288,0,0,0,0,1,1,1784382071.515949
2357,147,5,formal,up,12,73,1,-2.84073376214464,1784382073.8483999,1784382076.186455,1784382075.0174274,0.032737,0.049044,0.084177,0.000208,-0.000714,1,acq,20480,20480,0,16,True,False,1,1200000,8381618,False,-781157,809358,0,0,0,0,1,1,1784382073.8483999
2358,147,6,formal,up,12,73,1,-2.84073376214464,1784382076.1876302,1784382078.509779,1784382077.3487046,0.032262,0.048702,0.083589,0.000227,-0.000709,1,acq,20480,20480,0,16,True,False,1,1200000,8381618,False,-784630,783613,0,0,0,0,1,1,1784382076.1876302
2359,147,7,formal,up,12,73,1,-2.84073376214464,1784382078.510098,1784382080.8419142,1784382079.676006,0.03178,0.048431,0.082954,0.000215,-0.000702,1,acq,20480,20480,0,16,True,False,1,1200000,8381618,False,-778786,782089,0,0,0,0,1,1,1784382078.510098
2360,147,8,formal,up,12,73,1,-2.84073376214464,1784382080.84228,1784382083.178006,1784382082.0101428,0.031318,0.048072,0.082381,0.000233,-0.000717,1,acq,20480,20480,0,16,True,False,1,1200000,8381618,False,-775653,779294,0,0,0,0,1,1,1784382080.84228
2361,147,9,formal,up,12,73,1,-2.84073376214464,1784382083.1782458,1784382085.513916,1784382084.3460808,0.030926,0.047751,0.081982,0.000211,-0.000728,1,acq,20480,20480,0,16,True,False,1,1200000,8381618,False,-767862,781242,0,0,0,0,1,1,1784382083.1782458
2362,147,10,formal,up,12,73,1,-2.84073376214464,1784382085.514988,1784382087.832375,1784382086.6736815,0.030501,0.047501,0.081486,0.000228,-0.00072,1,acq,20480,20480,0,16,True,False,1,1200000,8381618,False,-766168,772265,0,0,0,0,1,1,1784382085.514988
2363,147,11,formal,up,12,73,1,-2.84073376214464,1784382087.832612,1784382090.163263,1784382088.9979377,0.030055,0.047176,0.080844,0.000253,-0.000724,1,acq,20480,20480,0,16,True,False,1,1200000,8381618,False,-769640,768624,0,0,0,0,1,1,1784382087.832612
2364,147,12,formal,up,12,73,1,-2.84073376214464,1784382090.163497,1784382092.492704,1784382091.3281004,0.029668,0.046923,0.080362,0.00025,-0.000759,1,acq,20480,20480,0,16,True,False,1,1200000,8381618,False,-752787,760324,0,0,0,0,1,1,1784382090.163497
2365,147,13,formal,up,12,73,1,-2.84073376214464,1784382092.492948,1784382094.811307,1784382093.6521275,0.02923,0.046507,0.079804,0.000245,-0.000755,1,acq,20480,20480,0,16,True,False,1,1200000,8381618,False,-755582,765998,0,0,0,0,1,1,1784382092.492948
2366,147,14,formal,up,12,73,1,-2.84073376214464,1784382094.811584,1784382097.144398,1784382095.977991,0.028799,0.046225,0.07929,0.000245,-0.000743,1,acq,20480,20480,0,16,True,False,1,1200000,8381618,False,-759732,755582,0,0,0,0,1,1,1784382094.811584
2367,147,15,formal,up,12,73,1,-2.84073376214464,1784382097.1454778,1784382099.4775481,1784382098.311513,0.028501,0.045967,0.078861,0.000261,-0.000778,1,acq,20480,20480,0,16,True,False,1,1200000,8381618,False,-745927,760833,0,0,0,0,1,1,1784382097.1454778
2368,148,0,formal,up,19,74,0,-1.9268594287369494,1784382118.070784,1784382120.406042,1784382119.238413,0.240067,0.124034,0.212039,-4.5e-05,-0.000425,1,acq,20480,20480,0,16,True,False,1,1200000,8381618,False,-1846950,1845933,0,0,0,0,1,1,1784382118.070784
2369,148,1,formal,up,19,74,0,-1.9268594287369494,1784382120.406521,1784382122.7354271,1784382121.570974,0.240002,0.123998,0.21205,-5.2e-05,-0.000463,1,acq,20480,20480,0,16,True,False,1,1200000,8381618,False,-1824931,1845425,0,0,0,0,1,1,1784382120.406521
2370,148,2,formal,up,19,74,0,-1.9268594287369494,1784382122.735738,1784382125.060419,1784382123.8980784,0.239688,0.123888,0.211938,-4.4e-05,-0.000418,1,acq,20480,20480,0,16,True,False,1,1200000,8381618,False,-1861939,1846526,0,0,0,0,1,1,1784382122.735738
2371,148,3,formal,up,19,74,0,-1.9268594287369494,1784382125.060717,1784382127.4024801,1784382126.2315986,0.23939,0.123763,0.211737,-3.6e-05,-0.000472,1,acq,20480,20480,0,16,True,False,1,1200000,8381618,False,-1832807,1824169,0,0,0,0,1,1,1784382125.060717
2372,148,4,formal,up,19,74,0,-1.9268594287369494,1784382127.403858,1784382129.7335732,1784382128.5687156,0.239273,0.123759,0.211799,-1.9e-05,-0.00045,1,acq,20480,20480,0,16,True,False,1,1200000,8381618,False,-1827048,1824592,0,0,0,0,1,1,1784382127.403858
2373,148,5,formal,up,19,74,0,-1.9268594287369494,1784382129.733823,1784382132.0590641,1784382130.8964436,0.238814,0.123657,0.211569,-2.5e-05,-0.00045,1,acq,20480,20480,0,16,True,False,1,1200000,8381618,False,-1833908,1838142,0,0,0,0,1,1,1784382129.733823
2374,148,6,formal,up,19,74,0,-1.9268594287369494,1784382132.0593228,1784382134.395416,1784382133.2273693,0.238456,0.123556,0.211495,2.6e-05,-0.000442,1,acq,20480,20480,0,16,True,False,1,1200000,8381618,False,-1850930,1838142,0,0,0,0,1,1,1784382132.0593228
2375,148,7,formal,up,19,74,0,-1.9268594287369494,1784382134.395657,1784382136.73537,1784382135.5655136,0.238091,0.123453,0.211352,-4.2e-05,-0.000466,1,acq,20480,20480,0,16,True,False,1,1200000,8381618,False,-1833315,1828657,0,0,0,0,1,1,1784382134.395657
2376,148,8,formal,up,19,74,0,-1.9268594287369494,1784382136.7356741,1784382139.0746171,1784382137.9051456,0.238002,0.123468,0.211471,-1.5e-05,-0.000445,1,acq,20480,20480,0,16,True,False,1,1200000,8381618,False,-1825862,1822560,0,0,0,0,1,1,1784382136.7356741
2377,148,9,formal,up,19,74,0,-1.9268594287369494,1784382139.075729,1784382141.4179358,1784382140.2468324,0.237474,0.123329,0.211182,-2.8e-05,-0.000434,1,acq,20480,20480,0,16,True,False,1,1200000,8381618,False,-1834924,1829335,0,0,0,0,1,1,1784382139.075729
2378,148,10,formal,up,19,74,0,-1.9268594287369494,1784382141.418186,1784382143.743741,1784382142.5809636,0.237207,0.12335,0.211238,-5.5e-05,-0.000455,1,acq,20480,20480,0,16,True,False,1,1200000,8381618,False,-1826201,1822983,0,0,0,0,1,1,1784382141.418186
2379,148,11,formal,up,19,74,0,-1.9268594287369494,1784382143.744309,1784382146.083103,1784382144.9137058,0.236693,0.123149,0.210952,-1.9e-05,-0.000433,1,acq,20480,20480,0,16,True,False,1,1200000,8381618,False,-1814176,1810534,0,0,0,0,1,1,1784382143.744309
2380,148,12,formal,up,19,74,0,-1.9268594287369494,1784382146.083343,1784382148.418724,1784382147.2510335,0.236154,0.122938,0.210679,-3e-05,-0.000453,1,acq,20480,20480,0,16,True,False,1,1200000,8381618,False,-1819850,1828911,0,0,0,0,1,1,1784382146.083343
2381,148,13,formal,up,19,74,0,-1.9268594287369494,1784382148.4198458,1784382150.75221,1784382149.5860279,0.235691,0.122907,0.210464,-2e-05,-0.000448,1,acq,20480,20480,0,16,True,False,1,1200000,8381618,False,-1827556,1840005,0,0,0,0,1,1,1784382148.4198458
2382,148,14,formal,up,19,74,0,-1.9268594287369494,1784382150.752577,1784382153.095835,1784382151.924206,0.235596,0.122955,0.210677,1e-05,-0.00045,1,acq,20480,20480,0,16,True,False,1,1200000,8381618,False,-1820866,1831367,0,0,0,0,1,1,1784382150.752577
2383,148,15,formal,up,19,74,0,-1.9268594287369494,1784382153.096053,1784382155.416785,1784382154.256419,0.235139,0.12283,0.210505,-1.8e-05,-0.000456,1,acq,20480,20480,0,16,True,False,1,1200000,8381618,False,-1822221,1806808,0,0,0,0,1,1,1784382153.096053
2384,149,0,formal,down,19,74,1,-1.9268594287369494,1784382168.107937,1784382170.4533,1784382169.2806187,0.232472,0.122182,0.209462,7e-06,-0.000482,1,acq,20480,20480,0,16,True,False,1,1200000,8381618,False,-1826371,1820697,0,0,0,0,1,1,1784382168.107937
2385,149,1,formal,down,19,74,1,-1.9268594287369494,1784382170.45436,1784382172.7773921,1784382171.6158762,0.232219,0.122236,0.209479,1e-05,-0.000468,1,acq,20480,20480,0,16,True,False,1,1200000,8381618,False,-1810365,1798339,0,0,0,0,1,1,1784382170.45436
2386,149,2,formal,down,19,74,1,-1.9268594287369494,1784382172.777782,1784382175.110115,1784382173.9439485,0.231643,0.12202,0.209167,2.2e-05,-0.000486,1,acq,20480,20480,0,16,True,False,1,1200000,8381618,False,-1810280,1824084,0,0,0,0,1,1,1784382172.777782
2387,149,3,formal,down,19,74,1,-1.9268594287369494,1784382175.110361,1784382177.432071,1784382176.271216,0.231165,0.121863,0.20895,1e-05,-0.000502,1,acq,20480,20480,0,16,True,False,1,1200000,8381618,False,-1793851,1792919,0,0,0,0,1,1,1784382175.110361
2388,149,4,formal,down,19,74,1,-1.9268594287369494,1784382177.433221,1784382179.600557,1784382178.516889,0.231083,8e-06,1.4e-05,1.1e-05,-1.4e-05,1,acq,20480,20480,0,16,True,False,1,1200000,8381618,False,-123728,152776,0,0,0,0,1,1,1784382177.433221
2389,149,5,formal,down,19,74,1,-1.9268594287369494,1784382179.600791,1784382181.775258,1784382180.6880245,0.230459,-4e-06,2.5e-05,1.6e-05,1e-05,1,acq,20480,20480,0,16,True,False,1,1200000,8381618,False,-128556,140751,0,0,0,0,1,1,1784382179.600791
2390,149,6,formal,down,19,74,1,-1.9268594287369494,1784382181.775483,1784382183.951654,1784382182.8635683,0.230253,-1.5e-05,9e-06,-8e-06,-6e-06,1,acq,20480,20480,0,16,True,False,1,1200000,8381618,False,-135754,146848,0,0,0,0,1,1,1784382181.775483
2391,149,7,formal,down,19,74,1,-1.9268594287369494,1784382183.951894,1784382186.1456718,1784382185.0487828,0.229813,-2.3e-05,2.4e-05,7e-06,-1.3e-05,1,acq,20480,20480,0,16,True,False,1,1200000,8381618,False,-125761,139904,0,0,0,0,1,1,1784382183.951894
2392,149,8,formal,down,19,74,1,-1.9268594287369494,1784382186.146137,1784382188.3203478,1784382187.2332425,0.22927,8e-06,4e-06,1.9e-05,-7e-06,1,acq,20480,20480,0,16,True,False,1,1200000,8381618,False,-133383,153877,0,0,0,0,1,1,1784382186.146137
2393,149,9,formal,down,19,74,1,-1.9268594287369494,1784382188.320599,1784382190.49725,1784382189.4089246,0.228813,3.9e-05,2e-06,1.4e-05,-1.4e-05,1,acq,20480,20480,0,16,True,False,1,1200000,8381618,False,-128979,167766,0,0,0,0,1,1,1784382188.320599
2394,149,10,formal,down,19,74,1,-1.9268594287369494,1784382190.4975219,1784382192.67705,1784382191.587286,0.22861,-8e-06,-2e-06,2e-06,-0.0,1,acq,20480,20480,0,16,True,False,1,1200000,8381618,False,-128979,141343,0,0,0,0,1,1,1784382190.4975219
2395,149,11,formal,down,19,74,1,-1.9268594287369494,1784382192.6781461,1784382194.868733,1784382193.7734394,0.228144,2.6e-05,-2.5e-05,1e-05,-7e-06,1,acq,20480,20480,0,16,True,False,1,1200000,8381618,False,-120256,149643,0,0,0,0,1,1,1784382192.6781461
2396,149,12,formal,down,19,74,1,-1.9268594287369494,1784382194.869052,1784382197.05868,1784382195.963866,0.227817,7e-06,3.1e-05,1.7e-05,1.3e-05,1,acq,20480,20480,0,16,True,False,1,1200000,8381618,False,-132367,149135,0,0,0,0,1,1,1784382194.869052
2397,149,13,formal,down,19,74,1,-1.9268594287369494,1784382197.058923,1784382199.241278,1784382198.1501005,0.227248,4e-06,9e-06,-1e-06,2.6e-05,1,acq,20480,20480,0,16,True,False,1,1200000,8381618,False,-141597,130758,0,0,0,0,1,1,1784382197.058923
2398,149,14,formal,down,19,74,1,-1.9268594287369494,1784382199.2415411,1784382201.413117,1784382200.3273292,0.227025,-2.7e-05,3e-06,-3.1e-05,2.1e-05,1,acq,20480,20480,0,16,True,False,1,1200000,8381618,False,-128217,145408,0,0,0,0,1,1,1784382199.2415411
2399,149,15,formal,down,19,74,1,-1.9268594287369494,1784382201.413572,1784382203.600665,1784382202.5071187,0.226728,4e-06,-2e-06,-1e-06,-1.6e-05,1,acq,20480,20480,0,16,True,False,1,1200000,8381618,False,-135161,130165,0,0,0,0,1,1,1784382201.413572
2400,150,0,formal,down,61,75,0,3.5563865717091963,1784382276.5609999,1784382278.886094,1784382277.723547,1.2,-0.136194,-0.233326,0.000808,-0.000787,1,acq,20480,20480,0,16,True,False,1,1200000,8381618,False,-2037666,2044526,0,0,0,0,1,1,1784382276.5609999
2401,150,1,formal,down,61,75,0,3.5563865717091963,1784382278.8872142,1784382281.224854,1784382280.056034,1.2,-0.136496,-0.23405,0.000865,-0.000782,1,acq,20480,20480,0,16,True,False,1,1200000,8381618,False,-2065020,2050538,0,0,0,0,1,1,1784382278.8872142
2402,150,2,formal,down,61,75,0,3.5563865717091963,1784382281.225116,1784382283.547072,1784382282.386094,1.2,-0.136882,-0.234533,0.00084,-0.000743,1,acq,20480,20480,0,16,True,False,1,1200000,8381618,False,-2014970,2085006,0,0,0,0,1,1,1784382281.225116
2403,150,3,formal,down,61,75,0,3.5563865717091963,1784382283.547349,1784382285.8770702,1784382284.7122097,1.2,-0.137068,-0.235038,0.000853,-0.000774,1,acq,20480,20480,0,16,True,False,1,1200000,8381618,False,-2066629,2140731,0,0,0,0,1,1,1784382283.547349
2404,150,4,formal,down,61,75,0,3.5563865717091963,1784382285.8773298,1784382288.2106729,1784382287.0440013,1.2,-0.137445,-0.2357,0.000921,-0.000791,1,acq,20480,20480,0,16,True,False,1,1200000,8381618,False,-2030976,2048506,0,0,0,0,1,1,1784382285.8773298
2405,150,5,formal,down,61,75,0,3.5563865717091963,1784382288.210989,1784382290.52997,1784382289.3704796,1.2,-0.137675,-0.236126,0.000835,-0.000828,1,acq,20480,20480,0,16,True,False,1,1200000,8381618,False,-2079756,2156144,0,0,0,0,1,1,1784382288.210989
2406,150,6,formal,down,61,75,0,3.5563865717091963,1784382290.530255,1784382292.85235,1784382291.6913025,1.2,-0.137904,-0.23649,0.000875,-0.000861,1,acq,20480,20480,0,16,True,False,1,1200000,8381618,False,-2067391,2139037,0,0,0,0,1,1,1784382290.530255
2407,150,7,formal,down,61,75,0,3.5563865717091963,1784382292.8534908,1784382295.178356,1784382294.0159235,1.2,-0.138306,-0.237161,0.000901,-0.000802,1,acq,20480,20480,0,16,True,False,1,1200000,8381618,False,-2073997,2066036,0,0,0,0,1,1,1784382292.8534908
2408,150,8,formal,down,61,75,0,3.5563865717091963,1784382295.178596,1784382297.5087519,1784382296.343674,1.2,-0.138694,-0.237891,0.000848,-0.000828,1,acq,20480,20480,0,16,True,False,1,1200000,8381618,False,-2091697,2094745,0,0,0,0,1,1,1784382295.178596
2409,150,9,formal,down,61,75,0,3.5563865717091963,1784382297.508971,1784382299.8432488,1784382298.6761098,1.2,-0.138799,-0.237983,0.000901,-0.000834,1,acq,20480,20480,0,16,True,False,1,1200000,8381618,False,-2068916,2084752,0,0,0,0,1,1,1784382297.508971
2410,150,10,formal,down,61,75,0,3.5563865717091963,1784382299.844841,1784382302.175072,1784382301.0099564,1.2,-0.1391,-0.238461,0.000894,-0.000806,1,acq,20480,20480,0,16,True,False,1,1200000,8381618,False,-2081111,2038767,0,0,0,0,1,1,1784382299.844841
2411,150,11,formal,down,61,75,0,3.5563865717091963,1784382302.175342,1784382304.510402,1784382303.3428721,1.2,-0.139145,-0.238782,0.000919,-0.00085,1,acq,20480,20480,0,16,True,False,1,1200000,8381618,False,-2091019,2107194,0,0,0,0,1,1,1784382302.175342
2412,150,12,formal,down,61,75,0,3.5563865717091963,1784382304.5106719,1784382306.84195,1784382305.676311,1.2,-0.139475,-0.239101,0.000886,-0.000845,1,acq,20480,20480,0,16,True,False,1,1200000,8381618,False,-2107957,2127604,0,0,0,0,1,1,1784382304.5106719
2413,150,13,formal,down,61,75,0,3.5563865717091963,1784382306.8430688,1784382309.160168,1784382308.0016184,1.2,-0.139523,-0.239486,0.000937,-0.000875,1,acq,20480,20480,0,16,True,False,1,1200000,8381618,False,-2106602,2116595,0,0,0,0,1,1,1784382306.8430688
2414,150,14,formal,down,61,75,0,3.5563865717091963,1784382309.1604638,1784382311.49504,1784382310.3277519,1.2,-0.139787,-0.239756,0.000923,-0.000863,1,acq,20480,20480,0,16,True,False,1,1200000,8381618,False,-2112022,2168085,0,0,0,0,1,1,1784382309.1604638
2415,150,15,formal,down,61,75,0,3.5563865717091963,1784382311.495321,1784382313.8422499,1784382312.6687856,1.2,-0.140033,-0.240284,0.000912,-0.000878,1,acq,20480,20480,0,16,True,False,1,1200000,8381618,False,-2104569,2106517,0,0,0,0,1,1,1784382311.495321
2416,151,0,formal,up,61,75,1,3.5563865717091963,1784382326.521219,1784382328.866584,1784382327.6939015,1.2,-0.141198,-0.242298,0.000942,-0.000898,1,acq,20480,20480,0,16,True,False,1,1200000,8381618,False,-2132939,2096778,0,0,0,0,1,1,1784382326.521219
2417,151,1,formal,up,61,75,1,3.5563865717091963,1784382328.867688,1784382331.2019,1784382330.0347939,1.2,-0.141396,-0.242681,0.000971,-0.00087,1,acq,20480,20480,0,16,True,False,1,1200000,8381618,False,-2116425,2098641,0,0,0,0,1,1,1784382328.867688
2418,151,2,formal,up,61,75,1,3.5563865717091963,1784382331.202135,1784382333.5323641,1784382332.3672495,1.2,-0.141577,-0.242827,0.000912,-0.000888,1,acq,20480,20480,0,16,True,False,1,1200000,8381618,False,-2168339,2158769,0,0,0,0,1,1,1784382331.202135
2419,151,3,formal,up,61,75,1,3.5563865717091963,1784382333.53261,1784382335.86815,1784382334.7003798,1.2,-0.141795,-0.243238,0.000919,-0.000896,1,acq,20480,20480,0,16,True,False,1,1200000,8381618,False,-2125148,2161140,0,0,0,0,1,1,1784382333.53261
2420,151,4,formal,up,61,75,1,3.5563865717091963,1784382335.86873,1784382338.200995,1784382337.0348625,1.2,-0.141887,-0.243382,0.000917,-0.000904,1,acq,20480,20480,0,16,True,False,1,1200000,8381618,False,-2179856,2165968,0,0,0,0,1,1,1784382335.86873
2421,151,5,formal,up,61,75,1,3.5563865717091963,1784382338.2012422,1784382340.532918,1784382339.3670802,1.2,-0.141975,-0.243654,0.000957,-0.000894,1,acq,20480,20480,0,16,True,False,1,1200000,8381618,False,-2153518,2115663,0,0,0,0,1,1,1784382338.2012422
2422,151,6,formal,up,61,75,1,3.5563865717091963,1784382340.533157,1784382342.8722959,1784382341.7027264,1.2,-0.142024,-0.243845,0.001015,-0.000924,1,acq,20480,20480,0,16,True,False,1,1200000,8381618,False,-2101097,2179772,0,0,0,0,1,1,1784382340.533157
2423,151,7,formal,up,61,75,1,3.5563865717091963,1784382342.8725271,1784382345.198119,1784382344.0353231,1.2,-0.142243,-0.244133,0.000961,-0.000898,1,acq,20480,20480,0,16,True,False,1,1200000,8381618,False,-2082889,2143356,0,0,0,0,1,1,1784382342.8725271
2424,151,8,formal,up,61,75,1,3.5563865717091963,1784382345.1992419,1784382347.534632,1784382346.366937,1.2,-0.14238,-0.244327,0.000949,-0.000938,1,acq,20480,20480,0,16,True,False,1,1200000,8381618,False,-2113377,2162919,0,0,0,0,1,1,1784382345.1992419
2425,151,9,formal,up,61,75,1,3.5563865717091963,1784382347.534882,1784382349.8629801,1784382348.6989312,1.2,-0.142553,-0.244552,0.00095,-0.000912,1,acq,20480,20480,0,16,True,False,1,1200000,8381618,False,-2162834,2195015,0,0,0,0,1,1,1784382347.534882
2426,151,10,formal,up,61,75,1,3.5563865717091963,1784382349.8632169,1784382352.1867871,1784382351.025002,1.2,-0.142671,-0.244866,0.00099,-0.000965,1,acq,20480,20480,0,16,True,False,1,1200000,8381618,False,-2123285,2135734,0,0,0,0,1,1,1784382349.8632169
2427,151,11,formal,up,61,75,1,3.5563865717091963,1784382352.187339,1784382354.509634,1784382353.3484864,1.2,-0.142754,-0.244939,0.001009,-0.000898,1,acq,20480,20480,0,16,True,False,1,1200000,8381618,False,-2130399,2149538,0,0,0,0,1,1,1784382352.187339
2428,151,12,formal,up,61,75,1,3.5563865717091963,1784382354.5099242,1784382356.843588,1784382355.6767561,1.2,-0.142738,-0.245119,0.000988,-0.000946,1,acq,20480,20480,0,16,True,False,1,1200000,8381618,False,-2185954,2113631,0,0,0,0,1,1,1784382354.5099242
2429,151,13,formal,up,61,75,1,3.5563865717091963,1784382356.843842,1784382359.181494,1784382358.0126681,1.2,-0.14309,-0.245562,0.000945,-0.000938,1,acq,20480,20480,0,16,True,False,1,1200000,8381618,False,-2136581,2134464,0,0,0,0,1,1,1784382356.843842
2430,151,14,formal,up,61,75,1,3.5563865717091963,1784382359.182582,1784382361.513432,1784382360.348007,1.2,-0.143187,-0.245661,0.000951,-0.000968,1,acq,20480,20480,0,16,True,False,1,1200000,8381618,False,-2190273,2188240,0,0,0,0,1,1,1784382359.182582
2431,151,15,formal,up,61,75,1,3.5563865717091963,1784382361.5136561,1784382363.845074,1784382362.6793652,1.2,-0.143424,-0.246077,0.000945,-0.000965,1,acq,20480,20480,0,16,True,False,1,1200000,8381618,False,-2149115,2153434,0,0,0,0,1,1,1784382361.5136561
2432,152,0,formal,up,53,76,0,2.5119587621004067,1784382387.975998,1784382390.32048,1784382389.1482391,1.2,-0.064068,-0.109897,-0.000938,0.001929,1,acq,20480,20480,0,16,True,False,1,1200000,8381618,False,-1078749,1125751,0,0,0,0,1,1,1784382387.975998
2433,152,1,formal,up,53,76,0,2.5119587621004067,1784382390.322426,1784382392.672103,1784382391.4972644,1.2,-0.064073,-0.109895,-0.00091,0.001927,1,acq,20480,20480,0,16,True,False,1,1200000,8381618,False,-1066300,1052581,0,0,0,0,1,1,1784382390.322426
2434,152,2,formal,up,53,76,0,2.5119587621004067,1784382392.672349,1784382395.005118,1784382393.8387334,1.2,-0.064083,-0.10992,-0.000913,0.001956,1,acq,20480,20480,0,16,True,False,1,1200000,8381618,False,-1049109,1084932,0,0,0,0,1,1,1784382392.672349
2435,152,3,formal,up,53,76,0,2.5119587621004067,1784382395.005398,1784382397.34389,1784382396.174644,1.2,-0.064056,-0.109914,-0.000927,0.001981,1,acq,20480,20480,0,16,True,False,1,1200000,8381618,False,-1016165,1103817,0,0,0,0,1,1,1784382395.005398
2436,152,4,formal,up,53,76,0,2.5119587621004067,1784382397.344189,1784382399.6767411,1784382398.5104651,1.2,-0.064053,-0.10998,-0.000946,0.00194,1,acq,20480,20480,0,16,True,False,1,1200000,8381618,False,-1067062,1128630,0,0,0,0,1,1,1784382397.344189
2437,152,5,formal,up,53,76,0,2.5119587621004067,1784382399.67697,1784382402.0153012,1784382400.8461356,1.2,-0.064028,-0.109968,-0.00094,0.001917,1,acq,20480,20480,0,16,True,False,1,1200000,8381618,False,-1045637,1122872,0,0,0,0,1,1,1784382399.67697
2438,152,6,formal,up,53,76,0,2.5119587621004067,1784382402.0156531,1784382404.3358788,1784382403.175766,1.2,-0.064036,-0.110027,-0.000913,0.001975,1,acq,20480,20480,0,16,True,False,1,1200000,8381618,False,-998974,1096026,0,0,0,0,1,1,1784382402.0156531
2439,152,7,formal,up,53,76,0,2.5119587621004067,1784382404.336114,1784382406.672981,1784382405.5045476,1.2,-0.064071,-0.110042,-0.000924,0.001962,1,acq,20480,20480,0,16,True,False,1,1200000,8381618,False,-1078919,1108136,0,0,0,0,1,1,1784382404.336114
2440,152,8,formal,up,53,76,0,2.5119587621004067,1784382406.6734982,1784382408.998094,1784382407.835796,1.2,-0.064151,-0.110158,-0.000929,0.001938,1,acq,20480,20480,0,16,True,False,1,1200000,8381618,False,-1023533,1081713,0,0,0,0,1,1,1784382406.6734982
2441,152,9,formal,up,53,76,0,2.5119587621004067,1784382408.998353,1784382411.321731,1784382410.160042,1.2,-0.064199,-0.110269,-0.000931,0.001933,1,acq,20480,20480,0,16,True,False,1,1200000,8381618,False,-1011507,1106273,0,0,0,0,1,1,1784382408.998353
2442,152,10,formal,up,53,76,0,2.5119587621004067,1784382411.3220239,1784382413.653505,1784382412.4877644,1.2,-0.064161,-0.11029,-0.000931,0.001948,1,acq,20480,20480,0,16,True,False,1,1200000,8381618,False,-1064014,1140825,0,0,0,0,1,1,1784382411.3220239
2443,152,11,formal,up,53,76,0,2.5119587621004067,1784382413.654604,1784382415.986911,1784382414.8207574,1.2,-0.064227,-0.110436,-0.000953,0.00195,1,acq,20480,20480,0,16,True,False,1,1200000,8381618,False,-1094332,1118214,0,0,0,0,1,1,1784382413.654604
2444,152,12,formal,up,53,76,0,2.5119587621004067,1784382415.987157,1784382418.31879,1784382417.1529737,1.2,-0.064324,-0.110526,-0.000925,0.001935,1,acq,20480,20480,0,16,True,False,1,1200000,8381618,False,-1065707,1069518,0,0,0,0,1,1,1784382415.987157
2445,152,13,formal,up,53,76,0,2.5119587621004067,1784382418.3191261,1784382420.661909,1784382419.4905176,1.2,-0.064256,-0.1105,-0.000913,0.001953,1,acq,20480,20480,0,16,True,False,1,1200000,8381618,False,-1019129,1105595,0,0,0,0,1,1,1784382418.3191261
2446,152,14,formal,up,53,76,0,2.5119587621004067,1784382420.663084,1784382423.000169,1784382421.8316264,1.2,-0.064418,-0.110669,-0.000928,0.001956,1,acq,20480,20480,0,16,True,False,1,1200000,8381618,False,-995586,1114403,0,0,0,0,1,1,1784382420.663084
2447,152,15,formal,up,53,76,0,2.5119587621004067,1784382423.000449,1784382425.336886,1784382424.1686673,1.2,-0.064394,-0.110768,-0.000943,0.00195,1,acq,20480,20480,0,16,True,False,1,1200000,8381618,False,-1051226,1060457,0,0,0,0,1,1,1784382423.000449
2448,153,0,formal,down,53,76,1,2.5119587621004067,1784382438.019666,1784382440.359379,1784382439.1895225,1.2,-0.064872,-0.111516,-0.000902,0.001941,1,acq,20480,20480,0,16,True,False,1,1200000,8381618,False,-1068248,1088743,0,0,0,0,1,1,1784382438.019666
2449,153,1,formal,down,53,76,1,2.5119587621004067,1784382440.360459,1784382442.693515,1784382441.526987,1.2,-0.064875,-0.111557,-0.000964,0.001978,1,acq,20480,20480,0,16,True,False,1,1200000,8381618,False,-1075362,1184270,0,0,0,0,1,1,1784382440.360459
2450,153,2,formal,down,53,76,1,2.5119587621004067,1784382442.6937568,1784382445.0308921,1784382443.8623245,1.2,-0.064974,-0.111572,-0.000941,0.001984,1,acq,20480,20480,0,16,True,False,1,1200000,8381618,False,-1045552,1063590,0,0,0,0,1,1,1784382442.6937568
2451,153,3,formal,down,53,76,1,2.5119587621004067,1784382445.0311291,1784382447.361923,1784382446.196526,1.2,-0.065023,-0.111767,-0.000908,0.001961,1,acq,20480,20480,0,16,True,False,1,1200000,8381618,False,-1016589,1110338,0,0,0,0,1,1,1784382445.0311291
2452,153,4,formal,down,53,76,1,2.5119587621004067,1784382447.363007,1784382449.715669,1784382448.539338,1.2,-0.064976,-0.111783,-0.000935,0.001994,1,acq,20480,20480,0,16,True,False,1,1200000,8381618,False,-1078241,1113979,0,0,0,0,1,1,1784382447.363007
2453,153,5,formal,down,53,76,1,2.5119587621004067,1784382449.715914,1784382452.054718,1784382450.885316,1.2,-0.065101,-0.111861,-0.000906,0.00196,1,acq,20480,20480,0,16,True,False,1,1200000,8381618,False,-1086541,1086541,0,0,0,0,1,1,1784382449.715914
2454,153,6,formal,down,53,76,1,2.5119587621004067,1784382452.055003,1784382454.401394,1784382453.2281985,1.2,-0.065207,-0.112085,-0.000912,0.001938,1,acq,20480,20480,0,16,True,False,1,1200000,8381618,False,-1147600,1105003,0,0,0,0,1,1,1784382452.055003
2455,153,7,formal,down,53,76,1,2.5119587621004067,1784382454.4020338,1784382456.730541,1784382455.5662875,1.2,-0.065257,-0.112206,-0.000929,0.001943,1,acq,20480,20480,0,16,True,False,1,1200000,8381618,False,-1042588,1049024,0,0,0,0,1,1,1784382454.4020338
2456,153,8,formal,down,53,76,1,2.5119587621004067,1784382456.730768,1784382459.064289,1784382457.8975286,1.2,-0.065304,-0.112266,-0.000904,0.001963,1,acq,20480,20480,0,16,True,False,1,1200000,8381618,False,-1046907,1160473,0,0,0,0,1,1,1784382456.730768
2457,153,9,formal,down,53,76,1,2.5119587621004067,1784382459.064526,1784382461.399675,1784382460.2321005,1.2,-0.065304,-0.112395,-0.000898,0.001948,1,acq,20480,20480,0,16,True,False,1,1200000,8381618,False,-1093231,1171652,0,0,0,0,1,1,1784382459.064526
2458,153,10,formal,down,53,76,1,2.5119587621004067,1784382461.399959,1784382463.728883,1784382462.5644212,1.2,-0.06546,-0.112555,-0.000928,0.001957,1,acq,20480,20480,0,16,True,False,1,1200000,8381618,False,-1031578,1090690,0,0,0,0,1,1,1784382461.399959
2459,153,11,formal,down,53,76,1,2.5119587621004067,1784382463.729156,1784382466.076409,1784382464.9027824,1.2,-0.065466,-0.112625,-0.000916,0.001959,1,acq,20480,20480,0,16,True,False,1,1200000,8381618,False,-1117875,1181560,0,0,0,0,1,1,1784382463.729156
2460,153,12,formal,down,53,76,1,2.5119587621004067,1784382466.076661,1784382468.3912802,1784382467.2339706,1.2,-0.065526,-0.112688,-0.000967,0.00193,1,acq,20480,20480,0,16,True,False,1,1200000,8381618,False,-1020654,1115334,0,0,0,0,1,1,1784382466.076661
2461,153,13,formal,down,53,76,1,2.5119587621004067,1784382468.3915598,1784382470.734632,1784382469.563096,1.2,-0.065582,-0.1128,-0.000933,0.00196,1,acq,20480,20480,0,16,True,False,1,1200000,8381618,False,-1087980,1135575,0,0,0,0,1,1,1784382468.3915598
2462,153,14,formal,down,53,76,1,2.5119587621004067,1784382470.734882,1784382473.078933,1784382471.9069076,1.2,-0.065616,-0.112953,-0.000961,0.001995,1,acq,20480,20480,0,16,True,False,1,1200000,8381618,False,-1063167,1162336,0,0,0,0,1,1,1784382470.734882
2463,153,15,formal,down,53,76,1,2.5119587621004067,1784382473.079169,1784382475.4113028,1784382474.245236,1.2,-0.065645,-0.113104,-0.000928,0.001926,1,acq,20480,20480,0,16,True,False,1,1200000,8381618,False,-1110761,1154037,0,0,0,0,1,1,1784382473.079169
2464,154,0,formal,down,27,77,0,-0.8824316191281598,1784382521.147733,1784382523.474974,1784382522.3113534,0.753946,0.172259,0.29417,0.000406,-0.001312,1,acq,20480,20480,0,16,True,False,1,1200000,8381618,False,-2523349,2513864,0,0,0,0,1,1,1784382521.147733
2465,154,1,formal,down,27,77,0,-0.8824316191281598,1784382523.476029,1784382525.800406,1784382524.6382174,0.750517,0.172044,0.293995,0.000454,-0.001221,1,acq,20480,20480,0,16,True,False,1,1200000,8381618,False,-2548840,2538084,0,0,0,0,1,1,1784382523.476029
2466,154,2,formal,down,27,77,0,-0.8824316191281598,1784382525.800817,1784382528.13921,1784382526.9700136,0.74782,0.172007,0.293977,0.000485,-0.00129,1,acq,20480,20480,0,16,True,False,1,1200000,8381618,False,-2525720,2509629,0,0,0,0,1,1,1784382525.800817
2467,154,3,formal,down,27,77,0,-0.8824316191281598,1784382528.139454,1784382530.479789,1784382529.3096213,0.745368,0.171931,0.293916,0.00046,-0.001321,1,acq,20480,20480,0,16,True,False,1,1200000,8381618,False,-2493623,2518268,0,0,0,0,1,1,1784382528.139454
2468,154,4,formal,down,27,77,0,-0.8824316191281598,1784382530.48001,1784382532.812002,1784382531.646006,0.743695,0.171979,0.294066,0.000494,-0.001305,1,acq,20480,20480,0,16,True,False,1,1200000,8381618,False,-2530462,2506073,0,0,0,0,1,1,1784382530.48001
2469,154,5,formal,down,27,77,0,-0.8824316191281598,1784382532.812253,1784382535.146955,1784382533.979604,0.740867,0.171774,0.293632,0.000479,-0.001295,1,acq,20480,20480,0,16,True,False,1,1200000,8381618,False,-2504548,2534358,0,0,0,0,1,1,1784382532.812253
2470,154,6,formal,down,27,77,0,-0.8824316191281598,1784382535.147209,1784382537.489106,1784382536.3181574,0.739394,0.171761,0.293864,0.000495,-0.001312,1,acq,20480,20480,0,16,True,False,1,1200000,8381618,False,-2551973,2492692,0,0,0,0,1,1,1784382535.147209
2471,154,7,formal,down,27,77,0,-0.8824316191281598,1784382537.4893491,1784382539.828576,1784382538.6589627,0.737549,0.17173,0.2938,0.000479,-0.001326,1,acq,20480,20480,0,16,True,False,1,1200000,8381618,False,-2538254,2488119,0,0,0,0,1,1,1784382537.4893491
2472,154,8,formal,down,27,77,0,-0.8824316191281598,1784382539.8287969,1784382542.161643,1784382540.99522,0.736555,0.171871,0.293944,0.000503,-0.001318,1,acq,20480,20480,0,16,True,False,1,1200000,8381618,False,-2498112,2482953,0,0,0,0,1,1,1784382539.8287969
2473,154,9,formal,down,27,77,0,-0.8824316191281598,1784382542.1618629,1784382544.502402,1784382543.3321323,0.734517,0.171703,0.293778,0.000499,-0.001337,1,acq,20480,20480,0,16,True,False,1,1200000,8381618,False,-2539355,2491083,0,0,0,0,1,1,1784382542.1618629
2474,154,10,formal,down,27,77,0,-0.8824316191281598,1784382544.50264,1784382546.8429492,1784382545.6727946,0.733146,0.171707,0.293784,0.00045,-0.00135,1,acq,20480,20480,0,16,True,False,1,1200000,8381618,False,-2550533,2480073,0,0,0,0,1,1,1784382544.50264
2475,154,11,formal,down,27,77,0,-0.8824316191281598,1784382546.843267,1784382549.176029,1784382548.0096478,0.730908,0.171569,0.293492,0.000482,-0.001342,1,acq,20480,20480,0,16,True,False,1,1200000,8381618,False,-2549094,2513610,0,0,0,0,1,1,1784382546.843267
2476,154,12,formal,down,27,77,0,-0.8824316191281598,1784382549.176594,1784382551.495879,1784382550.3362365,0.729843,0.171512,0.293497,0.000469,-0.00136,1,acq,20480,20480,0,16,True,False,1,1200000,8381618,False,-2522417,2532072,0,0,0,0,1,1,1784382549.176594
2477,154,13,formal,down,27,77,0,-0.8824316191281598,1784382551.496118,1784382553.8172102,1784382552.6566641,0.729241,0.171658,0.293832,0.000504,-0.001376,1,acq,20480,20480,0,16,True,False,1,1200000,8381618,False,-2502177,2483630,0,0,0,0,1,1,1784382551.496118
2478,154,14,formal,down,27,77,0,-0.8824316191281598,1784382553.817496,1784382556.149271,1784382554.9833837,0.727869,0.171612,0.293778,0.000484,-0.001323,1,acq,20480,20480,0,16,True,False,1,1200000,8381618,False,-2520893,2501076,0,0,0,0,1,1,1784382553.817496
2479,154,15,formal,down,27,77,0,-0.8824316191281598,1784382556.149503,1784382558.478357,1784382557.31393,0.726418,0.171527,0.293562,0.000516,-0.001405,1,acq,20480,20480,0,16,True,False,1,1200000,8381618,False,-2554683,2523942,0,0,0,0,1,1,1784382556.149503
2480,155,0,formal,up,27,77,1,-0.8824316191281598,1784382571.041017,1784382573.3665311,1784382572.203774,0.719477,0.171391,0.293462,0.000487,-0.001363,1,acq,20480,20480,0,16,True,False,1,1200000,8381618,False,-2542488,2503108,0,0,0,0,1,1,1784382571.041017
2481,155,1,formal,up,27,77,1,-0.8824316191281598,1784382573.366786,1784382575.691434,1784382574.52911,0.71895,0.17154,0.293652,0.000498,-0.001353,1,acq,20480,20480,0,16,True,False,1,1200000,8381618,False,-2519707,2504209,0,0,0,0,1,1,1784382573.366786
2482,155,2,formal,up,27,77,1,-0.8824316191281598,1784382575.6917682,1784382578.015777,1784382576.8537726,0.71682,0.171298,0.293196,0.000442,-0.001351,1,acq,20480,20480,0,16,True,False,1,1200000,8381618,False,-2553243,2507851,0,0,0,0,1,1,1784382575.6917682
2483,155,3,formal,up,27,77,1,-0.8824316191281598,1784382578.016032,1784382580.332024,1784382579.174028,0.716809,0.171376,0.293475,0.000501,-0.001368,1,acq,20480,20480,0,16,True,False,1,1200000,8381618,False,-2522078,2509545,0,0,0,0,1,1,1784382578.016032
2484,155,4,formal,up,27,77,1,-0.8824316191281598,1784382580.332278,1784382582.655137,1784382581.4937077,0.715864,0.171352,0.293434,0.000478,-0.001342,1,acq,20480,20480,0,16,True,False,1,1200000,8381618,False,-2572637,2512085,0,0,0,0,1,1,1784382580.332278
2485,155,5,formal,up,27,77,1,-0.8824316191281598,1784382582.6553721,1784382584.974826,1784382583.8150992,0.714534,0.171227,0.293153,0.000489,-0.001383,1,acq,20480,20480,0,16,True,False,1,1200000,8381618,False,-2528853,2536899,0,0,0,0,1,1,1784382582.6553721
2486,155,6,formal,up,27,77,1,-0.8824316191281598,1784382584.9750981,1784382587.290346,1784382586.132722,0.714288,0.171319,0.293418,0.00051,-0.001384,1,acq,20480,20480,0,16,True,False,1,1200000,8381618,False,-2519707,2474569,0,0,0,0,1,1,1784382584.9750981
2487,155,7,formal,up,27,77,1,-0.8824316191281598,1784382587.290605,1784382589.604105,1784382588.447355,0.712757,0.171183,0.293176,0.000476,-0.001354,1,acq,20480,20480,0,16,True,False,1,1200000,8381618,False,-2526313,2496842,0,0,0,0,1,1,1784382587.290605
2488,155,8,formal,up,27,77,1,-0.8824316191281598,1784382589.6043909,1784382591.9299252,1784382590.767158,0.712058,0.171249,0.293241,0.000529,-0.001347,1,acq,20480,20480,0,16,True,False,1,1200000,8381618,False,-2571112,2510561,0,0,0,0,1,1,1784382589.6043909
2489,155,9,formal,up,27,77,1,-0.8824316191281598,1784382591.9302,1784382594.241467,1784382593.0858335,0.711589,0.171228,0.293262,0.000506,-0.001334,1,acq,20480,20480,0,16,True,False,1,1200000,8381618,False,-2500737,2491252,0,0,0,0,1,1,1784382591.9302
2490,155,10,formal,up,27,77,1,-0.8824316191281598,1784382594.2417548,1784382596.564161,1784382595.402958,0.710592,0.171197,0.293232,0.0005,-0.001398,1,acq,20480,20480,0,16,True,False,1,1200000,8381618,False,-2499552,2507512,0,0,0,0,1,1,1784382594.2417548
2491,155,11,formal,up,27,77,1,-0.8824316191281598,1784382596.564415,1784382598.883156,1784382597.7237854,0.70912,0.171066,0.292876,0.000493,-0.001386,1,acq,20480,20480,0,16,True,False,1,1200000,8381618,False,-2537407,2470334,0,0,0,0,1,1,1784382596.564415
2492,155,12,formal,up,27,77,1,-0.8824316191281598,1784382598.883457,1784382601.2079139,1784382600.0456853,0.709192,0.171144,0.29315,0.000515,-0.001355,1,acq,20480,20480,0,16,True,False,1,1200000,8381618,False,-2565862,2501415,0,0,0,0,1,1,1784382598.883457
2493,155,13,formal,up,27,77,1,-0.8824316191281598,1784382601.20816,1784382603.534107,1784382602.3711333,0.708022,0.171046,0.292948,0.000559,-0.001391,1,acq,20480,20480,0,16,True,False,1,1200000,8381618,False,-2521909,2483546,0,0,0,0,1,1,1784382601.20816
2494,155,14,formal,up,27,77,1,-0.8824316191281598,1784382603.5344262,1784382605.856991,1784382604.6957088,0.707701,0.171116,0.293204,0.000525,-0.00138,1,acq,20480,20480,0,16,True,False,1,1200000,8381618,False,-2525805,2505564,0,0,0,0,1,1,1784382603.5344262
2495,155,15,formal,up,27,77,1,-0.8824316191281598,1784382605.857257,1784382608.174239,1784382607.015748,0.706818,0.171094,0.29307,0.000533,-0.001366,1,acq,20480,20480,0,16,True,False,1,1200000,8381618,False,-2536306,2485324,0,0,0,0,1,1,1784382605.857257
2496,156,0,formal,up,23,78,0,-1.4046455239325546,1784382626.430563,1784382628.750153,1784382627.590358,0.465662,0.153144,0.261649,0.000105,-0.000963,1,acq,20480,20480,0,16,True,False,1,1200000,8381618,False,-2246929,2259124,0,0,0,0,1,1,1784382626.430563
2497,156,1,formal,up,23,78,0,-1.4046455239325546,1784382628.751302,1784382631.0661771,1784382629.9087396,0.464362,0.153046,0.261409,0.0001,-0.000979,1,acq,20480,20480,0,16,True,False,1,1200000,8381618,False,-2274283,2232532,0,0,0,0,1,1,1784382628.751302
2498,156,2,formal,up,23,78,0,-1.4046455239325546,1784382631.0664132,1784382633.39007,1784382632.2282414,0.463684,0.152906,0.261312,0.000129,-0.000991,1,acq,20480,20480,0,16,True,False,1,1200000,8381618,False,-2225587,2253450,0,0,0,0,1,1,1784382631.0664132
2499,156,3,formal,up,23,78,0,-1.4046455239325546,1784382633.390322,1784382635.705882,1784382634.548102,0.462189,0.152731,0.260953,0.000154,-0.000996,1,acq,20480,20480,0,16,True,False,1,1200000,8381618,False,-2265814,2248030,0,0,0,0,1,1,1784382633.390322
2500,156,4,formal,up,23,78,0,-1.4046455239325546,1784382635.7069519,1784382638.024891,1784382636.8659215,0.461473,0.152635,0.260869,0.000146,-0.000966,1,acq,20480,20480,0,16,True,False,1,1200000,8381618,False,-2246675,2241763,0,0,0,0,1,1,1784382635.7069519
2501,156,5,formal,up,23,78,0,-1.4046455239325546,1784382638.025134,1784382640.349906,1784382639.18752,0.460214,0.152504,0.260643,8.4e-05,-0.000998,1,acq,20480,20480,0,16,True,False,1,1200000,8381618,False,-2250570,2243372,0,0,0,0,1,1,1784382638.025134
2502,156,6,formal,up,23,78,0,-1.4046455239325546,1784382640.350288,1784382642.6749089,1784382641.5125985,0.459801,0.152498,0.260717,0.000107,-0.000972,1,acq,20480,20480,0,16,True,False,1,1200000,8381618,False,-2249893,2285716,0,0,0,0,1,1,1784382640.350288
2503,156,7,formal,up,23,78,0,-1.4046455239325546,1784382642.675183,1784382644.992658,1784382643.8339205,0.458714,0.152299,0.260483,0.000137,-0.000982,1,acq,20480,20480,0,16,True,False,1,1200000,8381618,False,-2239561,2243457,0,0,0,0,1,1,1784382642.675183
2504,156,8,formal,up,23,78,0,-1.4046455239325546,1784382644.995187,1784382647.316986,1784382646.1560864,0.458153,0.152351,0.260467,0.00016,-0.000989,1,acq,20480,20480,0,16,True,False,1,1200000,8381618,False,-2242356,2221268,0,0,0,0,1,1,1784382644.995187
2505,156,9,formal,up,23,78,0,-1.4046455239325546,1784382647.3172338,1784382649.6391811,1784382648.4782076,0.457166,0.152189,0.260288,8.1e-05,-0.000975,1,acq,20480,20480,0,16,True,False,1,1200000,8381618,False,-2239730,2259378,0,0,0,0,1,1,1784382647.3172338
2506,156,10,formal,up,23,78,0,-1.4046455239325546,1784382649.639414,1784382651.954321,1784382650.7968674,0.456349,0.152104,0.260111,0.00013,-0.001009,1,acq,20480,20480,0,16,True,False,1,1200000,8381618,False,-2221184,2234564,0,0,0,0,1,1,1784382649.639414
2507,156,11,formal,up,23,78,0,-1.4046455239325546,1784382651.954771,1784382654.271026,1784382653.1128983,0.45588,0.152116,0.26014,0.000165,-0.001011,1,acq,20480,20480,0,16,True,False,1,1200000,8381618,False,-2265899,2246082,0,0,0,0,1,1,1784382651.954771
2508,156,12,formal,up,23,78,0,-1.4046455239325546,1784382654.2712588,1784382656.591539,1784382655.4313989,0.454987,0.151966,0.260034,0.000153,-0.00096,1,acq,20480,20480,0,16,True,False,1,1200000,8381618,False,-2243457,2203230,0,0,0,0,1,1,1784382654.2712588
2509,156,13,formal,up,23,78,0,-1.4046455239325546,1784382656.591788,1784382658.908088,1784382657.749938,0.453885,0.151764,0.25967,0.000133,-0.001012,1,acq,20480,20480,0,16,True,False,1,1200000,8381618,False,-2264798,2228806,0,0,0,0,1,1,1784382656.591788
2510,156,14,formal,up,23,78,0,-1.4046455239325546,1784382658.908329,1784382661.221432,1784382660.0648804,0.453303,0.151774,0.259652,0.000159,-0.001004,1,acq,20480,20480,0,16,True,False,1,1200000,8381618,False,-2251502,2231177,0,0,0,0,1,1,1784382658.908329
2511,156,15,formal,up,23,78,0,-1.4046455239325546,1784382661.221662,1784382663.545119,1784382662.3833904,0.452479,0.151632,0.25947,0.000152,-0.001023,1,acq,20480,20480,0,16,True,False,1,1200000,8381618,False,-2274283,2231431,0,0,0,0,1,1,1784382661.221662
2512,157,0,formal,down,23,78,1,-1.4046455239325546,1784382676.1056929,1784382678.429939,1784382677.267816,0.448655,0.151384,0.258991,0.000182,-0.000996,1,acq,20480,20480,0,16,True,False,1,1200000,8381618,False,-2246759,2207634,0,0,0,0,1,1,1784382676.1056929
2513,157,1,formal,down,23,78,1,-1.4046455239325546,1784382678.431019,1784382680.748071,1784382679.589545,0.448032,0.151229,0.258843,0.000151,-0.001012,1,acq,20480,20480,0,16,True,False,1,1200000,8381618,False,-2248792,2228128,0,0,0,0,1,1,1784382678.431019
2514,157,2,formal,down,23,78,1,-1.4046455239325546,1784382680.74829,1784382683.066744,1784382681.907517,0.446909,0.151007,0.258431,0.000147,-0.001008,1,acq,20480,20480,0,16,True,False,1,1200000,8381618,False,-2230499,2236936,0,0,0,0,1,1,1784382680.74829
2515,157,3,formal,down,23,78,1,-1.4046455239325546,1784382683.067235,1784382685.390659,1784382684.2289472,0.446441,0.150997,0.258446,0.000152,-0.001021,1,acq,20480,20480,0,16,True,False,1,1200000,8381618,False,-2242779,2217796,0,0,0,0,1,1,1784382683.067235
2516,157,4,formal,down,23,78,1,-1.4046455239325546,1784382685.392305,1784382687.708171,1784382686.550238,0.446028,0.150978,0.258436,0.000181,-0.000979,1,acq,20480,20480,0,16,True,False,1,1200000,8381618,False,-2209582,2223724,0,0,0,0,1,1,1784382685.392305
2517,157,5,formal,down,23,78,1,-1.4046455239325546,1784382687.709995,1784382690.033062,1784382688.8715286,0.445615,0.150959,0.258394,0.000161,-0.000984,1,acq,20480,20480,0,16,True,False,1,1200000,8381618,False,-2228975,2234395,0,0,0,0,1,1,1784382687.709995
2518,157,6,formal,down,23,78,1,-1.4046455239325546,1784382690.033324,1784382692.354385,1784382691.1938543,0.444716,0.150869,0.258215,0.000165,-0.00101,1,acq,20480,20480,0,16,True,False,1,1200000,8381618,False,-2249046,2202214,0,0,0,0,1,1,1784382690.033324
2519,157,7,formal,down,23,78,1,-1.4046455239325546,1784382692.355438,1784382694.670604,1784382693.513021,0.444476,0.150892,0.258237,0.000151,-0.001024,1,acq,20480,20480,0,16,True,False,1,1200000,8381618,False,-2235581,2225588,0,0,0,0,1,1,1784382692.355438
2520,157,8,formal,down,23,78,1,-1.4046455239325546,1784382694.670857,1784382696.9944708,1784382695.832664,0.443777,0.150796,0.258084,0.000147,-0.00103,1,acq,20480,20480,0,16,True,False,1,1200000,8381618,False,-2244981,2191120,0,0,0,0,1,1,1784382694.670857
2521,157,9,formal,down,23,78,1,-1.4046455239325546,1784382696.994713,1784382699.318244,1784382698.1564784,0.443351,0.150733,0.25811,0.000186,-0.001002,1,acq,20480,20480,0,16,True,False,1,1200000,8381618,False,-2245997,2193406,0,0,0,0,1,1,1784382696.994713
2522,157,10,formal,down,23,78,1,-1.4046455239325546,1784382699.3194299,1784382701.653174,1784382700.486302,0.442591,0.150637,0.257943,9.7e-05,-0.001016,1,acq,20480,20480,0,16,True,False,1,1200000,8381618,False,-2242948,2205347,0,0,0,0,1,1,1784382699.3194299
2523,157,11,formal,down,23,78,1,-1.4046455239325546,1784382701.653444,1784382703.9753458,1784382702.814395,0.442078,0.150581,0.257815,0.000175,-0.001006,1,acq,20480,20480,0,16,True,False,1,1200000,8381618,False,-2221777,2201367,0,0,0,0,1,1,1784382701.653444
2524,157,12,formal,down,23,78,1,-1.4046455239325546,1784382703.975594,1784382706.291969,1784382705.1337814,0.441357,0.150525,0.2577,0.000161,-0.001018,1,acq,20480,20480,0,16,True,False,1,1200000,8381618,False,-2250570,2197048,0,0,0,0,1,1,1784382703.975594
2525,157,13,formal,down,23,78,1,-1.4046455239325546,1784382706.292216,1784382708.6171892,1784382707.4547026,0.440721,0.150357,0.257493,0.000172,-0.000989,1,acq,20480,20480,0,16,True,False,1,1200000,8381618,False,-2228382,2192305,0,0,0,0,1,1,1784382706.292216
2526,157,14,formal,down,23,78,1,-1.4046455239325546,1784382708.617685,1784382710.936984,1784382709.7773347,0.440546,0.150441,0.257616,0.000142,-0.000985,1,acq,20480,20480,0,16,True,False,1,1200000,8381618,False,-2221099,2202468,0,0,0,0,1,1,1784382708.617685
2527,157,15,formal,down,23,78,1,-1.4046455239325546,1784382710.937252,1784382713.260465,1784382712.0988584,0.440011,0.150363,0.257521,0.000172,-0.001028,1,acq,20480,20480,0,16,True,False,1,1200000,8381618,False,-2221607,2198826,0,0,0,0,1,1,1784382710.937252
2528,158,0,formal,down,57,79,0,3.0341726669048015,1784382774.13613,1784382776.457682,1784382775.296906,1.2,-0.101096,-0.173301,-0.000451,0.001337,1,acq,20480,20480,0,16,True,False,1,1200000,8381618,False,-1520310,1715938,0,0,0,0,1,1,1784382774.13613
2529,158,1,formal,down,57,79,0,3.0341726669048015,1784382776.45883,1784382778.7759008,1784382777.6173654,1.2,-0.10148,-0.174178,-0.000477,0.001311,1,acq,20480,20480,0,16,True,False,1,1200000,8381618,False,-1528779,1613466,0,0,0,0,1,1,1784382776.45883
2530,158,2,formal,down,57,79,0,3.0341726669048015,1784382778.776159,1784382781.088165,1784382779.932162,1.2,-0.101822,-0.174651,-0.000505,0.001288,1,acq,20480,20480,0,16,True,False,1,1200000,8381618,False,-1559266,1629811,0,0,0,0,1,1,1784382778.776159
2531,158,3,formal,down,57,79,0,3.0341726669048015,1784382781.0883908,1784382783.4116879,1784382782.2500393,1.2,-0.102226,-0.175443,-0.000471,0.001254,1,acq,20480,20480,0,16,True,False,1,1200000,8381618,False,-1564263,1625238,0,0,0,0,1,1,1784382781.0883908
2532,158,4,formal,down,57,79,0,3.0341726669048015,1784382783.412104,1784382785.733312,1784382784.572708,1.2,-0.102533,-0.17604,-0.000424,0.001273,1,acq,20480,20480,0,16,True,False,1,1200000,8381618,False,-1562146,1592464,0,0,0,0,1,1,1784382783.412104
2533,158,5,formal,down,57,79,0,3.0341726669048015,1784382785.733545,1784382788.053549,1784382786.893547,1.2,-0.1029,-0.176606,-0.000487,0.001267,1,acq,20480,20480,0,16,True,False,1,1200000,8381618,False,-1581624,1590685,0,0,0,0,1,1,1784382785.733545
2534,158,6,formal,down,57,79,0,3.0341726669048015,1784382788.0538251,1784382790.3755069,1784382789.214666,1.2,-0.103098,-0.177077,-0.000439,0.001283,1,acq,20480,20480,0,16,True,False,1,1200000,8381618,False,-1621850,1661992,0,0,0,0,1,1,1784382788.0538251
2535,158,7,formal,down,57,79,0,3.0341726669048015,1784382790.375783,1784382792.695919,1784382791.535851,1.2,-0.103453,-0.177561,-0.000462,0.001252,1,acq,20480,20480,0,16,True,False,1,1200000,8381618,False,-1605421,1634215,0,0,0,0,1,1,1784382790.375783
2536,158,8,formal,down,57,79,0,3.0341726669048015,1784382792.696129,1784382795.010066,1784382793.8530974,1.2,-0.103765,-0.178171,-0.000469,0.001274,1,acq,20480,20480,0,16,True,False,1,1200000,8381618,False,-1621596,1610502,0,0,0,0,1,1,1784382792.696129
2537,158,9,formal,down,57,79,0,3.0341726669048015,1784382795.010315,1784382797.3344178,1784382796.1723664,1.2,-0.103972,-0.178545,-0.000437,0.00126,1,acq,20480,20480,0,16,True,False,1,1200000,8381618,False,-1611010,1684604,0,0,0,0,1,1,1784382795.010315
2538,158,10,formal,down,57,79,0,3.0341726669048015,1784382797.334687,1784382799.659959,1784382798.497323,1.2,-0.104235,-0.179087,-0.000421,0.001254,1,acq,20480,20480,0,16,True,False,1,1200000,8381618,False,-1607962,1646748,0,0,0,0,1,1,1784382797.334687
2539,158,11,formal,down,57,79,0,3.0341726669048015,1784382799.660197,1784382801.9770072,1784382800.818602,1.2,-0.104584,-0.179686,-0.000432,0.001243,1,acq,20480,20480,0,16,True,False,1,1200000,8381618,False,-1593311,1716192,0,0,0,0,1,1,1784382799.660197
2540,158,12,formal,down,57,79,0,3.0341726669048015,1784382801.977234,1784382804.291102,1784382803.134168,1.2,-0.104878,-0.180001,-0.000447,0.001267,1,acq,20480,20480,0,16,True,False,1,1200000,8381618,False,-1601864,1615753,0,0,0,0,1,1,1784382801.977234
2541,158,13,formal,down,57,79,0,3.0341726669048015,1784382804.291402,1784382806.6095319,1784382805.450467,1.2,-0.10501,-0.180321,-0.000439,0.001267,1,acq,20480,20480,0,16,True,False,1,1200000,8381618,False,-1673256,1754810,0,0,0,0,1,1,1784382804.291402
2542,158,14,formal,down,57,79,0,3.0341726669048015,1784382806.609778,1784382808.924861,1784382807.7673194,1.2,-0.105314,-0.180847,-0.00041,0.001249,1,acq,20480,20480,0,16,True,False,1,1200000,8381618,False,-1622189,1715430,0,0,0,0,1,1,1784382806.609778
2543,158,15,formal,down,57,79,0,3.0341726669048015,1784382808.925344,1784382811.246086,1784382810.0857148,1.2,-0.105565,-0.181353,-0.000455,0.001271,1,acq,20480,20480,0,16,True,False,1,1200000,8381618,False,-1602118,1630150,0,0,0,0,1,1,1784382808.925344
2544,159,0,formal,up,57,79,1,3.0341726669048015,1784382823.782092,1784382826.104528,1784382824.94331,1.2,-0.106781,-0.183552,-0.000439,0.00124,1,acq,20480,20480,0,16,True,False,1,1200000,8381618,False,-1657758,1662077,0,0,0,0,1,1,1784382823.782092
2545,159,1,formal,up,57,79,1,3.0341726669048015,1784382826.105076,1784382828.430871,1784382827.2679734,1.2,-0.106922,-0.183873,-0.000441,0.001254,1,acq,20480,20480,0,16,True,False,1,1200000,8381618,False,-1663093,1839243,0,0,0,0,1,1,1784382826.105076
2546,159,2,formal,up,57,79,1,3.0341726669048015,1784382828.431125,1784382830.7488241,1784382829.5899744,1.2,-0.107122,-0.184125,-0.000426,0.001227,1,acq,20480,20480,0,16,True,False,1,1200000,8381618,False,-1639889,1717039,0,0,0,0,1,1,1784382828.431125
2547,159,3,formal,up,57,79,1,3.0341726669048015,1784382830.7490292,1784382833.0707798,1784382831.9099045,1.2,-0.107311,-0.184532,-0.000424,0.001232,1,acq,20480,20480,0,16,True,False,1,1200000,8381618,False,-1619818,1697392,0,0,0,0,1,1,1784382830.7490292
2548,159,4,formal,up,57,79,1,3.0341726669048015,1784382833.071061,1784382835.387795,1784382834.2294278,1.2,-0.107552,-0.1847,-0.000424,0.001214,1,acq,20480,20480,0,16,True,False,1,1200000,8381618,False,-1649289,1748289,0,0,0,0,1,1,1784382833.071061
2549,159,5,formal,up,57,79,1,3.0341726669048015,1784382835.388022,1784382837.712587,1784382836.5503044,1.2,-0.10779,-0.185143,-0.000417,0.001252,1,acq,20480,20480,0,16,True,False,1,1200000,8381618,False,-1683757,1734993,0,0,0,0,1,1,1784382835.388022
2550,159,6,formal,up,57,79,1,3.0341726669048015,1784382837.712907,1784382840.024003,1784382838.868455,1.2,-0.107964,-0.185498,-0.000438,0.00126,1,acq,20480,20480,0,16,True,False,1,1200000,8381618,False,-1654794,1706368,0,0,0,0,1,1,1784382837.712907
2551,159,7,formal,up,57,79,1,3.0341726669048015,1784382840.024239,1784382842.339434,1784382841.1818366,1.2,-0.108037,-0.185687,-0.000418,0.001261,1,acq,20480,20480,0,16,True,False,1,1200000,8381618,False,-1660722,1713228,0,0,0,0,1,1,1784382840.024239
2552,159,8,formal,up,57,79,1,3.0341726669048015,1784382842.339663,1784382844.6577861,1784382843.4987245,1.2,-0.108252,-0.18594,-0.000384,0.001223,1,acq,20480,20480,0,16,True,False,1,1200000,8381618,False,-1754979,1811804,0,0,0,0,1,1,1784382842.339663
2553,159,9,formal,up,57,79,1,3.0341726669048015,1784382844.658061,1784382846.973762,1784382845.8159115,1.2,-0.108411,-0.186346,-0.000407,0.001244,1,acq,20480,20480,0,16,True,False,1,1200000,8381618,False,-1665803,1674611,0,0,0,0,1,1,1784382844.658061
2554,159,10,formal,up,57,79,1,3.0341726669048015,1784382846.973997,1784382849.29558,1784382848.1347885,1.2,-0.108548,-0.186602,-0.000442,0.001242,1,acq,20480,20480,0,16,True,False,1,1200000,8381618,False,-1655471,1695528,0,0,0,0,1,1,1784382846.973997
2555,159,11,formal,up,57,79,1,3.0341726669048015,1784382849.295798,1784382851.6198652,1784382850.4578316,1.2,-0.108805,-0.186881,-0.000425,0.001263,1,acq,20480,20480,0,16,True,False,1,1200000,8381618,False,-1690447,1740498,0,0,0,0,1,1,1784382849.295798
2556,159,12,formal,up,57,79,1,3.0341726669048015,1784382851.62018,1784382853.9365902,1784382852.7783852,1.2,-0.108892,-0.187157,-0.000408,0.00125,1,acq,20480,20480,0,16,True,False,1,1200000,8381618,False,-1632690,1683418,0,0,0,0,1,1,1784382851.62018
2557,159,13,formal,up,57,79,1,3.0341726669048015,1784382853.936873,1784382856.253665,1784382855.095269,1.2,-0.109043,-0.187394,-0.00045,0.001245,1,acq,20480,20480,0,16,True,False,1,1200000,8381618,False,-1682741,1703489,0,0,0,0,1,1,1784382853.936873
2558,159,14,formal,up,57,79,1,3.0341726669048015,1784382856.2538922,1784382858.573998,1784382857.4139452,1.2,-0.109158,-0.187565,-0.000408,0.00122,1,acq,20480,20480,0,16,True,False,1,1200000,8381618,False,-1662331,1807147,0,0,0,0,1,1,1784382856.2538922
2559,159,15,formal,up,57,79,1,3.0341726669048015,1784382858.5744221,1784382860.8998022,1784382859.737112,1.2,-0.109383,-0.188024,-0.000404,0.00124,1,acq,20480,20480,0,16,True,False,1,1200000,8381618,False,-1672493,1697984,0,0,0,0,1,1,1784382858.5744221
2560,160,0,sentinel,up,40,80,0,0.8147635714861234,1784382898.012414,1784382900.343292,1784382899.177853,1.2,0.098704,0.169443,4.8e-05,-0.000325,1,acq,20480,20480,0,16,True,False,1,1200000,8381618,False,-1610841,1544192,0,0,0,0,1,1,1784382898.012414
2561,160,1,sentinel,up,40,80,0,0.8147635714861234,1784382900.344466,1784382902.688481,1784382901.5164735,1.2,0.098876,0.169801,3.6e-05,-0.000344,1,acq,20480,20480,0,16,True,False,1,1200000,8381618,False,-1512434,1549019,0,0,0,0,1,1,1784382900.344466
2562,160,2,sentinel,up,40,80,0,0.8147635714861234,1784382902.68873,1784382905.025547,1784382903.8571386,1.2,0.099006,0.170068,8.7e-05,-0.000375,1,acq,20480,20480,0,16,True,False,1,1200000,8381618,False,-1534961,1543345,0,0,0,0,1,1,1784382902.68873
2563,160,3,sentinel,up,40,80,0,0.8147635714861234,1784382905.02579,1784382907.356381,1784382906.1910853,1.2,0.099226,0.170419,0.000112,-0.000344,1,acq,20480,20480,0,16,True,False,1,1200000,8381618,False,-1582301,1543430,0,0,0,0,1,1,1784382905.02579
2564,160,4,sentinel,up,40,80,0,0.8147635714861234,1784382907.3567019,1784382909.682875,1784382908.5197883,1.2,0.099372,0.17058,0.000113,-0.000354,1,acq,20480,20480,0,16,True,False,1,1200000,8381618,False,-1560875,1549781,0,0,0,0,1,1,1784382907.3567019
2565,160,5,sentinel,up,40,80,0,0.8147635714861234,1784382909.683112,1784382912.026643,1784382910.8548775,1.2,0.099357,0.17078,4.4e-05,-0.000341,1,acq,20480,20480,0,16,True,False,1,1200000,8381618,False,-1588907,1638110,0,0,0,0,1,1,1784382909.683112
2566,160,6,sentinel,up,40,80,0,0.8147635714861234,1784382912.026869,1784382914.357888,1784382913.1923785,1.2,0.099544,0.171012,0.000124,-0.00038,1,acq,20480,20480,0,16,True,False,1,1200000,8381618,False,-1535046,1582725,0,0,0,0,1,1,1784382912.026869
2567,160,7,sentinel,up,40,80,0,0.8147635714861234,1784382914.358128,1784382916.6880288,1784382915.5230784,1.2,0.099756,0.171364,0.000113,-0.000362,1,acq,20480,20480,0,16,True,False,1,1200000,8381618,False,-1560282,1613382,0,0,0,0,1,1,1784382914.358128
2568,160,8,sentinel,up,40,80,0,0.8147635714861234,1784382916.688329,1784382919.024562,1784382917.8564453,1.2,0.099847,0.171452,0.000118,-0.000411,1,acq,20480,20480,0,16,True,False,1,1200000,8381618,False,-1540381,1583487,0,0,0,0,1,1,1784382916.688329
2569,160,9,sentinel,up,40,80,0,0.8147635714861234,1784382919.0248132,1784382921.37289,1784382920.1988516,1.2,0.099835,0.171596,0.000101,-0.000355,1,acq,20480,20480,0,16,True,False,1,1200000,8381618,False,-1556048,1569683,0,0,0,0,1,1,1784382919.0248132
2570,160,10,sentinel,up,40,80,0,0.8147635714861234,1784382921.3739781,1784382923.6998038,1784382922.536891,1.2,0.099921,0.171818,8.4e-05,-0.000396,1,acq,20480,20480,0,16,True,False,1,1200000,8381618,False,-1577728,1617447,0,0,0,0,1,1,1784382921.3739781
2571,160,11,sentinel,up,40,80,0,0.8147635714861234,1784382923.700117,1784382926.0496519,1784382924.8748846,1.2,0.100079,0.171947,0.000107,-0.000361,1,acq,20480,20480,0,16,True,False,1,1200000,8381618,False,-1591532,1594242,0,0,0,0,1,1,1784382923.700117
2572,160,12,sentinel,up,40,80,0,0.8147635714861234,1784382926.049906,1784382928.389077,1784382927.2194915,1.2,0.100113,0.172201,7e-05,-0.000378,1,acq,20480,20480,0,16,True,False,1,1200000,8381618,False,-1547918,1526916,0,0,0,0,1,1,1784382926.049906
2573,160,13,sentinel,up,40,80,0,0.8147635714861234,1784382928.389317,1784382930.716944,1784382929.5531306,1.2,0.100203,0.172335,8.7e-05,-0.000387,1,acq,20480,20480,0,16,True,False,1,1200000,8381618,False,-1539026,1584757,0,0,0,0,1,1,1784382928.389317
2574,160,14,sentinel,up,40,80,0,0.8147635714861234,1784382930.717165,1784382933.054622,1784382931.8858933,1.2,0.100181,0.172299,7.9e-05,-0.000403,1,acq,20480,20480,0,16,True,False,1,1200000,8381618,False,-1562569,1546478,0,0,0,0,1,1,1784382930.717165
2575,160,15,sentinel,up,40,80,0,0.8147635714861234,1784382933.055079,1784382935.39104,1784382934.2230597,1.2,0.100315,0.172626,7.5e-05,-0.000373,1,acq,20480,20480,0,16,True,False,1,1200000,8381618,False,-1596275,1591617,0,0,0,0,1,1,1784382933.055079
2576,161,0,sentinel,down,40,80,1,0.8147635714861234,1784382948.096677,1784382950.438983,1784382949.26783,1.2,0.100594,0.173022,9.2e-05,-0.000366,1,acq,20480,20480,0,16,True,False,1,1200000,8381618,False,-1560452,1598053,0,0,0,0,1,1,1784382948.096677
2577,161,1,sentinel,down,40,80,1,0.8147635714861234,1784382950.439256,1784382952.762335,1784382951.6007955,1.2,0.100705,0.173259,0.000127,-0.000401,1,acq,20480,20480,0,16,True,False,1,1200000,8381618,False,-1554693,1625831,0,0,0,0,1,1,1784382950.439256
2578,161,2,sentinel,down,40,80,1,0.8147635714861234,1784382952.762571,1784382955.111097,1784382953.936834,1.2,0.100757,0.173415,8.3e-05,-0.000398,1,acq,20480,20480,0,16,True,False,1,1200000,8381618,False,-1576458,1586282,0,0,0,0,1,1,1784382952.762571
2579,161,3,sentinel,down,40,80,1,0.8147635714861234,1784382955.111331,1784382957.4431071,1784382956.277219,1.2,0.100756,0.173273,0.000109,-0.000395,1,acq,20480,20480,0,16,True,False,1,1200000,8381618,False,-1594750,1572901,0,0,0,0,1,1,1784382955.111331
2580,161,4,sentinel,down,40,80,1,0.8147635714861234,1784382957.443331,1784382959.776746,1784382958.6100385,1.2,0.100815,0.173617,0.000123,-0.000408,1,acq,20480,20480,0,16,True,False,1,1200000,8381618,False,-1571377,1525137,0,0,0,0,1,1,1784382957.443331
2581,161,5,sentinel,down,40,80,1,0.8147635714861234,1784382959.777038,1784382962.095296,1784382960.936167,1.2,0.100929,0.17363,0.000136,-0.000419,1,acq,20480,20480,0,16,True,False,1,1200000,8381618,False,-1533860,1576966,0,0,0,0,1,1,1784382959.777038
2582,161,6,sentinel,down,40,80,1,0.8147635714861234,1784382962.095716,1784382964.440265,1784382963.2679906,1.2,0.100885,0.173721,7.6e-05,-0.000403,1,acq,20480,20480,0,16,True,False,1,1200000,8381618,False,-1673594,1601102,0,0,0,0,1,1,1784382962.095716
2583,161,7,sentinel,down,40,80,1,0.8147635714861234,1784382964.440481,1784382966.7751439,1784382965.6078124,1.2,0.101006,0.173887,8.8e-05,-0.000461,1,acq,20480,20480,0,16,True,False,1,1200000,8381618,False,-1598053,1579591,0,0,0,0,1,1,1784382964.440481
2584,161,8,sentinel,down,40,80,1,0.8147635714861234,1784382966.775402,1784382969.118547,1784382967.9469745,1.2,0.100946,0.173762,0.000133,-0.000406,1,acq,20480,20480,0,16,True,False,1,1200000,8381618,False,-1590092,1586874,0,0,0,0,1,1,1784382966.775402
2585,161,9,sentinel,down,40,80,1,0.8147635714861234,1784382969.118876,1784382971.4620821,1784382970.2904792,1.2,0.10095,0.173746,0.000153,-0.00041,1,acq,20480,20480,0,16,True,False,1,1200000,8381618,False,-1658605,1620326,0,0,0,0,1,1,1784382969.118876
2586,161,10,sentinel,down,40,80,1,0.8147635714861234,1784382971.46233,1784382973.781237,1784382972.6217835,1.2,0.101036,0.173885,8.3e-05,-0.000421,1,acq,20480,20480,0,16,True,False,1,1200000,8381618,False,-1639127,1532505,0,0,0,0,1,1,1784382971.46233
2587,161,11,sentinel,down,40,80,1,0.8147635714861234,1784382973.781457,1784382976.108181,1784382974.944819,1.2,0.101019,0.17395,0.000124,-0.000405,1,acq,20480,20480,0,16,True,False,1,1200000,8381618,False,-1563501,1635993,0,0,0,0,1,1,1784382973.781457
2588,161,12,sentinel,down,40,80,1,0.8147635714861234,1784382976.108458,1784382978.449727,1784382977.2790926,1.2,0.101176,0.17402,0.000124,-0.000405,1,acq,20480,20480,0,16,True,False,1,1200000,8381618,False,-1571885,1563416,0,0,0,0,1,1,1784382976.108458
2589,161,13,sentinel,down,40,80,1,0.8147635714861234,1784382978.449999,1784382980.791371,1784382979.620685,1.2,0.101149,0.174142,9.9e-05,-0.000433,1,acq,20480,20480,0,16,True,False,1,1200000,8381618,False,-1586959,1583233,0,0,0,0,1,1,1784382978.449999
2590,161,14,sentinel,down,40,80,1,0.8147635714861234,1784382980.791838,1784382983.126495,1784382981.9591665,1.2,0.101169,0.174066,8.6e-05,-0.000418,1,acq,20480,20480,0,16,True,False,1,1200000,8381618,False,-1587213,1560706,0,0,0,0,1,1,1784382980.791838
2591,161,15,sentinel,down,40,80,1,0.8147635714861234,1784382983.126745,1784382985.461317,1784382984.2940311,1.2,0.10117,0.174087,6.1e-05,-0.000382,1,acq,20480,20480,0,16,True,False,1,1200000,8381618,False,-1591193,1560452,0,0,0,0,1,1,1784382983.126745
