window_sequence_index,source_sequence_index,window_index,role,direction,grid_index,target_ordinal,pair_position,bias,t_start_unix,t_end_unix,t_mid_unix,dc_board,I1,Q1,I2,Q2,rawadc_version,rawadc_scope,rawadc_expected,rawadc_used,rawadc_read_fail,rawadc_blocks,rawadc_complete,rawadc_timeout,rawadc_gain,rawadc_fs_uv,rawadc_guard,rawadc_crc,rawadc_ch0_min,rawadc_ch0_max,rawadc_ch0_rail_lo,rawadc_ch0_rail_hi,rawadc_ch0_guard_lo,rawadc_ch0_guard_hi,rawadc_windows,read_attempt_count,t_first_attempt_start_unix
0,108,0,formal,up,6,54,0,-3.624054619351232,1784351229.920882,1784351232.2667022,1784351231.093792,0.026887,-0.104071,-0.177952,0.005129,-0.008761,1,acq,20480,20480,0,16,True,False,1,1200000,8381618,False,-1632606,1479321,0,0,0,0,1,1,1784351229.920882
1,108,1,formal,up,6,54,0,-3.624054619351232,1784351232.26788,1784351234.6107159,1784351233.439298,0.027653,-0.105521,-0.180399,0.005132,-0.008795,1,acq,20480,20480,0,16,True,False,1,1200000,8381618,False,-1634553,1502949,0,0,0,0,1,1,1784351232.26788
2,108,2,formal,up,6,54,0,-3.624054619351232,1784351234.611047,1784351236.953279,1784351235.7821631,0.028391,-0.106826,-0.182609,0.005126,-0.00882,1,acq,20480,20480,0,16,True,False,1,1200000,8381618,False,-1692226,1531743,0,0,0,0,1,1,1784351234.611047
3,108,3,formal,up,6,54,0,-3.624054619351232,1784351236.953536,1784351239.284946,1784351238.119241,0.02909,-0.108107,-0.184852,0.005153,-0.008807,1,acq,20480,20480,0,16,True,False,1,1200000,8381618,False,-1682317,1536993,0,0,0,0,1,1,1784351236.953536
4,108,4,formal,up,6,54,0,-3.624054619351232,1784351239.285204,1784351241.6200151,1784351240.4526095,0.029724,-0.109201,-0.186761,0.00513,-0.008808,1,acq,20480,20480,0,16,True,False,1,1200000,8381618,False,-1720172,1552407,0,0,0,0,1,1,1784351239.285204
5,108,5,formal,up,6,54,0,-3.624054619351232,1784351241.620288,1784351243.962374,1784351242.7913308,0.030385,-0.110405,-0.18872,0.005162,-0.008801,1,acq,20480,20480,0,16,True,False,1,1200000,8381618,False,-1739651,1559436,0,0,0,0,1,1,1784351241.620288
6,108,6,formal,up,6,54,0,-3.624054619351232,1784351243.962621,1784351246.304629,1784351245.133625,0.030977,-0.111412,-0.190448,0.005154,-0.008803,1,acq,20480,20480,0,16,True,False,1,1200000,8381618,False,-1723137,1592803,0,0,0,0,1,1,1784351243.962621
7,108,7,formal,up,6,54,0,-3.624054619351232,1784351246.3048809,1784351248.620569,1784351247.462725,0.031614,-0.112509,-0.192343,0.005153,-0.008794,1,acq,20480,20480,0,16,True,False,1,1200000,8381618,False,-1735416,1596444,0,0,0,0,1,1,1784351246.3048809
8,109,0,formal,down,6,54,1,-3.624054619351232,1784351261.2868412,1784351263.622205,1784351262.454523,0.035111,-0.118281,-0.202291,0.005173,-0.008804,1,acq,20480,20480,0,16,True,False,1,1200000,8381618,False,-1854826,1672578,0,0,0,0,1,1,1784351261.2868412
9,109,1,formal,down,6,54,1,-3.624054619351232,1784351263.623275,1784351265.971052,1784351264.7971635,0.035648,-0.119103,-0.203709,0.005145,-0.008821,1,acq,20480,20480,0,16,True,False,1,1200000,8381618,False,-1847542,1697392,0,0,0,0,1,1,1784351263.623275
10,109,2,formal,down,6,54,1,-3.624054619351232,1784351265.971287,1784351268.320301,1784351267.145794,0.0362,-0.120006,-0.205234,0.005185,-0.008832,1,acq,20480,20480,0,16,True,False,1,1200000,8381618,False,-1893020,1721358,0,0,0,0,1,1,1784351265.971287
11,109,3,formal,down,6,54,1,-3.624054619351232,1784351268.320616,1784351270.657876,1784351269.489246,0.036678,-0.120745,-0.206609,0.005168,-0.008821,1,acq,20480,20480,0,16,True,False,1,1200000,8381618,False,-1865157,1722628,0,0,0,0,1,1,1784351268.320616
12,109,4,formal,down,6,54,1,-3.624054619351232,1784351270.658135,1784351272.986051,1784351271.822093,0.037151,-0.121444,-0.207858,0.005183,-0.00882,1,acq,20480,20480,0,16,True,False,1,1200000,8381618,False,-1878369,1734739,0,0,0,0,1,1,1784351270.658135
13,109,5,formal,down,6,54,1,-3.624054619351232,1784351272.986331,1784351275.3239539,1784351274.1551423,0.037651,-0.1222,-0.209083,0.005158,-0.008778,1,acq,20480,20480,0,16,True,False,1,1200000,8381618,False,-1896492,1739989,0,0,0,0,1,1,1784351272.986331
14,109,6,formal,down,6,54,1,-3.624054619351232,1784351275.324418,1784351277.6484668,1784351276.4864426,0.038181,-0.123074,-0.21049,0.005162,-0.008823,1,acq,20480,20480,0,16,True,False,1,1200000,8381618,False,-1899710,1750491,0,0,0,0,1,1,1784351275.324418
15,109,7,formal,down,6,54,1,-3.624054619351232,1784351277.648758,1784351279.986889,1784351278.8178234,0.038592,-0.123689,-0.21154,0.005169,-0.008822,1,acq,20480,20480,0,16,True,False,1,1200000,8381618,False,-1905892,1758705,0,0,0,0,1,1,1784351277.648758
16,110,0,formal,down,74,55,0,5.2535817623234795,1784351390.350463,1784351392.6817641,1784351391.5161135,0.574938,-0.38924,-0.661084,0.004459,-0.005948,1,acq,20480,20480,0,16,True,False,1,1200000,8381618,False,-5521879,5473184,0,0,0,0,1,1,1784351390.350463
17,110,1,formal,down,74,55,0,5.2535817623234795,1784351392.6828108,1784351395.021923,1784351393.852367,0.570912,-0.388582,-0.660185,0.004496,-0.006004,1,acq,20480,20480,0,16,True,False,1,1200000,8381618,False,-5484955,5495203,0,0,0,0,1,1,1784351392.6828108
18,110,2,formal,down,74,55,0,5.2535817623234795,1784351395.022161,1784351397.3530722,1784351396.1876166,0.566952,-0.387798,-0.658993,0.004558,-0.006011,1,acq,20480,20480,0,16,True,False,1,1200000,8381618,False,-5476910,5471236,0,0,0,0,1,1,1784351395.022161
19,110,3,formal,down,74,55,0,5.2535817623234795,1784351397.353291,1784351399.694777,1784351398.524034,0.563387,-0.387116,-0.657852,0.004574,-0.006026,1,acq,20480,20480,0,16,True,False,1,1200000,8381618,False,-5462090,5451504,0,0,0,0,1,1,1784351397.353291
20,110,4,formal,down,74,55,0,5.2535817623234795,1784351399.695206,1784351402.0281181,1784351400.861662,0.560309,-0.38672,-0.657356,0.004619,-0.006166,1,acq,20480,20480,0,16,True,False,1,1200000,8381618,False,-5477418,5469034,0,0,0,0,1,1,1784351399.695206
21,110,5,formal,down,74,55,0,5.2535817623234795,1784351402.028385,1784351404.353118,1784351403.1907516,0.557425,-0.386271,-0.65669,0.004541,-0.006156,1,acq,20480,20480,0,16,True,False,1,1200000,8381618,False,-5476148,5423811,0,0,0,0,1,1,1784351402.028385
22,110,6,formal,down,74,55,0,5.2535817623234795,1784351404.353332,1784351406.7034721,1784351405.528402,0.554245,-0.385593,-0.65559,0.004644,-0.006151,1,acq,20480,20480,0,16,True,False,1,1200000,8381618,False,-5453960,5429146,0,0,0,0,1,1,1784351404.353332
23,110,7,formal,down,74,55,0,5.2535817623234795,1784351406.703702,1784351409.028359,1784351407.8660305,0.550978,-0.384787,-0.65433,0.00462,-0.006152,1,acq,20480,20480,0,16,True,False,1,1200000,8381618,False,-5446761,5419661,0,0,0,0,1,1,1784351406.703702
24,111,0,formal,up,74,55,1,5.2535817623234795,1784351421.767376,1784351424.086535,1784351422.9269555,0.534977,-0.382138,-0.649743,0.004696,-0.006275,1,acq,20480,20480,0,16,True,False,1,1200000,8381618,False,-5435244,5408059,0,0,0,0,1,1,1784351421.767376
25,111,1,formal,up,74,55,1,5.2535817623234795,1784351424.087669,1784351426.4274209,1784351425.257545,0.532325,-0.381433,-0.648797,0.004729,-0.006402,1,acq,20480,20480,0,16,True,False,1,1200000,8381618,False,-5423387,5374015,0,0,0,0,1,1,1784351424.087669
26,111,2,formal,up,74,55,1,5.2535817623234795,1784351426.4276538,1784351428.7616692,1784351427.5946615,0.529762,-0.380773,-0.647626,0.004733,-0.006276,1,acq,20480,20480,0,16,True,False,1,1200000,8381618,False,-5471998,5403401,0,0,0,0,1,1,1784351426.4276538
27,111,3,formal,up,74,55,1,5.2535817623234795,1784351428.761919,1784351431.08561,1784351429.9237645,0.527596,-0.380443,-0.647159,0.004728,-0.006418,1,acq,20480,20480,0,16,True,False,1,1200000,8381618,False,-5420847,5365461,0,0,0,0,1,1,1784351428.761919
28,111,4,formal,up,74,55,1,5.2535817623234795,1784351431.085845,1784351433.418251,1784351432.252048,0.525833,-0.3803,-0.646832,0.004734,-0.006391,1,acq,20480,20480,0,16,True,False,1,1200000,8381618,False,-5350895,5341410,0,0,0,0,1,1,1784351431.085845
29,111,5,formal,up,74,55,1,5.2535817623234795,1784351433.419343,1784351435.740978,1784351434.5801606,0.523664,-0.379905,-0.646212,0.004812,-0.006462,1,acq,20480,20480,0,16,True,False,1,1200000,8381618,False,-5429062,5377995,0,0,0,0,1,1,1784351433.419343
30,111,6,formal,up,74,55,1,5.2535817623234795,1784351435.741246,1784351438.062787,1784351436.9020166,0.52173,-0.379431,-0.645546,0.004802,-0.006348,1,acq,20480,20480,0,16,True,False,1,1200000,8381618,False,-5404672,5327098,0,0,0,0,1,1,1784351435.741246
31,111,7,formal,up,74,55,1,5.2535817623234795,1784351438.0631459,1784351440.406254,1784351439.2347,0.519855,-0.37923,-0.645047,0.004776,-0.006428,1,acq,20480,20480,0,16,True,False,1,1200000,8381618,False,-5393154,5333195,0,0,0,0,1,1,1784351438.0631459
32,112,0,formal,up,44,56,0,1.3369774762905182,1784351496.133114,1784351498.47877,1784351497.305942,1.2,0.136454,0.23426,-0.004742,0.008327,1,acq,20480,20480,0,16,True,False,1,1200000,8381618,False,-2076792,2140138,0,0,0,0,1,1,1784351496.133114
33,112,1,formal,up,44,56,0,1.3369774762905182,1784351498.47923,1784351500.826367,1784351499.6527984,1.2,0.137154,0.235549,-0.004765,0.008242,1,acq,20480,20480,0,16,True,False,1,1200000,8381618,False,-1995068,2152926,0,0,0,0,1,1,1784351498.47923
34,112,2,formal,up,44,56,0,1.3369774762905182,1784351500.8266501,1784351503.1595929,1784351501.9931216,1.2,0.13784,0.236803,-0.004822,0.008283,1,acq,20480,20480,0,16,True,False,1,1200000,8381618,False,-2004892,2177824,0,0,0,0,1,1,1784351500.8266501
35,112,3,formal,up,44,56,0,1.3369774762905182,1784351503.159895,1784351505.478198,1784351504.3190465,1.2,0.138244,0.237572,-0.004781,0.008277,1,acq,20480,20480,0,16,True,False,1,1200000,8381618,False,-2004807,2220252,0,0,0,0,1,1,1784351503.159895
36,112,4,formal,up,44,56,0,1.3369774762905182,1784351505.4784472,1784351507.804746,1784351506.6415966,1.2,0.138825,0.238613,-0.004764,0.008279,1,acq,20480,20480,0,16,True,False,1,1200000,8381618,False,-1994645,2200435,0,0,0,0,1,1,1784351505.4784472
37,112,5,formal,up,44,56,0,1.3369774762905182,1784351507.804996,1784351510.135494,1784351508.970245,1.2,0.139338,0.239432,-0.004775,0.008271,1,acq,20480,20480,0,16,True,False,1,1200000,8381618,False,-2008703,2173928,0,0,0,0,1,1,1784351507.804996
38,112,6,formal,up,44,56,0,1.3369774762905182,1784351510.1359081,1784351512.4783301,1784351511.3071191,1.2,0.13956,0.239815,-0.004812,0.008301,1,acq,20480,20480,0,16,True,False,1,1200000,8381618,False,-2083228,2323063,0,0,0,0,1,1,1784351510.1359081
39,112,7,formal,up,44,56,0,1.3369774762905182,1784351512.479421,1784351514.8277829,1784351513.653602,1.2,0.139875,0.240544,-0.004783,0.008273,1,acq,20480,20480,0,16,True,False,1,1200000,8381618,False,-2054349,2180195,0,0,0,0,1,1,1784351512.479421
40,113,0,formal,down,44,56,1,1.3369774762905182,1784351527.548851,1784351529.8940768,1784351528.721464,1.2,0.141503,0.243358,-0.004817,0.008284,1,acq,20480,20480,0,16,True,False,1,1200000,8381618,False,-2077892,2264798,0,0,0,0,1,1,1784351527.548851
41,113,1,formal,down,44,56,1,1.3369774762905182,1784351529.894602,1784351532.220903,1784351531.0577526,1.2,0.141823,0.243872,-0.004778,0.008244,1,acq,20480,20480,0,16,True,False,1,1200000,8381618,False,-2075437,2209412,0,0,0,0,1,1,1784351529.894602
42,113,2,formal,down,44,56,1,1.3369774762905182,1784351532.221178,1784351534.551027,1784351533.3861027,1.2,0.141916,0.244156,-0.004801,0.008278,1,acq,20480,20480,0,16,True,False,1,1200000,8381618,False,-2130653,2256498,0,0,0,0,1,1,1784351532.221178
43,113,3,formal,down,44,56,1,1.3369774762905182,1784351534.551263,1784351536.878727,1784351535.714995,1.2,0.142089,0.244378,-0.004774,0.008235,1,acq,20480,20480,0,16,True,False,1,1200000,8381618,False,-2133786,2313324,0,0,0,0,1,1,1784351534.551263
44,113,4,formal,down,44,56,1,1.3369774762905182,1784351536.87994,1784351539.210334,1784351538.045137,1.2,0.142268,0.244718,-0.0048,0.008242,1,acq,20480,20480,0,16,True,False,1,1200000,8381618,False,-2093729,2257261,0,0,0,0,1,1,1784351536.87994
45,113,5,formal,down,44,56,1,1.3369774762905182,1784351539.210589,1784351541.5442162,1784351540.3774025,1.2,0.142539,0.245232,-0.004824,0.00825,1,acq,20480,20480,0,16,True,False,1,1200000,8381618,False,-2142509,2265729,0,0,0,0,1,1,1784351539.210589
46,113,6,formal,down,44,56,1,1.3369774762905182,1784351541.544461,1784351543.883939,1784351542.7142,1.2,0.142732,0.245537,-0.004792,0.008254,1,acq,20480,20480,0,16,True,False,1,1200000,8381618,False,-2147590,2248284,0,0,0,0,1,1,1784351541.544461
47,113,7,formal,down,44,56,1,1.3369774762905182,1784351543.884235,1784351546.2048461,1784351545.0445404,1.2,0.142863,0.245831,-0.0048,0.008263,1,acq,20480,20480,0,16,True,False,1,1200000,8381618,False,-2083905,2234564,0,0,0,0,1,1,1784351543.884235
48,114,0,formal,down,36,57,0,0.29254966668172866,1784351566.085264,1784351568.425517,1784351567.2553906,1.2,0.338229,0.578582,-0.004647,0.006613,1,acq,20480,20480,0,16,True,False,1,1200000,8381618,False,-4771124,4908488,0,0,0,0,1,1,1784351566.085264
49,114,1,formal,down,36,57,0,0.29254966668172866,1784351568.426563,1784351570.75936,1784351569.5929615,1.2,0.338535,0.579214,-0.004638,0.006599,1,acq,20480,20480,0,16,True,False,1,1200000,8381618,False,-4843702,5037467,0,0,0,0,1,1,1784351568.426563
50,114,2,formal,down,36,57,0,0.29254966668172866,1784351570.7596889,1784351573.0754712,1784351571.9175801,1.2,0.338869,0.580004,-0.004665,0.006566,1,acq,20480,20480,0,16,True,False,1,1200000,8381618,False,-4844294,4935249,0,0,0,0,1,1,1784351570.7596889
51,114,3,formal,down,36,57,0,0.29254966668172866,1784351573.075695,1784351575.4058182,1784351574.2407565,1.2,0.339493,0.581077,-0.004638,0.006585,1,acq,20480,20480,0,16,True,False,1,1200000,8381618,False,-4839044,4943718,0,0,0,0,1,1,1784351573.075695
52,114,4,formal,down,36,57,0,0.29254966668172866,1784351575.406368,1784351577.748441,1784351576.5774045,1.2,0.339481,0.581134,-0.004656,0.006599,1,acq,20480,20480,0,16,True,False,1,1200000,8381618,False,-4889856,4931099,0,0,0,0,1,1,1784351575.406368
53,114,5,formal,down,36,57,0,0.29254966668172866,1784351577.748724,1784351580.076386,1784351578.912555,1.2,0.339903,0.581875,-0.00464,0.006625,1,acq,20480,20480,0,16,True,False,1,1200000,8381618,False,-4846581,4907556,0,0,0,0,1,1,1784351577.748724
54,114,6,formal,down,36,57,0,0.29254966668172866,1784351580.0766878,1784351582.410563,1784351581.2436254,1.2,0.339923,0.582071,-0.004662,0.006619,1,acq,20480,20480,0,16,True,False,1,1200000,8381618,False,-4823715,5093276,0,0,0,0,1,1,1784351580.0766878
55,114,7,formal,down,36,57,0,0.29254966668172866,1784351582.411683,1784351584.7303529,1784351583.571018,1.2,0.340159,0.582667,-0.004634,0.006569,1,acq,20480,20480,0,16,True,False,1,1200000,8381618,False,-4860216,4929490,0,0,0,0,1,1,1784351582.411683
56,115,0,formal,up,36,57,1,0.29254966668172866,1784351597.493527,1784351599.8460522,1784351598.6697896,1.2,0.341761,0.585549,-0.004628,0.006499,1,acq,20480,20480,0,16,True,False,1,1200000,8381618,False,-4894599,4953965,0,0,0,0,1,1,1784351597.493527
57,115,1,formal,up,36,57,1,0.29254966668172866,1784351599.846308,1784351602.176123,1784351601.0112154,1.2,0.341627,0.585257,-0.004655,0.006541,1,acq,20480,20480,0,16,True,False,1,1200000,8381618,False,-4911113,4995292,0,0,0,0,1,1,1784351599.846308
58,115,2,formal,up,36,57,1,0.29254966668172866,1784351602.176378,1784351604.501811,1784351603.3390946,1.2,0.34167,0.585465,-0.00465,0.006533,1,acq,20480,20480,0,16,True,False,1,1200000,8381618,False,-4841161,4960994,0,0,0,0,1,1,1784351602.176378
59,115,3,formal,up,36,57,1,0.29254966668172866,1784351604.502072,1784351606.841264,1784351605.671668,1.2,0.341845,0.58582,-0.004631,0.006556,1,acq,20480,20480,0,16,True,False,1,1200000,8381618,False,-4843702,4975137,0,0,0,0,1,1,1784351604.502072
60,115,4,formal,up,36,57,1,0.29254966668172866,1784351606.841504,1784351609.169183,1784351608.0053434,1.2,0.341923,0.585863,-0.004605,0.006495,1,acq,20480,20480,0,16,True,False,1,1200000,8381618,False,-4880032,4970309,0,0,0,0,1,1,1784351606.841504
61,115,5,formal,up,36,57,1,0.29254966668172866,1784351609.1694431,1784351611.5022552,1784351610.3358493,1.2,0.342071,0.586314,-0.004624,0.006438,1,acq,20480,20480,0,16,True,False,1,1200000,8381618,False,-4863095,5072697,0,0,0,0,1,1,1784351609.1694431
62,115,6,formal,up,36,57,1,0.29254966668172866,1784351611.502507,1784351613.84208,1784351612.6722937,1.2,0.341964,0.586031,-0.004625,0.006451,1,acq,20480,20480,0,16,True,False,1,1200000,8381618,False,-4904338,5107927,0,0,0,0,1,1,1784351611.502507
63,115,7,formal,up,36,57,1,0.29254966668172866,1784351613.843224,1784351616.177234,1784351615.010229,1.2,0.342336,0.586867,-0.004661,0.006485,1,acq,20480,20480,0,16,True,False,1,1200000,8381618,False,-4907387,5045427,0,0,0,0,1,1,1784351613.843224
64,116,0,formal,up,31,58,0,-0.36021771432376504,1784351636.082742,1784351638.415818,1784351637.24928,0.98739,0.402415,0.687239,-0.004223,0.005516,1,acq,20480,20480,0,16,True,False,1,1200000,8381618,False,-5693710,5779668,0,0,0,0,1,1,1784351636.082742
65,116,1,formal,up,31,58,0,-0.36021771432376504,1784351638.416319,1784351640.7547112,1784351639.585515,0.986282,0.402396,0.68746,-0.004092,0.005545,1,acq,20480,20480,0,16,True,False,1,1200000,8381618,False,-5676095,5742490,0,0,0,0,1,1,1784351638.416319
66,116,2,formal,up,31,58,0,-0.36021771432376504,1784351640.754956,1784351643.0851562,1784351641.920056,0.984459,0.402143,0.687333,-0.004237,0.005515,1,acq,20480,20480,0,16,True,False,1,1200000,8381618,False,-5748249,5781531,0,0,0,0,1,1,1784351640.754956
67,116,3,formal,up,31,58,0,-0.36021771432376504,1784351643.0853918,1784351645.427732,1784351644.2565618,0.982958,0.401978,0.687051,-0.004193,0.005407,1,acq,20480,20480,0,16,True,False,1,1200000,8381618,False,-5749942,5822858,0,0,0,0,1,1,1784351643.0853918
68,116,4,formal,up,31,58,0,-0.36021771432376504,1784351645.428312,1784351647.768786,1784351646.598549,0.982638,0.402196,0.687425,-0.004105,0.005441,1,acq,20480,20480,0,16,True,False,1,1200000,8381618,False,-5705566,5816507,0,0,0,0,1,1,1784351645.428312
69,116,5,formal,up,31,58,0,-0.36021771432376504,1784351647.769044,1784351650.111294,1784351648.9401689,0.982029,0.402453,0.687851,-0.00412,0.005412,1,acq,20480,20480,0,16,True,False,1,1200000,8381618,False,-5697352,5741643,0,0,0,0,1,1,1784351647.769044
70,116,6,formal,up,31,58,0,-0.36021771432376504,1784351650.111546,1784351652.4437969,1784351651.2776713,0.981516,0.402622,0.688245,-0.00409,0.005447,1,acq,20480,20480,0,16,True,False,1,1200000,8381618,False,-5690661,5781870,0,0,0,0,1,1,1784351650.111546
71,116,7,formal,up,31,58,0,-0.36021771432376504,1784351652.444048,1784351654.7743082,1784351653.609178,0.980945,0.402874,0.688575,-0.004111,0.005399,1,acq,20480,20480,0,16,True,False,1,1200000,8381618,False,-5726992,5745539,0,0,0,0,1,1,1784351652.444048
72,117,0,formal,down,31,58,1,-0.36021771432376504,1784351667.457192,1784351669.776452,1784351668.616822,0.975811,0.402721,0.688712,-0.004036,0.005399,1,acq,20480,20480,0,16,True,False,1,1200000,8381618,False,-5697352,5746640,0,0,0,0,1,1,1784351667.457192
73,117,1,formal,down,31,58,1,-0.36021771432376504,1784351669.777525,1784351672.11108,1784351670.9443026,0.976232,0.403131,0.68951,-0.004053,0.00537,1,acq,20480,20480,0,16,True,False,1,1200000,8381618,False,-5712341,5816846,0,0,0,0,1,1,1784351669.777525
74,117,2,formal,down,31,58,1,-0.36021771432376504,1784351672.111369,1784351674.443349,1784351673.277359,0.975353,0.403159,0.689537,-0.004056,0.005371,1,acq,20480,20480,0,16,True,False,1,1200000,8381618,False,-5741897,5783733,0,0,0,0,1,1,1784351672.111369
75,117,3,formal,down,31,58,1,-0.36021771432376504,1784351674.443666,1784351676.789099,1784351675.6163826,0.974176,0.402869,0.689219,-0.004068,0.005351,1,acq,20480,20480,0,16,True,False,1,1200000,8381618,False,-5766202,5814559,0,0,0,0,1,1,1784351674.443666
76,117,4,formal,down,31,58,1,-0.36021771432376504,1784351676.7898638,1784351679.1255932,1784351677.9577284,0.973817,0.403054,0.689431,-0.004061,0.005347,1,acq,20480,20480,0,16,True,False,1,1200000,8381618,False,-5719116,5772723,0,0,0,0,1,1,1784351676.7898638
77,117,5,formal,down,31,58,1,-0.36021771432376504,1784351679.125798,1784351681.4513862,1784351680.288592,0.972969,0.403005,0.689367,-0.00401,0.005305,1,acq,20480,20480,0,16,True,False,1,1200000,8381618,False,-5717931,5743337,0,0,0,0,1,1,1784351679.125798
78,117,6,formal,down,31,58,1,-0.36021771432376504,1784351681.45161,1784351683.7930229,1784351682.6223164,0.972759,0.40318,0.689759,-0.004049,0.005343,1,acq,20480,20480,0,16,True,False,1,1200000,8381618,False,-5731735,5832005,0,0,0,0,1,1,1784351681.45161
79,117,7,formal,down,31,58,1,-0.36021771432376504,1784351683.7933598,1784351686.121303,1784351684.9573314,0.971627,0.40292,0.689306,-0.004053,0.005334,1,acq,20480,20480,0,16,True,False,1,1200000,8381618,False,-5700316,5760274,0,0,0,0,1,1,1784351683.7933598
80,118,0,formal,down,49,59,0,1.989744857296012,1784351724.701503,1784351727.044914,1784351725.8732085,1.2,0.006383,0.011097,-0.004646,0.008417,1,acq,20480,20480,0,16,True,False,1,1200000,8381618,False,-252623,306992,0,0,0,0,1,1,1784351724.701503
81,118,1,formal,down,49,59,0,1.989744857296012,1784351727.046249,1784351729.384058,1784351728.2151535,1.2,0.005608,0.009707,-0.004642,0.008366,1,acq,20480,20480,0,16,True,False,1,1200000,8381618,False,-258551,405738,0,0,0,0,1,1,1784351727.046249
82,118,2,formal,down,49,59,0,1.989744857296012,1784351729.384275,1784351731.719983,1784351730.552129,1.2,0.00489,0.008483,-0.004613,0.008367,1,acq,20480,20480,0,16,True,False,1,1200000,8381618,False,-314445,379654,0,0,0,0,1,1,1784351729.384275
83,118,3,formal,down,49,59,0,1.989744857296012,1784351731.720331,1784351734.045126,1784351732.8827286,1.2,0.004151,0.007294,-0.004633,0.00836,1,acq,20480,20480,0,16,True,False,1,1200000,8381618,False,-331636,380670,0,0,0,0,1,1,1784351731.720331
84,118,4,formal,down,49,59,0,1.989744857296012,1784351734.045391,1784351736.376342,1784351735.2108665,1.2,0.003566,0.006197,-0.004633,0.008299,1,acq,20480,20480,0,16,True,False,1,1200000,8381618,False,-295221,353401,0,0,0,0,1,1,1784351734.045391
85,118,5,formal,down,49,59,0,1.989744857296012,1784351736.376596,1784351738.698168,1784351737.5373821,1.2,0.002947,0.005146,-0.004633,0.008335,1,acq,20480,20480,0,16,True,False,1,1200000,8381618,False,-254825,342984,0,0,0,0,1,1,1784351736.376596
86,118,6,formal,down,49,59,0,1.989744857296012,1784351738.698668,1784351741.036545,1784351739.8676066,1.2,0.002397,0.004235,-0.00461,0.008371,1,acq,20480,20480,0,16,True,False,1,1200000,8381618,False,-211465,324014,0,0,0,0,1,1,1784351738.698668
87,118,7,formal,down,49,59,0,1.989744857296012,1784351741.0368152,1784351743.374489,1784351742.2056522,1.2,0.001892,0.003249,-0.004623,0.008332,1,acq,20480,20480,0,16,True,False,1,1200000,8381618,False,-258720,306399,0,0,0,0,1,1,1784351741.0368152
88,119,0,formal,up,49,59,1,1.989744857296012,1784351756.09101,1784351758.4116569,1784351757.2513335,1.2,-0.000957,-0.001547,-0.00458,0.00833,1,acq,20480,20480,0,16,True,False,1,1200000,8381618,False,-279130,282348,0,0,0,0,1,1,1784351756.09101
89,119,1,formal,up,49,59,1,1.989744857296012,1784351758.412788,1784351760.75173,1784351759.582259,1.2,-0.001383,-0.002321,-0.004587,0.008338,1,acq,20480,20480,0,16,True,False,1,1200000,8381618,False,-259398,277182,0,0,0,0,1,1,1784351758.412788
90,119,2,formal,up,49,59,1,1.989744857296012,1784351760.752023,1784351763.092414,1784351761.9222183,1.2,-0.001774,-0.002938,-0.004594,0.00833,1,acq,20480,20480,0,16,True,False,1,1200000,8381618,False,-287260,393458,0,0,0,0,1,1,1784351760.752023
91,119,3,formal,up,49,59,1,1.989744857296012,1784351763.092659,1784351765.423913,1784351764.258286,1.2,-0.002132,-0.00363,-0.004627,0.008303,1,acq,20480,20480,0,16,True,False,1,1200000,8381618,False,-225692,339597,0,0,0,0,1,1,1784351763.092659
92,119,4,formal,up,49,59,1,1.989744857296012,1784351765.4242072,1784351767.758571,1784351766.5913892,1.2,-0.002475,-0.004203,-0.004569,0.008301,1,acq,20480,20480,0,16,True,False,1,1200000,8381618,False,-228063,266512,0,0,0,0,1,1,1784351765.4242072
93,119,5,formal,up,49,59,1,1.989744857296012,1784351767.758807,1784351770.081342,1784351768.9200745,1.2,-0.002796,-0.004802,-0.00462,0.008337,1,acq,20480,20480,0,16,True,False,1,1200000,8381618,False,-249828,305044,0,0,0,0,1,1,1784351767.758807
94,119,6,formal,up,49,59,1,1.989744857296012,1784351770.081592,1784351772.4134212,1784351771.2475066,1.2,-0.003134,-0.005325,-0.00458,0.008307,1,acq,20480,20480,0,16,True,False,1,1200000,8381618,False,-250760,284719,0,0,0,0,1,1,1784351770.081592
95,119,7,formal,up,49,59,1,1.989744857296012,1784351772.413642,1784351774.7453241,1784351773.579483,1.2,-0.003493,-0.005955,-0.004572,0.00832,1,acq,20480,20480,0,16,True,False,1,1200000,8381618,False,-332991,395660,0,0,0,0,1,1,1784351772.413642
96,120,0,formal,up,66,60,0,4.20915395271469,1784351807.550515,1784351809.892235,1784351808.721375,1.029388,-0.39806,-0.678182,0.000655,0.001288,1,acq,20480,20480,0,16,True,False,1,1200000,8381618,False,-5642135,5726823,0,0,0,0,1,1,1784351807.550515
97,120,1,formal,up,66,60,0,4.20915395271469,1784351809.893424,1784351812.243144,1784351811.068284,1.02677,-0.398245,-0.67868,0.00074,0.001289,1,acq,20480,20480,0,16,True,False,1,1200000,8381618,False,-5574809,5770098,0,0,0,0,1,1,1784351809.893424
98,120,2,formal,up,66,60,0,4.20915395271469,1784351812.2434719,1784351814.576034,1784351813.4097528,1.024348,-0.398464,-0.67911,0.000687,0.001204,1,acq,20480,20480,0,16,True,False,1,1200000,8381618,False,-5609361,5752822,0,0,0,0,1,1,1784351812.2434719
99,120,3,formal,up,66,60,0,4.20915395271469,1784351814.576683,1784351816.915097,1784351815.7458901,1.023107,-0.399176,-0.680374,0.000637,0.001229,1,acq,20480,20480,0,16,True,False,1,1200000,8381618,False,-5653822,5785511,0,0,0,0,1,1,1784351814.576683
100,120,4,formal,up,66,60,0,4.20915395271469,1784351816.916197,1784351819.249547,1784351818.082872,1.020835,-0.399397,-0.680795,0.000739,0.001285,1,acq,20480,20480,0,16,True,False,1,1200000,8381618,False,-5631041,5713273,0,0,0,0,1,1,1784351816.916197
101,120,5,formal,up,66,60,0,4.20915395271469,1784351819.24977,1784351821.600965,1784351820.4253674,1.019114,-0.399696,-0.681517,0.000749,0.001178,1,acq,20480,20480,0,16,True,False,1,1200000,8381618,False,-5650858,5743591,0,0,0,0,1,1,1784351819.24977
102,120,6,formal,up,66,60,0,4.20915395271469,1784351821.601203,1784351823.9402199,1784351822.7707114,1.016369,-0.399521,-0.681213,0.000719,0.001131,1,acq,20480,20480,0,16,True,False,1,1200000,8381618,False,-5668050,5776026,0,0,0,0,1,1,1784351821.601203
103,120,7,formal,up,66,60,0,4.20915395271469,1784351823.9405382,1784351826.2631528,1784351825.1018455,1.014615,-0.399786,-0.681715,0.000788,0.001074,1,acq,20480,20480,0,16,True,False,1,1200000,8381618,False,-5650604,5708954,0,0,0,0,1,1,1784351823.9405382
104,121,0,formal,down,66,60,1,4.20915395271469,1784351838.9832032,1784351841.3175418,1784351840.1503725,1.004034,-0.400876,-0.683869,0.000825,0.001049,1,acq,20480,20480,0,16,True,False,1,1200000,8381618,False,-5611224,5750281,0,0,0,0,1,1,1784351838.9832032
105,121,1,formal,down,66,60,1,4.20915395271469,1784351841.317759,1784351843.652957,1784351842.485358,1.003017,-0.401294,-0.684506,0.000826,0.001039,1,acq,20480,20480,0,16,True,False,1,1200000,8381618,False,-5730972,5774671,0,0,0,0,1,1,1784351841.317759
106,121,2,formal,down,66,60,1,4.20915395271469,1784351843.653398,1784351845.992888,1784351844.823143,1.001277,-0.401231,-0.684379,0.000827,0.000999,1,acq,20480,20480,0,16,True,False,1,1200000,8381618,False,-5668050,5767388,0,0,0,0,1,1,1784351843.653398
107,121,3,formal,down,66,60,1,4.20915395271469,1784351845.993143,1784351848.329431,1784351847.161287,0.999911,-0.401363,-0.684768,0.000839,0.001008,1,acq,20480,20480,0,16,True,False,1,1200000,8381618,False,-5632142,5772723,0,0,0,0,1,1,1784351845.993143
108,121,4,formal,down,66,60,1,4.20915395271469,1784351848.33089,1784351850.653646,1784351849.492268,0.998688,-0.401593,-0.68518,0.000849,0.000959,1,acq,20480,20480,0,16,True,False,1,1200000,8381618,False,-5679228,5781616,0,0,0,0,1,1,1784351848.33089
109,121,5,formal,down,66,60,1,4.20915395271469,1784351850.6538901,1784351852.9999812,1784351851.8269358,0.997433,-0.40176,-0.685431,0.000844,0.000959,1,acq,20480,20480,0,16,True,False,1,1200000,8381618,False,-5685241,5731311,0,0,0,0,1,1,1784351850.6538901
110,121,6,formal,down,66,60,1,4.20915395271469,1784351853.000315,1784351855.317833,1784351854.1590738,0.99567,-0.401777,-0.685328,0.000852,0.000988,1,acq,20480,20480,0,16,True,False,1,1200000,8381618,False,-5763831,5780515,0,0,0,0,1,1,1784351853.000315
111,121,7,formal,down,66,60,1,4.20915395271469,1784351855.318239,1784351857.6641312,1784351856.4911852,0.99483,-0.401992,-0.68582,0.000878,0.000913,1,acq,20480,20480,0,16,True,False,1,1200000,8381618,False,-5674740,5746809,0,0,0,0,1,1,1784351855.318239
112,122,0,formal,down,14,61,0,-2.5796268097424426,1784351942.115839,1784351944.451503,1784351943.283671,0.087714,0.183357,0.312691,0.003769,-0.007462,1,acq,20480,20480,0,16,True,False,1,1200000,8381618,False,-2664692,2566963,0,0,0,0,1,1,1784351942.115839
113,122,1,formal,down,14,61,0,-2.5796268097424426,1784351944.45183,1784351946.776823,1784351945.6143265,0.086104,0.181776,0.310051,0.003791,-0.007473,1,acq,20480,20480,0,16,True,False,1,1200000,8381618,False,-2651057,2552143,0,0,0,0,1,1,1784351944.45183
114,122,2,formal,down,14,61,0,-2.5796268097424426,1784351946.777098,1784351949.117693,1784351947.9473953,0.084595,0.180278,0.307478,0.003793,-0.007513,1,acq,20480,20480,0,16,True,False,1,1200000,8381618,False,-2627853,2523349,0,0,0,0,1,1,1784351946.777098
115,122,3,formal,down,14,61,0,-2.5796268097424426,1784351949.1179972,1784351951.4435232,1784351950.2807603,0.083136,0.178678,0.304827,0.003802,-0.00751,1,acq,20480,20480,0,16,True,False,1,1200000,8381618,False,-2636068,2503532,0,0,0,0,1,1,1784351949.1179972
116,122,4,formal,down,14,61,0,-2.5796268097424426,1784351951.443788,1784351953.783901,1784351952.6138444,0.081866,0.177446,0.30287,0.003767,-0.007503,1,acq,20480,20480,0,16,True,False,1,1200000,8381618,False,-2605072,2487441,0,0,0,0,1,1,1784351951.443788
117,122,5,formal,down,14,61,0,-2.5796268097424426,1784351953.7841358,1784351956.112106,1784351954.948121,0.080648,0.17622,0.300775,0.003813,-0.007551,1,acq,20480,20480,0,16,True,False,1,1200000,8381618,False,-2572213,2461188,0,0,0,0,1,1,1784351953.7841358
118,122,6,formal,down,14,61,0,-2.5796268097424426,1784351956.112371,1784351958.448999,1784351957.280685,0.079415,0.174932,0.298563,0.003819,-0.007558,1,acq,20480,20480,0,16,True,False,1,1200000,8381618,False,-2578057,2442811,0,0,0,0,1,1,1784351956.112371
119,122,7,formal,down,14,61,0,-2.5796268097424426,1784351958.450136,1784351960.7942772,1784351959.6222067,0.078358,0.173861,0.296822,0.003826,-0.007571,1,acq,20480,20480,0,16,True,False,1,1200000,8381618,False,-2568402,2429346,0,0,0,0,1,1,1784351958.450136
120,123,0,formal,up,14,61,1,-2.5796268097424426,1784351973.521767,1784351975.86049,1784351974.6911285,0.072076,0.167069,0.285502,0.003886,-0.007592,1,acq,20480,20480,0,16,True,False,1,1200000,8381618,False,-2455429,2328229,0,0,0,0,1,1,1784351973.521767
121,123,1,formal,up,14,61,1,-2.5796268097424426,1784351975.861581,1784351978.194468,1784351977.0280247,0.071221,0.166078,0.283746,0.003883,-0.007654,1,acq,20480,20480,0,16,True,False,1,1200000,8381618,False,-2440355,2318320,0,0,0,0,1,1,1784351975.861581
122,123,2,formal,up,14,61,1,-2.5796268097424426,1784351978.194735,1784351980.52385,1784351979.3592925,0.070511,0.165406,0.282529,0.003871,-0.007651,1,acq,20480,20480,0,16,True,False,1,1200000,8381618,False,-2439169,2303839,0,0,0,0,1,1,1784351978.194735
123,123,3,formal,up,14,61,1,-2.5796268097424426,1784351980.524221,1784351982.8687732,1784351981.696497,0.069748,0.164631,0.281267,0.003871,-0.007626,1,acq,20480,20480,0,16,True,False,1,1200000,8381618,False,-2431124,2293253,0,0,0,0,1,1,1784351980.524221
124,123,4,formal,up,14,61,1,-2.5796268097424426,1784351982.869015,1784351985.2049549,1784351984.036985,0.068965,0.163725,0.279688,0.003932,-0.00766,1,acq,20480,20480,0,16,True,False,1,1200000,8381618,False,-2404786,2286393,0,0,0,0,1,1,1784351982.869015
125,123,5,formal,up,14,61,1,-2.5796268097424426,1784351985.2052119,1784351987.545519,1784351986.3753655,0.068247,0.162833,0.278272,0.003893,-0.007659,1,acq,20480,20480,0,16,True,False,1,1200000,8381618,False,-2424264,2274283,0,0,0,0,1,1,1784351985.2052119
126,123,6,formal,up,14,61,1,-2.5796268097424426,1784351987.545804,1784351989.886692,1784351988.716248,0.067463,0.161903,0.276727,0.003917,-0.007653,1,acq,20480,20480,0,16,True,False,1,1200000,8381618,False,-2394708,2263189,0,0,0,0,1,1,1784351987.545804
127,123,7,formal,up,14,61,1,-2.5796268097424426,1784351989.886948,1784351992.2289228,1784351991.0579355,0.066768,0.161152,0.275483,0.003934,-0.007653,1,acq,20480,20480,0,16,True,False,1,1200000,8381618,False,-2383868,2238291,0,0,0,0,1,1,1784351989.886948
128,124,0,formal,up,15,62,0,-2.449073333541344,1784352003.462411,1784352005.79137,1784352004.6268904,0.090277,0.185693,0.317032,0.004815,-0.009469,1,acq,20480,20480,0,16,True,False,1,1200000,8381618,False,-2749210,2584408,0,0,0,0,1,1,1784352003.462411
129,124,1,formal,up,15,62,0,-2.449073333541344,1784352005.792475,1784352008.1330152,1784352006.9627452,0.089629,0.184955,0.315802,0.004827,-0.009494,1,acq,20480,20480,0,16,True,False,1,1200000,8381618,False,-2738540,2579666,0,0,0,0,1,1,1784352005.792475
130,124,2,formal,up,15,62,0,-2.449073333541344,1784352008.1332328,1784352010.4673831,1784352009.300308,0.089012,0.184269,0.314814,0.004835,-0.009482,1,acq,20480,20480,0,16,True,False,1,1200000,8381618,False,-2737608,2575347,0,0,0,0,1,1,1784352008.1332328
131,124,3,formal,up,15,62,0,-2.449073333541344,1784352010.467603,1784352012.801533,1784352011.634568,0.088504,0.183963,0.314182,0.004855,-0.009485,1,acq,20480,20480,0,16,True,False,1,1200000,8381618,False,-2730410,2560696,0,0,0,0,1,1,1784352010.467603
132,124,4,formal,up,15,62,0,-2.449073333541344,1784352012.801999,1784352015.1309571,1784352013.966478,0.087895,0.183293,0.313114,0.004848,-0.009484,1,acq,20480,20480,0,16,True,False,1,1200000,8381618,False,-2723296,2545029,0,0,0,0,1,1,1784352012.801999
133,124,5,formal,up,15,62,0,-2.449073333541344,1784352015.131232,1784352017.466186,1784352016.298709,0.087362,0.182743,0.312276,0.004836,-0.009494,1,acq,20480,20480,0,16,True,False,1,1200000,8381618,False,-2731595,2554260,0,0,0,0,1,1,1784352015.131232
134,124,6,formal,up,15,62,0,-2.449073333541344,1784352017.466499,1784352019.807842,1784352018.6371706,0.086675,0.18199,0.310917,0.0049,-0.009485,1,acq,20480,20480,0,16,True,False,1,1200000,8381618,False,-2724058,2530293,0,0,0,0,1,1,1784352017.466499
135,124,7,formal,up,15,62,0,-2.449073333541344,1784352019.809045,1784352022.1339571,1784352020.971501,0.086163,0.181501,0.31016,0.004868,-0.009511,1,acq,20480,20480,0,16,True,False,1,1200000,8381618,False,-2700346,2547485,0,0,0,0,1,1,1784352019.809045
136,125,0,formal,down,15,62,1,-2.449073333541344,1784352034.849764,1784352037.1841679,1784352036.0169659,0.082771,0.178045,0.304295,0.004898,-0.009508,1,acq,20480,20480,0,16,True,False,1,1200000,8381618,False,-2670366,2486002,0,0,0,0,1,1,1784352034.849764
137,125,1,formal,down,15,62,1,-2.449073333541344,1784352037.185259,1784352039.5254002,1784352038.3553295,0.082326,0.177718,0.303665,0.004908,-0.009477,1,acq,20480,20480,0,16,True,False,1,1200000,8381618,False,-2670197,2477618,0,0,0,0,1,1,1784352037.185259
138,125,2,formal,down,15,62,1,-2.449073333541344,1784352039.52565,1784352041.864645,1784352040.6951475,0.081813,0.177162,0.302746,0.004896,-0.009445,1,acq,20480,20480,0,16,True,False,1,1200000,8381618,False,-2685271,2476855,0,0,0,0,1,1,1784352039.52565
139,125,3,formal,down,15,62,1,-2.449073333541344,1784352041.864934,1784352044.203747,1784352043.0343404,0.081292,0.176621,0.301725,0.004948,-0.009494,1,acq,20480,20480,0,16,True,False,1,1200000,8381618,False,-2668334,2460595,0,0,0,0,1,1,1784352041.864934
140,125,4,formal,down,15,62,1,-2.449073333541344,1784352044.204829,1784352046.546332,1784352045.3755803,0.080851,0.176246,0.301134,0.004903,-0.009483,1,acq,20480,20480,0,16,True,False,1,1200000,8381618,False,-2668080,2453397,0,0,0,0,1,1,1784352044.204829
141,125,5,formal,down,15,62,1,-2.449073333541344,1784352046.546547,1784352048.8829691,1784352047.714758,0.080332,0.175671,0.300153,0.004943,-0.009465,1,acq,20480,20480,0,16,True,False,1,1200000,8381618,False,-2653852,2440863,0,0,0,0,1,1,1784352046.546547
142,125,6,formal,down,15,62,1,-2.449073333541344,1784352048.883202,1784352051.232914,1784352050.058058,0.079897,0.175192,0.299494,0.004949,-0.009451,1,acq,20480,20480,0,16,True,False,1,1200000,8381618,False,-2637169,2435358,0,0,0,0,1,1,1784352048.883202
143,125,7,formal,down,15,62,1,-2.449073333541344,1784352051.233164,1784352053.5525498,1784352052.392857,0.079393,0.174675,0.298433,0.00493,-0.009461,1,acq,20480,20480,0,16,True,False,1,1200000,8381618,False,-2663422,2436968,0,0,0,0,1,1,1784352051.233164
144,126,0,formal,down,65,63,0,4.078600476513591,1784352138.104434,1784352140.446871,1784352139.2756524,1.132092,-0.382604,-0.652288,-0.00166,0.005064,1,acq,20480,20480,0,16,True,False,1,1200000,8381618,False,-5372236,5579297,0,0,0,0,1,1,1784352138.104434
145,126,1,formal,down,65,63,0,4.078600476513591,1784352140.447096,1784352142.773609,1784352141.6103525,1.128634,-0.382959,-0.653121,-0.001625,0.004958,1,acq,20480,20480,0,16,True,False,1,1200000,8381618,False,-5394848,5526791,0,0,0,0,1,1,1784352140.447096
146,126,2,formal,down,65,63,0,4.078600476513591,1784352142.773925,1784352145.113118,1784352143.9435215,1.126117,-0.383529,-0.654198,-0.001559,0.004994,1,acq,20480,20480,0,16,True,False,1,1200000,8381618,False,-5403655,5552282,0,0,0,0,1,1,1784352142.773925
147,126,3,formal,down,65,63,0,4.078600476513591,1784352145.1133702,1784352147.45001,1784352146.2816901,1.122773,-0.383755,-0.654711,-0.001543,0.004992,1,acq,20480,20480,0,16,True,False,1,1200000,8381618,False,-5385109,5526029,0,0,0,0,1,1,1784352145.1133702
148,126,4,formal,down,65,63,0,4.078600476513591,1784352147.4502451,1784352149.782443,1784352148.616344,1.119542,-0.383962,-0.655124,-0.001523,0.004924,1,acq,20480,20480,0,16,True,False,1,1200000,8381618,False,-5385786,5586411,0,0,0,0,1,1,1784352147.4502451
149,126,5,formal,down,65,63,0,4.078600476513591,1784352149.782681,1784352152.1176372,1784352150.950159,1.117521,-0.384615,-0.656201,-0.001503,0.004898,1,acq,20480,20480,0,16,True,False,1,1200000,8381618,False,-5465901,5581330,0,0,0,0,1,1,1784352149.782681
150,126,6,formal,down,65,63,0,4.078600476513591,1784352152.117881,1784352154.457509,1784352153.287695,1.115831,-0.385235,-0.657433,-0.001541,0.004888,1,acq,20480,20480,0,16,True,False,1,1200000,8381618,False,-5437107,5596319,0,0,0,0,1,1,1784352152.117881
151,126,7,formal,down,65,63,0,4.078600476513591,1784352154.458588,1784352156.799923,1784352155.6292553,1.112932,-0.385573,-0.65771,-0.001457,0.004973,1,acq,20480,20480,0,16,True,False,1,1200000,8381618,False,-5496473,5600469,0,0,0,0,1,1,1784352154.458588
152,127,0,formal,up,65,63,1,4.078600476513591,1784352169.5383801,1784352171.872297,1784352170.7053385,1.098675,-0.387217,-0.660699,-0.001379,0.004809,1,acq,20480,20480,0,16,True,False,1,1200000,8381618,False,-5467848,5615882,0,0,0,0,1,1,1784352169.5383801
153,127,1,formal,up,65,63,1,4.078600476513591,1784352171.8734348,1784352174.215798,1784352173.0446162,1.09689,-0.387341,-0.661209,-0.001286,0.004732,1,acq,20480,20480,0,16,True,False,1,1200000,8381618,False,-5493339,5629009,0,0,0,0,1,1,1784352171.8734348
154,127,2,formal,up,65,63,1,4.078600476513591,1784352174.216031,1784352176.560383,1784352175.388207,1.096831,-0.388285,-0.662778,-0.001294,0.004743,1,acq,20480,20480,0,16,True,False,1,1200000,8381618,False,-5477333,5620963,0,0,0,0,1,1,1784352174.216031
155,127,3,formal,up,65,63,1,4.078600476513591,1784352176.56062,1784352178.8931332,1784352177.7268767,1.094236,-0.388368,-0.66288,-0.001362,0.004761,1,acq,20480,20480,0,16,True,False,1,1200000,8381618,False,-5539409,5629093,0,0,0,0,1,1,1784352176.56062
156,127,4,formal,up,65,63,1,4.078600476513591,1784352178.8933818,1784352181.216649,1784352180.0550156,1.092556,-0.388566,-0.663248,-0.001351,0.004677,1,acq,20480,20480,0,16,True,False,1,1200000,8381618,False,-5471236,5646370,0,0,0,0,1,1,1784352178.8933818
157,127,5,formal,up,65,63,1,4.078600476513591,1784352181.217715,1784352183.549907,1784352182.383811,1.090292,-0.388725,-0.663498,-0.001293,0.004681,1,acq,20480,20480,0,16,True,False,1,1200000,8381618,False,-5534159,5673639,0,0,0,0,1,1,1784352181.217715
158,127,6,formal,up,65,63,1,4.078600476513591,1784352183.550176,1784352185.89184,1784352184.7210078,1.089223,-0.389073,-0.664183,-0.001217,0.004675,1,acq,20480,20480,0,16,True,False,1,1200000,8381618,False,-5478096,5661868,0,0,0,0,1,1,1784352183.550176
159,127,7,formal,up,65,63,1,4.078600476513591,1784352185.8920681,1784352188.22381,1784352187.057939,1.088196,-0.389681,-0.665089,-0.001302,0.004596,1,acq,20480,20480,0,16,True,False,1,1200000,8381618,False,-5481822,5629940,0,0,0,0,1,1,1784352185.8920681
160,128,0,formal,up,72,64,0,4.992474809921282,1784352206.683529,1784352209.014549,1784352207.849039,0.624701,-0.395279,-0.671611,0.003109,-0.003163,1,acq,20480,20480,0,16,True,False,1,1200000,8381618,False,-5629771,5630703,0,0,0,0,1,1,1784352206.683529
161,128,1,formal,up,72,64,0,4.992474809921282,1784352209.0156958,1784352211.348296,1784352210.1819959,0.62287,-0.395312,-0.671806,0.003194,-0.003208,1,acq,20480,20480,0,16,True,False,1,1200000,8381618,False,-5622234,5673554,0,0,0,0,1,1,1784352209.0156958
162,128,2,formal,up,72,64,0,4.992474809921282,1784352211.3485172,1784352213.691257,1784352212.519887,0.620261,-0.394802,-0.67109,0.003143,-0.003231,1,acq,20480,20480,0,16,True,False,1,1200000,8381618,False,-5602247,5618253,0,0,0,0,1,1,1784352211.3485172
163,128,3,formal,up,72,64,0,4.992474809921282,1784352213.691499,1784352216.035608,1784352214.8635535,0.618174,-0.394503,-0.670742,0.003276,-0.003351,1,acq,20480,20480,0,16,True,False,1,1200000,8381618,False,-5615797,5622234,0,0,0,0,1,1,1784352213.691499
164,128,4,formal,up,72,64,0,4.992474809921282,1784352216.035882,1784352218.3771389,1784352217.2065105,0.61571,-0.394016,-0.670034,0.003237,-0.003329,1,acq,20480,20480,0,16,True,False,1,1200000,8381618,False,-5585395,5585056,0,0,0,0,1,1,1784352216.035882
165,128,5,formal,up,72,64,0,4.992474809921282,1784352218.377623,1784352220.700029,1784352219.538826,0.613355,-0.393467,-0.669217,0.003276,-0.003283,1,acq,20480,20480,0,16,True,False,1,1200000,8381618,False,-5589798,5603348,0,0,0,0,1,1,1784352218.377623
166,128,6,formal,up,72,64,0,4.992474809921282,1784352220.700247,1784352223.046719,1784352221.8734832,0.611322,-0.393211,-0.668777,0.003213,-0.003272,1,acq,20480,20480,0,16,True,False,1,1200000,8381618,False,-5574216,5572946,0,0,0,0,1,1,1784352220.700247
167,128,7,formal,up,72,64,0,4.992474809921282,1784352223.046978,1784352225.387521,1784352224.2172494,0.610132,-0.393301,-0.669064,0.003299,-0.003316,1,acq,20480,20480,0,16,True,False,1,1200000,8381618,False,-5640950,5594880,0,0,0,0,1,1,1784352223.046978
168,129,0,formal,down,72,64,1,4.992474809921282,1784352238.101215,1784352240.443614,1784352239.2724144,0.598518,-0.39153,-0.66614,0.003321,-0.003435,1,acq,20480,20480,0,16,True,False,1,1200000,8381618,False,-5569897,5550503,0,0,0,0,1,1,1784352238.101215
169,129,1,formal,down,72,64,1,4.992474809921282,1784352240.4446871,1784352242.784669,1784352241.614678,0.597203,-0.391338,-0.665891,0.003306,-0.003459,1,acq,20480,20480,0,16,True,False,1,1200000,8381618,False,-5576418,5656702,0,0,0,0,1,1,1784352240.4446871
170,129,2,formal,down,72,64,1,4.992474809921282,1784352242.784957,1784352245.117821,1784352243.9513888,0.595524,-0.391026,-0.665517,0.003306,-0.003476,1,acq,20480,20480,0,16,True,False,1,1200000,8381618,False,-5572099,5570744,0,0,0,0,1,1,1784352242.784957
171,129,3,formal,down,72,64,1,4.992474809921282,1784352245.118062,1784352247.45548,1784352246.286771,0.594054,-0.390869,-0.665281,0.003302,-0.003549,1,acq,20480,20480,0,16,True,False,1,1200000,8381618,False,-5534159,5546693,0,0,0,0,1,1,1784352245.118062
172,129,4,formal,down,72,64,1,4.992474809921282,1784352247.4560168,1784352249.792842,1784352248.6244292,0.592828,-0.390764,-0.665049,0.003327,-0.003495,1,acq,20480,20480,0,16,True,False,1,1200000,8381618,False,-5564562,5553468,0,0,0,0,1,1,1784352247.4560168
173,129,5,formal,down,72,64,1,4.992474809921282,1784352249.793129,1784352252.127758,1784352250.9604435,0.591305,-0.390577,-0.664591,0.003344,-0.003397,1,acq,20480,20480,0,16,True,False,1,1200000,8381618,False,-5561174,5535344,0,0,0,0,1,1,1784352249.793129
174,129,6,formal,down,72,64,1,4.992474809921282,1784352252.12798,1784352254.448975,1784352253.2884774,0.590127,-0.390461,-0.664568,0.003362,-0.003543,1,acq,20480,20480,0,16,True,False,1,1200000,8381618,False,-5540172,5538732,0,0,0,0,1,1,1784352252.12798
175,129,7,formal,down,72,64,1,4.992474809921282,1784352254.450049,1784352256.782583,1784352255.6163158,0.587687,-0.389581,-0.663002,0.00336,-0.003464,1,acq,20480,20480,0,16,True,False,1,1200000,8381618,False,-5517645,5531703,0,0,0,0,1,1,1784352254.450049
176,130,0,formal,down,8,65,0,-3.362947666949035,1784352357.097485,1784352359.426888,1784352358.2621865,-0.000785,0.000629,0.00104,0.004559,-0.008271,1,acq,20480,20480,0,16,True,False,1,1200000,8381618,False,-193087,182925,0,0,0,0,1,1,1784352357.097485
177,130,1,formal,down,8,65,0,-3.362947666949035,1784352359.428066,1784352361.762609,1784352360.5953374,-0.000797,-0.001346,-0.002307,0.004547,-0.008275,1,acq,20480,20480,0,16,True,False,1,1200000,8381618,False,-185550,173609,0,0,0,0,1,1,1784352359.428066
178,130,2,formal,down,8,65,0,-3.362947666949035,1784352361.762906,1784352364.107475,1784352362.9351907,-0.000764,-0.0032,-0.0055,0.004564,-0.008266,1,acq,20480,20480,0,16,True,False,1,1200000,8381618,False,-234500,186482,0,0,0,0,1,1,1784352361.762906
179,130,3,formal,down,8,65,0,-3.362947666949035,1784352364.1080818,1784352366.442981,1784352365.2755313,-0.000721,-0.00494,-0.008534,0.004577,-0.008257,1,acq,20480,20480,0,16,True,False,1,1200000,8381618,False,-252877,184365,0,0,0,0,1,1,1784352364.1080818
180,130,4,formal,down,8,65,0,-3.362947666949035,1784352366.4433768,1784352368.7859871,1784352367.614682,-0.000687,-0.006645,-0.011375,0.004559,-0.008252,1,acq,20480,20480,0,16,True,False,1,1200000,8381618,False,-262277,196052,0,0,0,0,1,1,1784352366.4433768
181,130,5,formal,down,8,65,0,-3.362947666949035,1784352368.786242,1784352371.134253,1784352369.9602475,-0.000628,-0.008212,-0.014089,0.004553,-0.008236,1,acq,20480,20480,0,16,True,False,1,1200000,8381618,False,-288869,204859,0,0,0,0,1,1,1784352368.786242
182,130,6,formal,down,8,65,0,-3.362947666949035,1784352371.1345322,1784352373.469723,1784352372.3021276,-0.000562,-0.009769,-0.016754,0.00456,-0.008225,1,acq,20480,20480,0,16,True,False,1,1200000,8381618,False,-327995,214598,0,0,0,0,1,1,1784352371.1345322
183,130,7,formal,down,8,65,0,-3.362947666949035,1784352373.471026,1784352375.8104,1784352374.640713,-0.000486,-0.011254,-0.019295,0.004554,-0.008239,1,acq,20480,20480,0,16,True,False,1,1200000,8381618,False,-342984,227471,0,0,0,0,1,1,1784352373.471026
184,131,0,formal,up,8,65,1,-3.362947666949035,1784352388.507112,1784352390.84169,1784352389.674401,0.000183,-0.01972,-0.033784,0.00455,-0.008192,1,acq,20480,20480,0,16,True,False,1,1200000,8381618,False,-445117,316985,0,0,0,0,1,1,1784352388.507112
185,131,1,formal,up,8,65,1,-3.362947666949035,1784352390.843033,1784352393.183232,1784352392.0131326,0.000292,-0.020803,-0.035654,0.004542,-0.008174,1,acq,20480,20480,0,16,True,False,1,1200000,8381618,False,-468576,325369,0,0,0,0,1,1,1784352390.843033
186,131,2,formal,up,8,65,1,-3.362947666949035,1784352393.183576,1784352395.515569,1784352394.3495727,0.000393,-0.022006,-0.037706,0.00454,-0.008183,1,acq,20480,20480,0,16,True,False,1,1200000,8381618,False,-494406,347049,0,0,0,0,1,1,1784352393.183576
187,131,3,formal,up,8,65,1,-3.362947666949035,1784352395.515967,1784352397.842452,1784352396.6792095,0.000543,-0.023084,-0.039542,0.004538,-0.008165,1,acq,20480,20480,0,16,True,False,1,1200000,8381618,False,-510835,365342,0,0,0,0,1,1,1784352395.515967
188,131,4,formal,up,8,65,1,-3.362947666949035,1784352397.842705,1784352400.192163,1784352399.0174341,0.000625,-0.024155,-0.041368,0.004536,-0.008166,1,acq,20480,20480,0,16,True,False,1,1200000,8381618,False,-532430,374488,0,0,0,0,1,1,1784352397.842705
189,131,5,formal,up,8,65,1,-3.362947666949035,1784352400.192458,1784352402.5172448,1784352401.3548512,0.000784,-0.025209,-0.043098,0.004532,-0.008145,1,acq,20480,20480,0,16,True,False,1,1200000,8381618,False,-523369,388546,0,0,0,0,1,1,1784352400.192458
190,131,6,formal,up,8,65,1,-3.362947666949035,1784352402.517546,1784352404.851052,1784352403.684299,0.000917,-0.026231,-0.044857,0.004536,-0.008155,1,acq,20480,20480,0,16,True,False,1,1200000,8381618,False,-529466,406839,0,0,0,0,1,1,1784352402.517546
191,131,7,formal,up,8,65,1,-3.362947666949035,1784352404.8513138,1784352407.1816819,1784352406.0164979,0.001067,-0.027219,-0.046585,0.004526,-0.008145,1,acq,20480,20480,0,16,True,False,1,1200000,8381618,False,-552501,431059,0,0,0,0,1,1,1784352404.8513138
192,132,0,formal,up,9,66,0,-3.232394190747936,1784352418.4561942,1784352420.7828128,1784352419.6195035,-0.000824,-0.001109,-0.001917,0.004638,-0.008339,1,acq,20480,20480,0,16,True,False,1,1200000,8381618,False,-205875,172593,0,0,0,0,1,1,1784352418.4561942
193,132,1,formal,up,9,66,0,-3.232394190747936,1784352420.7834198,1784352423.131368,1784352421.957394,-0.000805,-0.001886,-0.003263,0.004643,-0.008342,1,acq,20480,20480,0,16,True,False,1,1200000,8381618,False,-224507,182417,0,0,0,0,1,1,1784352420.7834198
194,132,2,formal,up,9,66,0,-3.232394190747936,1784352423.1317,1784352425.474472,1784352424.303086,-0.000808,-0.002668,-0.004584,0.004626,-0.008328,1,acq,20480,20480,0,16,True,False,1,1200000,8381618,False,-227894,174456,0,0,0,0,1,1,1784352423.1317
195,132,3,formal,up,9,66,0,-3.232394190747936,1784352425.4747698,1784352427.815638,1784352426.645204,-0.000789,-0.003442,-0.005902,0.00463,-0.008336,1,acq,20480,20480,0,16,True,False,1,1200000,8381618,False,-224845,180554,0,0,0,0,1,1,1784352425.4747698
196,132,4,formal,up,9,66,0,-3.232394190747936,1784352427.816872,1784352430.1676931,1784352428.9922824,-0.000772,-0.004194,-0.007236,0.004637,-0.008305,1,acq,20480,20480,0,16,True,False,1,1200000,8381618,False,-265326,187752,0,0,0,0,1,1,1784352427.816872
197,132,5,formal,up,9,66,0,-3.232394190747936,1784352430.167975,1784352432.503468,1784352431.3357215,-0.000757,-0.004966,-0.008534,0.004625,-0.008301,1,acq,20480,20480,0,16,True,False,1,1200000,8381618,False,-254994,185889,0,0,0,0,1,1,1784352430.167975
198,132,6,formal,up,9,66,0,-3.232394190747936,1784352432.5037131,1784352434.844077,1784352433.6738951,-0.000736,-0.005709,-0.009822,0.004622,-0.008297,1,acq,20480,20480,0,16,True,False,1,1200000,8381618,False,-275065,187244,0,0,0,0,1,1,1784352432.5037131
199,132,7,formal,up,9,66,0,-3.232394190747936,1784352434.8443131,1784352437.173629,1784352436.0089712,-0.000728,-0.00649,-0.011143,0.004625,-0.008309,1,acq,20480,20480,0,16,True,False,1,1200000,8381618,False,-285058,187922,0,0,0,0,1,1,1784352434.8443131
200,133,0,formal,down,9,66,1,-3.232394190747936,1784352449.918157,1784352452.259464,1784352451.0888104,-0.000521,-0.010968,-0.018806,0.004602,-0.008263,1,acq,20480,20480,0,16,True,False,1,1200000,8381618,False,-366612,216377,0,0,0,0,1,1,1784352449.918157
201,133,1,formal,down,9,66,1,-3.232394190747936,1784352452.260554,1784352454.594837,1784352453.4276955,-0.000479,-0.011685,-0.020035,0.004614,-0.008231,1,acq,20480,20480,0,16,True,False,1,1200000,8381618,False,-357381,226031,0,0,0,0,1,1,1784352452.260554
202,133,2,formal,down,9,66,1,-3.232394190747936,1784352454.5950458,1784352456.924639,1784352455.7598424,-0.000429,-0.012366,-0.021183,0.004605,-0.008236,1,acq,20480,20480,0,16,True,False,1,1200000,8381618,False,-370508,233060,0,0,0,0,1,1,1784352454.5950458
203,133,3,formal,down,9,66,1,-3.232394190747936,1784352456.924901,1784352459.257718,1784352458.0913095,-0.000391,-0.012998,-0.022366,0.004603,-0.008246,1,acq,20480,20480,0,16,True,False,1,1200000,8381618,False,-368983,237294,0,0,0,0,1,1,1784352456.924901
204,133,4,formal,down,9,66,1,-3.232394190747936,1784352459.257961,1784352461.603859,1784352460.43091,-0.000354,-0.013632,-0.023486,0.004601,-0.008222,1,acq,20480,20480,0,16,True,False,1,1200000,8381618,False,-373980,246356,0,0,0,0,1,1,1784352459.257961
205,133,5,formal,down,9,66,1,-3.232394190747936,1784352461.6049469,1784352463.931802,1784352462.7683744,-0.000299,-0.014353,-0.024655,0.004589,-0.00822,1,acq,20480,20480,0,16,True,False,1,1200000,8381618,False,-395067,250844,0,0,0,0,1,1,1784352461.6049469
206,133,6,formal,down,9,66,1,-3.232394190747936,1784352463.9320261,1784352466.268218,1784352465.100122,-0.000261,-0.015004,-0.025698,0.004584,-0.008216,1,acq,20480,20480,0,16,True,False,1,1200000,8381618,False,-416239,259398,0,0,0,0,1,1,1784352463.9320261
207,133,7,formal,down,9,66,1,-3.232394190747936,1784352466.268482,1784352468.607778,1784352467.43813,-0.000216,-0.015639,-0.026813,0.004569,-0.0082,1,acq,20480,20480,0,16,True,False,1,1200000,8381618,False,-389732,263802,0,0,0,0,1,1,1784352466.268482
208,134,0,formal,down,71,67,0,4.861921333720183,1784352569.0356522,1784352571.3561118,1784352570.1958818,0.743408,-0.407323,-0.692896,0.000586,0.001139,1,acq,20480,20480,0,16,True,False,1,1200000,8381618,False,-5745200,5823959,0,0,0,0,1,1,1784352569.0356522
209,134,1,formal,down,71,67,0,4.861921333720183,1784352571.356692,1784352573.688756,1784352572.5227242,0.739771,-0.407015,-0.692522,0.000598,0.001106,1,acq,20480,20480,0,16,True,False,1,1200000,8381618,False,-5731227,5830734,0,0,0,0,1,1,1784352571.356692
210,134,2,formal,down,71,67,0,4.861921333720183,1784352573.689022,1784352576.0045838,1784352574.846803,0.736244,-0.406785,-0.692162,0.000661,0.001089,1,acq,20480,20480,0,16,True,False,1,1200000,8381618,False,-5690831,5837594,0,0,0,0,1,1,1784352573.689022
211,134,3,formal,down,71,67,0,4.861921333720183,1784352576.004906,1784352578.326356,1784352577.1656308,0.732592,-0.406407,-0.691586,0.000698,0.000925,1,acq,20480,20480,0,16,True,False,1,1200000,8381618,False,-5753245,5853854,0,0,0,0,1,1,1784352576.004906
212,134,4,formal,down,71,67,0,4.861921333720183,1784352578.3265889,1784352580.647939,1784352579.487264,0.729946,-0.406416,-0.691669,0.00067,0.000979,1,acq,20480,20480,0,16,True,False,1,1200000,8381618,False,-5717253,5796944,0,0,0,0,1,1,1784352578.3265889
213,134,5,formal,down,71,67,0,4.861921333720183,1784352580.648389,1784352582.981272,1784352581.8148305,0.726672,-0.40611,-0.691141,0.000681,0.001003,1,acq,20480,20480,0,16,True,False,1,1200000,8381618,False,-5710902,5811764,0,0,0,0,1,1,1784352580.648389
214,134,6,formal,down,71,67,0,4.861921333720183,1784352582.9815302,1784352585.3239412,1784352584.1527357,0.723436,-0.405661,-0.690693,0.000702,0.0009,1,acq,20480,20480,0,16,True,False,1,1200000,8381618,False,-5713188,5767812,0,0,0,0,1,1,1784352582.9815302
215,134,7,formal,down,71,67,0,4.861921333720183,1784352585.32432,1784352587.661559,1784352586.4929395,0.720982,-0.405711,-0.69072,0.000736,0.000856,1,acq,20480,20480,0,16,True,False,1,1200000,8381618,False,-5690492,5774333,0,0,0,0,1,1,1784352585.32432
216,135,0,formal,up,71,67,1,4.861921333720183,1784352600.406645,1784352602.7336361,1784352601.5701406,0.704095,-0.403945,-0.687807,0.000904,0.000654,1,acq,20480,20480,0,16,True,False,1,1200000,8381618,False,-5686935,5768489,0,0,0,0,1,1,1784352600.406645
217,135,1,formal,up,71,67,1,4.861921333720183,1784352602.734751,1784352605.07762,1784352603.9061856,0.70233,-0.404173,-0.68815,0.000846,0.000611,1,acq,20480,20480,0,16,True,False,1,1200000,8381618,False,-5705651,5747402,0,0,0,0,1,1,1784352602.734751
218,135,2,formal,up,71,67,1,4.861921333720183,1784352605.0778828,1784352607.413245,1784352606.245564,0.700273,-0.404089,-0.688035,0.000909,0.000674,1,acq,20480,20480,0,16,True,False,1,1200000,8381618,False,-5664662,5747656,0,0,0,0,1,1,1784352605.0778828
219,135,3,formal,up,71,67,1,4.861921333720183,1784352607.413537,1784352609.7492428,1784352608.58139,0.698366,-0.404077,-0.687836,0.00086,0.000628,1,acq,20480,20480,0,16,True,False,1,1200000,8381618,False,-5661529,5766118,0,0,0,0,1,1,1784352607.413537
220,135,4,formal,up,71,67,1,4.861921333720183,1784352609.750405,1784352612.0767329,1784352610.913569,0.695315,-0.403246,-0.686641,0.000895,0.000665,1,acq,20480,20480,0,16,True,False,1,1200000,8381618,False,-5712087,5777212,0,0,0,0,1,1,1784352609.750405
221,135,5,formal,up,71,67,1,4.861921333720183,1784352612.077016,1784352614.414871,1784352613.2459435,0.693919,-0.403464,-0.687015,0.000855,0.000572,1,acq,20480,20480,0,16,True,False,1,1200000,8381618,False,-5715729,5788306,0,0,0,0,1,1,1784352612.077016
222,135,6,formal,up,71,67,1,4.861921333720183,1784352614.415187,1784352616.7520168,1784352615.583602,0.691431,-0.403063,-0.686254,0.000913,0.000644,1,acq,20480,20480,0,16,True,False,1,1200000,8381618,False,-5719540,5760274,0,0,0,0,1,1,1784352614.415187
223,135,7,formal,up,71,67,1,4.861921333720183,1784352616.752264,1784352619.0902,1784352617.921232,0.689806,-0.403085,-0.686239,0.000945,0.000554,1,acq,20480,20480,0,16,True,False,1,1200000,8381618,False,-5678636,5772131,0,0,0,0,1,1,1784352616.752264
224,136,0,formal,up,51,68,0,2.250851809698209,1784352659.092216,1784352661.4327722,1784352660.262494,1.2,-0.090141,-0.15485,-0.004655,0.008804,1,acq,20480,20480,0,16,True,False,1,1200000,8381618,False,-1343482,1563162,0,0,0,0,1,1,1784352659.092216
225,136,1,formal,up,51,68,0,2.250851809698209,1784352661.434011,1784352663.7735329,1784352662.603772,1.2,-0.089909,-0.154395,-0.004667,0.008832,1,acq,20480,20480,0,16,True,False,1,1200000,8381618,False,-1352544,1544277,0,0,0,0,1,1,1784352661.434011
226,136,2,formal,up,51,68,0,2.250851809698209,1784352663.7738292,1784352666.107829,1784352664.9408293,1.2,-0.089599,-0.153952,-0.004675,0.008884,1,acq,20480,20480,0,16,True,False,1,1200000,8381618,False,-1359319,1527593,0,0,0,0,1,1,1784352663.7738292
227,136,3,formal,up,51,68,0,2.250851809698209,1784352666.108064,1784352668.436131,1784352667.2720976,1.2,-0.089253,-0.153401,-0.004689,0.008826,1,acq,20480,20480,0,16,True,False,1,1200000,8381618,False,-1327815,1553338,0,0,0,0,1,1,1784352666.108064
228,136,4,formal,up,51,68,0,2.250851809698209,1784352668.436374,1784352670.774517,1784352669.6054454,1.2,-0.089123,-0.153048,-0.004707,0.008824,1,acq,20480,20480,0,16,True,False,1,1200000,8381618,False,-1382777,1563755,0,0,0,0,1,1,1784352668.436374
229,136,5,formal,up,51,68,0,2.250851809698209,1784352670.774818,1784352673.115411,1784352671.9451146,1.2,-0.088944,-0.152875,-0.0047,0.008858,1,acq,20480,20480,0,16,True,False,1,1200000,8381618,False,-1332473,1539958,0,0,0,0,1,1,1784352670.774818
230,136,6,formal,up,51,68,0,2.250851809698209,1784352673.115915,1784352675.441479,1784352674.278697,1.2,-0.088767,-0.152509,-0.0047,0.008823,1,acq,20480,20480,0,16,True,False,1,1200000,8381618,False,-1316975,1467719,0,0,0,0,1,1,1784352673.115915
231,136,7,formal,up,51,68,0,2.250851809698209,1784352675.44175,1784352677.786512,1784352676.614131,1.2,-0.088577,-0.152351,-0.004702,0.008811,1,acq,20480,20480,0,16,True,False,1,1200000,8381618,False,-1399037,1537671,0,0,0,0,1,1,1784352675.44175
232,137,0,formal,down,51,68,1,2.250851809698209,1784352690.482275,1784352692.815306,1784352691.6487904,1.2,-0.088304,-0.151947,-0.004728,0.008845,1,acq,20480,20480,0,16,True,False,1,1200000,8381618,False,-1347124,1474663,0,0,0,0,1,1,1784352690.482275
233,137,1,formal,down,51,68,1,2.250851809698209,1784352692.816399,1784352695.1505952,1784352693.9834971,1.2,-0.088344,-0.151965,-0.004705,0.008839,1,acq,20480,20480,0,16,True,False,1,1200000,8381618,False,-1345515,1533775,0,0,0,0,1,1,1784352692.816399
234,137,2,formal,down,51,68,1,2.250851809698209,1784352695.15101,1784352697.4839501,1784352696.31748,1.2,-0.088329,-0.151926,-0.004711,0.008832,1,acq,20480,20480,0,16,True,False,1,1200000,8381618,False,-1330610,1438841,0,0,0,0,1,1,1784352695.15101
235,137,3,formal,down,51,68,1,2.250851809698209,1784352697.4842272,1784352699.825494,1784352698.6548605,1.2,-0.088206,-0.151934,-0.004722,0.008853,1,acq,20480,20480,0,16,True,False,1,1200000,8381618,False,-1312487,1538094,0,0,0,0,1,1,1784352697.4842272
236,137,4,formal,down,51,68,1,2.250851809698209,1784352699.826581,1784352702.167978,1784352700.9972796,1.2,-0.088235,-0.151856,-0.004701,0.008807,1,acq,20480,20480,0,16,True,False,1,1200000,8381618,False,-1315282,1501340,0,0,0,0,1,1,1784352699.826581
237,137,5,formal,down,51,68,1,2.250851809698209,1784352702.168276,1784352704.4995,1784352703.333888,1.2,-0.088274,-0.151887,-0.004693,0.008793,1,acq,20480,20480,0,16,True,False,1,1200000,8381618,False,-1392517,1519378,0,0,0,0,1,1,1784352702.168276
238,137,6,formal,down,51,68,1,2.250851809698209,1784352704.499695,1784352706.8326242,1784352705.6661596,1.2,-0.088309,-0.151914,-0.004695,0.008822,1,acq,20480,20480,0,16,True,False,1,1200000,8381618,False,-1322734,1498207,0,0,0,0,1,1,1784352704.499695
239,137,7,formal,down,51,68,1,2.250851809698209,1784352706.833733,1784352709.1659222,1784352707.9998276,1.2,-0.088394,-0.152196,-0.004698,0.008843,1,acq,20480,20480,0,16,True,False,1,1200000,8381618,False,-1325783,1516414,0,0,0,0,1,1,1784352706.833733
240,138,0,formal,down,29,69,0,-0.621324666725962,1784352749.182693,1784352751.52778,1784352750.3552365,0.902957,0.406845,0.693695,-0.001112,2.4e-05,1,acq,20480,20480,0,16,True,False,1,1200000,8381618,False,-5810240,5826331,0,0,0,0,1,1,1784352749.182693
241,138,1,formal,down,29,69,0,-0.621324666725962,1784352751.529309,1784352753.853326,1784352752.6913176,0.90068,0.406803,0.694056,-0.001149,-1.1e-05,1,acq,20480,20480,0,16,True,False,1,1200000,8381618,False,-5763154,5767727,0,0,0,0,1,1,1784352751.529309
242,138,2,formal,down,29,69,0,-0.621324666725962,1784352753.853585,1784352756.1924942,1784352755.0230396,0.897894,0.406641,0.693852,-0.001167,-3.3e-05,1,acq,20480,20480,0,16,True,False,1,1200000,8381618,False,-5783309,5752907,0,0,0,0,1,1,1784352753.853585
243,138,3,formal,down,29,69,0,-0.621324666725962,1784352756.1927638,1784352758.508812,1784352757.3507879,0.895674,0.406531,0.693952,-0.001146,-6.1e-05,1,acq,20480,20480,0,16,True,False,1,1200000,8381618,False,-5795504,5771453,0,0,0,0,1,1,1784352756.1927638
244,138,4,formal,down,29,69,0,-0.621324666725962,1784352758.509907,1784352760.8349252,1784352759.6724162,0.893696,0.406555,0.694081,-0.00115,-6.4e-05,1,acq,20480,20480,0,16,True,False,1,1200000,8381618,False,-5816761,5796182,0,0,0,0,1,1,1784352758.509907
245,138,5,formal,down,29,69,0,-0.621324666725962,1784352760.835171,1784352763.178912,1784352762.0070415,0.892323,0.406851,0.694543,-0.001077,-7.7e-05,1,acq,20480,20480,0,16,True,False,1,1200000,8381618,False,-5814136,5740203,0,0,0,0,1,1,1784352760.835171
246,138,6,formal,down,29,69,0,-0.621324666725962,1784352763.179472,1784352765.530902,1784352764.355187,0.890663,0.406895,0.694745,-0.001142,-3.3e-05,1,acq,20480,20480,0,16,True,False,1,1200000,8381618,False,-5801517,5758835,0,0,0,0,1,1,1784352763.179472
247,138,7,formal,down,29,69,0,-0.621324666725962,1784352765.531208,1784352767.870618,1784352766.700913,0.889132,0.406893,0.694844,-0.00103,-0.000114,1,acq,20480,20480,0,16,True,False,1,1200000,8381618,False,-5798553,5793048,0,0,0,0,1,1,1784352765.531208
248,139,0,formal,up,29,69,1,-0.621324666725962,1784352780.576289,1784352782.906467,1784352781.7413778,0.879873,0.4071,0.6952,-0.001043,-0.000279,1,acq,20480,20480,0,16,True,False,1,1200000,8381618,False,-5793980,5795504,0,0,0,0,1,1,1784352780.576289
249,139,1,formal,up,29,69,1,-0.621324666725962,1784352782.907551,1784352785.232289,1784352784.06992,0.87919,0.407393,0.695648,-0.001072,-0.000233,1,acq,20480,20480,0,16,True,False,1,1200000,8381618,False,-5823621,5802025,0,0,0,0,1,1,1784352782.907551
250,139,2,formal,up,29,69,1,-0.621324666725962,1784352785.2325199,1784352787.5566459,1784352786.3945827,0.877465,0.407018,0.695195,-0.001004,-0.000276,1,acq,20480,20480,0,16,True,False,1,1200000,8381618,False,-5838526,5817777,0,0,0,0,1,1,1784352785.2325199
251,139,3,formal,up,29,69,1,-0.621324666725962,1784352787.557067,1784352789.893263,1784352788.725165,0.877102,0.407378,0.695821,-0.000989,-0.000331,1,acq,20480,20480,0,16,True,False,1,1200000,8381618,False,-5767303,5757734,0,0,0,0,1,1,1784352787.557067
252,139,4,formal,up,29,69,1,-0.621324666725962,1784352789.894347,1784352792.22268,1784352791.0585136,0.875172,0.406945,0.695342,-0.001033,-0.000231,1,acq,20480,20480,0,16,True,False,1,1200000,8381618,False,-5785935,5780430,0,0,0,0,1,1,1784352789.894347
253,139,5,formal,up,29,69,1,-0.621324666725962,1784352792.222941,1784352794.557772,1784352793.3903565,0.874802,0.407302,0.695865,-0.000998,-0.00029,1,acq,20480,20480,0,16,True,False,1,1200000,8381618,False,-5804735,5754516,0,0,0,0,1,1,1784352792.222941
254,139,6,formal,up,29,69,1,-0.621324666725962,1784352794.558014,1784352796.902826,1784352795.73042,0.873378,0.407088,0.695592,-0.00099,-0.000264,1,acq,20480,20480,0,16,True,False,1,1200000,8381618,False,-5801432,5770268,0,0,0,0,1,1,1784352794.558014
255,139,7,formal,up,29,69,1,-0.621324666725962,1784352796.9039218,1784352799.249794,1784352798.076858,0.872375,0.40708,0.695666,-0.000917,-0.000309,1,acq,20480,20480,0,16,True,False,1,1200000,8381618,False,-5806090,5807530,0,0,0,0,1,1,1784352796.9039218
256,140,0,formal,up,4,70,0,-3.8851615717534296,1784352847.831697,1784352850.1595478,1784352848.9956224,0.057076,-0.149285,-0.254971,0.004194,-0.006973,1,acq,20480,20480,0,16,True,False,1,1200000,8381618,False,-2243541,2139884,0,0,0,0,1,1,1784352847.831697
257,140,1,formal,up,4,70,0,-3.8851615717534296,1784352850.160074,1784352852.502559,1784352851.3313165,0.058236,-0.150699,-0.257401,0.004196,-0.007008,1,acq,20480,20480,0,16,True,False,1,1200000,8381618,False,-2240323,2147506,0,0,0,0,1,1,1784352850.160074
258,140,2,formal,up,4,70,0,-3.8851615717534296,1784352852.502808,1784352854.83585,1784352853.6693292,0.05942,-0.152207,-0.260018,0.004183,-0.006932,1,acq,20480,20480,0,16,True,False,1,1200000,8381618,False,-2296640,2175537,0,0,0,0,1,1,1784352852.502808
259,140,3,formal,up,4,70,0,-3.8851615717534296,1784352854.836069,1784352857.173651,1784352856.00486,0.060464,-0.153427,-0.262203,0.004175,-0.006915,1,acq,20480,20480,0,16,True,False,1,1200000,8381618,False,-2326958,2182482,0,0,0,0,1,1,1784352854.836069
260,140,4,formal,up,4,70,0,-3.8851615717534296,1784352857.1747258,1784352859.3661592,1784352858.2704425,0.061153,7e-06,8e-06,1e-06,-9e-06,1,acq,20480,20480,0,16,True,False,1,1200000,8381618,False,-112719,134060,0,0,0,0,1,1,1784352857.1747258
261,140,5,formal,up,4,70,0,-3.8851615717534296,1784352859.366424,1784352861.5589938,1784352860.462709,0.06204,1.5e-05,-1.2e-05,-1e-05,-2e-06,1,acq,20480,20480,0,16,True,False,1,1200000,8381618,False,-105859,114667,0,0,0,0,1,1,1784352859.366424
262,140,6,formal,up,4,70,0,-3.8851615717534296,1784352861.5592508,1784352863.739603,1784352862.649427,0.062956,7e-06,3e-06,1e-05,9e-06,1,acq,20480,20480,0,16,True,False,1,1200000,8381618,False,-103996,121865,0,0,0,0,1,1,1784352861.5592508
263,140,7,formal,up,4,70,0,-3.8851615717534296,1784352863.7398689,1784352865.932935,1784352864.836402,0.063869,6e-06,1e-05,7e-06,1e-06,1,acq,20480,20480,0,16,True,False,1,1200000,8381618,False,-105351,123305,0,0,0,0,1,1,1784352863.7398689
264,141,0,formal,down,4,70,1,-3.8851615717534296,1784352878.649539,1784352880.983265,1784352879.816402,0.069819,-0.164218,-0.28079,0.004092,-0.006748,1,acq,20480,20480,0,16,True,False,1,1200000,8381618,False,-2454328,2333988,0,0,0,0,1,1,1784352878.649539
265,141,1,formal,down,4,70,1,-3.8851615717534296,1784352880.984376,1784352883.3205812,1784352882.1524787,0.070707,-0.165237,-0.282472,0.004057,-0.006772,1,acq,20480,20480,0,16,True,False,1,1200000,8381618,False,-2474315,2338899,0,0,0,0,1,1,1784352880.984376
266,141,2,formal,down,4,70,1,-3.8851615717534296,1784352883.3208508,1784352885.657155,1784352884.489003,0.071509,-0.166129,-0.284024,0.004049,-0.006741,1,acq,20480,20480,0,16,True,False,1,1200000,8381618,False,-2482953,2366423,0,0,0,0,1,1,1784352883.3208508
267,141,3,formal,down,4,70,1,-3.8851615717534296,1784352885.6573818,1784352887.9855108,1784352886.8214464,0.072339,-0.167051,-0.285617,0.004072,-0.006715,1,acq,20480,20480,0,16,True,False,1,1200000,8381618,False,-2496333,2374129,0,0,0,0,1,1,1784352885.6573818
268,141,4,formal,down,4,70,1,-3.8851615717534296,1784352887.985853,1784352890.3277252,1784352889.156789,0.073127,-0.167845,-0.286992,0.004066,-0.00673,1,acq,20480,20480,0,16,True,False,1,1200000,8381618,False,-2481090,2384377,0,0,0,0,1,1,1784352887.985853
269,141,5,formal,down,4,70,1,-3.8851615717534296,1784352890.3279538,1784352892.660341,1784352891.4941473,0.073849,-0.168576,-0.288211,0.004051,-0.006683,1,acq,20480,20480,0,16,True,False,1,1200000,8381618,False,-2479057,2403939,0,0,0,0,1,1,1784352890.3279538
270,141,6,formal,down,4,70,1,-3.8851615717534296,1784352892.6616619,1784352894.9809349,1784352893.8212984,0.074611,-0.169441,-0.289671,0.004054,-0.006686,1,acq,20480,20480,0,16,True,False,1,1200000,8381618,False,-2498535,2406903,0,0,0,0,1,1,1784352892.6616619
271,141,7,formal,down,4,70,1,-3.8851615717534296,1784352894.981187,1784352897.3060322,1784352896.1436095,0.075318,-0.170091,-0.290924,0.004081,-0.006685,1,acq,20480,20480,0,16,True,False,1,1200000,8381618,False,-2517505,2415796,0,0,0,0,1,1,1784352894.981187
272,142,0,formal,down,76,71,0,5.514688714725676,1784353012.10677,1784353014.443755,1784353013.2752624,0.428574,-0.357767,-0.607843,0.001315,-0.000818,1,acq,20480,20480,0,16,True,False,1,1200000,8381618,False,-5011213,5069478,0,0,0,0,1,1,1784353012.10677
273,142,1,formal,down,76,71,0,5.514688714725676,1784353014.444972,1784353016.780512,1784353015.612742,0.425239,-0.356821,-0.606376,0.001275,-0.000827,1,acq,20480,20480,0,16,True,False,1,1200000,8381618,False,-5015532,5063720,0,0,0,0,1,1,1784353014.444972
274,142,2,formal,down,76,71,0,5.514688714725676,1784353016.780885,1784353019.106969,1784353017.943927,0.42168,-0.355701,-0.604537,0.001364,-0.000896,1,acq,20480,20480,0,16,True,False,1,1200000,8381618,False,-4983097,5023408,0,0,0,0,1,1,1784353016.780885
275,142,3,formal,down,76,71,0,5.514688714725676,1784353019.1072168,1784353021.428534,1784353020.2678754,0.418895,-0.35513,-0.603578,0.001415,-0.000903,1,acq,20480,20480,0,16,True,False,1,1200000,8381618,False,-4980133,5027219,0,0,0,0,1,1,1784353019.1072168
276,142,4,formal,down,76,71,0,5.514688714725676,1784353021.428849,1784353023.7563279,1784353022.5925884,0.415668,-0.354079,-0.601937,0.001431,-0.000951,1,acq,20480,20480,0,16,True,False,1,1200000,8381618,False,-4996139,5004354,0,0,0,0,1,1,1784353021.428849
277,142,5,formal,down,76,71,0,5.514688714725676,1784353023.7566552,1784353026.086935,1784353024.9217951,0.412405,-0.352827,-0.599929,0.001455,-0.001032,1,acq,20480,20480,0,16,True,False,1,1200000,8381618,False,-4943972,4999781,0,0,0,0,1,1,1784353023.7566552
278,142,6,formal,down,76,71,0,5.514688714725676,1784353026.0873759,1784353028.420084,1784353027.2537298,0.410023,-0.352386,-0.599124,0.001398,-0.001046,1,acq,20480,20480,0,16,True,False,1,1200000,8381618,False,-4960401,4993937,0,0,0,0,1,1,1784353026.0873759
279,142,7,formal,down,76,71,0,5.514688714725676,1784353028.420377,1784353030.753433,1784353029.586905,0.407393,-0.351742,-0.597825,0.001486,-0.001062,1,acq,20480,20480,0,16,True,False,1,1200000,8381618,False,-4960570,4962603,0,0,0,0,1,1,1784353028.420377
280,143,0,formal,up,76,71,1,5.514688714725676,1784353043.469357,1784353045.7919118,1784353044.6306343,0.392255,-0.347236,-0.590277,0.001517,-0.001366,1,acq,20480,20480,0,16,True,False,1,1200000,8381618,False,-4907895,4913230,0,0,0,0,1,1,1784353043.469357
281,143,1,formal,up,76,71,1,5.514688714725676,1784353045.793105,1784353048.1229079,1784353046.9580064,0.390032,-0.346338,-0.58889,0.001592,-0.001288,1,acq,20480,20480,0,16,True,False,1,1200000,8381618,False,-4910689,4937027,0,0,0,0,1,1,1784353045.793105
282,143,2,formal,up,76,71,1,5.514688714725676,1784353048.123156,1784353050.464842,1784353049.2939992,0.388131,-0.345847,-0.588084,0.001563,-0.00132,1,acq,20480,20480,0,16,True,False,1,1200000,8381618,False,-4875290,4886808,0,0,0,0,1,1,1784353048.123156
283,143,3,formal,up,76,71,1,5.514688714725676,1784353050.4651158,1784353052.805472,1784353051.635294,0.385809,-0.34491,-0.586544,0.001659,-0.001306,1,acq,20480,20480,0,16,True,False,1,1200000,8381618,False,-4852170,4906032,0,0,0,0,1,1,1784353050.4651158
284,143,4,formal,up,76,71,1,5.514688714725676,1784353052.80653,1784353055.141644,1784353053.974087,0.383857,-0.344465,-0.585681,0.001679,-0.001311,1,acq,20480,20480,0,16,True,False,1,1200000,8381618,False,-4831252,4887570,0,0,0,0,1,1,1784353052.80653
285,143,5,formal,up,76,71,1,5.514688714725676,1784353055.141906,1784353057.475245,1784353056.3085756,0.382153,-0.343906,-0.585068,0.001595,-0.001384,1,acq,20480,20480,0,16,True,False,1,1200000,8381618,False,-4893244,4867160,0,0,0,0,1,1,1784353055.141906
286,143,6,formal,up,76,71,1,5.514688714725676,1784353057.475483,1784353059.814956,1784353058.6452193,0.379924,-0.343125,-0.583472,0.001625,-0.001436,1,acq,20480,20480,0,16,True,False,1,1200000,8381618,False,-4832015,4882827,0,0,0,0,1,1,1784353057.475483
287,143,7,formal,up,76,71,1,5.514688714725676,1784353059.815211,1784353062.1565819,1784353060.9858966,0.378138,-0.342678,-0.582734,0.001653,-0.001429,1,acq,20480,20480,0,16,True,False,1,1200000,8381618,False,-4824308,4834301,0,0,0,0,1,1,1784353059.815211
288,144,0,formal,up,68,72,0,4.470260905116888,1784353084.8418748,1784353087.167616,1784353086.0047455,0.852297,-0.41011,-0.697807,0.002556,-0.002651,1,acq,20480,20480,0,16,True,False,1,1200000,8381618,False,-5761883,5789322,0,0,0,0,1,1,1784353084.8418748
289,144,1,formal,up,68,72,0,4.470260905116888,1784353087.1693828,1784353089.4893801,1784353088.3293815,0.851485,-0.409975,-0.69785,0.002449,-0.002715,1,acq,20480,20480,0,16,True,False,1,1200000,8381618,False,-5824213,5784749,0,0,0,0,1,1,1784353087.1693828
290,144,2,formal,up,68,72,0,4.470260905116888,1784353089.489938,1784353091.8186061,1784353090.654272,0.852019,-0.410656,-0.698904,0.002539,-0.002738,1,acq,20480,20480,0,16,True,False,1,1200000,8381618,False,-5791778,5787713,0,0,0,0,1,1,1784353089.489938
291,144,3,formal,up,68,72,0,4.470260905116888,1784353091.8189042,1784353094.149647,1784353092.9842756,0.850406,-0.410211,-0.698428,0.0026,-0.00275,1,acq,20480,20480,0,16,True,False,1,1200000,8381618,False,-5783309,5817100,0,0,0,0,1,1,1784353091.8189042
292,144,4,formal,up,68,72,0,4.470260905116888,1784353094.150294,1784353096.473063,1784353095.3116784,0.849828,-0.410129,-0.69845,0.002653,-0.0027,1,acq,20480,20480,0,16,True,False,1,1200000,8381618,False,-5779160,5786697,0,0,0,0,1,1,1784353094.150294
293,144,5,formal,up,68,72,0,4.470260905116888,1784353096.476195,1784353098.8095748,1784353097.642885,0.849111,-0.410367,-0.698756,0.002655,-0.002684,1,acq,20480,20480,0,16,True,False,1,1200000,8381618,False,-5821757,5798299,0,0,0,0,1,1,1784353096.476195
294,144,6,formal,up,68,72,0,4.470260905116888,1784353098.809778,1784353101.142285,1784353099.9760315,0.84852,-0.410502,-0.698979,0.002644,-0.002675,1,acq,20480,20480,0,16,True,False,1,1200000,8381618,False,-5818624,5805328,0,0,0,0,1,1,1784353098.809778
295,144,7,formal,up,68,72,0,4.470260905116888,1784353101.1431198,1784353103.467021,1784353102.3050704,0.847065,-0.410079,-0.698509,0.002672,-0.002757,1,acq,20480,20480,0,16,True,False,1,1200000,8381618,False,-5816846,5835308,0,0,0,0,1,1,1784353101.1431198
296,145,0,formal,down,68,72,1,4.470260905116888,1784353116.117839,1784353118.440755,1784353117.2792969,0.840865,-0.41007,-0.698775,0.002759,-0.002761,1,acq,20480,20480,0,16,True,False,1,1200000,8381618,False,-5767981,5828278,0,0,0,0,1,1,1784353116.117839
297,145,1,formal,down,68,72,1,4.470260905116888,1784353118.44129,1784353120.767092,1784353119.6041908,0.83977,-0.409981,-0.698685,0.002866,-0.002875,1,acq,20480,20480,0,16,True,False,1,1200000,8381618,False,-5822435,5882648,0,0,0,0,1,1,1784353118.44129
298,145,2,formal,down,68,72,1,4.470260905116888,1784353120.767421,1784353123.100707,1784353121.934064,0.838775,-0.409862,-0.698549,0.002739,-0.002799,1,acq,20480,20480,0,16,True,False,1,1200000,8381618,False,-5789746,5823790,0,0,0,0,1,1,1784353120.767421
299,145,3,formal,down,68,72,1,4.470260905116888,1784353123.101501,1784353125.429533,1784353124.265517,0.838355,-0.4102,-0.699009,0.002782,-0.0028,1,acq,20480,20480,0,16,True,False,1,1200000,8381618,False,-5782971,5784241,0,0,0,0,1,1,1784353123.101501
300,145,4,formal,down,68,72,1,4.470260905116888,1784353125.432966,1784353127.768451,1784353126.6007085,0.836885,-0.409798,-0.698591,0.002765,-0.002862,1,acq,20480,20480,0,16,True,False,1,1200000,8381618,False,-5782462,5831327,0,0,0,0,1,1,1784353125.432966
301,145,5,formal,down,68,72,1,4.470260905116888,1784353127.769286,1784353130.083051,1784353128.9261684,0.835567,-0.409683,-0.698275,0.002751,-0.002765,1,acq,20480,20480,0,16,True,False,1,1200000,8381618,False,-5787290,5819132,0,0,0,0,1,1,1784353127.769286
302,145,6,formal,down,68,72,1,4.470260905116888,1784353130.083881,1784353132.4083688,1784353131.2461247,0.834924,-0.409829,-0.698502,0.002824,-0.002837,1,acq,20480,20480,0,16,True,False,1,1200000,8381618,False,-5784664,5809647,0,0,0,0,1,1,1784353130.083881
303,145,7,formal,down,68,72,1,4.470260905116888,1784353132.4086668,1784353134.7369611,1784353133.572814,0.834142,-0.409832,-0.698707,0.002711,-0.002834,1,acq,20480,20480,0,16,True,False,1,1200000,8381618,False,-5778652,5881632,0,0,0,0,1,1,1784353132.4086668
304,146,0,formal,down,12,73,0,-2.84073376214464,1784353224.359154,1784353226.696898,1784353225.528026,0.044071,0.131715,0.224769,0.003419,-0.006928,1,acq,20480,20480,0,16,True,False,1,1200000,8381618,False,-1974743,1877437,0,0,0,0,1,1,1784353224.359154
305,146,1,formal,down,12,73,0,-2.84073376214464,1784353226.6982138,1784353229.023427,1784353227.8608203,0.042778,0.129773,0.221565,0.003461,-0.006941,1,acq,20480,20480,0,16,True,False,1,1200000,8381618,False,-1951031,1842038,0,0,0,0,1,1,1784353226.6982138
306,146,2,formal,down,12,73,0,-2.84073376214464,1784353229.024079,1784353231.348195,1784353230.1861372,0.041632,0.128102,0.218772,0.003494,-0.00696,1,acq,20480,20480,0,16,True,False,1,1200000,8381618,False,-1939598,1820781,0,0,0,0,1,1,1784353229.024079
307,146,3,formal,down,12,73,0,-2.84073376214464,1784353231.348602,1784353233.664311,1784353232.5064564,0.040601,0.126649,0.21631,0.003489,-0.007004,1,acq,20480,20480,0,16,True,False,1,1200000,8381618,False,-1916139,1799271,0,0,0,0,1,1,1784353231.348602
308,146,4,formal,down,12,73,0,-2.84073376214464,1784353233.664729,1784353235.9821582,1784353234.8234437,0.039558,0.125048,0.213604,0.003519,-0.007036,1,acq,20480,20480,0,16,True,False,1,1200000,8381618,False,-1907755,1783858,0,0,0,0,1,1,1784353233.664729
309,146,5,formal,down,12,73,0,-2.84073376214464,1784353235.9831831,1784353238.307199,1784353237.1451912,0.03859,0.123512,0.211041,0.003493,-0.007046,1,acq,20480,20480,0,16,True,False,1,1200000,8381618,False,-1885144,1767428,0,0,0,0,1,1,1784353235.9831831
310,146,6,formal,down,12,73,0,-2.84073376214464,1784353238.308734,1784353240.632169,1784353239.4704514,0.03769,0.122139,0.208705,0.003537,-0.007073,1,acq,20480,20480,0,16,True,False,1,1200000,8381618,False,-1880062,1749390,0,0,0,0,1,1,1784353238.308734
311,146,7,formal,down,12,73,0,-2.84073376214464,1784353240.6333382,1784353242.9581,1784353241.7957191,0.036891,0.120885,0.206585,0.003536,-0.007079,1,acq,20480,20480,0,16,True,False,1,1200000,8381618,False,-1845679,1707469,0,0,0,0,1,1,1784353240.6333382
312,147,0,formal,up,12,73,1,-2.84073376214464,1784353255.561273,1784353257.885877,1784353256.723575,0.032191,0.11334,0.193783,0.003643,-0.007214,1,acq,20480,20480,0,16,True,False,1,1200000,8381618,False,-1745325,1601441,0,0,0,0,1,1,1784353255.561273
313,147,1,formal,up,12,73,1,-2.84073376214464,1784353257.88683,1784353260.211505,1784353259.0491676,0.0316,0.112234,0.191878,0.003636,-0.007179,1,acq,20480,20480,0,16,True,False,1,1200000,8381618,False,-1719326,1601610,0,0,0,0,1,1,1784353257.88683
314,147,2,formal,up,12,73,1,-2.84073376214464,1784353260.2129369,1784353262.5465422,1784353261.3797395,0.030977,0.111152,0.190104,0.003656,-0.00719,1,acq,20480,20480,0,16,True,False,1,1200000,8381618,False,-1715091,1586282,0,0,0,0,1,1,1784353260.2129369
315,147,3,formal,up,12,73,1,-2.84073376214464,1784353262.547128,1784353264.8681622,1784353263.707645,0.030415,0.110276,0.188539,0.003671,-0.007216,1,acq,20480,20480,0,16,True,False,1,1200000,8381618,False,-1705606,1571969,0,0,0,0,1,1,1784353262.547128
316,147,4,formal,up,12,73,1,-2.84073376214464,1784353264.868757,1784353267.198625,1784353266.033691,0.029886,0.109337,0.186979,0.003678,-0.00725,1,acq,20480,20480,0,16,True,False,1,1200000,8381618,False,-1703828,1557911,0,0,0,0,1,1,1784353264.868757
317,147,5,formal,up,12,73,1,-2.84073376214464,1784353267.1991098,1784353269.523548,1784353268.3613288,0.029337,0.108344,0.185341,0.003695,-0.007225,1,acq,20480,20480,0,16,True,False,1,1200000,8381618,False,-1670376,1550628,0,0,0,0,1,1,1784353267.1991098
318,147,6,formal,up,12,73,1,-2.84073376214464,1784353269.5245519,1784353271.853033,1784353270.6887925,0.028825,0.107432,0.183783,0.003686,-0.007283,1,acq,20480,20480,0,16,True,False,1,1200000,8381618,False,-1671816,1527339,0,0,0,0,1,1,1784353269.5245519
319,147,7,formal,up,12,73,1,-2.84073376214464,1784353271.8536599,1784353274.1780322,1784353273.015846,0.028326,0.106535,0.182285,0.003707,-0.00726,1,acq,20480,20480,0,16,True,False,1,1200000,8381618,False,-1653693,1512858,0,0,0,0,1,1,1784353271.8536599
320,148,0,formal,up,19,74,0,-1.9268594287369494,1784353292.51681,1784353294.837054,1784353293.6769319,0.247122,0.290822,0.495193,0.00058,-0.002978,1,acq,20480,20480,0,16,True,False,1,1200000,8381618,False,-4148841,4076856,0,0,0,0,1,1,1784353292.51681
321,148,1,formal,up,19,74,0,-1.9268594287369494,1784353294.8410618,1784353297.175147,1784353296.0081043,0.246694,0.290509,0.4948,0.000649,-0.002902,1,acq,20480,20480,0,16,True,False,1,1200000,8381618,False,-4172468,4078296,0,0,0,0,1,1,1784353294.8410618
322,148,2,formal,up,19,74,0,-1.9268594287369494,1784353297.176256,1784353299.507623,1784353298.3419394,0.246209,0.290033,0.494235,0.000631,-0.002915,1,acq,20480,20480,0,16,True,False,1,1200000,8381618,False,-4171367,4064407,0,0,0,0,1,1,1784353297.176256
323,148,3,formal,up,19,74,0,-1.9268594287369494,1784353299.5084732,1784353301.831219,1784353300.669846,0.246066,0.290167,0.494436,0.000679,-0.002977,1,acq,20480,20480,0,16,True,False,1,1200000,8381618,False,-4161967,4064153,0,0,0,0,1,1,1784353299.5084732
324,148,4,formal,up,19,74,0,-1.9268594287369494,1784353301.832011,1784353304.165086,1784353302.9985485,0.245595,0.289831,0.49408,0.000683,-0.002933,1,acq,20480,20480,0,16,True,False,1,1200000,8381618,False,-4143336,4084139,0,0,0,0,1,1,1784353301.832011
325,148,5,formal,up,19,74,0,-1.9268594287369494,1784353304.166229,1784353306.4927738,1784353305.3295014,0.244792,0.289208,0.493174,0.000666,-0.002958,1,acq,20480,20480,0,16,True,False,1,1200000,8381618,False,-4150111,4073469,0,0,0,0,1,1,1784353304.166229
326,148,6,formal,up,19,74,0,-1.9268594287369494,1784353306.4939678,1784353308.820663,1784353307.6573153,0.244457,0.289263,0.49317,0.000619,-0.00298,1,acq,20480,20480,0,16,True,False,1,1200000,8381618,False,-4169420,4051281,0,0,0,0,1,1,1784353306.4939678
327,148,7,formal,up,19,74,0,-1.9268594287369494,1784353308.821225,1784353311.165218,1784353309.9932215,0.24402,0.288991,0.492718,0.000718,-0.003015,1,acq,20480,20480,0,16,True,False,1,1200000,8381618,False,-4133343,4047893,0,0,0,0,1,1,1784353308.821225
328,149,0,formal,down,19,74,1,-1.9268594287369494,1784353323.777129,1784353326.1068149,1784353324.9419718,0.240705,0.287407,0.490156,0.000792,-0.00309,1,acq,20480,20480,0,16,True,False,1,1200000,8381618,False,-4109969,4040356,0,0,0,0,1,1,1784353323.777129
329,149,1,formal,down,19,74,1,-1.9268594287369494,1784353326.10816,1784353328.431232,1784353327.269696,0.240323,0.287309,0.490126,0.000798,-0.003061,1,acq,20480,20480,0,16,True,False,1,1200000,8381618,False,-4105311,4042219,0,0,0,0,1,1,1784353326.10816
330,149,2,formal,down,19,74,1,-1.9268594287369494,1784353328.4322329,1784353330.7536168,1784353329.5929248,0.239674,0.286912,0.489578,0.000776,-0.003081,1,acq,20480,20480,0,16,True,False,1,1200000,8381618,False,-4112764,4024011,0,0,0,0,1,1,1784353328.4322329
331,149,3,formal,down,19,74,1,-1.9268594287369494,1784353330.754245,1784353333.0818849,1784353331.918065,0.239009,0.286401,0.488784,0.000865,-0.003079,1,acq,20480,20480,0,16,True,False,1,1200000,8381618,False,-4096673,4037307,0,0,0,0,1,1,1784353330.754245
332,149,4,formal,down,19,74,1,-1.9268594287369494,1784353333.082699,1784353335.403871,1784353334.2432852,0.238406,0.286171,0.488316,0.000796,-0.003146,1,acq,20480,20480,0,16,True,False,1,1200000,8381618,False,-4093116,4038069,0,0,0,0,1,1,1784353333.082699
333,149,5,formal,down,19,74,1,-1.9268594287369494,1784353335.406463,1784353337.732325,1784353336.569394,0.237899,0.285895,0.48793,0.0008,-0.003082,1,acq,20480,20480,0,16,True,False,1,1200000,8381618,False,-4094132,4010969,0,0,0,0,1,1,1784353335.406463
334,149,6,formal,down,19,74,1,-1.9268594287369494,1784353337.733165,1784353340.0627048,1784353338.897935,0.237333,0.285623,0.487415,0.000874,-0.003125,1,acq,20480,20480,0,16,True,False,1,1200000,8381618,False,-4102601,4011732,0,0,0,0,1,1,1784353337.733165
335,149,7,formal,down,19,74,1,-1.9268594287369494,1784353340.0635588,1784353342.3932538,1784353341.2284064,0.236627,0.285159,0.486672,0.000823,-0.003143,1,acq,20480,20480,0,16,True,False,1,1200000,8381618,False,-4073469,4012070,0,0,0,0,1,1,1784353340.0635588
336,150,0,formal,down,61,75,0,3.5563865717091963,1784353414.9104729,1784353417.235509,1784353416.072991,1.2,-0.324151,-0.553861,-0.000498,0.002709,1,acq,20480,20480,0,16,True,False,1,1200000,8381618,False,-4578460,4677121,0,0,0,0,1,1,1784353414.9104729
337,150,1,formal,down,61,75,0,3.5563865717091963,1784353417.235797,1784353419.555352,1784353418.3955746,1.2,-0.324617,-0.554973,-0.000451,0.002676,1,acq,20480,20480,0,16,True,False,1,1200000,8381618,False,-4601326,4746142,0,0,0,0,1,1,1784353417.235797
338,150,2,formal,down,61,75,0,3.5563865717091963,1784353419.555789,1784353421.8765419,1784353420.7161655,1.2,-0.325169,-0.555841,-0.000402,0.00262,1,acq,20480,20480,0,16,True,False,1,1200000,8381618,False,-4716755,4888501,0,0,0,0,1,1,1784353419.555789
339,150,3,formal,down,61,75,0,3.5563865717091963,1784353421.8772008,1784353424.2056909,1784353423.0414457,1.2,-0.326156,-0.557638,-0.000319,0.0026,1,acq,20480,20480,0,16,True,False,1,1200000,8381618,False,-4633084,4774258,0,0,0,0,1,1,1784353421.8772008
340,150,4,formal,down,61,75,0,3.5563865717091963,1784353424.2066402,1784353426.5286741,1784353425.3676572,1.2,-0.32683,-0.558846,-0.000284,0.002577,1,acq,20480,20480,0,16,True,False,1,1200000,8381618,False,-4634354,4749783,0,0,0,0,1,1,1784353424.2066402
341,150,5,formal,down,61,75,0,3.5563865717091963,1784353426.5295,1784353428.8617449,1784353427.6956224,1.2,-0.327339,-0.559702,-0.000322,0.002545,1,acq,20480,20480,0,16,True,False,1,1200000,8381618,False,-4672717,4762486,0,0,0,0,1,1,1784353426.5295
342,150,6,formal,down,61,75,0,3.5563865717091963,1784353428.8628778,1784353431.190573,1784353430.0267253,1.2,-0.328151,-0.561043,-0.000355,0.002594,1,acq,20480,20480,0,16,True,False,1,1200000,8381618,False,-4750884,4801612,0,0,0,0,1,1,1784353428.8628778
343,150,7,formal,down,61,75,0,3.5563865717091963,1784353431.191398,1784353433.5146391,1784353432.3530185,1.2,-0.32873,-0.562299,-0.00026,0.002532,1,acq,20480,20480,0,16,True,False,1,1200000,8381618,False,-4697616,4750969,0,0,0,0,1,1,1784353431.191398
344,151,0,formal,up,61,75,1,3.5563865717091963,1784353446.156903,1784353448.480373,1784353447.3186378,1.2,-0.332602,-0.568785,-0.000193,0.002414,1,acq,20480,20480,0,16,True,False,1,1200000,8381618,False,-4708286,4833031,0,0,0,0,1,1,1784353446.156903
345,151,1,formal,up,61,75,1,3.5563865717091963,1784353448.481813,1784353450.803623,1784353449.6427178,1.2,-0.332997,-0.569417,-0.000222,0.002374,1,acq,20480,20480,0,16,True,False,1,1200000,8381618,False,-4732253,4855304,0,0,0,0,1,1,1784353448.481813
346,151,2,formal,up,61,75,1,3.5563865717091963,1784353450.804829,1784353453.130732,1784353451.9677806,1.2,-0.333274,-0.570074,-0.000142,0.002399,1,acq,20480,20480,0,16,True,False,1,1200000,8381618,False,-4743093,4836503,0,0,0,0,1,1,1784353450.804829
347,151,3,formal,up,61,75,1,3.5563865717091963,1784353453.131823,1784353455.455459,1784353454.293641,1.2,-0.333893,-0.571269,-0.000169,0.002321,1,acq,20480,20480,0,16,True,False,1,1200000,8381618,False,-4768499,4855219,0,0,0,0,1,1,1784353453.131823
348,151,4,formal,up,61,75,1,3.5563865717091963,1784353455.456146,1784353457.777935,1784353456.6170406,1.2,-0.334041,-0.57147,-0.000165,0.002341,1,acq,20480,20480,0,16,True,False,1,1200000,8381618,False,-4769346,4872834,0,0,0,0,1,1,1784353455.456146
349,151,5,formal,up,61,75,1,3.5563865717091963,1784353457.7783449,1784353460.100575,1784353458.9394598,1.2,-0.33448,-0.572223,-0.000108,0.00236,1,acq,20480,20480,0,16,True,False,1,1200000,8381618,False,-4749021,4844803,0,0,0,0,1,1,1784353457.7783449
350,151,6,formal,up,61,75,1,3.5563865717091963,1784353460.101403,1784353462.422776,1784353461.2620895,1.2,-0.33491,-0.572874,-0.00013,0.002302,1,acq,20480,20480,0,16,True,False,1,1200000,8381618,False,-4793567,4874782,0,0,0,0,1,1,1784353460.101403
351,151,7,formal,up,61,75,1,3.5563865717091963,1784353462.424261,1784353464.74843,1784353463.5863457,1.2,-0.335414,-0.57378,-0.000185,0.002251,1,acq,20480,20480,0,16,True,False,1,1200000,8381618,False,-4730136,4858945,0,0,0,0,1,1,1784353462.424261
352,152,0,formal,up,53,76,0,2.5119587621004067,1784353488.767593,1784353491.090236,1784353489.9289145,1.2,-0.143577,-0.24608,-0.004122,0.008282,1,acq,20480,20480,0,16,True,False,1,1200000,8381618,False,-2099318,2314425,0,0,0,0,1,1,1784353488.767593
353,152,1,formal,up,53,76,0,2.5119587621004067,1784353491.0912251,1784353493.419967,1784353492.2555962,1.2,-0.143678,-0.246413,-0.004128,0.00828,1,acq,20480,20480,0,16,True,False,1,1200000,8381618,False,-2104484,2277586,0,0,0,0,1,1,1784353491.0912251
354,152,2,formal,up,53,76,0,2.5119587621004067,1784353493.424358,1784353495.742367,1784353494.5833626,1.2,-0.143765,-0.246687,-0.00415,0.008278,1,acq,20480,20480,0,16,True,False,1,1200000,8381618,False,-2088055,2228636,0,0,0,0,1,1,1784353493.424358
355,152,3,formal,up,53,76,0,2.5119587621004067,1784353495.7430751,1784353498.070836,1784353496.9069557,1.2,-0.143769,-0.246606,-0.004137,0.008297,1,acq,20480,20480,0,16,True,False,1,1200000,8381618,False,-2086869,2287918,0,0,0,0,1,1,1784353495.7430751
356,152,4,formal,up,53,76,0,2.5119587621004067,1784353498.07564,1784353500.404952,1784353499.240296,1.2,-0.143917,-0.246902,-0.004147,0.008287,1,acq,20480,20480,0,16,True,False,1,1200000,8381618,False,-2109227,2219321,0,0,0,0,1,1,1784353498.07564
357,152,5,formal,up,53,76,0,2.5119587621004067,1784353500.4053388,1784353502.729405,1784353501.5673718,1.2,-0.144026,-0.24725,-0.004149,0.008297,1,acq,20480,20480,0,16,True,False,1,1200000,8381618,False,-2072218,2290289,0,0,0,0,1,1,1784353500.4053388
358,152,6,formal,up,53,76,0,2.5119587621004067,1784353502.7298381,1784353505.0581682,1784353503.8940032,1.2,-0.144146,-0.247425,-0.004125,0.008273,1,acq,20480,20480,0,16,True,False,1,1200000,8381618,False,-2205686,2341101,0,0,0,0,1,1,1784353502.7298381
359,152,7,formal,up,53,76,0,2.5119587621004067,1784353505.058435,1784353507.383667,1784353506.221051,1.2,-0.144301,-0.247737,-0.004126,0.008276,1,acq,20480,20480,0,16,True,False,1,1200000,8381618,False,-2084244,2295624,0,0,0,0,1,1,1784353505.058435
360,153,0,formal,down,53,76,1,2.5119587621004067,1784353520.019644,1784353522.3395998,1784353521.179622,1.2,-0.145399,-0.249777,-0.004171,0.00824,1,acq,20480,20480,0,16,True,False,1,1200000,8381618,False,-2127096,2307057,0,0,0,0,1,1,1784353520.019644
361,153,1,formal,down,53,76,1,2.5119587621004067,1784353522.340678,1784353524.667891,1784353523.5042844,1.2,-0.14559,-0.250064,-0.004145,0.008275,1,acq,20480,20480,0,16,True,False,1,1200000,8381618,False,-2114816,2325349,0,0,0,0,1,1,1784353522.340678
362,153,2,formal,down,53,76,1,2.5119587621004067,1784353524.6682692,1784353526.98832,1784353525.8282948,1.2,-0.145773,-0.250447,-0.00413,0.008299,1,acq,20480,20480,0,16,True,False,1,1200000,8381618,False,-2147760,2378872,0,0,0,0,1,1,1784353524.6682692
363,153,3,formal,down,53,76,1,2.5119587621004067,1784353526.98879,1784353529.318861,1784353528.1538255,1.2,-0.146124,-0.250921,-0.004136,0.008253,1,acq,20480,20480,0,16,True,False,1,1200000,8381618,False,-2127943,2293168,0,0,0,0,1,1,1784353526.98879
364,153,4,formal,down,53,76,1,2.5119587621004067,1784353529.3193018,1784353531.635724,1784353530.4775128,1.2,-0.146161,-0.251228,-0.004124,0.008248,1,acq,20480,20480,0,16,True,False,1,1200000,8381618,False,-2125741,2398265,0,0,0,0,1,1,1784353529.3193018
365,153,5,formal,down,53,76,1,2.5119587621004067,1784353531.6365361,1784353533.9612591,1784353532.7988977,1.2,-0.146343,-0.251399,-0.004145,0.008197,1,acq,20480,20480,0,16,True,False,1,1200000,8381618,False,-2115663,2307480,0,0,0,0,1,1,1784353531.6365361
366,153,6,formal,down,53,76,1,2.5119587621004067,1784353533.962231,1784353536.29047,1784353535.1263504,1.2,-0.146614,-0.251848,-0.004157,0.008235,1,acq,20480,20480,0,16,True,False,1,1200000,8381618,False,-2117526,2339492,0,0,0,0,1,1,1784353533.962231
367,153,7,formal,down,53,76,1,2.5119587621004067,1784353536.291261,1784353538.6167512,1784353537.4540062,1.2,-0.146666,-0.252079,-0.004124,0.008252,1,acq,20480,20480,0,16,True,False,1,1200000,8381618,False,-2146913,2360495,0,0,0,0,1,1,1784353536.291261
368,154,0,formal,down,27,77,0,-0.8824316191281598,1784353584.037951,1784353586.367879,1784353585.202915,0.769576,0.407817,0.69509,0.002286,-0.005132,1,acq,20480,20480,0,16,True,False,1,1200000,8381618,False,-5797198,5782971,0,0,0,0,1,1,1784353584.037951
369,154,1,formal,down,27,77,0,-0.8824316191281598,1784353586.368308,1784353588.696842,1784353587.5325751,0.767293,0.407858,0.695365,0.002246,-0.005138,1,acq,20480,20480,0,16,True,False,1,1200000,8381618,False,-5818116,5683124,0,0,0,0,1,1,1784353586.368308
370,154,2,formal,down,27,77,0,-0.8824316191281598,1784353588.697588,1784353591.0155468,1784353589.8565674,0.765075,0.407727,0.695254,0.002309,-0.005073,1,acq,20480,20480,0,16,True,False,1,1200000,8381618,False,-5779668,5693456,0,0,0,0,1,1,1784353588.697588
371,154,3,formal,down,27,77,0,-0.8824316191281598,1784353591.0159218,1784353593.343261,1784353592.1795914,0.762233,0.407262,0.694653,0.002363,-0.005132,1,acq,20480,20480,0,16,True,False,1,1200000,8381618,False,-5789153,5715729,0,0,0,0,1,1,1784353591.0159218
372,154,4,formal,down,27,77,0,-0.8824316191281598,1784353593.344157,1784353595.674081,1784353594.509119,0.760058,0.406944,0.694217,0.002309,-0.005203,1,acq,20480,20480,0,16,True,False,1,1200000,8381618,False,-5806175,5726399,0,0,0,0,1,1,1784353593.344157
373,154,5,formal,down,27,77,0,-0.8824316191281598,1784353595.674687,1784353597.9975731,1784353596.8361301,0.758886,0.407301,0.694911,0.002343,-0.005178,1,acq,20480,20480,0,16,True,False,1,1200000,8381618,False,-5807615,5714967,0,0,0,0,1,1,1784353595.674687
374,154,6,formal,down,27,77,0,-0.8824316191281598,1784353597.9985101,1784353600.320818,1784353599.1596642,0.757281,0.407337,0.694927,0.002343,-0.005202,1,acq,20480,20480,0,16,True,False,1,1200000,8381618,False,-5823282,5695912,0,0,0,0,1,1,1784353597.9985101
375,154,7,formal,down,27,77,0,-0.8824316191281598,1784353600.321794,1784353602.645885,1784353601.4838395,0.754958,0.406862,0.694297,0.00238,-0.005205,1,acq,20480,20480,0,16,True,False,1,1200000,8381618,False,-5815575,5703618,0,0,0,0,1,1,1784353600.321794
376,155,0,formal,up,27,77,1,-0.8824316191281598,1784353615.267821,1784353617.5843189,1784353616.42607,0.74609,0.406739,0.694249,0.002397,-0.005275,1,acq,20480,20480,0,16,True,False,1,1200000,8381618,False,-5828871,5702009,0,0,0,0,1,1,1784353615.267821
377,155,1,formal,up,27,77,1,-0.8824316191281598,1784353617.58547,1784353619.9065878,1784353618.746029,0.745344,0.406805,0.694484,0.002407,-0.005419,1,acq,20480,20480,0,16,True,False,1,1200000,8381618,False,-5813373,5699384,0,0,0,0,1,1,1784353617.58547
378,155,2,formal,up,27,77,1,-0.8824316191281598,1784353619.907874,1784353622.235253,1784353621.0715637,0.743821,0.406584,0.694135,0.002434,-0.005334,1,acq,20480,20480,0,16,True,False,1,1200000,8381618,False,-5843946,5688968,0,0,0,0,1,1,1784353619.907874
379,155,3,formal,up,27,77,1,-0.8824316191281598,1784353622.2364318,1784353624.560262,1784353623.398347,0.742651,0.406426,0.694026,0.002386,-0.005325,1,acq,20480,20480,0,16,True,False,1,1200000,8381618,False,-5803634,5685495,0,0,0,0,1,1,1784353622.2364318
380,155,4,formal,up,27,77,1,-0.8824316191281598,1784353624.560693,1784353626.890833,1784353625.7257628,0.741906,0.406602,0.694334,0.002456,-0.005375,1,acq,20480,20480,0,16,True,False,1,1200000,8381618,False,-5821588,5691593,0,0,0,0,1,1,1784353624.560693
381,155,5,formal,up,27,77,1,-0.8824316191281598,1784353626.891775,1784353629.218601,1784353628.055188,0.739613,0.405889,0.693052,0.002456,-0.005363,1,acq,20480,20480,0,16,True,False,1,1200000,8381618,False,-5805667,5692694,0,0,0,0,1,1,1784353626.891775
382,155,6,formal,up,27,77,1,-0.8824316191281598,1784353629.220021,1784353631.5458062,1784353630.3829136,0.73898,0.406034,0.693391,0.002454,-0.005389,1,acq,20480,20480,0,16,True,False,1,1200000,8381618,False,-5811934,5674401,0,0,0,0,1,1,1784353629.220021
383,155,7,formal,up,27,77,1,-0.8824316191281598,1784353631.546665,1784353633.8664892,1784353632.706577,0.738485,0.406325,0.693885,0.002458,-0.005393,1,acq,20480,20480,0,16,True,False,1,1200000,8381618,False,-5784495,5655347,0,0,0,0,1,1,1784353631.546665
384,156,0,formal,up,23,78,0,-1.4046455239325546,1784353652.215408,1784353654.542547,1784353653.3789775,0.480059,0.369908,0.630187,0.001296,-0.004105,1,acq,20480,20480,0,16,True,False,1,1200000,8381618,False,-5276201,5190073,0,0,0,0,1,1,1784353652.215408
385,156,1,formal,up,23,78,0,-1.4046455239325546,1784353654.544224,1784353656.867711,1784353655.7059674,0.478744,0.369467,0.629672,0.001281,-0.004129,1,acq,20480,20480,0,16,True,False,1,1200000,8381618,False,-5276116,5186940,0,0,0,0,1,1,1784353654.544224
386,156,2,formal,up,23,78,0,-1.4046455239325546,1784353656.868386,1784353659.1928792,1784353658.0306325,0.477649,0.369286,0.62939,0.001275,-0.004172,1,acq,20480,20480,0,16,True,False,1,1200000,8381618,False,-5292715,5206757,0,0,0,0,1,1,1784353656.868386
387,156,3,formal,up,23,78,0,-1.4046455239325546,1784353659.193297,1784353661.51443,1784353660.3538635,0.476627,0.369129,0.629126,0.001334,-0.004206,1,acq,20480,20480,0,16,True,False,1,1200000,8381618,False,-5252234,5172035,0,0,0,0,1,1,1784353659.193297
388,156,4,formal,up,23,78,0,-1.4046455239325546,1784353661.515557,1784353663.837675,1784353662.6766162,0.475163,0.368509,0.628235,0.001335,-0.004134,1,acq,20480,20480,0,16,True,False,1,1200000,8381618,False,-5288226,5183129,0,0,0,0,1,1,1784353661.515557
389,156,5,formal,up,23,78,0,-1.4046455239325546,1784353663.838676,1784353666.170893,1784353665.0047846,0.474129,0.368388,0.628061,0.001372,-0.004227,1,acq,20480,20480,0,16,True,False,1,1200000,8381618,False,-5277640,5148915,0,0,0,0,1,1,1784353663.838676
390,156,6,formal,up,23,78,0,-1.4046455239325546,1784353666.17219,1784353668.492807,1784353667.3324986,0.473309,0.368197,0.627878,0.001376,-0.004161,1,acq,20480,20480,0,16,True,False,1,1200000,8381618,False,-5264514,5148915,0,0,0,0,1,1,1784353666.17219
391,156,7,formal,up,23,78,0,-1.4046455239325546,1784353668.493794,1784353670.81122,1784353669.6525068,0.472308,0.367992,0.627573,0.001445,-0.004214,1,acq,20480,20480,0,16,True,False,1,1200000,8381618,False,-5288226,5167462,0,0,0,0,1,1,1784353668.493794
392,157,0,formal,down,23,78,1,-1.4046455239325546,1784353683.442592,1784353685.767476,1784353684.6050339,0.466511,0.366433,0.625181,0.001522,-0.004229,1,acq,20480,20480,0,16,True,False,1,1200000,8381618,False,-5257231,5132147,0,0,0,0,1,1,1784353683.442592
393,157,1,formal,down,23,78,1,-1.4046455239325546,1784353685.768723,1784353688.0901802,1784353686.9294515,0.465669,0.36619,0.62486,0.001447,-0.00426,1,acq,20480,20480,0,16,True,False,1,1200000,8381618,False,-5253081,5139600,0,0,0,0,1,1,1784353685.768723
394,157,2,formal,down,23,78,1,-1.4046455239325546,1784353688.091157,1784353690.42429,1784353689.2577233,0.464641,0.365929,0.624261,0.001484,-0.004311,1,acq,20480,20480,0,16,True,False,1,1200000,8381618,False,-5242918,5155521,0,0,0,0,1,1,1784353688.091157
395,157,3,formal,down,23,78,1,-1.4046455239325546,1784353690.425313,1784353692.7565382,1784353691.5909257,0.464136,0.36594,0.624433,0.001481,-0.004246,1,acq,20480,20480,0,16,True,False,1,1200000,8381618,False,-5225388,5133333,0,0,0,0,1,1,1784353690.425313
396,157,4,formal,down,23,78,1,-1.4046455239325546,1784353692.758017,1784353695.081565,1784353693.919791,0.463158,0.365552,0.623944,0.001451,-0.004234,1,acq,20480,20480,0,16,True,False,1,1200000,8381618,False,-5227929,5122239,0,0,0,0,1,1,1784353692.758017
397,157,5,formal,down,23,78,1,-1.4046455239325546,1784353695.082797,1784353697.410552,1784353696.2466745,0.462286,0.365296,0.62344,0.001487,-0.004254,1,acq,20480,20480,0,16,True,False,1,1200000,8381618,False,-5229199,5132147,0,0,0,0,1,1,1784353695.082797
398,157,6,formal,down,23,78,1,-1.4046455239325546,1784353697.411232,1784353699.7359638,1784353698.573598,0.461237,0.364869,0.62279,0.001514,-0.004332,1,acq,20480,20480,0,16,True,False,1,1200000,8381618,False,-5217343,5125118,0,0,0,0,1,1,1784353697.411232
399,157,7,formal,down,23,78,1,-1.4046455239325546,1784353699.737453,1784353702.063574,1784353700.9005136,0.460897,0.365027,0.622878,0.001559,-0.004342,1,acq,20480,20480,0,16,True,False,1,1200000,8381618,False,-5220730,5137906,0,0,0,0,1,1,1784353699.737453
400,158,0,formal,down,57,79,0,3.0341726669048015,1784353763.1865768,1784353765.514719,1784353764.350648,1.2,-0.234936,-0.402546,-0.003987,0.008206,1,acq,20480,20480,0,16,True,False,1,1200000,8381618,False,-3362432,3551286,0,0,0,0,1,1,1784353763.1865768
401,158,1,formal,down,57,79,0,3.0341726669048015,1784353765.516448,1784353767.843791,1784353766.6801195,1.2,-0.236014,-0.404391,-0.004014,0.008185,1,acq,20480,20480,0,16,True,False,1,1200000,8381618,False,-3385976,3517749,0,0,0,0,1,1,1784353765.516448
402,158,2,formal,down,57,79,0,3.0341726669048015,1784353767.844556,1784353770.173275,1784353769.0089154,1.2,-0.236986,-0.406362,-0.004014,0.008181,1,acq,20480,20480,0,16,True,False,1,1200000,8381618,False,-3364380,3526896,0,0,0,0,1,1,1784353767.844556
403,158,3,formal,down,57,79,0,3.0341726669048015,1784353770.176356,1784353772.493751,1784353771.3350534,1.2,-0.237703,-0.407661,-0.003985,0.008141,1,acq,20480,20480,0,16,True,False,1,1200000,8381618,False,-3376237,3555689,0,0,0,0,1,1,1784353770.176356
404,158,4,formal,down,57,79,0,3.0341726669048015,1784353772.4949582,1784353774.819597,1784353773.6572776,1.2,-0.238666,-0.409284,-0.00397,0.008165,1,acq,20480,20480,0,16,True,False,1,1200000,8381618,False,-3401473,3534941,0,0,0,0,1,1,1784353772.4949582
405,158,5,formal,down,57,79,0,3.0341726669048015,1784353774.820384,1784353777.142724,1784353775.981554,1.2,-0.239276,-0.410268,-0.003907,0.00812,1,acq,20480,20480,0,16,True,False,1,1200000,8381618,False,-3413414,3563311,0,0,0,0,1,1,1784353774.820384
406,158,6,formal,down,57,79,0,3.0341726669048015,1784353777.143633,1784353779.47717,1784353778.3104014,1.2,-0.240068,-0.411784,-0.003886,0.008064,1,acq,20480,20480,0,16,True,False,1,1200000,8381618,False,-3355065,3639953,0,0,0,0,1,1,1784353777.143633
407,158,7,formal,down,57,79,0,3.0341726669048015,1784353779.478571,1784353781.799635,1784353780.639103,1.2,-0.240873,-0.413003,-0.003878,0.008117,1,acq,20480,20480,0,16,True,False,1,1200000,8381618,False,-3525541,3642494,0,0,0,0,1,1,1784353779.478571
408,159,0,formal,up,57,79,1,3.0341726669048015,1784353794.462868,1784353796.787333,1784353795.6251006,1.2,-0.244802,-0.419921,-0.003894,0.008078,1,acq,20480,20480,0,16,True,False,1,1200000,8381618,False,-3528674,3756229,0,0,0,0,1,1,1784353794.462868
409,159,1,formal,up,57,79,1,3.0341726669048015,1784353796.788579,1784353799.11221,1784353797.9503946,1.2,-0.245153,-0.420508,-0.003863,0.008052,1,acq,20480,20480,0,16,True,False,1,1200000,8381618,False,-3505300,3642833,0,0,0,0,1,1,1784353796.788579
410,159,2,formal,up,57,79,1,3.0341726669048015,1784353799.11259,1784353801.445576,1784353800.279083,1.2,-0.245936,-0.421995,-0.003875,0.008051,1,acq,20480,20480,0,16,True,False,1,1200000,8381618,False,-3497424,3668154,0,0,0,0,1,1,1784353799.11259
411,159,3,formal,up,57,79,1,3.0341726669048015,1784353801.446579,1784353803.77686,1784353802.6117196,1.2,-0.246486,-0.422824,-0.003925,0.00807,1,acq,20480,20480,0,16,True,False,1,1200000,8381618,False,-3484806,3684499,0,0,0,0,1,1,1784353801.446579
412,159,4,formal,up,57,79,1,3.0341726669048015,1784353803.777329,1784353806.0981472,1784353804.937738,1.2,-0.247053,-0.42363,-0.003854,0.008041,1,acq,20480,20480,0,16,True,False,1,1200000,8381618,False,-3491920,3681958,0,0,0,0,1,1,1784353803.777329
413,159,5,formal,up,57,79,1,3.0341726669048015,1784353806.101247,1784353808.4225762,1784353807.2619116,1.2,-0.247413,-0.42443,-0.003857,0.008037,1,acq,20480,20480,0,16,True,False,1,1200000,8381618,False,-3530622,3675522,0,0,0,0,1,1,1784353806.101247
414,159,6,formal,up,57,79,1,3.0341726669048015,1784353808.4233658,1784353810.755198,1784353809.589282,1.2,-0.247782,-0.425223,-0.003826,0.008021,1,acq,20480,20480,0,16,True,False,1,1200000,8381618,False,-3514955,3715664,0,0,0,0,1,1,1784353808.4233658
415,159,7,formal,up,57,79,1,3.0341726669048015,1784353810.755997,1784353813.080152,1784353811.9180746,1.2,-0.248454,-0.426106,-0.00389,0.00805,1,acq,20480,20480,0,16,True,False,1,1200000,8381618,False,-3493275,3698134,0,0,0,0,1,1,1784353810.755997
416,160,0,sentinel,up,40,80,0,0.8147635714861234,1784353849.9868748,1784353852.310389,1784353851.148632,1.2,0.247181,0.423713,-0.00298,0.004521,1,acq,20480,20480,0,16,True,False,1,1200000,8381618,False,-3620475,3653758,0,0,0,0,1,1,1784353849.9868748
417,160,1,sentinel,up,40,80,0,0.8147635714861234,1784353852.312552,1784353854.639458,1784353853.476005,1.2,0.247819,0.42498,-0.002974,0.004518,1,acq,20480,20480,0,16,True,False,1,1200000,8381618,False,-3605824,3633433,0,0,0,0,1,1,1784353852.312552
418,160,2,sentinel,up,40,80,0,0.8147635714861234,1784353854.6403542,1784353856.95101,1784353855.795682,1.2,0.248069,0.425407,-0.002976,0.004507,1,acq,20480,20480,0,16,True,False,1,1200000,8381618,False,-3609805,3703469,0,0,0,0,1,1,1784353854.6403542
419,160,3,sentinel,up,40,80,0,0.8147635714861234,1784353856.952136,1784353859.275548,1784353858.113842,1.2,0.248311,0.425872,-0.00295,0.004525,1,acq,20480,20480,0,16,True,False,1,1200000,8381618,False,-3574659,3725149,0,0,0,0,1,1,1784353856.952136
420,160,4,sentinel,up,40,80,0,0.8147635714861234,1784353859.276522,1784353861.60961,1784353860.4430661,1.2,0.248794,0.426752,-0.002955,0.004511,1,acq,20480,20480,0,16,True,False,1,1200000,8381618,False,-3618273,3638598,0,0,0,0,1,1,1784353859.276522
421,160,5,sentinel,up,40,80,0,0.8147635714861234,1784353861.611219,1784353863.939919,1784353862.775569,1.2,0.249208,0.427545,-0.002928,0.004556,1,acq,20480,20480,0,16,True,False,1,1200000,8381618,False,-3603368,3608196,0,0,0,0,1,1,1784353861.611219
422,160,6,sentinel,up,40,80,0,0.8147635714861234,1784353863.943414,1784353866.269126,1784353865.1062698,1.2,0.24949,0.428171,-0.002915,0.004489,1,acq,20480,20480,0,16,True,False,1,1200000,8381618,False,-3580333,3656552,0,0,0,0,1,1,1784353863.943414
423,160,7,sentinel,up,40,80,0,0.8147635714861234,1784353866.271295,1784353868.595838,1784353867.4335666,1.2,0.249655,0.42846,-0.002948,0.004577,1,acq,20480,20480,0,16,True,False,1,1200000,8381618,False,-3578047,3635465,0,0,0,0,1,1,1784353866.271295
424,161,0,sentinel,down,40,80,1,0.8147635714861234,1784353881.2183092,1784353883.5414138,1784353882.3798614,1.2,0.250225,0.429499,-0.002902,0.004465,1,acq,20480,20480,0,16,True,False,1,1200000,8381618,False,-3635042,3741748,0,0,0,0,1,1,1784353881.2183092
425,161,1,sentinel,down,40,80,1,0.8147635714861234,1784353883.543458,1784353885.868011,1784353884.7057345,1.2,0.250433,0.430039,-0.00295,0.004497,1,acq,20480,20480,0,16,True,False,1,1200000,8381618,False,-3664005,3734041,0,0,0,0,1,1,1784353883.543458
426,161,2,sentinel,down,40,80,1,0.8147635714861234,1784353885.8685389,1784353888.1880572,1784353887.028298,1.2,0.250579,0.430275,-0.002876,0.004468,1,acq,20480,20480,0,16,True,False,1,1200000,8381618,False,-3611752,3719814,0,0,0,0,1,1,1784353885.8685389
427,161,3,sentinel,down,40,80,1,0.8147635714861234,1784353888.18902,1784353890.514969,1784353889.3519945,1.2,0.250752,0.43063,-0.002866,0.004404,1,acq,20480,20480,0,16,True,False,1,1200000,8381618,False,-3655451,3734803,0,0,0,0,1,1,1784353888.18902
428,161,4,sentinel,down,40,80,1,0.8147635714861234,1784353890.516117,1784353892.838722,1784353891.6774197,1.2,0.250983,0.431031,-0.002885,0.004468,1,acq,20480,20480,0,16,True,False,1,1200000,8381618,False,-3601167,3754282,0,0,0,0,1,1,1784353890.516117
429,161,5,sentinel,down,40,80,1,0.8147635714861234,1784353892.839464,1784353895.1713011,1784353894.0053825,1.2,0.251081,0.431199,-0.002913,0.004458,1,acq,20480,20480,0,16,True,False,1,1200000,8381618,False,-3656044,3755891,0,0,0,0,1,1,1784353892.839464
430,161,6,sentinel,down,40,80,1,0.8147635714861234,1784353895.1724212,1784353897.4922318,1784353896.3323264,1.2,0.250988,0.43102,-0.002871,0.004465,1,acq,20480,20480,0,16,True,False,1,1200000,8381618,False,-3673913,3709482,0,0,0,0,1,1,1784353895.1724212
431,161,7,sentinel,down,40,80,1,0.8147635714861234,1784353897.4933388,1784353899.8147688,1784353898.6540537,1.2,0.25124,0.431434,-0.002909,0.00444,1,acq,20480,20480,0,16,True,False,1,1200000,8381618,False,-3696017,3685939,0,0,0,0,1,1,1784353897.4933388
