sequence_index,observation_sequence_index,bridge_step_index,from_bias,bias,delta_bias,t_start_unix,t_end_unix,t_mid_unix,dc_dmm,dac_response
0,0,0,0.0,-0.12965511293596924,-0.12965511293596924,1784345370.3370519,1784345371.764524,1784345371.050788,1.03914487,"[dac] CH_A set to -0.130 V (code=32343)
"
1,0,1,-0.12965511293596924,-0.25931022587193847,-0.12965511293596924,1784345371.7649438,1784345373.1970508,1784345372.4809973,0.962729762,"[dac] CH_A set to -0.259 V (code=31918)
"
2,0,2,-0.25931022587193847,-0.38896533880790773,-0.12965511293596926,1784345373.19728,1784345374.620877,1784345373.9090786,0.868886652,"[dac] CH_A set to -0.389 V (code=31493)
"
3,0,3,-0.38896533880790773,-0.5186204517438769,-0.1296551129359692,1784345374.621094,1784345376.049901,1784345375.3354974,0.824646329,"[dac] CH_A set to -0.519 V (code=31068)
"
4,0,4,-0.5186204517438769,-0.6482755646798462,-0.1296551129359692,1784345376.050096,1784345377.503819,1784345376.7769575,0.748231225,"[dac] CH_A set to -0.648 V (code=30643)
"
5,0,5,-0.6482755646798462,-0.7779306776158155,-0.12965511293596932,1784345377.504102,1784345378.94024,1784345378.2221708,0.675837969,"[dac] CH_A set to -0.778 V (code=30219)
"
6,0,6,-0.7779306776158155,-0.9075857905517847,-0.1296551129359692,1784345378.9404852,1784345380.380437,1784345379.660461,0.661091194,"[dac] CH_A set to -0.908 V (code=29794)
"
7,0,7,-0.9075857905517847,-1.0372409034877539,-0.1296551129359692,1784345380.380786,1784345381.818718,1784345381.099752,0.580654243,"[dac] CH_A set to -1.037 V (code=29369)
"
8,0,8,-1.0372409034877539,-1.1668960164237232,-0.12965511293596932,1784345381.818929,1784345383.258521,1784345382.538725,0.53641392,"[dac] CH_A set to -1.167 V (code=28944)
"
9,0,9,-1.1668960164237232,-1.2965511293596923,-0.1296551129359691,1784345383.258753,1784345384.695467,1784345383.97711,0.437208346,"[dac] CH_A set to -1.297 V (code=28519)
"
10,0,10,-1.2965511293596923,-1.4262062422956616,-0.12965511293596932,1784345384.69571,1784345386.128126,1784345385.411918,0.382243096,"[dac] CH_A set to -1.426 V (code=28094)
"
11,0,11,-1.4262062422956616,-1.555861355231631,-0.12965511293596932,1784345386.128321,1784345387.551025,1784345386.839673,0.362133858,"[dac] CH_A set to -1.556 V (code=27669)
"
12,0,12,-1.555861355231631,-1.6855164681676,-0.1296551129359691,1784345387.551593,1784345388.984442,1784345388.2680175,0.312531072,"[dac] CH_A set to -1.686 V (code=27245)
"
13,0,13,-1.6855164681676,-1.8151715811035694,-0.12965511293596932,1784345388.9846961,1784345390.4078982,1784345389.6962972,0.225391041,"[dac] CH_A set to -1.815 V (code=26820)
"
14,0,14,-1.8151715811035694,-1.9448266940395385,-0.1296551129359691,1784345390.408112,1784345391.836441,1784345391.1222765,0.19321626,"[dac] CH_A set to -1.945 V (code=26395)
"
15,0,15,-1.9448266940395385,-2.0744818069755078,-0.12965511293596932,1784345391.8366551,1784345393.279757,1784345392.558206,0.147635321,"[dac] CH_A set to -2.075 V (code=25970)
"
16,0,16,-2.0744818069755078,-2.204136919911477,-0.1296551129359691,1784345393.279982,1784345394.723409,1784345394.0016956,0.135569778,"[dac] CH_A set to -2.204 V (code=25545)
"
17,0,17,-2.204136919911477,-2.3337920328474464,-0.12965511293596954,1784345394.7236621,1784345396.159997,1784345395.4418297,0.0846263759,"[dac] CH_A set to -2.334 V (code=25120)
"
18,0,18,-2.3337920328474464,-2.4634471457834155,-0.1296551129359691,1784345396.160181,1784345397.589199,1784345396.87469,0.0685389857,"[dac] CH_A set to -2.463 V (code=24696)
"
19,0,19,-2.4634471457834155,-2.5931022587193846,-0.1296551129359691,1784345397.5894752,1784345399.028791,1784345398.309133,0.0484297478,"[dac] CH_A set to -2.593 V (code=24271)
"
20,0,20,-2.5931022587193846,-2.722757371655354,-0.12965511293596954,1784345399.028982,1784345400.461681,1784345399.7453313,0.0135737355,"[dac] CH_A set to -2.723 V (code=23846)
"
21,0,21,-2.722757371655354,-2.8524124845913232,-0.1296551129359691,1784345400.461869,1784345401.8961868,1784345401.179028,0.0390454368,"[dac] CH_A set to -2.852 V (code=23421)
"
22,0,22,-2.8524124845913232,-2.9820675975272923,-0.1296551129359691,1784345401.8964539,1784345403.329636,1784345402.613045,0.00553022027,"[dac] CH_A set to -2.982 V (code=22996)
"
23,0,23,-2.9820675975272923,-3.111722710463262,-0.12965511293596954,1784345403.3299232,1784345404.766203,1784345404.048063,0.0202768148,"[dac] CH_A set to -3.112 V (code=22571)
"
24,0,24,-3.111722710463262,-3.241377823399231,-0.1296551129359691,1784345404.7665532,1784345406.18927,1784345405.4779115,0.0350235893,"[dac] CH_A set to -3.241 V (code=22146)
"
25,0,25,-3.241377823399231,-3.3710329363352,-0.1296551129359691,1784345406.189473,1784345407.631001,1784345406.9102368,0.0122331197,"[dac] CH_A set to -3.371 V (code=21722)
"
26,0,26,-3.3710329363352,-3.500688049271169,-0.1296551129359691,1784345407.631222,1784345409.062263,1784345408.3467426,0.0175955831,"[dac] CH_A set to -3.501 V (code=21297)
"
27,0,27,-3.500688049271169,-3.6303431622071387,-0.12965511293596954,1784345409.0624661,1784345410.498245,1784345409.7803555,0.0457485161,"[dac] CH_A set to -3.630 V (code=20872)
"
28,0,28,-3.6303431622071387,-3.759998275143108,-0.1296551129359691,1784345410.498446,1784345411.940358,1784345411.2194018,0.065857754,"[dac] CH_A set to -3.760 V (code=20447)
"
29,0,29,-3.759998275143108,-3.889653388079077,-0.1296551129359691,1784345411.940772,1784345413.371126,1784345412.655949,0.127526083,"[dac] CH_A set to -3.890 V (code=20022)
"
30,0,30,-3.889653388079077,-4.019308501015046,-0.1296551129359691,1784345413.3713212,1784345414.810501,1784345414.0909111,0.124844852,"[dac] CH_A set to -4.019 V (code=19597)
"
31,0,31,-4.019308501015046,-4.1489636139510155,-0.12965511293596954,1784345414.810776,1784345416.240323,1784345415.5255494,0.198578724,"[dac] CH_A set to -4.149 V (code=19172)
"
32,0,32,-4.1489636139510155,-4.278618726886985,-0.12965511293596954,1784345416.2405162,1784345417.678978,1784345416.959747,0.228072273,"[dac] CH_A set to -4.279 V (code=18748)
"
33,0,33,-4.278618726886985,-4.408273839822954,-0.12965511293596865,1784345417.6791859,1784345419.104225,1784345418.3917055,0.272312596,"[dac] CH_A set to -4.408 V (code=18323)
"
34,0,34,-4.408273839822954,-4.537928952758923,-0.12965511293596954,1784345419.104674,1784345420.539824,1784345419.822249,0.362133858,"[dac] CH_A set to -4.538 V (code=17898)
"
35,1,0,-4.407375476557824,-4.342098738457275,0.06527673810054946,1784345449.070935,1784345450.511948,1784345449.7914414,0.288399986,"[dac] CH_A set to -4.342 V (code=18540)
"
36,1,1,-4.342098738457275,-4.276822000356725,0.06527673810054946,1784345450.51213,1784345451.946626,1784345451.229378,0.229412888,"[dac] CH_A set to -4.277 V (code=18753)
"
37,2,0,-4.407375476557824,-4.276822000356725,0.13055347620109892,1784345480.474153,1784345481.900515,1784345481.187334,0.288399986,"[dac] CH_A set to -4.277 V (code=18753)
"
38,2,1,-4.276822000356725,-4.1462685241556265,0.13055347620109892,1784345481.900751,1784345483.338067,1784345482.619409,0.230753504,"[dac] CH_A set to -4.146 V (code=19181)
"
39,2,2,-4.1462685241556265,-4.0157150479545285,0.13055347620109803,1784345483.338275,1784345484.772995,1784345484.055635,0.181150718,"[dac] CH_A set to -4.016 V (code=19609)
"
40,2,3,-4.0157150479545285,-3.8851615717534296,0.13055347620109892,1784345484.773231,1784345486.198785,1784345485.4860082,0.150316553,"[dac] CH_A set to -3.885 V (code=20037)
"
41,2,4,-3.8851615717534296,-3.7546080955523307,0.13055347620109892,1784345486.1990242,1784345487.6457431,1784345486.9223838,0.116801157,"[dac] CH_A set to -3.755 V (code=20465)
"
42,2,5,-3.7546080955523307,-3.624054619351232,0.13055347620109847,1784345487.645968,1784345489.079566,1784345488.362767,0.0886482235,"[dac] CH_A set to -3.624 V (code=20892)
"
43,2,6,-3.624054619351232,-3.4935011431501337,0.13055347620109847,1784345489.079773,1784345490.512867,1784345489.79632,0.0819451442,"[dac] CH_A set to -3.493 V (code=21320)
"
44,2,7,-3.4935011431501337,-3.362947666949035,0.13055347620109892,1784345490.5130649,1784345491.9602408,1784345491.2366529,0.0363642051,"[dac] CH_A set to -3.363 V (code=21748)
"
45,2,8,-3.362947666949035,-3.232394190747936,0.13055347620109892,1784345491.960501,1784345493.392916,1784345492.6767085,0.0417266685,"[dac] CH_A set to -3.232 V (code=22176)
"
46,2,9,-3.232394190747936,-3.1018407145468374,0.13055347620109847,1784345493.3932219,1784345494.823589,1784345494.1084056,0.00284907991,"[dac] CH_A set to -3.102 V (code=22604)
"
47,2,10,-3.1018407145468374,-2.971287238345739,0.13055347620109847,1784345494.823772,1784345496.255844,1784345495.539808,0.00150819284,"[dac] CH_A set to -2.971 V (code=23031)
"
48,2,11,-2.971287238345739,-2.84073376214464,0.13055347620109892,1784345496.25607,1784345497.687628,1784345496.971849,0.037704821,"[dac] CH_A set to -2.841 V (code=23459)
"
49,2,12,-2.84073376214464,-2.710180285943541,0.13055347620109892,1784345497.687837,1784345499.1245959,1784345498.4062164,0.0363642051,"[dac] CH_A set to -2.710 V (code=23887)
"
50,2,13,-2.710180285943541,-2.5796268097424426,0.13055347620109847,1784345499.124871,1784345500.553853,1784345499.8393621,-0.00653527962,"[dac] CH_A set to -2.580 V (code=24315)
"
51,2,14,-2.5796268097424426,-2.449073333541344,0.13055347620109847,1784345500.554059,1784345501.9919639,1784345501.2730114,0.0310017417,"[dac] CH_A set to -2.449 V (code=24742)
"
52,2,15,-2.449073333541344,-2.3185198573402452,0.13055347620109892,1784345501.992204,1784345503.431376,1784345502.71179,0.0604952905,"[dac] CH_A set to -2.319 V (code=25170)
"
53,2,16,-2.3185198573402452,-2.1879663811391463,0.13055347620109892,1784345503.4316008,1784345504.8787231,1784345504.1551619,0.0631765222,"[dac] CH_A set to -2.188 V (code=25598)
"
54,2,17,-2.1879663811391463,-2.057412904938048,0.13055347620109847,1784345504.878928,1784345506.3240058,1784345505.601467,0.120823004,"[dac] CH_A set to -2.057 V (code=26026)
"
55,2,18,-2.057412904938048,-1.9268594287369494,0.13055347620109847,1784345506.3242009,1784345507.770813,1784345507.0475068,0.147635321,"[dac] CH_A set to -1.927 V (code=26454)
"
56,2,19,-1.9268594287369494,-1.7963059525358505,0.13055347620109892,1784345507.771096,1784345509.221051,1784345508.4960735,0.1543384,"[dac] CH_A set to -1.796 V (code=26881)
"
57,2,20,-1.7963059525358505,-1.6657524763347515,0.13055347620109892,1784345509.2212439,1784345510.657164,1784345509.939204,0.230753504,"[dac] CH_A set to -1.666 V (code=27309)
"
58,2,21,-1.6657524763347515,-1.535199000133653,0.13055347620109847,1784345510.6573498,1784345512.0800462,1784345511.3686981,0.25488459,"[dac] CH_A set to -1.535 V (code=27737)
"
59,2,22,-1.535199000133653,-1.4046455239325546,0.13055347620109847,1784345512.080257,1784345513.52462,1784345512.8024385,0.317893535,"[dac] CH_A set to -1.405 V (code=28165)
"
60,2,23,-1.4046455239325546,-1.2740920477314557,0.13055347620109892,1784345513.524832,1784345514.9467351,1784345514.2357836,0.362133858,"[dac] CH_A set to -1.274 V (code=28593)
"
61,2,24,-1.2740920477314557,-1.1435385715303568,0.13055347620109892,1784345514.9469671,1784345516.396378,1784345515.6716726,0.413077261,"[dac] CH_A set to -1.143 V (code=29021)
"
62,2,25,-1.1435385715303568,-1.0129850953292583,0.13055347620109847,1784345516.3966022,1784345517.820087,1784345517.1083446,0.489492365,"[dac] CH_A set to -1.013 V (code=29448)
"
63,2,26,-1.0129850953292583,-0.8824316191281598,0.13055347620109847,1784345517.820317,1784345519.2482078,1784345518.5342624,0.532392072,"[dac] CH_A set to -0.882 V (code=29876)
"
64,2,27,-0.8824316191281598,-0.7518781429270609,0.13055347620109892,1784345519.248405,1784345520.6784399,1784345519.9634223,0.58467609,"[dac] CH_A set to -0.752 V (code=30304)
"
65,2,28,-0.7518781429270609,-0.621324666725962,0.13055347620109892,1784345520.678679,1784345522.1127622,1784345521.3957205,0.666453658,"[dac] CH_A set to -0.621 V (code=30732)
"
66,2,29,-0.621324666725962,-0.4907711905248635,0.13055347620109847,1784345522.1129868,1784345523.5619352,1784345522.837461,0.728121987,"[dac] CH_A set to -0.491 V (code=31159)
"
67,2,30,-0.4907711905248635,-0.36021771432376504,0.13055347620109847,1784345523.562187,1784345524.998129,1784345524.280158,0.799174628,"[dac] CH_A set to -0.360 V (code=31587)
"
68,2,31,-0.36021771432376504,-0.22966423812266612,0.13055347620109892,1784345524.998637,1784345526.430232,1784345525.7144346,0.890336506,"[dac] CH_A set to -0.230 V (code=32015)
"
69,2,32,-0.22966423812266612,-0.0991107619215672,0.13055347620109892,1784345526.430431,1784345527.865212,1784345527.1478214,0.94396114,"[dac] CH_A set to -0.099 V (code=32443)
"
70,2,33,-0.0991107619215672,0.031442714279531714,0.13055347620109892,1784345527.865428,1784345529.2954051,1784345528.5804167,1.01903563,"[dac] CH_A set to +0.031 V (code=32870)
"
71,2,34,0.031442714279531714,0.16199619048062974,0.13055347620109803,1784345529.295626,1784345530.727471,1784345530.0115485,1.04852918,"[dac] CH_A set to +0.162 V (code=33298)
"
72,2,35,0.16199619048062974,0.29254966668172866,0.13055347620109892,1784345530.727668,1784345532.155015,1784345531.4413414,1.12360366,"[dac] CH_A set to +0.292 V (code=33726)
"
73,2,36,0.29254966668172866,0.4231031428828276,0.13055347620109892,1784345532.1552289,1784345533.586921,1784345532.871075,1.16650337,"[dac] CH_A set to +0.423 V (code=34154)
"
74,2,37,0.4231031428828276,0.5536566190839256,0.13055347620109803,1784345533.587372,1784345535.035586,1784345534.311479,1.2791151,"[dac] CH_A set to +0.554 V (code=34582)
"
75,2,38,0.5536566190839256,0.6842100952850245,0.13055347620109892,1784345535.03584,1784345536.4695811,1784345535.7527106,1.30994927,"[dac] CH_A set to +0.684 V (code=35009)
"
76,2,39,0.6842100952850245,0.8147635714861234,0.13055347620109892,1784345536.46982,1784345537.903444,1784345537.1866322,1.35553021,"[dac] CH_A set to +0.815 V (code=35437)
"
77,2,40,0.8147635714861234,0.9453170476872224,0.13055347620109892,1784345537.903647,1784345539.3367941,1784345538.6202207,1.40513299,"[dac] CH_A set to +0.945 V (code=35865)
"
78,2,41,0.9453170476872224,1.0758705238883213,0.13055347620109892,1784345539.337111,1784345540.7698188,1784345540.053465,1.46680132,"[dac] CH_A set to +1.076 V (code=36293)
"
79,2,42,1.0758705238883213,1.2064240000894193,0.13055347620109803,1784345540.77003,1784345542.205766,1784345541.4878979,1.48556995,"[dac] CH_A set to +1.206 V (code=36721)
"
80,2,43,1.2064240000894193,1.3369774762905182,0.13055347620109892,1784345542.206003,1784345543.646187,1784345542.926095,1.56466628,"[dac] CH_A set to +1.337 V (code=37149)
"
81,2,44,1.3369774762905182,1.4675309524916171,0.13055347620109892,1784345543.646414,1784345545.085873,1784345544.3661435,1.61560968,"[dac] CH_A set to +1.467 V (code=37576)
"
82,2,45,1.4675309524916171,1.5980844286927152,0.13055347620109803,1784345545.0861208,1784345546.513605,1784345545.7998629,1.65314693,"[dac] CH_A set to +1.598 V (code=38004)
"
83,2,46,1.5980844286927152,1.728637904893814,0.13055347620109892,1784345546.513851,1784345547.951046,1784345547.2324486,1.64376262,"[dac] CH_A set to +1.729 V (code=38432)
"
84,2,47,1.728637904893814,1.859191381094913,0.13055347620109892,1784345547.9513001,1784345549.370176,1784345548.660738,1.68532171,"[dac] CH_A set to +1.859 V (code=38860)
"
85,2,48,1.859191381094913,1.989744857296012,0.13055347620109892,1784345549.3703911,1784345550.80353,1784345550.0869606,1.68532171,"[dac] CH_A set to +1.990 V (code=39287)
"
86,2,49,1.989744857296012,2.120298333497111,0.13055347620109892,1784345550.8038359,1784345552.242097,1784345551.5229664,1.71347464,"[dac] CH_A set to +2.120 V (code=39715)
"
87,2,50,2.120298333497111,2.250851809698209,0.13055347620109803,1784345552.2422972,1784345553.6735182,1784345552.9579077,1.71213403,"[dac] CH_A set to +2.251 V (code=40143)
"
88,2,51,2.250851809698209,2.3814052858993078,0.13055347620109892,1784345553.673743,1784345555.10538,1784345554.3895617,1.71883711,"[dac] CH_A set to +2.381 V (code=40571)
"
89,2,52,2.3814052858993078,2.5119587621004067,0.13055347620109892,1784345555.105589,1784345556.5462909,1784345555.82594,1.69202479,"[dac] CH_A set to +2.512 V (code=40999)
"
90,2,53,2.5119587621004067,2.6425122383015047,0.13055347620109803,1784345556.546539,1784345557.989066,1784345557.2678025,1.68800294,"[dac] CH_A set to +2.642 V (code=41426)
"
91,2,54,2.6425122383015047,2.7730657145026036,0.13055347620109892,1784345557.989332,1784345559.428101,1784345558.7087164,1.67727801,"[dac] CH_A set to +2.773 V (code=41854)
"
92,2,55,2.7730657145026036,2.9036191907037026,0.13055347620109892,1784345559.428276,1784345560.86192,1784345560.1450982,1.68800294,"[dac] CH_A set to +2.904 V (code=42282)
"
93,2,56,2.9036191907037026,3.0341726669048015,0.13055347620109892,1784345560.8621361,1784345562.3075998,1784345561.584868,1.62901584,"[dac] CH_A set to +3.034 V (code=42710)
"
94,2,57,3.0341726669048015,3.1647261431059004,0.13055347620109892,1784345562.307829,1784345563.7553751,1784345563.031602,1.61426907,"[dac] CH_A set to +3.165 V (code=43137)
"
95,2,58,3.1647261431059004,3.2952796193069984,0.13055347620109803,1784345563.755614,1784345565.191242,1784345564.473428,1.56198505,"[dac] CH_A set to +3.295 V (code=43565)
"
96,2,59,3.2952796193069984,3.4258330955080973,0.13055347620109892,1784345565.191457,1784345566.628646,1784345565.9100513,1.52712904,"[dac] CH_A set to +3.426 V (code=43993)
"
97,2,60,3.4258330955080973,3.5563865717091963,0.13055347620109892,1784345566.6289291,1784345568.058861,1784345567.343895,1.48959179,"[dac] CH_A set to +3.556 V (code=44421)
"
98,2,61,3.5563865717091963,3.6869400479102943,0.13055347620109803,1784345568.059124,1784345569.486538,1784345568.772831,1.44132962,"[dac] CH_A set to +3.687 V (code=44849)
"
99,2,62,3.6869400479102943,3.817493524111393,0.13055347620109892,1784345569.4867258,1784345570.928706,1784345570.207716,1.39440807,"[dac] CH_A set to +3.818 V (code=45276)
"
100,2,63,3.817493524111393,3.948047000312492,0.13055347620109892,1784345570.9289532,1784345572.3703601,1784345571.6496568,1.34078343,"[dac] CH_A set to +3.948 V (code=45704)
"
101,2,64,3.948047000312492,4.078600476513591,0.13055347620109892,1784345572.3705869,1784345573.803663,1784345573.0871248,1.2791151,"[dac] CH_A set to +4.079 V (code=46132)
"
102,2,65,4.078600476513591,4.20915395271469,0.13055347620109892,1784345573.8039181,1784345575.2453802,1784345574.5246491,1.24559971,"[dac] CH_A set to +4.209 V (code=46560)
"
103,2,66,4.20915395271469,4.339707428915789,0.13055347620109892,1784345575.2455978,1784345576.680824,1784345575.963211,1.1437129,"[dac] CH_A set to +4.340 V (code=46988)
"
104,2,67,4.339707428915789,4.470260905116888,0.13055347620109892,1784345576.681033,1784345578.117307,1784345577.39917,1.08606642,"[dac] CH_A set to +4.470 V (code=47416)
"
105,2,68,4.470260905116888,4.600814381317985,0.13055347620109714,1784345578.1176152,1784345579.5516531,1784345578.8346343,1.00294824,"[dac] CH_A set to +4.601 V (code=47843)
"
106,2,69,4.600814381317985,4.731367857519084,0.13055347620109892,1784345579.551957,1784345580.9945889,1784345580.273273,0.964070378,"[dac] CH_A set to +4.731 V (code=48271)
"
107,2,70,4.731367857519084,4.861921333720183,0.13055347620109892,1784345580.994837,1784345582.430773,1784345581.712805,0.899720817,"[dac] CH_A set to +4.862 V (code=48699)
"
108,2,71,4.861921333720183,4.992474809921282,0.13055347620109892,1784345582.430958,1784345583.8751512,1784345583.1530547,0.828668176,"[dac] CH_A set to +4.992 V (code=49127)
"
109,2,72,4.992474809921282,5.123028286122381,0.13055347620109892,1784345583.875365,1784345585.315372,1784345584.5953684,0.746890609,"[dac] CH_A set to +5.123 V (code=49554)
"
110,2,73,5.123028286122381,5.2535817623234795,0.13055347620109892,1784345585.315582,1784345586.733133,1784345586.0243576,0.702650286,"[dac] CH_A set to +5.254 V (code=49982)
"
111,2,74,5.2535817623234795,5.384135238524578,0.13055347620109892,1784345586.733333,1784345588.1656199,1784345587.4494765,0.627575798,"[dac] CH_A set to +5.384 V (code=50410)
"
112,2,75,5.384135238524578,5.514688714725676,0.13055347620109714,1784345588.165843,1784345589.604179,1784345588.885011,0.556523157,"[dac] CH_A set to +5.515 V (code=50838)
"
113,2,76,5.514688714725676,5.6452421909267745,0.13055347620109892,1784345589.604415,1784345591.0405161,1784345590.3224654,0.494854828,"[dac] CH_A set to +5.645 V (code=51265)
"
114,2,77,5.6452421909267745,5.775795667127873,0.13055347620109892,1784345591.0407522,1784345592.479736,1784345591.7602441,0.447933273,"[dac] CH_A set to +5.776 V (code=51693)
"
115,2,78,5.775795667127873,5.906349143328972,0.13055347620109892,1784345592.4799979,1784345593.9201212,1784345593.2000594,0.399671102,"[dac] CH_A set to +5.906 V (code=52121)
"
116,2,79,5.906349143328972,6.036902619530071,0.13055347620109892,1784345593.920353,1784345595.370549,1784345594.645451,0.362133858,"[dac] CH_A set to +6.037 V (code=52549)
"
117,2,80,6.036902619530071,6.16745609573117,0.13055347620109892,1784345595.37077,1784345596.8022091,1784345596.0864897,0.266950132,"[dac] CH_A set to +6.168 V (code=52977)
"
118,3,0,6.036902619530071,5.971625881429522,-0.06527673810054946,1784345625.3478541,1784345626.7628858,1784345626.0553699,0.311190456,"[dac] CH_A set to +5.972 V (code=52335)
"
119,3,1,5.971625881429522,5.906349143328972,-0.06527673810054946,1784345626.7631528,1784345628.179154,1784345627.4711533,0.32593723,"[dac] CH_A set to +5.906 V (code=52121)
"
120,4,0,6.036902619530071,5.906349143328972,-0.13055347620109892,1784345656.727802,1784345658.158612,1784345657.443207,0.304487376,"[dac] CH_A set to +5.906 V (code=52121)
"
121,4,1,5.906349143328972,5.775795667127873,-0.13055347620109892,1784345658.1589482,1784345659.587741,1784345658.8733444,0.338002773,"[dac] CH_A set to +5.776 V (code=51693)
"
122,4,2,5.775795667127873,5.645242190926775,-0.13055347620109803,1784345659.587981,1784345661.022043,1784345660.305012,0.410396029,"[dac] CH_A set to +5.645 V (code=51265)
"
123,4,3,5.645242190926775,5.5146887147256765,-0.13055347620109892,1784345661.022341,1784345662.440599,1784345661.73147,0.478767438,"[dac] CH_A set to +5.515 V (code=50838)
"
124,4,4,5.5146887147256765,5.3841352385245775,-0.13055347620109892,1784345662.44092,1784345663.8638542,1784345663.1523871,0.502898523,"[dac] CH_A set to +5.384 V (code=50410)
"
125,4,5,5.3841352385245775,5.2535817623234795,-0.13055347620109803,1784345663.8641422,1784345665.290277,1784345664.5772095,0.576632395,"[dac] CH_A set to +5.254 V (code=49982)
"
126,4,6,5.2535817623234795,5.123028286122381,-0.13055347620109892,1784345665.2904818,1784345666.721042,1784345666.0057619,0.658409963,"[dac] CH_A set to +5.123 V (code=49554)
"
127,4,7,5.123028286122381,4.992474809921282,-0.13055347620109892,1784345666.7212758,1784345668.15438,1784345667.437828,0.705331518,"[dac] CH_A set to +4.992 V (code=49127)
"
128,4,8,4.992474809921282,4.861921333720183,-0.13055347620109892,1784345668.154615,1784345669.5995939,1784345668.8771043,0.761637384,"[dac] CH_A set to +4.862 V (code=48699)
"
129,4,9,4.861921333720183,4.731367857519084,-0.13055347620109892,1784345669.599786,1784345671.0374699,1784345670.3186278,0.809899554,"[dac] CH_A set to +4.731 V (code=48271)
"
130,4,10,4.731367857519084,4.600814381317986,-0.13055347620109803,1784345671.037733,1784345672.481028,1784345671.7593806,0.880952195,"[dac] CH_A set to +4.601 V (code=47843)
"
131,4,11,4.600814381317986,4.470260905116887,-0.13055347620109892,1784345672.481248,1784345673.9123409,1784345673.1967945,0.957367299,"[dac] CH_A set to +4.470 V (code=47416)
"
132,4,12,4.470260905116887,4.339707428915788,-0.13055347620109892,1784345673.912578,1784345675.345163,1784345674.6288705,1.02439809,"[dac] CH_A set to +4.340 V (code=46988)
"
133,4,13,4.339707428915788,4.20915395271469,-0.13055347620109803,1784345675.345422,1784345676.778688,1784345676.062055,1.07936334,"[dac] CH_A set to +4.209 V (code=46560)
"
134,4,14,4.20915395271469,4.078600476513591,-0.13055347620109892,1784345676.778961,1784345678.205996,1784345677.4924784,1.15443783,"[dac] CH_A set to +4.079 V (code=46132)
"
135,4,15,4.078600476513591,3.948047000312492,-0.13055347620109892,1784345678.206198,1784345679.6294668,1784345678.9178324,1.22951232,"[dac] CH_A set to +3.948 V (code=45704)
"
136,4,16,3.948047000312492,3.817493524111393,-0.13055347620109892,1784345679.629666,1784345681.067625,1784345680.3486457,1.27241202,"[dac] CH_A set to +3.818 V (code=45276)
"
137,4,17,3.817493524111393,3.6869400479102947,-0.13055347620109847,1784345681.067876,1784345682.495666,1784345681.7817712,1.34346467,"[dac] CH_A set to +3.687 V (code=44849)
"
138,4,18,3.6869400479102947,3.5563865717091963,-0.13055347620109847,1784345682.496028,1784345683.945319,1784345683.2206736,1.38234253,"[dac] CH_A set to +3.556 V (code=44421)
"
139,4,19,3.5563865717091963,3.4258330955080973,-0.13055347620109892,1784345683.9455879,1784345685.390508,1784345684.668048,1.42390162,"[dac] CH_A set to +3.426 V (code=43993)
"
140,4,20,3.4258330955080973,3.2952796193069984,-0.13055347620109892,1784345685.390728,1784345686.827841,1784345686.1092844,1.45071393,"[dac] CH_A set to +3.295 V (code=43565)
"
141,4,21,3.2952796193069984,3.1647261431059,-0.13055347620109847,1784345686.828094,1784345688.264071,1784345687.5460825,1.49763549,"[dac] CH_A set to +3.165 V (code=43137)
"
142,4,22,3.1647261431059,3.0341726669048015,-0.13055347620109847,1784345688.264281,1784345689.703101,1784345688.983691,1.56198505,"[dac] CH_A set to +3.034 V (code=42710)
"
143,4,23,3.0341726669048015,2.9036191907037026,-0.13055347620109892,1784345689.703326,1784345691.153559,1784345690.4284425,1.59281921,"[dac] CH_A set to +2.904 V (code=42282)
"
144,4,24,2.9036191907037026,2.7730657145026036,-0.13055347620109892,1784345691.15378,1784345692.594503,1784345691.8741415,1.62231276,"[dac] CH_A set to +2.773 V (code=41854)
"
145,4,25,2.7730657145026036,2.642512238301505,-0.13055347620109847,1784345692.594709,1784345694.0386539,1784345693.3166814,1.64108139,"[dac] CH_A set to +2.642 V (code=41426)
"
146,4,26,2.642512238301505,2.5119587621004067,-0.13055347620109847,1784345694.0388632,1784345695.47855,1784345694.7587066,1.66923432,"[dac] CH_A set to +2.512 V (code=40999)
"
147,4,27,2.5119587621004067,2.3814052858993078,-0.13055347620109892,1784345695.478783,1784345696.922849,1784345696.200816,1.70274971,"[dac] CH_A set to +2.381 V (code=40571)
"
148,4,28,2.3814052858993078,2.250851809698209,-0.13055347620109892,1784345696.923083,1784345698.348907,1784345697.635995,1.68532171,"[dac] CH_A set to +2.251 V (code=40143)
"
149,4,29,2.250851809698209,2.1202983334971104,-0.13055347620109847,1784345698.349133,1784345699.786527,1784345699.06783,1.69872787,"[dac] CH_A set to +2.120 V (code=39715)
"
150,4,30,2.1202983334971104,1.989744857296012,-0.13055347620109847,1784345699.786796,1784345701.218822,1784345700.502809,1.70274971,"[dac] CH_A set to +1.990 V (code=39287)
"
151,4,31,1.989744857296012,1.859191381094913,-0.13055347620109892,1784345701.219101,1784345702.6502469,1784345701.9346738,1.71749649,"[dac] CH_A set to +1.859 V (code=38860)
"
152,4,32,1.859191381094913,1.728637904893814,-0.13055347620109892,1784345702.650435,1784345704.086984,1784345703.3687096,1.67459678,"[dac] CH_A set to +1.729 V (code=38432)
"
153,4,33,1.728637904893814,1.5980844286927152,-0.13055347620109892,1784345704.087211,1784345705.5173361,1784345704.8022735,1.69738725,"[dac] CH_A set to +1.598 V (code=38004)
"
154,4,34,1.5980844286927152,1.4675309524916171,-0.13055347620109803,1784345705.517565,1784345706.952642,1784345706.2351036,1.63571892,"[dac] CH_A set to +1.467 V (code=37576)
"
155,4,35,1.4675309524916171,1.3369774762905182,-0.13055347620109892,1784345706.952857,1784345708.386296,1784345707.6695766,1.61963153,"[dac] CH_A set to +1.337 V (code=37149)
"
156,4,36,1.3369774762905182,1.2064240000894193,-0.13055347620109892,1784345708.386664,1784345709.835623,1784345709.1111436,1.60354414,"[dac] CH_A set to +1.206 V (code=36721)
"
157,4,37,1.2064240000894193,1.0758705238883213,-0.13055347620109803,1784345709.8358421,1784345711.261895,1784345710.5488687,1.58477552,"[dac] CH_A set to +1.076 V (code=36293)
"
158,4,38,1.0758705238883213,0.9453170476872224,-0.13055347620109892,1784345711.262144,1784345712.6864011,1784345711.9742727,1.54187581,"[dac] CH_A set to +0.945 V (code=35865)
"
159,4,39,0.9453170476872224,0.8147635714861234,-0.13055347620109892,1784345712.6866188,1784345714.122709,1784345713.404664,1.51506349,"[dac] CH_A set to +0.815 V (code=35437)
"
160,4,40,0.8147635714861234,0.6842100952850245,-0.13055347620109892,1784345714.122889,1784345715.5452201,1784345714.8340545,1.43864839,"[dac] CH_A set to +0.684 V (code=35009)
"
161,4,41,0.6842100952850245,0.5536566190839256,-0.13055347620109892,1784345715.545474,1784345716.972275,1784345716.2588744,1.41585792,"[dac] CH_A set to +0.554 V (code=34582)
"
162,4,42,0.5536566190839256,0.4231031428828276,-0.13055347620109803,1784345716.972508,1784345718.403619,1784345717.6880636,1.36089267,"[dac] CH_A set to +0.423 V (code=34154)
"
163,4,43,0.4231031428828276,0.29254966668172866,-0.13055347620109892,1784345718.403853,1784345719.845259,1784345719.124556,1.29788373,"[dac] CH_A set to +0.292 V (code=33726)
"
164,4,44,0.29254966668172866,0.16199619048062974,-0.13055347620109892,1784345719.84551,1784345721.27741,1784345720.56146,1.25632463,"[dac] CH_A set to +0.162 V (code=33298)
"
165,4,45,0.16199619048062974,0.031442714279531714,-0.13055347620109803,1784345721.2776341,1784345722.7119648,1784345721.9947996,1.17990953,"[dac] CH_A set to +0.031 V (code=32870)
"
166,4,46,0.031442714279531714,-0.0991107619215672,-0.13055347620109892,1784345722.712202,1784345724.144723,1784345723.4284625,1.1182412,"[dac] CH_A set to -0.099 V (code=32443)
"
167,4,47,-0.0991107619215672,-0.22966423812266612,-0.13055347620109892,1784345724.1450298,1784345725.571923,1784345724.8584764,1.04584795,"[dac] CH_A set to -0.230 V (code=32015)
"
168,4,48,-0.22966423812266612,-0.36021771432376504,-0.13055347620109892,1784345725.572153,1784345727.006677,1784345726.289415,0.993563927,"[dac] CH_A set to -0.360 V (code=31587)
"
169,4,49,-0.36021771432376504,-0.49077119052486395,-0.13055347620109892,1784345727.006898,1784345728.445622,1784345727.72626,0.90508328,"[dac] CH_A set to -0.491 V (code=31159)
"
170,4,50,-0.49077119052486395,-0.621324666725962,-0.13055347620109803,1784345728.445846,1784345729.877909,1784345729.1618776,0.86620542,"[dac] CH_A set to -0.621 V (code=30732)
"
171,4,51,-0.621324666725962,-0.7518781429270609,-0.13055347620109892,1784345729.8780968,1784345731.306742,1784345730.5924194,0.801855859,"[dac] CH_A set to -0.752 V (code=30304)
"
172,4,52,-0.7518781429270609,-0.8824316191281598,-0.13055347620109892,1784345731.306957,1784345732.726642,1784345732.0167994,0.71739706,"[dac] CH_A set to -0.882 V (code=29876)
"
173,4,53,-0.8824316191281598,-1.0129850953292578,-0.13055347620109803,1784345732.7268329,1784345734.164184,1784345733.4455085,0.657069347,"[dac] CH_A set to -1.013 V (code=29448)
"
174,4,54,-1.0129850953292578,-1.1435385715303568,-0.13055347620109892,1784345734.1644,1784345735.5953631,1784345734.8798816,0.604785328,"[dac] CH_A set to -1.143 V (code=29021)
"
175,4,55,-1.1435385715303568,-1.2740920477314557,-0.13055347620109892,1784345735.595665,1784345737.032277,1784345736.313971,0.52971084,"[dac] CH_A set to -1.274 V (code=28593)
"
176,4,56,-1.2740920477314557,-1.4046455239325546,-0.13055347620109892,1784345737.032497,1784345738.463439,1784345737.747968,0.461339432,"[dac] CH_A set to -1.405 V (code=28165)
"
177,4,57,-1.4046455239325546,-1.5351990001336535,-0.13055347620109892,1784345738.463764,1784345739.90101,1784345739.1823869,0.399671102,"[dac] CH_A set to -1.535 V (code=27737)
"
178,4,58,-1.5351990001336535,-1.6657524763347515,-0.13055347620109803,1784345739.901279,1784345741.3428988,1784345740.622089,0.332640309,"[dac] CH_A set to -1.666 V (code=27309)
"
179,4,59,-1.6657524763347515,-1.7963059525358505,-0.13055347620109892,1784345741.3431082,1784345742.784244,1784345742.063676,0.28705937,"[dac] CH_A set to -1.796 V (code=26881)
"
180,4,60,-1.7963059525358505,-1.9268594287369494,-0.13055347620109892,1784345742.784485,1784345744.2122219,1784345743.4983535,0.253543974,"[dac] CH_A set to -1.927 V (code=26454)
"
181,4,61,-1.9268594287369494,-2.0574129049380474,-0.13055347620109803,1784345744.212712,1784345745.6467159,1784345744.929714,0.211984882,"[dac] CH_A set to -2.057 V (code=26026)
"
182,4,62,-2.0574129049380474,-2.1879663811391468,-0.13055347620109936,1784345745.6469362,1784345747.0787709,1784345746.3628535,0.174447638,"[dac] CH_A set to -2.188 V (code=25598)
"
183,5,0,-2.057412904938048,-1.9921361668374984,0.06527673810054946,1784345775.5606751,1784345777.000288,1784345776.2804816,0.195897492,"[dac] CH_A set to -1.992 V (code=26240)
"
184,5,1,-1.9921361668374984,-1.926859428736949,0.06527673810054946,1784345777.000499,1784345778.4376252,1784345777.719062,0.225391041,"[dac] CH_A set to -1.927 V (code=26454)
"
185,6,0,-2.057412904938048,-1.9268594287369492,0.1305534762010987,1784345806.9813519,1784345808.421765,1784345807.7015586,0.198578724,"[dac] CH_A set to -1.927 V (code=26454)
"
186,6,1,-1.9268594287369492,-1.7963059525358505,0.1305534762010987,1784345808.4219751,1784345809.862668,1784345809.1423216,0.264268901,"[dac] CH_A set to -1.796 V (code=26881)
"
187,6,2,-1.7963059525358505,-1.665752476334752,0.13055347620109847,1784345809.862897,1784345811.296641,1784345810.5797691,0.32593723,"[dac] CH_A set to -1.666 V (code=27309)
"
188,6,3,-1.665752476334752,-1.535199000133653,0.13055347620109892,1784345811.2968462,1784345812.718251,1784345812.0075486,0.352749547,"[dac] CH_A set to -1.535 V (code=27737)
"
189,6,4,-1.535199000133653,-1.4046455239325546,0.13055347620109847,1784345812.718477,1784345814.156497,1784345813.4374871,0.406374182,"[dac] CH_A set to -1.405 V (code=28165)
"
190,6,5,-1.4046455239325546,-1.274092047731456,0.1305534762010987,1784345814.1566982,1784345815.5876532,1784345814.8721757,0.472064358,"[dac] CH_A set to -1.274 V (code=28593)
"
191,6,6,-1.274092047731456,-1.1435385715303572,0.1305534762010987,1784345815.587858,1784345817.0126889,1784345816.3002734,0.528370224,"[dac] CH_A set to -1.143 V (code=29021)
"
192,6,7,-1.1435385715303572,-1.0129850953292585,0.1305534762010987,1784345817.01296,1784345818.4495392,1784345817.7312496,0.579313627,"[dac] CH_A set to -1.013 V (code=29448)
"
193,6,8,-1.0129850953292585,-0.8824316191281598,0.1305534762010987,1784345818.44974,1784345819.895152,1784345819.172446,0.636960109,"[dac] CH_A set to -0.882 V (code=29876)
"
194,6,9,-0.8824316191281598,-0.7518781429270611,0.1305534762010987,1784345819.895392,1784345821.334132,1784345820.6147618,0.681200432,"[dac] CH_A set to -0.752 V (code=30304)
"
195,6,10,-0.7518781429270611,-0.6213246667259624,0.1305534762010987,1784345821.3343391,1784345822.753747,1784345822.044043,0.741528146,"[dac] CH_A set to -0.621 V (code=30732)
"
196,6,11,-0.6213246667259624,-0.49077119052486395,0.13055347620109847,1784345822.753945,1784345824.186816,1784345823.4703805,0.836711871,"[dac] CH_A set to -0.491 V (code=31159)
"
197,6,12,-0.49077119052486395,-0.36021771432376526,0.1305534762010987,1784345824.187051,1784345825.629367,1784345824.908209,0.884974042,"[dac] CH_A set to -0.360 V (code=31587)
"
198,6,13,-0.36021771432376526,-0.22966423812266656,0.1305534762010987,1784345825.62959,1784345827.071145,1784345826.3503675,0.96675161,"[dac] CH_A set to -0.230 V (code=32015)
"
199,6,14,-0.22966423812266656,-0.09911076192156787,0.1305534762010987,1784345827.071412,1784345828.514438,1784345827.792925,1.04316671,"[dac] CH_A set to -0.099 V (code=32443)
"
200,6,15,-0.09911076192156787,0.031442714279530826,0.1305534762010987,1784345828.5146072,1784345829.9625962,1784345829.2386017,1.08874765,"[dac] CH_A set to +0.031 V (code=32870)
"
201,6,16,0.031442714279530826,0.1619961904806293,0.13055347620109847,1784345829.962862,1784345831.395888,1784345830.6793752,1.15309721,"[dac] CH_A set to +0.162 V (code=33298)
"
202,6,17,0.1619961904806293,0.2925496666817282,0.13055347620109892,1784345831.3960729,1784345832.837858,1784345832.1169653,1.21476554,"[dac] CH_A set to +0.292 V (code=33726)
"
203,6,18,0.2925496666817282,0.4231031428828267,0.13055347620109847,1784345832.838332,1784345834.280065,1784345833.5591984,1.27643387,"[dac] CH_A set to +0.423 V (code=34154)
"
204,6,19,0.4231031428828267,0.5536566190839256,0.13055347620109892,1784345834.280322,1784345835.717712,1784345834.999017,1.31128988,"[dac] CH_A set to +0.554 V (code=34582)
"
205,6,20,0.5536566190839256,0.6842100952850241,0.13055347620109847,1784345835.717897,1784345837.160098,1784345836.4389975,1.39977053,"[dac] CH_A set to +0.684 V (code=35009)
"
206,6,21,0.6842100952850241,0.814763571486123,0.13055347620109892,1784345837.160409,1784345838.5955122,1784345837.8779607,1.42658285,"[dac] CH_A set to +0.815 V (code=35437)
"
207,6,22,0.814763571486123,0.9453170476872215,0.13055347620109847,1784345838.595708,1784345840.02312,1784345839.309414,1.46814194,"[dac] CH_A set to +0.945 V (code=35865)
"
208,6,23,0.9453170476872215,1.07587052388832,0.13055347620109847,1784345840.023325,1784345841.45213,1784345840.7377276,1.53383212,"[dac] CH_A set to +1.076 V (code=36293)
"
209,6,24,1.07587052388832,1.2064240000894189,0.13055347620109892,1784345841.452367,1784345842.887946,1784345842.1701565,1.55930382,"[dac] CH_A set to +1.206 V (code=36721)
"
210,6,25,1.2064240000894189,1.3369774762905173,0.13055347620109847,1784345842.888167,1784345844.3296251,1784345843.608896,1.61158784,"[dac] CH_A set to +1.337 V (code=37149)
"
211,6,26,1.3369774762905173,1.4675309524916162,0.13055347620109892,1784345844.329964,1784345845.760434,1784345845.045199,1.62231276,"[dac] CH_A set to +1.467 V (code=37576)
"
212,6,27,1.4675309524916162,1.5980844286927147,0.13055347620109847,1784345845.7606678,1784345847.199407,1784345846.4800375,1.65448754,"[dac] CH_A set to +1.598 V (code=38004)
"
213,6,28,1.5980844286927147,1.7286379048938136,0.13055347620109892,1784345847.1996028,1784345848.629157,1784345847.91438,1.68666232,"[dac] CH_A set to +1.729 V (code=38432)
"
214,6,29,1.7286379048938136,1.859191381094912,0.13055347620109847,1784345848.629569,1784345850.06017,1784345849.3448696,1.70274971,"[dac] CH_A set to +1.859 V (code=38860)
"
215,6,30,1.859191381094912,1.9897448572960106,0.13055347620109847,1784345850.060415,1784345851.508669,1784345850.784542,1.69470602,"[dac] CH_A set to +1.990 V (code=39287)
"
216,6,31,1.9897448572960106,2.1202983334971095,0.13055347620109892,1784345851.508906,1784345852.94849,1784345852.2286978,1.70006848,"[dac] CH_A set to +2.120 V (code=39715)
"
217,6,32,2.1202983334971095,2.2508518096982084,0.13055347620109892,1784345852.9486878,1784345854.377745,1784345853.6632164,1.71079341,"[dac] CH_A set to +2.251 V (code=40143)
"
218,6,33,2.2508518096982084,2.3814052858993064,0.13055347620109803,1784345854.377988,1784345855.8169868,1784345855.0974874,1.70274971,"[dac] CH_A set to +2.381 V (code=40571)
"
219,6,34,2.3814052858993064,2.5119587621004054,0.13055347620109892,1784345855.8173592,1784345857.244668,1784345856.5310135,1.69202479,"[dac] CH_A set to +2.512 V (code=40999)
"
220,6,35,2.5119587621004054,2.6425122383015043,0.13055347620109892,1784345857.2448661,1784345858.668235,1784345857.9565506,1.6933654,"[dac] CH_A set to +2.642 V (code=41426)
"
221,6,36,2.6425122383015043,2.773065714502603,0.13055347620109892,1784345858.6684318,1784345860.103376,1784345859.3859038,1.65716878,"[dac] CH_A set to +2.773 V (code=41854)
"
222,6,37,2.773065714502603,2.9036191907037012,0.13055347620109803,1784345860.103575,1784345861.523125,1784345860.81335,1.63035646,"[dac] CH_A set to +2.904 V (code=42282)
"
223,6,38,2.9036191907037012,3.0341726669048,0.13055347620109892,1784345861.523363,1784345862.970816,1784345862.2470894,1.6169503,"[dac] CH_A set to +3.034 V (code=42710)
"
224,6,39,3.0341726669048,3.164726143105899,0.13055347620109892,1784345862.971041,1784345864.412211,1784345863.691626,1.56064443,"[dac] CH_A set to +3.165 V (code=43137)
"
225,6,40,3.164726143105899,3.295279619306997,0.13055347620109803,1784345864.4124842,1784345865.850647,1784345865.1315656,1.52042596,"[dac] CH_A set to +3.295 V (code=43565)
"
226,6,41,3.295279619306997,3.425833095508096,0.13055347620109892,1784345865.850877,1784345867.290111,1784345866.5704942,1.49227303,"[dac] CH_A set to +3.426 V (code=43993)
"
227,6,42,3.425833095508096,3.556386571709195,0.13055347620109892,1784345867.290499,1784345868.726336,1784345868.0084176,1.44132962,"[dac] CH_A set to +3.556 V (code=44421)
"
228,6,43,3.556386571709195,3.686940047910294,0.13055347620109892,1784345868.7265449,1784345870.1679518,1784345869.4472485,1.41049546,"[dac] CH_A set to +3.687 V (code=44849)
"
229,6,44,3.686940047910294,3.817493524111393,0.13055347620109936,1784345870.168213,1784345871.603019,1784345870.8856158,1.33408035,"[dac] CH_A set to +3.818 V (code=45276)
"
230,7,0,3.6869400479102943,3.621663309809745,-0.06527673810054946,1784345900.078561,1784345901.520365,1784345900.799463,1.3970893,"[dac] CH_A set to +3.622 V (code=44635)
"
231,7,1,3.621663309809745,3.5563865717091954,-0.06527673810054946,1784345901.521491,1784345902.968917,1784345902.245204,1.40647361,"[dac] CH_A set to +3.556 V (code=44421)
"
232,8,0,3.6869400479102943,3.8174935241113928,0.13055347620109847,1784345931.511185,1784345932.946558,1784345932.2288713,1.28984003,"[dac] CH_A set to +3.818 V (code=45276)
"
233,8,1,3.8174935241113928,3.9480470003124917,0.13055347620109892,1784345932.946778,1784345934.376131,1784345933.6614547,1.23219355,"[dac] CH_A set to +3.948 V (code=45704)
"
234,8,2,3.9480470003124917,4.07860047651359,0.13055347620109847,1784345934.376388,1784345935.795553,1784345935.0859704,1.19197507,"[dac] CH_A set to +4.079 V (code=46132)
"
235,8,3,4.07860047651359,4.209153952714689,0.13055347620109892,1784345935.795771,1784345937.230908,1784345936.5133395,1.10215381,"[dac] CH_A set to +4.209 V (code=46560)
"
236,8,4,4.209153952714689,4.339707428915788,0.13055347620109892,1784345937.231112,1784345938.666538,1784345937.948825,1.04584795,"[dac] CH_A set to +4.340 V (code=46988)
"
237,8,5,4.339707428915788,4.470260905116886,0.13055347620109803,1784345938.6675782,1784345940.091776,1784345939.379677,0.993563927,"[dac] CH_A set to +4.470 V (code=47416)
"
238,8,6,4.470260905116886,4.600814381317985,0.13055347620109892,1784345940.091996,1784345941.520779,1784345940.8063874,0.917148823,"[dac] CH_A set to +4.601 V (code=47843)
"
239,8,7,4.600814381317985,4.731367857519084,0.13055347620109892,1784345941.520999,1784345942.953878,1784345942.2374384,0.85011803,"[dac] CH_A set to +4.731 V (code=48271)
"
240,8,8,4.731367857519084,4.861921333720183,0.13055347620109892,1784345942.954182,1784345944.394906,1784345943.6745439,0.785768469,"[dac] CH_A set to +4.862 V (code=48699)
"
241,8,9,4.861921333720183,4.992474809921281,0.13055347620109803,1784345944.3951209,1784345945.8209941,1784345945.1080575,0.764318615,"[dac] CH_A set to +4.992 V (code=49127)
"
242,8,10,4.992474809921281,5.12302828612238,0.13055347620109892,1784345945.821394,1784345947.2693949,1784345946.5453944,0.635619493,"[dac] CH_A set to +5.123 V (code=49554)
"
243,8,11,5.12302828612238,5.253581762323478,0.13055347620109803,1784345947.269709,1784345948.7148218,1784345947.9922655,0.580654243,"[dac] CH_A set to +5.254 V (code=49982)
"
244,8,12,5.253581762323478,5.384135238524577,0.13055347620109892,1784345948.7150211,1784345950.14863,1784345949.4318256,0.523007761,"[dac] CH_A set to +5.384 V (code=50410)
"
245,8,13,5.384135238524577,5.514688714725676,0.13055347620109892,1784345950.148961,1784345951.581886,1784345950.8654237,0.450614505,"[dac] CH_A set to +5.515 V (code=50838)
"
246,8,14,5.514688714725676,5.6452421909267745,0.13055347620109892,1784345951.5821319,1784345953.020184,1784345952.301158,0.415758493,"[dac] CH_A set to +5.645 V (code=51265)
"
247,9,0,5.775795667127873,5.841072405228423,0.06527673810054946,1784345981.484211,1784345982.90578,1784345982.1949954,0.299124913,"[dac] CH_A set to +5.841 V (code=51907)
"
248,9,1,5.841072405228423,5.906349143328972,0.06527673810054946,1784345982.906293,1784345984.353176,1784345983.6297345,0.264268901,"[dac] CH_A set to +5.906 V (code=52121)
"
249,10,0,5.775795667127873,5.6452421909267745,-0.13055347620109892,1784346012.858342,1784346014.2882218,1784346013.5732818,0.356771395,"[dac] CH_A set to +5.645 V (code=51265)
"
250,10,1,5.6452421909267745,5.5146887147256765,-0.13055347620109803,1784346014.289271,1784346015.7211149,1784346015.005193,0.399671102,"[dac] CH_A set to +5.515 V (code=50838)
"
251,10,2,5.5146887147256765,5.3841352385245775,-0.13055347620109892,1784346015.721587,1784346017.1679811,1784346016.4447842,0.47474559,"[dac] CH_A set to +5.384 V (code=50410)
"
252,10,3,5.3841352385245775,5.253581762323479,-0.13055347620109892,1784346017.168302,1784346018.59836,1784346017.883331,0.531051456,"[dac] CH_A set to +5.254 V (code=49982)
"
253,10,4,5.253581762323479,5.12302828612238,-0.13055347620109892,1784346018.598581,1784346020.020951,1784346019.309766,0.580654243,"[dac] CH_A set to +5.123 V (code=49554)
"
254,10,5,5.12302828612238,4.992474809921282,-0.13055347620109803,1784346020.021251,1784346021.454526,1784346020.7378883,0.63025703,"[dac] CH_A set to +4.992 V (code=49127)
"
255,10,6,4.992474809921282,4.861921333720183,-0.13055347620109892,1784346021.454976,1784346022.896278,1784346022.175627,0.6785192,"[dac] CH_A set to +4.862 V (code=48699)
"
256,10,7,4.861921333720183,4.731367857519084,-0.13055347620109892,1784346022.896532,1784346024.331603,1784346023.6140676,0.77236231,"[dac] CH_A set to +4.731 V (code=48271)
"
257,10,8,4.731367857519084,4.600814381317985,-0.13055347620109892,1784346024.3326561,1784346025.772258,1784346025.052457,0.856821109,"[dac] CH_A set to +4.601 V (code=47843)
"
258,10,9,4.600814381317985,4.470260905116887,-0.13055347620109803,1784346025.772457,1784346027.214747,1784346026.4936018,0.901061433,"[dac] CH_A set to +4.470 V (code=47416)
"
259,10,10,4.470260905116887,4.339707428915788,-0.13055347620109892,1784346027.21496,1784346028.646921,1784346027.9309406,0.976135921,"[dac] CH_A set to +4.340 V (code=46988)
"
260,10,11,4.339707428915788,4.20915395271469,-0.13055347620109803,1784346028.6471481,1784346030.084948,1784346029.366048,1.01903563,"[dac] CH_A set to +4.209 V (code=46560)
"
261,10,12,4.20915395271469,4.078600476513591,-0.13055347620109892,1784346030.085195,1784346031.5322208,1784346030.808708,1.0672978,"[dac] CH_A set to +4.079 V (code=46132)
"
262,10,13,4.078600476513591,3.948047000312492,-0.13055347620109892,1784346031.53333,1784346032.9612281,1784346032.2472792,1.14773475,"[dac] CH_A set to +3.948 V (code=45704)
"
263,10,14,3.948047000312492,3.817493524111393,-0.13055347620109892,1784346032.9615302,1784346034.395544,1784346033.6785371,1.22280924,"[dac] CH_A set to +3.818 V (code=45276)
"
264,10,15,3.817493524111393,3.6869400479102947,-0.13055347620109847,1784346034.39576,1784346035.817905,1784346035.1068325,1.28581818,"[dac] CH_A set to +3.687 V (code=44849)
"
265,10,16,3.6869400479102947,3.5563865717091963,-0.13055347620109847,1784346035.8181498,1784346037.252214,1784346036.535182,1.33273974,"[dac] CH_A set to +3.556 V (code=44421)
"
266,10,17,3.5563865717091963,3.4258330955080973,-0.13055347620109892,1784346037.252438,1784346038.689601,1784346037.9710195,1.35687082,"[dac] CH_A set to +3.426 V (code=43993)
"
267,10,18,3.4258330955080973,3.295279619306999,-0.13055347620109847,1784346038.689995,1784346040.1236138,1784346039.4068046,1.43596716,"[dac] CH_A set to +3.295 V (code=43565)
"
268,10,19,3.295279619306999,3.1647261431059,-0.13055347620109892,1784346040.123853,1784346041.552793,1784346040.838323,1.49763549,"[dac] CH_A set to +3.165 V (code=43137)
"
269,10,20,3.1647261431059,3.0341726669048015,-0.13055347620109847,1784346041.5529861,1784346042.978871,1784346042.2659287,1.53651335,"[dac] CH_A set to +3.034 V (code=42710)
"
270,10,21,3.0341726669048015,2.9036191907037026,-0.13055347620109892,1784346042.979106,1784346044.427697,1784346043.7034016,1.55930382,"[dac] CH_A set to +2.904 V (code=42282)
"
271,10,22,2.9036191907037026,2.773065714502604,-0.13055347620109847,1784346044.427923,1784346045.8558888,1784346045.1419058,1.5914786,"[dac] CH_A set to +2.773 V (code=41854)
"
272,10,23,2.773065714502604,2.6425122383015056,-0.13055347620109847,1784346045.8561149,1784346047.286931,1784346046.571523,1.63169707,"[dac] CH_A set to +2.642 V (code=41426)
"
273,10,24,2.6425122383015056,2.5119587621004067,-0.13055347620109892,1784346047.2871292,1784346048.7232482,1784346048.0051887,1.64376262,"[dac] CH_A set to +2.512 V (code=40999)
"
274,10,25,2.5119587621004067,2.381405285899308,-0.13055347620109847,1784346048.723495,1784346050.15654,1784346049.4400175,1.68264048,"[dac] CH_A set to +2.381 V (code=40571)
"
275,10,26,2.381405285899308,2.2508518096982093,-0.13055347620109892,1784346050.1569011,1784346051.589938,1784346050.8734195,1.71481526,"[dac] CH_A set to +2.251 V (code=40143)
"
276,10,27,2.2508518096982093,2.120298333497111,-0.13055347620109847,1784346051.590229,1784346053.032591,1784346052.31141,1.70274971,"[dac] CH_A set to +2.120 V (code=39715)
"
277,10,28,2.120298333497111,1.989744857296012,-0.13055347620109892,1784346053.032774,1784346054.478132,1784346053.755453,1.73760573,"[dac] CH_A set to +1.990 V (code=39287)
"
278,10,29,1.989744857296012,1.8591913810949134,-0.13055347620109847,1784346054.4783502,1784346055.9155579,1784346055.196954,1.72419957,"[dac] CH_A set to +1.859 V (code=38860)
"
279,10,30,1.8591913810949134,1.728637904893815,-0.13055347620109847,1784346055.915873,1784346057.3636081,1784346056.6397405,1.74296819,"[dac] CH_A set to +1.729 V (code=38432)
"
280,10,31,1.728637904893815,1.598084428692716,-0.13055347620109892,1784346057.3647082,1784346058.800931,1784346058.0828195,1.70543095,"[dac] CH_A set to +1.598 V (code=38004)
"
281,10,32,1.598084428692716,1.4675309524916171,-0.13055347620109892,1784346058.801168,1784346060.243891,1784346059.5225296,1.67057493,"[dac] CH_A set to +1.467 V (code=37576)
"
282,10,33,1.4675309524916171,1.336977476290519,-0.13055347620109803,1784346060.244102,1784346061.6721332,1784346060.9581175,1.66923432,"[dac] CH_A set to +1.337 V (code=37149)
"
283,10,34,1.336977476290519,1.2064240000894202,-0.13055347620109892,1784346061.672368,1784346063.101003,1784346062.3866854,1.66119062,"[dac] CH_A set to +1.206 V (code=36721)
"
284,10,35,1.2064240000894202,1.0758705238883213,-0.13055347620109892,1784346063.101983,1784346064.547628,1784346063.8248055,1.62767523,"[dac] CH_A set to +1.076 V (code=36293)
"
285,10,36,1.0758705238883213,0.9453170476872224,-0.13055347620109892,1784346064.5478249,1784346065.980793,1784346065.264309,1.57539121,"[dac] CH_A set to +0.945 V (code=35865)
"
286,10,37,0.9453170476872224,0.8147635714861243,-0.13055347620109803,1784346065.980982,1784346067.4303648,1784346066.7056735,1.52176657,"[dac] CH_A set to +0.815 V (code=35437)
"
287,10,38,0.8147635714861243,0.6842100952850254,-0.13055347620109892,1784346067.43058,1784346068.8812501,1784346068.155915,1.49629487,"[dac] CH_A set to +0.684 V (code=35009)
"
288,10,39,0.6842100952850254,0.5536566190839265,-0.13055347620109892,1784346068.882259,1784346070.320152,1784346069.6012053,1.4480327,"[dac] CH_A set to +0.554 V (code=34582)
"
289,10,40,0.5536566190839265,0.42310314288282846,-0.13055347620109803,1784346070.320349,1784346071.76417,1784346071.0422595,1.40379238,"[dac] CH_A set to +0.423 V (code=34154)
"
290,10,41,0.42310314288282846,0.29254966668172955,-0.13055347620109892,1784346071.764382,1784346073.197665,1784346072.4810233,1.37027698,"[dac] CH_A set to +0.292 V (code=33726)
"
291,10,42,0.29254966668172955,0.16199619048063063,-0.13055347620109892,1784346073.1978729,1784346074.623282,1784346073.9105773,1.27375264,"[dac] CH_A set to +0.162 V (code=33298)
"
292,10,43,0.16199619048063063,0.031442714279531714,-0.13055347620109892,1784346074.6234639,1784346076.0702,1784346075.3468318,1.25900587,"[dac] CH_A set to +0.031 V (code=32870)
"
293,10,44,0.031442714279531714,-0.09911076192156631,-0.13055347620109803,1784346076.0712588,1784346077.497268,1784346076.7842634,1.17052522,"[dac] CH_A set to -0.099 V (code=32443)
"
294,10,45,-0.09911076192156631,-0.22966423812266523,-0.13055347620109892,1784346077.4974878,1784346078.932889,1784346078.2151885,1.09008827,"[dac] CH_A set to -0.230 V (code=32015)
"
295,10,46,-0.22966423812266523,-0.36021771432376415,-0.13055347620109892,1784346078.933127,1784346080.3639581,1784346079.6485424,1.04584795,"[dac] CH_A set to -0.360 V (code=31587)
"
296,10,47,-0.36021771432376415,-0.4907711905248622,-0.13055347620109803,1784346080.364178,1784346081.805214,1784346081.0846958,0.974795305,"[dac] CH_A set to -0.491 V (code=31159)
"
297,10,48,-0.4907711905248622,-0.6213246667259611,-0.13055347620109892,1784346081.805423,1784346083.23744,1784346082.5214314,0.909105128,"[dac] CH_A set to -0.621 V (code=30732)
"
298,10,49,-0.6213246667259611,-0.75187814292706,-0.13055347620109892,1784346083.2379332,1784346084.667795,1784346083.9528642,0.848777414,"[dac] CH_A set to -0.752 V (code=30304)
"
299,10,50,-0.75187814292706,-0.8824316191281589,-0.13055347620109892,1784346084.668004,1784346086.120211,1784346085.3941073,0.77236231,"[dac] CH_A set to -0.882 V (code=29876)
"
300,10,51,-0.8824316191281589,-1.012985095329257,-0.13055347620109803,1784346086.120724,1784346087.5382771,1784346086.8295007,0.741528146,"[dac] CH_A set to -1.013 V (code=29448)
"
301,10,52,-1.012985095329257,-1.1435385715303559,-0.13055347620109892,1784346087.53848,1784346088.9717581,1784346088.255119,0.638300725,"[dac] CH_A set to -1.143 V (code=29021)
"
302,10,53,-1.1435385715303559,-1.2740920477314548,-0.13055347620109892,1784346088.971958,1784346090.409251,1784346089.6906044,0.581994859,"[dac] CH_A set to -1.274 V (code=28593)
"
303,10,54,-1.2740920477314548,-1.4046455239325537,-0.13055347620109892,1784346090.409497,1784346091.8364758,1784346091.1229863,0.517645298,"[dac] CH_A set to -1.405 V (code=28165)
"
304,10,55,-1.4046455239325537,-1.5351990001336517,-0.13055347620109803,1784346091.837534,1784346093.26781,1784346092.552672,0.450614505,"[dac] CH_A set to -1.535 V (code=27737)
"
305,10,56,-1.5351990001336517,-1.6657524763347507,-0.13055347620109892,1784346093.268021,1784346094.706104,1784346093.9870625,0.390286791,"[dac] CH_A set to -1.666 V (code=27309)
"
306,10,57,-1.6657524763347507,-1.7963059525358496,-0.13055347620109892,1784346094.7063,1784346096.139982,1784346095.423141,0.352749547,"[dac] CH_A set to -1.796 V (code=26881)
"
307,10,58,-1.7963059525358496,-1.9268594287369476,-0.13055347620109803,1784346096.140182,1784346097.572224,1784346096.856203,0.307168608,"[dac] CH_A set to -1.927 V (code=26454)
"
308,10,59,-1.9268594287369476,-2.0574129049380465,-0.13055347620109892,1784346097.572513,1784346099.008211,1784346098.290362,0.226731657,"[dac] CH_A set to -2.057 V (code=26026)
"
309,10,60,-2.0574129049380465,-2.1879663811391454,-0.13055347620109892,1784346099.009274,1784346100.4452531,1784346099.7272635,0.19991934,"[dac] CH_A set to -2.188 V (code=25598)
"
310,10,61,-2.1879663811391454,-2.3185198573402435,-0.13055347620109803,1784346100.445853,1784346101.877204,1784346101.1615286,0.155679016,"[dac] CH_A set to -2.319 V (code=25170)
"
311,10,62,-2.3185198573402435,-2.4490733335413424,-0.13055347620109892,1784346101.877461,1784346103.330524,1784346102.6039925,0.155679016,"[dac] CH_A set to -2.449 V (code=24742)
"
312,10,63,-2.4490733335413424,-2.5796268097424413,-0.13055347620109892,1784346103.3307872,1784346104.770734,1784346104.0507607,0.104735614,"[dac] CH_A set to -2.580 V (code=24315)
"
313,10,64,-2.5796268097424413,-2.71018028594354,-0.13055347620109892,1784346104.771898,1784346106.206294,1784346105.4890962,0.0578140588,"[dac] CH_A set to -2.710 V (code=23887)
"
314,10,65,-2.71018028594354,-2.840733762144639,-0.13055347620109892,1784346106.206514,1784346107.637037,1784346106.9217753,0.0578140588,"[dac] CH_A set to -2.841 V (code=23459)
"
315,10,66,-2.840733762144639,-2.971287238345738,-0.13055347620109892,1784346107.637259,1784346109.070407,1784346108.353833,0.0175955831,"[dac] CH_A set to -2.971 V (code=23031)
"
316,10,67,-2.971287238345738,-3.101840714546835,-0.13055347620109714,1784346109.070633,1784346110.494113,1784346109.782373,0.0135737355,"[dac] CH_A set to -3.102 V (code=22604)
"
317,10,68,-3.101840714546835,-3.232394190747934,-0.13055347620109892,1784346110.4945128,1784346111.928886,1784346111.2116995,0.00553017459,"[dac] CH_A set to -3.232 V (code=22176)
"
318,10,69,-3.232394190747934,-3.362947666949033,-0.13055347620109892,1784346111.929088,1784346113.3621209,1784346112.6456046,0.00821127212,"[dac] CH_A set to -3.363 V (code=21748)
"
319,10,70,-3.362947666949033,-3.493501143150132,-0.13055347620109892,1784346113.362376,1784346114.787341,1784346114.0748587,0.0202768148,"[dac] CH_A set to -3.493 V (code=21320)
"
320,10,71,-3.493501143150132,-3.624054619351231,-0.13055347620109892,1784346114.7875872,1784346116.226413,1784346115.507,0.0108925467,"[dac] CH_A set to -3.624 V (code=20892)
"
321,10,72,-3.624054619351231,-3.7546080955523298,-0.13055347620109892,1784346116.2273579,1784346117.6620429,1784346116.9447002,0.0363642051,"[dac] CH_A set to -3.755 V (code=20465)
"
322,10,73,-3.7546080955523298,-3.8851615717534287,-0.13055347620109892,1784346117.6622798,1784346119.097203,1784346118.3797414,0.0350235893,"[dac] CH_A set to -3.885 V (code=20037)
"
323,10,74,-3.8851615717534287,-4.015715047954528,-0.13055347620109892,1784346119.097399,1784346120.531428,1784346119.8144135,0.0806045284,"[dac] CH_A set to -4.016 V (code=19609)
"
324,11,0,-4.1462685241556265,-4.211545262256176,-0.06527673810054946,1784346149.0016341,1784346150.432251,1784346149.7169425,0.163722711,"[dac] CH_A set to -4.212 V (code=18967)
"
325,11,1,-4.211545262256176,-4.276822000356725,-0.06527673810054946,1784346150.433418,1784346151.8599832,1784346151.1467006,0.191875644,"[dac] CH_A set to -4.277 V (code=18753)
"
326,12,0,-4.1462685241556265,-4.015715047954528,0.13055347620109892,1784346180.3786108,1784346181.8210402,1784346181.0998254,0.120823004,"[dac] CH_A set to -4.016 V (code=19609)
"
327,12,1,-4.015715047954528,-3.885161571753429,0.13055347620109847,1784346181.8213482,1784346183.2512808,1784346182.5363145,0.0926700711,"[dac] CH_A set to -3.885 V (code=20037)
"
328,12,2,-3.885161571753429,-3.7546080955523307,0.13055347620109847,1784346183.251581,1784346184.671922,1784346183.9617515,0.047089132,"[dac] CH_A set to -3.755 V (code=20465)
"
329,12,3,-3.7546080955523307,-3.6240546193512317,0.13055347620109892,1784346184.672129,1784346186.099177,1784346185.385653,0.0591546747,"[dac] CH_A set to -3.624 V (code=20892)
"
330,12,4,-3.6240546193512317,-3.493501143150133,0.13055347620109892,1784346186.099425,1784346187.537689,1784346186.818557,0.0242986624,"[dac] CH_A set to -3.493 V (code=21320)
"
331,12,5,-3.493501143150133,-3.3629476669490344,0.13055347620109847,1784346187.53881,1784346188.971066,1784346188.2549381,0.0216174307,"[dac] CH_A set to -3.363 V (code=21748)
"
332,12,6,-3.3629476669490344,-3.232394190747936,0.13055347620109847,1784346188.971306,1784346190.398174,1784346189.68474,0.0256392783,"[dac] CH_A set to -3.232 V (code=22176)
"
333,12,7,-3.232394190747936,-3.101840714546837,0.13055347620109892,1784346190.398389,1784346191.838134,1784346191.1182616,0.0216174307,"[dac] CH_A set to -3.102 V (code=22604)
"
334,12,8,-3.101840714546837,-2.971287238345738,0.13055347620109892,1784346191.838439,1784346193.292421,1784346192.5654302,-0.00251352055,"[dac] CH_A set to -2.971 V (code=23031)
"
335,12,9,-2.971287238345738,-2.8407337621446396,0.13055347620109847,1784346193.292743,1784346194.749949,1784346194.021346,0.0149143514,"[dac] CH_A set to -2.841 V (code=23459)
"
336,12,10,-2.8407337621446396,-2.710180285943541,0.13055347620109847,1784346194.751328,1784346196.1884348,1784346195.4698815,-0.00519470944,"[dac] CH_A set to -2.710 V (code=23887)
"
337,12,11,-2.710180285943541,-2.579626809742442,0.13055347620109892,1784346196.18865,1784346197.63449,1784346196.91157,0.0511109795,"[dac] CH_A set to -2.580 V (code=24315)
"
338,12,12,-2.579626809742442,-2.4490733335413433,0.13055347620109892,1784346197.634683,1784346199.071413,1784346198.3530478,0.0323423575,"[dac] CH_A set to -2.449 V (code=24742)
"
339,12,13,-2.4490733335413433,-2.318519857340245,0.13055347620109847,1784346199.07174,1784346200.506571,1784346199.7891555,0.102054382,"[dac] CH_A set to -2.319 V (code=25170)
"
340,12,14,-2.318519857340245,-2.1879663811391463,0.13055347620109847,1784346200.506793,1784346201.9327528,1784346201.2197728,0.142272858,"[dac] CH_A set to -2.188 V (code=25598)
"
341,12,15,-2.1879663811391463,-2.0574129049380474,0.13055347620109892,1784346201.93297,1784346203.353132,1784346202.6430511,0.169085175,"[dac] CH_A set to -2.057 V (code=26026)
"
342,12,16,-2.0574129049380474,-1.9268594287369485,0.13055347620109892,1784346203.354142,1784346204.781706,1784346204.067924,0.181150718,"[dac] CH_A set to -1.927 V (code=26454)
"
343,12,17,-1.9268594287369485,-1.79630595253585,0.13055347620109847,1784346204.781961,1784346206.218185,1784346205.500073,0.222709809,"[dac] CH_A set to -1.796 V (code=26881)
"
344,12,18,-1.79630595253585,-1.6657524763347515,0.13055347620109847,1784346206.218428,1784346207.6631129,1784346206.9407704,0.291081218,"[dac] CH_A set to -1.666 V (code=27309)
"
345,12,19,-1.6657524763347515,-1.5351990001336526,0.13055347620109892,1784346207.663549,1784346209.09632,1784346208.3799343,0.335321541,"[dac] CH_A set to -1.535 V (code=27737)
"
346,12,20,-1.5351990001336526,-1.4046455239325537,0.13055347620109892,1784346209.096577,1784346210.546759,1784346209.821668,0.388946175,"[dac] CH_A set to -1.405 V (code=28165)
"
347,12,21,-1.4046455239325537,-1.2740920477314552,0.13055347620109847,1784346210.5469902,1784346211.9794729,1784346211.2632315,0.423802188,"[dac] CH_A set to -1.274 V (code=28593)
"
348,12,22,-1.2740920477314552,-1.1435385715303568,0.13055347620109847,1784346211.979834,1784346213.423093,1784346212.7014637,0.506920371,"[dac] CH_A set to -1.143 V (code=29021)
"
349,12,23,-1.1435385715303568,-1.0129850953292578,0.13055347620109892,1784346213.4233222,1784346214.854723,1784346214.1390226,0.55250131,"[dac] CH_A set to -1.013 V (code=29448)
"
350,12,24,-1.0129850953292578,-0.8824316191281589,0.13055347620109892,1784346214.855181,1784346216.295834,1784346215.5755076,0.60746656,"[dac] CH_A set to -0.882 V (code=29876)
"
351,12,25,-0.8824316191281589,-0.7518781429270605,0.13055347620109847,1784346216.296056,1784346217.741614,1784346217.018835,0.691925359,"[dac] CH_A set to -0.752 V (code=30304)
"
352,12,26,-0.7518781429270605,-0.621324666725962,0.13055347620109847,1784346217.7418392,1784346219.162345,1784346218.4520922,0.750912457,"[dac] CH_A set to -0.621 V (code=30732)
"
353,12,27,-0.621324666725962,-0.49077119052486307,0.13055347620109892,1784346219.162573,1784346220.6040971,1784346219.883335,0.824646329,"[dac] CH_A set to -0.491 V (code=31159)
"
354,12,28,-0.49077119052486307,-0.36021771432376415,0.13055347620109892,1784346220.604374,1784346222.03231,1784346221.318342,0.884974042,"[dac] CH_A set to -0.360 V (code=31587)
"
355,12,29,-0.36021771432376415,-0.22966423812266568,0.13055347620109847,1784346222.0334349,1784346223.456395,1784346222.744915,0.962729762,"[dac] CH_A set to -0.230 V (code=32015)
"
356,12,30,-0.22966423812266568,-0.0991107619215672,0.13055347620109847,1784346223.4566772,1784346224.887135,1784346224.171906,1.03914487,"[dac] CH_A set to -0.099 V (code=32443)
"
357,12,31,-0.0991107619215672,0.031442714279531714,0.13055347620109892,1784346224.88746,1784346226.334879,1784346225.6111693,1.0847258,"[dac] CH_A set to +0.031 V (code=32870)
"
358,12,32,0.031442714279531714,0.16199619048063063,0.13055347620109892,1784346226.335135,1784346227.759614,1784346227.0473745,1.13298798,"[dac] CH_A set to +0.162 V (code=33298)
"
359,12,33,0.16199619048063063,0.29254966668172866,0.13055347620109803,1784346227.7606568,1784346229.199954,1784346228.4803054,1.22683109,"[dac] CH_A set to +0.292 V (code=33726)
"
360,13,0,0.4231031428828276,0.48837988098337703,0.06527673810054946,1784346257.694836,1784346259.140727,1784346258.4177814,1.28849942,"[dac] CH_A set to +0.488 V (code=34368)
"
361,13,1,0.48837988098337703,0.5536566190839265,0.06527673810054946,1784346259.141818,1784346260.578607,1784346259.8602126,1.35418959,"[dac] CH_A set to +0.554 V (code=34582)
"
362,14,0,0.4231031428828276,0.5536566190839263,0.1305534762010987,1784346289.0704682,1784346290.503414,1784346289.786941,1.35016774,"[dac] CH_A set to +0.554 V (code=34582)
"
363,14,1,0.5536566190839263,0.684210095285025,0.1305534762010987,1784346290.503619,1784346291.929007,1784346291.216313,1.40915484,"[dac] CH_A set to +0.684 V (code=35009)
"
364,14,2,0.684210095285025,0.8147635714861236,0.13055347620109858,1784346291.929323,1784346293.367742,1784346292.6485324,1.46814194,"[dac] CH_A set to +0.815 V (code=35437)
"
365,14,3,0.8147635714861236,0.9453170476872222,0.1305534762010987,1784346293.367981,1784346294.805102,1784346294.0865417,1.49763549,"[dac] CH_A set to +0.945 V (code=35865)
"
366,14,4,0.9453170476872222,1.0758705238883208,0.13055347620109858,1784346294.805381,1784346296.2490299,1784346295.5272055,1.5405352,"[dac] CH_A set to +1.076 V (code=36293)
"
367,14,5,1.0758705238883208,1.2064240000894195,0.1305534762010987,1784346296.2493818,1784346297.687351,1784346296.9683664,1.58075367,"[dac] CH_A set to +1.206 V (code=36721)
"
368,14,6,1.2064240000894195,1.3369774762905182,0.1305534762010987,1784346297.687615,1784346299.110829,1784346298.399222,1.62097215,"[dac] CH_A set to +1.337 V (code=37149)
"
369,15,0,1.2064240000894193,1.1411472619888698,-0.06527673810054946,1784346327.6201348,1784346329.04844,1784346328.3342874,1.5579632,"[dac] CH_A set to +1.141 V (code=36507)
"
370,15,1,1.1411472619888698,1.0758705238883204,-0.06527673810054946,1784346329.048913,1784346330.4877188,1784346329.7683158,1.55930382,"[dac] CH_A set to +1.076 V (code=36293)
"
371,16,0,1.2064240000894193,1.336977476290518,0.1305534762010987,1784346359.031772,1784346360.4499352,1784346359.7408535,1.60756599,"[dac] CH_A set to +1.337 V (code=37149)
"
372,16,1,1.336977476290518,1.4675309524916167,0.1305534762010987,1784346360.451118,1784346361.888007,1784346361.1695623,1.62633461,"[dac] CH_A set to +1.467 V (code=37576)
"
373,16,2,1.4675309524916167,1.5980844286927154,0.1305534762010987,1784346361.888236,1784346363.321035,1784346362.6046355,1.65448754,"[dac] CH_A set to +1.598 V (code=38004)
"
374,16,3,1.5980844286927154,1.728637904893814,0.1305534762010987,1784346363.321237,1784346364.75431,1784346364.0377736,1.67191555,"[dac] CH_A set to +1.729 V (code=38432)
"
375,17,0,1.859191381094913,1.9244681191954625,0.06527673810054946,1784346393.279265,1784346394.7190442,1784346393.9991546,1.72151834,"[dac] CH_A set to +1.924 V (code=39074)
"
376,17,1,1.9244681191954625,1.989744857296012,0.06527673810054946,1784346394.7201211,1784346396.145859,1784346395.43299,1.6933654,"[dac] CH_A set to +1.990 V (code=39287)
"
377,18,0,1.859191381094913,1.7286379048938143,-0.1305534762010987,1784346424.6064472,1784346426.055439,1784346425.330943,1.69068417,"[dac] CH_A set to +1.729 V (code=38432)
"
378,18,1,1.7286379048938143,1.5980844286927156,-0.1305534762010987,1784346426.0556428,1784346427.4924648,1784346426.7740538,1.68666232,"[dac] CH_A set to +1.598 V (code=38004)
"
379,18,2,1.5980844286927156,1.4675309524916171,-0.13055347620109847,1784346427.49267,1784346428.9161,1784346428.204385,1.66253124,"[dac] CH_A set to +1.467 V (code=37576)
"
380,18,3,1.4675309524916171,1.3369774762905182,-0.13055347620109892,1784346428.916301,1784346430.345197,1784346429.630749,1.61158784,"[dac] CH_A set to +1.337 V (code=37149)
"
381,18,4,1.3369774762905182,1.2064240000894197,-0.13055347620109847,1784346430.345402,1784346431.778177,1784346431.0617895,1.59818168,"[dac] CH_A set to +1.206 V (code=36721)
"
382,18,5,1.2064240000894197,1.075870523888321,-0.1305534762010987,1784346431.778372,1784346433.223271,1784346432.5008216,1.55930382,"[dac] CH_A set to +1.076 V (code=36293)
"
383,18,6,1.075870523888321,0.9453170476872224,-0.1305534762010987,1784346433.22438,1784346434.669209,1784346433.9467945,1.50970103,"[dac] CH_A set to +0.945 V (code=35865)
"
384,18,7,0.9453170476872224,0.8147635714861237,-0.1305534762010987,1784346434.669421,1784346436.09326,1784346435.3813405,1.48959179,"[dac] CH_A set to +0.815 V (code=35437)
"
385,18,8,0.8147635714861237,0.684210095285025,-0.1305534762010987,1784346436.093483,1784346437.528678,1784346436.8110805,1.44267024,"[dac] CH_A set to +0.684 V (code=35009)
"
386,18,9,0.684210095285025,0.5536566190839263,-0.1305534762010987,1784346437.528916,1784346438.965766,1784346438.247341,1.3890456,"[dac] CH_A set to +0.554 V (code=34582)
"
387,18,10,0.5536566190839263,0.4231031428828276,-0.1305534762010987,1784346438.96684,1784346440.4034612,1784346439.6851506,1.32603666,"[dac] CH_A set to +0.423 V (code=34154)
"
388,18,11,0.4231031428828276,0.2925496666817291,-0.13055347620109847,1784346440.403726,1784346441.833162,1784346441.118444,1.26839018,"[dac] CH_A set to +0.292 V (code=33726)
"
389,18,12,0.2925496666817291,0.1619961904806304,-0.1305534762010987,1784346441.833421,1784346443.271779,1784346442.5526,1.21208431,"[dac] CH_A set to +0.162 V (code=33298)
"
390,18,13,0.1619961904806304,0.031442714279531714,-0.1305534762010987,1784346443.272013,1784346444.699568,1784346443.9857905,1.16248152,"[dac] CH_A set to +0.031 V (code=32870)
"
391,18,14,0.031442714279531714,-0.0991107619215672,-0.13055347620109892,1784346444.6997828,1784346446.12876,1784346445.4142714,1.09008827,"[dac] CH_A set to -0.099 V (code=32443)
"
392,19,0,-0.22966423812266612,-0.2949409762232156,-0.06527673810054946,1784346474.65052,1784346476.073518,1784346475.362019,0.988201463,"[dac] CH_A set to -0.295 V (code=31801)
"
393,19,1,-0.2949409762232156,-0.36021771432376504,-0.06527673810054946,1784346476.0740108,1784346477.516948,1784346476.7954793,0.933236213,"[dac] CH_A set to -0.360 V (code=31587)
"
394,20,0,-0.22966423812266612,-0.35454147622806487,-0.12487723810539875,1784346506.0429828,1784346507.476248,1784346506.7596154,0.938598677,"[dac] CH_A set to -0.354 V (code=31606)
"
395,20,1,-0.35454147622806487,-0.47941871433346367,-0.1248772381053988,1784346507.4774048,1784346508.923952,1784346508.2006783,0.874249115,"[dac] CH_A set to -0.479 V (code=31197)
"
396,20,2,-0.47941871433346367,-0.6042959524388625,-0.1248772381053988,1784346508.924184,1784346510.3564758,1784346509.6403298,0.821965097,"[dac] CH_A set to -0.604 V (code=30787)
"
397,20,3,-0.6042959524388625,-0.7291731905442612,-0.12487723810539875,1784346510.356709,1784346511.797555,1784346511.077132,0.762977999,"[dac] CH_A set to -0.729 V (code=30378)
"
398,20,4,-0.7291731905442612,-0.85405042864966,-0.12487723810539875,1784346511.7977989,1784346513.236545,1784346512.5171719,0.697287822,"[dac] CH_A set to -0.854 V (code=29969)
"
399,20,5,-0.85405042864966,-0.9789276667550588,-0.12487723810539886,1784346513.237052,1784346514.684416,1784346513.960734,0.619532103,"[dac] CH_A set to -0.979 V (code=29560)
"
400,20,6,-0.9789276667550588,-1.1038049048604575,-0.12487723810539864,1784346514.686375,1784346516.1224692,1784346515.404422,0.583335475,"[dac] CH_A set to -1.104 V (code=29151)
"
401,20,7,-1.1038049048604575,-1.2286821429658563,-0.12487723810539886,1784346516.122677,1784346517.5595899,1784346516.8411336,0.528370224,"[dac] CH_A set to -1.229 V (code=28741)
"
402,20,8,-1.2286821429658563,-1.3535593810712552,-0.12487723810539886,1784346517.55984,1784346518.993181,1784346518.2765105,0.455976968,"[dac] CH_A set to -1.354 V (code=28332)
"
403,20,9,-1.3535593810712552,-1.4784366191766538,-0.12487723810539864,1784346518.9933782,1784346520.436816,1784346519.715097,0.396989871,"[dac] CH_A set to -1.478 V (code=27923)
"
404,20,10,-1.4784366191766538,-1.6033138572820527,-0.12487723810539886,1784346520.437048,1784346521.879178,1784346521.158113,0.329959078,"[dac] CH_A set to -1.603 V (code=27514)
"
405,20,11,-1.6033138572820527,-1.7281910953874515,-0.12487723810539886,1784346521.8802822,1784346523.300972,1784346522.5906272,0.284378139,"[dac] CH_A set to -1.728 V (code=27105)
"
406,20,12,-1.7281910953874515,-1.8530683334928502,-0.12487723810539864,1784346523.3011892,1784346524.736917,1784346524.019053,0.27097198,"[dac] CH_A set to -1.853 V (code=26695)
"
407,20,13,-1.8530683334928502,-1.977945571598249,-0.12487723810539886,1784346524.737183,1784346526.162155,1784346525.449669,0.198578724,"[dac] CH_A set to -1.978 V (code=26286)
"
408,20,14,-1.977945571598249,-2.102822809703648,-0.12487723810539886,1784346526.162435,1784346527.5988638,1784346526.8806496,0.187853797,"[dac] CH_A set to -2.103 V (code=25877)
"
409,20,15,-2.102822809703648,-2.2277000478090465,-0.12487723810539864,1784346527.5990899,1784346529.037478,1784346528.318284,0.134229163,"[dac] CH_A set to -2.228 V (code=25468)
"
410,20,16,-2.2277000478090465,-2.352577285914445,-0.12487723810539864,1784346529.037687,1784346530.479245,1784346529.758466,0.104735614,"[dac] CH_A set to -2.353 V (code=25059)
"
411,20,17,-2.352577285914445,-2.4774545240198442,-0.12487723810539908,1784346530.479489,1784346531.907561,1784346531.193525,0.0940106869,"[dac] CH_A set to -2.477 V (code=24649)
"
412,20,18,-2.4774545240198442,-2.602331762125243,-0.12487723810539864,1784346531.908003,1784346533.350126,1784346532.6290646,0.0873076077,"[dac] CH_A set to -2.602 V (code=24240)
"
413,20,19,-2.602331762125243,-2.7272090002306415,-0.12487723810539864,1784346533.351578,1784346534.781251,1784346534.0664144,0.0578140588,"[dac] CH_A set to -2.727 V (code=23831)
"
414,20,20,-2.7272090002306415,-2.8520862383360406,-0.12487723810539908,1784346534.78146,1784346536.2134788,1784346535.4974694,0.0323423575,"[dac] CH_A set to -2.852 V (code=23422)
"
415,20,21,-2.8520862383360406,-2.976963476441439,-0.12487723810539864,1784346536.213717,1784346537.6481862,1784346536.9309516,0.0216174307,"[dac] CH_A set to -2.977 V (code=23013)
"
416,20,22,-2.976963476441439,-3.101840714546838,-0.12487723810539864,1784346537.6483898,1784346539.079294,1784346538.363842,0.00284885152,"[dac] CH_A set to -3.102 V (code=22604)
"
417,21,0,-2.971287238345739,-2.9060105002451895,0.06527673810054946,1784346567.53266,1784346568.9520938,1784346568.2423768,0.0162549673,"[dac] CH_A set to -2.906 V (code=23245)
"
418,21,1,-2.9060105002451895,-2.84073376214464,0.06527673810054946,1784346568.953132,1784346570.387558,1784346569.6703448,0.0202768577,"[dac] CH_A set to -2.841 V (code=23459)
"
419,22,0,-2.971287238345739,-2.84073376214464,0.13055347620109892,1784346598.893151,1784346600.3305259,1784346599.6118383,-0.00117281334,"[dac] CH_A set to -2.841 V (code=23459)
"
420,22,1,-2.84073376214464,-2.7101802859435415,0.13055347620109847,1784346600.331595,1784346601.771361,1784346601.051478,0.0135737355,"[dac] CH_A set to -2.710 V (code=23887)
"
421,22,2,-2.7101802859435415,-2.579626809742443,0.13055347620109847,1784346601.77158,1784346603.213253,1784346602.4924164,0.0671983698,"[dac] CH_A set to -2.580 V (code=24315)
"
422,22,3,-2.579626809742443,-2.449073333541344,0.13055347620109892,1784346603.2134762,1784346604.664023,1784346603.9387496,0.0551328271,"[dac] CH_A set to -2.449 V (code=24742)
"
423,22,4,-2.449073333541344,-2.3185198573402452,0.13055347620109892,1784346604.664257,1784346606.103629,1784346605.383943,0.100713766,"[dac] CH_A set to -2.319 V (code=25170)
"
424,22,5,-2.3185198573402452,-2.1879663811391468,0.13055347620109847,1784346606.103864,1784346607.5436149,1784346606.8237395,0.111438693,"[dac] CH_A set to -2.188 V (code=25598)
"
425,22,6,-2.1879663811391468,-2.0574129049380483,0.13055347620109847,1784346607.54406,1784346608.981044,1784346608.262552,0.135569778,"[dac] CH_A set to -2.057 V (code=26026)
"
426,22,7,-2.0574129049380483,-1.9268594287369494,0.13055347620109892,1784346608.981247,1784346610.409266,1784346609.6952565,0.179810102,"[dac] CH_A set to -1.927 V (code=26454)
"
427,22,8,-1.9268594287369494,-1.7963059525358507,0.1305534762010987,1784346610.409525,1784346611.830406,1784346611.1199656,0.236115968,"[dac] CH_A set to -1.796 V (code=26881)
"
428,22,9,-1.7963059525358507,-1.665752476334752,0.1305534762010987,1784346611.830705,1784346613.255122,1784346612.5429134,0.244159663,"[dac] CH_A set to -1.666 V (code=27309)
"
429,22,10,-1.665752476334752,-1.5351990001336533,0.1305534762010987,1784346613.255397,1784346614.6939101,1784346613.9746537,0.338002773,"[dac] CH_A set to -1.535 V (code=27737)
"
430,22,11,-1.5351990001336533,-1.4046455239325546,0.1305534762010987,1784346614.6943622,1784346616.12505,1784346615.409706,0.382243096,"[dac] CH_A set to -1.405 V (code=28165)
"
431,22,12,-1.4046455239325546,-1.274092047731456,0.1305534762010987,1784346616.125289,1784346617.564748,1784346616.8450184,0.390286791,"[dac] CH_A set to -1.274 V (code=28593)
"
432,22,13,-1.274092047731456,-1.1435385715303572,0.1305534762010987,1784346617.564951,1784346618.997322,1784346618.2811365,0.469383127,"[dac] CH_A set to -1.143 V (code=29021)
"
433,22,14,-1.1435385715303572,-1.0129850953292585,0.1305534762010987,1784346618.9975228,1784346620.4288352,1784346619.713179,0.539095151,"[dac] CH_A set to -1.013 V (code=29448)
"
434,22,15,-1.0129850953292585,-0.8824316191281598,0.1305534762010987,1784346620.429075,1784346621.872979,1784346621.151027,0.608807176,"[dac] CH_A set to -0.882 V (code=29876)
"
435,22,16,-0.8824316191281598,-0.7518781429270609,0.13055347620109892,1784346621.8732128,1784346623.298104,1784346622.5856586,0.687903511,"[dac] CH_A set to -0.752 V (code=30304)
"
436,22,17,-0.7518781429270609,-0.6213246667259624,0.13055347620109847,1784346623.299157,1784346624.723979,1784346624.011568,0.722759524,"[dac] CH_A set to -0.621 V (code=30732)
"
437,22,18,-0.6213246667259624,-0.49077119052486395,0.13055347620109847,1784346624.72419,1784346626.161619,1784346625.4429045,0.803196475,"[dac] CH_A set to -0.491 V (code=31159)
"
438,22,19,-0.49077119052486395,-0.36021771432376504,0.13055347620109892,1784346626.161885,1784346627.597085,1784346626.8794851,0.851458646,"[dac] CH_A set to -0.360 V (code=31587)
"
439,22,20,-0.36021771432376504,-0.22966423812266612,0.13055347620109892,1784346627.597305,1784346629.0286279,1784346628.3129663,0.926533134,"[dac] CH_A set to -0.230 V (code=32015)
"
440,22,21,-0.22966423812266612,-0.09911076192156765,0.13055347620109847,1784346629.0289228,1784346630.469706,1784346629.7493143,1.00428885,"[dac] CH_A set to -0.099 V (code=32443)
"
441,22,22,-0.09911076192156765,0.031442714279530826,0.13055347620109847,1784346630.470117,1784346631.901983,1784346631.18605,1.07400088,"[dac] CH_A set to +0.031 V (code=32870)
"
442,22,23,0.031442714279530826,0.16199619048062974,0.13055347620109892,1784346631.9024692,1784346633.3369741,1784346632.6197217,1.09813196,"[dac] CH_A set to +0.162 V (code=33298)
"
443,22,24,0.16199619048062974,0.29254966668172866,0.13055347620109892,1784346633.3371809,1784346634.770547,1784346634.053864,1.16114091,"[dac] CH_A set to +0.292 V (code=33726)
"
444,22,25,0.29254966668172866,0.42310314288282713,0.13055347620109847,1784346634.770824,1784346636.187147,1784346635.4789853,1.24828094,"[dac] CH_A set to +0.423 V (code=34154)
"
445,22,26,0.42310314288282713,0.5536566190839256,0.13055347620109847,1784346636.187401,1784346637.620589,1784346636.903995,1.33542097,"[dac] CH_A set to +0.554 V (code=34582)
"
446,22,27,0.5536566190839256,0.6842100952850245,0.13055347620109892,1784346637.621032,1784346639.0705652,1784346638.3457985,1.34748651,"[dac] CH_A set to +0.684 V (code=35009)
"
447,22,28,0.6842100952850245,0.8147635714861234,0.13055347620109892,1784346639.0707688,1784346640.520622,1784346639.7956953,1.42122038,"[dac] CH_A set to +0.815 V (code=35437)
"
448,22,29,0.8147635714861234,0.9453170476872219,0.13055347620109847,1784346640.520878,1784346641.945647,1784346641.2332625,1.46277948,"[dac] CH_A set to +0.945 V (code=35865)
"
449,22,30,0.9453170476872219,1.0758705238883204,0.13055347620109847,1784346641.945914,1784346643.3818738,1784346642.663894,1.50031672,"[dac] CH_A set to +1.076 V (code=36293)
"
450,22,31,1.0758705238883204,1.2064240000894193,0.13055347620109892,1784346643.3821151,1784346644.8037581,1784346644.0929365,1.55394135,"[dac] CH_A set to +1.206 V (code=36721)
"
451,22,32,1.2064240000894193,1.3369774762905182,0.13055347620109892,1784346644.803997,1784346646.238271,1784346645.521134,1.59684106,"[dac] CH_A set to +1.337 V (code=37149)
"
452,22,33,1.3369774762905182,1.4675309524916171,0.13055347620109892,1784346646.238485,1784346647.685635,1784346646.96206,1.61560968,"[dac] CH_A set to +1.467 V (code=37576)
"
453,22,34,1.4675309524916171,1.5980844286927152,0.13055347620109803,1784346647.685847,1784346649.1127522,1784346648.3992996,1.65716878,"[dac] CH_A set to +1.598 V (code=38004)
"
454,22,35,1.5980844286927152,1.728637904893814,0.13055347620109892,1784346649.1129842,1784346650.545506,1784346649.829245,1.67727801,"[dac] CH_A set to +1.729 V (code=38432)
"
455,22,36,1.728637904893814,1.859191381094913,0.13055347620109892,1784346650.5457332,1784346651.987147,1784346651.2664402,1.69068417,"[dac] CH_A set to +1.859 V (code=38860)
"
456,22,37,1.859191381094913,1.989744857296011,0.13055347620109803,1784346651.987366,1784346653.414486,1784346652.7009258,1.70006848,"[dac] CH_A set to +1.990 V (code=39287)
"
457,22,38,1.989744857296011,2.12029833349711,0.13055347620109892,1784346653.4147289,1784346654.8547242,1784346654.1347265,1.70543095,"[dac] CH_A set to +2.120 V (code=39715)
"
458,22,39,2.12029833349711,2.250851809698209,0.13055347620109892,1784346654.854937,1784346656.281344,1784346655.5681405,1.70543095,"[dac] CH_A set to +2.251 V (code=40143)
"
459,22,40,2.250851809698209,2.3814052858993078,0.13055347620109892,1784346656.2816188,1784346657.703836,1784346656.9927273,1.71749649,"[dac] CH_A set to +2.381 V (code=40571)
"
460,22,41,2.3814052858993078,2.5119587621004067,0.13055347620109892,1784346657.7040792,1784346659.136241,1784346658.42016,1.68800294,"[dac] CH_A set to +2.512 V (code=40999)
"
461,22,42,2.5119587621004067,2.6425122383015047,0.13055347620109803,1784346659.136462,1784346660.5705779,1784346659.85352,1.67861863,"[dac] CH_A set to +2.642 V (code=41426)
"
462,22,43,2.6425122383015047,2.7730657145026036,0.13055347620109892,1784346660.5708108,1784346661.998778,1784346661.2847943,1.65180631,"[dac] CH_A set to +2.773 V (code=41854)
"
463,22,44,2.7730657145026036,2.9036191907037026,0.13055347620109892,1784346661.998996,1784346663.444504,1784346662.72175,1.65448754,"[dac] CH_A set to +2.904 V (code=42282)
"
464,22,45,2.9036191907037026,3.0341726669048006,0.13055347620109803,1784346663.444702,1784346664.870592,1784346664.1576471,1.59818168,"[dac] CH_A set to +3.034 V (code=42710)
"
465,22,46,3.0341726669048006,3.1647261431058995,0.13055347620109892,1784346664.870882,1784346666.3195462,1784346665.5952141,1.58745675,"[dac] CH_A set to +3.165 V (code=43137)
"
466,22,47,3.1647261431058995,3.2952796193069984,0.13055347620109892,1784346666.319763,1784346667.7593348,1784346667.0395489,1.54991951,"[dac] CH_A set to +3.295 V (code=43565)
"
467,22,48,3.2952796193069984,3.4258330955080973,0.13055347620109892,1784346667.7596202,1784346669.200633,1784346668.4801266,1.49763549,"[dac] CH_A set to +3.426 V (code=43993)
"
468,22,49,3.4258330955080973,3.5563865717091963,0.13055347620109892,1784346669.2008371,1784346670.636737,1784346669.918787,1.45875763,"[dac] CH_A set to +3.556 V (code=44421)
"
469,22,50,3.5563865717091963,3.6869400479102943,0.13055347620109803,1784346670.636933,1784346672.076683,1784346671.3568082,1.39574868,"[dac] CH_A set to +3.687 V (code=44849)
"
470,22,51,3.6869400479102943,3.817493524111393,0.13055347620109892,1784346672.0769038,1784346673.4987688,1784346672.7878363,1.3635739,"[dac] CH_A set to +3.818 V (code=45276)
"
471,22,52,3.817493524111393,3.948047000312492,0.13055347620109892,1784346673.499007,1784346674.9300659,1784346674.2145364,1.27777449,"[dac] CH_A set to +3.948 V (code=45704)
"
472,22,53,3.948047000312492,4.07860047651359,0.13055347620109803,1784346674.9302778,1784346676.3724532,1784346675.6513655,1.22012801,"[dac] CH_A set to +4.079 V (code=46132)
"
473,22,54,4.07860047651359,4.209153952714689,0.13055347620109892,1784346676.372673,1784346677.8043,1784346677.0884867,1.18527199,"[dac] CH_A set to +4.209 V (code=46560)
"
474,22,55,4.209153952714689,4.339707428915788,0.13055347620109892,1784346677.804544,1784346679.2419672,1784346678.5232556,1.10349443,"[dac] CH_A set to +4.340 V (code=46988)
"
475,22,56,4.339707428915788,4.470260905116887,0.13055347620109892,1784346679.242154,1784346680.6619809,1784346679.9520674,1.03914487,"[dac] CH_A set to +4.470 V (code=47416)
"
476,22,57,4.470260905116887,4.600814381317986,0.13055347620109892,1784346680.6621969,1784346682.0874119,1784346681.3748045,0.986860847,"[dac] CH_A set to +4.601 V (code=47843)
"
477,22,58,4.600814381317986,4.731367857519084,0.13055347620109803,1784346682.087926,1784346683.520704,1784346682.804315,0.919830055,"[dac] CH_A set to +4.731 V (code=48271)
"
478,23,0,4.600814381317985,4.5355376432174355,-0.06527673810054946,1784346712.071006,1784346713.499136,1784346712.785071,0.977476536,"[dac] CH_A set to +4.536 V (code=47629)
"
479,23,1,4.5355376432174355,4.470260905116886,-0.06527673810054946,1784346713.5002859,1784346714.948193,1784346714.2242393,0.984179616,"[dac] CH_A set to +4.470 V (code=47416)
"
480,24,0,4.600814381317985,4.470260905116886,-0.13055347620109892,1784346743.4543848,1784346744.8965719,1784346744.1754785,0.952004835,"[dac] CH_A set to +4.470 V (code=47416)
"
481,24,1,4.470260905116886,4.339707428915788,-0.13055347620109803,1784346744.8977358,1784346746.334692,1784346745.6162138,1.0418261,"[dac] CH_A set to +4.340 V (code=46988)
"
482,24,2,4.339707428915788,4.209153952714689,-0.13055347620109892,1784346746.334901,1784346747.7546399,1784346747.0447705,1.12092243,"[dac] CH_A set to +4.209 V (code=46560)
"
483,24,3,4.209153952714689,4.07860047651359,-0.13055347620109892,1784346747.754903,1784346749.188019,1784346748.471461,1.15443783,"[dac] CH_A set to +4.079 V (code=46132)
"
484,24,4,4.07860047651359,3.9480470003124917,-0.13055347620109847,1784346749.188357,1784346750.6045198,1784346749.8964386,1.21476554,"[dac] CH_A set to +3.948 V (code=45704)
"
485,24,5,3.9480470003124917,3.817493524111393,-0.13055347620109847,1784346750.604751,1784346752.0459158,1784346751.3253336,1.2616871,"[dac] CH_A set to +3.818 V (code=45276)
"
486,24,6,3.817493524111393,3.6869400479102943,-0.13055347620109892,1784346752.046199,1784346753.485891,1784346752.766045,1.3461459,"[dac] CH_A set to +3.687 V (code=44849)
"
487,24,7,3.6869400479102943,3.5563865717091954,-0.13055347620109892,1784346753.486974,1784346754.911564,1784346754.199269,1.36893637,"[dac] CH_A set to +3.556 V (code=44421)
"
488,24,8,3.5563865717091954,3.425833095508097,-0.13055347620109847,1784346754.911781,1784346756.3476732,1784346755.6297271,1.42390162,"[dac] CH_A set to +3.426 V (code=43993)
"
489,24,9,3.425833095508097,3.2952796193069984,-0.13055347620109847,1784346756.347905,1784346757.778048,1784346757.0629764,1.4989761,"[dac] CH_A set to +3.295 V (code=43565)
"
490,24,10,3.2952796193069984,3.1647261431058995,-0.13055347620109892,1784346757.778249,1784346759.222594,1784346758.5004215,1.5324915,"[dac] CH_A set to +3.165 V (code=43137)
"
491,24,11,3.1647261431058995,3.034172666904801,-0.13055347620109847,1784346759.2228348,1784346760.662152,1784346759.9424934,1.54455704,"[dac] CH_A set to +3.034 V (code=42710)
"
492,24,12,3.034172666904801,2.9036191907037026,-0.13055347620109847,1784346760.6632268,1784346762.1073222,1784346761.3852744,1.57405059,"[dac] CH_A set to +2.904 V (code=42282)
"
493,24,13,2.9036191907037026,2.7730657145026036,-0.13055347620109892,1784346762.107541,1784346763.5344021,1784346762.8209715,1.6169503,"[dac] CH_A set to +2.773 V (code=41854)
"
494,25,0,2.9036191907037026,2.968895928804252,0.06527673810054946,1784346792.0238662,1784346793.453503,1784346792.7386847,1.5914786,"[dac] CH_A set to +2.969 V (code=42496)
"
495,25,1,2.968895928804252,3.0341726669048015,0.06527673810054946,1784346793.4537,1784346794.8883488,1784346794.1710243,1.53651335,"[dac] CH_A set to +3.034 V (code=42710)
"
496,26,0,2.9036191907037026,2.7730657145026036,-0.13055347620109892,1784346823.322277,1784346824.7655098,1784346824.0438933,1.61963153,"[dac] CH_A set to +2.773 V (code=41854)
"
497,26,1,2.7730657145026036,2.642512238301505,-0.13055347620109847,1784346824.766725,1784346826.207649,1784346825.487187,1.65582816,"[dac] CH_A set to +2.642 V (code=41426)
"
498,26,2,2.642512238301505,2.5119587621004067,-0.13055347620109847,1784346826.207838,1784346827.638953,1784346826.9233956,1.68129986,"[dac] CH_A set to +2.512 V (code=40999)
"
499,26,3,2.5119587621004067,2.3814052858993078,-0.13055347620109892,1784346827.639143,1784346829.064907,1784346828.352025,1.71347464,"[dac] CH_A set to +2.381 V (code=40571)
"
500,26,4,2.3814052858993078,2.250851809698209,-0.13055347620109892,1784346829.065134,1784346830.503691,1784346829.7844124,1.70945279,"[dac] CH_A set to +2.251 V (code=40143)
"
501,26,5,2.250851809698209,2.1202983334971104,-0.13055347620109847,1784346830.50394,1784346831.934866,1784346831.219403,1.71749649,"[dac] CH_A set to +2.120 V (code=39715)
"
502,26,6,2.1202983334971104,1.9897448572960117,-0.1305534762010987,1784346831.935095,1784346833.3871412,1784346832.661118,1.7014091,"[dac] CH_A set to +1.990 V (code=39287)
"
503,26,7,1.9897448572960117,1.859191381094913,-0.1305534762010987,1784346833.3875682,1784346834.8164601,1784346834.102014,1.69470602,"[dac] CH_A set to +1.859 V (code=38860)
"
504,26,8,1.859191381094913,1.7286379048938143,-0.1305534762010987,1784346834.8166778,1784346836.26219,1784346835.539434,1.6933654,"[dac] CH_A set to +1.729 V (code=38432)
"
505,26,9,1.7286379048938143,1.5980844286927156,-0.1305534762010987,1784346836.2625742,1784346837.698466,1784346836.9805202,1.68264048,"[dac] CH_A set to +1.598 V (code=38004)
"
506,26,10,1.5980844286927156,1.467530952491617,-0.1305534762010987,1784346837.699609,1784346839.1455019,1784346838.4225554,1.63840015,"[dac] CH_A set to +1.467 V (code=37576)
"
507,26,11,1.467530952491617,1.3369774762905182,-0.1305534762010987,1784346839.145752,1784346840.5644102,1784346839.855081,1.6504657,"[dac] CH_A set to +1.337 V (code=37149)
"
508,26,12,1.3369774762905182,1.2064240000894195,-0.1305534762010987,1784346840.564619,1784346842.000331,1784346841.282475,1.63035646,"[dac] CH_A set to +1.206 V (code=36721)
"
509,26,13,1.2064240000894195,1.0758705238883208,-0.1305534762010987,1784346842.000545,1784346843.4289112,1784346842.714728,1.59013798,"[dac] CH_A set to +1.076 V (code=36293)
"
510,26,14,1.0758705238883208,0.9453170476872221,-0.1305534762010987,1784346843.4290931,1784346844.861637,1784346844.1453652,1.5660069,"[dac] CH_A set to +0.945 V (code=35865)
"
511,26,15,0.9453170476872221,0.8147635714861234,-0.1305534762010987,1784346844.861826,1784346846.31022,1784346845.5860229,1.51774473,"[dac] CH_A set to +0.815 V (code=35437)
"
512,26,16,0.8147635714861234,0.6842100952850245,-0.13055347620109892,1784346846.311372,1784346847.752518,1784346847.031945,1.45339517,"[dac] CH_A set to +0.684 V (code=35009)
"
513,26,17,0.6842100952850245,0.553656619083926,-0.13055347620109847,1784346847.752728,1784346849.180969,1784346848.4668484,1.42524223,"[dac] CH_A set to +0.554 V (code=34582)
"
514,26,18,0.553656619083926,0.4231031428828276,-0.13055347620109847,1784346849.181202,1784346850.612263,1784346849.8967323,1.35821144,"[dac] CH_A set to +0.423 V (code=34154)
"
515,26,19,0.4231031428828276,0.29254966668172866,-0.13055347620109892,1784346850.6124952,1784346852.062263,1784346851.337379,1.27643387,"[dac] CH_A set to +0.292 V (code=33726)
"
516,26,20,0.29254966668172866,0.16199619048062974,-0.13055347620109892,1784346852.062548,1784346853.486816,1784346852.774682,1.25632463,"[dac] CH_A set to +0.162 V (code=33298)
"
517,26,21,0.16199619048062974,0.03144271427953127,-0.13055347620109847,1784346853.487891,1784346854.929229,1784346854.20856,1.18661261,"[dac] CH_A set to +0.031 V (code=32870)
"
518,26,22,0.03144271427953127,-0.0991107619215672,-0.13055347620109847,1784346854.9294999,1784346856.359781,1784346855.6446404,1.13835044,"[dac] CH_A set to -0.099 V (code=32443)
"
519,26,23,-0.0991107619215672,-0.22966423812266612,-0.13055347620109892,1784346856.360034,1784346857.803964,1784346857.0819988,1.05389164,"[dac] CH_A set to -0.230 V (code=32015)
"
520,26,24,-0.22966423812266612,-0.36021771432376504,-0.13055347620109892,1784346857.8047051,1784346859.237509,1784346858.5211072,1.01233255,"[dac] CH_A set to -0.360 V (code=31587)
"
521,26,25,-0.36021771432376504,-0.4907711905248635,-0.13055347620109847,1784346859.237781,1784346860.677353,1784346859.957567,0.947982988,"[dac] CH_A set to -0.491 V (code=31159)
"
522,26,26,-0.4907711905248635,-0.621324666725962,-0.13055347620109847,1784346860.6784189,1784346862.120699,1784346861.399559,0.884974042,"[dac] CH_A set to -0.621 V (code=30732)
"
523,26,27,-0.621324666725962,-0.7518781429270609,-0.13055347620109892,1784346862.120905,1784346863.553988,1784346862.8374465,0.809899554,"[dac] CH_A set to -0.752 V (code=30304)
"
524,26,28,-0.7518781429270609,-0.8824316191281598,-0.13055347620109892,1784346863.554197,1784346865.003819,1784346864.279008,0.771021695,"[dac] CH_A set to -0.882 V (code=29876)
"
525,26,29,-0.8824316191281598,-1.0129850953292583,-0.13055347620109847,1784346865.004056,1784346866.4531991,1784346865.7286277,0.66243181,"[dac] CH_A set to -1.013 V (code=29448)
"
526,26,30,-1.0129850953292583,-1.1435385715303568,-0.13055347620109847,1784346866.4534311,1784346867.8906019,1784346867.1720166,0.600763481,"[dac] CH_A set to -1.143 V (code=29021)
"
527,27,0,-1.2740920477314557,-1.3393687858320051,-0.06527673810054946,1784346896.412837,1784346897.862638,1784346897.1377375,0.512282834,"[dac] CH_A set to -1.339 V (code=28379)
"
528,27,1,-1.3393687858320051,-1.4046455239325546,-0.06527673810054946,1784346897.8628569,1784346899.296354,1784346898.5796056,0.47474559,"[dac] CH_A set to -1.405 V (code=28165)
"
529,28,0,-1.2740920477314557,-1.2740920477314557,0.0,1784346927.8530529,1784346929.292634,1784346928.5728436,0.51362345,"[dac] CH_A set to -1.274 V (code=28593)
"
530,29,0,-1.1435385715303568,-1.0782618334298073,0.06527673810054946,1784346957.813966,1784346959.235589,1784346958.5247774,0.579313627,"[dac] CH_A set to -1.078 V (code=29234)
"
531,29,1,-1.0782618334298073,-1.0129850953292578,0.06527673810054946,1784346959.235789,1784346960.662785,1784346959.949287,0.59137917,"[dac] CH_A set to -1.013 V (code=29448)
"
532,30,0,-1.1435385715303568,-1.012985095329258,0.1305534762010987,1784346989.1619892,1784346990.597564,1784346989.8797765,0.611488408,"[dac] CH_A set to -1.013 V (code=29448)
"
533,30,1,-1.012985095329258,-0.8824316191281594,0.1305534762010987,1784346990.59861,1784346992.0257962,1784346991.312203,0.66243181,"[dac] CH_A set to -0.882 V (code=29876)
"
534,30,2,-0.8824316191281594,-0.7518781429270607,0.1305534762010987,1784346992.026052,1784346993.448676,1784346992.737364,0.734825066,"[dac] CH_A set to -0.752 V (code=30304)
"
535,30,3,-0.7518781429270607,-0.621324666725962,0.1305534762010987,1784346993.4489348,1784346994.866157,1784346994.157546,0.792471548,"[dac] CH_A set to -0.621 V (code=30732)
"
536,30,4,-0.621324666725962,-0.4907711905248633,0.1305534762010987,1784346994.866387,1784346996.309373,1784346995.58788,0.844755567,"[dac] CH_A set to -0.491 V (code=31159)
"
537,30,5,-0.4907711905248633,-0.3602177143237646,0.1305534762010987,1784346996.309609,1784346997.740098,1784346997.0248535,0.930554981,"[dac] CH_A set to -0.360 V (code=31587)
"
538,30,6,-0.3602177143237646,-0.2296642381226659,0.1305534762010987,1784346997.740503,1784346999.177964,1784346998.4592335,1.00294824,"[dac] CH_A set to -0.230 V (code=32015)
"
539,30,7,-0.2296642381226659,-0.0991107619215672,0.1305534762010987,1784346999.1781561,1784347000.611804,1784346999.89498,1.05657287,"[dac] CH_A set to -0.099 V (code=32443)
"
540,30,8,-0.0991107619215672,0.03144271427953149,0.1305534762010987,1784347000.612064,1784347002.047316,1784347001.32969,1.07400088,"[dac] CH_A set to +0.031 V (code=32870)
"
541,30,9,0.03144271427953149,0.1619961904806302,0.1305534762010987,1784347002.047576,1784347003.486614,1784347002.767095,1.18527199,"[dac] CH_A set to +0.162 V (code=33298)
"
542,30,10,0.1619961904806302,0.2925496666817289,0.1305534762010987,1784347003.486819,1784347004.915065,1784347004.200942,1.23487478,"[dac] CH_A set to +0.292 V (code=33726)
"
543,30,11,0.2925496666817289,0.4231031428828276,0.1305534762010987,1784347004.9161851,1784347006.34581,1784347005.6309977,1.30458681,"[dac] CH_A set to +0.423 V (code=34154)
"
544,30,12,0.4231031428828276,0.5536566190839263,0.1305534762010987,1784347006.346024,1784347007.787487,1784347007.0667555,1.34078343,"[dac] CH_A set to +0.554 V (code=34582)
"
545,30,13,0.5536566190839263,0.684210095285025,0.1305534762010987,1784347007.787724,1784347009.236964,1784347008.512344,1.39038622,"[dac] CH_A set to +0.684 V (code=35009)
"
546,30,14,0.684210095285025,0.8147635714861237,0.1305534762010987,1784347009.2371898,1784347010.6790211,1784347009.9581056,1.45071393,"[dac] CH_A set to +0.815 V (code=35437)
"
547,30,15,0.8147635714861237,0.9453170476872224,0.1305534762010987,1784347010.6793642,1784347012.107061,1784347011.3932126,1.48691056,"[dac] CH_A set to +0.945 V (code=35865)
"
548,30,16,0.9453170476872224,1.0758705238883213,0.13055347620109892,1784347012.108156,1784347013.5475469,1784347012.8278513,1.54321643,"[dac] CH_A set to +1.076 V (code=36293)
"
549,30,17,1.0758705238883213,1.2064240000894197,0.13055347620109847,1784347013.5478342,1784347014.978091,1784347014.2629626,1.56064443,"[dac] CH_A set to +1.206 V (code=36721)
"
550,30,18,1.2064240000894197,1.3369774762905182,0.13055347620109847,1784347014.9783092,1784347016.427393,1784347015.702851,1.6169503,"[dac] CH_A set to +1.337 V (code=37149)
"
551,30,19,1.3369774762905182,1.4675309524916171,0.13055347620109892,1784347016.4276018,1784347017.870527,1784347017.1490645,1.62097215,"[dac] CH_A set to +1.467 V (code=37576)
"
552,30,20,1.4675309524916171,1.598084428692716,0.13055347620109892,1784347017.87079,1784347019.302176,1784347018.586483,1.68666232,"[dac] CH_A set to +1.598 V (code=38004)
"
553,30,21,1.598084428692716,1.7286379048938145,0.13055347620109847,1784347019.303203,1784347020.737228,1784347020.0202155,1.64644385,"[dac] CH_A set to +1.729 V (code=38432)
"
554,30,22,1.7286379048938145,1.859191381094913,0.13055347620109847,1784347020.737474,1784347022.1771252,1784347021.4572997,1.71213403,"[dac] CH_A set to +1.859 V (code=38860)
"
555,30,23,1.859191381094913,1.989744857296012,0.13055347620109892,1784347022.177542,1784347023.622459,1784347022.9000006,1.71213403,"[dac] CH_A set to +1.990 V (code=39287)
"
556,30,24,1.989744857296012,2.120298333497111,0.13055347620109892,1784347023.622895,1784347025.061913,1784347024.342404,1.7014091,"[dac] CH_A set to +2.120 V (code=39715)
"
557,30,25,2.120298333497111,2.2508518096982093,0.13055347620109847,1784347025.062141,1784347026.505394,1784347025.7837675,1.70945279,"[dac] CH_A set to +2.251 V (code=40143)
"
558,30,26,2.2508518096982093,2.3814052858993078,0.13055347620109847,1784347026.505643,1784347027.938282,1784347027.2219625,1.69738725,"[dac] CH_A set to +2.381 V (code=40571)
"
559,30,27,2.3814052858993078,2.5119587621004067,0.13055347620109892,1784347027.939327,1784347029.3861492,1784347028.662738,1.66655309,"[dac] CH_A set to +2.512 V (code=40999)
"
560,30,28,2.5119587621004067,2.6425122383015056,0.13055347620109892,1784347029.386359,1784347030.8289652,1784347030.1076622,1.6678937,"[dac] CH_A set to +2.642 V (code=41426)
"
561,30,29,2.6425122383015056,2.773065714502604,0.13055347620109847,1784347030.829181,1784347032.257195,1784347031.543188,1.642422,"[dac] CH_A set to +2.773 V (code=41854)
"
562,30,30,2.773065714502604,2.9036191907037026,0.13055347620109847,1784347032.2573938,1784347033.680703,1784347032.9690485,1.64108139,"[dac] CH_A set to +2.904 V (code=42282)
"
563,31,0,2.7730657145026036,2.707788976402054,-0.06527673810054946,1784347062.187551,1784347063.613056,1784347062.9003034,1.63974077,"[dac] CH_A set to +2.708 V (code=41640)
"
564,31,1,2.707788976402054,2.6425122383015047,-0.06527673810054946,1784347063.613594,1784347065.0480871,1784347064.3308406,1.65716878,"[dac] CH_A set to +2.642 V (code=41426)
"
565,32,0,2.7730657145026036,2.9036191907037026,0.13055347620109892,1784347093.5767229,1784347095.013612,1784347094.2951674,1.61158784,"[dac] CH_A set to +2.904 V (code=42282)
"
566,32,1,2.9036191907037026,3.034172666904801,0.13055347620109847,1784347095.0139189,1784347096.447953,1784347095.730936,1.5834349,"[dac] CH_A set to +3.034 V (code=42710)
"
567,32,2,3.034172666904801,3.1647261431058995,0.13055347620109847,1784347096.448191,1784347097.889174,1784347097.1686826,1.55260074,"[dac] CH_A set to +3.165 V (code=43137)
"
568,32,3,3.1647261431058995,3.2952796193069984,0.13055347620109892,1784347097.889442,1784347099.329501,1784347098.6094713,1.49093241,"[dac] CH_A set to +3.295 V (code=43565)
"
569,32,4,3.2952796193069984,3.4258330955080973,0.13055347620109892,1784347099.3298,1784347100.754476,1784347100.042138,1.43864839,"[dac] CH_A set to +3.426 V (code=43993)
"
570,32,5,3.4258330955080973,3.556386571709196,0.13055347620109847,1784347100.754699,1784347102.198368,1784347101.4765334,1.36491452,"[dac] CH_A set to +3.556 V (code=44421)
"
571,32,6,3.556386571709196,3.6869400479102943,0.13055347620109847,1784347102.2062268,1784347103.641067,1784347102.923647,1.33944282,"[dac] CH_A set to +3.687 V (code=44849)
"
572,32,7,3.6869400479102943,3.817493524111393,0.13055347620109892,1784347103.641275,1784347105.056489,1784347104.348882,1.28984003,"[dac] CH_A set to +3.818 V (code=45276)
"
573,33,0,3.948047000312492,4.013323738413042,0.06527673810054946,1784347133.511287,1784347134.936088,1784347134.2236876,1.18393138,"[dac] CH_A set to +4.013 V (code=45918)
"
574,33,1,4.013323738413042,4.078600476513591,0.06527673810054946,1784347134.936482,1784347136.367413,1784347135.6519475,1.16650337,"[dac] CH_A set to +4.079 V (code=46132)
"
575,34,0,3.948047000312492,3.817493524111393,-0.13055347620109892,1784347164.8448908,1784347166.270279,1784347165.5575848,1.25498402,"[dac] CH_A set to +3.818 V (code=45276)
"
576,34,1,3.817493524111393,3.6869400479102947,-0.13055347620109847,1784347166.2713442,1784347167.688944,1784347166.980144,1.30860865,"[dac] CH_A set to +3.687 V (code=44849)
"
577,34,2,3.6869400479102947,3.5563865717091963,-0.13055347620109847,1784347167.689159,1784347169.120264,1784347168.4047115,1.35955206,"[dac] CH_A set to +3.556 V (code=44421)
"
578,34,3,3.5563865717091963,3.4258330955080973,-0.13055347620109892,1784347169.12047,1784347170.556617,1784347169.8385434,1.39574868,"[dac] CH_A set to +3.426 V (code=43993)
"
579,34,4,3.4258330955080973,3.2952796193069984,-0.13055347620109892,1784347170.556976,1784347171.9841988,1784347171.2705874,1.46143886,"[dac] CH_A set to +3.295 V (code=43565)
"
580,34,5,3.2952796193069984,3.1647261431059,-0.13055347620109847,1784347171.984458,1784347173.419456,1784347172.701957,1.52042596,"[dac] CH_A set to +3.165 V (code=43137)
"
581,34,6,3.1647261431059,3.0341726669048015,-0.13055347620109847,1784347173.419658,1784347174.855607,1784347174.1376324,1.50970103,"[dac] CH_A set to +3.034 V (code=42710)
"
582,34,7,3.0341726669048015,2.9036191907037026,-0.13055347620109892,1784347174.856073,1784347176.293368,1784347175.5747204,1.58075367,"[dac] CH_A set to +2.904 V (code=42282)
"
583,34,8,2.9036191907037026,2.7730657145026036,-0.13055347620109892,1784347176.293571,1784347177.7268732,1784347177.010222,1.61024722,"[dac] CH_A set to +2.773 V (code=41854)
"
584,34,9,2.7730657145026036,2.642512238301505,-0.13055347620109847,1784347177.7270699,1784347179.178675,1784347178.4528723,1.63169707,"[dac] CH_A set to +2.642 V (code=41426)
"
585,34,10,2.642512238301505,2.5119587621004067,-0.13055347620109847,1784347179.17897,1784347180.628736,1784347179.903853,1.66521247,"[dac] CH_A set to +2.512 V (code=40999)
"
586,34,11,2.5119587621004067,2.3814052858993078,-0.13055347620109892,1784347180.629154,1784347182.07259,1784347181.350872,1.68129986,"[dac] CH_A set to +2.381 V (code=40571)
"
587,34,12,2.3814052858993078,2.250851809698209,-0.13055347620109892,1784347182.073618,1784347183.516441,1784347182.7950296,1.69202479,"[dac] CH_A set to +2.251 V (code=40143)
"
588,34,13,2.250851809698209,2.1202983334971104,-0.13055347620109847,1784347183.5166268,1784347184.935689,1784347184.226158,1.72419957,"[dac] CH_A set to +2.120 V (code=39715)
"
589,34,14,2.1202983334971104,1.9897448572960117,-0.1305534762010987,1784347184.935922,1784347186.370382,1784347185.653152,1.7268808,"[dac] CH_A set to +1.990 V (code=39287)
"
590,34,15,1.9897448572960117,1.859191381094913,-0.1305534762010987,1784347186.370687,1784347187.8035321,1784347187.0871096,1.70006848,"[dac] CH_A set to +1.859 V (code=38860)
"
591,34,16,1.859191381094913,1.728637904893814,-0.13055347620109892,1784347187.8038661,1784347189.2392268,1784347188.5215464,1.68934356,"[dac] CH_A set to +1.729 V (code=38432)
"
592,34,17,1.728637904893814,1.5980844286927156,-0.13055347620109847,1784347189.23944,1784347190.670413,1784347189.9549265,1.70006848,"[dac] CH_A set to +1.598 V (code=38004)
"
593,34,18,1.5980844286927156,1.4675309524916171,-0.13055347620109847,1784347190.670645,1784347192.120405,1784347191.395525,1.67325617,"[dac] CH_A set to +1.467 V (code=37576)
"
594,34,19,1.4675309524916171,1.3369774762905182,-0.13055347620109892,1784347192.120623,1784347193.563495,1784347192.8420591,1.68264048,"[dac] CH_A set to +1.337 V (code=37149)
"
595,34,20,1.3369774762905182,1.2064240000894193,-0.13055347620109892,1784347193.564579,1784347195.001062,1784347194.2828205,1.61292845,"[dac] CH_A set to +1.206 V (code=36721)
"
596,34,21,1.2064240000894193,1.0758705238883208,-0.13055347620109847,1784347195.0012941,1784347196.439431,1784347195.7203627,1.6089066,"[dac] CH_A set to +1.076 V (code=36293)
"
597,34,22,1.0758705238883208,0.9453170476872224,-0.13055347620109847,1784347196.4396281,1784347197.8880389,1784347197.1638336,1.58075367,"[dac] CH_A set to +0.945 V (code=35865)
"
598,34,23,0.9453170476872224,0.8147635714861234,-0.13055347620109892,1784347197.888268,1784347199.3230982,1784347198.605683,1.55528197,"[dac] CH_A set to +0.815 V (code=35437)
"
599,34,24,0.8147635714861234,0.6842100952850245,-0.13055347620109892,1784347199.3233302,1784347200.753742,1784347200.038536,1.49361364,"[dac] CH_A set to +0.684 V (code=35009)
"
600,34,25,0.6842100952850245,0.553656619083926,-0.13055347620109847,1784347200.754847,1784347202.1929998,1784347201.4739234,1.45339517,"[dac] CH_A set to +0.554 V (code=34582)
"
601,34,26,0.553656619083926,0.4231031428828276,-0.13055347620109847,1784347202.193253,1784347203.6224298,1784347202.9078414,1.3970893,"[dac] CH_A set to +0.423 V (code=34154)
"
602,34,27,0.4231031428828276,0.29254966668172866,-0.13055347620109892,1784347203.622666,1784347205.052904,1784347204.3377848,1.33944282,"[dac] CH_A set to +0.292 V (code=33726)
"
603,34,28,0.29254966668172866,0.16199619048062974,-0.13055347620109892,1784347205.0530932,1784347206.4859588,1784347205.769526,1.26704956,"[dac] CH_A set to +0.162 V (code=33298)
"
604,34,29,0.16199619048062974,0.03144271427953127,-0.13055347620109847,1784347206.486165,1784347207.9053,1784347207.1957326,1.20672185,"[dac] CH_A set to +0.031 V (code=32870)
"
605,34,30,0.03144271427953127,-0.0991107619215672,-0.13055347620109847,1784347207.9055092,1784347209.3409212,1784347208.6232152,1.14907537,"[dac] CH_A set to -0.099 V (code=32443)
"
606,34,31,-0.0991107619215672,-0.22966423812266612,-0.13055347620109892,1784347209.3411882,1784347210.77349,1784347210.0573392,1.06461657,"[dac] CH_A set to -0.230 V (code=32015)
"
607,34,32,-0.22966423812266612,-0.36021771432376504,-0.13055347620109892,1784347210.773794,1784347212.2005582,1784347211.487176,1.01769501,"[dac] CH_A set to -0.360 V (code=31587)
"
608,34,33,-0.36021771432376504,-0.49077119052486395,-0.13055347620109892,1784347212.2008,1784347213.646671,1784347212.9237356,0.954686067,"[dac] CH_A set to -0.491 V (code=31159)
"
609,34,34,-0.49077119052486395,-0.621324666725962,-0.13055347620109803,1784347213.647892,1784347215.088387,1784347214.3681395,0.862183573,"[dac] CH_A set to -0.621 V (code=30732)
"
610,34,35,-0.621324666725962,-0.7518781429270609,-0.13055347620109892,1784347215.0885901,1784347216.517165,1784347215.8028774,0.815262018,"[dac] CH_A set to -0.752 V (code=30304)
"
611,34,36,-0.7518781429270609,-0.8824316191281598,-0.13055347620109892,1784347216.517463,1784347217.955873,1784347217.236668,0.75627492,"[dac] CH_A set to -0.882 V (code=29876)
"
612,34,37,-0.8824316191281598,-1.0129850953292578,-0.13055347620109803,1784347217.9562619,1784347219.38835,1784347218.672306,0.670475505,"[dac] CH_A set to -1.013 V (code=29448)
"
613,34,38,-1.0129850953292578,-1.1435385715303568,-0.13055347620109892,1784347219.388596,1784347220.8109162,1784347220.0997562,0.615510255,"[dac] CH_A set to -1.143 V (code=29021)
"
614,34,39,-1.1435385715303568,-1.2740920477314557,-0.13055347620109892,1784347220.8111439,1784347222.2420428,1784347221.5265932,0.573951164,"[dac] CH_A set to -1.274 V (code=28593)
"
615,34,40,-1.2740920477314557,-1.4046455239325546,-0.13055347620109892,1784347222.242251,1784347223.693535,1784347222.9678931,0.505579755,"[dac] CH_A set to -1.405 V (code=28165)
"
616,34,41,-1.4046455239325546,-1.5351990001336535,-0.13055347620109892,1784347223.694129,1784347225.125442,1784347224.4097855,0.446592657,"[dac] CH_A set to -1.535 V (code=27737)
"
617,34,42,-1.5351990001336535,-1.6657524763347515,-0.13055347620109803,1784347225.12567,1784347226.555029,1784347225.8403494,0.38090248,"[dac] CH_A set to -1.666 V (code=27309)
"
618,34,43,-1.6657524763347515,-1.7963059525358505,-0.13055347620109892,1784347226.555236,1784347227.9987998,1784347227.277018,0.316552919,"[dac] CH_A set to -1.796 V (code=26881)
"
619,34,44,-1.7963059525358505,-1.9268594287369494,-0.13055347620109892,1784347227.998997,1784347229.443842,1784347228.7214193,0.316552919,"[dac] CH_A set to -1.927 V (code=26454)
"
620,34,45,-1.9268594287369494,-2.0574129049380474,-0.13055347620109803,1784347229.4440398,1784347230.8801448,1784347230.1620922,0.238797199,"[dac] CH_A set to -2.057 V (code=26026)
"
621,34,46,-2.0574129049380474,-2.1879663811391463,-0.13055347620109892,1784347230.880333,1784347232.3114219,1784347231.5958774,0.201259955,"[dac] CH_A set to -2.188 V (code=25598)
"
622,35,0,-2.3185198573402452,-2.3837965954407947,-0.06527673810054946,1784347260.802197,1784347262.239611,1784347261.520904,0.12216362,"[dac] CH_A set to -2.384 V (code=24956)
"
623,35,1,-2.3837965954407947,-2.449073333541344,-0.06527673810054946,1784347262.240094,1784347263.6830301,1784347262.9615622,0.0792639125,"[dac] CH_A set to -2.449 V (code=24742)
"
624,36,0,-2.3185198573402452,-2.1879663811391468,0.13055347620109847,1784347292.1895611,1784347293.6172569,1784347292.903409,0.139591626,"[dac] CH_A set to -2.188 V (code=25598)
"
625,36,1,-2.1879663811391468,-2.057412904938048,0.13055347620109892,1784347293.61832,1784347295.0387762,1784347294.328548,0.203941187,"[dac] CH_A set to -2.057 V (code=26026)
"
626,36,2,-2.057412904938048,-1.9268594287369494,0.13055347620109847,1784347295.039031,1784347296.485534,1784347295.7622824,0.252203358,"[dac] CH_A set to -1.927 V (code=26454)
"
627,36,3,-1.9268594287369494,-1.7963059525358505,0.13055347620109892,1784347296.485763,1784347297.919054,1784347297.2024086,0.283037523,"[dac] CH_A set to -1.796 V (code=26881)
"
628,36,4,-1.7963059525358505,-1.665752476334752,0.13055347620109847,1784347297.9193459,1784347299.370615,1784347298.6449804,0.333980925,"[dac] CH_A set to -1.666 V (code=27309)
"
629,36,5,-1.665752476334752,-1.5351990001336533,0.1305534762010987,1784347299.370822,1784347300.811509,1784347300.0911655,0.370177553,"[dac] CH_A set to -1.535 V (code=27737)
"
630,36,6,-1.5351990001336533,-1.4046455239325546,0.1305534762010987,1784347300.812642,1784347302.239636,1784347301.526139,0.426483419,"[dac] CH_A set to -1.405 V (code=28165)
"
631,36,7,-1.4046455239325546,-1.274092047731456,0.1305534762010987,1784347302.239839,1784347303.672257,1784347302.956048,0.514964066,"[dac] CH_A set to -1.274 V (code=28593)
"
632,36,8,-1.274092047731456,-1.1435385715303572,0.1305534762010987,1784347303.6724632,1784347305.104258,1784347304.3883605,0.569929316,"[dac] CH_A set to -1.143 V (code=29021)
"
633,36,9,-1.1435385715303572,-1.0129850953292585,0.1305534762010987,1784347305.104537,1784347306.550602,1784347305.8275695,0.619532103,"[dac] CH_A set to -1.013 V (code=29448)
"
634,36,10,-1.0129850953292585,-0.8824316191281598,0.1305534762010987,1784347306.550862,1784347307.963649,1784347307.2572556,0.682541048,"[dac] CH_A set to -0.882 V (code=29876)
"
635,36,11,-0.8824316191281598,-0.7518781429270613,0.13055347620109847,1784347307.963895,1784347309.3898802,1784347308.6768875,0.741528146,"[dac] CH_A set to -0.752 V (code=30304)
"
636,36,12,-0.7518781429270613,-0.6213246667259626,0.1305534762010987,1784347309.3900821,1784347310.820333,1784347310.1052074,0.785768469,"[dac] CH_A set to -0.621 V (code=30732)
"
637,36,13,-0.6213246667259626,-0.49077119052486395,0.1305534762010987,1784347310.820639,1784347312.2509491,1784347311.535794,0.871567884,"[dac] CH_A set to -0.491 V (code=31159)
"
638,36,14,-0.49077119052486395,-0.36021771432376526,0.1305534762010987,1784347312.2514539,1784347313.6892009,1784347312.9703274,0.926533134,"[dac] CH_A set to -0.360 V (code=31587)
"
639,36,15,-0.36021771432376526,-0.22966423812266656,0.1305534762010987,1784347313.689464,1784347315.1158211,1784347314.4026427,1.01769501,"[dac] CH_A set to -0.230 V (code=32015)
"
640,36,16,-0.22966423812266656,-0.09911076192156809,0.13055347620109847,1784347315.1160269,1784347316.54239,1784347315.8292084,1.07534149,"[dac] CH_A set to -0.099 V (code=32443)
"
641,36,17,-0.09911076192156809,0.031442714279530826,0.13055347620109892,1784347316.5425951,1784347317.974208,1784347317.2584016,1.14639413,"[dac] CH_A set to +0.031 V (code=32870)
"
642,37,0,0.16199619048062974,0.2272729285811792,0.06527673810054946,1784347346.4692469,1784347347.910926,1784347347.1900864,1.2362154,"[dac] CH_A set to +0.227 V (code=33512)
"
643,37,1,0.2272729285811792,0.29254966668172866,0.06527673810054946,1784347347.912044,1784347349.3466911,1784347348.6293676,1.24559971,"[dac] CH_A set to +0.292 V (code=33726)
"
644,38,0,0.16199619048062974,0.2816702103316369,0.11967401985100717,1784347377.835042,1784347379.2692149,1784347378.5521283,1.24828094,"[dac] CH_A set to +0.282 V (code=33691)
"
645,38,1,0.2816702103316369,0.4013442301826441,0.11967401985100717,1784347379.269723,1784347380.6848772,1784347379.9773002,1.30458681,"[dac] CH_A set to +0.401 V (code=34082)
"
646,38,2,0.4013442301826441,0.5210182500336513,0.11967401985100723,1784347380.685059,1784347382.120738,1784347381.4028986,1.34212405,"[dac] CH_A set to +0.521 V (code=34475)
"
647,38,3,0.5210182500336513,0.6406922698846584,0.11967401985100712,1784347382.120946,1784347383.541779,1784347382.8313625,1.41719854,"[dac] CH_A set to +0.641 V (code=34867)
"
648,38,4,0.6406922698846584,0.7603662897356657,0.11967401985100723,1784347383.5422819,1784347384.977783,1784347384.2600324,1.4306047,"[dac] CH_A set to +0.760 V (code=35259)
"
649,38,5,0.7603662897356657,0.8800403095866729,0.11967401985100723,1784347384.978047,1784347386.409216,1784347385.6936314,1.4815481,"[dac] CH_A set to +0.880 V (code=35651)
"
650,38,6,0.8800403095866729,0.99971432943768,0.11967401985100712,1784347386.41028,1784347387.8360388,1784347387.1231594,1.51104165,"[dac] CH_A set to +1.000 V (code=36043)
"
651,38,7,0.99971432943768,1.1193883492886871,0.11967401985100712,1784347387.836364,1784347389.26036,1784347388.548362,1.55662259,"[dac] CH_A set to +1.119 V (code=36435)
"
652,38,8,1.1193883492886871,1.2390623691396945,0.11967401985100734,1784347389.260569,1784347390.70931,1784347389.9849396,1.57807244,"[dac] CH_A set to +1.239 V (code=36828)
"
653,38,9,1.2390623691396945,1.3587363889907016,0.11967401985100712,1784347390.70957,1784347392.144203,1784347391.4268866,1.61829092,"[dac] CH_A set to +1.359 V (code=37220)
"
654,38,10,1.3587363889907016,1.4784104088417087,0.11967401985100712,1784347392.1453729,1784347393.5787961,1784347392.8620844,1.62901584,"[dac] CH_A set to +1.478 V (code=37612)
"
655,38,11,1.4784104088417087,1.598084428692716,0.11967401985100734,1784347393.579011,1784347395.00434,1784347394.2916756,1.65314693,"[dac] CH_A set to +1.598 V (code=38004)
"
656,39,0,1.4675309524916171,1.4022542143910677,-0.06527673810054946,1784347423.498858,1784347424.923933,1784347424.2113955,1.62767523,"[dac] CH_A set to +1.402 V (code=37362)
"
657,39,1,1.4022542143910677,1.3369774762905182,-0.06527673810054946,1784347424.924196,1784347426.3715782,1784347425.6478872,1.62231276,"[dac] CH_A set to +1.337 V (code=37149)
"
658,40,0,1.4675309524916171,1.5980844286927158,0.1305534762010987,1784347454.847726,1784347456.277148,1784347455.562437,1.68532171,"[dac] CH_A set to +1.598 V (code=38004)
"
659,40,1,1.5980844286927158,1.7286379048938145,0.1305534762010987,1784347456.279068,1784347457.702603,1784347456.9908357,1.6759374,"[dac] CH_A set to +1.729 V (code=38432)
"
660,40,2,1.7286379048938145,1.8591913810949132,0.1305534762010987,1784347457.702792,1784347459.138004,1784347458.420398,1.68264048,"[dac] CH_A set to +1.859 V (code=38860)
"
661,40,3,1.8591913810949132,1.989744857296012,0.1305534762010987,1784347459.138207,1784347460.577137,1784347459.857672,1.70945279,"[dac] CH_A set to +1.990 V (code=39287)
"
662,40,4,1.989744857296012,2.120298333497111,0.13055347620109892,1784347460.577377,1784347462.006769,1784347461.292073,1.70811218,"[dac] CH_A set to +2.120 V (code=39715)
"
663,40,5,2.120298333497111,2.2508518096982093,0.13055347620109847,1784347462.007833,1784347463.426411,1784347462.717122,1.68398109,"[dac] CH_A set to +2.251 V (code=40143)
"
664,40,6,2.2508518096982093,2.3814052858993078,0.13055347620109847,1784347463.426629,1784347464.863369,1784347464.144999,1.68398109,"[dac] CH_A set to +2.381 V (code=40571)
"
665,40,7,2.3814052858993078,2.5119587621004067,0.13055347620109892,1784347464.863611,1784347466.29517,1784347465.5793905,1.67191555,"[dac] CH_A set to +2.512 V (code=40999)
"
666,40,8,2.5119587621004067,2.6425122383015056,0.13055347620109892,1784347466.2953768,1784347467.711703,1784347467.00354,1.64912508,"[dac] CH_A set to +2.642 V (code=41426)
"
667,40,9,2.6425122383015056,2.773065714502604,0.13055347620109847,1784347467.711943,1784347469.144259,1784347468.428101,1.6759374,"[dac] CH_A set to +2.773 V (code=41854)
"
668,40,10,2.773065714502604,2.9036191907037026,0.13055347620109847,1784347469.144632,1784347470.575377,1784347469.8600044,1.5914786,"[dac] CH_A set to +2.904 V (code=42282)
"
669,40,11,2.9036191907037026,3.0341726669048015,0.13055347620109892,1784347470.575583,1784347472.014817,1784347471.2951999,1.59550045,"[dac] CH_A set to +3.034 V (code=42710)
"
670,41,0,3.1647261431059004,3.23000288120645,0.06527673810054946,1784347500.535684,1784347501.982711,1784347501.2591977,1.50031672,"[dac] CH_A set to +3.230 V (code=43351)
"
671,41,1,3.23000288120645,3.2952796193069993,0.06527673810054946,1784347501.983776,1784347503.413408,1784347502.6985922,1.45071393,"[dac] CH_A set to +3.295 V (code=43565)
"
672,42,0,3.1647261431059004,3.037799152354832,-0.1269269907510684,1784347531.927279,1784347533.368801,1784347532.64804,1.54589766,"[dac] CH_A set to +3.038 V (code=42722)
"
673,42,1,3.037799152354832,2.910872161603764,-0.12692699075106795,1784347533.369104,1784347534.802161,1784347534.0856323,1.59013798,"[dac] CH_A set to +2.911 V (code=42306)
"
674,42,2,2.910872161603764,2.7839451708526957,-0.1269269907510684,1784347534.803297,1784347536.237586,1784347535.5204415,1.61560968,"[dac] CH_A set to +2.784 V (code=41890)
"
675,42,3,2.7839451708526957,2.6570181801016277,-0.12692699075106795,1784347536.2377942,1784347537.663648,1784347536.950721,1.6504657,"[dac] CH_A set to +2.657 V (code=41474)
"
676,42,4,2.6570181801016277,2.5300911893505593,-0.1269269907510684,1784347537.663865,1784347539.096931,1784347538.380398,1.70006848,"[dac] CH_A set to +2.530 V (code=41058)
"
677,42,5,2.5300911893505593,2.403164198599491,-0.1269269907510684,1784347539.097164,1784347540.524467,1784347539.8108153,1.6933654,"[dac] CH_A set to +2.403 V (code=40642)
"
678,42,6,2.403164198599491,2.276237207848423,-0.12692699075106795,1784347540.525567,1784347541.963747,1784347541.244657,1.67191555,"[dac] CH_A set to +2.276 V (code=40226)
"
679,42,7,2.276237207848423,2.149310217097355,-0.12692699075106795,1784347541.963995,1784347543.393891,1784347542.6789432,1.72151834,"[dac] CH_A set to +2.149 V (code=39810)
"
680,42,8,2.149310217097355,2.0223832263462866,-0.1269269907510684,1784347543.3941581,1784347544.8261719,1784347544.110165,1.70945279,"[dac] CH_A set to +2.022 V (code=39394)
"
681,42,9,2.0223832263462866,1.8954562355952185,-0.12692699075106817,1784347544.826371,1784347546.252216,1784347545.5392935,1.70945279,"[dac] CH_A set to +1.895 V (code=38979)
"
682,42,10,1.8954562355952185,1.7685292448441503,-0.12692699075106817,1784347546.252411,1784347547.677554,1784347546.9649825,1.72017772,"[dac] CH_A set to +1.768 V (code=38562)
"
683,42,11,1.7685292448441503,1.641602254093082,-0.1269269907510684,1784347547.677797,1784347549.113324,1784347548.3955605,1.67057493,"[dac] CH_A set to +1.642 V (code=38147)
"
684,42,12,1.641602254093082,1.5146752633420137,-0.12692699075106817,1784347549.1135292,1784347550.551738,1784347549.8326335,1.70945279,"[dac] CH_A set to +1.515 V (code=37731)
"
685,42,13,1.5146752633420137,1.3877482725909456,-0.12692699075106817,1784347550.552811,1784347551.964193,1784347551.258502,1.64778446,"[dac] CH_A set to +1.388 V (code=37315)
"
686,42,14,1.3877482725909456,1.2608212818398774,-0.12692699075106817,1784347551.964434,1784347553.4105432,1784347552.6874886,1.63974077,"[dac] CH_A set to +1.261 V (code=36899)
"
687,42,15,1.2608212818398774,1.1338942910888092,-0.12692699075106817,1784347553.4108028,1784347554.847168,1784347554.1289854,1.62901584,"[dac] CH_A set to +1.134 V (code=36483)
"
688,42,16,1.1338942910888092,1.0069673003377408,-0.1269269907510684,1784347554.847407,1784347556.285677,1784347555.5665421,1.56868813,"[dac] CH_A set to +1.007 V (code=36067)
"
689,42,17,1.0069673003377408,0.8800403095866729,-0.12692699075106795,1784347556.285932,1784347557.7273111,1784347557.0066216,1.52712904,"[dac] CH_A set to +0.880 V (code=35651)
"
690,42,18,0.8800403095866729,0.7531133188356045,-0.1269269907510684,1784347557.72846,1784347559.16066,1784347558.44456,1.4989761,"[dac] CH_A set to +0.753 V (code=35235)
"
691,42,19,0.7531133188356045,0.6261863280845366,-0.12692699075106795,1784347559.1608598,1784347560.590994,1784347559.875927,1.4306047,"[dac] CH_A set to +0.626 V (code=34819)
"
692,42,20,0.6261863280845366,0.49925933733346817,-0.1269269907510684,1784347560.591274,1784347562.0276852,1784347561.3094797,1.3890456,"[dac] CH_A set to +0.499 V (code=34404)
"
693,42,21,0.49925933733346817,0.3723323465824002,-0.12692699075106795,1784347562.0279858,1784347563.460701,1784347562.7443433,1.34212405,"[dac] CH_A set to +0.372 V (code=33987)
"
694,42,22,0.3723323465824002,0.24540535583133183,-0.1269269907510684,1784347563.460932,1784347564.902304,1784347564.181618,1.28581818,"[dac] CH_A set to +0.245 V (code=33572)
"
695,42,23,0.24540535583133183,0.11847836508026344,-0.1269269907510684,1784347564.9027698,1784347566.347754,1784347565.6252618,1.26302771,"[dac] CH_A set to +0.119 V (code=33156)
"
696,42,24,0.11847836508026344,-0.00844862567080451,-0.12692699075106795,1784347566.347986,1784347567.799739,1784347567.0738626,1.19733754,"[dac] CH_A set to -0.008 V (code=32740)
"
697,42,25,-0.00844862567080451,-0.1353756164218729,-0.1269269907510684,1784347567.800065,1784347569.228794,1784347568.5144296,1.1262849,"[dac] CH_A set to -0.135 V (code=32324)
"
698,42,26,-0.1353756164218729,-0.26230260717294085,-0.12692699075106795,1784347569.229022,1784347570.669059,1784347569.9490404,1.09411012,"[dac] CH_A set to -0.262 V (code=31908)
"
699,42,27,-0.26230260717294085,-0.38922959792400924,-0.1269269907510684,1784347570.670197,1784347572.0868301,1784347571.3785136,0.982839,"[dac] CH_A set to -0.389 V (code=31492)
"
700,42,28,-0.38922959792400924,-0.5161565886750772,-0.12692699075106795,1784347572.0870929,1784347573.518563,1784347572.8028278,0.938598677,"[dac] CH_A set to -0.516 V (code=31076)
"
701,42,29,-0.5161565886750772,-0.6430835794261456,-0.1269269907510684,1784347573.519093,1784347574.968648,1784347574.2438705,0.864864804,"[dac] CH_A set to -0.643 V (code=30660)
"
702,42,30,-0.6430835794261456,-0.7700105701772135,-0.12692699075106795,1784347574.968844,1784347576.3901381,1784347575.679491,0.813921402,"[dac] CH_A set to -0.770 V (code=30244)
"
703,42,31,-0.7700105701772135,-0.8969375609282819,-0.1269269907510684,1784347576.39124,1784347577.8105128,1784347577.1008763,0.742868762,"[dac] CH_A set to -0.897 V (code=29829)
"
704,42,32,-0.8969375609282819,-1.0238645516793499,-0.12692699075106795,1784347577.810696,1784347579.253472,1784347578.532084,0.6785192,"[dac] CH_A set to -1.024 V (code=29412)
"
705,42,33,-1.0238645516793499,-1.1507915424304187,-0.12692699075106884,1784347579.253671,1784347580.689707,1784347579.971689,0.586016706,"[dac] CH_A set to -1.151 V (code=28997)
"
706,42,34,-1.1507915424304187,-1.2777185331814866,-0.12692699075106795,1784347580.6899562,1784347582.118783,1784347581.4043696,0.55250131,"[dac] CH_A set to -1.278 V (code=28581)
"
707,42,35,-1.2777185331814866,-1.4046455239325542,-0.1269269907510675,1784347582.119045,1784347583.57116,1784347582.8451025,0.510942218,"[dac] CH_A set to -1.405 V (code=28165)
"
708,43,0,-1.535199000133653,-1.6004757382342025,-0.06527673810054946,1784347612.051878,1784347613.488238,1784347612.7700582,0.375540017,"[dac] CH_A set to -1.600 V (code=27523)
"
709,43,1,-1.6004757382342025,-1.665752476334752,-0.06527673810054946,1784347613.488676,1784347614.918329,1784347614.2035027,0.362133858,"[dac] CH_A set to -1.666 V (code=27309)
"
710,44,0,-1.535199000133653,-1.4046455239325544,0.1305534762010987,1784347643.394683,1784347644.8297951,1784347644.112239,0.447933273,"[dac] CH_A set to -1.405 V (code=28165)
"
711,44,1,-1.4046455239325544,-1.2740920477314557,0.1305534762010987,1784347644.830112,1784347646.271817,1784347645.5509644,0.498876676,"[dac] CH_A set to -1.274 V (code=28593)
"
712,44,2,-1.2740920477314557,-1.1435385715303572,0.13055347620109847,1784347646.272071,1784347647.701602,1784347646.9868364,0.555182542,"[dac] CH_A set to -1.143 V (code=29021)
"
713,44,3,-1.1435385715303572,-1.0129850953292583,0.13055347620109892,1784347647.701828,1784347649.13924,1784347648.4205341,0.622213334,"[dac] CH_A set to -1.013 V (code=29448)
"
714,44,4,-1.0129850953292583,-0.8824316191281597,0.13055347620109858,1784347649.139565,1784347650.5718699,1784347649.8557174,0.706672133,"[dac] CH_A set to -0.882 V (code=29876)
"
715,44,5,-0.8824316191281597,-0.7518781429270611,0.13055347620109858,1784347650.572902,1784347651.9995918,1784347651.2862468,0.74018753,"[dac] CH_A set to -0.752 V (code=30304)
"
716,44,6,-0.7518781429270611,-0.6213246667259624,0.1305534762010987,1784347651.999788,1784347653.4395509,1784347652.7196693,0.817943249,"[dac] CH_A set to -0.621 V (code=30732)
"
717,44,7,-0.6213246667259624,-0.49077119052486373,0.1305534762010987,1784347653.439745,1784347654.8707998,1784347654.1552725,0.856821109,"[dac] CH_A set to -0.491 V (code=31159)
"
718,44,8,-0.49077119052486373,-0.36021771432376504,0.1305534762010987,1784347654.871093,1784347656.302837,1784347655.586965,0.954686067,"[dac] CH_A set to -0.360 V (code=31587)
"
719,44,9,-0.36021771432376504,-0.22966423812266634,0.1305534762010987,1784347656.303079,1784347657.736075,1784347657.019577,1.02171686,"[dac] CH_A set to -0.230 V (code=32015)
"
720,44,10,-0.22966423812266634,-0.09911076192156765,0.1305534762010987,1784347657.7364218,1784347659.154788,1784347658.4456048,1.08874765,"[dac] CH_A set to -0.099 V (code=32443)
"
721,44,11,-0.09911076192156765,0.031442714279530826,0.13055347620109847,1784347659.154997,1784347660.589473,1784347659.872235,1.13566921,"[dac] CH_A set to +0.031 V (code=32870)
"
722,44,12,0.031442714279530826,0.16199619048062952,0.1305534762010987,1784347660.589708,1784347662.0275168,1784347661.3086123,1.20135938,"[dac] CH_A set to +0.162 V (code=33298)
"
723,44,13,0.16199619048062952,0.2925496666817282,0.1305534762010987,1784347662.0278258,1784347663.460563,1784347662.7441945,1.24023724,"[dac] CH_A set to +0.292 V (code=33726)
"
724,44,14,0.2925496666817282,0.4231031428828269,0.1305534762010987,1784347663.46076,1784347664.902417,1784347664.1815886,1.33542097,"[dac] CH_A set to +0.423 V (code=34154)
"
725,44,15,0.4231031428828269,0.5536566190839256,0.1305534762010987,1784347664.902661,1784347666.339672,1784347665.6211667,1.38100191,"[dac] CH_A set to +0.554 V (code=34582)
"
726,45,0,0.6842100952850245,0.749486833385574,0.06527673810054946,1784347694.8328,1784347696.260396,1784347695.546598,1.46143886,"[dac] CH_A set to +0.749 V (code=35223)
"
727,45,1,0.749486833385574,0.8147635714861234,0.06527673810054946,1784347696.2615309,1784347697.7078688,1784347696.9846997,1.47216379,"[dac] CH_A set to +0.815 V (code=35437)
"
728,46,0,0.6842100952850245,0.7821252024358487,0.09791510715082419,1784347726.2104,1784347727.655732,1784347726.933066,1.46412009,"[dac] CH_A set to +0.782 V (code=35330)
"
729,46,1,0.7821252024358487,0.8800403095866729,0.09791510715082419,1784347727.6568189,1784347729.0840378,1784347728.3704283,1.4989761,"[dac] CH_A set to +0.880 V (code=35651)
"
730,46,2,0.8800403095866729,0.9779554167374971,0.09791510715082419,1784347729.084231,1784347730.523259,1784347729.8037448,1.52444781,"[dac] CH_A set to +0.978 V (code=35972)
"
731,46,3,0.9779554167374971,1.0758705238883213,0.09791510715082419,1784347730.523458,1784347731.9640782,1784347731.2437682,1.55930382,"[dac] CH_A set to +1.076 V (code=36293)
"
732,47,0,0.9453170476872224,0.8800403095866729,-0.06527673810054946,1784347760.427447,1784347761.8546371,1784347761.1410422,1.49629487,"[dac] CH_A set to +0.880 V (code=35651)
"
733,47,1,0.8800403095866729,0.8147635714861234,-0.06527673810054946,1784347761.8557498,1784347763.2777338,1784347762.566742,1.46546071,"[dac] CH_A set to +0.815 V (code=35437)
"
734,48,0,0.9453170476872224,1.075870523888321,0.1305534762010987,1784347791.7640378,1784347793.2028632,1784347792.4834504,1.56734751,"[dac] CH_A set to +1.076 V (code=36293)
"
735,48,1,1.075870523888321,1.2064240000894197,0.1305534762010987,1784347793.203081,1784347794.6433358,1784347793.9232082,1.58209429,"[dac] CH_A set to +1.206 V (code=36721)
"
736,48,2,1.2064240000894197,1.3369774762905182,0.13055347620109847,1784347794.6435468,1784347796.086091,1784347795.364819,1.62231276,"[dac] CH_A set to +1.337 V (code=37149)
"
737,48,3,1.3369774762905182,1.4675309524916171,0.13055347620109892,1784347796.0862908,1784347797.515691,1784347796.800991,1.63974077,"[dac] CH_A set to +1.467 V (code=37576)
"
738,48,4,1.4675309524916171,1.5980844286927156,0.13055347620109847,1784347797.515929,1784347798.952779,1784347798.234354,1.65850939,"[dac] CH_A set to +1.598 V (code=38004)
"
739,48,5,1.5980844286927156,1.7286379048938143,0.1305534762010987,1784347798.953855,1784347800.401941,1784347799.677898,1.70006848,"[dac] CH_A set to +1.729 V (code=38432)
"
740,48,6,1.7286379048938143,1.859191381094913,0.1305534762010987,1784347800.4022248,1784347801.832462,1784347801.1173434,1.71079341,"[dac] CH_A set to +1.859 V (code=38860)
"
741,48,7,1.859191381094913,1.9897448572960117,0.1305534762010987,1784347801.832695,1784347803.2689412,1784347802.550818,1.69202479,"[dac] CH_A set to +1.990 V (code=39287)
"
742,48,8,1.9897448572960117,2.1202983334971104,0.1305534762010987,1784347803.269144,1784347804.7111738,1784347803.990159,1.73224326,"[dac] CH_A set to +2.120 V (code=39715)
"
743,48,9,2.1202983334971104,2.250851809698209,0.13055347620109847,1784347804.7115872,1784347806.165279,1784347805.4384332,1.71883711,"[dac] CH_A set to +2.251 V (code=40143)
"
744,48,10,2.250851809698209,2.3814052858993078,0.13055347620109892,1784347806.165483,1784347807.595027,1784347806.880255,1.73760573,"[dac] CH_A set to +2.381 V (code=40571)
"
745,48,11,2.3814052858993078,2.5119587621004063,0.13055347620109847,1784347807.59531,1784347809.0278962,1784347808.311603,1.66655309,"[dac] CH_A set to +2.512 V (code=40999)
"
746,48,12,2.5119587621004063,2.6425122383015047,0.13055347620109847,1784347809.028162,1784347810.4695969,1784347809.7488794,1.6678937,"[dac] CH_A set to +2.642 V (code=41426)
"
747,48,13,2.6425122383015047,2.7730657145026036,0.13055347620109892,1784347810.470133,1784347811.883581,1784347811.176857,1.62097215,"[dac] CH_A set to +2.773 V (code=41854)
"
748,48,14,2.7730657145026036,2.9036191907037026,0.13055347620109892,1784347811.883861,1784347813.31868,1784347812.6012707,1.63035646,"[dac] CH_A set to +2.904 V (code=42282)
"
749,48,15,2.9036191907037026,3.034172666904801,0.13055347620109847,1784347813.31887,1784347814.755842,1784347814.037356,1.59818168,"[dac] CH_A set to +3.034 V (code=42710)
"
750,48,16,3.034172666904801,3.1647261431058995,0.13055347620109847,1784347814.756089,1784347816.194784,1784347815.4754364,1.55662259,"[dac] CH_A set to +3.165 V (code=43137)
"
751,48,17,3.1647261431058995,3.2952796193069984,0.13055347620109892,1784347816.195252,1784347817.636231,1784347816.9157414,1.47216379,"[dac] CH_A set to +3.295 V (code=43565)
"
752,48,18,3.2952796193069984,3.425833095508097,0.13055347620109847,1784347817.63645,1784347819.066993,1784347818.3517215,1.42792346,"[dac] CH_A set to +3.426 V (code=43993)
"
753,48,19,3.425833095508097,3.556386571709196,0.13055347620109892,1784347819.0672278,1784347820.481133,1784347819.7741804,1.40111115,"[dac] CH_A set to +3.556 V (code=44421)
"
754,48,20,3.556386571709196,3.6869400479102943,0.13055347620109847,1784347820.4815922,1784347821.914336,1784347821.1979642,1.34212405,"[dac] CH_A set to +3.687 V (code=44849)
"
755,48,21,3.6869400479102943,3.817493524111393,0.13055347620109892,1784347821.914805,1784347823.342179,1784347822.6284919,1.28447757,"[dac] CH_A set to +3.818 V (code=45276)
"
756,48,22,3.817493524111393,3.9480470003124917,0.13055347620109847,1784347823.342397,1784347824.7726562,1784347824.0575266,1.23085293,"[dac] CH_A set to +3.948 V (code=45704)
"
757,48,23,3.9480470003124917,4.07860047651359,0.13055347620109847,1784347824.772894,1784347826.205544,1784347825.489219,1.1691846,"[dac] CH_A set to +4.079 V (code=46132)
"
758,48,24,4.07860047651359,4.209153952714689,0.13055347620109892,1784347826.2057679,1784347827.6304371,1784347826.9181025,1.12494428,"[dac] CH_A set to +4.209 V (code=46560)
"
759,48,25,4.209153952714689,4.339707428915787,0.13055347620109803,1784347827.630656,1784347829.055681,1784347828.3431685,1.04316671,"[dac] CH_A set to +4.340 V (code=46988)
"
760,48,26,4.339707428915787,4.470260905116886,0.13055347620109892,1784347829.055947,1784347830.4862819,1784347829.7711143,0.962729762,"[dac] CH_A set to +4.470 V (code=47416)
"
761,48,27,4.470260905116886,4.600814381317985,0.13055347620109892,1784347830.48653,1784347831.935895,1784347831.2112126,0.890336506,"[dac] CH_A set to +4.601 V (code=47843)
"
762,48,28,4.600814381317985,4.731367857519084,0.13055347620109892,1784347831.9361448,1784347833.3764942,1784347832.6563196,0.848777414,"[dac] CH_A set to +4.731 V (code=48271)
"
763,48,29,4.731367857519084,4.861921333720183,0.13055347620109892,1784347833.376705,1784347834.8046331,1784347834.0906692,0.771021695,"[dac] CH_A set to +4.862 V (code=48699)
"
764,48,30,4.861921333720183,4.992474809921281,0.13055347620109803,1784347834.804866,1784347836.238498,1784347835.521682,0.702650286,"[dac] CH_A set to +4.992 V (code=49127)
"
765,48,31,4.992474809921281,5.12302828612238,0.13055347620109892,1784347836.238694,1784347837.670964,1784347836.954829,0.654388115,"[dac] CH_A set to +5.123 V (code=49554)
"
766,48,32,5.12302828612238,5.253581762323479,0.13055347620109892,1784347837.6711838,1784347839.102278,1784347838.386731,0.602104097,"[dac] CH_A set to +5.254 V (code=49982)
"
767,48,33,5.253581762323479,5.384135238524577,0.13055347620109803,1784347839.1025221,1784347840.527242,1784347839.814882,0.531051456,"[dac] CH_A set to +5.384 V (code=50410)
"
768,48,34,5.384135238524577,5.514688714725676,0.13055347620109892,1784347840.5275362,1784347841.945812,1784347841.236674,0.446592657,"[dac] CH_A set to +5.515 V (code=50838)
"
769,48,35,5.514688714725676,5.6452421909267745,0.13055347620109892,1784347841.9460402,1784347843.373714,1784347842.659877,0.376880633,"[dac] CH_A set to +5.645 V (code=51265)
"
770,48,36,5.6452421909267745,5.775795667127873,0.13055347620109892,1784347843.373997,1784347844.816125,1784347844.0950608,0.333980925,"[dac] CH_A set to +5.776 V (code=51693)
"
771,49,0,5.906349143328972,5.971625881429522,0.06527673810054946,1784347873.326935,1784347874.7600498,1784347874.0434923,0.256225206,"[dac] CH_A set to +5.972 V (code=52335)
"
772,49,1,5.971625881429522,6.036902619530071,0.06527673810054946,1784347874.760472,1784347876.1960268,1784347875.4782495,0.21600673,"[dac] CH_A set to +6.037 V (code=52549)
"
773,50,0,5.906349143328972,5.775795667127873,-0.13055347620109892,1784347904.673666,1784347906.108848,1784347905.391257,0.283037523,"[dac] CH_A set to +5.776 V (code=51693)
"
774,50,1,5.775795667127873,5.6452421909267745,-0.13055347620109892,1784347906.109038,1784347907.55133,1784347906.830184,0.346046468,"[dac] CH_A set to +5.645 V (code=51265)
"
775,50,2,5.6452421909267745,5.5146887147256765,-0.13055347620109803,1784347907.551599,1784347908.9754932,1784347908.263546,0.370177553,"[dac] CH_A set to +5.515 V (code=50838)
"
776,50,3,5.5146887147256765,5.3841352385245775,-0.13055347620109892,1784347908.9757,1784347910.404609,1784347909.6901546,0.4586582,"[dac] CH_A set to +5.384 V (code=50410)
"
777,50,4,5.3841352385245775,5.253581762323479,-0.13055347620109892,1784347910.404799,1784347911.8385012,1784347911.1216502,0.498876676,"[dac] CH_A set to +5.254 V (code=49982)
"
778,50,5,5.253581762323479,5.123028286122381,-0.13055347620109803,1784347911.839571,1784347913.2793941,1784347912.5594826,0.560545005,"[dac] CH_A set to +5.123 V (code=49554)
"
779,50,6,5.123028286122381,4.992474809921282,-0.13055347620109892,1784347913.279618,1784347914.7107148,1784347913.9951663,0.628916414,"[dac] CH_A set to +4.992 V (code=49127)
"
780,50,7,4.992474809921282,4.861921333720183,-0.13055347620109892,1784347914.7109609,1784347916.1438751,1784347915.427418,0.677178585,"[dac] CH_A set to +4.862 V (code=48699)
"
781,50,8,4.861921333720183,4.731367857519084,-0.13055347620109892,1784347916.144398,1784347917.588316,1784347916.8663568,0.761637384,"[dac] CH_A set to +4.731 V (code=48271)
"
782,50,9,4.731367857519084,4.600814381317985,-0.13055347620109892,1784347917.58852,1784347919.0272372,1784347918.3078785,0.799174628,"[dac] CH_A set to +4.601 V (code=47843)
"
783,50,10,4.600814381317985,4.470260905116887,-0.13055347620109803,1784347919.027528,1784347920.4661949,1784347919.7468615,0.883633426,"[dac] CH_A set to +4.470 V (code=47416)
"
784,50,11,4.470260905116887,4.339707428915788,-0.13055347620109892,1784347920.466702,1784347921.912363,1784347921.1895325,0.935917445,"[dac] CH_A set to +4.340 V (code=46988)
"
785,50,12,4.339707428915788,4.209153952714689,-0.13055347620109892,1784347921.9126022,1784347923.359766,1784347922.6361842,1.00160762,"[dac] CH_A set to +4.209 V (code=46560)
"
786,50,13,4.209153952714689,4.078600476513591,-0.13055347620109803,1784347923.359991,1784347924.793779,1784347924.076885,1.07668211,"[dac] CH_A set to +4.079 V (code=46132)
"
787,50,14,4.078600476513591,3.948047000312492,-0.13055347620109892,1784347924.793983,1784347926.221938,1784347925.5079603,1.13566921,"[dac] CH_A set to +3.948 V (code=45704)
"
788,50,15,3.948047000312492,3.817493524111393,-0.13055347620109892,1784347926.222174,1784347927.6492312,1784347926.9357026,1.20538123,"[dac] CH_A set to +3.818 V (code=45276)
"
789,50,16,3.817493524111393,3.6869400479102943,-0.13055347620109892,1784347927.649488,1784347929.090453,1784347928.3699703,1.2536434,"[dac] CH_A set to +3.687 V (code=44849)
"
790,50,17,3.6869400479102943,3.556386571709196,-0.13055347620109847,1784347929.091601,1784347930.5184672,1784347929.8050342,1.31799296,"[dac] CH_A set to +3.556 V (code=44421)
"
791,50,18,3.556386571709196,3.4258330955080973,-0.13055347620109847,1784347930.518723,1784347931.95228,1784347931.2355015,1.38234253,"[dac] CH_A set to +3.426 V (code=43993)
"
792,50,19,3.4258330955080973,3.2952796193069984,-0.13055347620109892,1784347931.952527,1784347933.378703,1784347932.665615,1.39842992,"[dac] CH_A set to +3.295 V (code=43565)
"
793,50,20,3.2952796193069984,3.1647261431058995,-0.13055347620109892,1784347933.378919,1784347934.826612,1784347934.1027656,1.44535147,"[dac] CH_A set to +3.165 V (code=43137)
"
794,50,21,3.1647261431058995,3.034172666904801,-0.13055347620109847,1784347934.826841,1784347936.260553,1784347935.5436969,1.52712904,"[dac] CH_A set to +3.034 V (code=42710)
"
795,50,22,3.034172666904801,2.9036191907037026,-0.13055347620109847,1784347936.261151,1784347937.693151,1784347936.977151,1.54857889,"[dac] CH_A set to +2.904 V (code=42282)
"
796,50,23,2.9036191907037026,2.7730657145026036,-0.13055347620109892,1784347937.693345,1784347939.134764,1784347938.4140544,1.5914786,"[dac] CH_A set to +2.773 V (code=41854)
"
797,50,24,2.7730657145026036,2.6425122383015047,-0.13055347620109892,1784347939.135015,1784347940.579062,1784347939.8570385,1.60756599,"[dac] CH_A set to +2.642 V (code=41426)
"
798,50,25,2.6425122383015047,2.5119587621004063,-0.13055347620109847,1784347940.5794299,1784347942.001033,1784347941.2902315,1.63705954,"[dac] CH_A set to +2.512 V (code=40999)
"
799,50,26,2.5119587621004063,2.3814052858993078,-0.13055347620109847,1784347942.002147,1784347943.441874,1784347942.7220106,1.67191555,"[dac] CH_A set to +2.381 V (code=40571)
"
800,50,27,2.3814052858993078,2.250851809698209,-0.13055347620109892,1784347943.4421608,1784347944.883554,1784347944.1628575,1.68934356,"[dac] CH_A set to +2.251 V (code=40143)
"
801,50,28,2.250851809698209,2.12029833349711,-0.13055347620109892,1784347944.8838952,1784347946.31189,1784347945.5978925,1.69604664,"[dac] CH_A set to +2.120 V (code=39715)
"
802,50,29,2.12029833349711,1.9897448572960115,-0.13055347620109847,1784347946.312104,1784347947.746104,1784347947.029104,1.7014091,"[dac] CH_A set to +1.990 V (code=39287)
"
803,50,30,1.9897448572960115,1.859191381094913,-0.13055347620109847,1784347947.746345,1784347949.1821089,1784347948.464227,1.74296819,"[dac] CH_A set to +1.859 V (code=38860)
"
804,50,31,1.859191381094913,1.728637904893814,-0.13055347620109892,1784347949.18315,1784347950.6095831,1784347949.8963666,1.71079341,"[dac] CH_A set to +1.729 V (code=38432)
"
805,50,32,1.728637904893814,1.5980844286927152,-0.13055347620109892,1784347950.6097941,1784347952.044534,1784347951.3271642,1.70945279,"[dac] CH_A set to +1.598 V (code=38004)
"
806,50,33,1.5980844286927152,1.4675309524916162,-0.13055347620109892,1784347952.0448158,1784347953.479192,1784347952.762004,1.69738725,"[dac] CH_A set to +1.467 V (code=37576)
"
807,50,34,1.4675309524916162,1.3369774762905182,-0.13055347620109803,1784347953.479389,1784347954.904999,1784347954.192194,1.66253124,"[dac] CH_A set to +1.337 V (code=37149)
"
808,50,35,1.3369774762905182,1.2064240000894193,-0.13055347620109892,1784347954.905192,1784347956.3506188,1784347955.6279054,1.64376262,"[dac] CH_A set to +1.206 V (code=36721)
"
809,50,36,1.2064240000894193,1.0758705238883204,-0.13055347620109892,1784347956.351726,1784347957.78101,1784347957.066368,1.642422,"[dac] CH_A set to +1.076 V (code=36293)
"
810,50,37,1.0758705238883204,0.9453170476872224,-0.13055347620109803,1784347957.781236,1784347959.226513,1784347958.5038743,1.5914786,"[dac] CH_A set to +0.945 V (code=35865)
"
811,50,38,0.9453170476872224,0.8147635714861234,-0.13055347620109892,1784347959.2267442,1784347960.669804,1784347959.9482741,1.56734751,"[dac] CH_A set to +0.815 V (code=35437)
"
812,50,39,0.8147635714861234,0.6842100952850245,-0.13055347620109892,1784347960.670039,1784347962.106766,1784347961.3884025,1.49227303,"[dac] CH_A set to +0.684 V (code=35009)
"
813,50,40,0.6842100952850245,0.5536566190839256,-0.13055347620109892,1784347962.107027,1784347963.544822,1784347962.8259244,1.48691056,"[dac] CH_A set to +0.554 V (code=34582)
"
814,50,41,0.5536566190839256,0.4231031428828267,-0.13055347620109892,1784347963.545045,1784347964.9898229,1784347964.267434,1.41049546,"[dac] CH_A set to +0.423 V (code=34154)
"
815,50,42,0.4231031428828267,0.29254966668172866,-0.13055347620109803,1784347964.990953,1784347966.425706,1784347965.7083294,1.37698006,"[dac] CH_A set to +0.292 V (code=33726)
"
816,50,43,0.29254966668172866,0.16199619048062974,-0.13055347620109892,1784347966.425875,1784347967.8595562,1784347967.1427155,1.30592742,"[dac] CH_A set to +0.162 V (code=33298)
"
817,50,44,0.16199619048062974,0.031442714279530826,-0.13055347620109892,1784347967.859821,1784347969.303344,1784347968.5815825,1.27375264,"[dac] CH_A set to +0.031 V (code=32870)
"
818,50,45,0.031442714279530826,-0.0991107619215672,-0.13055347620109803,1784347969.303568,1784347970.744687,1784347970.0241275,1.20001877,"[dac] CH_A set to -0.099 V (code=32443)
"
819,50,46,-0.0991107619215672,-0.22966423812266612,-0.13055347620109892,1784347970.744928,1784347972.184618,1784347971.464773,1.15443783,"[dac] CH_A set to -0.230 V (code=32015)
"
820,50,47,-0.22966423812266612,-0.36021771432376504,-0.13055347620109892,1784347972.185746,1784347973.617831,1784347972.9017885,1.06863841,"[dac] CH_A set to -0.360 V (code=31587)
"
821,50,48,-0.36021771432376504,-0.49077119052486395,-0.13055347620109892,1784347973.618073,1784347975.059597,1784347974.338835,0.994904543,"[dac] CH_A set to -0.491 V (code=31159)
"
822,50,49,-0.49077119052486395,-0.6213246667259629,-0.13055347620109892,1784347975.059912,1784347976.491542,1784347975.775727,0.96004853,"[dac] CH_A set to -0.621 V (code=30732)
"
823,50,50,-0.6213246667259629,-0.7518781429270609,-0.13055347620109803,1784347976.491754,1784347977.917087,1784347977.2044206,1.42658285,"[dac] CH_A set to -0.752 V (code=30304)
[dac] CH_A set to +0.423 V (code=34154)
"
824,50,51,-0.7518781429270609,-0.8824316191281598,-0.13055347620109892,1784347977.917291,1784347979.353387,1784347978.635339,0.808558939,"[dac] CH_A set to -0.882 V (code=29876)
"
825,50,52,-0.8824316191281598,-1.0129850953292587,-0.13055347620109892,1784347979.353624,1784347980.793322,1784347980.073473,0.753593688,"[dac] CH_A set to -1.013 V (code=29448)
"
826,50,53,-1.0129850953292587,-1.1435385715303568,-0.13055347620109803,1784347980.793518,1784347982.228244,1784347981.510881,0.669134889,"[dac] CH_A set to -1.143 V (code=29021)
"
827,50,54,-1.1435385715303568,-1.2740920477314557,-0.13055347620109892,1784347982.2284439,1784347983.658669,1784347982.9435563,0.608807176,"[dac] CH_A set to -1.274 V (code=28593)
"
828,50,55,-1.2740920477314557,-1.4046455239325546,-0.13055347620109892,1784347983.65887,1784347985.093305,1784347984.3760877,0.524348377,"[dac] CH_A set to -1.405 V (code=28165)
"
829,50,56,-1.4046455239325546,-1.5351990001336535,-0.13055347620109892,1784347985.0943801,1784347986.511104,1784347985.802742,0.49083298,"[dac] CH_A set to -1.535 V (code=27737)
"
830,50,57,-1.5351990001336535,-1.6657524763347524,-0.13055347620109892,1784347986.511343,1784347987.951284,1784347987.2313135,0.443911426,"[dac] CH_A set to -1.666 V (code=27309)
"
831,50,58,-1.6657524763347524,-1.7963059525358505,-0.13055347620109803,1784347987.951553,1784347989.387703,1784347988.6696281,0.370177553,"[dac] CH_A set to -1.796 V (code=26881)
"
832,50,59,-1.7963059525358505,-1.9268594287369494,-0.13055347620109892,1784347989.387947,1784347990.818051,1784347990.1029992,0.299124913,"[dac] CH_A set to -1.927 V (code=26454)
"
833,50,60,-1.9268594287369494,-2.0574129049380483,-0.13055347620109892,1784347990.818526,1784347992.254474,1784347991.5365,0.258906437,"[dac] CH_A set to -2.057 V (code=26026)
"
834,50,61,-2.0574129049380483,-2.1879663811391463,-0.13055347620109803,1784347992.254689,1784347993.681889,1784347992.968289,0.211984882,"[dac] CH_A set to -2.188 V (code=25598)
"
835,50,62,-2.1879663811391463,-2.3185198573402452,-0.13055347620109892,1784347993.682175,1784347995.115207,1784347994.398691,0.178469486,"[dac] CH_A set to -2.319 V (code=25170)
"
836,50,63,-2.3185198573402452,-2.449073333541344,-0.13055347620109892,1784347995.115493,1784347996.559733,1784347995.837613,0.132888547,"[dac] CH_A set to -2.449 V (code=24742)
"
837,50,64,-2.449073333541344,-2.579626809742443,-0.13055347620109892,1784347996.56019,1784347998.01039,1784347997.28529,0.128866699,"[dac] CH_A set to -2.580 V (code=24315)
"
838,50,65,-2.579626809742443,-2.710180285943542,-0.13055347620109892,1784347998.010689,1784347999.441741,1784347998.726215,0.0698796015,"[dac] CH_A set to -2.710 V (code=23887)
"
839,50,66,-2.710180285943542,-2.840733762144641,-0.13055347620109892,1784347999.441983,1784348000.868762,1784348000.1553726,0.0524515954,"[dac] CH_A set to -2.841 V (code=23459)
"
840,50,67,-2.840733762144641,-2.97128723834574,-0.13055347620109892,1784348000.868993,1784348002.2954822,1784348001.5822377,0.0122332996,"[dac] CH_A set to -2.971 V (code=23031)
"
841,50,68,-2.97128723834574,-3.101840714546837,-0.13055347620109714,1784348002.2957282,1784348003.746512,1784348003.02112,0.0229580465,"[dac] CH_A set to -3.102 V (code=22604)
"
842,50,69,-3.101840714546837,-3.232394190747936,-0.13055347620109892,1784348003.746954,1784348005.175735,1784348004.4613445,0.0269798941,"[dac] CH_A set to -3.232 V (code=22176)
"
843,50,70,-3.232394190747936,-3.362947666949035,-0.13055347620109892,1784348005.175925,1784348006.626488,1784348005.9012065,-0.00251352055,"[dac] CH_A set to -3.363 V (code=21748)
"
844,50,71,-3.362947666949035,-3.4935011431501337,-0.13055347620109892,1784348006.6267562,1784348008.073403,1784348007.3500795,0.00821127212,"[dac] CH_A set to -3.493 V (code=21320)
"
845,50,72,-3.4935011431501337,-3.6240546193512326,-0.13055347620109892,1784348008.0736902,1784348009.518286,1784348008.795988,0.0122331197,"[dac] CH_A set to -3.624 V (code=20892)
"
846,50,73,-3.6240546193512326,-3.7546080955523315,-0.13055347620109892,1784348009.519364,1784348010.967359,1784348010.2433615,0.0457485161,"[dac] CH_A set to -3.755 V (code=20465)
"
847,50,74,-3.7546080955523315,-3.8851615717534305,-0.13055347620109892,1784348010.967561,1784348012.399026,1784348011.6832933,0.0685389857,"[dac] CH_A set to -3.885 V (code=20037)
"
848,50,75,-3.8851615717534305,-4.015715047954528,-0.13055347620109714,1784348012.399363,1784348013.835052,1784348013.1172075,0.102054382,"[dac] CH_A set to -4.016 V (code=19609)
"
849,50,76,-4.015715047954528,-4.1462685241556265,-0.13055347620109892,1784348013.835294,1784348015.268346,1784348014.55182,0.123504236,"[dac] CH_A set to -4.146 V (code=19181)
"
850,51,0,-4.276822000356725,-4.342098738457275,-0.06527673810054946,1784348043.799554,1784348045.233554,1784348044.5165539,0.163722711,"[dac] CH_A set to -4.342 V (code=18540)
"
851,51,1,-4.342098738457275,-4.407375476557824,-0.06527673810054946,1784348045.234058,1784348046.6687438,1784348045.9514008,0.222709809,"[dac] CH_A set to -4.407 V (code=18326)
"
852,52,0,-4.276822000356725,-4.1462685241556265,0.13055347620109892,1784348075.177862,1784348076.6214411,1784348075.8996515,0.178469486,"[dac] CH_A set to -4.146 V (code=19181)
"
853,52,1,-4.1462685241556265,-4.0157150479545285,0.13055347620109803,1784348076.62255,1784348078.048703,1784348077.3356266,0.108757461,"[dac] CH_A set to -4.016 V (code=19609)
"
854,52,2,-4.0157150479545285,-3.8851615717534296,0.13055347620109892,1784348078.048932,1784348079.488034,1784348078.7684832,0.0712202174,"[dac] CH_A set to -3.885 V (code=20037)
"
855,52,3,-3.8851615717534296,-3.7546080955523307,0.13055347620109892,1784348079.4882822,1784348080.9269571,1784348080.2076197,0.0511109795,"[dac] CH_A set to -3.755 V (code=20465)
"
856,52,4,-3.7546080955523307,-3.624054619351232,0.13055347620109847,1784348080.92723,1784348082.366925,1784348081.6470776,0.0578140588,"[dac] CH_A set to -3.624 V (code=20892)
"
857,52,5,-3.624054619351232,-3.4935011431501337,0.13055347620109847,1784348082.36799,1784348083.7985768,1784348083.0832834,0.0108925923,"[dac] CH_A set to -3.493 V (code=21320)
"
858,52,6,-3.4935011431501337,-3.362947666949035,0.13055347620109892,1784348083.7988212,1784348085.2375722,1784348084.5181966,0.0202768148,"[dac] CH_A set to -3.363 V (code=21748)
"
859,52,7,-3.362947666949035,-3.232394190747936,0.13055347620109892,1784348085.237813,1784348086.686579,1784348085.9621959,0.00687074477,"[dac] CH_A set to -3.232 V (code=22176)
"
860,52,8,-3.232394190747936,-3.1018407145468374,0.13055347620109847,1784348086.686789,1784348088.109395,1784348087.398092,0.0149143514,"[dac] CH_A set to -3.102 V (code=22604)
"
861,52,9,-3.1018407145468374,-2.971287238345739,0.13055347620109847,1784348088.109623,1784348089.541127,1784348088.825375,0.0216174307,"[dac] CH_A set to -2.971 V (code=23031)
"
862,52,10,-2.971287238345739,-2.84073376214464,0.13055347620109892,1784348089.5421922,1784348090.969849,1784348090.2560205,-0.0078758498,"[dac] CH_A set to -2.841 V (code=23459)
"
863,52,11,-2.84073376214464,-2.7101802859435415,0.13055347620109847,1784348090.9700322,1784348092.403472,1784348091.686752,0.02832051,"[dac] CH_A set to -2.710 V (code=23887)
"
864,52,12,-2.7101802859435415,-2.579626809742443,0.13055347620109847,1784348092.4036858,1784348093.8342762,1784348093.118981,0.0671983698,"[dac] CH_A set to -2.580 V (code=24315)
"
865,52,13,-2.579626809742443,-2.449073333541344,0.13055347620109892,1784348093.8346188,1784348095.272969,1784348094.553794,0.0725608332,"[dac] CH_A set to -2.449 V (code=24742)
"
866,52,14,-2.449073333541344,-2.3185198573402452,0.13055347620109892,1784348095.2742589,1784348096.712564,1784348095.9934115,0.0913294552,"[dac] CH_A set to -2.319 V (code=25170)
"
867,52,15,-2.3185198573402452,-2.1879663811391468,0.13055347620109847,1784348096.712964,1784348098.1400802,1784348097.4265223,0.107416846,"[dac] CH_A set to -2.188 V (code=25598)
"
868,52,16,-2.1879663811391468,-2.0574129049380483,0.13055347620109847,1784348098.1402922,1784348099.5813088,1784348098.8608005,0.170425791,"[dac] CH_A set to -2.057 V (code=26026)
"
869,52,17,-2.0574129049380483,-1.9268594287369494,0.13055347620109892,1784348099.581595,1784348101.008745,1784348100.2951698,0.230753504,"[dac] CH_A set to -1.927 V (code=26454)
"
870,53,0,-1.7963059525358505,-1.731029214435301,0.06527673810054946,1784348129.4677172,1784348130.904348,1784348130.1860325,0.266950132,"[dac] CH_A set to -1.731 V (code=27095)
"
871,53,1,-1.731029214435301,-1.6657524763347515,0.06527673810054946,1784348130.905456,1784348132.326039,1784348131.6157475,0.329959078,"[dac] CH_A set to -1.666 V (code=27309)
"
