window_sequence_index,source_sequence_index,window_index,role,direction,grid_index,target_ordinal,pair_position,bias,t_start_unix,t_end_unix,t_mid_unix,dc_board,I1,Q1,I2,Q2,rawadc_version,rawadc_scope,rawadc_expected,rawadc_used,rawadc_read_fail,rawadc_blocks,rawadc_complete,rawadc_timeout,rawadc_gain,rawadc_fs_uv,rawadc_guard,rawadc_crc,rawadc_ch0_min,rawadc_ch0_max,rawadc_ch0_rail_lo,rawadc_ch0_rail_hi,rawadc_ch0_guard_lo,rawadc_ch0_guard_hi,rawadc_windows,read_attempt_count,t_first_attempt_start_unix
0,0,0,sentinel,up,0,0,0,-4.407375476557824,1784345427.991115,1784345430.3321521,1784345429.1616335,0.271543,-0.30164,-0.514862,0.005457,-0.008262,1,acq,20480,20480,0,16,True,False,1,1200000,8381618,False,-4376396,4240727,0,0,0,0,1,1,1784345427.991115
1,0,1,sentinel,up,0,0,0,-4.407375476557824,1784345430.332407,1784345432.667606,1784345431.5000067,0.274248,-0.302999,-0.517409,0.005507,-0.008314,1,acq,20480,20480,0,16,True,False,1,1200000,8381618,False,-4406629,4254700,0,0,0,0,1,1,1784345430.332407
2,0,2,sentinel,up,0,0,0,-4.407375476557824,1784345432.668087,1784345435.002063,1784345433.835075,0.276307,-0.30382,-0.518782,0.005484,-0.008319,1,acq,20480,20480,0,16,True,False,1,1200000,8381618,False,-4398415,4287728,0,0,0,0,1,1,1784345432.668087
3,0,3,sentinel,up,0,0,0,-4.407375476557824,1784345435.002555,1784345437.3464909,1784345436.1745229,0.278307,-0.304625,-0.520351,0.005525,-0.008268,1,acq,20480,20480,0,16,True,False,1,1200000,8381618,False,-4443892,4291793,0,0,0,0,1,1,1784345435.002555
4,0,4,sentinel,up,0,0,0,-4.407375476557824,1784345437.346719,1784345439.6647968,1784345438.5057578,0.28048,-0.305624,-0.521918,0.005435,-0.008217,1,acq,20480,20480,0,16,True,False,1,1200000,8381618,False,-4464132,4310594,0,0,0,0,1,1,1784345437.346719
5,0,5,sentinel,up,0,0,0,-4.407375476557824,1784345439.665062,1784345442.0161128,1784345440.8405874,0.28257,-0.306644,-0.523747,0.005454,-0.008257,1,acq,20480,20480,0,16,True,False,1,1200000,8381618,False,-4467520,4306529,0,0,0,0,1,1,1784345439.665062
6,0,6,sentinel,up,0,0,0,-4.407375476557824,1784345442.016365,1784345444.347878,1784345443.1821215,0.284317,-0.307255,-0.52479,0.005475,-0.008205,1,acq,20480,20480,0,16,True,False,1,1200000,8381618,False,-4464810,4319909,0,0,0,0,1,1,1784345442.016365
7,0,7,sentinel,up,0,0,0,-4.407375476557824,1784345444.348116,1784345446.684244,1784345445.51618,0.28604,-0.307969,-0.526085,0.005437,-0.008249,1,acq,20480,20480,0,16,True,False,1,1200000,8381618,False,-4450243,4336000,0,0,0,0,1,1,1784345444.348116
8,1,0,sentinel,down,0,0,1,-4.407375476557824,1784345459.3915992,1784345461.7261288,1784345460.558864,0.296376,-0.312263,-0.533612,0.005407,-0.008125,1,acq,20480,20480,0,16,True,False,1,1200000,8381618,False,-4551784,4387321,0,0,0,0,1,1,1784345459.3915992
9,1,1,sentinel,down,0,0,1,-4.407375476557824,1784345461.726353,1784345464.064995,1784345462.895674,0.297978,-0.312987,-0.534843,0.005415,-0.00812,1,acq,20480,20480,0,16,True,False,1,1200000,8381618,False,-4530866,4399092,0,0,0,0,1,1,1784345461.726353
10,1,2,sentinel,down,0,0,1,-4.407375476557824,1784345464.065313,1784345466.391606,1784345465.2284596,0.299125,-0.313297,-0.535404,0.005374,-0.008126,1,acq,20480,20480,0,16,True,False,1,1200000,8381618,False,-4555341,4414759,0,0,0,0,1,1,1784345464.065313
11,1,3,sentinel,down,0,0,1,-4.407375476557824,1784345466.392182,1784345468.731502,1784345467.561842,0.300607,-0.313928,-0.536443,0.00537,-0.008112,1,acq,20480,20480,0,16,True,False,1,1200000,8381618,False,-4573210,4416707,0,0,0,0,1,1,1784345466.392182
12,1,4,sentinel,down,0,0,1,-4.407375476557824,1784345468.731785,1784345471.064408,1784345469.8980966,0.302042,-0.314558,-0.537486,0.005419,-0.008136,1,acq,20480,20480,0,16,True,False,1,1200000,8381618,False,-4536455,4428733,0,0,0,0,1,1,1784345468.731785
13,1,5,sentinel,down,0,0,1,-4.407375476557824,1784345471.06463,1784345473.407784,1784345472.236207,0.303531,-0.315089,-0.538506,0.005391,-0.008109,1,acq,20480,20480,0,16,True,False,1,1200000,8381618,False,-4570415,4454986,0,0,0,0,1,1,1784345471.06463
14,1,6,sentinel,down,0,0,1,-4.407375476557824,1784345473.4080498,1784345475.737037,1784345474.5725434,0.304971,-0.315725,-0.539659,0.005346,-0.008157,1,acq,20480,20480,0,16,True,False,1,1200000,8381618,False,-4562454,4441267,0,0,0,0,1,1,1784345473.4080498
15,1,7,sentinel,down,0,0,1,-4.407375476557824,1784345475.737309,1784345478.080339,1784345476.908824,0.306371,-0.316363,-0.540751,0.005403,-0.008116,1,acq,20480,20480,0,16,True,False,1,1200000,8381618,False,-4642061,4451514,0,0,0,0,1,1,1784345475.737309
16,2,0,sentinel,down,80,1,0,6.036902619530071,1784345604.2791822,1784345606.610948,1784345605.445065,0.299388,-0.314516,-0.534224,0.005166,-0.007774,1,acq,20480,20480,0,16,True,False,1,1200000,8381618,False,-4515537,4422974,0,0,0,0,1,1,1784345604.2791822
17,2,1,sentinel,down,80,1,0,6.036902619530071,1784345606.6111722,1784345608.9565928,1784345607.7838826,0.295951,-0.313019,-0.531913,0.005184,-0.007869,1,acq,20480,20480,0,16,True,False,1,1200000,8381618,False,-4474972,4397653,0,0,0,0,1,1,1784345606.6111722
18,2,2,sentinel,down,80,1,0,6.036902619530071,1784345608.9568799,1784345611.278961,1784345610.1179204,0.292739,-0.311594,-0.52955,0.005274,-0.007855,1,acq,20480,20480,0,16,True,False,1,1200000,8381618,False,-4470822,4388760,0,0,0,0,1,1,1784345608.9568799
19,2,3,sentinel,down,80,1,0,6.036902619530071,1784345611.279423,1784345613.6177769,1784345612.4485998,0.289823,-0.310447,-0.527539,0.00523,-0.007903,1,acq,20480,20480,0,16,True,False,1,1200000,8381618,False,-4446517,4375464,0,0,0,0,1,1,1784345611.279423
20,2,4,sentinel,down,80,1,0,6.036902619530071,1784345613.6180348,1784345615.96266,1784345614.7903476,0.287017,-0.309277,-0.525758,0.005236,-0.007876,1,acq,20480,20480,0,16,True,False,1,1200000,8381618,False,-4429580,4347518,0,0,0,0,1,1,1784345613.6180348
21,2,5,sentinel,down,80,1,0,6.036902619530071,1784345615.962921,1784345618.287671,1784345617.125296,0.284173,-0.308016,-0.523603,0.005272,-0.007944,1,acq,20480,20480,0,16,True,False,1,1200000,8381618,False,-4405274,4336678,0,0,0,0,1,1,1784345615.962921
22,2,6,sentinel,down,80,1,0,6.036902619530071,1784345618.2879539,1784345620.638592,1784345619.463273,0.281543,-0.30695,-0.521757,0.005218,-0.007982,1,acq,20480,20480,0,16,True,False,1,1200000,8381618,False,-4398245,4339642,0,0,0,0,1,1,1784345618.2879539
23,2,7,sentinel,down,80,1,0,6.036902619530071,1784345620.6388521,1784345622.974692,1784345621.8067722,0.278933,-0.305769,-0.519719,0.005244,-0.007977,1,acq,20480,20480,0,16,True,False,1,1200000,8381618,False,-4377158,4300093,0,0,0,0,1,1,1784345620.6388521
24,3,0,sentinel,up,80,1,1,6.036902619530071,1784345635.671529,1784345638.014395,1784345636.842962,0.264349,-0.299175,-0.508693,0.005371,-0.008073,1,acq,20480,20480,0,16,True,False,1,1200000,8381618,False,-4295265,4203210,0,0,0,0,1,1,1784345635.671529
25,3,1,sentinel,up,80,1,1,6.036902619530071,1784345638.014647,1784345640.3399649,1784345639.177306,0.262455,-0.298396,-0.507404,0.005331,-0.008113,1,acq,20480,20480,0,16,True,False,1,1200000,8381618,False,-4299669,4196435,0,0,0,0,1,1,1784345638.014647
26,3,2,sentinel,up,80,1,1,6.036902619530071,1784345640.340263,1784345642.669993,1784345641.505128,0.260293,-0.297296,-0.5056,0.005357,-0.008109,1,acq,20480,20480,0,16,True,False,1,1200000,8381618,False,-4262576,4152567,0,0,0,0,1,1,1784345640.340263
27,3,3,sentinel,up,80,1,1,6.036902619530071,1784345642.6704671,1784345645.006583,1784345643.838525,0.25838,-0.296488,-0.504133,0.005308,-0.008111,1,acq,20480,20480,0,16,True,False,1,1200000,8381618,False,-4308985,4147570,0,0,0,0,1,1,1784345642.6704671
28,3,4,sentinel,up,80,1,1,6.036902619530071,1784345645.00686,1784345647.350146,1784345646.178503,0.256354,-0.295406,-0.502365,0.00531,-0.008093,1,acq,20480,20480,0,16,True,False,1,1200000,8381618,False,-4306613,4170605,0,0,0,0,1,1,1784345645.00686
29,3,5,sentinel,up,80,1,1,6.036902619530071,1784345647.350425,1784345649.688512,1784345648.5194685,0.254421,-0.294482,-0.500794,0.005309,-0.008125,1,acq,20480,20480,0,16,True,False,1,1200000,8381618,False,-4212610,4128346,0,0,0,0,1,1,1784345647.350425
30,3,6,sentinel,up,80,1,1,6.036902619530071,1784345649.6887941,1784345652.0219252,1784345650.8553596,0.252589,-0.293582,-0.499306,0.005338,-0.00814,1,acq,20480,20480,0,16,True,False,1,1200000,8381618,False,-4223366,4125382,0,0,0,0,1,1,1784345649.6887941
31,3,7,sentinel,up,80,1,1,6.036902619530071,1784345652.0222778,1784345654.371113,1784345653.1966953,0.250917,-0.292943,-0.498103,0.005356,-0.008071,1,acq,20480,20480,0,16,True,False,1,1200000,8381618,False,-4196689,4120386,0,0,0,0,1,1,1784345652.0222778
32,4,0,formal,up,18,2,0,-2.057412904938048,1784345754.494859,1784345756.837169,1784345755.666014,0.183234,0.256087,0.43659,0.001971,-0.004901,1,acq,20480,20480,0,16,True,False,1,1200000,8381618,False,-3683567,3608450,0,0,0,0,1,1,1784345754.494859
33,4,1,formal,up,18,2,0,-2.057412904938048,1784345756.837476,1784345759.163023,1784345758.0002494,0.181192,0.254774,0.434337,0.00206,-0.004906,1,acq,20480,20480,0,16,True,False,1,1200000,8381618,False,-3688564,3586092,0,0,0,0,1,1,1784345756.837476
34,4,2,formal,up,18,2,0,-2.057412904938048,1784345759.16326,1784345761.495501,1784345760.3293805,0.179484,0.253775,0.432687,0.002036,-0.004951,1,acq,20480,20480,0,16,True,False,1,1200000,8381618,False,-3667985,3581011,0,0,0,0,1,1,1784345759.16326
35,4,3,formal,up,18,2,0,-2.057412904938048,1784345761.49576,1784345763.832833,1784345762.6642966,0.177784,0.252709,0.430883,0.00208,-0.004983,1,acq,20480,20480,0,16,True,False,1,1200000,8381618,False,-3667816,3561448,0,0,0,0,1,1,1784345761.49576
36,4,4,formal,up,18,2,0,-2.057412904938048,1784345763.833075,1784345766.179034,1784345765.0060544,0.176232,0.25183,0.429424,0.002123,-0.005027,1,acq,20480,20480,0,16,True,False,1,1200000,8381618,False,-3639784,3525964,0,0,0,0,1,1,1784345763.833075
37,4,5,formal,up,18,2,0,-2.057412904938048,1784345766.179379,1784345768.512011,1784345767.345695,0.174705,0.250799,0.427786,0.002172,-0.005044,1,acq,20480,20480,0,16,True,False,1,1200000,8381618,False,-3640546,3513769,0,0,0,0,1,1,1784345766.179379
38,4,6,formal,up,18,2,0,-2.057412904938048,1784345768.5122519,1784345770.8541608,1784345769.6832063,0.173237,0.24985,0.4262,0.002129,-0.005048,1,acq,20480,20480,0,16,True,False,1,1200000,8381618,False,-3608111,3512499,0,0,0,0,1,1,1784345768.5122519
39,4,7,formal,up,18,2,0,-2.057412904938048,1784345770.854482,1784345773.188382,1784345772.021432,0.171874,0.248969,0.424752,0.002162,-0.005056,1,acq,20480,20480,0,16,True,False,1,1200000,8381618,False,-3600066,3514870,0,0,0,0,1,1,1784345770.854482
40,5,0,formal,down,18,2,1,-2.057412904938048,1784345785.915512,1784345788.2511911,1784345787.0833516,0.164268,0.243842,0.416222,0.002254,-0.005155,1,acq,20480,20480,0,16,True,False,1,1200000,8381618,False,-3524101,3435857,0,0,0,0,1,1,1784345785.915512
41,5,1,formal,down,18,2,1,-2.057412904938048,1784345788.251538,1784345790.583949,1784345789.4177437,0.163268,0.243358,0.415371,0.002276,-0.005228,1,acq,20480,20480,0,16,True,False,1,1200000,8381618,False,-3533840,3408248,0,0,0,0,1,1,1784345788.251538
42,5,2,formal,down,18,2,1,-2.057412904938048,1784345790.584169,1784345792.918241,1784345791.751205,0.162307,0.242676,0.414225,0.002281,-0.005205,1,acq,20480,20480,0,16,True,False,1,1200000,8381618,False,-3510127,3407063,0,0,0,0,1,1,1784345790.584169
43,5,3,formal,down,18,2,1,-2.057412904938048,1784345792.918519,1784345795.251323,1784345794.084921,0.161215,0.241938,0.412974,0.002336,-0.005169,1,acq,20480,20480,0,16,True,False,1,1200000,8381618,False,-3517495,3397070,0,0,0,0,1,1,1784345792.918519
44,5,4,formal,down,18,2,1,-2.057412904938048,1784345795.2515872,1784345797.5878441,1784345796.4197156,0.160317,0.241403,0.412036,0.002314,-0.00525,1,acq,20480,20480,0,16,True,False,1,1200000,8381618,False,-3508434,3389448,0,0,0,0,1,1,1784345795.2515872
45,5,5,formal,down,18,2,1,-2.057412904938048,1784345797.588172,1784345799.931273,1784345798.7597225,0.159417,0.240699,0.410911,0.002358,-0.005256,1,acq,20480,20480,0,16,True,False,1,1200000,8381618,False,-3493613,3389956,0,0,0,0,1,1,1784345797.588172
46,5,6,formal,down,18,2,1,-2.057412904938048,1784345799.931489,1784345802.2709272,1784345801.1012082,0.158568,0.240231,0.410072,0.002329,-0.005242,1,acq,20480,20480,0,16,True,False,1,1200000,8381618,False,-3488193,3385976,0,0,0,0,1,1,1784345799.931489
47,5,7,formal,down,18,2,1,-2.057412904938048,1784345802.271677,1784345804.604244,1784345803.4379606,0.157766,0.239649,0.409237,0.002345,-0.005257,1,acq,20480,20480,0,16,True,False,1,1200000,8381618,False,-3467784,3362263,0,0,0,0,1,1,1784345802.271677
48,6,0,formal,down,62,3,0,3.6869400479102943,1784345879.045409,1784345881.385278,1784345880.2153435,1.2,-0.323722,-0.553457,-0.000405,0.002517,1,acq,20480,20480,0,16,True,False,1,1200000,8381618,False,-4520026,4742923,0,0,0,0,1,1,1784345879.045409
49,6,1,formal,down,62,3,0,3.6869400479102943,1784345881.38557,1784345883.7286668,1784345882.5571184,1.2,-0.324659,-0.555082,-0.000339,0.002479,1,acq,20480,20480,0,16,True,False,1,1200000,8381618,False,-4589300,4650868,0,0,0,0,1,1,1784345881.38557
50,6,2,formal,down,62,3,0,3.6869400479102943,1784345883.7289479,1784345886.0451388,1784345884.8870435,1.2,-0.325242,-0.55604,-0.000322,0.002517,1,acq,20480,20480,0,16,True,False,1,1200000,8381618,False,-4636979,4715485,0,0,0,0,1,1,1784345883.7289479
51,6,3,formal,down,62,3,0,3.6869400479102943,1784345886.045469,1784345888.375995,1784345887.210732,1.2,-0.326173,-0.557551,-0.000292,0.002534,1,acq,20480,20480,0,16,True,False,1,1200000,8381618,False,-4598616,4751223,0,0,0,0,1,1,1784345886.045469
52,6,4,formal,down,62,3,0,3.6869400479102943,1784345888.37625,1784345890.7136252,1784345889.5449376,1.2,-0.326757,-0.558775,-0.000251,0.002437,1,acq,20480,20480,0,16,True,False,1,1200000,8381618,False,-4599971,4759268,0,0,0,0,1,1,1784345888.37625
53,6,5,formal,down,62,3,0,3.6869400479102943,1784345890.71394,1784345893.0451672,1784345891.8795536,1.2,-0.327458,-0.560006,-0.000189,0.002425,1,acq,20480,20480,0,16,True,False,1,1200000,8381618,False,-4690078,4791195,0,0,0,0,1,1,1784345890.71394
54,6,6,formal,down,62,3,0,3.6869400479102943,1784345893.045422,1784345895.378646,1784345894.212034,1.2,-0.327959,-0.56094,-0.000209,0.002376,1,acq,20480,20480,0,16,True,False,1,1200000,8381618,False,-4611404,4763418,0,0,0,0,1,1,1784345893.045422
55,6,7,formal,down,62,3,0,3.6869400479102943,1784345895.378907,1784345897.719485,1784345896.549196,1.2,-0.32867,-0.562266,-0.000193,0.002356,1,acq,20480,20480,0,16,True,False,1,1200000,8381618,False,-4665265,4769177,0,0,0,0,1,1,1784345895.378907
56,7,0,formal,up,62,3,1,3.6869400479102943,1784345910.436655,1784345912.776363,1784345911.606509,1.2,-0.331753,-0.567601,-8.6e-05,0.002316,1,acq,20480,20480,0,16,True,False,1,1200000,8381618,False,-4711166,4835741,0,0,0,0,1,1,1784345910.436655
57,7,1,formal,up,62,3,1,3.6869400479102943,1784345912.7766778,1784345915.116051,1784345913.9463644,1.2,-0.332552,-0.568974,-9.4e-05,0.002187,1,acq,20480,20480,0,16,True,False,1,1200000,8381618,False,-4705068,4819904,0,0,0,0,1,1,1784345912.7766778
58,7,2,formal,up,62,3,1,3.6869400479102943,1784345915.116388,1784345917.462869,1784345916.2896285,1.2,-0.332842,-0.569442,-5.6e-05,0.002205,1,acq,20480,20480,0,16,True,False,1,1200000,8381618,False,-4743008,4831337,0,0,0,0,1,1,1784345915.116388
59,7,3,formal,up,62,3,1,3.6869400479102943,1784345917.463181,1784345919.799592,1784345918.6313865,1.2,-0.333649,-0.570844,-5e-05,0.002237,1,acq,20480,20480,0,16,True,False,1,1200000,8381618,False,-4697192,4838282,0,0,0,0,1,1,1784345917.463181
60,7,4,formal,up,62,3,1,3.6869400479102943,1784345919.799835,1784345922.1418052,1784345920.97082,1.2,-0.334007,-0.571486,-9.9e-05,0.002172,1,acq,20480,20480,0,16,True,False,1,1200000,8381618,False,-4742585,4826595,0,0,0,0,1,1,1784345919.799835
61,7,5,formal,up,62,3,1,3.6869400479102943,1784345922.142068,1784345924.4672089,1784345923.3046384,1.2,-0.334337,-0.572116,-2.6e-05,0.002161,1,acq,20480,20480,0,16,True,False,1,1200000,8381618,False,-4700834,4901204,0,0,0,0,1,1,1784345922.142068
62,7,6,formal,up,62,3,1,3.6869400479102943,1784345924.467686,1784345926.810498,1784345925.639092,1.2,-0.334705,-0.57285,-8.1e-05,0.00216,1,acq,20480,20480,0,16,True,False,1,1200000,8381618,False,-4755627,4859284,0,0,0,0,1,1,1784345924.467686
63,7,7,formal,up,62,3,1,3.6869400479102943,1784345926.81073,1784345929.1474822,1784345927.979106,1.2,-0.335195,-0.573539,-5.7e-05,0.002132,1,acq,20480,20480,0,16,True,False,1,1200000,8381618,False,-4722598,4876222,0,0,0,0,1,1,1784345926.81073
64,8,0,formal,up,78,4,0,5.775795667127873,1784345960.463238,1784345962.791233,1784345961.6272354,0.330713,-0.326446,-0.554386,0.003839,-0.005175,1,acq,20480,20480,0,16,True,False,1,1200000,8381618,False,-4683473,4625547,0,0,0,0,1,1,1784345960.463238
65,8,1,formal,up,78,4,0,5.775795667127873,1784345962.7916548,1784345965.12901,1784345963.9603324,0.32795,-0.325235,-0.5525,0.00384,-0.005263,1,acq,20480,20480,0,16,True,False,1,1200000,8381618,False,-4622667,4619449,0,0,0,0,1,1,1784345962.7916548
66,8,2,formal,up,78,4,0,5.775795667127873,1784345965.129298,1784345967.4507399,1784345966.290019,0.325816,-0.324641,-0.551461,0.003858,-0.005224,1,acq,20480,20480,0,16,True,False,1,1200000,8381618,False,-4638927,4600310,0,0,0,0,1,1,1784345965.129298
67,8,3,formal,up,78,4,0,5.775795667127873,1784345967.450963,1784345969.7743092,1784345968.612636,0.323326,-0.323503,-0.549729,0.003846,-0.005314,1,acq,20480,20480,0,16,True,False,1,1200000,8381618,False,-4603274,4605730,0,0,0,0,1,1,1784345967.450963
68,8,4,formal,up,78,4,0,5.775795667127873,1784345969.775511,1784345972.103637,1784345970.939574,0.321307,-0.322837,-0.548572,0.00389,-0.005285,1,acq,20480,20480,0,16,True,False,1,1200000,8381618,False,-4616739,4552969,0,0,0,0,1,1,1784345969.775511
69,8,5,formal,up,78,4,0,5.775795667127873,1784345972.103921,1784345974.450676,1784345973.2772985,0.319315,-0.321936,-0.547236,0.003854,-0.00533,1,acq,20480,20480,0,16,True,False,1,1200000,8381618,False,-4571347,4580747,0,0,0,0,1,1,1784345972.103921
70,8,6,formal,up,78,4,0,5.775795667127873,1784345974.450946,1784345976.7793658,1784345975.615156,0.317159,-0.321136,-0.545725,0.003901,-0.005348,1,acq,20480,20480,0,16,True,False,1,1200000,8381618,False,-4599717,4545432,0,0,0,0,1,1,1784345974.450946
71,8,7,formal,up,78,4,0,5.775795667127873,1784345976.779625,1784345979.1048498,1784345977.9422374,0.315505,-0.320589,-0.544906,0.003932,-0.005349,1,acq,20480,20480,0,16,True,False,1,1200000,8381618,False,-4591672,4550090,0,0,0,0,1,1,1784345976.779625
72,9,0,formal,down,78,4,1,5.775795667127873,1784345991.805456,1784345994.139912,1784345992.972684,0.304286,-0.316059,-0.537364,0.003842,-0.005449,1,acq,20480,20480,0,16,True,False,1,1200000,8381618,False,-4530104,4470399,0,0,0,0,1,1,1784345991.805456
73,9,1,formal,down,78,4,1,5.775795667127873,1784345994.140183,1784345996.470966,1784345995.3055744,0.302551,-0.315032,-0.535722,0.003987,-0.005485,1,acq,20480,20480,0,16,True,False,1,1200000,8381618,False,-4498769,4480392,0,0,0,0,1,1,1784345994.140183
74,9,2,formal,down,78,4,1,5.775795667127873,1784345996.471234,1784345998.79618,1784345997.633707,0.301191,-0.314657,-0.534935,0.003952,-0.005476,1,acq,20480,20480,0,16,True,False,1,1200000,8381618,False,-4473109,4436016,0,0,0,0,1,1,1784345996.471234
75,9,3,formal,down,78,4,1,5.775795667127873,1784345998.7964292,1784346001.1295848,1784345999.963007,0.299646,-0.313919,-0.533924,0.004031,-0.005537,1,acq,20480,20480,0,16,True,False,1,1200000,8381618,False,-4522397,4455325,0,0,0,0,1,1,1784345998.7964292
76,9,4,formal,down,78,4,1,5.775795667127873,1784346001.130743,1784346003.4626482,1784346002.2966957,0.298241,-0.313441,-0.532929,0.003984,-0.005436,1,acq,20480,20480,0,16,True,False,1,1200000,8381618,False,-4467520,4424075,0,0,0,0,1,1,1784346001.130743
77,9,5,formal,down,78,4,1,5.775795667127873,1784346003.462937,1784346005.809619,1784346004.6362782,0.297073,-0.313023,-0.532346,0.004012,-0.005522,1,acq,20480,20480,0,16,True,False,1,1200000,8381618,False,-4490470,4428648,0,0,0,0,1,1,1784346003.462937
78,9,6,formal,down,78,4,1,5.775795667127873,1784346005.8100421,1784346008.146894,1784346006.978468,0.295673,-0.312393,-0.531213,0.003996,-0.005554,1,acq,20480,20480,0,16,True,False,1,1200000,8381618,False,-4449905,4403919,0,0,0,0,1,1,1784346005.8100421
79,9,7,formal,down,78,4,1,5.775795667127873,1784346008.147954,1784346010.4812841,1784346009.314619,0.294145,-0.311631,-0.529958,0.003984,-0.005552,1,acq,20480,20480,0,16,True,False,1,1200000,8381618,False,-4459982,4411541,0,0,0,0,1,1,1784346008.147954
80,10,0,formal,down,2,5,0,-4.1462685241556265,1784346127.965965,1784346130.297672,1784346129.1318185,0.118525,-0.210494,-0.359136,0.003914,-0.006502,1,acq,20480,20480,0,16,True,False,1,1200000,8381618,False,-3055948,2953561,0,0,0,0,1,1,1784346127.965965
81,10,1,formal,down,2,5,0,-4.1462685241556265,1784346130.297916,1784346132.637153,1784346131.4675345,0.120929,-0.212553,-0.362769,0.003925,-0.006487,1,acq,20480,20480,0,16,True,False,1,1200000,8381618,False,-3101595,2989130,0,0,0,0,1,1,1784346130.297916
82,10,2,formal,down,2,5,0,-4.1462685241556265,1784346132.637504,1784346134.978173,1784346133.8078384,0.123061,-0.214216,-0.365637,0.0039,-0.006514,1,acq,20480,20480,0,16,True,False,1,1200000,8381618,False,-3108878,3004374,0,0,0,0,1,1,1784346132.637504
83,10,3,formal,down,2,5,0,-4.1462685241556265,1784346134.978406,1784346137.306405,1784346136.1424055,0.12516,-0.215814,-0.368422,0.00394,-0.006419,1,acq,20480,20480,0,16,True,False,1,1200000,8381618,False,-3135809,3032998,0,0,0,0,1,1,1784346134.978406
84,10,4,formal,down,2,5,0,-4.1462685241556265,1784346137.3066912,1784346139.6396859,1784346138.4731884,0.127077,-0.217251,-0.37098,0.003871,-0.006378,1,acq,20480,20480,0,16,True,False,1,1200000,8381618,False,-3165449,3047480,0,0,0,0,1,1,1784346137.3066912
85,10,5,formal,down,2,5,0,-4.1462685241556265,1784346139.639909,1784346141.9700742,1784346140.8049917,0.129046,-0.218881,-0.373759,0.003878,-0.006397,1,acq,20480,20480,0,16,True,False,1,1200000,8381618,False,-3193820,3080593,0,0,0,0,1,1,1784346139.639909
86,10,6,formal,down,2,5,0,-4.1462685241556265,1784346141.970326,1784346144.294716,1784346143.132521,0.1309,-0.220228,-0.37613,0.003842,-0.006441,1,acq,20480,20480,0,16,True,False,1,1200000,8381618,False,-3183234,3087876,0,0,0,0,1,1,1784346141.970326
87,10,7,formal,down,2,5,0,-4.1462685241556265,1784346144.294967,1784346146.621195,1784346145.458081,0.132556,-0.221399,-0.378228,0.003848,-0.006365,1,acq,20480,20480,0,16,True,False,1,1200000,8381618,False,-3216685,3103458,0,0,0,0,1,1,1784346144.294967
88,11,0,formal,up,2,5,1,-4.1462685241556265,1784346159.3154712,1784346161.6433358,1784346160.4794035,0.143305,-0.229305,-0.391895,0.003876,-0.006248,1,acq,20480,20480,0,16,True,False,1,1200000,8381618,False,-3325932,3228542,0,0,0,0,1,1,1784346159.3154712
89,11,1,formal,up,2,5,1,-4.1462685241556265,1784346161.644456,1784346163.975615,1784346162.8100355,0.144732,-0.230382,-0.39375,0.00378,-0.006233,1,acq,20480,20480,0,16,True,False,1,1200000,8381618,False,-3352439,3228033,0,0,0,0,1,1,1784346161.644456
90,11,2,formal,up,2,5,1,-4.1462685241556265,1784346163.976005,1784346166.315609,1784346165.145807,0.14623,-0.231447,-0.395489,0.003807,-0.006198,1,acq,20480,20480,0,16,True,False,1,1200000,8381618,False,-3350237,3253694,0,0,0,0,1,1,1784346163.976005
91,11,3,formal,up,2,5,1,-4.1462685241556265,1784346166.315856,1784346168.647087,1784346167.4814715,0.147613,-0.232373,-0.397087,0.003784,-0.006199,1,acq,20480,20480,0,16,True,False,1,1200000,8381618,False,-3371409,3270038,0,0,0,0,1,1,1784346166.315856
92,11,4,formal,up,2,5,1,-4.1462685241556265,1784346168.64825,1784346170.985951,1784346169.8171005,0.148948,-0.233328,-0.398709,0.003741,-0.006114,1,acq,20480,20480,0,16,True,False,1,1200000,8381618,False,-3400542,3271732,0,0,0,0,1,1,1784346168.64825
93,11,5,formal,up,2,5,1,-4.1462685241556265,1784346170.986389,1784346173.304966,1784346172.1456776,0.150274,-0.234138,-0.400103,0.003756,-0.006159,1,acq,20480,20480,0,16,True,False,1,1200000,8381618,False,-3400627,3294005,0,0,0,0,1,1,1784346170.986389
94,11,6,formal,up,2,5,1,-4.1462685241556265,1784346173.305223,1784346175.640824,1784346174.4730234,0.151776,-0.2354,-0.402312,0.003773,-0.006131,1,acq,20480,20480,0,16,True,False,1,1200000,8381618,False,-3469732,3315939,0,0,0,0,1,1,1784346173.305223
95,11,7,formal,up,2,5,1,-4.1462685241556265,1784346175.641951,1784346177.9836779,1784346176.8128145,0.153099,-0.236234,-0.403826,0.003766,-0.006101,1,acq,20480,20480,0,16,True,False,1,1200000,8381618,False,-3436703,3318395,0,0,0,0,1,1,1784346175.641951
96,12,0,formal,up,37,6,0,0.4231031428828276,1784346236.6568708,1784346238.988649,1784346237.8227599,1.2,0.357774,0.61186,-0.004874,0.007004,1,acq,20480,20480,0,16,True,False,1,1200000,8381618,False,-5050847,5129098,0,0,0,0,1,1,1784346236.6568708
97,12,1,formal,up,37,6,0,0.4231031428828276,1784346238.9889438,1784346241.320771,1784346240.1548574,1.2,0.357216,0.611061,-0.004862,0.006918,1,acq,20480,20480,0,16,True,False,1,1200000,8381618,False,-5126050,5256553,0,0,0,0,1,1,1784346238.9889438
98,12,2,formal,up,37,6,0,0.4231031428828276,1784346241.321069,1784346243.659014,1784346242.4900415,1.2,0.356372,0.609847,-0.004918,0.006977,1,acq,20480,20480,0,16,True,False,1,1200000,8381618,False,-5108519,5179572,0,0,0,0,1,1,1784346241.321069
99,12,3,formal,up,37,6,0,0.4231031428828276,1784346243.659343,1784346245.9951842,1784346244.8272636,1.2,0.356047,0.609438,-0.004888,0.007019,1,acq,20480,20480,0,16,True,False,1,1200000,8381618,False,-5049577,5155860,0,0,0,0,1,1,1784346243.659343
100,12,4,formal,up,37,6,0,0.4231031428828276,1784346245.995745,1784346248.329511,1784346247.162628,1.2,0.355978,0.609357,-0.004873,0.007029,1,acq,20480,20480,0,16,True,False,1,1200000,8381618,False,-5064397,5168817,0,0,0,0,1,1,1784346245.995745
101,12,5,formal,up,37,6,0,0.4231031428828276,1784346248.329775,1784346250.6549509,1784346249.492363,1.2,0.355652,0.608734,-0.004921,0.006956,1,acq,20480,20480,0,16,True,False,1,1200000,8381618,False,-5046952,5153743,0,0,0,0,1,1,1784346248.329775
102,12,6,formal,up,37,6,0,0.4231031428828276,1784346250.655168,1784346252.995559,1784346251.8253636,1.2,0.355103,0.607949,-0.004941,0.006984,1,acq,20480,20480,0,16,True,False,1,1200000,8381618,False,-5055844,5114448,0,0,0,0,1,1,1784346250.655168
103,12,7,formal,up,37,6,0,0.4231031428828276,1784346252.9958458,1784346255.325629,1784346254.1607375,1.2,0.354954,0.607793,-0.0049,0.006951,1,acq,20480,20480,0,16,True,False,1,1200000,8381618,False,-5078879,5109620,0,0,0,0,1,1,1784346252.9958458
104,13,0,formal,down,37,6,1,0.4231031428828276,1784346268.0387368,1784346270.3724182,1784346269.2055774,1.2,0.353049,0.60476,-0.004925,0.007084,1,acq,20480,20480,0,16,True,False,1,1200000,8381618,False,-5031369,5118174,0,0,0,0,1,1,1784346268.0387368
105,13,1,formal,down,37,6,1,0.4231031428828276,1784346270.373506,1784346272.708989,1784346271.5412474,1.2,0.353132,0.605075,-0.004907,0.007102,1,acq,20480,20480,0,16,True,False,1,1200000,8381618,False,-4993768,5150355,0,0,0,0,1,1,1784346270.373506
106,13,2,formal,down,37,6,1,0.4231031428828276,1784346272.709483,1784346275.029761,1784346273.869622,1.2,0.352896,0.6047,-0.004888,0.007058,1,acq,20480,20480,0,16,True,False,1,1200000,8381618,False,-5051101,5151879,0,0,0,0,1,1,1784346272.709483
107,13,3,formal,down,37,6,1,0.4231031428828276,1784346275.03025,1784346277.3569002,1784346276.1935751,1.2,0.352875,0.604764,-0.004915,0.007074,1,acq,20480,20480,0,16,True,False,1,1200000,8381618,False,-4995038,5128844,0,0,0,0,1,1,1784346275.03025
108,13,4,formal,down,37,6,1,0.4231031428828276,1784346277.357156,1784346279.6989372,1784346278.5280466,1.2,0.352457,0.603979,-0.00488,0.00706,1,acq,20480,20480,0,16,True,False,1,1200000,8381618,False,-5001559,5042633,0,0,0,0,1,1,1784346277.357156
109,13,5,formal,down,37,6,1,0.4231031428828276,1784346279.700077,1784346282.030528,1784346280.8653026,1.2,0.352159,0.603682,-0.00495,0.007123,1,acq,20480,20480,0,16,True,False,1,1200000,8381618,False,-5019936,5191259,0,0,0,0,1,1,1784346279.700077
110,13,6,formal,down,37,6,1,0.4231031428828276,1784346282.030772,1784346284.364154,1784346283.197463,1.2,0.352267,0.603651,-0.004909,0.007036,1,acq,20480,20480,0,16,True,False,1,1200000,8381618,False,-5005539,5125796,0,0,0,0,1,1,1784346282.030772
111,13,7,formal,down,37,6,1,0.4231031428828276,1784346284.364408,1784346286.702348,1784346285.5333781,1.2,0.351921,0.603158,-0.004996,0.007075,1,acq,20480,20480,0,16,True,False,1,1200000,8381618,False,-5020444,5093530,0,0,0,0,1,1,1784346284.364408
112,14,0,formal,down,43,7,0,1.2064240000894193,1784346306.594125,1784346308.91938,1784346307.7567525,1.2,0.219845,0.377085,-0.005803,0.009342,1,acq,20480,20480,0,16,True,False,1,1200000,8381618,False,-3257420,3351593,0,0,0,0,1,1,1784346306.594125
113,14,1,formal,down,43,7,0,1.2064240000894193,1784346308.920513,1784346311.248446,1784346310.0844793,1.2,0.219192,0.376243,-0.005813,0.009347,1,acq,20480,20480,0,16,True,False,1,1200000,8381618,False,-3297223,3460501,0,0,0,0,1,1,1784346308.920513
114,14,2,formal,down,43,7,0,1.2064240000894193,1784346311.249088,1784346313.569974,1784346312.409531,1.2,0.218922,0.375829,-0.005838,0.009298,1,acq,20480,20480,0,16,True,False,1,1200000,8381618,False,-3118448,3372087,0,0,0,0,1,1,1784346311.249088
115,14,3,formal,down,43,7,0,1.2064240000894193,1784346313.5702279,1784346315.9064488,1784346314.7383385,1.2,0.218146,0.374512,-0.005851,0.009284,1,acq,20480,20480,0,16,True,False,1,1200000,8381618,False,-3126154,3276390,0,0,0,0,1,1,1784346313.5702279
116,14,4,formal,down,43,7,0,1.2064240000894193,1784346315.9066849,1784346318.23838,1784346317.0725324,1.2,0.217669,0.373813,-0.005802,0.009321,1,acq,20480,20480,0,16,True,False,1,1200000,8381618,False,-3140975,3275882,0,0,0,0,1,1,1784346315.9066849
117,14,5,formal,down,43,7,0,1.2064240000894193,1784346318.238685,1784346320.569953,1784346319.4043188,1.2,0.217479,0.373439,-0.005917,0.009317,1,acq,20480,20480,0,16,True,False,1,1200000,8381618,False,-3108455,3353540,0,0,0,0,1,1,1784346318.238685
118,14,6,formal,down,43,7,0,1.2064240000894193,1784346320.5702882,1784346322.904288,1784346321.737288,1.2,0.21692,0.372643,-0.005861,0.009318,1,acq,20480,20480,0,16,True,False,1,1200000,8381618,False,-3134623,3269192,0,0,0,0,1,1,1784346320.5702882
119,14,7,formal,down,43,7,0,1.2064240000894193,1784346322.904554,1784346325.232241,1784346324.0683975,1.2,0.216713,0.372229,-0.005856,0.009339,1,acq,20480,20480,0,16,True,False,1,1200000,8381618,False,-3112689,3251407,0,0,0,0,1,1,1784346322.904554
120,15,0,formal,up,43,7,1,1.2064240000894193,1784346337.953794,1784346340.297863,1784346339.1258285,1.2,0.214583,0.36887,-0.00586,0.009331,1,acq,20480,20480,0,16,True,False,1,1200000,8381618,False,-3076358,3257251,0,0,0,0,1,1,1784346337.953794
121,15,1,formal,up,43,7,1,1.2064240000894193,1784346340.2983522,1784346342.644806,1784346341.471579,1.2,0.2142,0.368254,-0.005837,0.009304,1,acq,20480,20480,0,16,True,False,1,1200000,8381618,False,-3156388,3303236,0,0,0,0,1,1,1784346340.2983522
122,15,2,formal,up,43,7,1,1.2064240000894193,1784346342.6451042,1784346344.974904,1784346343.8100042,1.2,0.213997,0.367836,-0.005877,0.009283,1,acq,20480,20480,0,16,True,False,1,1200000,8381618,False,-3095836,3293836,0,0,0,0,1,1,1784346342.6451042
123,15,3,formal,up,43,7,1,1.2064240000894193,1784346344.97514,1784346347.2959082,1784346346.1355243,1.2,0.213979,0.367821,-0.00589,0.009338,1,acq,20480,20480,0,16,True,False,1,1200000,8381618,False,-3071954,3235994,0,0,0,0,1,1,1784346344.97514
124,15,4,formal,up,43,7,1,1.2064240000894193,1784346347.296232,1784346349.620969,1784346348.4586005,1.2,0.213749,0.367426,-0.005876,0.009324,1,acq,20480,20480,0,16,True,False,1,1200000,8381618,False,-3102103,3210080,0,0,0,0,1,1,1784346347.296232
125,15,5,formal,up,43,7,1,1.2064240000894193,1784346349.621314,1784346351.961208,1784346350.7912612,1.2,0.213321,0.366815,-0.005816,0.009287,1,acq,20480,20480,0,16,True,False,1,1200000,8381618,False,-3033337,3230913,0,0,0,0,1,1,1784346349.621314
126,15,6,formal,up,43,7,1,1.2064240000894193,1784346351.9618912,1784346354.305898,1784346353.1338944,1.2,0.21305,0.366314,-0.005881,0.009328,1,acq,20480,20480,0,16,True,False,1,1200000,8381618,False,-3124376,3251661,0,0,0,0,1,1,1784346351.9618912
127,15,7,formal,up,43,7,1,1.2064240000894193,1784346354.306145,1784346356.644288,1784346355.4752164,1.2,0.212787,0.3658,-0.00586,0.009323,1,acq,20480,20480,0,16,True,False,1,1200000,8381618,False,-3074749,3242938,0,0,0,0,1,1,1784346354.306145
128,16,0,formal,up,48,8,0,1.859191381094913,1784346372.22968,1784346374.571118,1784346373.4003992,1.2,0.064707,0.111292,-0.004949,0.008514,1,acq,20480,20480,0,16,True,False,1,1200000,8381618,False,-1098312,1153698,0,0,0,0,1,1,1784346372.22968
129,16,1,formal,up,48,8,0,1.859191381094913,1784346374.5723798,1784346376.89941,1784346375.735895,1.2,0.064021,0.110215,-0.004912,0.00852,1,acq,20480,20480,0,16,True,False,1,1200000,8381618,False,-1038777,1230171,0,0,0,0,1,1,1784346374.5723798
130,16,2,formal,up,48,8,0,1.859191381094913,1784346376.899644,1784346379.2318232,1784346378.0657334,1.2,0.063423,0.109173,-0.004955,0.008544,1,acq,20480,20480,0,16,True,False,1,1200000,8381618,False,-1049278,1221278,0,0,0,0,1,1,1784346376.899644
131,16,3,formal,up,48,8,0,1.859191381094913,1784346379.2320561,1784346381.5556202,1784346380.3938382,1.2,0.06285,0.108249,-0.004943,0.008474,1,acq,20480,20480,0,16,True,False,1,1200000,8381618,False,-1019976,1172837,0,0,0,0,1,1,1784346379.2320561
132,16,4,formal,up,48,8,0,1.859191381094913,1784346381.556045,1784346383.906359,1784346382.7312021,1.2,0.062443,0.107524,-0.004919,0.00853,1,acq,20480,20480,0,16,True,False,1,1200000,8381618,False,-936051,1126090,0,0,0,0,1,1,1784346381.556045
133,16,5,formal,up,48,8,0,1.859191381094913,1784346383.9065988,1784346386.235666,1784346385.0711324,1.2,0.061896,0.106692,-0.004893,0.008518,1,acq,20480,20480,0,16,True,False,1,1200000,8381618,False,-1021755,1172922,0,0,0,0,1,1,1784346383.9065988
134,16,6,formal,up,48,8,0,1.859191381094913,1784346386.235968,1784346388.5710258,1784346387.403497,1.2,0.061469,0.105898,-0.004953,0.008528,1,acq,20480,20480,0,16,True,False,1,1200000,8381618,False,-952480,1132611,0,0,0,0,1,1,1784346386.235968
135,16,7,formal,up,48,8,0,1.859191381094913,1784346388.5722098,1784346390.904209,1784346389.7382092,1.2,0.060993,0.105098,-0.004912,0.008492,1,acq,20480,20480,0,16,True,False,1,1200000,8381618,False,-942911,1097973,0,0,0,0,1,1,1784346388.5722098
136,17,0,formal,down,48,8,1,1.859191381094913,1784346403.5770109,1784346405.926186,1784346404.7515984,1.2,0.05837,0.100675,-0.0049,0.008487,1,acq,20480,20480,0,16,True,False,1,1200000,8381618,False,-941132,1111015,0,0,0,0,1,1,1784346403.5770109
137,17,1,formal,down,48,8,1,1.859191381094913,1784346405.927438,1784346408.262047,1784346407.0947425,1.2,0.058052,0.100074,-0.004905,0.008489,1,acq,20480,20480,0,16,True,False,1,1200000,8381618,False,-959340,1155392,0,0,0,0,1,1,1784346405.927438
138,17,2,formal,down,48,8,1,1.859191381094913,1784346408.2625868,1784346410.604151,1784346409.433369,1.2,0.057807,0.099687,-0.004911,0.008528,1,acq,20480,20480,0,16,True,False,1,1200000,8381618,False,-948839,1072652,0,0,0,0,1,1,1784346408.2625868
139,17,3,formal,down,48,8,1,1.859191381094913,1784346410.604507,1784346412.92139,1784346411.7629485,1.2,0.057474,0.09911,-0.00493,0.008534,1,acq,20480,20480,0,16,True,False,1,1200000,8381618,False,-874991,1042503,0,0,0,0,1,1,1784346410.604507
140,17,4,formal,down,48,8,1,1.859191381094913,1784346412.921671,1784346415.261929,1784346414.0918,1.2,0.057122,0.098567,-0.00491,0.008522,1,acq,20480,20480,0,16,True,False,1,1200000,8381618,False,-927752,1058848,0,0,0,0,1,1,1784346412.921671
141,17,5,formal,down,48,8,1,1.859191381094913,1784346415.263097,1784346417.586292,1784346416.4246945,1.2,0.056841,0.098086,-0.004914,0.008527,1,acq,20480,20480,0,16,True,False,1,1200000,8381618,False,-907850,992114,0,0,0,0,1,1,1784346415.263097
142,17,6,formal,down,48,8,1,1.859191381094913,1784346417.58657,1784346419.920042,1784346418.753306,1.2,0.0565,0.097536,-0.004898,0.008525,1,acq,20480,20480,0,16,True,False,1,1200000,8381618,False,-876854,1074176,0,0,0,0,1,1,1784346417.58657
143,17,7,formal,down,48,8,1,1.859191381094913,1784346419.920309,1784346422.253431,1784346421.0868702,1.2,0.056219,0.096884,-0.00489,0.008475,1,acq,20480,20480,0,16,True,False,1,1200000,8381618,False,-868216,1022348,0,0,0,0,1,1,1784346419.920309
144,18,0,formal,down,32,9,0,-0.22966423812266612,1784346453.597636,1784346455.935665,1784346454.7666504,1.005185,0.400953,0.68507,-0.001907,0.002029,1,acq,20480,20480,0,16,True,False,1,1200000,8381618,False,-5651197,5675248,0,0,0,0,1,1,1784346453.597636
145,18,1,formal,down,32,9,0,-0.22966423812266612,1784346455.9360058,1784346458.277775,1784346457.1068904,1.004285,0.401443,0.686091,-0.001875,0.002078,1,acq,20480,20480,0,16,True,False,1,1200000,8381618,False,-5694218,5746978,0,0,0,0,1,1,1784346455.9360058
146,18,2,formal,down,32,9,0,-0.22966423812266612,1784346458.278053,1784346460.613745,1784346459.445899,1.002865,0.401446,0.686394,-0.001863,0.002079,1,acq,20480,20480,0,16,True,False,1,1200000,8381618,False,-5706582,5687951,0,0,0,0,1,1,1784346458.278053
147,18,3,formal,down,32,9,0,-0.22966423812266612,1784346460.614057,1784346462.930103,1784346461.77208,1.001575,0.401532,0.68645,-0.001895,0.001987,1,acq,20480,20480,0,16,True,False,1,1200000,8381618,False,-5714374,5774502,0,0,0,0,1,1,1784346460.614057
148,18,4,formal,down,32,9,0,-0.22966423812266612,1784346462.930623,1784346465.261997,1784346464.0963101,1.000397,0.401812,0.686963,-0.00184,0.002075,1,acq,20480,20480,0,16,True,False,1,1200000,8381618,False,-5714712,5662206,0,0,0,0,1,1,1784346462.930623
149,18,5,formal,down,32,9,0,-0.22966423812266612,1784346465.262273,1784346467.599392,1784346466.4308324,0.99923,0.401699,0.68691,-0.00185,0.002032,1,acq,20480,20480,0,16,True,False,1,1200000,8381618,False,-5660512,5646793,0,0,0,0,1,1,1784346465.262273
150,18,6,formal,down,32,9,0,-0.22966423812266612,1784346467.5996082,1784346469.9235032,1784346468.7615557,0.997699,0.401582,0.686751,-0.001833,0.002003,1,acq,20480,20480,0,16,True,False,1,1200000,8381618,False,-5733005,5716406,0,0,0,0,1,1,1784346467.5996082
151,18,7,formal,down,32,9,0,-0.22966423812266612,1784346469.9237592,1784346472.261336,1784346471.0925477,0.998006,0.402074,0.687768,-0.00183,0.002053,1,acq,20480,20480,0,16,True,False,1,1200000,8381618,False,-5738848,5733852,0,0,0,0,1,1,1784346469.9237592
152,19,0,formal,up,32,9,1,-0.22966423812266612,1784346485.019176,1784346487.357716,1784346486.188446,0.992827,0.402481,0.688666,-0.001807,0.001969,1,acq,20480,20480,0,16,True,False,1,1200000,8381618,False,-5732582,5719878,0,0,0,0,1,1,1784346485.019176
153,19,1,formal,up,32,9,1,-0.22966423812266612,1784346487.358776,1784346489.693707,1784346488.5262415,0.992227,0.402523,0.688762,-0.001826,0.001921,1,acq,20480,20480,0,16,True,False,1,1200000,8381618,False,-5708276,5702009,0,0,0,0,1,1,1784346487.358776
154,19,2,formal,up,32,9,1,-0.22966423812266612,1784346489.693965,1784346492.020538,1784346490.8572516,0.991637,0.402475,0.688841,-0.001822,0.001922,1,acq,20480,20480,0,16,True,False,1,1200000,8381618,False,-5715644,5695658,0,0,0,0,1,1,1784346489.693965
155,19,3,formal,up,32,9,1,-0.22966423812266612,1784346492.0208,1784346494.344773,1784346493.1827865,0.991309,0.402619,0.689053,-0.001766,0.001951,1,acq,20480,20480,0,16,True,False,1,1200000,8381618,False,-5661952,5668388,0,0,0,0,1,1,1784346492.0208
156,19,4,formal,up,32,9,1,-0.22966423812266612,1784346494.345057,1784346496.6872478,1784346495.5161524,0.990653,0.402623,0.689146,-0.001735,0.001942,1,acq,20480,20480,0,16,True,False,1,1200000,8381618,False,-5697097,5708276,0,0,0,0,1,1,1784346494.345057
157,19,5,formal,up,32,9,1,-0.22966423812266612,1784346496.6877482,1784346499.014424,1784346497.8510861,0.989909,0.402493,0.689053,-0.001774,0.00192,1,acq,20480,20480,0,16,True,False,1,1200000,8381618,False,-5773655,5707429,0,0,0,0,1,1,1784346496.6877482
158,19,6,formal,up,32,9,1,-0.22966423812266612,1784346499.014706,1784346501.343922,1784346500.179314,0.989108,0.402438,0.688921,-0.001856,0.001896,1,acq,20480,20480,0,16,True,False,1,1200000,8381618,False,-5724197,5761206,0,0,0,0,1,1,1784346499.014706
159,19,7,formal,up,32,9,1,-0.22966423812266612,1784346501.344396,1784346503.67281,1784346502.508603,0.989,0.402587,0.689309,-0.001795,0.001937,1,acq,20480,20480,0,16,True,False,1,1200000,8381618,False,-5738594,5701755,0,0,0,0,1,1,1784346501.344396
160,20,0,formal,up,11,10,0,-2.971287238345739,1784346546.5117388,1784346548.8382862,1784346547.6750126,0.002841,0.038205,0.065369,0.004541,-0.008397,1,acq,20480,20480,0,16,True,False,1,1200000,8381618,False,-729498,581973,0,0,0,0,1,1,1784346546.5117388
161,20,1,formal,up,11,10,0,-2.971287238345739,1784346548.839412,1784346551.171042,1784346550.005227,0.002596,0.036949,0.063205,0.004543,-0.008426,1,acq,20480,20480,0,16,True,False,1,1200000,8381618,False,-704261,554873,0,0,0,0,1,1,1784346548.839412
162,20,2,formal,up,11,10,0,-2.971287238345739,1784346551.171345,1784346553.501056,1784346552.3362005,0.002373,0.035802,0.061266,0.004559,-0.008417,1,acq,20480,20480,0,16,True,False,1,1200000,8381618,False,-678093,539544,0,0,0,0,1,1,1784346551.171345
163,20,3,formal,up,11,10,0,-2.971287238345739,1784346553.501321,1784346555.83535,1784346554.6683354,0.002182,0.034714,0.059382,0.004564,-0.008423,1,acq,20480,20480,0,16,True,False,1,1200000,8381618,False,-665220,517864,0,0,0,0,1,1,1784346553.501321
164,20,4,formal,up,11,10,0,-2.971287238345739,1784346555.8365178,1784346558.171435,1784346557.0039763,0.001993,0.033657,0.057577,0.00457,-0.008423,1,acq,20480,20480,0,16,True,False,1,1200000,8381618,False,-644726,513460,0,0,0,0,1,1,1784346555.8365178
165,20,5,formal,up,11,10,0,-2.971287238345739,1784346558.171701,1784346560.496083,1784346559.3338919,0.001818,0.032638,0.055835,0.004562,-0.008411,1,acq,20480,20480,0,16,True,False,1,1200000,8381618,False,-621098,500503,0,0,0,0,1,1,1784346558.171701
166,20,6,formal,up,11,10,0,-2.971287238345739,1784346560.4963672,1784346562.838159,1784346561.667263,0.001666,0.031672,0.054207,0.004594,-0.00842,1,acq,20480,20480,0,16,True,False,1,1200000,8381618,False,-626942,474165,0,0,0,0,1,1,1784346560.4963672
167,20,7,formal,up,11,10,0,-2.971287238345739,1784346562.838732,1784346565.164822,1784346564.0017772,0.001522,0.030724,0.052622,0.004589,-0.008425,1,acq,20480,20480,0,16,True,False,1,1200000,8381618,False,-603991,473149,0,0,0,0,1,1,1784346562.838732
168,21,0,formal,down,11,10,1,-2.971287238345739,1784346577.854454,1784346580.187274,1784346579.020864,0.000776,0.025482,0.043629,0.004598,-0.008428,1,acq,20480,20480,0,16,True,False,1,1200000,8381618,False,-542847,388800,0,0,0,0,1,1,1784346577.854454
169,21,1,formal,down,11,10,1,-2.971287238345739,1784346580.188415,1784346582.519775,1784346581.354095,0.000675,0.024744,0.042401,0.004607,-0.008418,1,acq,20480,20480,0,16,True,False,1,1200000,8381618,False,-537850,385413,0,0,0,0,1,1,1784346580.188415
170,21,2,formal,down,11,10,1,-2.971287238345739,1784346582.5200698,1784346584.8578691,1784346583.6889696,0.000574,0.023967,0.041071,0.004613,-0.008431,1,acq,20480,20480,0,16,True,False,1,1200000,8381618,False,-523284,367713,0,0,0,0,1,1,1784346582.5200698
171,21,3,formal,down,11,10,1,-2.971287238345739,1784346584.8581371,1784346587.185696,1784346586.0219164,0.000498,0.023254,0.039851,0.004601,-0.00843,1,acq,20480,20480,0,16,True,False,1,1200000,8381618,False,-533701,362886,0,0,0,0,1,1,1784346584.8581371
172,21,4,formal,down,11,10,1,-2.971287238345739,1784346587.186004,1784346589.5223281,1784346588.354166,0.000405,0.022558,0.038617,0.004612,-0.008427,1,acq,20480,20480,0,16,True,False,1,1200000,8381618,False,-508887,348574,0,0,0,0,1,1,1784346587.186004
173,21,5,formal,down,11,10,1,-2.971287238345739,1784346589.5225952,1784346591.85324,1784346590.6879177,0.000345,0.021848,0.037438,0.004625,-0.008412,1,acq,20480,20480,0,16,True,False,1,1200000,8381618,False,-493389,344932,0,0,0,0,1,1,1784346589.5225952
174,21,6,formal,down,11,10,1,-2.971287238345739,1784346591.8543591,1784346594.192548,1784346593.0234537,0.000242,0.021146,0.036228,0.004619,-0.008421,1,acq,20480,20480,0,16,True,False,1,1200000,8381618,False,-477892,334685,0,0,0,0,1,1,1784346591.8543591
175,21,7,formal,down,11,10,1,-2.971287238345739,1784346594.1928399,1784346596.520694,1784346595.356767,0.000183,0.020505,0.035149,0.004622,-0.008417,1,acq,20480,20480,0,16,True,False,1,1200000,8381618,False,-460107,323760,0,0,0,0,1,1,1784346594.1928399
176,22,0,formal,down,69,11,0,4.600814381317985,1784346690.995101,1784346693.331257,1784346692.163179,0.940145,-0.406814,-0.693055,-0.000511,0.002677,1,acq,20480,20480,0,16,True,False,1,1200000,8381618,False,-5693541,5824298,0,0,0,0,1,1,1784346690.995101
177,22,1,formal,down,69,11,0,4.600814381317985,1784346693.331522,1784346695.6489441,1784346694.490233,0.936627,-0.407028,-0.693466,-0.000385,0.002702,1,acq,20480,20480,0,16,True,False,1,1200000,8381618,False,-5676603,5833529,0,0,0,0,1,1,1784346693.331522
178,22,2,formal,down,69,11,0,4.600814381317985,1784346695.6492622,1784346697.9808252,1784346696.8150437,0.93366,-0.407446,-0.694241,-0.000401,0.00264,1,acq,20480,20480,0,16,True,False,1,1200000,8381618,False,-5686766,5815999,0,0,0,0,1,1,1784346695.6492622
179,22,3,formal,down,69,11,0,4.600814381317985,1784346697.981132,1784346700.329668,1784346699.1554,0.93004,-0.407431,-0.694115,-0.000378,0.002613,1,acq,20480,20480,0,16,True,False,1,1200000,8381618,False,-5712511,5814305,0,0,0,0,1,1,1784346697.981132
180,22,4,formal,down,69,11,0,4.600814381317985,1784346700.330024,1784346702.6657028,1784346701.4978633,0.927295,-0.40767,-0.69467,-0.000341,0.002551,1,acq,20480,20480,0,16,True,False,1,1200000,8381618,False,-5715644,5814051,0,0,0,0,1,1,1784346700.330024
181,22,5,formal,down,69,11,0,4.600814381317985,1784346702.665967,1784346705.015554,1784346703.8407605,0.923967,-0.407716,-0.694677,-0.000339,0.002578,1,acq,20480,20480,0,16,True,False,1,1200000,8381618,False,-5698537,5808038,0,0,0,0,1,1,1784346702.665967
182,22,6,formal,down,69,11,0,4.600814381317985,1784346705.0161679,1784346707.35442,1784346706.185294,0.921642,-0.408039,-0.695433,-0.000406,0.002557,1,acq,20480,20480,0,16,True,False,1,1200000,8381618,False,-5745793,5810155,0,0,0,0,1,1,1784346705.0161679
183,22,7,formal,down,69,11,0,4.600814381317985,1784346707.354829,1784346709.69627,1784346708.5255494,0.918653,-0.408087,-0.695563,-0.000328,0.002526,1,acq,20480,20480,0,16,True,False,1,1200000,8381618,False,-5718862,5812696,0,0,0,0,1,1,1784346707.354829
184,23,0,formal,up,69,11,1,4.600814381317985,1784346722.389459,1784346724.729366,1784346723.5594125,0.903051,-0.408554,-0.696257,-0.000228,0.002295,1,acq,20480,20480,0,16,True,False,1,1200000,8381618,False,-5720556,5812781,0,0,0,0,1,1,1784346722.389459
185,23,1,formal,up,69,11,1,4.600814381317985,1784346724.7305589,1784346727.078784,1784346725.9046714,0.900973,-0.408701,-0.696606,-0.000246,0.002376,1,acq,20480,20480,0,16,True,False,1,1200000,8381618,False,-5720302,5844538,0,0,0,0,1,1,1784346724.7305589
186,23,2,formal,up,69,11,1,4.600814381317985,1784346727.0790222,1784346729.409784,1784346728.2444031,0.898871,-0.40886,-0.69683,-0.000236,0.002353,1,acq,20480,20480,0,16,True,False,1,1200000,8381618,False,-5745962,5807276,0,0,0,0,1,1,1784346727.0790222
187,23,3,formal,up,69,11,1,4.600814381317985,1784346729.4101062,1784346731.738125,1784346730.5741158,0.896448,-0.40868,-0.696722,-0.000124,0.002221,1,acq,20480,20480,0,16,True,False,1,1200000,8381618,False,-5734106,5849027,0,0,0,0,1,1,1784346729.4101062
188,23,4,formal,up,69,11,1,4.600814381317985,1784346731.738464,1784346734.052429,1784346732.8954465,0.894977,-0.408991,-0.697291,-0.000235,0.002269,1,acq,20480,20480,0,16,True,False,1,1200000,8381618,False,-5689222,5797537,0,0,0,0,1,1,1784346731.738464
189,23,5,formal,up,69,11,1,4.600814381317985,1784346734.0537732,1784346736.3811882,1784346735.2174807,0.892146,-0.40866,-0.696869,-0.000195,0.0022,1,acq,20480,20480,0,16,True,False,1,1200000,8381618,False,-5695827,5846486,0,0,0,0,1,1,1784346734.0537732
190,23,6,formal,up,69,11,1,4.600814381317985,1784346736.381427,1784346738.718922,1784346737.5501745,0.890224,-0.408859,-0.696865,-0.000178,0.002255,1,acq,20480,20480,0,16,True,False,1,1200000,8381618,False,-5758750,5855294,0,0,0,0,1,1,1784346736.381427
191,23,7,formal,up,69,11,1,4.600814381317985,1784346738.71916,1784346741.054755,1784346739.8869576,0.889175,-0.409303,-0.697645,-6.5e-05,0.002237,1,acq,20480,20480,0,16,True,False,1,1200000,8381618,False,-5759343,5786104,0,0,0,0,1,1,1784346738.71916
192,24,0,formal,up,56,12,0,2.9036191907037026,1784346770.984496,1784346773.311845,1784346772.1481705,1.2,-0.206376,-0.353643,-0.002814,0.006138,1,acq,20480,20480,0,16,True,False,1,1200000,8381618,False,-2934845,3057388,0,0,0,0,1,1,1784346770.984496
193,24,1,formal,up,56,12,0,2.9036191907037026,1784346773.313023,1784346775.639699,1784346774.476361,1.2,-0.206387,-0.353621,-0.00281,0.006138,1,acq,20480,20480,0,16,True,False,1,1200000,8381618,False,-2943060,3081778,0,0,0,0,1,1,1784346773.313023
194,24,2,formal,up,56,12,0,2.9036191907037026,1784346775.639977,1784346777.961188,1784346776.8005824,1.2,-0.206359,-0.353721,-0.002851,0.006084,1,acq,20480,20480,0,16,True,False,1,1200000,8381618,False,-2928832,3110741,0,0,0,0,1,1,1784346775.639977
195,24,3,formal,up,56,12,0,2.9036191907037026,1784346777.961476,1784346780.295088,1784346779.128282,1.2,-0.206371,-0.353769,-0.002802,0.006167,1,acq,20480,20480,0,16,True,False,1,1200000,8381618,False,-2920533,3066365,0,0,0,0,1,1,1784346777.961476
196,24,4,formal,up,56,12,0,2.9036191907037026,1784346780.295427,1784346782.6284668,1784346781.461947,1.2,-0.206383,-0.353842,-0.002815,0.00614,1,acq,20480,20480,0,16,True,False,1,1200000,8381618,False,-3029272,3101595,0,0,0,0,1,1,1784346780.295427
197,24,5,formal,up,56,12,0,2.9036191907037026,1784346782.629586,1784346784.961782,1784346783.7956839,1.2,-0.206471,-0.354054,-0.00285,0.006152,1,acq,20480,20480,0,16,True,False,1,1200000,8381618,False,-3000732,3101764,0,0,0,0,1,1,1784346782.629586
198,24,6,formal,up,56,12,0,2.9036191907037026,1784346784.962026,1784346787.3106492,1784346786.1363375,1.2,-0.206466,-0.354172,-0.002843,0.006124,1,acq,20480,20480,0,16,True,False,1,1200000,8381618,False,-2977867,3097953,0,0,0,0,1,1,1784346784.962026
199,24,7,formal,up,56,12,0,2.9036191907037026,1784346787.310891,1784346789.649138,1784346788.4800143,1.2,-0.206702,-0.354494,-0.002858,0.006072,1,acq,20480,20480,0,16,True,False,1,1200000,8381618,False,-2979645,3119888,0,0,0,0,1,1,1784346787.310891
200,25,0,formal,down,56,12,1,2.9036191907037026,1784346802.349532,1784346804.6943822,1784346803.521957,1.2,-0.207339,-0.355958,-0.002842,0.006089,1,acq,20480,20480,0,16,True,False,1,1200000,8381618,False,-3031643,3159860,0,0,0,0,1,1,1784346802.349532
201,25,1,formal,down,56,12,1,2.9036191907037026,1784346804.6945999,1784346807.013891,1784346805.8542454,1.2,-0.207692,-0.356513,-0.002808,0.006172,1,acq,20480,20480,0,16,True,False,1,1200000,8381618,False,-2955424,3141568,0,0,0,0,1,1,1784346804.6945999
202,25,2,formal,down,56,12,1,2.9036191907037026,1784346807.014127,1784346809.335331,1784346808.1747289,1.2,-0.20796,-0.356911,-0.002796,0.006057,1,acq,20480,20480,0,16,True,False,1,1200000,8381618,False,-2997175,3126070,0,0,0,0,1,1,1784346807.014127
203,25,3,formal,down,56,12,1,2.9036191907037026,1784346809.335548,1784346811.6752598,1784346810.505404,1.2,-0.208037,-0.357231,-0.002822,0.006138,1,acq,20480,20480,0,16,True,False,1,1200000,8381618,False,-2982948,3157319,0,0,0,0,1,1,1784346809.335548
204,25,4,formal,down,56,12,1,2.9036191907037026,1784346811.675767,1784346814.0023758,1784346812.8390713,1.2,-0.208149,-0.357324,-0.002813,0.006058,1,acq,20480,20480,0,16,True,False,1,1200000,8381618,False,-3004967,3161723,0,0,0,0,1,1,1784346811.675767
205,25,5,formal,down,56,12,1,2.9036191907037026,1784346814.002635,1784346816.328526,1784346815.1655805,1.2,-0.208337,-0.357714,-0.002777,0.006093,1,acq,20480,20480,0,16,True,False,1,1200000,8381618,False,-3004458,3125731,0,0,0,0,1,1,1784346814.002635
206,25,6,formal,down,56,12,1,2.9036191907037026,1784346816.328855,1784346818.653615,1784346817.491235,1.2,-0.208422,-0.357937,-0.002773,0.006048,1,acq,20480,20480,0,16,True,False,1,1200000,8381618,False,-3043584,3183742,0,0,0,0,1,1,1784346816.328855
207,25,7,formal,down,56,12,1,2.9036191907037026,1784346818.654797,1784346820.9834292,1784346819.8191133,1.2,-0.208781,-0.358496,-0.002781,0.006041,1,acq,20480,20480,0,16,True,False,1,1200000,8381618,False,-2957542,3157065,0,0,0,0,1,1,1784346818.654797
208,26,0,formal,down,24,13,0,-1.2740920477314557,1784346875.3488598,1784346877.680432,1784346876.514646,0.524788,0.379617,0.646551,-0.000748,-0.000447,1,acq,20480,20480,0,16,True,False,1,1200000,8381618,False,-5394086,5392053,0,0,0,0,1,1,1784346875.3488598
209,26,1,formal,down,24,13,0,-1.2740920477314557,1784346877.681561,1784346880.0124412,1784346878.847001,0.522005,0.379006,0.645579,-0.000842,-0.000451,1,acq,20480,20480,0,16,True,False,1,1200000,8381618,False,-5393154,5381637,0,0,0,0,1,1,1784346877.681561
210,26,2,formal,down,24,13,0,-1.2740920477314557,1784346880.0126631,1784346882.3489668,1784346881.180815,0.519691,0.378622,0.64501,-0.000741,-0.000479,1,acq,20480,20480,0,16,True,False,1,1200000,8381618,False,-5377317,5343951,0,0,0,0,1,1,1784346880.0126631
211,26,3,formal,down,24,13,0,-1.2740920477314557,1784346882.3493068,1784346884.6953962,1784346883.5223515,0.516928,0.377771,0.643679,-0.000764,-0.000482,1,acq,20480,20480,0,16,True,False,1,1200000,8381618,False,-5377995,5351318,0,0,0,0,1,1,1784346882.3493068
212,26,4,formal,down,24,13,0,-1.2740920477314557,1784346884.695807,1784346887.03893,1784346885.8673685,0.515299,0.377628,0.64359,-0.000714,-0.000497,1,acq,20480,20480,0,16,True,False,1,1200000,8381618,False,-5376047,5363429,0,0,0,0,1,1,1784346884.695807
213,26,5,formal,down,24,13,0,-1.2740920477314557,1784346887.03918,1784346889.375833,1784346888.2075067,0.512949,0.376904,0.642474,-0.000763,-0.000509,1,acq,20480,20480,0,16,True,False,1,1200000,8381618,False,-5355129,5348608,0,0,0,0,1,1,1784346887.03918
214,26,6,formal,down,24,13,0,-1.2740920477314557,1784346889.376079,1784346891.70436,1784346890.5402195,0.511183,0.376614,0.642075,-0.000771,-0.000567,1,acq,20480,20480,0,16,True,False,1,1200000,8381618,False,-5393239,5319307,0,0,0,0,1,1,1784346889.376079
215,26,7,formal,down,24,13,0,-1.2740920477314557,1784346891.7046201,1784346894.033024,1784346892.868822,0.509111,0.376028,0.641004,-0.000696,-0.000618,1,acq,20480,20480,0,16,True,False,1,1200000,8381618,False,-5375539,5314479,0,0,0,0,1,1,1784346891.7046201
216,27,0,formal,up,24,13,1,-1.2740920477314557,1784346906.790186,1784346909.11517,1784346907.952678,0.499292,0.374127,0.637891,-0.000651,-0.000809,1,acq,20480,20480,0,16,True,False,1,1200000,8381618,False,-5335567,5301268,0,0,0,0,1,1,1784346906.790186
217,27,1,formal,up,24,13,1,-1.2740920477314557,1784346909.115415,1784346911.4615538,1784346910.2884846,0.497871,0.373648,0.637295,-0.000731,-0.000736,1,acq,20480,20480,0,16,True,False,1,1200000,8381618,False,-5326166,5334466,0,0,0,0,1,1,1784346909.115415
218,27,2,formal,up,24,13,1,-1.2740920477314557,1784346911.461846,1784346913.7962592,1784346912.6290526,0.496437,0.373281,0.63654,-0.000625,-0.000845,1,acq,20480,20480,0,16,True,False,1,1200000,8381618,False,-5319391,5295679,0,0,0,0,1,1,1784346911.461846
219,27,3,formal,up,24,13,1,-1.2740920477314557,1784346913.7966468,1784346916.1364322,1784346914.9665394,0.495459,0.373158,0.636442,-0.000631,-0.000761,1,acq,20480,20480,0,16,True,False,1,1200000,8381618,False,-5292122,5280012,0,0,0,0,1,1,1784346913.7966468
220,27,4,formal,up,24,13,1,-1.2740920477314557,1784346916.136668,1784346918.468674,1784346917.302671,0.494083,0.372733,0.635823,-0.000579,-0.000819,1,acq,20480,20480,0,16,True,False,1,1200000,8381618,False,-5323117,5283230,0,0,0,0,1,1,1784346916.136668
221,27,5,formal,up,24,13,1,-1.2740920477314557,1784346918.468929,1784346920.7919931,1784346919.6304612,0.493344,0.372826,0.63601,-0.000565,-0.000803,1,acq,20480,20480,0,16,True,False,1,1200000,8381618,False,-5311600,5286024,0,0,0,0,1,1,1784346918.468929
222,27,6,formal,up,24,13,1,-1.2740920477314557,1784346920.792257,1784346923.131562,1784346921.9619095,0.491867,0.37236,0.635182,-0.000519,-0.00086,1,acq,20480,20480,0,16,True,False,1,1200000,8381618,False,-5313548,5272305,0,0,0,0,1,1,1784346920.792257
223,27,7,formal,up,24,13,1,-1.2740920477314557,1784346923.131825,1784346925.483009,1784346924.307417,0.490654,0.37191,0.634465,-0.000576,-0.000847,1,acq,20480,20480,0,16,True,False,1,1200000,8381618,False,-5293477,5267139,0,0,0,0,1,1,1784346923.131825
224,28,0,formal,up,25,14,0,-1.1435385715303568,1784346936.7433012,1784346939.070442,1784346937.9068716,0.544812,0.383838,0.655278,-0.001309,0.000189,1,acq,20480,20480,0,16,True,False,1,1200000,8381618,False,-5436006,5404672,0,0,0,0,1,1,1784346936.7433012
225,28,1,formal,up,25,14,0,-1.1435385715303568,1784346939.071594,1784346941.404004,1784346940.2377992,0.543462,0.3832,0.654329,-0.001326,0.000266,1,acq,20480,20480,0,16,True,False,1,1200000,8381618,False,-5434227,5425166,0,0,0,0,1,1,1784346939.071594
226,28,2,formal,up,25,14,0,-1.1435385715303568,1784346941.4042518,1784346943.7375228,1784346942.5708873,0.542598,0.383049,0.654035,-0.001313,0.000248,1,acq,20480,20480,0,16,True,False,1,1200000,8381618,False,-5446846,5392561,0,0,0,0,1,1,1784346941.4042518
227,28,3,formal,up,25,14,0,-1.1435385715303568,1784346943.737908,1784346946.079926,1784346944.908917,0.541957,0.383053,0.654043,-0.001256,0.000167,1,acq,20480,20480,0,16,True,False,1,1200000,8381618,False,-5457601,5423726,0,0,0,0,1,1,1784346943.737908
228,28,4,formal,up,25,14,0,-1.1435385715303568,1784346946.0802639,1784346948.401195,1784346947.2407293,0.541357,0.383009,0.65418,-0.001242,0.000229,1,acq,20480,20480,0,16,True,False,1,1200000,8381618,False,-5469119,5398405,0,0,0,0,1,1,1784346946.0802639
229,28,5,formal,up,25,14,0,-1.1435385715303568,1784346948.401634,1784346950.747091,1784346949.5743625,0.540879,0.383027,0.65414,-0.001227,0.000246,1,acq,20480,20480,0,16,True,False,1,1200000,8381618,False,-5435498,5393493,0,0,0,0,1,1,1784346948.401634
230,28,6,formal,up,25,14,0,-1.1435385715303568,1784346950.747324,1784346953.097506,1784346951.922415,0.539606,0.382551,0.653387,-0.00116,0.000175,1,acq,20480,20480,0,16,True,False,1,1200000,8381618,False,-5448794,5390952,0,0,0,0,1,1,1784346950.747324
231,28,7,formal,up,25,14,0,-1.1435385715303568,1784346953.097897,1784346955.4438028,1784346954.27085,0.539099,0.382482,0.653325,-0.001194,0.000183,1,acq,20480,20480,0,16,True,False,1,1200000,8381618,False,-5404248,5396796,0,0,0,0,1,1,1784346953.097897
232,29,0,formal,down,25,14,1,-1.1435385715303568,1784346968.1176808,1784346970.443077,1784346969.2803788,0.534434,0.381446,0.651603,-0.001077,0.000155,1,acq,20480,20480,0,16,True,False,1,1200000,8381618,False,-5424234,5406281,0,0,0,0,1,1,1784346968.1176808
233,29,1,formal,down,25,14,1,-1.1435385715303568,1784346970.4436228,1784346972.779477,1784346971.6115499,0.533768,0.381362,0.651518,-0.001107,0.000129,1,acq,20480,20480,0,16,True,False,1,1200000,8381618,False,-5405688,5420000,0,0,0,0,1,1,1784346970.4436228
234,29,2,formal,down,25,14,1,-1.1435385715303568,1784346972.779725,1784346975.114665,1784346973.947195,0.533397,0.381388,0.65162,-0.00107,8.7e-05,1,acq,20480,20480,0,16,True,False,1,1200000,8381618,False,-5423557,5362243,0,0,0,0,1,1,1784346972.779725
235,29,3,formal,down,25,14,1,-1.1435385715303568,1784346975.1148999,1784346977.44861,1784346976.281755,0.532612,0.381166,0.651257,-0.001047,0.000113,1,acq,20480,20480,0,16,True,False,1,1200000,8381618,False,-5405095,5360126,0,0,0,0,1,1,1784346975.1148999
236,29,4,formal,down,25,14,1,-1.1435385715303568,1784346977.4497468,1784346979.7792058,1784346978.6144762,0.531849,0.380965,0.651007,-0.001051,6.9e-05,1,acq,20480,20480,0,16,True,False,1,1200000,8381618,False,-5415850,5412124,0,0,0,0,1,1,1784346977.4497468
237,29,5,formal,down,25,14,1,-1.1435385715303568,1784346979.7795122,1784346982.1118982,1784346980.9457052,0.531635,0.381101,0.651184,-0.001041,3.2e-05,1,acq,20480,20480,0,16,True,False,1,1200000,8381618,False,-5406958,5384601,0,0,0,0,1,1,1784346979.7795122
238,29,6,formal,down,25,14,1,-1.1435385715303568,1784346982.1121228,1784346984.44014,1784346983.2761314,0.531089,0.381047,0.651116,-0.001029,3.6e-05,1,acq,20480,20480,0,16,True,False,1,1200000,8381618,False,-5437954,5412717,0,0,0,0,1,1,1784346982.1121228
239,29,7,formal,down,25,14,1,-1.1435385715303568,1784346984.4413528,1784346986.7787971,1784346985.610075,0.530354,0.380855,0.650684,-0.001033,7.9e-05,1,acq,20480,20480,0,16,True,False,1,1200000,8381618,False,-5391460,5371728,0,0,0,0,1,1,1784346984.4413528
240,30,0,formal,down,55,15,0,2.7730657145026036,1784347041.154999,1784347043.4834719,1784347042.3192353,1.2,-0.154022,-0.264097,-0.002879,0.006276,1,acq,20480,20480,0,16,True,False,1,1200000,8381618,False,-2259462,2387256,0,0,0,0,1,1,1784347041.154999
241,30,1,formal,down,55,15,0,2.7730657145026036,1784347043.484554,1784347045.8203971,1784347044.6524756,1.2,-0.154844,-0.26575,-0.002835,0.0062,1,acq,20480,20480,0,16,True,False,1,1200000,8381618,False,-2366762,2521316,0,0,0,0,1,1,1784347043.484554
242,30,2,formal,down,55,15,0,2.7730657145026036,1784347045.820621,1784347048.1481988,1784347046.9844098,1.2,-0.15607,-0.267879,-0.002826,0.006232,1,acq,20480,20480,0,16,True,False,1,1200000,8381618,False,-2225503,2444166,0,0,0,0,1,1,1784347045.820621
243,30,3,formal,down,55,15,0,2.7730657145026036,1784347048.148567,1784347050.479092,1784347049.3138294,1.2,-0.156807,-0.269196,-0.002831,0.00623,1,acq,20480,20480,0,16,True,False,1,1200000,8381618,False,-2307311,2442811,0,0,0,0,1,1,1784347048.148567
244,30,4,formal,down,55,15,0,2.7730657145026036,1784347050.479347,1784347052.8096561,1784347051.6445017,1.2,-0.157708,-0.270671,-0.002821,0.006177,1,acq,20480,20480,0,16,True,False,1,1200000,8381618,False,-2246675,2422147,0,0,0,0,1,1,1784347050.479347
245,30,5,formal,down,55,15,0,2.7730657145026036,1784347052.8110669,1784347055.1375139,1784347053.9742904,1.2,-0.158488,-0.272255,-0.002795,0.006117,1,acq,20480,20480,0,16,True,False,1,1200000,8381618,False,-2342710,2453058,0,0,0,0,1,1,1784347052.8110669
246,30,6,formal,down,55,15,0,2.7730657145026036,1784347055.1377852,1784347057.482432,1784347056.3101087,1.2,-0.159372,-0.273567,-0.002787,0.006152,1,acq,20480,20480,0,16,True,False,1,1200000,8381618,False,-2364729,2547569,0,0,0,0,1,1,1784347055.1377852
247,30,7,formal,down,55,15,0,2.7730657145026036,1784347057.4827,1784347059.819139,1784347058.6509194,1.2,-0.160259,-0.275188,-0.002795,0.006117,1,acq,20480,20480,0,16,True,False,1,1200000,8381618,False,-2297826,2441287,0,0,0,0,1,1,1784347057.4827
248,31,0,formal,up,55,15,1,2.7730657145026036,1784347072.534626,1784347074.8739998,1784347073.7043128,1.2,-0.164351,-0.282307,-0.002676,0.006089,1,acq,20480,20480,0,16,True,False,1,1200000,8381618,False,-2381158,2520978,0,0,0,0,1,1,1784347072.534626
249,31,1,formal,up,55,15,1,2.7730657145026036,1784347074.875145,1784347077.195898,1784347076.0355215,1.2,-0.164846,-0.283133,-0.002717,0.006041,1,acq,20480,20480,0,16,True,False,1,1200000,8381618,False,-2420877,2530463,0,0,0,0,1,1,1784347074.875145
250,31,2,formal,up,55,15,1,2.7730657145026036,1784347077.1964438,1784347079.524609,1784347078.3605266,1.2,-0.165346,-0.283977,-0.002652,0.006021,1,acq,20480,20480,0,16,True,False,1,1200000,8381618,False,-2435189,2632003,0,0,0,0,1,1,1784347077.1964438
251,31,3,formal,up,55,15,1,2.7730657145026036,1784347079.5248709,1784347081.85879,1784347080.6918304,1.2,-0.166115,-0.285383,-0.002668,0.006023,1,acq,20480,20480,0,16,True,False,1,1200000,8381618,False,-2379126,2658087,0,0,0,0,1,1,1784347079.5248709
252,31,4,formal,up,55,15,1,2.7730657145026036,1784347081.859953,1784347084.196043,1784347083.027998,1.2,-0.166438,-0.285963,-0.002676,0.006013,1,acq,20480,20480,0,16,True,False,1,1200000,8381618,False,-2492268,2624804,0,0,0,0,1,1,1784347081.859953
253,31,5,formal,up,55,15,1,2.7730657145026036,1784347084.196366,1784347086.539925,1784347085.3681455,1.2,-0.167079,-0.287175,-0.002663,0.006012,1,acq,20480,20480,0,16,True,False,1,1200000,8381618,False,-2483969,2585425,0,0,0,0,1,1,1784347084.196366
254,31,6,formal,up,55,15,1,2.7730657145026036,1784347086.540179,1784347088.8877451,1784347087.713962,1.2,-0.16752,-0.287831,-0.002643,0.006009,1,acq,20480,20480,0,16,True,False,1,1200000,8381618,False,-2390220,2581190,0,0,0,0,1,1,1784347086.540179
255,31,7,formal,up,55,15,1,2.7730657145026036,1784347088.888858,1784347091.218,1784347090.0534291,1.2,-0.167928,-0.288612,-0.002694,0.005953,1,acq,20480,20480,0,16,True,False,1,1200000,8381618,False,-2505480,2619808,0,0,0,0,1,1,1784347088.888858
256,32,0,formal,up,64,16,0,3.948047000312492,1784347112.496744,1784347114.814584,1784347113.655664,1.196817,-0.370988,-0.63285,-0.002852,0.00691,1,acq,20480,20480,0,16,True,False,1,1200000,8381618,False,-5149593,5363175,0,0,0,0,1,1,1784347112.496744
257,32,1,formal,up,64,16,0,3.948047000312492,1784347114.8158422,1784347117.152686,1784347115.9842641,1.194385,-0.371306,-0.633548,-0.002878,0.006903,1,acq,20480,20480,0,16,True,False,1,1200000,8381618,False,-5269341,5434736,0,0,0,0,1,1,1784347114.8158422
258,32,2,formal,up,64,16,0,3.948047000312492,1784347117.1529238,1784347119.492717,1784347118.3228204,1.192906,-0.37186,-0.634523,-0.002953,0.006924,1,acq,20480,20480,0,16,True,False,1,1200000,8381618,False,-5218105,5406789,0,0,0,0,1,1,1784347117.1529238
259,32,3,formal,up,64,16,0,3.948047000312492,1784347119.493079,1784347121.8286989,1784347120.660889,1.19091,-0.372228,-0.635309,-0.002873,0.006926,1,acq,20480,20480,0,16,True,False,1,1200000,8381618,False,-5193461,5393323,0,0,0,0,1,1,1784347119.493079
260,32,4,formal,up,64,16,0,3.948047000312492,1784347121.82898,1784347124.1574342,1784347122.993207,1.189408,-0.37263,-0.636088,-0.002779,0.006918,1,acq,20480,20480,0,16,True,False,1,1200000,8381618,False,-5272136,5409668,0,0,0,0,1,1,1784347121.82898
261,32,5,formal,up,64,16,0,3.948047000312492,1784347124.157683,1784347126.477997,1784347125.31784,1.186838,-0.372679,-0.636171,-0.002862,0.006904,1,acq,20480,20480,0,16,True,False,1,1200000,8381618,False,-5199897,5418137,0,0,0,0,1,1,1784347124.157683
262,32,6,formal,up,64,16,0,3.948047000312492,1784347126.478289,1784347128.795305,1784347127.636797,1.18598,-0.373167,-0.637223,-0.00284,0.006894,1,acq,20480,20480,0,16,True,False,1,1200000,8381618,False,-5185839,5379096,0,0,0,0,1,1,1784347126.478289
263,32,7,formal,up,64,16,0,3.948047000312492,1784347128.795566,1784347131.120327,1784347129.9579465,1.183597,-0.373316,-0.637383,-0.002865,0.006778,1,acq,20480,20480,0,16,True,False,1,1200000,8381618,False,-5258755,5411193,0,0,0,0,1,1,1784347128.795566
264,33,0,formal,down,64,16,1,3.948047000312492,1784347143.807143,1784347146.128147,1784347144.967645,1.175501,-0.375474,-0.641222,-0.002896,0.006798,1,acq,20480,20480,0,16,True,False,1,1200000,8381618,False,-5259517,5408567,0,0,0,0,1,1,1784347143.807143
265,33,1,formal,down,64,16,1,3.948047000312492,1784347146.129261,1784347148.464982,1784347147.2971215,1.174265,-0.375554,-0.641635,-0.002861,0.006757,1,acq,20480,20480,0,16,True,False,1,1200000,8381618,False,-5280350,5500792,0,0,0,0,1,1,1784347146.129261
266,33,2,formal,down,64,16,1,3.948047000312492,1784347148.4654741,1784347150.805839,1784347149.6356566,1.17295,-0.375874,-0.642015,-0.002792,0.006735,1,acq,20480,20480,0,16,True,False,1,1200000,8381618,False,-5249439,5428977,0,0,0,0,1,1,1784347148.4654741
267,33,3,formal,down,64,16,1,3.948047000312492,1784347150.806088,1784347153.132247,1784347151.9691675,1.171533,-0.375938,-0.642258,-0.002834,0.006718,1,acq,20480,20480,0,16,True,False,1,1200000,8381618,False,-5243511,5450911,0,0,0,0,1,1,1784347150.806088
268,33,4,formal,down,64,16,1,3.948047000312492,1784347153.133434,1784347155.45178,1784347154.292607,1.170301,-0.376139,-0.642659,-0.002797,0.006755,1,acq,20480,20480,0,16,True,False,1,1200000,8381618,False,-5281367,5437615,0,0,0,0,1,1,1784347153.133434
269,33,5,formal,down,64,16,1,3.948047000312492,1784347155.45201,1784347157.782159,1784347156.6170845,1.169774,-0.376662,-0.643466,-0.002789,0.006765,1,acq,20480,20480,0,16,True,False,1,1200000,8381618,False,-5254775,5403063,0,0,0,0,1,1,1784347155.45201
270,33,6,formal,down,64,16,1,3.948047000312492,1784347157.78238,1784347160.113947,1784347158.9481635,1.168077,-0.376641,-0.643557,-0.00273,0.006704,1,acq,20480,20480,0,16,True,False,1,1200000,8381618,False,-5299574,5521879,0,0,0,0,1,1,1784347157.78238
271,33,7,formal,down,64,16,1,3.948047000312492,1784347160.1144571,1784347162.454614,1784347161.2845354,1.166409,-0.37663,-0.643722,-0.002722,0.006711,1,acq,20480,20480,0,16,True,False,1,1200000,8381618,False,-5323626,5522387,0,0,0,0,1,1,1784347160.1144571
272,34,0,formal,down,16,17,0,-2.3185198573402452,1784347239.764182,1784347242.097356,1784347240.930769,0.132219,0.221426,0.377352,0.004413,-0.008747,1,acq,20480,20480,0,16,True,False,1,1200000,8381618,False,-3261908,3109048,0,0,0,0,1,1,1784347239.764182
273,34,1,formal,down,16,17,0,-2.3185198573402452,1784347242.097811,1784347244.429028,1784347243.2634196,0.130342,0.219993,0.374967,0.004434,-0.008732,1,acq,20480,20480,0,16,True,False,1,1200000,8381618,False,-3224222,3063655,0,0,0,0,1,1,1784347242.097811
274,34,2,formal,down,16,17,0,-2.3185198573402452,1784347244.429271,1784347246.7602339,1784347245.5947523,0.128701,0.218671,0.372834,0.004417,-0.008745,1,acq,20480,20480,0,16,True,False,1,1200000,8381618,False,-3222613,3056203,0,0,0,0,1,1,1784347244.429271
275,34,3,formal,down,16,17,0,-2.3185198573402452,1784347246.760512,1784347249.093791,1784347247.9271517,0.127061,0.217422,0.370665,0.004448,-0.008799,1,acq,20480,20480,0,16,True,False,1,1200000,8381618,False,-3215669,3061114,0,0,0,0,1,1,1784347246.760512
276,34,4,formal,down,16,17,0,-2.3185198573402452,1784347249.094096,1784347251.4278872,1784347250.2609916,0.12565,0.216379,0.368973,0.004444,-0.008769,1,acq,20480,20480,0,16,True,False,1,1200000,8381618,False,-3167143,3020803,0,0,0,0,1,1,1784347249.094096
277,34,5,formal,down,16,17,0,-2.3185198573402452,1784347251.428311,1784347253.758463,1784347252.5933871,0.124208,0.215245,0.367169,0.004477,-0.008772,1,acq,20480,20480,0,16,True,False,1,1200000,8381618,False,-3172055,3003358,0,0,0,0,1,1,1784347251.428311
278,34,6,formal,down,16,17,0,-2.3185198573402452,1784347253.7587452,1784347256.096514,1784347254.9276295,0.12289,0.214236,0.365313,0.004487,-0.008792,1,acq,20480,20480,0,16,True,False,1,1200000,8381618,False,-3129627,3001833,0,0,0,0,1,1,1784347253.7587452
279,34,7,formal,down,16,17,0,-2.3185198573402452,1784347256.0968,1784347258.437671,1784347257.2672355,0.121547,0.213008,0.36346,0.004455,-0.008797,1,acq,20480,20480,0,16,True,False,1,1200000,8381618,False,-3137926,2980238,0,0,0,0,1,1,1784347256.0968
280,35,0,formal,up,16,17,1,-2.3185198573402452,1784347271.146016,1784347273.4865012,1784347272.3162584,0.114315,0.207064,0.353448,0.004483,-0.008854,1,acq,20480,20480,0,16,True,False,1,1200000,8381618,False,-3046294,2889707,0,0,0,0,1,1,1784347271.146016
281,35,1,formal,up,16,17,1,-2.3185198573402452,1784347273.487623,1784347275.825588,1784347274.6566055,0.113366,0.206243,0.352193,0.004494,-0.008813,1,acq,20480,20480,0,16,True,False,1,1200000,8381618,False,-3068313,2882847,0,0,0,0,1,1,1784347273.487623
282,35,2,formal,up,16,17,1,-2.3185198573402452,1784347275.825852,1784347278.159601,1784347276.9927263,0.112454,0.205511,0.350777,0.004501,-0.008858,1,acq,20480,20480,0,16,True,False,1,1200000,8381618,False,-3042737,2869382,0,0,0,0,1,1,1784347275.825852
283,35,3,formal,up,16,17,1,-2.3185198573402452,1784347278.159852,1784347280.4834712,1784347279.3216615,0.111587,0.204731,0.349595,0.004497,-0.008843,1,acq,20480,20480,0,16,True,False,1,1200000,8381618,False,-3006237,2865063,0,0,0,0,1,1,1784347278.159852
284,35,4,formal,up,16,17,1,-2.3185198573402452,1784347280.4846551,1784347282.829157,1784347281.6569061,0.110682,0.203945,0.34826,0.004485,-0.008837,1,acq,20480,20480,0,16,True,False,1,1200000,8381618,False,-3037317,2850835,0,0,0,0,1,1,1784347280.4846551
285,35,5,formal,up,16,17,1,-2.3185198573402452,1784347282.82941,1784347285.15634,1784347283.992875,0.10996,0.203474,0.347438,0.004515,-0.008824,1,acq,20480,20480,0,16,True,False,1,1200000,8381618,False,-3001410,2835592,0,0,0,0,1,1,1784347282.82941
286,35,6,formal,up,16,17,1,-2.3185198573402452,1784347285.1565928,1784347287.482968,1784347286.3197803,0.109083,0.202618,0.34605,0.004554,-0.008849,1,acq,20480,20480,0,16,True,False,1,1200000,8381618,False,-3008947,2822126,0,0,0,0,1,1,1784347285.1565928
287,35,7,formal,up,16,17,1,-2.3185198573402452,1784347287.483208,1784347289.811381,1784347288.6472945,0.108301,0.201964,0.344939,0.004506,-0.008872,1,acq,20480,20480,0,16,True,False,1,1200000,8381618,False,-2998784,2825175,0,0,0,0,1,1,1784347287.483208
288,36,0,formal,up,35,18,0,0.16199619048062974,1784347325.4285262,1784347327.7592719,1784347326.593899,1.167662,0.376477,0.643374,-0.002258,0.0022,1,acq,20480,20480,0,16,True,False,1,1200000,8381618,False,-5430501,5395187,0,0,0,0,1,1,1784347325.4285262
289,36,1,formal,up,35,18,0,0.16199619048062974,1784347327.760363,1784347330.0838568,1784347328.92211,1.169095,0.376263,0.64323,-0.002173,0.002204,1,acq,20480,20480,0,16,True,False,1,1200000,8381618,False,-5390867,5339293,0,0,0,0,1,1,1784347327.760363
290,36,2,formal,up,35,18,0,0.16199619048062974,1784347330.084141,1784347332.4242492,1784347331.2541952,1.169781,0.375849,0.642726,-0.00222,0.002215,1,acq,20480,20480,0,16,True,False,1,1200000,8381618,False,-5393493,5380197,0,0,0,0,1,1,1784347330.084141
291,36,3,formal,up,35,18,0,0.16199619048062974,1784347332.424511,1784347334.751404,1784347333.5879574,1.170516,0.375582,0.642368,-0.0022,0.002176,1,acq,20480,20480,0,16,True,False,1,1200000,8381618,False,-5398151,5394255,0,0,0,0,1,1,1784347332.424511
292,36,4,formal,up,35,18,0,0.16199619048062974,1784347334.751852,1784347337.092391,1784347335.9221215,1.171926,0.375632,0.642458,-0.002273,0.002167,1,acq,20480,20480,0,16,True,False,1,1200000,8381618,False,-5356146,5366647,0,0,0,0,1,1,1784347334.751852
293,36,5,formal,up,35,18,0,0.16199619048062974,1784347337.0935528,1784347339.426142,1784347338.2598474,1.17253,0.375593,0.642483,-0.00217,0.002187,1,acq,20480,20480,0,16,True,False,1,1200000,8381618,False,-5380027,5314903,0,0,0,0,1,1,1784347337.0935528
294,36,6,formal,up,35,18,0,0.16199619048062974,1784347339.426381,1784347341.761321,1784347340.593851,1.172786,0.375177,0.641893,-0.002156,0.002233,1,acq,20480,20480,0,16,True,False,1,1200000,8381618,False,-5369950,5358178,0,0,0,0,1,1,1784347339.426381
295,36,7,formal,up,35,18,0,0.16199619048062974,1784347341.761593,1784347344.1071649,1784347342.934379,1.173546,0.375185,0.642049,-0.002196,0.002264,1,acq,20480,20480,0,16,True,False,1,1200000,8381618,False,-5391545,5342342,0,0,0,0,1,1,1784347341.761593
296,37,0,formal,down,35,18,1,0.16199619048062974,1784347356.802507,1784347359.144067,1784347357.973287,1.17675,0.374766,0.641641,-0.00211,0.002238,1,acq,20480,20480,0,16,True,False,1,1200000,8381618,False,-5349286,5333026,0,0,0,0,1,1,1784347356.802507
297,37,1,formal,down,35,18,1,0.16199619048062974,1784347359.14524,1784347361.4846752,1784347360.3149576,1.176907,0.374646,0.64146,-0.002239,0.002265,1,acq,20480,20480,0,16,True,False,1,1200000,8381618,False,-5361650,5363175,0,0,0,0,1,1,1784347359.14524
298,37,2,formal,down,35,18,1,0.16199619048062974,1784347361.484929,1784347363.812117,1784347362.648523,1.176836,0.374431,0.641243,-0.002188,0.002228,1,acq,20480,20480,0,16,True,False,1,1200000,8381618,False,-5422117,5460565,0,0,0,0,1,1,1784347361.484929
299,37,3,formal,down,35,18,1,0.16199619048062974,1784347363.812379,1784347366.1443021,1784347364.9783406,1.1774,0.374446,0.641383,-0.002243,0.002212,1,acq,20480,20480,0,16,True,False,1,1200000,8381618,False,-5358009,5406196,0,0,0,0,1,1,1784347363.812379
300,37,4,formal,down,35,18,1,0.16199619048062974,1784347366.1445918,1784347368.477626,1784347367.311109,1.177495,0.374464,0.641395,-0.002318,0.002257,1,acq,20480,20480,0,16,True,False,1,1200000,8381618,False,-5371897,5373845,0,0,0,0,1,1,1784347366.1445918
301,37,5,formal,down,35,18,1,0.16199619048062974,1784347368.477946,1784347370.8145778,1784347369.646262,1.176981,0.374144,0.640887,-0.002212,0.002272,1,acq,20480,20480,0,16,True,False,1,1200000,8381618,False,-5314056,5349879,0,0,0,0,1,1,1784347368.477946
302,37,6,formal,down,35,18,1,0.16199619048062974,1784347370.814831,1784347373.1498399,1784347371.9823356,1.176563,0.373944,0.640535,-0.002261,0.002287,1,acq,20480,20480,0,16,True,False,1,1200000,8381618,False,-5361481,5347846,0,0,0,0,1,1,1784347370.814831
303,37,7,formal,down,35,18,1,0.16199619048062974,1784347373.150389,1784347375.4725828,1784347374.3114858,1.177165,0.374073,0.640873,-0.002233,0.002246,1,acq,20480,20480,0,16,True,False,1,1200000,8381618,False,-5427198,5397473,0,0,0,0,1,1,1784347373.150389
304,38,0,formal,down,45,19,0,1.4675309524916171,1784347402.444833,1784347404.7841878,1784347403.6145105,1.2,0.151215,0.259762,-0.003823,0.006518,1,acq,20480,20480,0,16,True,False,1,1200000,8381618,False,-2197725,2322216,0,0,0,0,1,1,1784347402.444833
305,38,1,formal,down,45,19,0,1.4675309524916171,1784347404.7854688,1784347407.1165829,1784347405.951026,1.2,0.150808,0.259144,-0.003892,0.006573,1,acq,20480,20480,0,16,True,False,1,1200000,8381618,False,-2220167,2326450,0,0,0,0,1,1,1784347404.7854688
306,38,2,formal,down,45,19,0,1.4675309524916171,1784347407.1168482,1784347409.454954,1784347408.285901,1.2,0.150066,0.257942,-0.00385,0.006557,1,acq,20480,20480,0,16,True,False,1,1200000,8381618,False,-2225672,2318320,0,0,0,0,1,1,1784347407.1168482
307,38,3,formal,down,45,19,0,1.4675309524916171,1784347409.45518,1784347411.783465,1784347410.6193223,1.2,0.149602,0.257147,-0.003894,0.006545,1,acq,20480,20480,0,16,True,False,1,1200000,8381618,False,-2161479,2332294,0,0,0,0,1,1,1784347409.45518
308,38,4,formal,down,45,19,0,1.4675309524916171,1784347411.7837288,1784347414.128916,1784347412.9563224,1.2,0.149057,0.256328,-0.003881,0.006621,1,acq,20480,20480,0,16,True,False,1,1200000,8381618,False,-2190527,2327382,0,0,0,0,1,1,1784347411.7837288
309,38,5,formal,down,45,19,0,1.4675309524916171,1784347414.1291761,1784347416.461828,1784347415.2955022,1.2,0.1486,0.255564,-0.003891,0.006596,1,acq,20480,20480,0,16,True,False,1,1200000,8381618,False,-2191967,2337544,0,0,0,0,1,1,1784347414.1291761
310,38,6,formal,down,45,19,0,1.4675309524916171,1784347416.4621282,1784347418.7861602,1784347417.624144,1.2,0.148126,0.254764,-0.003928,0.006585,1,acq,20480,20480,0,16,True,False,1,1200000,8381618,False,-2284191,2365576,0,0,0,0,1,1,1784347416.4621282
311,38,7,formal,down,45,19,0,1.4675309524916171,1784347418.78647,1784347421.1166432,1784347419.9515567,1.2,0.147837,0.25421,-0.00389,0.006596,1,acq,20480,20480,0,16,True,False,1,1200000,8381618,False,-2145897,2244219,0,0,0,0,1,1,1784347418.78647
312,39,0,formal,up,45,19,1,1.4675309524916171,1784347433.8247921,1784347436.144444,1784347434.9846182,1.2,0.145512,0.2505,-0.003893,0.006623,1,acq,20480,20480,0,16,True,False,1,1200000,8381618,False,-2140900,2269625,0,0,0,0,1,1,1784347433.8247921
313,39,1,formal,up,45,19,1,1.4675309524916171,1784347436.145569,1784347438.483456,1784347437.3145125,1.2,0.145384,0.250113,-0.003945,0.006652,1,acq,20480,20480,0,16,True,False,1,1200000,8381618,False,-2130992,2387256,0,0,0,0,1,1,1784347436.145569
314,39,2,formal,up,45,19,1,1.4675309524916171,1784347438.483728,1784347440.802031,1784347439.6428795,1.2,0.144954,0.249398,-0.003907,0.006623,1,acq,20480,20480,0,16,True,False,1,1200000,8381618,False,-2142932,2270303,0,0,0,0,1,1,1784347438.483728
315,39,3,formal,up,45,19,1,1.4675309524916171,1784347440.8022778,1784347443.143574,1784347441.972926,1.2,0.144584,0.248956,-0.003934,0.006636,1,acq,20480,20480,0,16,True,False,1,1200000,8381618,False,-2121168,2198488,0,0,0,0,1,1,1784347440.8022778
316,39,4,formal,up,45,19,1,1.4675309524916171,1784347443.143898,1784347445.469454,1784347444.306676,1.2,0.144334,0.248467,-0.003957,0.006625,1,acq,20480,20480,0,16,True,False,1,1200000,8381618,False,-2118797,2239730,0,0,0,0,1,1,1784347443.143898
317,39,5,formal,up,45,19,1,1.4675309524916171,1784347445.469704,1784347447.8111959,1784347446.64045,1.2,0.144141,0.248094,-0.003939,0.006667,1,acq,20480,20480,0,16,True,False,1,1200000,8381618,False,-2122015,2300451,0,0,0,0,1,1,1784347445.469704
318,39,6,formal,up,45,19,1,1.4675309524916171,1784347447.811478,1784347450.1469948,1784347448.9792364,1.2,0.143881,0.247633,-0.003998,0.006688,1,acq,20480,20480,0,16,True,False,1,1200000,8381618,False,-2153434,2227705,0,0,0,0,1,1,1784347447.811478
319,39,7,formal,up,45,19,1,1.4675309524916171,1784347450.147281,1784347452.465347,1784347451.306314,1.2,0.143643,0.247212,-0.003911,0.006649,1,acq,20480,20480,0,16,True,False,1,1200000,8381618,False,-2143864,2249131,0,0,0,0,1,1,1784347450.147281
320,40,0,formal,up,58,20,0,3.1647261431059004,1784347479.464851,1784347481.7960398,1784347480.6304455,1.2,-0.248446,-0.425168,-0.004469,0.009254,1,acq,20480,20480,0,16,True,False,1,1200000,8381618,False,-3493698,3696694,0,0,0,0,1,1,1784347479.464851
321,40,1,formal,up,58,20,0,3.1647261431059004,1784347481.797158,1784347484.127441,1784347482.9622993,1.2,-0.249263,-0.426704,-0.004417,0.009301,1,acq,20480,20480,0,16,True,False,1,1200000,8381618,False,-3555435,3686532,0,0,0,0,1,1,1784347481.797158
322,40,2,formal,up,58,20,0,3.1647261431059004,1784347484.1277492,1784347486.470769,1784347485.2992592,1.2,-0.249918,-0.427826,-0.004438,0.009221,1,acq,20480,20480,0,16,True,False,1,1200000,8381618,False,-3576438,3782144,0,0,0,0,1,1,1784347484.1277492
323,40,3,formal,up,58,20,0,3.1647261431059004,1784347486.471,1784347488.80095,1784347487.635975,1.2,-0.250445,-0.428799,-0.004448,0.009233,1,acq,20480,20480,0,16,True,False,1,1200000,8381618,False,-3562803,3773929,0,0,0,0,1,1,1784347486.471
324,40,4,formal,up,58,20,0,3.1647261431059004,1784347488.801475,1784347491.1355278,1784347489.9685016,1.2,-0.251257,-0.430264,-0.004431,0.009257,1,acq,20480,20480,0,16,True,False,1,1200000,8381618,False,-3542986,3743272,0,0,0,0,1,1,1784347488.801475
325,40,5,formal,up,58,20,0,3.1647261431059004,1784347491.1358159,1784347493.472448,1784347492.304132,1.2,-0.25204,-0.43173,-0.004381,0.009189,1,acq,20480,20480,0,16,True,False,1,1200000,8381618,False,-3535703,3740139,0,0,0,0,1,1,1784347491.1358159
326,40,6,formal,up,58,20,0,3.1647261431059004,1784347493.472749,1784347495.804021,1784347494.6383848,1.2,-0.252622,-0.432713,-0.004421,0.009239,1,acq,20480,20480,0,16,True,False,1,1200000,8381618,False,-3603792,3731670,0,0,0,0,1,1,1784347493.472749
327,40,7,formal,up,58,20,0,3.1647261431059004,1784347495.804278,1784347498.144352,1784347496.974315,1.2,-0.253249,-0.433679,-0.004403,0.009262,1,acq,20480,20480,0,16,True,False,1,1200000,8381618,False,-3573558,3833126,0,0,0,0,1,1,1784347495.804278
328,41,0,formal,down,58,20,1,3.1647261431059004,1784347510.857949,1784347513.1858099,1784347512.0218794,1.2,-0.2563,-0.439299,-0.004366,0.009208,1,acq,20480,20480,0,16,True,False,1,1200000,8381618,False,-3635550,3852858,0,0,0,0,1,1,1784347510.857949
329,41,1,formal,down,58,20,1,3.1647261431059004,1784347513.18695,1784347515.524362,1784347514.3556561,1.2,-0.256915,-0.440288,-0.004391,0.009307,1,acq,20480,20480,0,16,True,False,1,1200000,8381618,False,-3651471,3851164,0,0,0,0,1,1,1784347513.18695
330,41,2,formal,down,58,20,1,3.1647261431059004,1784347515.5249228,1784347517.862147,1784347516.6935349,1.2,-0.25736,-0.441018,-0.004401,0.009193,1,acq,20480,20480,0,16,True,False,1,1200000,8381618,False,-3641986,3822794,0,0,0,0,1,1,1784347515.5249228
331,41,3,formal,down,58,20,1,3.1647261431059004,1784347517.862463,1784347520.206806,1784347519.0346346,1.2,-0.257893,-0.442057,-0.00439,0.009234,1,acq,20480,20480,0,16,True,False,1,1200000,8381618,False,-3634364,3883684,0,0,0,0,1,1,1784347517.862463
332,41,4,formal,down,58,20,1,3.1647261431059004,1784347520.2070558,1784347522.535383,1784347521.3712194,1.2,-0.258216,-0.442518,-0.004389,0.009245,1,acq,20480,20480,0,16,True,False,1,1200000,8381618,False,-3632586,3850233,0,0,0,0,1,1,1784347520.2070558
333,41,5,formal,down,58,20,1,3.1647261431059004,1784347522.5357492,1784347524.878209,1784347523.7069793,1.2,-0.258492,-0.443078,-0.004357,0.009215,1,acq,20480,20480,0,16,True,False,1,1200000,8381618,False,-3659008,3876147,0,0,0,0,1,1,1784347522.5357492
334,41,6,formal,down,58,20,1,3.1647261431059004,1784347524.878586,1784347527.220768,1784347526.049677,1.2,-0.258865,-0.443779,-0.004377,0.009203,1,acq,20480,20480,0,16,True,False,1,1200000,8381618,False,-3676708,3916966,0,0,0,0,1,1,1784347524.878586
335,41,7,formal,down,58,20,1,3.1647261431059004,1784347527.221066,1784347529.544072,1784347528.3825688,1.2,-0.259293,-0.444465,-0.00435,0.009191,1,acq,20480,20480,0,16,True,False,1,1200000,8381618,False,-3703554,3893762,0,0,0,0,1,1,1784347527.221066
336,42,0,formal,down,22,21,0,-1.535199000133653,1784347591.020737,1784347593.352673,1784347592.186705,0.408801,0.350844,0.597271,0.003379,-0.007248,1,acq,20480,20480,0,16,True,False,1,1200000,8381618,False,-5036874,4903406,0,0,0,0,1,1,1784347591.020737
337,42,1,formal,down,22,21,0,-1.535199000133653,1784347593.353399,1784347595.68876,1784347594.5210795,0.406221,0.349991,0.595934,0.003343,-0.007286,1,acq,20480,20480,0,16,True,False,1,1200000,8381618,False,-5021122,4912044,0,0,0,0,1,1,1784347593.353399
338,42,2,formal,down,22,21,0,-1.535199000133653,1784347595.689,1784347598.019259,1784347596.8541293,0.404405,0.349598,0.595523,0.003372,-0.007242,1,acq,20480,20480,0,16,True,False,1,1200000,8381618,False,-4998256,4899003,0,0,0,0,1,1,1784347595.689
339,42,3,formal,down,22,21,0,-1.535199000133653,1784347598.0194921,1784347600.3612978,1784347599.1903949,0.402215,0.348939,0.594371,0.003355,-0.007252,1,acq,20480,20480,0,16,True,False,1,1200000,8381618,False,-5005116,4864450,0,0,0,0,1,1,1784347598.0194921
340,42,4,formal,down,22,21,0,-1.535199000133653,1784347600.361602,1784347602.676223,1784347601.5189126,0.400277,0.348306,0.593425,0.003397,-0.007309,1,acq,20480,20480,0,16,True,False,1,1200000,8381618,False,-5001559,4865212,0,0,0,0,1,1,1784347600.361602
341,42,5,formal,down,22,21,0,-1.535199000133653,1784347602.677321,1784347605.005688,1784347603.8415046,0.398377,0.347755,0.592459,0.003359,-0.007301,1,acq,20480,20480,0,16,True,False,1,1200000,8381618,False,-4981742,4841669,0,0,0,0,1,1,1784347602.677321
342,42,6,formal,down,22,21,0,-1.535199000133653,1784347605.005984,1784347607.3428218,1784347606.174403,0.396415,0.346915,0.591297,0.003397,-0.007243,1,acq,20480,20480,0,16,True,False,1,1200000,8381618,False,-4978185,4855473,0,0,0,0,1,1,1784347605.005984
343,42,7,formal,down,22,21,0,-1.535199000133653,1784347607.3430989,1784347609.680796,1784347608.5119474,0.394646,0.346341,0.590317,0.003452,-0.00722,1,acq,20480,20480,0,16,True,False,1,1200000,8381618,False,-4965736,4849799,0,0,0,0,1,1,1784347607.3430989
344,43,0,formal,up,22,21,1,-1.535199000133653,1784347622.382926,1784347624.7141461,1784347623.548536,0.385647,0.343715,0.585885,0.003497,-0.0074,1,acq,20480,20480,0,16,True,False,1,1200000,8381618,False,-4940161,4813383,0,0,0,0,1,1,1784347622.382926
345,43,1,formal,up,22,21,1,-1.535199000133653,1784347624.714598,1784347627.053689,1784347625.8841434,0.384047,0.342932,0.58478,0.003451,-0.007368,1,acq,20480,20480,0,16,True,False,1,1200000,8381618,False,-4932708,4788909,0,0,0,0,1,1,1784347624.714598
346,43,2,formal,up,22,21,1,-1.535199000133653,1784347627.054008,1784347629.386177,1784347628.2200925,0.382925,0.342605,0.584264,0.003495,-0.007356,1,acq,20480,20480,0,16,True,False,1,1200000,8381618,False,-4932708,4793482,0,0,0,0,1,1,1784347627.054008
347,43,3,formal,up,22,21,1,-1.535199000133653,1784347629.3864791,1784347631.721314,1784347630.5538964,0.382436,0.342844,0.584598,0.00342,-0.007423,1,acq,20480,20480,0,16,True,False,1,1200000,8381618,False,-4935587,4805253,0,0,0,0,1,1,1784347629.3864791
348,43,4,formal,up,22,21,1,-1.535199000133653,1784347631.7217221,1784347634.060263,1784347632.8909926,0.381152,0.342392,0.583791,0.00352,-0.007463,1,acq,20480,20480,0,16,True,False,1,1200000,8381618,False,-4929575,4770278,0,0,0,0,1,1,1784347631.7217221
349,43,5,formal,up,22,21,1,-1.535199000133653,1784347634.0613341,1784347636.380927,1784347635.2211306,0.380145,0.342041,0.583224,0.003532,-0.007452,1,acq,20480,20480,0,16,True,False,1,1200000,8381618,False,-4923985,4796192,0,0,0,0,1,1,1784347634.0613341
350,43,6,formal,up,22,21,1,-1.535199000133653,1784347636.381439,1784347638.7118258,1784347637.5466323,0.379255,0.341824,0.583054,0.003516,-0.007399,1,acq,20480,20480,0,16,True,False,1,1200000,8381618,False,-4901712,4801104,0,0,0,0,1,1,1784347636.381439
351,43,7,formal,up,22,21,1,-1.535199000133653,1784347638.712089,1784347641.030391,1784347639.8712401,0.378369,0.341634,0.582774,0.003518,-0.007461,1,acq,20480,20480,0,16,True,False,1,1200000,8381618,False,-4926780,4758506,0,0,0,0,1,1,1784347638.712089
352,44,0,formal,up,39,22,0,0.6842100952850245,1784347673.791609,1784347676.12983,1784347674.9607196,1.2,0.305915,0.523586,-0.001843,0.002369,1,acq,20480,20480,0,16,True,False,1,1200000,8381618,False,-4393503,4396298,0,0,0,0,1,1,1784347673.791609
353,44,1,formal,up,39,22,0,0.6842100952850245,1784347676.130319,1784347678.477292,1784347677.3038056,1.2,0.305535,0.523099,-0.001865,0.002392,1,acq,20480,20480,0,16,True,False,1,1200000,8381618,False,-4458119,4460067,0,0,0,0,1,1,1784347676.130319
354,44,2,formal,up,39,22,0,0.6842100952850245,1784347678.477571,1784347680.810297,1784347679.643934,1.2,0.305072,0.522421,-0.001856,0.002405,1,acq,20480,20480,0,16,True,False,1,1200000,8381618,False,-4373771,4401379,0,0,0,0,1,1,1784347678.477571
355,44,3,formal,up,39,22,0,0.6842100952850245,1784347680.810554,1784347683.135355,1784347681.9729545,1.2,0.304575,0.521665,-0.001838,0.002501,1,acq,20480,20480,0,16,True,False,1,1200000,8381618,False,-4404766,4389946,0,0,0,0,1,1,1784347680.810554
356,44,4,formal,up,39,22,0,0.6842100952850245,1784347683.13652,1784347685.457798,1784347684.297159,1.2,0.304426,0.521345,-0.001846,0.002485,1,acq,20480,20480,0,16,True,False,1,1200000,8381618,False,-4349804,4433306,0,0,0,0,1,1,1784347683.13652
357,44,5,formal,up,39,22,0,0.6842100952850245,1784347685.458049,1784347687.791338,1784347686.6246934,1.2,0.304394,0.521562,-0.001884,0.002465,1,acq,20480,20480,0,16,True,False,1,1200000,8381618,False,-4366064,4385458,0,0,0,0,1,1,1784347685.458049
358,44,6,formal,up,39,22,0,0.6842100952850245,1784347687.7916028,1784347690.129298,1784347688.9604504,1.2,0.303894,0.520798,-0.001964,0.002475,1,acq,20480,20480,0,16,True,False,1,1200000,8381618,False,-4429326,4414505,0,0,0,0,1,1,1784347687.7916028
359,44,7,formal,up,39,22,0,0.6842100952850245,1784347690.130332,1784347692.4686568,1784347691.2994943,1.2,0.303746,0.520488,-0.001897,0.002438,1,acq,20480,20480,0,16,True,False,1,1200000,8381618,False,-4380122,4398838,0,0,0,0,1,1,1784347690.130332
360,45,0,formal,down,39,22,1,0.6842100952850245,1784347705.163014,1784347707.5022342,1784347706.332624,1.2,0.302451,0.518539,-0.001917,0.002489,1,acq,20480,20480,0,16,True,False,1,1200000,8381618,False,-4302972,4369452,0,0,0,0,1,1,1784347705.163014
361,45,1,formal,down,39,22,1,0.6842100952850245,1784347707.5033338,1784347709.843712,1784347708.673523,1.2,0.30222,0.518294,-0.001892,0.002519,1,acq,20480,20480,0,16,True,False,1,1200000,8381618,False,-4360898,4414251,0,0,0,0,1,1,1784347707.5033338
362,45,2,formal,down,39,22,1,0.6842100952850245,1784347709.844384,1784347712.168038,1784347711.0062108,1.2,0.302067,0.518105,-0.001868,0.002559,1,acq,20480,20480,0,16,True,False,1,1200000,8381618,False,-4386897,4404766,0,0,0,0,1,1,1784347709.844384
363,45,3,formal,down,39,22,1,0.6842100952850245,1784347712.168295,1784347714.5021,1784347713.3351974,1.2,0.30216,0.518305,-0.001925,0.002521,1,acq,20480,20480,0,16,True,False,1,1200000,8381618,False,-4323043,4369790,0,0,0,0,1,1,1784347712.168295
364,45,4,formal,down,39,22,1,0.6842100952850245,1784347714.5032582,1784347716.841095,1784347715.6721766,1.2,0.301816,0.517809,-0.001934,0.00253,1,acq,20480,20480,0,16,True,False,1,1200000,8381618,False,-4327023,4344469,0,0,0,0,1,1,1784347714.5032582
365,45,5,formal,down,39,22,1,0.6842100952850245,1784347716.841365,1784347719.177353,1784347718.009359,1.2,0.301804,0.517584,-0.001909,0.002521,1,acq,20480,20480,0,16,True,False,1,1200000,8381618,False,-4349973,4338541,0,0,0,0,1,1,1784347716.841365
366,45,6,formal,down,39,22,1,0.6842100952850245,1784347719.177666,1784347721.50863,1784347720.343148,1.2,0.301457,0.517246,-0.001895,0.002559,1,acq,20480,20480,0,16,True,False,1,1200000,8381618,False,-4338710,4396890,0,0,0,0,1,1,1784347719.177666
367,45,7,formal,down,39,22,1,0.6842100952850245,1784347721.509087,1784347723.845629,1784347722.6773582,1.2,0.301658,0.517395,-0.001888,0.002498,1,acq,20480,20480,0,16,True,False,1,1200000,8381618,False,-4299330,4386982,0,0,0,0,1,1,1784347721.509087
368,46,0,formal,down,41,23,0,0.9453170476872224,1784347739.394967,1784347741.735608,1784347740.5652876,1.2,0.254028,0.435539,-0.003849,0.005648,1,acq,20480,20480,0,16,True,False,1,1200000,8381618,False,-3699150,3837529,0,0,0,0,1,1,1784347739.394967
369,46,1,formal,down,41,23,0,0.9453170476872224,1784347741.73679,1784347744.052619,1784347742.8947043,1.2,0.253771,0.435179,-0.003803,0.005596,1,acq,20480,20480,0,16,True,False,1,1200000,8381618,False,-3674337,3753435,0,0,0,0,1,1,1784347741.73679
370,46,2,formal,down,41,23,0,0.9453170476872224,1784347744.052862,1784347746.3856242,1784347745.219243,1.2,0.253649,0.435204,-0.003863,0.005651,1,acq,20480,20480,0,16,True,False,1,1200000,8381618,False,-3686532,3772828,0,0,0,0,1,1,1784347744.052862
371,46,3,formal,down,41,23,0,0.9453170476872224,1784347746.385889,1784347748.719075,1784347747.5524821,1.2,0.25343,0.434702,-0.003859,0.005684,1,acq,20480,20480,0,16,True,False,1,1200000,8381618,False,-3711768,3730993,0,0,0,0,1,1,1784347746.385889
372,46,4,formal,down,41,23,0,0.9453170476872224,1784347748.719559,1784347751.058207,1784347749.888883,1.2,0.253206,0.434546,-0.003886,0.005579,1,acq,20480,20480,0,16,True,False,1,1200000,8381618,False,-3673320,3800352,0,0,0,0,1,1,1784347748.719559
373,46,5,formal,down,41,23,0,0.9453170476872224,1784347751.0584478,1784347753.403112,1784347752.23078,1.2,0.253047,0.434267,-0.00393,0.005607,1,acq,20480,20480,0,16,True,False,1,1200000,8381618,False,-3719475,3780450,0,0,0,0,1,1,1784347751.0584478
374,46,6,formal,down,41,23,0,0.9453170476872224,1784347753.403369,1784347755.726825,1784347754.5650969,1.2,0.252902,0.433959,-0.003878,0.005663,1,acq,20480,20480,0,16,True,False,1,1200000,8381618,False,-3697117,3750555,0,0,0,0,1,1,1784347753.403369
375,46,7,formal,down,41,23,0,0.9453170476872224,1784347755.727991,1784347758.049195,1784347756.8885932,1.2,0.252718,0.433929,-0.003856,0.005694,1,acq,20480,20480,0,16,True,False,1,1200000,8381618,False,-3674337,3739377,0,0,0,0,1,1,1784347755.727991
376,47,0,formal,up,41,23,1,0.9453170476872224,1784347770.7205179,1784347773.054582,1784347771.8875499,1.2,0.252237,0.433176,-0.003907,0.005684,1,acq,20480,20480,0,16,True,False,1,1200000,8381618,False,-3638006,3716680,0,0,0,0,1,1,1784347770.7205179
377,47,1,formal,up,41,23,1,0.9453170476872224,1784347773.055682,1784347775.388245,1784347774.2219634,1.2,0.251946,0.432685,-0.003839,0.005656,1,acq,20480,20480,0,16,True,False,1,1200000,8381618,False,-3657230,3811784,0,0,0,0,1,1,1784347773.055682
378,47,2,formal,up,41,23,1,0.9453170476872224,1784347775.388528,1784347777.73278,1784347776.5606542,1.2,0.251966,0.432902,-0.003861,0.005689,1,acq,20480,20480,0,16,True,False,1,1200000,8381618,False,-3674675,3772574,0,0,0,0,1,1,1784347775.388528
379,47,3,formal,up,41,23,1,0.9453170476872224,1784347777.733094,1784347780.0674229,1784347778.9002585,1.2,0.251605,0.43217,-0.003947,0.005559,1,acq,20480,20480,0,16,True,False,1,1200000,8381618,False,-3714055,3803062,0,0,0,0,1,1,1784347777.733094
380,47,4,formal,up,41,23,1,0.9453170476872224,1784347780.067895,1784347782.3870049,1784347781.22745,1.2,0.251853,0.432718,-0.003914,0.005683,1,acq,20480,20480,0,16,True,False,1,1200000,8381618,False,-3647745,3765968,0,0,0,0,1,1,1784347780.067895
381,47,5,formal,up,41,23,1,0.9453170476872224,1784347782.38735,1784347784.7080462,1784347783.547698,1.2,0.251716,0.432454,-0.003934,0.005667,1,acq,20480,20480,0,16,True,False,1,1200000,8381618,False,-3714055,3734295,0,0,0,0,1,1,1784347782.38735
382,47,6,formal,up,41,23,1,0.9453170476872224,1784347784.708302,1784347787.039053,1784347785.8736775,1.2,0.25162,0.432366,-0.003853,0.005713,1,acq,20480,20480,0,16,True,False,1,1200000,8381618,False,-3627674,3743780,0,0,0,0,1,1,1784347784.708302
383,47,7,formal,up,41,23,1,0.9453170476872224,1784347787.039593,1784347789.388005,1784347788.213799,1.2,0.251366,0.43197,-0.003881,0.005683,1,acq,20480,20480,0,16,True,False,1,1200000,8381618,False,-3591512,3685769,0,0,0,0,1,1,1784347787.039593
384,48,0,formal,up,79,24,0,5.906349143328972,1784347852.268954,1784347854.603421,1784347853.4361875,0.266764,-0.299501,-0.508519,0.005651,-0.008179,1,acq,20480,20480,0,16,True,False,1,1200000,8381618,False,-4301702,4214219,0,0,0,0,1,1,1784347852.268954
385,48,1,formal,up,79,24,0,5.906349143328972,1784347854.604554,1784347856.944631,1784347855.7745924,0.263849,-0.298125,-0.506275,0.005583,-0.008219,1,acq,20480,20480,0,16,True,False,1,1200000,8381618,False,-4327616,4216337,0,0,0,0,1,1,1784347854.604554
386,48,2,formal,up,79,24,0,5.906349143328972,1784347856.944918,1784347859.27907,1784347858.1119938,0.261335,-0.296947,-0.504312,0.005571,-0.008211,1,acq,20480,20480,0,16,True,False,1,1200000,8381618,False,-4271129,4206852,0,0,0,0,1,1,1784347856.944918
387,48,3,formal,up,79,24,0,5.906349143328972,1784347859.2793028,1784347861.618025,1784347860.448664,0.258711,-0.295701,-0.502244,0.005647,-0.00825,1,acq,20480,20480,0,16,True,False,1,1200000,8381618,False,-4237762,4158749,0,0,0,0,1,1,1784347859.2793028
388,48,4,formal,up,79,24,0,5.906349143328972,1784347861.619154,1784347863.945813,1784347862.7824836,0.25631,-0.294564,-0.500239,0.00567,-0.008215,1,acq,20480,20480,0,16,True,False,1,1200000,8381618,False,-4240981,4169928,0,0,0,0,1,1,1784347861.619154
389,48,5,formal,up,79,24,0,5.906349143328972,1784347863.946079,1784347866.276051,1784347865.111065,0.254121,-0.293538,-0.498638,0.005634,-0.008245,1,acq,20480,20480,0,16,True,False,1,1200000,8381618,False,-4205920,4157394,0,0,0,0,1,1,1784347863.946079
390,48,6,formal,up,79,24,0,5.906349143328972,1784347866.276334,1784347868.6185548,1784347867.4474444,0.251786,-0.292211,-0.496498,0.005641,-0.008258,1,acq,20480,20480,0,16,True,False,1,1200000,8381618,False,-4238609,4130463,0,0,0,0,1,1,1784347866.276334
391,48,7,formal,up,79,24,0,5.906349143328972,1784347868.618898,1784347870.953994,1784347869.786446,0.249727,-0.291268,-0.494942,0.005621,-0.008276,1,acq,20480,20480,0,16,True,False,1,1200000,8381618,False,-4222095,4088035,0,0,0,0,1,1,1784347868.618898
392,49,0,formal,down,79,24,1,5.906349143328972,1784347883.618819,1784347885.958174,1784347884.7884965,0.238207,-0.285656,-0.485612,0.005658,-0.008368,1,acq,20480,20480,0,16,True,False,1,1200000,8381618,False,-4145792,4032819,0,0,0,0,1,1,1784347883.618819
393,49,1,formal,down,79,24,1,5.906349143328972,1784347885.9592881,1784347888.2936478,1784347887.126468,0.236422,-0.284597,-0.483723,0.005617,-0.008358,1,acq,20480,20480,0,16,True,False,1,1200000,8381618,False,-4107344,4016220,0,0,0,0,1,1,1784347885.9592881
394,49,2,formal,down,79,24,1,5.906349143328972,1784347888.294024,1784347890.636092,1784347889.4650578,0.234736,-0.283675,-0.482298,0.005623,-0.008382,1,acq,20480,20480,0,16,True,False,1,1200000,8381618,False,-4142658,3993693,0,0,0,0,1,1,1784347888.294024
395,49,3,formal,down,79,24,1,5.906349143328972,1784347890.636354,1784347892.9718232,1784347891.8040886,0.233631,-0.283409,-0.481946,0.005624,-0.008415,1,acq,20480,20480,0,16,True,False,1,1200000,8381618,False,-4129955,3986579,0,0,0,0,1,1,1784347890.636354
396,49,4,formal,down,79,24,1,5.906349143328972,1784347892.972945,1784347895.318857,1784347894.145901,0.23205,-0.282422,-0.480269,0.00563,-0.008411,1,acq,20480,20480,0,16,True,False,1,1200000,8381618,False,-4102601,3984716,0,0,0,0,1,1,1784347892.972945
397,49,5,formal,down,79,24,1,5.906349143328972,1784347895.3192608,1784347897.634816,1784347896.4770384,0.230697,-0.281872,-0.479221,0.005678,-0.008462,1,acq,20480,20480,0,16,True,False,1,1200000,8381618,False,-4098367,3970150,0,0,0,0,1,1,1784347895.3192608
398,49,6,formal,down,79,24,1,5.906349143328972,1784347897.635145,1784347899.959877,1784347898.797511,0.229235,-0.281138,-0.477981,0.005693,-0.008417,1,acq,20480,20480,0,16,True,False,1,1200000,8381618,False,-4093370,3948047,0,0,0,0,1,1,1784347897.635145
399,49,7,formal,down,79,24,1,5.906349143328972,1784347899.9601002,1784347902.300839,1784347901.1304696,0.227757,-0.280299,-0.476486,0.005678,-0.008388,1,acq,20480,20480,0,16,True,False,1,1200000,8381618,False,-4111663,3935598,0,0,0,0,1,1,1784347899.9601002
400,50,0,formal,down,1,25,0,-4.276822000356725,1784348022.7208471,1784348025.053859,1784348023.887353,0.139156,-0.226825,-0.386767,0.005277,-0.008627,1,acq,20480,20480,0,16,True,False,1,1200000,8381618,False,-3298578,3178576,0,0,0,0,1,1,1784348022.7208471
401,50,1,formal,down,1,25,0,-4.276822000356725,1784348025.055053,1784348027.4035861,1784348026.2293196,0.141701,-0.22876,-0.390096,0.005328,-0.00858,1,acq,20480,20480,0,16,True,False,1,1200000,8381618,False,-3336603,3213467,0,0,0,0,1,1,1784348025.055053
402,50,2,formal,down,1,25,0,-4.276822000356725,1784348027.403872,1784348029.747784,1784348028.575828,0.14396,-0.230252,-0.392722,0.005237,-0.008622,1,acq,20480,20480,0,16,True,False,1,1200000,8381618,False,-3363025,3224477,0,0,0,0,1,1,1784348027.403872
403,50,3,formal,down,1,25,0,-4.276822000356725,1784348029.7480588,1784348032.068445,1784348030.9082518,0.146244,-0.231833,-0.395532,0.005282,-0.008594,1,acq,20480,20480,0,16,True,False,1,1200000,8381618,False,-3400034,3248104,0,0,0,0,1,1,1784348029.7480588
404,50,4,formal,down,1,25,0,-4.276822000356725,1784348032.068697,1784348034.400955,1784348033.234826,0.14842,-0.233433,-0.398266,0.005255,-0.00857,1,acq,20480,20480,0,16,True,False,1,1200000,8381618,False,-3412398,3262417,0,0,0,0,1,1,1784348032.068697
405,50,5,formal,down,1,25,0,-4.276822000356725,1784348034.401279,1784348036.7343879,1784348035.5678334,0.150587,-0.235031,-0.400935,0.005216,-0.008524,1,acq,20480,20480,0,16,True,False,1,1200000,8381618,False,-3429590,3304422,0,0,0,0,1,1,1784348034.401279
406,50,6,formal,down,1,25,0,-4.276822000356725,1784348036.734642,1784348039.081046,1784348037.907844,0.152621,-0.236441,-0.403472,0.00526,-0.008546,1,acq,20480,20480,0,16,True,False,1,1200000,8381618,False,-3452455,3329150,0,0,0,0,1,1,1784348036.734642
407,50,7,formal,down,1,25,0,-4.276822000356725,1784348039.082238,1784348041.420226,1784348040.2512321,0.154365,-0.237395,-0.405148,0.005329,-0.008557,1,acq,20480,20480,0,16,True,False,1,1200000,8381618,False,-3457875,3326525,0,0,0,0,1,1,1784348039.082238
408,51,0,formal,up,1,25,1,-4.276822000356725,1784348054.13154,1784348056.453921,1784348055.2927306,0.16592,-0.24504,-0.418549,0.005314,-0.008461,1,acq,20480,20480,0,16,True,False,1,1200000,8381618,False,-3552641,3436703,0,0,0,0,1,1,1784348054.13154
409,51,1,formal,up,1,25,1,-4.276822000356725,1784348056.455107,1784348058.798343,1784348057.626725,0.167512,-0.246029,-0.420169,0.005314,-0.008484,1,acq,20480,20480,0,16,True,False,1,1200000,8381618,False,-3587278,3463295,0,0,0,0,1,1,1784348056.455107
410,51,2,formal,up,1,25,1,-4.276822000356725,1784348058.798571,1784348061.132534,1784348059.9655526,0.169156,-0.247255,-0.422261,0.005253,-0.008496,1,acq,20480,20480,0,16,True,False,1,1200000,8381618,False,-3611583,3475321,0,0,0,0,1,1,1784348058.798571
411,51,3,formal,up,1,25,1,-4.276822000356725,1784348061.132811,1784348063.456064,1784348062.2944374,0.170608,-0.248069,-0.423738,0.005215,-0.008456,1,acq,20480,20480,0,16,True,False,1,1200000,8381618,False,-3627504,3485145,0,0,0,0,1,1,1784348061.132811
412,51,4,formal,up,1,25,1,-4.276822000356725,1784348063.4571662,1784348065.791065,1784348064.6241155,0.171972,-0.248916,-0.424951,0.005293,-0.008445,1,acq,20480,20480,0,16,True,False,1,1200000,8381618,False,-3599981,3500981,0,0,0,0,1,1,1784348063.4571662
413,51,5,formal,up,1,25,1,-4.276822000356725,1784348065.79133,1784348068.130292,1784348066.9608111,0.173627,-0.250015,-0.426923,0.005236,-0.008492,1,acq,20480,20480,0,16,True,False,1,1200000,8381618,False,-3631654,3513769,0,0,0,0,1,1,1784348065.79133
414,51,6,formal,up,1,25,1,-4.276822000356725,1784348068.130526,1784348070.468194,1784348069.29936,0.175123,-0.250977,-0.428665,0.005246,-0.008466,1,acq,20480,20480,0,16,True,False,1,1200000,8381618,False,-3635465,3527658,0,0,0,0,1,1,1784348068.130526
415,51,7,formal,up,1,25,1,-4.276822000356725,1784348070.469337,1784348072.79458,1784348071.6319585,0.176595,-0.251981,-0.430294,0.005234,-0.008436,1,acq,20480,20480,0,16,True,False,1,1200000,8381618,False,-3638175,3544341,0,0,0,0,1,1,1784348070.469337
416,52,0,sentinel,up,20,26,0,-1.7963059525358505,1784348108.417419,1784348110.749834,1784348109.5836265,0.243935,0.289333,0.49264,0.002778,-0.006236,1,acq,20480,20480,0,16,True,False,1,1200000,8381618,False,-4150788,3999621,0,0,0,0,1,1,1784348108.417419
417,52,1,sentinel,up,20,26,0,-1.7963059525358505,1784348110.750954,1784348113.08865,1784348111.919802,0.244244,0.289338,0.492797,0.00286,-0.006283,1,acq,20480,20480,0,16,True,False,1,1200000,8381618,False,-4136984,4018930,0,0,0,0,1,1,1784348110.750954
418,52,2,sentinel,up,20,26,0,-1.7963059525358505,1784348113.0889301,1784348115.409258,1784348114.249094,0.244591,0.289523,0.4932,0.002777,-0.006199,1,acq,20480,20480,0,16,True,False,1,1200000,8381618,False,-4152567,3997250,0,0,0,0,1,1,1784348113.0889301
419,52,3,sentinel,up,20,26,0,-1.7963059525358505,1784348115.409533,1784348117.7436259,1784348116.5765796,0.244996,0.289818,0.493648,0.002817,-0.006278,1,acq,20480,20480,0,16,True,False,1,1200000,8381618,False,-4156462,4010292,0,0,0,0,1,1,1784348115.409533
420,52,4,sentinel,up,20,26,0,-1.7963059525358505,1784348117.743906,1784348120.0778198,1784348118.910863,0.245001,0.289628,0.493529,0.002869,-0.006215,1,acq,20480,20480,0,16,True,False,1,1200000,8381618,False,-4143759,4002924,0,0,0,0,1,1,1784348117.743906
421,52,5,sentinel,up,20,26,0,-1.7963059525358505,1784348120.078065,1784348122.425947,1784348121.252006,0.24512,0.289667,0.493536,0.002866,-0.006287,1,acq,20480,20480,0,16,True,False,1,1200000,8381618,False,-4147655,4010292,0,0,0,0,1,1,1784348120.078065
422,52,6,sentinel,up,20,26,0,-1.7963059525358505,1784348122.426305,1784348124.756761,1784348123.5915332,0.244986,0.289581,0.493509,0.00281,-0.006275,1,acq,20480,20480,0,16,True,False,1,1200000,8381618,False,-4144352,4011986,0,0,0,0,1,1,1784348122.426305
423,52,7,sentinel,up,20,26,0,-1.7963059525358505,1784348124.756978,1784348127.0917592,1784348125.9243686,0.244979,0.289517,0.493535,0.002877,-0.006184,1,acq,20480,20480,0,16,True,False,1,1200000,8381618,False,-4154007,4021132,0,0,0,0,1,1,1784348124.756978
424,53,0,sentinel,down,20,26,1,-1.7963059525358505,1784348139.768048,1784348142.0995882,1784348140.933818,0.244536,0.289341,0.49336,0.002879,-0.006199,1,acq,20480,20480,0,16,True,False,1,1200000,8381618,False,-4144691,4027822,0,0,0,0,1,1,1784348139.768048
425,53,1,sentinel,down,20,26,1,-1.7963059525358505,1784348142.100698,1784348144.4260921,1784348143.263395,0.244175,0.289069,0.492943,0.002868,-0.006232,1,acq,20480,20480,0,16,True,False,1,1200000,8381618,False,-4133682,3995895,0,0,0,0,1,1,1784348142.100698
426,53,2,sentinel,down,20,26,1,-1.7963059525358505,1784348144.426377,1784348146.766772,1784348145.5965745,0.244009,0.289035,0.492965,0.002931,-0.006198,1,acq,20480,20480,0,16,True,False,1,1200000,8381618,False,-4157225,3991322,0,0,0,0,1,1,1784348144.426377
427,53,3,sentinel,down,20,26,1,-1.7963059525358505,1784348146.767036,1784348149.1029298,1784348147.9349828,0.243588,0.288668,0.492321,0.002879,-0.006247,1,acq,20480,20480,0,16,True,False,1,1200000,8381618,False,-4141727,4028415,0,0,0,0,1,1,1784348146.767036
428,53,4,sentinel,down,20,26,1,-1.7963059525358505,1784348149.103201,1784348151.435949,1784348150.269575,0.243407,0.288698,0.492325,0.002933,-0.006292,1,acq,20480,20480,0,16,True,False,1,1200000,8381618,False,-4145199,4016305,0,0,0,0,1,1,1784348149.103201
429,53,5,sentinel,down,20,26,1,-1.7963059525358505,1784348151.436213,1784348153.769804,1784348152.6030085,0.243209,0.288494,0.492155,0.002944,-0.006264,1,acq,20480,20480,0,16,True,False,1,1200000,8381618,False,-4124281,4000468,0,0,0,0,1,1,1784348151.436213
430,53,6,sentinel,down,20,26,1,-1.7963059525358505,1784348153.7701418,1784348156.088811,1784348154.9294763,0.243124,0.288582,0.492296,0.002955,-0.006273,1,acq,20480,20480,0,16,True,False,1,1200000,8381618,False,-4160273,4000553,0,0,0,0,1,1,1784348153.7701418
431,53,7,sentinel,down,20,26,1,-1.7963059525358505,1784348156.089068,1784348158.422227,1784348157.2556474,0.242528,0.288125,0.491514,0.002935,-0.00625,1,acq,20480,20480,0,16,True,False,1,1200000,8381618,False,-4149942,3997335,0,0,0,0,1,1,1784348156.089068
