window_sequence_index,source_sequence_index,window_index,role,direction,grid_index,target_ordinal,pair_position,bias,t_start_unix,t_end_unix,t_mid_unix,dc_board,I1,Q1,I2,Q2,rawadc_version,rawadc_scope,rawadc_expected,rawadc_used,rawadc_read_fail,rawadc_blocks,rawadc_complete,rawadc_timeout,rawadc_gain,rawadc_fs_uv,rawadc_guard,rawadc_crc,rawadc_ch0_min,rawadc_ch0_max,rawadc_ch0_rail_lo,rawadc_ch0_rail_hi,rawadc_ch0_guard_lo,rawadc_ch0_guard_hi,rawadc_windows,read_attempt_count,t_first_attempt_start_unix
0,108,0,formal,up,6,54,0,-3.624054619351232,1784379311.5002,1784379313.8233118,1784379312.661756,0.015956,-0.035349,-0.060543,0.001213,-0.001981,1,acq,20480,20480,0,16,True,False,1,1200000,8381618,False,-602043,592558,0,0,0,0,1,1,1784379311.5002
1,108,1,formal,up,6,54,0,-3.624054619351232,1784379313.823572,1784379316.1354299,1784379314.9795008,0.016558,-0.035967,-0.061606,0.001208,-0.001992,1,acq,20480,20480,0,16,True,False,1,1200000,8381618,False,-603060,590187,0,0,0,0,1,1,1784379313.823572
2,108,2,formal,up,6,54,0,-3.624054619351232,1784379316.135679,1784379318.456577,1784379317.296128,0.017099,-0.036481,-0.062514,0.001226,-0.001987,1,acq,20480,20480,0,16,True,False,1,1200000,8381618,False,-612714,612121,0,0,0,0,1,1,1784379316.135679
3,108,3,formal,up,6,54,0,-3.624054619351232,1784379318.4568,1784379320.7734149,1784379319.6151075,0.017625,-0.037002,-0.063359,0.00123,-0.001991,1,acq,20480,20480,0,16,True,False,1,1200000,8381618,False,-644218,618049,0,0,0,0,1,1,1784379318.4568
4,108,4,formal,up,6,54,0,-3.624054619351232,1784379320.773639,1784379323.088104,1784379321.9308715,0.018159,-0.037483,-0.064222,0.001233,-0.002005,1,acq,20480,20480,0,16,True,False,1,1200000,8381618,False,-633124,628127,0,0,0,0,1,1,1784379320.773639
5,108,5,formal,up,6,54,0,-3.624054619351232,1784379323.088325,1784379325.40874,1784379324.2485325,0.018666,-0.037957,-0.06512,0.001227,-0.002015,1,acq,20480,20480,0,16,True,False,1,1200000,8381618,False,-644641,627873,0,0,0,0,1,1,1784379323.088325
6,108,6,formal,up,6,54,0,-3.624054619351232,1784379325.408993,1784379327.726675,1784379326.567834,0.019163,-0.038408,-0.065873,0.001247,-0.002007,1,acq,20480,20480,0,16,True,False,1,1200000,8381618,False,-650569,643202,0,0,0,0,1,1,1784379325.408993
7,108,7,formal,up,6,54,0,-3.624054619351232,1784379327.726968,1784379330.050359,1784379328.8886635,0.019636,-0.03889,-0.066637,0.001246,-0.002019,1,acq,20480,20480,0,16,True,False,1,1200000,8381618,False,-659970,638290,0,0,0,0,1,1,1784379327.726968
8,108,8,formal,up,6,54,0,-3.624054619351232,1784379330.0506098,1784379332.3654249,1784379331.2080173,0.020135,-0.039309,-0.067416,0.001244,-0.002022,1,acq,20480,20480,0,16,True,False,1,1200000,8381618,False,-652348,643117,0,0,0,0,1,1,1784379330.0506098
9,108,9,formal,up,6,54,0,-3.624054619351232,1784379332.36564,1784379334.686374,1784379333.526007,0.020584,-0.039703,-0.068109,0.001253,-0.002027,1,acq,20480,20480,0,16,True,False,1,1200000,8381618,False,-664035,651247,0,0,0,0,1,1,1784379332.36564
10,108,10,formal,up,6,54,0,-3.624054619351232,1784379334.686662,1784379337.013236,1784379335.849949,0.021046,-0.040117,-0.068767,0.001239,-0.002054,1,acq,20480,20480,0,16,True,False,1,1200000,8381618,False,-679448,664543,0,0,0,0,1,1,1784379334.686662
11,108,11,formal,up,6,54,0,-3.624054619351232,1784379337.013463,1784379339.3255522,1784379338.1695075,0.021473,-0.040523,-0.069454,0.001265,-0.002034,1,acq,20480,20480,0,16,True,False,1,1200000,8381618,False,-672419,669201,0,0,0,0,1,1,1784379337.013463
12,108,12,formal,up,6,54,0,-3.624054619351232,1784379339.325799,1784379341.638568,1784379340.4821835,0.021927,-0.040848,-0.070064,0.001243,-0.002046,1,acq,20480,20480,0,16,True,False,1,1200000,8381618,False,-694268,674028,0,0,0,0,1,1,1784379339.325799
13,108,13,formal,up,6,54,0,-3.624054619351232,1784379341.63879,1784379343.954082,1784379342.7964358,0.022346,-0.041216,-0.070714,0.001271,-0.002069,1,acq,20480,20480,0,16,True,False,1,1200000,8381618,False,-687070,685969,0,0,0,0,1,1,1784379341.63879
14,108,14,formal,up,6,54,0,-3.624054619351232,1784379343.954346,1784379346.267734,1784379345.11104,0.022738,-0.041547,-0.0713,0.001257,-0.002057,1,acq,20480,20480,0,16,True,False,1,1200000,8381618,False,-697571,675298,0,0,0,0,1,1,1784379343.954346
15,108,15,formal,up,6,54,0,-3.624054619351232,1784379346.2680068,1784379348.59343,1784379347.4307184,0.023193,-0.041948,-0.071985,0.001267,-0.002074,1,acq,20480,20480,0,16,True,False,1,1200000,8381618,False,-708580,685799,0,0,0,0,1,1,1784379346.2680068
16,109,0,formal,down,6,54,1,-3.624054619351232,1784379361.1489081,1784379363.466744,1784379362.307826,0.025672,-0.044037,-0.07546,0.001276,-0.002077,1,acq,20480,20480,0,16,True,False,1,1200000,8381618,False,-739661,711544,0,0,0,0,1,1,1784379361.1489081
17,109,1,formal,down,6,54,1,-3.624054619351232,1784379363.466964,1784379365.791929,1784379364.6294465,0.026037,-0.04433,-0.07598,0.001299,-0.002092,1,acq,20480,20480,0,16,True,False,1,1200000,8381618,False,-730938,714254,0,0,0,0,1,1,1784379363.466964
18,109,2,formal,down,6,54,1,-3.624054619351232,1784379365.79216,1784379368.110403,1784379366.9512815,0.026436,-0.044648,-0.076514,0.001284,-0.002067,1,acq,20480,20480,0,16,True,False,1,1200000,8381618,False,-739576,729668,0,0,0,0,1,1,1784379365.79216
19,109,3,formal,down,6,54,1,-3.624054619351232,1784379368.110871,1784379370.432298,1784379369.2715845,0.026799,-0.044865,-0.077005,0.001286,-0.002091,1,acq,20480,20480,0,16,True,False,1,1200000,8381618,False,-736697,716964,0,0,0,0,1,1,1784379368.110871
20,109,4,formal,down,6,54,1,-3.624054619351232,1784379370.432543,1784379372.754795,1784379371.593669,0.027192,-0.045179,-0.077488,0.001301,-0.002101,1,acq,20480,20480,0,16,True,False,1,1200000,8381618,False,-764982,722469,0,0,0,0,1,1,1784379370.432543
21,109,5,formal,down,6,54,1,-3.624054619351232,1784379372.755017,1784379375.07424,1784379373.9146285,0.027546,-0.045447,-0.078033,0.001305,-0.002101,1,acq,20480,20480,0,16,True,False,1,1200000,8381618,False,-737543,732039,0,0,0,0,1,1,1784379372.755017
22,109,6,formal,down,6,54,1,-3.624054619351232,1784379375.074456,1784379377.3930209,1784379376.2337384,0.027887,-0.045759,-0.078485,0.001285,-0.002096,1,acq,20480,20480,0,16,True,False,1,1200000,8381618,False,-759308,735765,0,0,0,0,1,1,1784379375.074456
23,109,7,formal,down,6,54,1,-3.624054619351232,1784379377.3932831,1784379379.715553,1784379378.554418,0.028254,-0.045998,-0.078888,0.001297,-0.002111,1,acq,20480,20480,0,16,True,False,1,1200000,8381618,False,-756513,733733,0,0,0,0,1,1,1784379377.3932831
24,109,8,formal,down,6,54,1,-3.624054619351232,1784379379.715792,1784379382.0402849,1784379380.8780384,0.028604,-0.046251,-0.079418,0.001317,-0.002114,1,acq,20480,20480,0,16,True,False,1,1200000,8381618,False,-764305,721792,0,0,0,0,1,1,1784379379.715792
25,109,9,formal,down,6,54,1,-3.624054619351232,1784379382.040576,1784379384.350864,1784379383.19572,0.028965,-0.046581,-0.079886,0.001307,-0.002105,1,acq,20480,20480,0,16,True,False,1,1200000,8381618,False,-777431,748214,0,0,0,0,1,1,1784379382.040576
26,109,10,formal,down,6,54,1,-3.624054619351232,1784379384.351116,1784379386.673984,1784379385.5125499,0.029333,-0.046845,-0.080337,0.001308,-0.00212,1,acq,20480,20480,0,16,True,False,1,1200000,8381618,False,-762018,738390,0,0,0,0,1,1,1784379384.351116
27,109,11,formal,down,6,54,1,-3.624054619351232,1784379386.674208,1784379388.9944801,1784379387.834344,0.029657,-0.047077,-0.080795,0.001315,-0.002112,1,acq,20480,20480,0,16,True,False,1,1200000,8381618,False,-780988,761510,0,0,0,0,1,1,1784379386.674208
28,109,12,formal,down,6,54,1,-3.624054619351232,1784379388.99472,1784379391.318451,1784379390.1565855,0.030016,-0.047385,-0.081226,0.001323,-0.002122,1,acq,20480,20480,0,16,True,False,1,1200000,8381618,False,-776754,749908,0,0,0,0,1,1,1784379388.99472
29,109,13,formal,down,6,54,1,-3.624054619351232,1784379391.31876,1784379393.6434581,1784379392.4811091,0.030368,-0.047584,-0.081686,0.001316,-0.002118,1,acq,20480,20480,0,16,True,False,1,1200000,8381618,False,-774806,755243,0,0,0,0,1,1,1784379391.31876
30,109,14,formal,down,6,54,1,-3.624054619351232,1784379393.643718,1784379395.970552,1784379394.807135,0.030681,-0.047864,-0.082099,0.00131,-0.002123,1,acq,20480,20480,0,16,True,False,1,1200000,8381618,False,-779210,766930,0,0,0,0,1,1,1784379393.643718
31,109,15,formal,down,6,54,1,-3.624054619351232,1784379395.97088,1784379398.287728,1784379397.129304,0.031076,-0.048151,-0.082532,0.001317,-0.00212,1,acq,20480,20480,0,16,True,False,1,1200000,8381618,False,-773451,763712,0,0,0,0,1,1,1784379395.97088
32,110,0,formal,down,74,55,0,5.2535817623234795,1784379507.411034,1784379509.738121,1784379508.5745776,0.522591,-0.162488,-0.277167,0.000904,-0.000899,1,acq,20480,20480,0,16,True,False,1,1200000,8381618,False,-2319675,2394539,0,0,0,0,1,1,1784379507.411034
33,110,1,formal,down,74,55,0,5.2535817623234795,1784379509.738373,1784379512.0582452,1784379510.8983092,0.518855,-0.162103,-0.276593,0.000885,-0.000884,1,acq,20480,20480,0,16,True,False,1,1200000,8381618,False,-2351687,2386917,0,0,0,0,1,1,1784379509.738373
34,110,2,formal,down,74,55,0,5.2535817623234795,1784379512.058482,1784379514.387744,1784379513.223113,0.51517,-0.161713,-0.275821,0.00093,-0.000904,1,acq,20480,20480,0,16,True,False,1,1200000,8381618,False,-2311884,2398519,0,0,0,0,1,1,1784379512.058482
35,110,3,formal,down,74,55,0,5.2535817623234795,1784379514.3879821,1784379516.71189,1784379515.549936,0.51233,-0.161599,-0.275695,0.000942,-0.000936,1,acq,20480,20480,0,16,True,False,1,1200000,8381618,False,-2314594,2378787,0,0,0,0,1,1,1784379514.3879821
36,110,4,formal,down,74,55,0,5.2535817623234795,1784379516.71219,1784379519.027925,1784379517.8700576,0.509807,-0.161421,-0.275478,0.000928,-0.000889,1,acq,20480,20480,0,16,True,False,1,1200000,8381618,False,-2308327,2374468,0,0,0,0,1,1,1784379516.71219
37,110,5,formal,down,74,55,0,5.2535817623234795,1784379519.028208,1784379521.3443289,1784379520.1862683,0.507069,-0.161182,-0.275197,0.000906,-0.000936,1,acq,20480,20480,0,16,True,False,1,1200000,8381618,False,-2324587,2373537,0,0,0,0,1,1,1784379519.028208
38,110,6,formal,down,74,55,0,5.2535817623234795,1784379521.344566,1784379523.661293,1784379522.5029297,0.503766,-0.160864,-0.274544,0.000916,-0.000973,1,acq,20480,20480,0,16,True,False,1,1200000,8381618,False,-2315695,2367100,0,0,0,0,1,1,1784379521.344566
39,110,7,formal,down,74,55,0,5.2535817623234795,1784379523.661546,1784379525.977729,1784379524.8196375,0.501088,-0.160663,-0.274193,0.000928,-0.000949,1,acq,20480,20480,0,16,True,False,1,1200000,8381618,False,-2336613,2358547,0,0,0,0,1,1,1784379523.661546
40,110,8,formal,down,74,55,0,5.2535817623234795,1784379525.9779708,1784379528.2977228,1784379527.137847,0.498795,-0.160562,-0.274019,0.000923,-0.000971,1,acq,20480,20480,0,16,True,False,1,1200000,8381618,False,-2322639,2333141,0,0,0,0,1,1,1784379525.9779708
41,110,9,formal,down,74,55,0,5.2535817623234795,1784379528.298063,1784379530.616451,1784379529.457257,0.496168,-0.160216,-0.27348,0.000904,-0.000938,1,acq,20480,20480,0,16,True,False,1,1200000,8381618,False,-2301383,2387764,0,0,0,0,1,1,1784379528.298063
42,110,10,formal,down,74,55,0,5.2535817623234795,1784379530.616718,1784379532.9394822,1784379531.7781,0.493568,-0.160026,-0.272993,0.000904,-0.000967,1,acq,20480,20480,0,16,True,False,1,1200000,8381618,False,-2311545,2354143,0,0,0,0,1,1,1784379530.616718
43,110,11,formal,down,74,55,0,5.2535817623234795,1784379532.939772,1784379535.262943,1784379534.1013575,0.491446,-0.15983,-0.272749,0.000889,-0.000961,1,acq,20480,20480,0,16,True,False,1,1200000,8381618,False,-2314425,2368032,0,0,0,0,1,1,1784379532.939772
44,110,12,formal,down,74,55,0,5.2535817623234795,1784379535.2631838,1784379537.591438,1784379536.427311,0.48912,-0.159633,-0.272492,0.000949,-0.000953,1,acq,20480,20480,0,16,True,False,1,1200000,8381618,False,-2322639,2366084,0,0,0,0,1,1,1784379535.2631838
45,110,13,formal,down,74,55,0,5.2535817623234795,1784379537.591692,1784379539.916534,1784379538.754113,0.486797,-0.159397,-0.27212,0.000911,-0.000966,1,acq,20480,20480,0,16,True,False,1,1200000,8381618,False,-2299435,2318405,0,0,0,0,1,1,1784379537.591692
46,110,14,formal,down,74,55,0,5.2535817623234795,1784379539.9168,1784379542.2354581,1784379541.076129,0.484628,-0.159234,-0.271788,0.000958,-0.000986,1,acq,20480,20480,0,16,True,False,1,1200000,8381618,False,-2290882,2335512,0,0,0,0,1,1,1784379539.9168
47,110,15,formal,down,74,55,0,5.2535817623234795,1784379542.235732,1784379544.564806,1784379543.400269,0.482393,-0.159084,-0.271354,0.000907,-0.001003,1,acq,20480,20480,0,16,True,False,1,1200000,8381618,False,-2287325,2362358,0,0,0,0,1,1,1784379542.235732
48,111,0,formal,up,74,55,1,5.2535817623234795,1784379557.131534,1784379559.4530199,1784379558.2922769,0.470373,-0.157897,-0.269526,0.000972,-0.000997,1,acq,20480,20480,0,16,True,False,1,1200000,8381618,False,-2258107,2343303,0,0,0,0,1,1,1784379557.131534
49,111,1,formal,up,74,55,1,5.2535817623234795,1784379559.453422,1784379561.772796,1784379560.613109,0.468657,-0.15779,-0.269409,0.000963,-0.000983,1,acq,20480,20480,0,16,True,False,1,1200000,8381618,False,-2260479,2313747,0,0,0,0,1,1,1784379559.453422
50,111,2,formal,up,74,55,1,5.2535817623234795,1784379561.773037,1784379564.085218,1784379562.9291275,0.466573,-0.157525,-0.268905,0.000997,-0.000986,1,acq,20480,20480,0,16,True,False,1,1200000,8381618,False,-2287748,2314086,0,0,0,0,1,1,1784379561.773037
51,111,3,formal,up,74,55,1,5.2535817623234795,1784379564.0854669,1784379566.413016,1784379565.2492414,0.464787,-0.157299,-0.268569,0.000971,-0.001,1,acq,20480,20480,0,16,True,False,1,1200000,8381618,False,-2280042,2320353,0,0,0,0,1,1,1784379564.0854669
52,111,4,formal,up,74,55,1,5.2535817623234795,1784379566.413298,1784379568.740078,1784379567.5766878,0.462863,-0.157125,-0.26814,0.000959,-0.001007,1,acq,20480,20480,0,16,True,False,1,1200000,8381618,False,-2308412,2318744,0,0,0,0,1,1,1784379566.413298
53,111,5,formal,up,74,55,1,5.2535817623234795,1784379568.740316,1784379571.063147,1784379569.9017315,0.461657,-0.15714,-0.26822,0.000955,-0.000995,1,acq,20480,20480,0,16,True,False,1,1200000,8381618,False,-2284784,2319591,0,0,0,0,1,1,1784379568.740316
54,111,6,formal,up,74,55,1,5.2535817623234795,1784379571.063436,1784379573.391391,1784379572.2274137,0.459582,-0.156746,-0.267588,0.000921,-0.000966,1,acq,20480,20480,0,16,True,False,1,1200000,8381618,False,-2275468,2299096,0,0,0,0,1,1,1784379571.063436
55,111,7,formal,up,74,55,1,5.2535817623234795,1784379573.391615,1784379575.711326,1784379574.5514703,0.458195,-0.156646,-0.267483,0.000981,-0.001058,1,acq,20480,20480,0,16,True,False,1,1200000,8381618,False,-2298249,2286986,0,0,0,0,1,1,1784379573.391615
56,111,8,formal,up,74,55,1,5.2535817623234795,1784379575.711627,1784379578.027524,1784379576.8695755,0.45643,-0.15647,-0.267049,0.000914,-0.000993,1,acq,20480,20480,0,16,True,False,1,1200000,8381618,False,-2315102,2321115,0,0,0,0,1,1,1784379575.711627
57,111,9,formal,up,74,55,1,5.2535817623234795,1784379578.0278091,1784379580.34415,1784379579.1859796,0.45489,-0.156263,-0.266767,0.000934,-0.001019,1,acq,20480,20480,0,16,True,False,1,1200000,8381618,False,-2266407,2311376,0,0,0,0,1,1,1784379578.0278091
58,111,10,formal,up,74,55,1,5.2535817623234795,1784379580.344477,1784379582.6595578,1784379581.5020175,0.453497,-0.156172,-0.266722,0.001001,-0.001095,1,acq,20480,20480,0,16,True,False,1,1200000,8381618,False,-2293337,2305448,0,0,0,0,1,1,1784379580.344477
59,111,11,formal,up,74,55,1,5.2535817623234795,1784379582.6599739,1784379584.969981,1784379583.8149774,0.452,-0.155986,-0.266369,0.000988,-0.001066,1,acq,20480,20480,0,16,True,False,1,1200000,8381618,False,-2274029,2301383,0,0,0,0,1,1,1784379582.6599739
60,111,12,formal,up,74,55,1,5.2535817623234795,1784379584.970339,1784379587.290813,1784379586.1305761,0.45035,-0.155788,-0.266111,0.000974,-0.00102,1,acq,20480,20480,0,16,True,False,1,1200000,8381618,False,-2289357,2320014,0,0,0,0,1,1,1784379584.970339
61,111,13,formal,up,74,55,1,5.2535817623234795,1784379587.291075,1784379589.606119,1784379588.448597,0.449247,-0.155839,-0.266013,0.000986,-0.00104,1,acq,20480,20480,0,16,True,False,1,1200000,8381618,False,-2264967,2323148,0,0,0,0,1,1,1784379587.291075
62,111,14,formal,up,74,55,1,5.2535817623234795,1784379589.606358,1784379591.9241018,1784379590.76523,0.447572,-0.155601,-0.265595,0.000984,-0.001015,1,acq,20480,20480,0,16,True,False,1,1200000,8381618,False,-2268355,2281905,0,0,0,0,1,1,1784379589.606358
63,111,15,formal,up,74,55,1,5.2535817623234795,1784379591.9244502,1784379594.244729,1784379593.0845895,0.446568,-0.155587,-0.265501,0.000969,-0.00106,1,acq,20480,20480,0,16,True,False,1,1200000,8381618,False,-2258870,2280888,0,0,0,0,1,1,1784379591.9244502
64,112,0,formal,up,44,56,0,1.3369774762905182,1784379649.382997,1784379651.701213,1784379650.542105,1.2,0.04962,0.085269,-0.00097,0.001576,1,acq,20480,20480,0,16,True,False,1,1200000,8381618,False,-873636,893877,0,0,0,0,1,1,1784379649.382997
65,112,1,formal,up,44,56,0,1.3369774762905182,1784379651.7015,1784379654.027394,1784379652.864447,1.2,0.049911,0.085817,-0.000976,0.001594,1,acq,20480,20480,0,16,True,False,1,1200000,8381618,False,-871942,896248,0,0,0,0,1,1,1784379651.7015
66,112,2,formal,up,44,56,0,1.3369774762905182,1784379654.0276349,1784379656.340845,1784379655.1842399,1.2,0.050133,0.086337,-0.000988,0.001579,1,acq,20480,20480,0,16,True,False,1,1200000,8381618,False,-893961,956461,0,0,0,0,1,1,1784379654.0276349
67,112,3,formal,up,44,56,0,1.3369774762905182,1784379656.341252,1784379658.665843,1784379657.5035477,1.2,0.050388,0.086805,-0.000973,0.001555,1,acq,20480,20480,0,16,True,False,1,1200000,8381618,False,-891421,946298,0,0,0,0,1,1,1784379656.341252
68,112,4,formal,up,44,56,0,1.3369774762905182,1784379658.666091,1784379661.002665,1784379659.834378,1.2,0.050583,0.087068,-0.000998,0.001564,1,acq,20480,20480,0,16,True,False,1,1200000,8381618,False,-860848,929953,0,0,0,0,1,1,1784379658.666091
69,112,5,formal,up,44,56,0,1.3369774762905182,1784379661.0028968,1784379663.331272,1784379662.1670842,1.2,0.050857,0.087555,-0.000997,0.001566,1,acq,20480,20480,0,16,True,False,1,1200000,8381618,False,-883883,935797,0,0,0,0,1,1,1784379661.0028968
70,112,6,formal,up,44,56,0,1.3369774762905182,1784379663.331528,1784379665.671464,1784379664.5014958,1.2,0.0511,0.087971,-0.000963,0.001558,1,acq,20480,20480,0,16,True,False,1,1200000,8381618,False,-846875,884984,0,0,0,0,1,1,1784379663.331528
71,112,7,formal,up,44,56,0,1.3369774762905182,1784379665.671687,1784379668.0081658,1784379666.8399262,1.2,0.051207,0.088181,-0.001015,0.00156,1,acq,20480,20480,0,16,True,False,1,1200000,8381618,False,-920045,921061,0,0,0,0,1,1,1784379665.671687
72,112,8,formal,up,44,56,0,1.3369774762905182,1784379668.0084,1784379670.343359,1784379669.1758795,1.2,0.051339,0.088469,-0.001007,0.001563,1,acq,20480,20480,0,16,True,False,1,1200000,8381618,False,-972721,988642,0,0,0,0,1,1,1784379668.0084
73,112,9,formal,up,44,56,0,1.3369774762905182,1784379670.343678,1784379672.681076,1784379671.512377,1.2,0.051539,0.088835,-0.000982,0.001551,1,acq,20480,20480,0,16,True,False,1,1200000,8381618,False,-898534,944689,0,0,0,0,1,1,1784379670.343678
74,112,10,formal,up,44,56,0,1.3369774762905182,1784379672.681335,1784379675.01249,1784379673.8469124,1.2,0.051759,0.089095,-0.001,0.001571,1,acq,20480,20480,0,16,True,False,1,1200000,8381618,False,-899212,971704,0,0,0,0,1,1,1784379672.681335
75,112,11,formal,up,44,56,0,1.3369774762905182,1784379675.012765,1784379677.341304,1784379676.1770344,1.2,0.051834,0.089366,-0.000996,0.001568,1,acq,20480,20480,0,16,True,False,1,1200000,8381618,False,-953751,924025,0,0,0,0,1,1,1784379675.012765
76,112,12,formal,up,44,56,0,1.3369774762905182,1784379677.341543,1784379679.676744,1784379678.5091434,1.2,0.051978,0.089621,-0.000963,0.001569,1,acq,20480,20480,0,16,True,False,1,1200000,8381618,False,-868555,939947,0,0,0,0,1,1,1784379677.341543
77,112,13,formal,up,44,56,0,1.3369774762905182,1784379679.6772218,1784379682.004632,1784379680.840927,1.2,0.052106,0.089781,-0.000991,0.001561,1,acq,20480,20480,0,16,True,False,1,1200000,8381618,False,-973991,957731,0,0,0,0,1,1,1784379679.6772218
78,112,14,formal,up,44,56,0,1.3369774762905182,1784379682.004858,1784379684.3462021,1784379683.17553,1.2,0.052156,0.089935,-0.000963,0.001562,1,acq,20480,20480,0,16,True,False,1,1200000,8381618,False,-997111,1012608,0,0,0,0,1,1,1784379682.004858
79,112,15,formal,up,44,56,0,1.3369774762905182,1784379684.346432,1784379686.668031,1784379685.5072315,1.2,0.052376,0.090237,-0.000978,0.001547,1,acq,20480,20480,0,16,True,False,1,1200000,8381618,False,-871773,930970,0,0,0,0,1,1,1784379684.346432
80,113,0,formal,down,44,56,1,1.3369774762905182,1784379699.366913,1784379701.702304,1784379700.5346084,1.2,0.052889,0.091182,-0.000976,0.00152,1,acq,20480,20480,0,16,True,False,1,1200000,8381618,False,-881343,948246,0,0,0,0,1,1,1784379699.366913
81,113,1,formal,down,44,56,1,1.3369774762905182,1784379701.7026,1784379704.032023,1784379702.8673115,1.2,0.052959,0.091361,-0.000975,0.001592,1,acq,20480,20480,0,16,True,False,1,1200000,8381618,False,-913355,930292,0,0,0,0,1,1,1784379701.7026
82,113,2,formal,down,44,56,1,1.3369774762905182,1784379704.032269,1784379706.359448,1784379705.1958585,1.2,0.053062,0.091459,-0.000988,0.001577,1,acq,20480,20480,0,16,True,False,1,1200000,8381618,False,-874398,942995,0,0,0,0,1,1,1784379704.032269
83,113,3,formal,down,44,56,1,1.3369774762905182,1784379706.359667,1784379708.702413,1784379707.5310402,1.2,0.053142,0.091608,-0.000973,0.001531,1,acq,20480,20480,0,16,True,False,1,1200000,8381618,False,-941386,945367,0,0,0,0,1,1,1784379706.359667
84,113,4,formal,down,44,56,1,1.3369774762905182,1784379708.702739,1784379711.029106,1784379709.8659225,1.2,0.053119,0.091652,-0.00096,0.001542,1,acq,20480,20480,0,16,True,False,1,1200000,8381618,False,-923602,1004309,0,0,0,0,1,1,1784379708.702739
85,113,5,formal,down,44,56,1,1.3369774762905182,1784379711.029331,1784379713.363095,1784379712.196213,1.2,0.053273,0.091882,-0.000979,0.001568,1,acq,20480,20480,0,16,True,False,1,1200000,8381618,False,-985508,1010576,0,0,0,0,1,1,1784379711.029331
86,113,6,formal,down,44,56,1,1.3369774762905182,1784379713.363323,1784379715.6940548,1784379714.528689,1.2,0.053289,0.091954,-0.000983,0.001556,1,acq,20480,20480,0,16,True,False,1,1200000,8381618,False,-942741,959001,0,0,0,0,1,1,1784379713.363323
87,113,7,formal,down,44,56,1,1.3369774762905182,1784379715.694307,1784379718.0349529,1784379716.86463,1.2,0.053289,0.091969,-0.000989,0.001584,1,acq,20480,20480,0,16,True,False,1,1200000,8381618,False,-998212,1086541,0,0,0,0,1,1,1784379715.694307
88,113,8,formal,down,44,56,1,1.3369774762905182,1784379718.035268,1784379720.373926,1784379719.204597,1.2,0.053418,0.09221,-0.000968,0.001549,1,acq,20480,20480,0,16,True,False,1,1200000,8381618,False,-958408,950024,0,0,0,0,1,1,1784379718.035268
89,113,9,formal,down,44,56,1,1.3369774762905182,1784379720.374149,1784379722.702732,1784379721.5384407,1.2,0.053471,0.092202,-0.001,0.001583,1,acq,20480,20480,0,16,True,False,1,1200000,8381618,False,-868894,963744,0,0,0,0,1,1,1784379720.374149
90,113,10,formal,down,44,56,1,1.3369774762905182,1784379722.702987,1784379725.019073,1784379723.86103,1.2,0.05349,0.092263,-0.000989,0.001557,1,acq,20480,20480,0,16,True,False,1,1200000,8381618,False,-951549,957053,0,0,0,0,1,1,1784379722.702987
91,113,11,formal,down,44,56,1,1.3369774762905182,1784379725.019328,1784379727.3542771,1784379726.1868026,1.2,0.053537,0.092393,-0.000989,0.001576,1,acq,20480,20480,0,16,True,False,1,1200000,8381618,False,-919876,962812,0,0,0,0,1,1,1784379725.019328
92,113,12,formal,down,44,56,1,1.3369774762905182,1784379727.3545291,1784379729.694103,1784379728.524316,1.2,0.053586,0.092449,-0.000958,0.001554,1,acq,20480,20480,0,16,True,False,1,1200000,8381618,False,-908358,954089,0,0,0,0,1,1,1784379727.3545291
93,113,13,formal,down,44,56,1,1.3369774762905182,1784379729.694518,1784379732.018115,1784379730.8563166,1.2,0.053639,0.092577,-0.000985,0.001565,1,acq,20480,20480,0,16,True,False,1,1200000,8381618,False,-977378,981867,0,0,0,0,1,1,1784379729.694518
94,113,14,formal,down,44,56,1,1.3369774762905182,1784379732.018368,1784379734.3596742,1784379733.189021,1.2,0.053597,0.092614,-0.000974,0.001528,1,acq,20480,20480,0,16,True,False,1,1200000,8381618,False,-962473,1010576,0,0,0,0,1,1,1784379732.018368
95,113,15,formal,down,44,56,1,1.3369774762905182,1784379734.359922,1784379736.6996942,1784379735.529808,1.2,0.053737,0.092671,-0.000996,0.001578,1,acq,20480,20480,0,16,True,False,1,1200000,8381618,False,-907935,995417,0,0,0,0,1,1,1784379734.359922
96,114,0,formal,down,36,57,0,0.29254966668172866,1784379756.607388,1784379758.94306,1784379757.775224,1.2,0.135136,0.231879,-0.002158,0.002885,1,acq,20480,20480,0,16,True,False,1,1200000,8381618,False,-1992189,2081873,0,0,0,0,1,1,1784379756.607388
97,114,1,formal,down,36,57,0,0.29254966668172866,1784379758.943302,1784379761.2822459,1784379760.112774,1.2,0.135219,0.232016,-0.002211,0.002887,1,acq,20480,20480,0,16,True,False,1,1200000,8381618,False,-2044526,2080179,0,0,0,0,1,1,1784379758.943302
98,114,2,formal,down,36,57,0,0.29254966668172866,1784379761.2824728,1784379763.625998,1784379762.4542356,1.2,0.135373,0.232295,-0.002214,0.002872,1,acq,20480,20480,0,16,True,False,1,1200000,8381618,False,-2054349,2060870,0,0,0,0,1,1,1784379761.2824728
99,114,3,formal,down,36,57,0,0.29254966668172866,1784379763.626237,1784379765.9525278,1784379764.7893825,1.2,0.135549,0.232627,-0.002208,0.002859,1,acq,20480,20480,0,16,True,False,1,1200000,8381618,False,-2048845,2097455,0,0,0,0,1,1,1784379763.626237
100,114,4,formal,down,36,57,0,0.29254966668172866,1784379765.952789,1784379768.284052,1784379767.1184206,1.2,0.135709,0.232948,-0.002199,0.002874,1,acq,20480,20480,0,16,True,False,1,1200000,8381618,False,-2067815,2155043,0,0,0,0,1,1,1784379765.952789
101,114,5,formal,down,36,57,0,0.29254966668172866,1784379768.2842839,1784379770.617742,1784379769.451013,1.2,0.135693,0.232929,-0.002205,0.002874,1,acq,20480,20480,0,16,True,False,1,1200000,8381618,False,-2116341,2133617,0,0,0,0,1,1,1784379768.2842839
102,114,6,formal,down,36,57,0,0.29254966668172866,1784379770.618465,1784379772.964361,1784379771.7914128,1.2,0.135841,0.233125,-0.0022,0.002871,1,acq,20480,20480,0,16,True,False,1,1200000,8381618,False,-2066036,2086277,0,0,0,0,1,1,1784379770.618465
103,114,7,formal,down,36,57,0,0.29254966668172866,1784379772.964797,1784379775.298541,1784379774.131669,1.2,0.135832,0.233255,-0.002172,0.002871,1,acq,20480,20480,0,16,True,False,1,1200000,8381618,False,-2032923,2048083,0,0,0,0,1,1,1784379772.964797
104,114,8,formal,down,36,57,0,0.29254966668172866,1784379775.2987561,1784379777.627541,1784379776.4631486,1.2,0.136017,0.233659,-0.002208,0.002888,1,acq,20480,20480,0,16,True,False,1,1200000,8381618,False,-2017510,2073489,0,0,0,0,1,1,1784379775.2987561
105,114,9,formal,down,36,57,0,0.29254966668172866,1784379777.627794,1784379779.970212,1784379778.7990031,1.2,0.136108,0.233924,-0.002209,0.002884,1,acq,20480,20480,0,16,True,False,1,1200000,8381618,False,-2030552,2109142,0,0,0,0,1,1,1784379777.627794
106,114,10,formal,down,36,57,0,0.29254966668172866,1784379779.970492,1784379782.3171132,1784379781.1438026,1.2,0.136249,0.234033,-0.002188,0.002865,1,acq,20480,20480,0,16,True,False,1,1200000,8381618,False,-2029451,2128536,0,0,0,0,1,1,1784379779.970492
107,114,11,formal,down,36,57,0,0.29254966668172866,1784379782.317353,1784379784.659008,1784379783.4881806,1.2,0.136231,0.233965,-0.00216,0.002936,1,acq,20480,20480,0,16,True,False,1,1200000,8381618,False,-2002859,2085514,0,0,0,0,1,1,1784379782.317353
108,114,12,formal,down,36,57,0,0.29254966668172866,1784379784.659232,1784379786.994596,1784379785.8269138,1.2,0.136298,0.234132,-0.00219,0.002889,1,acq,20480,20480,0,16,True,False,1,1200000,8381618,False,-2064173,2114986,0,0,0,0,1,1,1784379784.659232
109,114,13,formal,down,36,57,0,0.29254966668172866,1784379786.994829,1784379789.328183,1784379788.161506,1.2,0.136467,0.234466,-0.002211,0.002827,1,acq,20480,20480,0,16,True,False,1,1200000,8381618,False,-2055874,2068746,0,0,0,0,1,1,1784379786.994829
110,114,14,formal,down,36,57,0,0.29254966668172866,1784379789.32846,1784379791.65437,1784379790.491415,1.2,0.136401,0.234355,-0.002143,0.002905,1,acq,20480,20480,0,16,True,False,1,1200000,8381618,False,-2137512,2160209,0,0,0,0,1,1,1784379789.32846
111,114,15,formal,down,36,57,0,0.29254966668172866,1784379791.6546292,1784379793.996841,1784379792.825735,1.2,0.136531,0.234465,-0.002192,0.002895,1,acq,20480,20480,0,16,True,False,1,1200000,8381618,False,-2091866,2116171,0,0,0,0,1,1,1784379791.6546292
112,115,0,formal,up,36,57,1,0.29254966668172866,1784379806.690604,1784379809.018831,1784379807.8547175,1.2,0.137002,0.235371,-0.002199,0.002859,1,acq,20480,20480,0,16,True,False,1,1200000,8381618,False,-2056297,2113207,0,0,0,0,1,1,1784379806.690604
113,115,1,formal,up,36,57,1,0.29254966668172866,1784379809.0190861,1784379811.35708,1784379810.1880832,1.2,0.137064,0.235497,-0.002166,0.002896,1,acq,20480,20480,0,16,True,False,1,1200000,8381618,False,-2108465,2106432,0,0,0,0,1,1,1784379809.0190861
114,115,2,formal,up,36,57,1,0.29254966668172866,1784379811.357311,1784379813.683656,1784379812.5204835,1.2,0.137038,0.235632,-0.00224,0.002919,1,acq,20480,20480,0,16,True,False,1,1200000,8381618,False,-2051724,2061802,0,0,0,0,1,1,1784379811.357311
115,115,3,formal,up,36,57,1,0.29254966668172866,1784379813.684008,1784379816.018539,1784379814.8512735,1.2,0.137018,0.235605,-0.002215,0.002918,1,acq,20480,20480,0,16,True,False,1,1200000,8381618,False,-2038597,2107364,0,0,0,0,1,1,1784379813.684008
116,115,4,formal,up,36,57,1,0.29254966668172866,1784379816.018822,1784379818.339778,1784379817.1792998,1.2,0.137064,0.235807,-0.002179,0.002887,1,acq,20480,20480,0,16,True,False,1,1200000,8381618,False,-2055450,2090342,0,0,0,0,1,1,1784379816.018822
117,115,5,formal,up,36,57,1,0.29254966668172866,1784379818.340009,1784379820.678602,1784379819.5093055,1.2,0.137139,0.235871,-0.002213,0.002889,1,acq,20480,20480,0,16,True,False,1,1200000,8381618,False,-2045881,2154873,0,0,0,0,1,1,1784379818.340009
118,115,6,formal,up,36,57,1,0.29254966668172866,1784379820.6789,1784379823.009985,1784379821.8444424,1.2,0.13733,0.236004,-0.002189,0.0029,1,acq,20480,20480,0,16,True,False,1,1200000,8381618,False,-2077469,2112360,0,0,0,0,1,1,1784379820.6789
119,115,7,formal,up,36,57,1,0.29254966668172866,1784379823.010205,1784379825.351587,1784379824.180896,1.2,0.137218,0.235976,-0.002205,0.002907,1,acq,20480,20480,0,16,True,False,1,1200000,8381618,False,-2098217,2125910,0,0,0,0,1,1,1784379823.010205
120,115,8,formal,up,36,57,1,0.29254966668172866,1784379825.351819,1784379827.691613,1784379826.521716,1.2,0.137296,0.236206,-0.002233,0.002853,1,acq,20480,20480,0,16,True,False,1,1200000,8381618,False,-2101351,2088733,0,0,0,0,1,1,1784379825.351819
121,115,9,formal,up,36,57,1,0.29254966668172866,1784379827.691922,1784379830.026549,1784379828.8592355,1.2,0.137261,0.236015,-0.00219,0.002895,1,acq,20480,20480,0,16,True,False,1,1200000,8381618,False,-2179179,2172997,0,0,0,0,1,1,1784379827.691922
122,115,10,formal,up,36,57,1,0.29254966668172866,1784379830.0268438,1784379832.345154,1784379831.185999,1.2,0.137434,0.236273,-0.002188,0.002926,1,acq,20480,20480,0,16,True,False,1,1200000,8381618,False,-2043086,2096016,0,0,0,0,1,1,1784379830.0268438
123,115,11,formal,up,36,57,1,0.29254966668172866,1784379832.345403,1784379834.6907961,1784379833.5180995,1.2,0.137432,0.236443,-0.002135,0.002881,1,acq,20480,20480,0,16,True,False,1,1200000,8381618,False,-2054688,2086954,0,0,0,0,1,1,1784379832.345403
124,115,12,formal,up,36,57,1,0.29254966668172866,1784379834.691235,1784379837.019105,1784379835.85517,1.2,0.137514,0.236418,-0.002184,0.002887,1,acq,20480,20480,0,16,True,False,1,1200000,8381618,False,-2107025,2151655,0,0,0,0,1,1,1784379834.691235
125,115,13,formal,up,36,57,1,0.29254966668172866,1784379837.019348,1784379839.3731468,1784379838.1962473,1.2,0.137553,0.236672,-0.002205,0.002886,1,acq,20480,20480,0,16,True,False,1,1200000,8381618,False,-2019373,2084413,0,0,0,0,1,1,1784379837.019348
126,115,14,formal,up,36,57,1,0.29254966668172866,1784379839.373417,1784379841.697684,1784379840.5355506,1.2,0.137522,0.236631,-0.002191,0.002911,1,acq,20480,20480,0,16,True,False,1,1200000,8381618,False,-2051893,2122946,0,0,0,0,1,1,1784379839.373417
127,115,15,formal,up,36,57,1,0.29254966668172866,1784379841.697942,1784379844.018091,1784379842.8580165,1.2,0.137583,0.236444,-0.00218,0.002911,1,acq,20480,20480,0,16,True,False,1,1200000,8381618,False,-2138359,2153518,0,0,0,0,1,1,1784379841.697942
128,116,0,formal,up,31,58,0,-0.36021771432376504,1784379863.938337,1784379866.2597618,1784379865.0990496,0.954364,0.167657,0.287291,-0.00089,0.00101,1,acq,20480,20480,0,16,True,False,1,1200000,8381618,False,-2422825,2501245,0,0,0,0,1,1,1784379863.938337
129,116,1,formal,up,31,58,0,-0.36021771432376504,1784379866.2601988,1784379868.597394,1784379867.4287963,0.952541,0.167486,0.287105,-0.000948,0.00101,1,acq,20480,20480,0,16,True,False,1,1200000,8381618,False,-2478380,2498112,0,0,0,0,1,1,1784379866.2601988
130,116,2,formal,up,31,58,0,-0.36021771432376504,1784379868.59762,1784379870.926411,1784379869.7620153,0.951747,0.167481,0.287302,-0.000848,0.000982,1,acq,20480,20480,0,16,True,False,1,1200000,8381618,False,-2457801,2483630,0,0,0,0,1,1,1784379868.59762
131,116,3,formal,up,31,58,0,-0.36021771432376504,1784379870.926689,1784379873.256005,1784379872.091347,0.95056,0.167424,0.287241,-0.000903,0.000989,1,acq,20480,20480,0,16,True,False,1,1200000,8381618,False,-2463729,2457038,0,0,0,0,1,1,1784379870.926689
132,116,4,formal,up,31,58,0,-0.36021771432376504,1784379873.2562292,1784379875.597281,1784379874.426755,0.949778,0.16747,0.287316,-0.000892,0.000998,1,acq,20480,20480,0,16,True,False,1,1200000,8381618,False,-2443234,2518691,0,0,0,0,1,1,1784379873.2562292
133,116,5,formal,up,31,58,0,-0.36021771432376504,1784379875.5975199,1784379877.926804,1784379876.762162,0.949986,0.167765,0.287759,-0.000902,0.001017,1,acq,20480,20480,0,16,True,False,1,1200000,8381618,False,-2516912,2468302,0,0,0,0,1,1,1784379875.5975199
134,116,6,formal,up,31,58,0,-0.36021771432376504,1784379877.927045,1784379880.25147,1784379879.0892577,0.948472,0.167562,0.287455,-0.00088,0.000962,1,acq,20480,20480,0,16,True,False,1,1200000,8381618,False,-2490998,2496672,0,0,0,0,1,1,1784379877.927045
135,116,7,formal,up,31,58,0,-0.36021771432376504,1784379880.251776,1784379882.578836,1784379881.415306,0.948065,0.16765,0.287628,-0.000887,0.000977,1,acq,20480,20480,0,16,True,False,1,1200000,8381618,False,-2453566,2436713,0,0,0,0,1,1,1784379880.251776
136,116,8,formal,up,31,58,0,-0.36021771432376504,1784379882.579073,1784379884.9267461,1784379883.7529097,0.946623,0.167532,0.287399,-0.000894,0.000973,1,acq,20480,20480,0,16,True,False,1,1200000,8381618,False,-2463729,2454498,0,0,0,0,1,1,1784379882.579073
137,116,9,formal,up,31,58,0,-0.36021771432376504,1784379884.9270241,1784379887.251588,1784379886.089306,0.946874,0.167695,0.287754,-0.000891,0.001012,1,acq,20480,20480,0,16,True,False,1,1200000,8381618,False,-2470080,2487357,0,0,0,0,1,1,1784379884.9270241
138,116,10,formal,up,31,58,0,-0.36021771432376504,1784379887.2518132,1784379889.585403,1784379888.4186082,0.9457,0.167531,0.2877,-0.000866,0.001,1,acq,20480,20480,0,16,True,False,1,1200000,8381618,False,-2500398,2488712,0,0,0,0,1,1,1784379887.2518132
139,116,11,formal,up,31,58,0,-0.36021771432376504,1784379889.5856261,1784379891.917696,1784379890.751661,0.945264,0.16768,0.287849,-0.000883,0.000957,1,acq,20480,20480,0,16,True,False,1,1200000,8381618,False,-2487357,2462713,0,0,0,0,1,1,1784379889.5856261
140,116,12,formal,up,31,58,0,-0.36021771432376504,1784379891.917936,1784379894.233681,1784379893.0758085,0.94546,0.167772,0.288105,-0.000876,0.001009,1,acq,20480,20480,0,16,True,False,1,1200000,8381618,False,-2472028,2462204,0,0,0,0,1,1,1784379891.917936
141,116,13,formal,up,31,58,0,-0.36021771432376504,1784379894.233908,1784379896.570498,1784379895.402203,0.944815,0.167757,0.288124,-0.000881,0.00098,1,acq,20480,20480,0,16,True,False,1,1200000,8381618,False,-2460087,2466354,0,0,0,0,1,1,1784379894.233908
142,116,14,formal,up,31,58,0,-0.36021771432376504,1784379896.570729,1784379898.899891,1784379897.73531,0.944678,0.167917,0.288278,-0.000847,0.001017,1,acq,20480,20480,0,16,True,False,1,1200000,8381618,False,-2425789,2480666,0,0,0,0,1,1,1784379896.570729
143,116,15,formal,up,31,58,0,-0.36021771432376504,1784379898.9003038,1784379901.2300081,1784379900.065156,0.94374,0.167799,0.288327,-0.000903,0.001004,1,acq,20480,20480,0,16,True,False,1,1200000,8381618,False,-2483122,2528176,0,0,0,0,1,1,1784379898.9003038
144,117,0,formal,down,31,58,1,-0.36021771432376504,1784379913.955082,1784379916.277014,1784379915.1160479,0.941097,0.168004,0.288551,-0.000882,0.00096,1,acq,20480,20480,0,16,True,False,1,1200000,8381618,False,-2473891,2479396,0,0,0,0,1,1,1784379913.955082
145,117,1,formal,down,31,58,1,-0.36021771432376504,1784379916.277534,1784379918.618228,1784379917.447881,0.940825,0.168109,0.288697,-0.000897,0.000971,1,acq,20480,20480,0,16,True,False,1,1200000,8381618,False,-2436544,2456784,0,0,0,0,1,1,1784379916.277534
146,117,2,formal,down,31,58,1,-0.36021771432376504,1784379918.618657,1784379920.954015,1784379919.786336,0.939365,0.167922,0.288429,-0.000827,0.000992,1,acq,20480,20480,0,16,True,False,1,1200000,8381618,False,-2505903,2519284,0,0,0,0,1,1,1784379918.618657
147,117,3,formal,down,31,58,1,-0.36021771432376504,1784379920.954276,1784379923.279306,1784379922.116791,0.938995,0.167946,0.288409,-0.000864,0.000945,1,acq,20480,20480,0,16,True,False,1,1200000,8381618,False,-2489897,2502600,0,0,0,0,1,1,1784379920.954276
148,117,4,formal,down,31,58,1,-0.36021771432376504,1784379923.279704,1784379925.615621,1784379924.4476626,0.938764,0.167951,0.288568,-0.000822,0.000956,1,acq,20480,20480,0,16,True,False,1,1200000,8381618,False,-2436713,2466015,0,0,0,0,1,1,1784379923.279704
149,117,5,formal,down,31,58,1,-0.36021771432376504,1784379925.6159098,1784379927.9363961,1784379926.776153,0.937464,0.167862,0.288364,-0.000861,0.000965,1,acq,20480,20480,0,16,True,False,1,1200000,8381618,False,-2500314,2519623,0,0,0,0,1,1,1784379925.6159098
150,117,6,formal,down,31,58,1,-0.36021771432376504,1784379927.936666,1784379930.2721028,1784379929.1043844,0.937306,0.167976,0.288505,-0.000904,0.000968,1,acq,20480,20480,0,16,True,False,1,1200000,8381618,False,-2475331,2524619,0,0,0,0,1,1,1784379927.936666
151,117,7,formal,down,31,58,1,-0.36021771432376504,1784379930.272432,1784379932.601354,1784379931.436893,0.938097,0.168164,0.288965,-0.000898,0.000991,1,acq,20480,20480,0,16,True,False,1,1200000,8381618,False,-2452719,2497096,0,0,0,0,1,1,1784379930.272432
152,117,8,formal,down,31,58,1,-0.36021771432376504,1784379932.602091,1784379934.938473,1784379933.770282,0.937638,0.168168,0.288893,-0.000842,0.000971,1,acq,20480,20480,0,16,True,False,1,1200000,8381618,False,-2477533,2483546,0,0,0,0,1,1,1784379932.602091
153,117,9,formal,down,31,58,1,-0.36021771432376504,1784379934.938733,1784379937.257292,1784379936.0980124,0.936975,0.16816,0.288829,-0.000837,0.000937,1,acq,20480,20480,0,16,True,False,1,1200000,8381618,False,-2485239,2521232,0,0,0,0,1,1,1784379934.938733
154,117,10,formal,down,31,58,1,-0.36021771432376504,1784379937.257581,1784379939.589445,1784379938.423513,0.936377,0.168152,0.288843,-0.000889,0.000987,1,acq,20480,20480,0,16,True,False,1,1200000,8381618,False,-2501330,2502516,0,0,0,0,1,1,1784379937.257581
155,117,11,formal,down,31,58,1,-0.36021771432376504,1784379939.5896478,1784379941.931585,1784379940.7606163,0.936055,0.168169,0.288919,-0.00087,0.000949,1,acq,20480,20480,0,16,True,False,1,1200000,8381618,False,-2482953,2457377,0,0,0,0,1,1,1784379939.5896478
156,117,12,formal,down,31,58,1,-0.36021771432376504,1784379941.9318762,1784379944.2625751,1784379943.0972257,0.935392,0.168138,0.288821,-0.00086,0.000965,1,acq,20480,20480,0,16,True,False,1,1200000,8381618,False,-2437730,2503278,0,0,0,0,1,1,1784379941.9318762
157,117,13,formal,down,31,58,1,-0.36021771432376504,1784379944.26284,1784379946.593875,1784379945.4283576,0.935409,0.168169,0.289013,-0.000869,0.001008,1,acq,20480,20480,0,16,True,False,1,1200000,8381618,False,-2472536,2432564,0,0,0,0,1,1,1784379944.26284
158,117,14,formal,down,31,58,1,-0.36021771432376504,1784379946.594444,1784379948.933624,1784379947.764034,0.934319,0.16811,0.28884,-0.000844,0.000968,1,acq,20480,20480,0,16,True,False,1,1200000,8381618,False,-2447130,2505564,0,0,0,0,1,1,1784379946.594444
159,117,15,formal,down,31,58,1,-0.36021771432376504,1784379948.933861,1784379951.269094,1784379950.1014776,0.933721,0.168076,0.288802,-0.000799,0.00099,1,acq,20480,20480,0,16,True,False,1,1200000,8381618,False,-2509968,2516320,0,0,0,0,1,1,1784379948.933861
160,118,0,formal,down,49,59,0,1.989744857296012,1784379989.836776,1784379992.179735,1784379991.0082555,1.2,-0.002253,-0.003942,-0.000839,0.001547,1,acq,20480,20480,0,16,True,False,1,1200000,8381618,False,-218917,274049,0,0,0,0,1,1,1784379989.836776
161,118,1,formal,down,49,59,0,1.989744857296012,1784379992.1800802,1784379994.5263948,1784379993.3532376,1.2,-0.00262,-0.004544,-0.000834,0.001522,1,acq,20480,20480,0,16,True,False,1,1200000,8381618,False,-192241,230011,0,0,0,0,1,1,1784379992.1800802
162,118,2,formal,down,49,59,0,1.989744857296012,1784379994.526934,1784379996.861256,1784379995.694095,1.2,-0.002968,-0.005046,-0.000861,0.001527,1,acq,20480,20480,0,16,True,False,1,1200000,8381618,False,-258212,316138,0,0,0,0,1,1,1784379994.526934
163,118,3,formal,down,49,59,0,1.989744857296012,1784379996.861492,1784379999.2013922,1784379998.0314422,1.2,-0.003224,-0.005547,-0.000797,0.001542,1,acq,20480,20480,0,16,True,False,1,1200000,8381618,False,-296491,308601,0,0,0,0,1,1,1784379996.861492
164,118,4,formal,down,49,59,0,1.989744857296012,1784379999.201629,1784380001.534747,1784380000.368188,1.2,-0.003465,-0.005952,-0.000836,0.001532,1,acq,20480,20480,0,16,True,False,1,1200000,8381618,False,-269222,325708,0,0,0,0,1,1,1784379999.201629
165,118,5,formal,down,49,59,0,1.989744857296012,1784380001.534979,1784380003.877184,1784380002.7060814,1.2,-0.003769,-0.006421,-0.000809,0.001495,1,acq,20480,20480,0,16,True,False,1,1200000,8381618,False,-215191,346711,0,0,0,0,1,1,1784380001.534979
166,118,6,formal,down,49,59,0,1.989744857296012,1784380003.877462,1784380006.218654,1784380005.048058,1.2,-0.004017,-0.006826,-0.000841,0.001525,1,acq,20480,20480,0,16,True,False,1,1200000,8381618,False,-277606,293950,0,0,0,0,1,1,1784380003.877462
167,118,7,formal,down,49,59,0,1.989744857296012,1784380006.2188969,1784380008.5346072,1784380007.376752,1.2,-0.004189,-0.007203,-0.000825,0.001528,1,acq,20480,20480,0,16,True,False,1,1200000,8381618,False,-276674,311819,0,0,0,0,1,1,1784380006.2188969
168,118,8,formal,down,49,59,0,1.989744857296012,1784380008.535082,1784380010.878269,1784380009.7066755,1.2,-0.004406,-0.00764,-0.000836,0.001527,1,acq,20480,20480,0,16,True,False,1,1200000,8381618,False,-281247,367120,0,0,0,0,1,1,1784380008.535082
169,118,9,formal,down,49,59,0,1.989744857296012,1784380010.878495,1784380013.211858,1784380012.0451765,1.2,-0.004675,-0.00799,-0.000831,0.00153,1,acq,20480,20480,0,16,True,False,1,1200000,8381618,False,-321982,340783,0,0,0,0,1,1,1784380010.878495
170,118,10,formal,down,49,59,0,1.989744857296012,1784380013.2121449,1784380015.536614,1784380014.3743794,1.2,-0.004868,-0.008412,-0.000814,0.001501,1,acq,20480,20480,0,16,True,False,1,1200000,8381618,False,-214090,292849,0,0,0,0,1,1,1784380013.2121449
171,118,11,formal,down,49,59,0,1.989744857296012,1784380015.5368588,1784380017.861551,1784380016.699205,1.2,-0.005041,-0.008751,-0.00084,0.00152,1,acq,20480,20480,0,16,True,False,1,1200000,8381618,False,-230689,232552,0,0,0,0,1,1,1784380015.5368588
172,118,12,formal,down,49,59,0,1.989744857296012,1784380017.861799,1784380020.202954,1784380019.0323765,1.2,-0.005213,-0.009015,-0.000831,0.001492,1,acq,20480,20480,0,16,True,False,1,1200000,8381618,False,-243900,308855,0,0,0,0,1,1,1784380017.861799
173,118,13,formal,down,49,59,0,1.989744857296012,1784380020.203219,1784380022.5181499,1784380021.3606844,1.2,-0.005404,-0.0093,-0.000829,0.001515,1,acq,20480,20480,0,16,True,False,1,1200000,8381618,False,-283703,310718,0,0,0,0,1,1,1784380020.203219
174,118,14,formal,down,49,59,0,1.989744857296012,1784380022.518386,1784380024.83482,1784380023.6766028,1.2,-0.005596,-0.009597,-0.000789,0.001506,1,acq,20480,20480,0,16,True,False,1,1200000,8381618,False,-274049,306992,0,0,0,0,1,1,1784380022.518386
175,118,15,formal,down,49,59,0,1.989744857296012,1784380024.835419,1784380027.17012,1784380026.0027695,1.2,-0.005686,-0.009779,-0.000818,0.001513,1,acq,20480,20480,0,16,True,False,1,1200000,8381618,False,-273287,359244,0,0,0,0,1,1,1784380024.835419
176,119,0,formal,up,49,59,1,1.989744857296012,1784380039.882783,1784380042.213965,1784380041.048374,1.2,-0.006595,-0.011432,-0.00081,0.001491,1,acq,20480,20480,0,16,True,False,1,1200000,8381618,False,-318594,339682,0,0,0,0,1,1,1784380039.882783
177,119,1,formal,up,49,59,1,1.989744857296012,1784380042.214252,1784380044.559595,1784380043.3869236,1.2,-0.006777,-0.01168,-0.00081,0.001501,1,acq,20480,20480,0,16,True,False,1,1200000,8381618,False,-277013,349421,0,0,0,0,1,1,1784380042.214252
178,119,2,formal,up,49,59,1,1.989744857296012,1784380044.559819,1784380046.893337,1784380045.726578,1.2,-0.006846,-0.011861,-0.000804,0.001491,1,acq,20480,20480,0,16,True,False,1,1200000,8381618,False,-288869,285651,0,0,0,0,1,1,1784380044.559819
179,119,3,formal,up,49,59,1,1.989744857296012,1784380046.893707,1784380049.231524,1784380048.0626154,1.2,-0.00704,-0.012063,-0.000818,0.001508,1,acq,20480,20480,0,16,True,False,1,1200000,8381618,False,-291833,344255,0,0,0,0,1,1,1784380046.893707
180,119,4,formal,up,49,59,1,1.989744857296012,1784380049.231824,1784380051.559936,1784380050.39588,1.2,-0.007138,-0.012322,-0.000803,0.001523,1,acq,20480,20480,0,16,True,False,1,1200000,8381618,False,-267020,378723,0,0,0,0,1,1,1784380049.231824
181,119,5,formal,up,49,59,1,1.989744857296012,1784380051.560521,1784380053.901553,1784380052.731037,1.2,-0.007236,-0.012516,-0.000823,0.001504,1,acq,20480,20480,0,16,True,False,1,1200000,8381618,False,-268544,306992,0,0,0,0,1,1,1784380051.560521
182,119,6,formal,up,49,59,1,1.989744857296012,1784380053.901802,1784380056.237036,1784380055.069419,1.2,-0.007363,-0.012706,-0.000832,0.001481,1,acq,20480,20480,0,16,True,False,1,1200000,8381618,False,-315037,360599,0,0,0,0,1,1,1784380053.901802
183,119,7,formal,up,49,59,1,1.989744857296012,1784380056.2372448,1784380058.56828,1784380057.4027624,1.2,-0.007502,-0.012949,-0.000818,0.001486,1,acq,20480,20480,0,16,True,False,1,1200000,8381618,False,-285143,295644,0,0,0,0,1,1,1784380056.2372448
184,119,8,formal,up,49,59,1,1.989744857296012,1784380058.568606,1784380060.8914938,1784380059.7300498,1.2,-0.007693,-0.013157,-0.000835,0.001541,1,acq,20480,20480,0,16,True,False,1,1200000,8381618,False,-253300,362547,0,0,0,0,1,1,1784380058.568606
185,119,9,formal,up,49,59,1,1.989744857296012,1784380060.891767,1784380063.230546,1784380062.0611565,1.2,-0.00769,-0.013345,-0.000763,0.001476,1,acq,20480,20480,0,16,True,False,1,1200000,8381618,False,-350691,368814,0,0,0,0,1,1,1784380060.891767
186,119,10,formal,up,49,59,1,1.989744857296012,1784380063.230798,1784380065.552116,1784380064.391457,1.2,-0.007793,-0.0135,-0.000808,0.001458,1,acq,20480,20480,0,16,True,False,1,1200000,8381618,False,-311735,337649,0,0,0,0,1,1,1784380063.230798
187,119,11,formal,up,49,59,1,1.989744857296012,1784380065.552355,1784380067.879689,1784380066.716022,1.2,-0.007984,-0.013719,-0.000824,0.00151,1,acq,20480,20480,0,16,True,False,1,1200000,8381618,False,-352723,391510,0,0,0,0,1,1,1784380065.552355
188,119,12,formal,up,49,59,1,1.989744857296012,1784380067.879924,1784380070.220139,1784380069.0500317,1.2,-0.008019,-0.013865,-0.000823,0.001474,1,acq,20480,20480,0,16,True,False,1,1200000,8381618,False,-306569,345694,0,0,0,0,1,1,1784380067.879924
189,119,13,formal,up,49,59,1,1.989744857296012,1784380070.220505,1784380072.561634,1784380071.3910694,1.2,-0.0081,-0.014039,-0.000801,0.00149,1,acq,20480,20480,0,16,True,False,1,1200000,8381618,False,-319441,414715,0,0,0,0,1,1,1784380070.220505
190,119,14,formal,up,49,59,1,1.989744857296012,1784380072.5619168,1784380074.8884811,1784380073.725199,1.2,-0.008258,-0.014224,-0.00081,0.001471,1,acq,20480,20480,0,16,True,False,1,1200000,8381618,False,-311819,382195,0,0,0,0,1,1,1784380072.5619168
191,119,15,formal,up,49,59,1,1.989744857296012,1784380074.8887239,1784380077.201941,1784380076.0453324,1.2,-0.008366,-0.014359,-0.000805,0.001507,1,acq,20480,20480,0,16,True,False,1,1200000,8381618,False,-358736,376013,0,0,0,0,1,1,1784380074.8887239
192,120,0,formal,up,66,60,0,4.20915395271469,1784380110.005057,1784380112.327183,1784380111.16612,0.937779,-0.164637,-0.281211,0.001217,-0.001038,1,acq,20480,20480,0,16,True,False,1,1200000,8381618,False,-2471012,2466778,0,0,0,0,1,1,1784380110.005057
193,120,1,formal,up,66,60,0,4.20915395271469,1784380112.3274791,1784380114.670027,1784380113.498753,0.935996,-0.164774,-0.281476,0.001227,-0.001052,1,acq,20480,20480,0,16,True,False,1,1200000,8381618,False,-2431039,2458393,0,0,0,0,1,1,1784380112.3274791
194,120,2,formal,up,66,60,0,4.20915395271469,1784380114.670408,1784380117.003329,1784380115.8368685,0.933257,-0.164799,-0.281483,0.001269,-0.00106,1,acq,20480,20480,0,16,True,False,1,1200000,8381618,False,-2378110,2450941,0,0,0,0,1,1,1784380114.670408
195,120,3,formal,up,66,60,0,4.20915395271469,1784380117.0035589,1784380119.3302631,1784380118.1669111,0.931036,-0.164776,-0.281627,0.001225,-0.001035,1,acq,20480,20480,0,16,True,False,1,1200000,8381618,False,-2410799,2473129,0,0,0,0,1,1,1784380117.0035589
196,120,4,formal,up,66,60,0,4.20915395271469,1784380119.330488,1784380121.663452,1784380120.49697,0.928775,-0.164809,-0.281734,0.001285,-0.001098,1,acq,20480,20480,0,16,True,False,1,1200000,8381618,False,-2447130,2484901,0,0,0,0,1,1,1784380119.330488
197,120,5,formal,up,66,60,0,4.20915395271469,1784380121.663678,1784380123.994029,1784380122.8288536,0.9282,-0.165133,-0.282207,0.001238,-0.001064,1,acq,20480,20480,0,16,True,False,1,1200000,8381618,False,-2410884,2501161,0,0,0,0,1,1,1784380121.663678
198,120,6,formal,up,66,60,0,4.20915395271469,1784380123.994333,1784380126.334669,1784380125.1645012,0.926366,-0.165182,-0.282321,0.001251,-0.001069,1,acq,20480,20480,0,16,True,False,1,1200000,8381618,False,-2419607,2453566,0,0,0,0,1,1,1784380123.994333
199,120,7,formal,up,66,60,0,4.20915395271469,1784380126.334924,1784380128.658187,1784380127.4965553,0.924625,-0.165123,-0.282431,0.001287,-0.001124,1,acq,20480,20480,0,16,True,False,1,1200000,8381618,False,-2412916,2423672,0,0,0,0,1,1,1784380126.334924
200,120,8,formal,up,66,60,0,4.20915395271469,1784380128.6583948,1784380130.978304,1784380129.8183494,0.922812,-0.165184,-0.282477,0.001276,-0.001085,1,acq,20480,20480,0,16,True,False,1,1200000,8381618,False,-2417320,2424180,0,0,0,0,1,1,1784380128.6583948
201,120,9,formal,up,66,60,0,4.20915395271469,1784380130.978536,1784380133.294988,1784380132.136762,0.921259,-0.165239,-0.282644,0.001258,-0.001117,1,acq,20480,20480,0,16,True,False,1,1200000,8381618,False,-2414102,2470165,0,0,0,0,1,1,1784380130.978536
202,120,10,formal,up,66,60,0,4.20915395271469,1784380133.295211,1784380135.616989,1784380134.4561,0.919981,-0.165318,-0.282783,0.001292,-0.001109,1,acq,20480,20480,0,16,True,False,1,1200000,8381618,False,-2415118,2414017,0,0,0,0,1,1,1784380133.295211
203,120,11,formal,up,66,60,0,4.20915395271469,1784380135.617207,1784380137.961419,1784380136.789313,0.918192,-0.165319,-0.28276,0.001267,-0.001084,1,acq,20480,20480,0,16,True,False,1,1200000,8381618,False,-2410799,2472113,0,0,0,0,1,1,1784380135.617207
204,120,12,formal,up,66,60,0,4.20915395271469,1784380137.9619179,1784380140.297855,1784380139.1298864,0.916438,-0.165332,-0.282723,0.001241,-0.001106,1,acq,20480,20480,0,16,True,False,1,1200000,8381618,False,-2391490,2437899,0,0,0,0,1,1,1784380137.9619179
205,120,13,formal,up,66,60,0,4.20915395271469,1784380140.2981389,1784380142.6424918,1784380141.4703155,0.915512,-0.165441,-0.283012,0.001241,-0.001114,1,acq,20480,20480,0,16,True,False,1,1200000,8381618,False,-2405548,2468725,0,0,0,0,1,1,1784380140.2981389
206,120,14,formal,up,66,60,0,4.20915395271469,1784380142.642734,1784380144.983,1784380143.8128672,0.913586,-0.165388,-0.282847,0.001251,-0.001103,1,acq,20480,20480,0,16,True,False,1,1200000,8381618,False,-2415457,2482021,0,0,0,0,1,1,1784380142.642734
207,120,15,formal,up,66,60,0,4.20915395271469,1784380144.983262,1784380147.320207,1784380146.1517346,0.912793,-0.165487,-0.283153,0.001298,-0.001049,1,acq,20480,20480,0,16,True,False,1,1200000,8381618,False,-2421300,2442133,0,0,0,0,1,1,1784380144.983262
208,121,0,formal,down,66,60,1,4.20915395271469,1784380160.05465,1784380162.388947,1784380161.2217984,0.903868,-0.165621,-0.283375,0.001259,-0.001114,1,acq,20480,20480,0,16,True,False,1,1200000,8381618,False,-2476855,2493200,0,0,0,0,1,1,1784380160.05465
209,121,1,formal,down,66,60,1,4.20915395271469,1784380162.389197,1784380164.717686,1784380163.5534415,0.90325,-0.165778,-0.283527,0.001233,-0.001133,1,acq,20480,20480,0,16,True,False,1,1200000,8381618,False,-2475077,2493539,0,0,0,0,1,1,1784380162.389197
210,121,2,formal,down,66,60,1,4.20915395271469,1784380164.718034,1784380167.045642,1784380165.8818378,0.901872,-0.165771,-0.283524,0.001247,-0.001121,1,acq,20480,20480,0,16,True,False,1,1200000,8381618,False,-2507258,2480243,0,0,0,0,1,1,1784380164.718034
211,121,3,formal,down,66,60,1,4.20915395271469,1784380167.045877,1784380169.374143,1784380168.21001,0.90113,-0.165881,-0.283707,0.001264,-0.001136,1,acq,20480,20480,0,16,True,False,1,1200000,8381618,False,-2451703,2445098,0,0,0,0,1,1,1784380167.045877
212,121,4,formal,down,66,60,1,4.20915395271469,1784380169.374402,1784380171.699208,1784380170.5368052,0.90002,-0.165805,-0.283743,0.001266,-0.001138,1,acq,20480,20480,0,16,True,False,1,1200000,8381618,False,-2427991,2510984,0,0,0,0,1,1,1784380169.374402
213,121,5,formal,down,66,60,1,4.20915395271469,1784380171.699423,1784380174.030754,1784380172.8650885,0.899086,-0.1659,-0.283789,0.001275,-0.001113,1,acq,20480,20480,0,16,True,False,1,1200000,8381618,False,-2418844,2491083,0,0,0,0,1,1,1784380171.699423
214,121,6,formal,down,66,60,1,4.20915395271469,1784380174.031072,1784380176.3670871,1784380175.1990795,0.897793,-0.16585,-0.28386,0.001295,-0.001118,1,acq,20480,20480,0,16,True,False,1,1200000,8381618,False,-2455853,2488796,0,0,0,0,1,1,1784380174.031072
215,121,7,formal,down,66,60,1,4.20915395271469,1784380176.367382,1784380178.704384,1784380177.535883,0.896362,-0.165852,-0.283773,0.001255,-0.001142,1,acq,20480,20480,0,16,True,False,1,1200000,8381618,False,-2462882,2462713,0,0,0,0,1,1,1784380176.367382
216,121,8,formal,down,66,60,1,4.20915395271469,1784380178.704602,1784380181.03491,1784380179.869756,0.896365,-0.166128,-0.284131,0.001287,-0.001166,1,acq,20480,20480,0,16,True,False,1,1200000,8381618,False,-2405887,2464576,0,0,0,0,1,1,1784380178.704602
217,121,9,formal,down,66,60,1,4.20915395271469,1784380181.035298,1784380183.3696508,1784380182.2024746,0.894195,-0.165847,-0.283899,0.001279,-0.001143,1,acq,20480,20480,0,16,True,False,1,1200000,8381618,False,-2454074,2468810,0,0,0,0,1,1,1784380181.035298
218,121,10,formal,down,66,60,1,4.20915395271469,1784380183.3698628,1784380185.69729,1784380184.5335765,0.893688,-0.16596,-0.284084,0.001327,-0.001166,1,acq,20480,20480,0,16,True,False,1,1200000,8381618,False,-2461442,2458563,0,0,0,0,1,1,1784380183.3698628
219,121,11,formal,down,66,60,1,4.20915395271469,1784380185.697543,1784380188.034525,1784380186.866034,0.893414,-0.166155,-0.284245,0.001279,-0.001135,1,acq,20480,20480,0,16,True,False,1,1200000,8381618,False,-2424518,2472536,0,0,0,0,1,1,1784380185.697543
220,121,12,formal,down,66,60,1,4.20915395271469,1784380188.034925,1784380190.378123,1784380189.206524,0.892813,-0.166164,-0.284395,0.001272,-0.001173,1,acq,20480,20480,0,16,True,False,1,1200000,8381618,False,-2433495,2474653,0,0,0,0,1,1,1784380188.034925
221,121,13,formal,down,66,60,1,4.20915395271469,1784380190.378397,1784380192.6941319,1784380191.5362644,0.891186,-0.16604,-0.284265,0.00129,-0.001169,1,acq,20480,20480,0,16,True,False,1,1200000,8381618,False,-2461612,2454837,0,0,0,0,1,1,1784380190.378397
222,121,14,formal,down,66,60,1,4.20915395271469,1784380192.69439,1784380195.026443,1784380193.8604164,0.890664,-0.166127,-0.284438,0.001309,-0.001163,1,acq,20480,20480,0,16,True,False,1,1200000,8381618,False,-2452042,2465846,0,0,0,0,1,1,1784380192.69439
223,121,15,formal,down,66,60,1,4.20915395271469,1784380195.026745,1784380197.3757088,1784380196.201227,0.890964,-0.166378,-0.284811,0.001278,-0.001161,1,acq,20480,20480,0,16,True,False,1,1200000,8381618,False,-2407835,2465084,0,0,0,0,1,1,1784380195.026745
224,122,0,formal,down,14,61,0,-2.5796268097424426,1784380281.808415,1784380284.132575,1784380282.970495,0.100798,0.085353,0.145974,0.000539,-0.001268,1,acq,20480,20480,0,16,True,False,1,1200000,8381618,False,-1287927,1307914,0,0,0,0,1,1,1784380281.808415
225,122,1,formal,down,14,61,0,-2.5796268097424426,1784380284.132818,1784380286.45166,1784380285.292239,0.099124,0.08476,0.144885,0.000558,-0.001262,1,acq,20480,20480,0,16,True,False,1,1200000,8381618,False,-1264638,1283100,0,0,0,0,1,1,1784380284.132818
226,122,2,formal,down,14,61,0,-2.5796268097424426,1784380286.451956,1784380288.784393,1784380287.6181746,0.097483,0.084032,0.143673,0.000559,-0.00127,1,acq,20480,20480,0,16,True,False,1,1200000,8381618,False,-1251512,1289198,0,0,0,0,1,1,1784380286.451956
227,122,3,formal,down,14,61,0,-2.5796268097424426,1784380288.784678,1784380291.109132,1784380289.9469051,0.096047,0.083507,0.142823,0.000548,-0.001235,1,acq,20480,20480,0,16,True,False,1,1200000,8381618,False,-1253375,1261928,0,0,0,0,1,1,1784380288.784678
228,122,4,formal,down,14,61,0,-2.5796268097424426,1784380291.109357,1784380293.4408472,1784380292.2751021,0.094648,0.082915,0.141796,0.000567,-0.001273,1,acq,20480,20480,0,16,True,False,1,1200000,8381618,False,-1250157,1258880,0,0,0,0,1,1,1784380291.109357
229,122,5,formal,down,14,61,0,-2.5796268097424426,1784380293.441073,1784380295.770271,1784380294.605672,0.093348,0.082348,0.140995,0.000548,-0.001281,1,acq,20480,20480,0,16,True,False,1,1200000,8381618,False,-1246431,1242281,0,0,0,0,1,1,1784380293.441073
230,122,6,formal,down,14,61,0,-2.5796268097424426,1784380295.7705731,1784380298.092381,1784380296.931477,0.092111,0.081916,0.140147,0.000575,-0.001261,1,acq,20480,20480,0,16,True,False,1,1200000,8381618,False,-1247786,1233728,0,0,0,0,1,1,1784380295.7705731
231,122,7,formal,down,14,61,0,-2.5796268097424426,1784380298.0932,1784380300.4362721,1784380299.2647362,0.090934,0.081365,0.139275,0.000557,-0.001265,1,acq,20480,20480,0,16,True,False,1,1200000,8381618,False,-1231356,1223311,0,0,0,0,1,1,1784380298.0932
232,122,8,formal,down,14,61,0,-2.5796268097424426,1784380300.436515,1784380302.763903,1784380301.600209,0.089793,0.080912,0.138397,0.000564,-0.001284,1,acq,20480,20480,0,16,True,False,1,1200000,8381618,False,-1215435,1229917,0,0,0,0,1,1,1784380300.436515
233,122,9,formal,down,14,61,0,-2.5796268097424426,1784380302.764127,1784380305.084044,1784380303.9240856,0.088655,0.080389,0.137654,0.00058,-0.001289,1,acq,20480,20480,0,16,True,False,1,1200000,8381618,False,-1221109,1227037,0,0,0,0,1,1,1784380302.764127
234,122,10,formal,down,14,61,0,-2.5796268097424426,1784380305.084362,1784380307.417332,1784380306.2508469,0.08761,0.080054,0.136939,0.000569,-0.001302,1,acq,20480,20480,0,16,True,False,1,1200000,8381618,False,-1214165,1212471,0,0,0,0,1,1,1784380305.084362
235,122,11,formal,down,14,61,0,-2.5796268097424426,1784380307.417558,1784380309.760885,1784380308.5892215,0.086589,0.079515,0.136167,0.000589,-0.001281,1,acq,20480,20480,0,16,True,False,1,1200000,8381618,False,-1201546,1209083,0,0,0,0,1,1,1784380307.417558
236,122,12,formal,down,14,61,0,-2.5796268097424426,1784380309.761111,1784380312.100786,1784380310.9309485,0.085615,0.079106,0.135442,0.000567,-0.001294,1,acq,20480,20480,0,16,True,False,1,1200000,8381618,False,-1191638,1208914,0,0,0,0,1,1,1784380309.761111
237,122,13,formal,down,14,61,0,-2.5796268097424426,1784380312.101027,1784380314.439167,1784380313.270097,0.084646,0.078737,0.13478,0.000592,-0.001305,1,acq,20480,20480,0,16,True,False,1,1200000,8381618,False,-1202054,1189521,0,0,0,0,1,1,1784380312.101027
238,122,14,formal,down,14,61,0,-2.5796268097424426,1784380314.4394019,1784380316.772637,1784380315.6060195,0.083815,0.078392,0.134232,0.00059,-0.001304,1,acq,20480,20480,0,16,True,False,1,1200000,8381618,False,-1191638,1189690,0,0,0,0,1,1,1784380314.4394019
239,122,15,formal,down,14,61,0,-2.5796268097424426,1784380316.77284,1784380319.107826,1784380317.940333,0.082836,0.077899,0.133406,0.000571,-0.001299,1,acq,20480,20480,0,16,True,False,1,1200000,8381618,False,-1186048,1176987,0,0,0,0,1,1,1784380316.77284
240,123,0,formal,up,14,61,1,-2.5796268097424426,1784380331.834413,1784380334.170041,1784380333.002227,0.077728,0.075683,0.12963,0.000594,-0.00129,1,acq,20480,20480,0,16,True,False,1,1200000,8381618,False,-1159118,1152343,0,0,0,0,1,1,1784380331.834413
241,123,1,formal,up,14,61,1,-2.5796268097424426,1784380334.170409,1784380336.508405,1784380335.339407,0.076932,0.075288,0.128971,0.000588,-0.001313,1,acq,20480,20480,0,16,True,False,1,1200000,8381618,False,-1154121,1150310,0,0,0,0,1,1,1784380334.170409
242,123,2,formal,up,14,61,1,-2.5796268097424426,1784380336.5087051,1784380338.837437,1784380337.673071,0.076305,0.075009,0.12852,0.000595,-0.001313,1,acq,20480,20480,0,16,True,False,1,1200000,8381618,False,-1152851,1145907,0,0,0,0,1,1,1784380336.5087051
243,123,3,formal,up,14,61,1,-2.5796268097424426,1784380338.837673,1784380341.1785338,1784380340.0081034,0.075603,0.07467,0.127904,0.000604,-0.001305,1,acq,20480,20480,0,16,True,False,1,1200000,8381618,False,-1150734,1129985,0,0,0,0,1,1,1784380338.837673
244,123,4,formal,up,14,61,1,-2.5796268097424426,1784380341.1787992,1784380343.510366,1784380342.3445826,0.074924,0.074343,0.127409,0.000596,-0.001322,1,acq,20480,20480,0,16,True,False,1,1200000,8381618,False,-1140317,1132865,0,0,0,0,1,1,1784380341.1787992
245,123,5,formal,up,14,61,1,-2.5796268097424426,1784380343.510605,1784380345.85675,1784380344.6836777,0.074338,0.074085,0.126942,0.000619,-0.001322,1,acq,20480,20480,0,16,True,False,1,1200000,8381618,False,-1137607,1131594,0,0,0,0,1,1,1784380343.510605
246,123,6,formal,up,14,61,1,-2.5796268097424426,1784380345.857049,1784380348.1789,1784380347.0179744,0.073662,0.073775,0.126369,0.000616,-0.001326,1,acq,20480,20480,0,16,True,False,1,1200000,8381618,False,-1131933,1121855,0,0,0,0,1,1,1784380345.857049
247,123,7,formal,up,14,61,1,-2.5796268097424426,1784380348.179154,1784380350.50723,1784380349.343192,0.073089,0.073493,0.125925,0.000614,-0.001326,1,acq,20480,20480,0,16,True,False,1,1200000,8381618,False,-1143620,1125497,0,0,0,0,1,1,1784380348.179154
248,123,8,formal,up,14,61,1,-2.5796268097424426,1784380350.507463,1784380352.8478131,1784380351.677638,0.072487,0.073219,0.125497,0.000612,-0.001338,1,acq,20480,20480,0,16,True,False,1,1200000,8381618,False,-1134389,1123973,0,0,0,0,1,1,1784380350.507463
249,123,9,formal,up,14,61,1,-2.5796268097424426,1784380352.848106,1784380355.180446,1784380354.014276,0.071886,0.072931,0.125016,0.000609,-0.001333,1,acq,20480,20480,0,16,True,False,1,1200000,8381618,False,-1129647,1119061,0,0,0,0,1,1,1784380352.848106
250,123,10,formal,up,14,61,1,-2.5796268097424426,1784380355.1806982,1784380357.507187,1784380356.3439426,0.07123,0.072566,0.124366,0.000607,-0.00135,1,acq,20480,20480,0,16,True,False,1,1200000,8381618,False,-1124311,1109491,0,0,0,0,1,1,1784380355.1806982
251,123,11,formal,up,14,61,1,-2.5796268097424426,1784380357.507457,1784380359.832331,1784380358.669894,0.070738,0.072346,0.124027,0.000599,-0.001353,1,acq,20480,20480,0,16,True,False,1,1200000,8381618,False,-1110422,1108051,0,0,0,0,1,1,1784380357.507457
252,123,12,formal,up,14,61,1,-2.5796268097424426,1784380359.832593,1784380362.17184,1784380361.0022163,0.070195,0.072112,0.123565,0.000596,-0.001339,1,acq,20480,20480,0,16,True,False,1,1200000,8381618,False,-1119230,1098736,0,0,0,0,1,1,1784380359.832593
253,123,13,formal,up,14,61,1,-2.5796268097424426,1784380362.172077,1784380364.511244,1784380363.3416605,0.069642,0.071862,0.123198,0.000632,-0.001345,1,acq,20480,20480,0,16,True,False,1,1200000,8381618,False,-1110084,1095348,0,0,0,0,1,1,1784380362.172077
254,123,14,formal,up,14,61,1,-2.5796268097424426,1784380364.511478,1784380366.828715,1784380365.6700964,0.069049,0.071575,0.122608,0.000618,-0.001312,1,acq,20480,20480,0,16,True,False,1,1200000,8381618,False,-1101361,1084339,0,0,0,0,1,1,1784380364.511478
255,123,15,formal,up,14,61,1,-2.5796268097424426,1784380366.828994,1784380369.1640341,1784380367.996514,0.068532,0.071279,0.122228,0.000634,-0.001351,1,acq,20480,20480,0,16,True,False,1,1200000,8381618,False,-1097889,1107543,0,0,0,0,1,1,1784380366.828994
256,124,0,formal,up,15,62,0,-2.449073333541344,1784380380.454765,1784380382.7863958,1784380381.6205804,0.092252,0.081209,0.139208,0.000893,-0.001896,1,acq,20480,20480,0,16,True,False,1,1200000,8381618,False,-1246431,1215266,0,0,0,0,1,1,1784380380.454765
257,124,1,formal,up,15,62,0,-2.449073333541344,1784380382.786665,1784380385.1346922,1784380383.9606786,0.091806,0.081085,0.138885,0.000874,-0.001907,1,acq,20480,20480,0,16,True,False,1,1200000,8381618,False,-1232711,1210354,0,0,0,0,1,1,1784380382.786665
258,124,2,formal,up,15,62,0,-2.449073333541344,1784380385.135009,1784380387.477222,1784380386.3061156,0.091304,0.080871,0.138526,0.000869,-0.001898,1,acq,20480,20480,0,16,True,False,1,1200000,8381618,False,-1252867,1215350,0,0,0,0,1,1,1784380385.135009
259,124,3,formal,up,15,62,0,-2.449073333541344,1784380387.47746,1784380389.802204,1784380388.639832,0.090939,0.080673,0.13825,0.000905,-0.001897,1,acq,20480,20480,0,16,True,False,1,1200000,8381618,False,-1236522,1216367,0,0,0,0,1,1,1784380387.47746
260,124,4,formal,up,15,62,0,-2.449073333541344,1784380389.802455,1784380392.133834,1784380390.9681444,0.090453,0.080487,0.137921,0.000906,-0.001905,1,acq,20480,20480,0,16,True,False,1,1200000,8381618,False,-1245668,1217806,0,0,0,0,1,1,1784380389.802455
261,124,5,formal,up,15,62,0,-2.449073333541344,1784380392.1340969,1784380394.464622,1784380393.2993593,0.08998,0.080292,0.13766,0.000891,-0.001904,1,acq,20480,20480,0,16,True,False,1,1200000,8381618,False,-1239740,1209253,0,0,0,0,1,1,1784380392.1340969
262,124,6,formal,up,15,62,0,-2.449073333541344,1784380394.4648519,1784380396.793522,1784380395.6291869,0.089501,0.080101,0.137208,0.000884,-0.001878,1,acq,20480,20480,0,16,True,False,1,1200000,8381618,False,-1247108,1199853,0,0,0,0,1,1,1784380394.4648519
263,124,7,formal,up,15,62,0,-2.449073333541344,1784380396.793781,1784380399.116794,1784380397.9552875,0.089037,0.07991,0.136981,0.000913,-0.001896,1,acq,20480,20480,0,16,True,False,1,1200000,8381618,False,-1233473,1201716,0,0,0,0,1,1,1784380396.793781
264,124,8,formal,up,15,62,0,-2.449073333541344,1784380399.1170251,1784380401.44485,1784380400.2809377,0.088608,0.079713,0.136576,0.000887,-0.001876,1,acq,20480,20480,0,16,True,False,1,1200000,8381618,False,-1225852,1200276,0,0,0,0,1,1,1784380399.1170251
265,124,9,formal,up,15,62,0,-2.449073333541344,1784380401.4451041,1784380403.7802749,1784380402.6126895,0.088162,0.079568,0.136336,0.000917,-0.001915,1,acq,20480,20480,0,16,True,False,1,1200000,8381618,False,-1221787,1199175,0,0,0,0,1,1,1784380401.4451041
266,124,10,formal,up,15,62,0,-2.449073333541344,1784380403.780787,1784380406.1208372,1784380404.950812,0.087811,0.079415,0.136135,0.000892,-0.001893,1,acq,20480,20480,0,16,True,False,1,1200000,8381618,False,-1222379,1206119,0,0,0,0,1,1,1784380403.780787
267,124,11,formal,up,15,62,0,-2.449073333541344,1784380406.121082,1784380408.452089,1784380407.2865856,0.087307,0.079167,0.135739,0.000896,-0.001907,1,acq,20480,20480,0,16,True,False,1,1200000,8381618,False,-1218907,1194602,0,0,0,0,1,1,1784380406.121082
268,124,12,formal,up,15,62,0,-2.449073333541344,1784380408.45235,1784380410.782264,1784380409.617307,0.086852,0.078978,0.135403,0.000899,-0.001894,1,acq,20480,20480,0,16,True,False,1,1200000,8381618,False,-1217722,1189182,0,0,0,0,1,1,1784380408.45235
269,124,13,formal,up,15,62,0,-2.449073333541344,1784380410.782559,1784380413.107373,1784380411.9449658,0.086415,0.078767,0.135045,0.000914,-0.001898,1,acq,20480,20480,0,16,True,False,1,1200000,8381618,False,-1211285,1186980,0,0,0,0,1,1,1784380410.782559
270,124,14,formal,up,15,62,0,-2.449073333541344,1784380413.107605,1784380415.448883,1784380414.278244,0.085929,0.078562,0.134666,0.000909,-0.001884,1,acq,20480,20480,0,16,True,False,1,1200000,8381618,False,-1209422,1191892,0,0,0,0,1,1,1784380413.107605
271,124,15,formal,up,15,62,0,-2.449073333541344,1784380415.4491038,1784380417.788362,1784380416.618733,0.085556,0.078431,0.13445,0.000916,-0.001907,1,acq,20480,20480,0,16,True,False,1,1200000,8381618,False,-1206204,1178427,0,0,0,0,1,1,1784380415.4491038
272,125,0,formal,down,15,62,1,-2.449073333541344,1784380430.462637,1784380432.791561,1784380431.627099,0.083149,0.077429,0.132703,0.000946,-0.001879,1,acq,20480,20480,0,16,True,False,1,1200000,8381618,False,-1200699,1169111,0,0,0,0,1,1,1784380430.462637
273,125,1,formal,down,15,62,1,-2.449073333541344,1784380432.7917628,1784380435.1166248,1784380433.9541938,0.082606,0.077113,0.132181,0.000929,-0.001881,1,acq,20480,20480,0,16,True,False,1,1200000,8381618,False,-1194432,1158440,0,0,0,0,1,1,1784380432.7917628
274,125,2,formal,down,15,62,1,-2.449073333541344,1784380435.117049,1784380437.453428,1784380436.2852385,0.082243,0.077015,0.131994,0.000901,-0.001894,1,acq,20480,20480,0,16,True,False,1,1200000,8381618,False,-1206966,1162590,0,0,0,0,1,1,1784380435.117049
275,125,3,formal,down,15,62,1,-2.449073333541344,1784380437.453658,1784380439.783287,1784380438.6184726,0.081929,0.076873,0.131784,0.000928,-0.001875,1,acq,20480,20480,0,16,True,False,1,1200000,8381618,False,-1179866,1156493,0,0,0,0,1,1,1784380437.453658
276,125,4,formal,down,15,62,1,-2.449073333541344,1784380439.783696,1784380442.118067,1784380440.9508815,0.081515,0.076664,0.131429,0.000918,-0.001898,1,acq,20480,20480,0,16,True,False,1,1200000,8381618,False,-1171059,1167502,0,0,0,0,1,1,1784380439.783696
277,125,5,formal,down,15,62,1,-2.449073333541344,1784380442.118402,1784380444.428176,1784380443.273289,0.081117,0.076477,0.131092,0.000924,-0.001885,1,acq,20480,20480,0,16,True,False,1,1200000,8381618,False,-1171143,1162590,0,0,0,0,1,1,1784380442.118402
278,125,6,formal,down,15,62,1,-2.449073333541344,1784380444.428434,1784380446.756711,1784380445.5925725,0.080675,0.076312,0.130742,0.000937,-0.001896,1,acq,20480,20480,0,16,True,False,1,1200000,8381618,False,-1196042,1145314,0,0,0,0,1,1,1784380444.428434
279,125,7,formal,down,15,62,1,-2.449073333541344,1784380446.756973,1784380449.083303,1784380447.920138,0.080447,0.076237,0.130648,0.000933,-0.001881,1,acq,20480,20480,0,16,True,False,1,1200000,8381618,False,-1170720,1153190,0,0,0,0,1,1,1784380446.756973
280,125,8,formal,down,15,62,1,-2.449073333541344,1784380449.083523,1784380451.427007,1784380450.255265,0.080057,0.076056,0.130336,0.000924,-0.001889,1,acq,20480,20480,0,16,True,False,1,1200000,8381618,False,-1179019,1156069,0,0,0,0,1,1,1784380449.083523
281,125,9,formal,down,15,62,1,-2.449073333541344,1784380451.427244,1784380453.765271,1784380452.5962574,0.079636,0.075862,0.130089,0.000925,-0.001876,1,acq,20480,20480,0,16,True,False,1,1200000,8381618,False,-1191384,1150226,0,0,0,0,1,1,1784380451.427244
282,125,10,formal,down,15,62,1,-2.449073333541344,1784380453.765504,1784380456.099974,1784380454.9327388,0.079265,0.075659,0.129755,0.0009,-0.001896,1,acq,20480,20480,0,16,True,False,1,1200000,8381618,False,-1176394,1137438,0,0,0,0,1,1,1784380453.765504
283,125,11,formal,down,15,62,1,-2.449073333541344,1784380456.100256,1784380458.442584,1784380457.27142,0.078972,0.075534,0.1295,0.000922,-0.001873,1,acq,20480,20480,0,16,True,False,1,1200000,8381618,False,-1175039,1154799,0,0,0,0,1,1,1784380456.100256
284,125,12,formal,down,15,62,1,-2.449073333541344,1784380458.4428291,1784380460.783676,1784380459.6132526,0.078579,0.07541,0.129215,0.000927,-0.001883,1,acq,20480,20480,0,16,True,False,1,1200000,8381618,False,-1162167,1130070,0,0,0,0,1,1,1784380458.4428291
285,125,13,formal,down,15,62,1,-2.449073333541344,1784380460.7839959,1784380463.1166232,1784380461.9503095,0.078287,0.075244,0.129043,0.000922,-0.0019,1,acq,20480,20480,0,16,True,False,1,1200000,8381618,False,-1158694,1144721,0,0,0,0,1,1,1784380460.7839959
286,125,14,formal,down,15,62,1,-2.449073333541344,1784380463.116948,1784380465.450001,1784380464.2834744,0.07794,0.075135,0.128745,0.000896,-0.001895,1,acq,20480,20480,0,16,True,False,1,1200000,8381618,False,-1168857,1134474,0,0,0,0,1,1,1784380463.116948
287,125,15,formal,down,15,62,1,-2.449073333541344,1784380465.450294,1784380467.782342,1784380466.616318,0.077589,0.074919,0.128479,0.000918,-0.001892,1,acq,20480,20480,0,16,True,False,1,1200000,8381618,False,-1165639,1143789,0,0,0,0,1,1,1784380465.450294
288,126,0,formal,down,65,63,0,4.078600476513591,1784380552.1866372,1784380554.514369,1784380553.350503,1.051545,-0.157672,-0.269364,-0.001158,0.002656,1,acq,20480,20480,0,16,True,False,1,1200000,8381618,False,-2270641,2399536,0,0,0,0,1,1,1784380552.1866372
289,126,1,formal,down,65,63,0,4.078600476513591,1784380554.514606,1784380556.8577542,1784380555.68618,1.049245,-0.157931,-0.26991,-0.001116,0.002669,1,acq,20480,20480,0,16,True,False,1,1200000,8381618,False,-2303669,2428160,0,0,0,0,1,1,1784380554.514606
290,126,2,formal,down,65,63,0,4.078600476513591,1784380556.857999,1784380559.197551,1784380558.027775,1.046699,-0.158296,-0.27039,-0.001143,0.002638,1,acq,20480,20480,0,16,True,False,1,1200000,8381618,False,-2300282,2464660,0,0,0,0,1,1,1784380556.857999
291,126,3,formal,down,65,63,0,4.078600476513591,1784380559.1977868,1784380561.5387058,1784380560.3682463,1.044151,-0.158448,-0.270838,-0.001134,0.002653,1,acq,20480,20480,0,16,True,False,1,1200000,8381618,False,-2301044,2393184,0,0,0,0,1,1,1784380559.1977868
292,126,4,formal,down,65,63,0,4.078600476513591,1784380561.538968,1784380563.8677619,1784380562.7033648,1.042081,-0.158682,-0.271251,-0.001109,0.002656,1,acq,20480,20480,0,16,True,False,1,1200000,8381618,False,-2277416,2388103,0,0,0,0,1,1,1784380561.538968
293,126,5,formal,down,65,63,0,4.078600476513591,1784380563.867976,1784380566.2160451,1784380565.0420105,1.039094,-0.158794,-0.271414,-0.001118,0.00262,1,acq,20480,20480,0,16,True,False,1,1200000,8381618,False,-2288680,2418590,0,0,0,0,1,1,1784380563.867976
294,126,6,formal,down,65,63,0,4.078600476513591,1784380566.2162821,1784380568.551135,1784380567.3837085,1.037056,-0.159013,-0.271781,-0.001121,0.002648,1,acq,20480,20480,0,16,True,False,1,1200000,8381618,False,-2331870,2389204,0,0,0,0,1,1,1784380566.2162821
295,126,7,formal,down,65,63,0,4.078600476513591,1784380568.5513752,1784380570.870828,1784380569.7111015,1.034342,-0.159105,-0.271963,-0.001136,0.00267,1,acq,20480,20480,0,16,True,False,1,1200000,8381618,False,-2343303,2413170,0,0,0,0,1,1,1784380568.5513752
296,126,8,formal,down,65,63,0,4.078600476513591,1784380570.8710668,1784380573.207114,1784380572.0390904,1.032698,-0.159312,-0.272328,-0.001127,0.002646,1,acq,20480,20480,0,16,True,False,1,1200000,8381618,False,-2306464,2447892,0,0,0,0,1,1,1784380570.8710668
297,126,9,formal,down,65,63,0,4.078600476513591,1784380573.20735,1784380575.5323389,1784380574.3698444,1.030367,-0.15946,-0.27246,-0.001134,0.002665,1,acq,20480,20480,0,16,True,False,1,1200000,8381618,False,-2324079,2419353,0,0,0,0,1,1,1784380573.20735
298,126,10,formal,down,65,63,0,4.078600476513591,1784380575.532585,1784380577.874358,1784380576.7034714,1.027539,-0.159479,-0.272565,-0.001138,0.002611,1,acq,20480,20480,0,16,True,False,1,1200000,8381618,False,-2332971,2420538,0,0,0,0,1,1,1784380575.532585
299,126,11,formal,down,65,63,0,4.078600476513591,1784380577.874708,1784380580.207702,1784380579.041205,1.026143,-0.159636,-0.272935,-0.001116,0.002632,1,acq,20480,20480,0,16,True,False,1,1200000,8381618,False,-2319421,2402415,0,0,0,0,1,1,1784380577.874708
300,126,12,formal,down,65,63,0,4.078600476513591,1784380580.207958,1784380582.536308,1784380581.372133,1.024177,-0.159744,-0.273099,-0.001129,0.002682,1,acq,20480,20480,0,16,True,False,1,1200000,8381618,False,-2318574,2430362,0,0,0,0,1,1,1784380580.207958
301,126,13,formal,down,65,63,0,4.078600476513591,1784380582.5365582,1784380584.8788118,1784380583.707685,1.022723,-0.159886,-0.27348,-0.001186,0.002631,1,acq,20480,20480,0,16,True,False,1,1200000,8381618,False,-2336274,2415203,0,0,0,0,1,1,1784380582.5365582
302,126,14,formal,down,65,63,0,4.078600476513591,1784380584.879165,1784380587.2048378,1784380586.0420012,1.019883,-0.159895,-0.273392,-0.001123,0.002608,1,acq,20480,20480,0,16,True,False,1,1200000,8381618,False,-2326704,2416219,0,0,0,0,1,1,1784380584.879165
303,126,15,formal,down,65,63,0,4.078600476513591,1784380587.205098,1784380589.542145,1784380588.3736215,1.017827,-0.160005,-0.273435,-0.001107,0.002651,1,acq,20480,20480,0,16,True,False,1,1200000,8381618,False,-2337121,2451873,0,0,0,0,1,1,1784380587.205098
304,127,0,formal,up,65,63,1,4.078600476513591,1784380602.216043,1784380604.5459352,1784380603.380989,1.008839,-0.160781,-0.274931,-0.001068,0.002647,1,acq,20480,20480,0,16,True,False,1,1200000,8381618,False,-2334750,2409868,0,0,0,0,1,1,1784380602.216043
305,127,1,formal,up,65,63,1,4.078600476513591,1784380604.546162,1784380606.870993,1784380605.7085774,1.009957,-0.161182,-0.275455,-0.001212,0.002526,1,acq,20480,20480,0,16,True,False,1,1200000,8381618,False,-2302230,5988338,0,0,0,0,1,1,1784380604.546162
306,127,2,formal,up,65,63,1,4.078600476513591,1784380606.871714,1784380609.204373,1784380608.0380435,1.006163,-0.161054,-0.275355,-0.00113,0.002637,1,acq,20480,20480,0,16,True,False,1,1200000,8381618,False,-2329160,2432310,0,0,0,0,1,1,1784380606.871714
307,127,3,formal,up,65,63,1,4.078600476513591,1784380609.204601,1784380611.550068,1784380610.3773346,1.004446,-0.161072,-0.275472,-0.001088,0.002588,1,acq,20480,20480,0,16,True,False,1,1200000,8381618,False,-2352365,2411985,0,0,0,0,1,1,1784380609.204601
308,127,4,formal,up,65,63,1,4.078600476513591,1784380611.550346,1784380613.8929121,1784380612.7216291,1.003193,-0.161124,-0.27558,-0.001105,0.002589,1,acq,20480,20480,0,16,True,False,1,1200000,8381618,False,-2310698,2416134,0,0,0,0,1,1,1784380611.550346
309,127,5,formal,up,65,63,1,4.078600476513591,1784380613.893148,1784380616.2265239,1784380615.059836,1.00172,-0.1613,-0.275755,-0.001073,0.002624,1,acq,20480,20480,0,16,True,False,1,1200000,8381618,False,-2307142,2411053,0,0,0,0,1,1,1784380613.893148
310,127,6,formal,up,65,63,1,4.078600476513591,1784380616.226749,1784380618.553209,1784380617.389979,0.999916,-0.161279,-0.275773,-0.001126,0.00262,1,acq,20480,20480,0,16,True,False,1,1200000,8381618,False,-2365068,2441371,0,0,0,0,1,1,1784380616.226749
311,127,7,formal,up,65,63,1,4.078600476513591,1784380618.5535018,1784380620.8977568,1784380619.7256293,0.998775,-0.161375,-0.275976,-0.001115,0.002605,1,acq,20480,20480,0,16,True,False,1,1200000,8381618,False,-2337036,2395894,0,0,0,0,1,1,1784380618.5535018
312,127,8,formal,up,65,63,1,4.078600476513591,1784380620.897977,1784380623.232804,1784380622.0653906,0.997465,-0.161432,-0.276082,-0.001122,0.00256,1,acq,20480,20480,0,16,True,False,1,1200000,8381618,False,-2339831,2453905,0,0,0,0,1,1,1784380620.897977
313,127,9,formal,up,65,63,1,4.078600476513591,1784380623.233075,1784380625.570598,1784380624.4018364,0.996432,-0.161548,-0.276264,-0.001099,0.002602,1,acq,20480,20480,0,16,True,False,1,1200000,8381618,False,-2372436,2487018,0,0,0,0,1,1,1784380623.233075
314,127,10,formal,up,65,63,1,4.078600476513591,1784380625.570882,1784380627.905726,1784380626.7383041,0.994902,-0.161602,-0.276429,-0.001072,0.002565,1,acq,20480,20480,0,16,True,False,1,1200000,8381618,False,-2351602,2418760,0,0,0,0,1,1,1784380625.570882
315,127,11,formal,up,65,63,1,4.078600476513591,1784380627.906004,1784380630.2291121,1784380629.067558,0.993437,-0.161582,-0.276485,-0.001079,0.002541,1,acq,20480,20480,0,16,True,False,1,1200000,8381618,False,-2348130,2445860,0,0,0,0,1,1,1784380627.906004
316,127,12,formal,up,65,63,1,4.078600476513591,1784380630.229353,1784380632.5572622,1784380631.3933077,0.99222,-0.161721,-0.276626,-0.001087,0.002586,1,acq,20480,20480,0,16,True,False,1,1200000,8381618,False,-2385223,2419268,0,0,0,0,1,1,1784380630.229353
317,127,13,formal,up,65,63,1,4.078600476513591,1784380632.557495,1784380634.879935,1784380633.7187152,0.9906,-0.161789,-0.276612,-0.001135,0.002614,1,acq,20480,20480,0,16,True,False,1,1200000,8381618,False,-2386663,2435782,0,0,0,0,1,1,1784380632.557495
318,127,14,formal,up,65,63,1,4.078600476513591,1784380634.880169,1784380637.214467,1784380636.047318,0.989076,-0.161716,-0.276611,-0.001089,0.002575,1,acq,20480,20480,0,16,True,False,1,1200000,8381618,False,-2371419,2457885,0,0,0,0,1,1,1784380634.880169
319,127,15,formal,up,65,63,1,4.078600476513591,1784380637.2147079,1784380639.5476859,1784380638.381197,0.988696,-0.161877,-0.277005,-0.001124,0.002598,1,acq,20480,20480,0,16,True,False,1,1200000,8381618,False,-2349824,2426043,0,0,0,0,1,1,1784380637.2147079
320,128,0,formal,up,72,64,0,4.992474809921282,1784380657.9946492,1784380660.323949,1784380659.1592991,0.557203,-0.16019,-0.272892,0.001491,-0.001498,1,acq,20480,20480,0,16,True,False,1,1200000,8381618,False,-2330769,2350925,0,0,0,0,1,1,1784380657.9946492
321,128,1,formal,up,72,64,0,4.992474809921282,1784380660.324237,1784380662.660392,1784380661.4923146,0.554873,-0.159991,-0.27255,0.001497,-0.001506,1,acq,20480,20480,0,16,True,False,1,1200000,8381618,False,-2311545,2377771,0,0,0,0,1,1,1784380660.324237
322,128,2,formal,up,72,64,0,4.992474809921282,1784380662.6606688,1784380665.0013041,1784380663.8309865,0.55286,-0.159864,-0.272383,0.001489,-0.001497,1,acq,20480,20480,0,16,True,False,1,1200000,8381618,False,-2352703,2373621,0,0,0,0,1,1,1784380662.6606688
323,128,3,formal,up,72,64,0,4.992474809921282,1784380665.0015411,1784380667.324393,1784380666.1629672,0.550944,-0.159652,-0.272071,0.001499,-0.001444,1,acq,20480,20480,0,16,True,False,1,1200000,8381618,False,-2346013,2357531,0,0,0,0,1,1,1784380665.0015411
324,128,4,formal,up,72,64,0,4.992474809921282,1784380667.3250508,1784380669.6592808,1784380668.4921658,0.549517,-0.159593,-0.272103,0.001511,-0.001469,1,acq,20480,20480,0,16,True,False,1,1200000,8381618,False,-2358039,2365661,0,0,0,0,1,1,1784380667.3250508
325,128,5,formal,up,72,64,0,4.992474809921282,1784380669.659543,1784380672.007512,1784380670.8335276,0.547526,-0.159469,-0.271757,0.001478,-0.001457,1,acq,20480,20480,0,16,True,False,1,1200000,8381618,False,-2323994,2345082,0,0,0,0,1,1,1784380669.659543
326,128,6,formal,up,72,64,0,4.992474809921282,1784380672.008613,1784380674.3479402,1784380673.1782765,0.545848,-0.159253,-0.271571,0.001467,-0.001438,1,acq,20480,20480,0,16,True,False,1,1200000,8381618,False,-2323402,2358716,0,0,0,0,1,1,1784380672.008613
327,128,7,formal,up,72,64,0,4.992474809921282,1784380674.348225,1784380676.672342,1784380675.5102835,0.544635,-0.159297,-0.271566,0.001517,-0.001517,1,acq,20480,20480,0,16,True,False,1,1200000,8381618,False,-2347876,2331616,0,0,0,0,1,1,1784380674.348225
328,128,8,formal,up,72,64,0,4.992474809921282,1784380676.6725938,1784380679.013258,1784380677.842926,0.542805,-0.15907,-0.271226,0.001501,-0.001487,1,acq,20480,20480,0,16,True,False,1,1200000,8381618,False,-2311207,2352873,0,0,0,0,1,1,1784380676.6725938
329,128,9,formal,up,72,64,0,4.992474809921282,1784380679.014314,1784380681.340652,1784380680.177483,0.541165,-0.158961,-0.271094,0.001505,-0.001509,1,acq,20480,20480,0,16,True,False,1,1200000,8381618,False,-2345844,2347622,0,0,0,0,1,1,1784380679.014314
330,128,10,formal,up,72,64,0,4.992474809921282,1784380681.340876,1784380683.665642,1784380682.5032592,0.539967,-0.158919,-0.270963,0.001511,-0.001477,1,acq,20480,20480,0,16,True,False,1,1200000,8381618,False,-2309682,2330600,0,0,0,0,1,1,1784380681.340876
331,128,11,formal,up,72,64,0,4.992474809921282,1784380683.666163,1784380686.015679,1784380684.840921,0.538489,-0.158791,-0.270753,0.001511,-0.001517,1,acq,20480,20480,0,16,True,False,1,1200000,8381618,False,-2317727,2332209,0,0,0,0,1,1,1784380683.666163
332,128,12,formal,up,72,64,0,4.992474809921282,1784380686.016803,1784380688.340575,1784380687.178689,0.537059,-0.158651,-0.270635,0.001511,-0.001506,1,acq,20480,20480,0,16,True,False,1,1200000,8381618,False,-2356006,2364306,0,0,0,0,1,1,1784380686.016803
333,128,13,formal,up,72,64,0,4.992474809921282,1784380688.340823,1784380690.6834612,1784380689.5121422,0.535982,-0.158627,-0.270496,0.001533,-0.001504,1,acq,20480,20480,0,16,True,False,1,1200000,8381618,False,-2312138,2341355,0,0,0,0,1,1,1784380688.340823
334,128,14,formal,up,72,64,0,4.992474809921282,1784380690.683717,1784380693.009724,1784380691.8467205,0.534735,-0.158511,-0.270387,0.001517,-0.001444,1,acq,20480,20480,0,16,True,False,1,1200000,8381618,False,-2298842,2350332,0,0,0,0,1,1,1784380690.683717
335,128,15,formal,up,72,64,0,4.992474809921282,1784380693.010779,1784380695.3531609,1784380694.18197,0.533443,-0.158428,-0.270274,0.001505,-0.001515,1,acq,20480,20480,0,16,True,False,1,1200000,8381618,False,-2298927,2311630,0,0,0,0,1,1,1784380693.010779
336,129,0,formal,down,72,64,1,4.992474809921282,1784380708.045312,1784380710.3837702,1784380709.214541,0.525133,-0.15777,-0.269185,0.001487,-0.001538,1,acq,20480,20480,0,16,True,False,1,1200000,8381618,False,-2333733,2313917,0,0,0,0,1,1,1784380708.045312
337,129,1,formal,down,72,64,1,4.992474809921282,1784380710.3849359,1784380712.7115278,1784380711.5482318,0.523797,-0.157564,-0.268888,0.001545,-0.001515,1,acq,20480,20480,0,16,True,False,1,1200000,8381618,False,-2323402,2332887,0,0,0,0,1,1,1784380710.3849359
338,129,2,formal,down,72,64,1,4.992474809921282,1784380712.711885,1784380715.0427399,1784380713.8773124,0.522777,-0.157532,-0.268889,0.001514,-0.001477,1,acq,20480,20480,0,16,True,False,1,1200000,8381618,False,-2310021,2324248,0,0,0,0,1,1,1784380712.711885
339,129,3,formal,down,72,64,1,4.992474809921282,1784380715.043009,1784380717.382294,1784380716.2126515,0.521978,-0.157541,-0.268795,0.001524,-0.001531,1,acq,20480,20480,0,16,True,False,1,1200000,8381618,False,-2330600,2319760,0,0,0,0,1,1,1784380715.043009
340,129,4,formal,down,72,64,1,4.992474809921282,1784380717.3833869,1784380719.72562,1784380718.5545034,0.520552,-0.157346,-0.268591,0.00151,-0.001523,1,acq,20480,20480,0,16,True,False,1,1200000,8381618,False,-2321454,2329753,0,0,0,0,1,1,1784380717.3833869
341,129,5,formal,down,72,64,1,4.992474809921282,1784380719.7258549,1784380722.0597749,1784380720.8928149,0.519838,-0.157369,-0.268531,0.001507,-0.001515,1,acq,20480,20480,0,16,True,False,1,1200000,8381618,False,-2298927,2315780,0,0,0,0,1,1,1784380719.7258549
342,129,6,formal,down,72,64,1,4.992474809921282,1784380722.060089,1784380724.402978,1784380723.2315335,0.518372,-0.157256,-0.268247,0.001513,-0.001521,1,acq,20480,20480,0,16,True,False,1,1200000,8381618,False,-2315780,2323910,0,0,0,0,1,1,1784380722.060089
343,129,7,formal,down,72,64,1,4.992474809921282,1784380724.404016,1784380726.738771,1784380725.5713935,0.517502,-0.157229,-0.268235,0.00149,-0.001538,1,acq,20480,20480,0,16,True,False,1,1200000,8381618,False,-2307988,2325011,0,0,0,0,1,1,1784380724.404016
344,129,8,formal,down,72,64,1,4.992474809921282,1784380726.739,1784380729.079228,1784380727.909114,0.516521,-0.157052,-0.268145,0.001507,-0.001536,1,acq,20480,20480,0,16,True,False,1,1200000,8381618,False,-2321115,2344235,0,0,0,0,1,1,1784380726.739
345,129,9,formal,down,72,64,1,4.992474809921282,1784380729.079464,1784380731.396731,1784380730.2380974,0.515111,-0.156949,-0.267795,0.001534,-0.001523,1,acq,20480,20480,0,16,True,False,1,1200000,8381618,False,-2308242,2289188,0,0,0,0,1,1,1784380729.079464
346,129,10,formal,down,72,64,1,4.992474809921282,1784380731.397005,1784380733.73376,1784380732.5653825,0.514154,-0.156822,-0.267695,0.001519,-0.001558,1,acq,20480,20480,0,16,True,False,1,1200000,8381618,False,-2291136,2322470,0,0,0,0,1,1,1784380731.397005
347,129,11,formal,down,72,64,1,4.992474809921282,1784380733.734807,1784380736.062112,1784380734.8984594,0.513283,-0.156775,-0.267563,0.00152,-0.001547,1,acq,20480,20480,0,16,True,False,1,1200000,8381618,False,-2300282,2299181,0,0,0,0,1,1,1784380733.734807
348,129,12,formal,down,72,64,1,4.992474809921282,1784380736.062387,1784380738.394537,1784380737.228462,0.512057,-0.156757,-0.267422,0.001488,-0.001529,1,acq,20480,20480,0,16,True,False,1,1200000,8381618,False,-2299774,2326620,0,0,0,0,1,1,1784380736.062387
349,129,13,formal,down,72,64,1,4.992474809921282,1784380738.3947809,1784380740.732909,1784380739.563845,0.511179,-0.156646,-0.267323,0.001483,-0.001546,1,acq,20480,20480,0,16,True,False,1,1200000,8381618,False,-2304940,2349993,0,0,0,0,1,1,1784380738.3947809
350,129,14,formal,down,72,64,1,4.992474809921282,1784380740.7331488,1784380743.074053,1784380741.903601,0.510048,-0.156486,-0.26709,0.001493,-0.001524,1,acq,20480,20480,0,16,True,False,1,1200000,8381618,False,-2291051,2281905,0,0,0,0,1,1,1784380740.7331488
351,129,15,formal,down,72,64,1,4.992474809921282,1784380743.074312,1784380745.397318,1784380744.235815,0.509159,-0.156443,-0.267071,0.0015,-0.00155,1,acq,20480,20480,0,16,True,False,1,1200000,8381618,False,-2314763,2338561,0,0,0,0,1,1,1784380743.074312
352,130,0,formal,down,8,65,0,-3.362947666949035,1784380845.7296681,1784380848.057358,1784380846.8935132,-0.000229,0.009139,0.015682,0.00088,-0.001626,1,acq,20480,20480,0,16,True,False,1,1200000,8381618,False,-238734,241783,0,0,0,0,1,1,1784380845.7296681
353,130,1,formal,down,8,65,0,-3.362947666949035,1784380848.058527,1784380850.396914,1784380849.2277205,-0.000458,0.008288,0.014192,0.000868,-0.001605,1,acq,20480,20480,0,16,True,False,1,1200000,8381618,False,-229588,234923,0,0,0,0,1,1,1784380848.058527
354,130,2,formal,down,8,65,0,-3.362947666949035,1784380850.3971572,1784380852.7236218,1784380851.5603895,-0.000629,0.00746,0.012855,0.000881,-0.001623,1,acq,20480,20480,0,16,True,False,1,1200000,8381618,False,-222305,217308,0,0,0,0,1,1,1784380850.3971572
355,130,3,formal,down,8,65,0,-3.362947666949035,1784380852.723936,1784380855.0487099,1784380853.886323,-0.000758,0.006739,0.011479,0.000882,-0.001617,1,acq,20480,20480,0,16,True,False,1,1200000,8381618,False,-212227,210364,0,0,0,0,1,1,1784380852.723936
356,130,4,formal,down,8,65,0,-3.362947666949035,1784380855.0489311,1784380857.381978,1784380856.2154546,-0.000889,0.005985,0.010325,0.000893,-0.001605,1,acq,20480,20480,0,16,True,False,1,1200000,8381618,False,-190039,205283,0,0,0,0,1,1,1784380855.0489311
357,130,5,formal,down,8,65,0,-3.362947666949035,1784380857.3822231,1784380859.726732,1784380858.5544777,-0.001013,0.005282,0.00909,0.000862,-0.001622,1,acq,20480,20480,0,16,True,False,1,1200000,8381618,False,-189785,183687,0,0,0,0,1,1,1784380857.3822231
358,130,6,formal,down,8,65,0,-3.362947666949035,1784380859.7269561,1784380862.071778,1784380860.899367,-0.001078,0.004685,0.007948,0.000878,-0.001614,1,acq,20480,20480,0,16,True,False,1,1200000,8381618,False,-175896,178775,0,0,0,0,1,1,1784380859.7269561
359,130,7,formal,down,8,65,0,-3.362947666949035,1784380862.072017,1784380864.407284,1784380863.2396505,-0.001162,0.003972,0.006882,0.000893,-0.001605,1,acq,20480,20480,0,16,True,False,1,1200000,8381618,False,-166750,170307,0,0,0,0,1,1,1784380862.072017
360,130,8,formal,down,8,65,0,-3.362947666949035,1784380864.408439,1784380866.7344372,1784380865.571438,-0.001227,0.003433,0.005838,0.000893,-0.001586,1,acq,20480,20480,0,16,True,False,1,1200000,8381618,False,-165987,162515,0,0,0,0,1,1,1784380864.408439
361,130,9,formal,down,8,65,0,-3.362947666949035,1784380866.734656,1784380869.074692,1784380867.904674,-0.001254,0.002823,0.004784,0.000885,-0.001601,1,acq,20480,20480,0,16,True,False,1,1200000,8381618,False,-147526,157349,0,0,0,0,1,1,1784380866.734656
362,130,10,formal,down,8,65,0,-3.362947666949035,1784380869.074979,1784380871.416948,1784380870.2459636,-0.001327,0.002226,0.003822,0.000894,-0.00161,1,acq,20480,20480,0,16,True,False,1,1200000,8381618,False,-141428,152099,0,0,0,0,1,1,1784380869.074979
363,130,11,formal,down,8,65,0,-3.362947666949035,1784380871.418011,1784380873.7512908,1784380872.584651,-0.001342,0.001675,0.002841,0.000879,-0.001595,1,acq,20480,20480,0,16,True,False,1,1200000,8381618,False,-146848,150744,0,0,0,0,1,1,1784380871.418011
364,130,12,formal,down,8,65,0,-3.362947666949035,1784380873.751571,1784380876.084982,1784380874.9182763,-0.001378,0.001129,0.001916,0.000881,-0.001593,1,acq,20480,20480,0,16,True,False,1,1200000,8381618,False,-137109,142529,0,0,0,0,1,1,1784380873.751571
365,130,13,formal,down,8,65,0,-3.362947666949035,1784380876.085193,1784380878.406921,1784380877.246057,-0.001359,0.000581,0.000999,0.000894,-0.001607,1,acq,20480,20480,0,16,True,False,1,1200000,8381618,False,-121611,144731,0,0,0,0,1,1,1784380876.085193
366,130,14,formal,down,8,65,0,-3.362947666949035,1784380878.408028,1784380880.741982,1784380879.575005,-0.001371,7.1e-05,0.000159,0.000887,-0.001594,1,acq,20480,20480,0,16,True,False,1,1200000,8381618,False,-131943,152776,0,0,0,0,1,1,1784380878.408028
367,130,15,formal,down,8,65,0,-3.362947666949035,1784380880.742232,1784380883.069196,1784380881.905714,-0.001385,-0.000405,-0.000708,0.000882,-0.001595,1,acq,20480,20480,0,16,True,False,1,1200000,8381618,False,-133722,144392,0,0,0,0,1,1,1784380880.742232
368,131,0,formal,up,8,65,1,-3.362947666949035,1784380895.723839,1784380898.048606,1784380896.8862224,-0.001223,-0.003427,-0.005875,0.00088,-0.00158,1,acq,20480,20480,0,16,True,False,1,1200000,8381618,False,-163616,162939,0,0,0,0,1,1,1784380895.723839
369,131,1,formal,up,8,65,1,-3.362947666949035,1784380898.048938,1784380900.389034,1784380899.218986,-0.001196,-0.003833,-0.006572,0.000883,-0.001565,1,acq,20480,20480,0,16,True,False,1,1200000,8381618,False,-172762,174541,0,0,0,0,1,1,1784380898.048938
370,131,2,formal,up,8,65,1,-3.362947666949035,1784380900.3892648,1784380902.7133691,1784380901.551317,-0.001155,-0.004251,-0.007296,0.000884,-0.001601,1,acq,20480,20480,0,16,True,False,1,1200000,8381618,False,-183010,169206,0,0,0,0,1,1,1784380900.3892648
371,131,3,formal,up,8,65,1,-3.362947666949035,1784380902.7136269,1784380905.054849,1784380903.8842378,-0.001104,-0.004639,-0.007948,0.000875,-0.001566,1,acq,20480,20480,0,16,True,False,1,1200000,8381618,False,-187244,183264,0,0,0,0,1,1,1784380902.7136269
372,131,4,formal,up,8,65,1,-3.362947666949035,1784380905.055947,1784380907.401053,1784380906.2285,-0.001041,-0.005013,-0.008629,0.000888,-0.001575,1,acq,20480,20480,0,16,True,False,1,1200000,8381618,False,-194697,183603,0,0,0,0,1,1,1784380905.055947
373,131,5,formal,up,8,65,1,-3.362947666949035,1784380907.40134,1784380909.739137,1784380908.5702386,-0.000996,-0.005424,-0.00935,0.000874,-0.001581,1,acq,20480,20480,0,16,True,False,1,1200000,8381618,False,-201810,191140,0,0,0,0,1,1,1784380907.40134
374,131,6,formal,up,8,65,1,-3.362947666949035,1784380909.739361,1784380912.065305,1784380910.902333,-0.000941,-0.005856,-0.009988,0.000878,-0.00156,1,acq,20480,20480,0,16,True,False,1,1200000,8381618,False,-201302,199016,0,0,0,0,1,1,1784380909.739361
375,131,7,formal,up,8,65,1,-3.362947666949035,1784380912.066422,1784380914.411617,1784380913.2390194,-0.000877,-0.006174,-0.010599,0.000896,-0.001554,1,acq,20480,20480,0,16,True,False,1,1200000,8381618,False,-211295,209009,0,0,0,0,1,1,1784380912.066422
376,131,8,formal,up,8,65,1,-3.362947666949035,1784380914.4118469,1784380916.742382,1784380915.5771146,-0.000823,-0.00653,-0.011257,0.000877,-0.001575,1,acq,20480,20480,0,16,True,False,1,1200000,8381618,False,-210025,204436,0,0,0,0,1,1,1784380914.4118469
377,131,9,formal,up,8,65,1,-3.362947666949035,1784380916.742613,1784380919.079099,1784380917.910856,-0.000741,-0.006924,-0.011938,0.000887,-0.001563,1,acq,20480,20480,0,16,True,False,1,1200000,8381618,False,-205452,220696,0,0,0,0,1,1,1784380916.742613
378,131,10,formal,up,8,65,1,-3.362947666949035,1784380919.079607,1784380921.406979,1784380920.243293,-0.00069,-0.007266,-0.012541,0.000883,-0.001567,1,acq,20480,20480,0,16,True,False,1,1200000,8381618,False,-227217,208501,0,0,0,0,1,1,1784380919.079607
379,131,11,formal,up,8,65,1,-3.362947666949035,1784380921.4072251,1784380923.730326,1784380922.5687757,-0.000601,-0.007629,-0.013139,0.000892,-0.001559,1,acq,20480,20480,0,16,True,False,1,1200000,8381618,False,-225438,226539,0,0,0,0,1,1,1784380921.4072251
380,131,12,formal,up,8,65,1,-3.362947666949035,1784380923.730656,1784380926.0627599,1784380924.896708,-0.000538,-0.008022,-0.013699,0.00089,-0.001565,1,acq,20480,20480,0,16,True,False,1,1200000,8381618,False,-230773,227301,0,0,0,0,1,1,1784380923.730656
381,131,13,formal,up,8,65,1,-3.362947666949035,1784380926.06383,1784380928.407109,1784380927.2354693,-0.000464,-0.008374,-0.014293,0.000899,-0.001554,1,acq,20480,20480,0,16,True,False,1,1200000,8381618,False,-238057,226963,0,0,0,0,1,1,1784380926.06383
382,131,14,formal,up,8,65,1,-3.362947666949035,1784380928.407475,1784380930.74326,1784380929.5753675,-0.000398,-0.00866,-0.014845,0.000884,-0.00158,1,acq,20480,20480,0,16,True,False,1,1200000,8381618,False,-237125,228402,0,0,0,0,1,1,1784380928.407475
383,131,15,formal,up,8,65,1,-3.362947666949035,1784380930.7435122,1784380933.075234,1784380931.909373,-0.000315,-0.008994,-0.01548,0.000877,-0.001565,1,acq,20480,20480,0,16,True,False,1,1200000,8381618,False,-250590,239750,0,0,0,0,1,1,1784380930.7435122
384,132,0,formal,up,9,66,0,-3.232394190747936,1784380944.3405561,1784380946.674412,1784380945.507484,-0.001318,0.002437,0.004114,0.000882,-0.001591,1,acq,20480,20480,0,16,True,False,1,1200000,8381618,False,-153538,144900,0,0,0,0,1,1,1784380944.3405561
385,132,1,formal,up,9,66,0,-3.232394190747936,1784380946.6748888,1784380949.006419,1784380947.840654,-0.001322,0.002157,0.003684,0.000874,-0.001591,1,acq,20480,20480,0,16,True,False,1,1200000,8381618,False,-158196,142614,0,0,0,0,1,1,1784380946.6748888
386,132,2,formal,up,9,66,0,-3.232394190747936,1784380949.006628,1784380951.338378,1784380950.172503,-0.001358,0.001903,0.003263,0.000879,-0.001589,1,acq,20480,20480,0,16,True,False,1,1200000,8381618,False,-153538,142698,0,0,0,0,1,1,1784380949.006628
387,132,3,formal,up,9,66,0,-3.232394190747936,1784380951.3386948,1784380953.673747,1784380952.5062208,-0.00138,0.00161,0.002802,0.000882,-0.001572,1,acq,20480,20480,0,16,True,False,1,1200000,8381618,False,-143630,137278,0,0,0,0,1,1,1784380951.3386948
388,132,4,formal,up,9,66,0,-3.232394190747936,1784380953.6739788,1784380956.015538,1784380954.8447585,-0.001356,0.001379,0.002348,0.000879,-0.001575,1,acq,20480,20480,0,16,True,False,1,1200000,8381618,False,-134992,140412,0,0,0,0,1,1,1784380953.6739788
389,132,5,formal,up,9,66,0,-3.232394190747936,1784380956.015916,1784380958.345933,1784380957.1809244,-0.001365,0.001099,0.001871,0.000866,-0.001576,1,acq,20480,20480,0,16,True,False,1,1200000,8381618,False,-138803,141852,0,0,0,0,1,1,1784380956.015916
390,132,6,formal,up,9,66,0,-3.232394190747936,1784380958.3461719,1784380960.6692932,1784380959.5077324,-0.001378,0.000849,0.001434,0.000866,-0.00159,1,acq,20480,20480,0,16,True,False,1,1200000,8381618,False,-132028,141005,0,0,0,0,1,1,1784380958.3461719
391,132,7,formal,up,9,66,0,-3.232394190747936,1784380960.6695418,1784380963.005162,1784380961.8373518,-0.001388,0.000585,0.001003,0.000882,-0.00158,1,acq,20480,20480,0,16,True,False,1,1200000,8381618,False,-129487,131774,0,0,0,0,1,1,1784380960.6695418
392,132,8,formal,up,9,66,0,-3.232394190747936,1784380963.0053902,1784380965.345182,1784380964.175286,-0.001424,0.000308,0.000551,0.00088,-0.001579,1,acq,20480,20480,0,16,True,False,1,1200000,8381618,False,-126947,134314,0,0,0,0,1,1,1784380963.0053902
393,132,9,formal,up,9,66,0,-3.232394190747936,1784380965.3454359,1784380967.6802602,1784380966.512848,-0.001405,7.2e-05,0.0001,0.000869,-0.001565,1,acq,20480,20480,0,16,True,False,1,1200000,8381618,False,-128471,142614,0,0,0,0,1,1,1784380965.3454359
394,132,10,formal,up,9,66,0,-3.232394190747936,1784380967.680495,1784380970.007313,1784380968.843904,-0.001374,-0.000177,-0.000318,0.00088,-0.001583,1,acq,20480,20480,0,16,True,False,1,1200000,8381618,False,-122035,136178,0,0,0,0,1,1,1784380967.680495
395,132,11,formal,up,9,66,0,-3.232394190747936,1784380970.007627,1784380972.358143,1784380971.1828852,-0.001403,-0.000453,-0.000755,0.000885,-0.001565,1,acq,20480,20480,0,16,True,False,1,1200000,8381618,False,-129995,132875,0,0,0,0,1,1,1784380970.007627
396,132,12,formal,up,9,66,0,-3.232394190747936,1784380972.3583739,1784380974.684555,1784380973.5214643,-0.001403,-0.000718,-0.001187,0.000867,-0.001577,1,acq,20480,20480,0,16,True,False,1,1200000,8381618,False,-138295,138125,0,0,0,0,1,1,1784380972.3583739
397,132,13,formal,up,9,66,0,-3.232394190747936,1784380974.684785,1784380977.0062022,1784380975.8454936,-0.001382,-0.000942,-0.001651,0.000874,-0.001564,1,acq,20480,20480,0,16,True,False,1,1200000,8381618,False,-133976,139565,0,0,0,0,1,1,1784380974.684785
398,132,14,formal,up,9,66,0,-3.232394190747936,1784380977.006471,1784380979.335407,1784380978.170939,-0.001363,-0.001173,-0.00206,0.000873,-0.001566,1,acq,20480,20480,0,16,True,False,1,1200000,8381618,False,-135754,148118,0,0,0,0,1,1,1784380977.006471
399,132,15,formal,up,9,66,0,-3.232394190747936,1784380979.335656,1784380981.658953,1784380980.4973044,-0.001361,-0.001408,-0.002433,0.000871,-0.00155,1,acq,20480,20480,0,16,True,False,1,1200000,8381618,False,-143376,137702,0,0,0,0,1,1,1784380979.335656
400,133,0,formal,down,9,66,1,-3.232394190747936,1784380994.3954618,1784380996.7287061,1784380995.562084,-0.001277,-0.002926,-0.005002,0.000874,-0.001567,1,acq,20480,20480,0,16,True,False,1,1200000,8381618,False,-169798,159382,0,0,0,0,1,1,1784380994.3954618
401,133,1,formal,down,9,66,1,-3.232394190747936,1784380996.7297978,1784380999.074399,1784380997.9020984,-0.001274,-0.00315,-0.005405,0.000885,-0.001549,1,acq,20480,20480,0,16,True,False,1,1200000,8381618,False,-166834,152692,0,0,0,0,1,1,1784380996.7297978
402,133,2,formal,down,9,66,1,-3.232394190747936,1784380999.074663,1784381001.409665,1784381000.2421641,-0.001246,-0.003375,-0.005789,0.000882,-0.001554,1,acq,20480,20480,0,16,True,False,1,1200000,8381618,False,-157519,157773,0,0,0,0,1,1,1784380999.074663
403,133,3,formal,down,9,66,1,-3.232394190747936,1784381001.409924,1784381003.7509918,1784381002.580458,-0.001228,-0.003578,-0.006154,0.000873,-0.001549,1,acq,20480,20480,0,16,True,False,1,1200000,8381618,False,-176997,155486,0,0,0,0,1,1,1784381001.409924
404,133,4,formal,down,9,66,1,-3.232394190747936,1784381003.7521431,1784381006.082047,1784381004.9170952,-0.001187,-0.003836,-0.006551,0.000872,-0.001563,1,acq,20480,20480,0,16,True,False,1,1200000,8381618,False,-163532,171238,0,0,0,0,1,1,1784381003.7521431
405,133,5,formal,down,9,66,1,-3.232394190747936,1784381006.082276,1784381008.4267871,1784381007.2545316,-0.001173,-0.00406,-0.006947,0.000891,-0.00156,1,acq,20480,20480,0,16,True,False,1,1200000,8381618,False,-178267,171408,0,0,0,0,1,1,1784381006.082276
406,133,6,formal,down,9,66,1,-3.232394190747936,1784381008.427043,1784381010.7652102,1784381009.5961266,-0.001174,-0.00425,-0.007307,0.000882,-0.001555,1,acq,20480,20480,0,16,True,False,1,1200000,8381618,False,-189022,167427,0,0,0,0,1,1,1784381008.427043
407,133,7,formal,down,9,66,1,-3.232394190747936,1784381010.766397,1784381013.092969,1784381011.929683,-0.001123,-0.004469,-0.007708,0.000868,-0.001561,1,acq,20480,20480,0,16,True,False,1,1200000,8381618,False,-176489,164463,0,0,0,0,1,1,1784381010.766397
408,133,8,formal,down,9,66,1,-3.232394190747936,1784381013.093194,1784381015.423389,1784381014.2582915,-0.001102,-0.00471,-0.008096,0.000885,-0.001549,1,acq,20480,20480,0,16,True,False,1,1200000,8381618,False,-179029,170984,0,0,0,0,1,1,1784381013.093194
409,133,9,formal,down,9,66,1,-3.232394190747936,1784381015.42368,1784381017.7596722,1784381016.5916762,-0.001058,-0.004919,-0.008446,0.000871,-0.001541,1,acq,20480,20480,0,16,True,False,1,1200000,8381618,False,-188260,186567,0,0,0,0,1,1,1784381015.42368
410,133,10,formal,down,9,66,1,-3.232394190747936,1784381017.759902,1784381020.098463,1784381018.9291825,-0.001065,-0.00514,-0.008797,0.000871,-0.001556,1,acq,20480,20480,0,16,True,False,1,1200000,8381618,False,-189869,174287,0,0,0,0,1,1,1784381017.759902
411,133,11,formal,down,9,66,1,-3.232394190747936,1784381020.098943,1784381022.4349282,1784381021.2669356,-0.001005,-0.005336,-0.009153,0.000866,-0.001547,1,acq,20480,20480,0,16,True,False,1,1200000,8381618,False,-187413,175727,0,0,0,0,1,1,1784381020.098943
412,133,12,formal,down,9,66,1,-3.232394190747936,1784381022.435165,1784381024.770134,1784381023.6026495,-0.000989,-0.005551,-0.009542,0.00087,-0.001563,1,acq,20480,20480,0,16,True,False,1,1200000,8381618,False,-203165,184195,0,0,0,0,1,1,1784381022.435165
413,133,13,formal,down,9,66,1,-3.232394190747936,1784381024.770585,1784381027.095178,1784381025.9328814,-0.000955,-0.005754,-0.009884,0.000875,-0.001548,1,acq,20480,20480,0,16,True,False,1,1200000,8381618,False,-197915,183094,0,0,0,0,1,1,1784381024.770585
414,133,14,formal,down,9,66,1,-3.232394190747936,1784381027.095422,1784381029.433242,1784381028.264332,-0.000912,-0.005957,-0.01022,0.00088,-0.001553,1,acq,20480,20480,0,16,True,False,1,1200000,8381618,False,-194951,189531,0,0,0,0,1,1,1784381027.095422
415,133,15,formal,down,9,66,1,-3.232394190747936,1784381029.433462,1784381031.756512,1784381030.594987,-0.000871,-0.006153,-0.010589,0.000875,-0.001562,1,acq,20480,20480,0,16,True,False,1,1200000,8381618,False,-195628,203335,0,0,0,0,1,1,1784381029.433462
416,134,0,formal,down,71,67,0,4.861921333720183,1784381131.981281,1784381134.312769,1784381133.147025,0.691668,-0.167248,-0.285121,-0.000752,0.002055,1,acq,20480,20480,0,16,True,False,1,1200000,8381618,False,-2404956,2513610,0,0,0,0,1,1,1784381131.981281
417,134,1,formal,down,71,67,0,4.861921333720183,1784381134.313858,1784381136.642594,1784381135.4782262,0.688175,-0.167097,-0.284953,-0.000742,0.002097,1,acq,20480,20480,0,16,True,False,1,1200000,8381618,False,-2374553,2499298,0,0,0,0,1,1,1784381134.313858
418,134,2,formal,down,71,67,0,4.861921333720183,1784381136.6429691,1784381138.978196,1784381137.8105826,0.685044,-0.167144,-0.285011,-0.000763,0.002091,1,acq,20480,20480,0,16,True,False,1,1200000,8381618,False,-2419861,2491676,0,0,0,0,1,1,1784381136.6429691
419,134,3,formal,down,71,67,0,4.861921333720183,1784381138.978412,1784381141.3141,1784381140.146256,0.682032,-0.166943,-0.284862,-0.000751,0.002007,1,acq,20480,20480,0,16,True,False,1,1200000,8381618,False,-2401822,2519707,0,0,0,0,1,1,1784381138.978412
420,134,4,formal,down,71,67,0,4.861921333720183,1784381141.3143349,1784381143.631336,1784381142.4728355,0.678055,-0.16666,-0.284289,-0.000755,0.002057,1,acq,20480,20480,0,16,True,False,1,1200000,8381618,False,-2404363,2492692,0,0,0,0,1,1,1784381141.3143349
421,134,5,formal,down,71,67,0,4.861921333720183,1784381143.6316328,1784381145.956013,1784381144.7938228,0.676069,-0.166791,-0.284611,-0.00076,0.002038,1,acq,20480,20480,0,16,True,False,1,1200000,8381618,False,-2390135,2460172,0,0,0,0,1,1,1784381143.6316328
422,134,6,formal,down,71,67,0,4.861921333720183,1784381145.956537,1784381148.28661,1784381147.1215734,0.673182,-0.16668,-0.284512,-0.000731,0.002018,1,acq,20480,20480,0,16,True,False,1,1200000,8381618,False,-2420284,2504802,0,0,0,0,1,1,1784381145.956537
423,134,7,formal,down,71,67,0,4.861921333720183,1784381148.286866,1784381150.6326919,1784381149.4597788,0.670378,-0.166603,-0.28416,-0.000691,0.002068,1,acq,20480,20480,0,16,True,False,1,1200000,8381618,False,-2382683,2477363,0,0,0,0,1,1,1784381148.286866
424,134,8,formal,down,71,67,0,4.861921333720183,1784381150.6329012,1784381152.96457,1784381151.7987356,0.66738,-0.16645,-0.28396,-0.000689,0.002061,1,acq,20480,20480,0,16,True,False,1,1200000,8381618,False,-2396572,2484985,0,0,0,0,1,1,1784381150.6329012
425,134,9,formal,down,71,67,0,4.861921333720183,1784381152.9648829,1784381155.2979898,1784381154.1314363,0.664399,-0.166226,-0.283604,-0.00073,0.002024,1,acq,20480,20480,0,16,True,False,1,1200000,8381618,False,-2380904,2502939,0,0,0,0,1,1,1784381152.9648829
426,134,10,formal,down,71,67,0,4.861921333720183,1784381155.298522,1784381157.638666,1784381156.468594,0.662502,-0.166208,-0.283655,-0.000726,0.002023,1,acq,20480,20480,0,16,True,False,1,1200000,8381618,False,-2387087,2496333,0,0,0,0,1,1,1784381155.298522
427,134,11,formal,down,71,67,0,4.861921333720183,1784381157.638921,1784381159.9546182,1784381158.7967696,0.659669,-0.166044,-0.283425,-0.000717,0.002048,1,acq,20480,20480,0,16,True,False,1,1200000,8381618,False,-2422740,2467201,0,0,0,0,1,1,1784381157.638921
428,134,12,formal,down,71,67,0,4.861921333720183,1784381159.954957,1784381162.294398,1784381161.1246777,0.657958,-0.166162,-0.283495,-0.000703,0.00202,1,acq,20480,20480,0,16,True,False,1,1200000,8381618,False,-2390389,2466947,0,0,0,0,1,1,1784381159.954957
429,134,13,formal,down,71,67,0,4.861921333720183,1784381162.294632,1784381164.62246,1784381163.458546,0.655779,-0.166024,-0.283423,-0.000682,0.001999,1,acq,20480,20480,0,16,True,False,1,1200000,8381618,False,-2395555,2455345,0,0,0,0,1,1,1784381162.294632
430,134,14,formal,down,71,67,0,4.861921333720183,1784381164.6227698,1784381166.963176,1784381165.792973,0.653782,-0.166062,-0.28336,-0.000702,0.002011,1,acq,20480,20480,0,16,True,False,1,1200000,8381618,False,-2396826,2505226,0,0,0,0,1,1,1784381164.6227698
431,134,15,formal,down,71,67,0,4.861921333720183,1784381166.96347,1784381169.289044,1784381168.126257,0.65154,-0.165976,-0.283187,-0.00064,0.002001,1,acq,20480,20480,0,16,True,False,1,1200000,8381618,False,-2370827,2454074,0,0,0,0,1,1,1784381166.96347
432,135,0,formal,up,71,67,1,4.861921333720183,1784381181.999556,1784381184.3390899,1784381183.169323,0.638586,-0.165329,-0.28218,-0.00072,0.001955,1,acq,20480,20480,0,16,True,False,1,1200000,8381618,False,-2394200,2477025,0,0,0,0,1,1,1784381181.999556
433,135,1,formal,up,71,67,1,4.861921333720183,1784381184.339338,1784381186.666175,1784381185.5027566,0.6366,-0.165242,-0.281994,-0.000646,0.001971,1,acq,20480,20480,0,16,True,False,1,1200000,8381618,False,-2382767,2461273,0,0,0,0,1,1,1784381184.339338
434,135,2,formal,up,71,67,1,4.861921333720183,1784381186.666402,1784381188.989166,1784381187.827784,0.634961,-0.165102,-0.281822,-0.00069,0.001978,1,acq,20480,20480,0,16,True,False,1,1200000,8381618,False,-2361426,2497350,0,0,0,0,1,1,1784381186.666402
435,135,3,formal,up,71,67,1,4.861921333720183,1784381188.989472,1784381191.320205,1784381190.1548386,0.633099,-0.165125,-0.281722,-0.000692,0.001958,1,acq,20480,20480,0,16,True,False,1,1200000,8381618,False,-2371419,2458139,0,0,0,0,1,1,1784381188.989472
436,135,4,formal,up,71,67,1,4.861921333720183,1784381191.320431,1784381193.63851,1784381192.4794705,0.631799,-0.165171,-0.281803,-0.000635,0.001978,1,acq,20480,20480,0,16,True,False,1,1200000,8381618,False,-2401145,2415372,0,0,0,0,1,1,1784381191.320431
437,135,5,formal,up,71,67,1,4.861921333720183,1784381193.638771,1784381195.9688058,1784381194.8037884,0.629938,-0.164996,-0.281628,-0.00062,0.001955,1,acq,20480,20480,0,16,True,False,1,1200000,8381618,False,-2395979,2436798,0,0,0,0,1,1,1784381193.638771
438,135,6,formal,up,71,67,1,4.861921333720183,1784381195.9691231,1784381198.2976289,1784381197.1333761,0.628355,-0.164908,-0.281492,-0.000664,0.001937,1,acq,20480,20480,0,16,True,False,1,1200000,8381618,False,-2377602,2460087,0,0,0,0,1,1,1784381195.9691231
439,135,7,formal,up,71,67,1,4.861921333720183,1784381198.2979,1784381200.6161878,1784381199.457044,0.626263,-0.164734,-0.281185,-0.000652,0.001956,1,acq,20480,20480,0,16,True,False,1,1200000,8381618,False,-2366846,2451873,0,0,0,0,1,1,1784381198.2979
440,135,8,formal,up,71,67,1,4.861921333720183,1784381200.616628,1784381202.9576588,1784381201.7871432,0.624591,-0.164593,-0.281041,-0.000655,0.001926,1,acq,20480,20480,0,16,True,False,1,1200000,8381618,False,-2375061,2466608,0,0,0,0,1,1,1784381200.616628
441,135,9,formal,up,71,67,1,4.861921333720183,1784381202.9578931,1784381205.300171,1784381204.1290321,0.623412,-0.164689,-0.281104,-0.000695,0.001903,1,acq,20480,20480,0,16,True,False,1,1200000,8381618,False,-2366931,2424857,0,0,0,0,1,1,1784381202.9578931
442,135,10,formal,up,71,67,1,4.861921333720183,1784381205.300395,1784381207.633264,1784381206.4668295,0.621481,-0.164495,-0.280803,-0.000648,0.001914,1,acq,20480,20480,0,16,True,False,1,1200000,8381618,False,-2379634,2447130,0,0,0,0,1,1,1784381205.300395
443,135,11,formal,up,71,67,1,4.861921333720183,1784381207.633492,1784381209.969773,1784381208.8016324,0.619955,-0.164485,-0.280717,-0.000698,0.001899,1,acq,20480,20480,0,16,True,False,1,1200000,8381618,False,-2428499,2486256,0,0,0,0,1,1,1784381207.633492
444,135,12,formal,up,71,67,1,4.861921333720183,1784381209.969996,1784381212.295818,1784381211.132907,0.618972,-0.164418,-0.280763,-0.000612,0.001954,1,acq,20480,20480,0,16,True,False,1,1200000,8381618,False,-2385054,2433326,0,0,0,0,1,1,1784381209.969996
445,135,13,formal,up,71,67,1,4.861921333720183,1784381212.296154,1784381214.630883,1784381213.4635186,0.617272,-0.164365,-0.280583,-0.000633,0.001913,1,acq,20480,20480,0,16,True,False,1,1200000,8381618,False,-2388526,2436290,0,0,0,0,1,1,1784381212.296154
446,135,14,formal,up,71,67,1,4.861921333720183,1784381214.6311529,1784381216.9664378,1784381215.7987952,0.615739,-0.164245,-0.280462,-0.000661,0.001898,1,acq,20480,20480,0,16,True,False,1,1200000,8381618,False,-2363205,2442642,0,0,0,0,1,1,1784381214.6311529
447,135,15,formal,up,71,67,1,4.861921333720183,1784381216.966651,1784381219.297593,1784381218.132122,0.614404,-0.164264,-0.280379,-0.000604,0.001916,1,acq,20480,20480,0,16,True,False,1,1200000,8381618,False,-2367862,2414525,0,0,0,0,1,1,1784381216.966651
448,136,0,formal,up,51,68,0,2.250851809698209,1784381259.270129,1784381261.6135921,1784381260.4418607,1.2,-0.0442,-0.076034,-0.000863,0.001805,1,acq,20480,20480,0,16,True,False,1,1200000,8381618,False,-784630,836204,0,0,0,0,1,1,1784381259.270129
449,136,1,formal,up,51,68,0,2.250851809698209,1784381261.6138759,1784381263.9368398,1784381262.7753577,1.2,-0.044041,-0.075662,-0.00087,0.001801,1,acq,20480,20480,0,16,True,False,1,1200000,8381618,False,-749315,813000,0,0,0,0,1,1,1784381261.6138759
450,136,2,formal,up,51,68,0,2.250851809698209,1784381263.937115,1784381266.2636201,1784381265.1003675,1.2,-0.043825,-0.075419,-0.000922,0.00181,1,acq,20480,20480,0,16,True,False,1,1200000,8381618,False,-761764,797502,0,0,0,0,1,1,1784381263.937115
451,136,3,formal,up,51,68,0,2.250851809698209,1784381266.2638788,1784381268.582988,1784381267.4234333,1.2,-0.043718,-0.075221,-0.00093,0.001816,1,acq,20480,20480,0,16,True,False,1,1200000,8381618,False,-774382,837136,0,0,0,0,1,1,1784381266.2638788
452,136,4,formal,up,51,68,0,2.250851809698209,1784381268.583213,1784381270.9189491,1784381269.751081,1.2,-0.043574,-0.074938,-0.000887,0.001825,1,acq,20480,20480,0,16,True,False,1,1200000,8381618,False,-752533,823163,0,0,0,0,1,1,1784381268.583213
453,136,5,formal,up,51,68,0,2.250851809698209,1784381270.9191658,1784381273.251381,1784381272.0852733,1.2,-0.04343,-0.074728,-0.0009,0.001786,1,acq,20480,20480,0,16,True,False,1,1200000,8381618,False,-739237,855937,0,0,0,0,1,1,1784381270.9191658
454,136,6,formal,up,51,68,0,2.250851809698209,1784381273.251607,1784381275.582392,1784381274.4169993,1.2,-0.043385,-0.074689,-0.000917,0.001804,1,acq,20480,20480,0,16,True,False,1,1200000,8381618,False,-721199,847722,0,0,0,0,1,1,1784381273.251607
455,136,7,formal,up,51,68,0,2.250851809698209,1784381275.5825999,1784381277.909943,1784381276.7462716,1.2,-0.043251,-0.074486,-0.000903,0.001812,1,acq,20480,20480,0,16,True,False,1,1200000,8381618,False,-723147,788356,0,0,0,0,1,1,1784381275.5825999
456,136,8,formal,up,51,68,0,2.250851809698209,1784381277.910181,1784381280.2323682,1784381279.0712748,1.2,-0.043175,-0.074382,-0.000914,0.001778,1,acq,20480,20480,0,16,True,False,1,1200000,8381618,False,-790897,855174,0,0,0,0,1,1,1784381277.910181
457,136,9,formal,up,51,68,0,2.250851809698209,1784381280.232587,1784381282.5717618,1784381281.4021745,1.2,-0.043141,-0.074263,-0.000881,0.001798,1,acq,20480,20480,0,16,True,False,1,1200000,8381618,False,-740762,811730,0,0,0,0,1,1,1784381280.232587
458,136,10,formal,up,51,68,0,2.250851809698209,1784381282.572064,1784381284.927267,1784381283.7496655,1.2,-0.043069,-0.074157,-0.000916,0.001785,1,acq,20480,20480,0,16,True,False,1,1200000,8381618,False,-832647,846875,0,0,0,0,1,1,1784381282.572064
459,136,11,formal,up,51,68,0,2.250851809698209,1784381284.927487,1784381287.2468731,1784381286.0871801,1.2,-0.04301,-0.074096,-0.000919,0.001768,1,acq,20480,20480,0,16,True,False,1,1200000,8381618,False,-787509,790304,0,0,0,0,1,1,1784381284.927487
460,136,12,formal,up,51,68,0,2.250851809698209,1784381287.2471611,1784381289.5903091,1784381288.418735,1.2,-0.042975,-0.07403,-0.000913,0.001796,1,acq,20480,20480,0,16,True,False,1,1200000,8381618,False,-761425,839507,0,0,0,0,1,1,1784381287.2471611
461,136,13,formal,up,51,68,0,2.250851809698209,1784381289.590554,1784381291.922488,1784381290.756521,1.2,-0.042946,-0.073977,-0.000893,0.001804,1,acq,20480,20480,0,16,True,False,1,1200000,8381618,False,-819606,832478,0,0,0,0,1,1,1784381289.590554
462,136,14,formal,up,51,68,0,2.250851809698209,1784381291.922705,1784381294.255218,1784381293.0889616,1.2,-0.042881,-0.073912,-0.000903,0.001811,1,acq,20480,20480,0,16,True,False,1,1200000,8381618,False,-812068,826635,0,0,0,0,1,1,1784381291.922705
463,136,15,formal,up,51,68,0,2.250851809698209,1784381294.255465,1784381296.584596,1784381295.4200306,1.2,-0.042914,-0.073868,-0.000925,0.001789,1,acq,20480,20480,0,16,True,False,1,1200000,8381618,False,-725772,848569,0,0,0,0,1,1,1784381294.255465
464,137,0,formal,down,51,68,1,2.250851809698209,1784381309.265785,1784381311.587113,1784381310.4264488,1.2,-0.042856,-0.073806,-0.000928,0.001807,1,acq,20480,20480,0,16,True,False,1,1200000,8381618,False,-814863,811476,0,0,0,0,1,1,1784381309.265785
465,137,1,formal,down,51,68,1,2.250851809698209,1784381311.587394,1784381313.9156742,1784381312.751534,1.2,-0.042842,-0.073771,-0.000894,0.001809,1,acq,20480,20480,0,16,True,False,1,1200000,8381618,False,-790134,946806,0,0,0,0,1,1,1784381311.587394
466,137,2,formal,down,51,68,1,2.250851809698209,1784381313.915895,1784381316.251648,1784381315.0837715,1.2,-0.042858,-0.073818,-0.000881,0.001808,1,acq,20480,20480,0,16,True,False,1,1200000,8381618,False,-786069,878294,0,0,0,0,1,1,1784381313.915895
467,137,3,formal,down,51,68,1,2.250851809698209,1784381316.251898,1784381318.580321,1784381317.4161096,1.2,-0.0428,-0.073776,-0.000895,0.001767,1,acq,20480,20480,0,16,True,False,1,1200000,8381618,False,-746012,742117,0,0,0,0,1,1,1784381316.251898
468,137,4,formal,down,51,68,1,2.250851809698209,1784381318.580566,1784381320.910439,1784381319.7455025,1.2,-0.042879,-0.073847,-0.000904,0.001803,1,acq,20480,20480,0,16,True,False,1,1200000,8381618,False,-759986,808681,0,0,0,0,1,1,1784381318.580566
469,137,5,formal,down,51,68,1,2.250851809698209,1784381320.910669,1784381323.240383,1784381322.075526,1.2,-0.042772,-0.073789,-0.000902,0.001787,1,acq,20480,20480,0,16,True,False,1,1200000,8381618,False,-722300,786069,0,0,0,0,1,1,1784381320.910669
470,137,6,formal,down,51,68,1,2.250851809698209,1784381323.240614,1784381325.570431,1784381324.4055223,1.2,-0.042813,-0.073773,-0.00092,0.001793,1,acq,20480,20480,0,16,True,False,1,1200000,8381618,False,-792675,805293,0,0,0,0,1,1,1784381323.240614
471,137,7,formal,down,51,68,1,2.250851809698209,1784381325.5706508,1784381327.8893938,1784381326.7300224,1.2,-0.04285,-0.073894,-0.000904,0.001786,1,acq,20480,20480,0,16,True,False,1,1200000,8381618,False,-731954,853057,0,0,0,0,1,1,1784381325.5706508
472,137,8,formal,down,51,68,1,2.250851809698209,1784381327.889649,1784381330.218526,1784381329.0540874,1.2,-0.042852,-0.073889,-0.000923,0.001781,1,acq,20480,20480,0,16,True,False,1,1200000,8381618,False,-743302,806225,0,0,0,0,1,1,1784381327.889649
473,137,9,formal,down,51,68,1,2.250851809698209,1784381330.218784,1784381332.542073,1784381331.3804286,1.2,-0.042896,-0.073951,-0.000898,0.001808,1,acq,20480,20480,0,16,True,False,1,1200000,8381618,False,-733732,795046,0,0,0,0,1,1,1784381330.218784
474,137,10,formal,down,51,68,1,2.250851809698209,1784381332.542295,1784381334.868532,1784381333.7054133,1.2,-0.042816,-0.073885,-0.000943,0.001795,1,acq,20480,20480,0,16,True,False,1,1200000,8381618,False,-793691,850008,0,0,0,0,1,1,1784381332.542295
475,137,11,formal,down,51,68,1,2.250851809698209,1784381334.8687859,1784381337.184778,1784381336.026782,1.2,-0.042811,-0.073946,-0.000857,0.001806,1,acq,20480,20480,0,16,True,False,1,1200000,8381618,False,-833664,818928,0,0,0,0,1,1,1784381334.8687859
476,137,12,formal,down,51,68,1,2.250851809698209,1784381337.185278,1784381339.505318,1784381338.3452978,1.2,-0.042922,-0.074002,-0.000894,0.001827,1,acq,20480,20480,0,16,True,False,1,1200000,8381618,False,-762187,848653,0,0,0,0,1,1,1784381337.185278
477,137,13,formal,down,51,68,1,2.250851809698209,1784381339.505554,1784381341.845657,1784381340.6756055,1.2,-0.042853,-0.073923,-0.000889,0.001801,1,acq,20480,20480,0,16,True,False,1,1200000,8381618,False,-759732,855090,0,0,0,0,1,1,1784381339.505554
478,137,14,formal,down,51,68,1,2.250851809698209,1784381341.8459468,1784381344.185111,1784381343.015529,1.2,-0.042882,-0.07402,-0.000894,0.001779,1,acq,20480,20480,0,16,True,False,1,1200000,8381618,False,-751009,877955,0,0,0,0,1,1,1784381341.8459468
479,137,15,formal,down,51,68,1,2.250851809698209,1784381344.1853282,1784381346.530346,1784381345.3578372,1.2,-0.04293,-0.074126,-0.000894,0.001764,1,acq,20480,20480,0,16,True,False,1,1200000,8381618,False,-738306,843233,0,0,0,0,1,1,1784381344.1853282
480,138,0,formal,down,29,69,0,-0.621324666725962,1784381386.5083241,1784381388.841674,1784381387.6749992,0.875764,0.166005,0.283651,-0.000283,-0.000236,1,acq,20480,20480,0,16,True,False,1,1200000,8381618,False,-2499721,2419776,0,0,0,0,1,1,1784381386.5083241
481,138,1,formal,down,29,69,0,-0.621324666725962,1784381388.842787,1784381391.180265,1784381390.011526,0.87358,0.166096,0.283696,-0.000323,-0.000235,1,acq,20480,20480,0,16,True,False,1,1200000,8381618,False,-2426890,2435274,0,0,0,0,1,1,1784381388.842787
482,138,2,formal,down,29,69,0,-0.621324666725962,1784381391.1805718,1784381393.513599,1784381392.3470855,0.871317,0.166049,0.28382,-0.000303,-0.000227,1,acq,20480,20480,0,16,True,False,1,1200000,8381618,False,-2447045,2476517,0,0,0,0,1,1,1784381391.1805718
483,138,3,formal,down,29,69,0,-0.621324666725962,1784381393.514067,1784381395.854989,1784381394.6845279,0.869689,0.166114,0.283946,-0.000268,-0.000257,1,acq,20480,20480,0,16,True,False,1,1200000,8381618,False,-2435189,2502008,0,0,0,0,1,1,1784381393.514067
484,138,4,formal,down,29,69,0,-0.621324666725962,1784381395.855217,1784381398.182574,1784381397.0188956,0.869195,0.166425,0.284476,-0.000331,-0.000264,1,acq,20480,20480,0,16,True,False,1,1200000,8381618,False,-2434766,2479227,0,0,0,0,1,1,1784381395.855217
485,138,5,formal,down,29,69,0,-0.621324666725962,1784381398.182833,1784381400.51348,1784381399.3481565,0.866084,0.166226,0.284124,-0.000242,-0.000232,1,acq,20480,20480,0,16,True,False,1,1200000,8381618,False,-2435528,2459410,0,0,0,0,1,1,1784381398.182833
486,138,6,formal,down,29,69,0,-0.621324666725962,1784381400.513798,1784381402.8546948,1784381401.6842465,0.864351,0.166199,0.284136,-0.000315,-0.000275,1,acq,20480,20480,0,16,True,False,1,1200000,8381618,False,-2446961,2467540,0,0,0,0,1,1,1784381400.513798
487,138,7,formal,down,29,69,0,-0.621324666725962,1784381402.854951,1784381405.191703,1784381404.0233269,0.862537,0.166126,0.284152,-0.000316,-0.000264,1,acq,20480,20480,0,16,True,False,1,1200000,8381618,False,-2476517,2481174,0,0,0,0,1,1,1784381402.854951
488,138,8,formal,down,29,69,0,-0.621324666725962,1784381405.19202,1784381407.5129669,1784381406.3524933,0.86139,0.166223,0.28428,-0.000275,-0.00029,1,acq,20480,20480,0,16,True,False,1,1200000,8381618,False,-2485832,2429092,0,0,0,0,1,1,1784381405.19202
489,138,9,formal,down,29,69,0,-0.621324666725962,1784381407.513206,1784381409.844643,1784381408.6789246,0.860485,0.166285,0.284503,-0.000292,-0.000255,1,acq,20480,20480,0,16,True,False,1,1200000,8381618,False,-2439254,2425281,0,0,0,0,1,1,1784381407.513206
490,138,10,formal,down,29,69,0,-0.621324666725962,1784381409.844873,1784381412.18327,1784381411.0140715,0.85886,0.166368,0.284545,-0.000271,-0.000257,1,acq,20480,20480,0,16,True,False,1,1200000,8381618,False,-2478888,2443065,0,0,0,0,1,1,1784381409.844873
491,138,11,formal,down,29,69,0,-0.621324666725962,1784381412.183625,1784381414.516216,1784381413.3499205,0.857069,0.166219,0.284303,-0.000297,-0.000274,1,acq,20480,20480,0,16,True,False,1,1200000,8381618,False,-2427991,2451195,0,0,0,0,1,1,1784381412.183625
492,138,12,formal,down,29,69,0,-0.621324666725962,1784381414.51647,1784381416.858528,1784381415.687499,0.856433,0.166451,0.284625,-0.000291,-0.000329,1,acq,20480,20480,0,16,True,False,1,1200000,8381618,False,-2441117,2471605,0,0,0,0,1,1,1784381414.51647
493,138,13,formal,down,29,69,0,-0.621324666725962,1784381416.8587468,1784381419.1941519,1784381418.0264492,0.855359,0.166399,0.284687,-0.000287,-0.000256,1,acq,20480,20480,0,16,True,False,1,1200000,8381618,False,-2472282,2457631,0,0,0,0,1,1,1784381416.8587468
494,138,14,formal,down,29,69,0,-0.621324666725962,1784381419.194413,1784381421.53629,1784381420.3653514,0.853942,0.166411,0.284652,-0.000288,-0.000287,1,acq,20480,20480,0,16,True,False,1,1200000,8381618,False,-2452296,2474145,0,0,0,0,1,1,1784381419.194413
495,138,15,formal,down,29,69,0,-0.621324666725962,1784381421.536603,1784381423.88304,1784381422.7098215,0.852882,0.16634,0.284712,-0.000261,-0.000289,1,acq,20480,20480,0,16,True,False,1,1200000,8381618,False,-2459410,2440609,0,0,0,0,1,1,1784381421.536603
496,139,0,formal,up,29,69,1,-0.621324666725962,1784381436.621539,1784381438.954632,1784381437.7880855,0.845853,0.166386,0.284738,-0.000284,-0.000319,1,acq,20480,20480,0,16,True,False,1,1200000,8381618,False,-2457377,2443912,0,0,0,0,1,1,1784381436.621539
497,139,1,formal,up,29,69,1,-0.621324666725962,1784381438.954884,1784381441.293761,1784381440.1243224,0.844708,0.166352,0.284697,-0.000262,-0.000294,1,acq,20480,20480,0,16,True,False,1,1200000,8381618,False,-2436459,2466778,0,0,0,0,1,1,1784381438.954884
498,139,2,formal,up,29,69,1,-0.621324666725962,1784381441.294005,1784381443.629318,1784381442.4616613,0.843547,0.16628,0.284727,-0.000306,-0.000245,1,acq,20480,20480,0,16,True,False,1,1200000,8381618,False,-2455683,2470588,0,0,0,0,1,1,1784381441.294005
499,139,3,formal,up,29,69,1,-0.621324666725962,1784381443.6295948,1784381445.9701471,1784381444.799871,0.843192,0.166429,0.284857,-0.000267,-0.000315,1,acq,20480,20480,0,16,True,False,1,1200000,8381618,False,-2465253,2409613,0,0,0,0,1,1,1784381443.6295948
500,139,4,formal,up,29,69,1,-0.621324666725962,1784381445.97043,1784381448.313088,1784381447.141759,0.84304,0.166532,0.285129,-0.000254,-0.00029,1,acq,20480,20480,0,16,True,False,1,1200000,8381618,False,-2457377,2466693,0,0,0,0,1,1,1784381445.97043
501,139,5,formal,up,29,69,1,-0.621324666725962,1784381448.313339,1784381450.6463182,1784381449.4798286,0.841953,0.166601,0.285058,-0.000289,-0.000306,1,acq,20480,20480,0,16,True,False,1,1200000,8381618,False,-2503108,2474315,0,0,0,0,1,1,1784381448.313339
502,139,6,formal,up,29,69,1,-0.621324666725962,1784381450.646948,1784381452.979987,1784381451.8134675,0.841169,0.166574,0.285154,-0.000262,-0.000299,1,acq,20480,20480,0,16,True,False,1,1200000,8381618,False,-2464914,2456869,0,0,0,0,1,1,1784381450.646948
503,139,7,formal,up,29,69,1,-0.621324666725962,1784381452.980356,1784381455.304846,1784381454.142601,0.840058,0.166511,0.285057,-0.00025,-0.000334,1,acq,20480,20480,0,16,True,False,1,1200000,8381618,False,-2489304,2460595,0,0,0,0,1,1,1784381452.980356
504,139,8,formal,up,29,69,1,-0.621324666725962,1784381455.305119,1784381457.648195,1784381456.476657,0.839385,0.166494,0.284968,-0.000201,-0.000282,1,acq,20480,20480,0,16,True,False,1,1200000,8381618,False,-2463305,2531987,0,0,0,0,1,1,1784381455.305119
505,139,9,formal,up,29,69,1,-0.621324666725962,1784381457.648434,1784381459.9630568,1784381458.8057454,0.838631,0.166471,0.285086,-0.000253,-0.000333,1,acq,20480,20480,0,16,True,False,1,1200000,8381618,False,-2510900,2463983,0,0,0,0,1,1,1784381457.648434
506,139,10,formal,up,29,69,1,-0.621324666725962,1784381459.963412,1784381462.2994912,1784381461.1314516,0.837739,0.16651,0.285059,-0.000297,-0.000274,1,acq,20480,20480,0,16,True,False,1,1200000,8381618,False,-2499297,2473891,0,0,0,0,1,1,1784381459.963412
507,139,11,formal,up,29,69,1,-0.621324666725962,1784381462.299708,1784381464.629816,1784381463.464762,0.83626,0.166343,0.284847,-0.000333,-0.000318,1,acq,20480,20480,0,16,True,False,1,1200000,8381618,False,-2527160,2514795,0,0,0,0,1,1,1784381462.299708
508,139,12,formal,up,29,69,1,-0.621324666725962,1784381464.6301389,1784381466.964641,1784381465.79739,0.836105,0.166515,0.285043,-0.000229,-0.000316,1,acq,20480,20480,0,16,True,False,1,1200000,8381618,False,-2461442,2463813,0,0,0,0,1,1,1784381464.6301389
509,139,13,formal,up,29,69,1,-0.621324666725962,1784381466.964875,1784381469.298712,1784381468.1317935,0.835981,0.166656,0.285289,-0.000247,-0.000328,1,acq,20480,20480,0,16,True,False,1,1200000,8381618,False,-2470080,2478380,0,0,0,0,1,1,1784381466.964875
510,139,14,formal,up,29,69,1,-0.621324666725962,1784381469.298919,1784381471.6410549,1784381470.469987,0.834999,0.166573,0.285187,-0.000245,-0.000286,1,acq,20480,20480,0,16,True,False,1,1200000,8381618,False,-2458986,2473807,0,0,0,0,1,1,1784381469.298919
511,139,15,formal,up,29,69,1,-0.621324666725962,1784381471.6412868,1784381473.966238,1784381472.8037624,0.83388,0.166478,0.285113,-0.000301,-0.000366,1,acq,20480,20480,0,16,True,False,1,1200000,8381618,False,-2480158,2458224,0,0,0,0,1,1,1784381471.6412868
512,140,0,formal,up,4,70,0,-3.8851615717534296,1784381522.538492,1784381524.8713942,1784381523.7049432,0.04572,-0.057366,-0.098156,0.000395,-0.000497,1,acq,20480,20480,0,16,True,False,1,1200000,8381618,False,-903870,911407,0,0,0,0,1,1,1784381522.538492
513,140,1,formal,up,4,70,0,-3.8851615717534296,1784381524.8717089,1784381527.201239,1784381526.036474,0.046716,-0.057939,-0.099166,0.000357,-0.000462,1,acq,20480,20480,0,16,True,False,1,1200000,8381618,False,-912338,931478,0,0,0,0,1,1,1784381524.8717089
514,140,2,formal,up,4,70,0,-3.8851615717534296,1784381527.20151,1784381529.535854,1784381528.368682,0.047623,-0.058449,-0.100055,0.000385,-0.000452,1,acq,20480,20480,0,16,True,False,1,1200000,8381618,False,-929953,936390,0,0,0,0,1,1,1784381527.20151
515,140,3,formal,up,4,70,0,-3.8851615717534296,1784381529.5368462,1784381531.870632,1784381530.7037392,0.048581,-0.058998,-0.101012,0.000342,-0.000466,1,acq,20480,20480,0,16,True,False,1,1200000,8381618,False,-933172,934527,0,0,0,0,1,1,1784381529.5368462
516,140,4,formal,up,4,70,0,-3.8851615717534296,1784381531.870868,1784381534.209598,1784381533.0402331,0.049414,-0.059496,-0.101843,0.0004,-0.000434,1,acq,20480,20480,0,16,True,False,1,1200000,8381618,False,-921485,934188,0,0,0,0,1,1,1784381531.870868
517,140,5,formal,up,4,70,0,-3.8851615717534296,1784381534.209868,1784381536.548339,1784381535.3791034,0.050313,-0.059976,-0.102654,0.000368,-0.000443,1,acq,20480,20480,0,16,True,False,1,1200000,8381618,False,-938337,959171,0,0,0,0,1,1,1784381534.209868
518,140,6,formal,up,4,70,0,-3.8851615717534296,1784381536.548584,1784381538.871285,1784381537.7099345,0.051104,-0.060355,-0.103462,0.000348,-0.000434,1,acq,20480,20480,0,16,True,False,1,1200000,8381618,False,-942064,952988,0,0,0,0,1,1,1784381536.548584
519,140,7,formal,up,4,70,0,-3.8851615717534296,1784381538.871592,1784381541.205457,1784381540.0385246,0.051902,-0.060875,-0.104311,0.00035,-0.000414,1,acq,20480,20480,0,16,True,False,1,1200000,8381618,False,-964760,952734,0,0,0,0,1,1,1784381538.871592
520,140,8,formal,up,4,70,0,-3.8851615717534296,1784381541.205748,1784381543.538253,1784381542.3720007,0.052719,-0.061334,-0.105046,0.000336,-0.000392,1,acq,20480,20480,0,16,True,False,1,1200000,8381618,False,-951972,961711,0,0,0,0,1,1,1784381541.205748
521,140,9,formal,up,4,70,0,-3.8851615717534296,1784381543.5388129,1784381545.871543,1784381544.7051778,0.053465,-0.06177,-0.105778,0.000357,-0.000419,1,acq,20480,20480,0,16,True,False,1,1200000,8381618,False,-960272,977294,0,0,0,0,1,1,1784381543.5388129
522,140,10,formal,up,4,70,0,-3.8851615717534296,1784381545.8718772,1784381548.194473,1784381547.033175,0.054196,-0.062156,-0.106392,0.000318,-0.000386,1,acq,20480,20480,0,16,True,False,1,1200000,8381618,False,-959425,982714,0,0,0,0,1,1,1784381545.8718772
523,140,11,formal,up,4,70,0,-3.8851615717534296,1784381548.194725,1784381550.5215921,1784381549.3581586,0.054969,-0.06252,-0.10706,0.00033,-0.000389,1,acq,20480,20480,0,16,True,False,1,1200000,8381618,False,-962643,994739,0,0,0,0,1,1,1784381548.194725
524,140,12,formal,up,4,70,0,-3.8851615717534296,1784381550.521832,1784381552.856713,1784381551.6892724,0.055682,-0.06294,-0.107822,0.000322,-0.00039,1,acq,20480,20480,0,16,True,False,1,1200000,8381618,False,-974245,980766,0,0,0,0,1,1,1784381550.521832
525,140,13,formal,up,4,70,0,-3.8851615717534296,1784381552.856956,1784381555.191249,1784381554.0241024,0.056357,-0.063228,-0.108286,0.00032,-0.00038,1,acq,20480,20480,0,16,True,False,1,1200000,8381618,False,-970688,1011338,0,0,0,0,1,1,1784381552.856956
526,140,14,formal,up,4,70,0,-3.8851615717534296,1784381555.191509,1784381557.523422,1784381556.3574655,0.057056,-0.063661,-0.108991,0.000339,-0.000383,1,acq,20480,20480,0,16,True,False,1,1200000,8381618,False,-1006087,997365,0,0,0,0,1,1,1784381555.191509
527,140,15,formal,up,4,70,0,-3.8851615717534296,1784381557.524547,1784381559.8606899,1784381558.6926184,0.057748,-0.063954,-0.109639,0.000311,-0.00036,1,acq,20480,20480,0,16,True,False,1,1200000,8381618,False,-1014641,995756,0,0,0,0,1,1,1784381557.524547
528,141,0,formal,down,4,70,1,-3.8851615717534296,1784381572.529824,1784381574.862688,1784381573.6962562,0.061914,-0.066142,-0.113258,0.000282,-0.000336,1,acq,20480,20480,0,16,True,False,1,1200000,8381618,False,-1022602,1042334,0,0,0,0,1,1,1784381572.529824
529,141,1,formal,down,4,70,1,-3.8851615717534296,1784381574.863768,1784381577.191175,1784381576.0274715,0.062512,-0.066397,-0.113769,0.000282,-0.000306,1,acq,20480,20480,0,16,True,False,1,1200000,8381618,False,-1028022,1055460,0,0,0,0,1,1,1784381574.863768
530,141,2,formal,down,4,70,1,-3.8851615717534296,1784381577.1914308,1784381579.53182,1784381578.3616254,0.063136,-0.066707,-0.114307,0.000304,-0.000286,1,acq,20480,20480,0,16,True,False,1,1200000,8381618,False,-1029038,1036660,0,0,0,0,1,1,1784381577.1914308
531,141,3,formal,down,4,70,1,-3.8851615717534296,1784381579.532105,1784381581.8709671,1784381580.7015362,0.063699,-0.066962,-0.114743,0.000309,-0.000284,1,acq,20480,20480,0,16,True,False,1,1200000,8381618,False,-1040301,1044197,0,0,0,0,1,1,1784381579.532105
532,141,4,formal,down,4,70,1,-3.8851615717534296,1784381581.8720798,1784381584.2050729,1784381583.0385764,0.064356,-0.067329,-0.115371,0.00029,-0.000281,1,acq,20480,20480,0,16,True,False,1,1200000,8381618,False,-1026582,1042927,0,0,0,0,1,1,1784381581.8720798
533,141,5,formal,down,4,70,1,-3.8851615717534296,1784381584.205337,1784381586.525555,1784381585.365446,0.064915,-0.067534,-0.115789,0.000302,-0.000303,1,acq,20480,20480,0,16,True,False,1,1200000,8381618,False,-1048516,1057323,0,0,0,0,1,1,1784381584.205337
534,141,6,formal,down,4,70,1,-3.8851615717534296,1784381586.5258,1784381588.842466,1784381587.684133,0.065469,-0.067823,-0.116236,0.00028,-0.000303,1,acq,20480,20480,0,16,True,False,1,1200000,8381618,False,-1048347,1062913,0,0,0,0,1,1,1784381586.5258
535,141,7,formal,down,4,70,1,-3.8851615717534296,1784381588.842709,1784381591.1660109,1784381590.00436,0.066076,-0.068205,-0.116757,0.000274,-0.00029,1,acq,20480,20480,0,16,True,False,1,1200000,8381618,False,-1042588,1071128,0,0,0,0,1,1,1784381588.842709
536,141,8,formal,down,4,70,1,-3.8851615717534296,1784381591.166233,1784381593.47614,1784381592.3211865,0.066615,-0.068401,-0.11719,0.000284,-0.000268,1,acq,20480,20480,0,16,True,False,1,1200000,8381618,False,-1051057,1065623,0,0,0,0,1,1,1784381591.166233
537,141,9,formal,down,4,70,1,-3.8851615717534296,1784381593.4763808,1784381595.8207538,1784381594.6485672,0.0672,-0.068673,-0.117645,0.000279,-0.000257,1,acq,20480,20480,0,16,True,False,1,1200000,8381618,False,-1064607,1083068,0,0,0,0,1,1,1784381593.4763808
538,141,10,formal,down,4,70,1,-3.8851615717534296,1784381595.821013,1784381598.1368499,1784381596.9789314,0.067735,-0.06892,-0.11811,0.000256,-0.000245,1,acq,20480,20480,0,16,True,False,1,1200000,8381618,False,-1059525,1068248,0,0,0,0,1,1,1784381595.821013
539,141,11,formal,down,4,70,1,-3.8851615717534296,1784381598.137098,1784381600.482718,1784381599.309908,0.068236,-0.069159,-0.118434,0.000249,-0.000253,1,acq,20480,20480,0,16,True,False,1,1200000,8381618,False,-1072991,1084085,0,0,0,0,1,1,1784381598.137098
540,141,12,formal,down,4,70,1,-3.8851615717534296,1784381600.482959,1784381602.810997,1784381601.646978,0.068821,-0.069386,-0.118878,0.00028,-0.000233,1,acq,20480,20480,0,16,True,False,1,1200000,8381618,False,-1073414,1072483,0,0,0,0,1,1,1784381600.482959
541,141,13,formal,down,4,70,1,-3.8851615717534296,1784381602.8112981,1784381605.145868,1784381603.978583,0.069373,-0.069692,-0.119411,0.000264,-0.000246,1,acq,20480,20480,0,16,True,False,1,1200000,8381618,False,-1081629,1078495,0,0,0,0,1,1,1784381602.8112981
542,141,14,formal,down,4,70,1,-3.8851615717534296,1784381605.146107,1784381607.4803772,1784381606.313242,0.069967,-0.070012,-0.119953,0.000267,-0.000249,1,acq,20480,20480,0,16,True,False,1,1200000,8381618,False,-1075108,1086371,0,0,0,0,1,1,1784381605.146107
543,141,15,formal,down,4,70,1,-3.8851615717534296,1784381607.480636,1784381609.808585,1784381608.6446104,0.070507,-0.070234,-0.120399,0.000247,-0.00024,1,acq,20480,20480,0,16,True,False,1,1200000,8381618,False,-1083238,1078919,0,0,0,0,1,1,1784381607.480636
544,142,0,formal,down,76,71,0,5.514688714725676,1784381724.342644,1784381726.679421,1784381725.5110326,0.39901,-0.149763,-0.255082,0.000317,8.9e-05,1,acq,20480,20480,0,16,True,False,1,1200000,8381618,False,-2154111,2209582,0,0,0,0,1,1,1784381724.342644
545,142,1,formal,down,76,71,0,5.514688714725676,1784381726.6805482,1784381729.0126028,1784381727.8465755,0.396023,-0.149387,-0.254532,0.000295,7.2e-05,1,acq,20480,20480,0,16,True,False,1,1200000,8381618,False,-2170879,2253450,0,0,0,0,1,1,1784381726.6805482
546,142,2,formal,down,76,71,0,5.514688714725676,1784381729.01282,1784381731.356191,1784381730.1845055,0.392218,-0.148787,-0.253494,0.000309,6.6e-05,1,acq,20480,20480,0,16,True,False,1,1200000,8381618,False,-2155212,2211360,0,0,0,0,1,1,1784381729.01282
547,142,3,formal,down,76,71,0,5.514688714725676,1784381731.356608,1784381733.689746,1784381732.523177,0.389425,-0.148434,-0.252973,0.00033,0.000118,1,acq,20480,20480,0,16,True,False,1,1200000,8381618,False,-2125826,2190696,0,0,0,0,1,1,1784381731.356608
548,142,4,formal,down,76,71,0,5.514688714725676,1784381733.6899872,1784381736.034844,1784381734.8624156,0.386646,-0.14813,-0.25243,0.00029,6.3e-05,1,acq,20480,20480,0,16,True,False,1,1200000,8381618,False,-2133617,2182397,0,0,0,0,1,1,1784381733.6899872
549,142,5,formal,down,76,71,0,5.514688714725676,1784381736.03508,1784381738.3623118,1784381737.198696,0.383866,-0.147679,-0.251705,0.000305,9.9e-05,1,acq,20480,20480,0,16,True,False,1,1200000,8381618,False,-2111513,2217966,0,0,0,0,1,1,1784381736.03508
550,142,6,formal,down,76,71,0,5.514688714725676,1784381738.362565,1784381740.691672,1784381739.5271187,0.381017,-0.147263,-0.251071,0.000356,2.8e-05,1,acq,20480,20480,0,16,True,False,1,1200000,8381618,False,-2128874,2202891,0,0,0,0,1,1,1784381738.362565
551,142,7,formal,down,76,71,0,5.514688714725676,1784381740.691895,1784381743.022336,1784381741.8571155,0.378655,-0.147007,-0.250686,0.000329,1.5e-05,1,acq,20480,20480,0,16,True,False,1,1200000,8381618,False,-2103637,2183413,0,0,0,0,1,1,1784381740.691895
552,142,8,formal,down,76,71,0,5.514688714725676,1784381743.0242,1784381745.361514,1784381744.192857,0.376048,-0.146614,-0.249959,0.000335,3.8e-05,1,acq,20480,20480,0,16,True,False,1,1200000,8381618,False,-2113715,2154450,0,0,0,0,1,1,1784381743.0242
553,142,9,formal,down,76,71,0,5.514688714725676,1784381745.361738,1784381747.697788,1784381746.529763,0.373738,-0.146325,-0.249465,0.00032,8e-06,1,acq,20480,20480,0,16,True,False,1,1200000,8381618,False,-2111429,2159701,0,0,0,0,1,1,1784381745.361738
554,142,10,formal,down,76,71,0,5.514688714725676,1784381747.6980212,1784381750.045535,1784381748.871778,0.371562,-0.146137,-0.249038,0.0003,3.4e-05,1,acq,20480,20480,0,16,True,False,1,1200000,8381618,False,-2100589,2164951,0,0,0,0,1,1,1784381747.6980212
555,142,11,formal,down,76,71,0,5.514688714725676,1784381750.045962,1784381752.383063,1784381751.2145126,0.369236,-0.145694,-0.248439,0.000319,5.3e-05,1,acq,20480,20480,0,16,True,False,1,1200000,8381618,False,-2077469,2175707,0,0,0,0,1,1,1784381750.045962
556,142,12,formal,down,76,71,0,5.514688714725676,1784381752.3833668,1784381754.713995,1784381753.5486808,0.366742,-0.145318,-0.24777,0.000352,-1e-05,1,acq,20480,20480,0,16,True,False,1,1200000,8381618,False,-2150046,2166306,0,0,0,0,1,1,1784381752.3833668
557,142,13,formal,down,76,71,0,5.514688714725676,1784381754.714268,1784381757.045783,1784381755.8800254,0.364718,-0.145033,-0.247322,0.000353,-6e-06,1,acq,20480,20480,0,16,True,False,1,1200000,8381618,False,-2087123,2140138,0,0,0,0,1,1,1784381754.714268
558,142,14,formal,down,76,71,0,5.514688714725676,1784381757.046037,1784381759.39205,1784381758.2190435,0.362877,-0.144886,-0.246973,0.000353,-1.1e-05,1,acq,20480,20480,0,16,True,False,1,1200000,8381618,False,-2115409,2163850,0,0,0,0,1,1,1784381757.046037
559,142,15,formal,down,76,71,0,5.514688714725676,1784381759.392295,1784381761.7266822,1784381760.5594885,0.360931,-0.144576,-0.246399,0.00037,2.8e-05,1,acq,20480,20480,0,16,True,False,1,1200000,8381618,False,-2068831,2143610,0,0,0,0,1,1,1784381759.392295
560,143,0,formal,up,76,71,1,5.514688714725676,1784381774.460277,1784381776.800132,1784381775.6302047,0.349303,-0.142948,-0.24366,0.000321,-6.8e-05,1,acq,20480,20480,0,16,True,False,1,1200000,8381618,False,-2047405,2124386,0,0,0,0,1,1,1784381774.460277
561,143,1,formal,up,76,71,1,5.514688714725676,1784381776.800429,1784381779.148322,1784381777.9743757,0.347442,-0.142687,-0.243198,0.000324,-5.6e-05,1,acq,20480,20480,0,16,True,False,1,1200000,8381618,False,-2045288,2098048,0,0,0,0,1,1,1784381776.800429
562,143,2,formal,up,76,71,1,5.514688714725676,1784381779.148557,1784381781.487322,1784381780.3179395,0.345778,-0.142385,-0.242775,0.000353,-2e-05,1,acq,20480,20480,0,16,True,False,1,1200000,8381618,False,-2055958,2107025,0,0,0,0,1,1,1784381779.148557
563,143,3,formal,up,76,71,1,5.514688714725676,1784381781.487565,1784381783.8289971,1784381782.658281,0.343858,-0.142107,-0.242197,0.000336,-5.2e-05,1,acq,20480,20480,0,16,True,False,1,1200000,8381618,False,-2077300,2113207,0,0,0,0,1,1,1784381781.487565
564,143,4,formal,up,76,71,1,5.514688714725676,1784381783.829279,1784381786.1648781,1784381784.9970784,0.342734,-0.142015,-0.242118,0.000376,-7.9e-05,1,acq,20480,20480,0,16,True,False,1,1200000,8381618,False,-2064427,2116341,0,0,0,0,1,1,1784381783.829279
565,143,5,formal,up,76,71,1,5.514688714725676,1784381786.165185,1784381788.497313,1784381787.331249,0.341201,-0.141761,-0.241693,0.000389,-6e-05,1,acq,20480,20480,0,16,True,False,1,1200000,8381618,False,-2044356,2096185,0,0,0,0,1,1,1784381786.165185
566,143,6,formal,up,76,71,1,5.514688714725676,1784381788.49754,1784381790.833907,1784381789.6657233,0.339545,-0.141497,-0.241287,0.000381,-8e-05,1,acq,20480,20480,0,16,True,False,1,1200000,8381618,False,-2051131,2083821,0,0,0,0,1,1,1784381788.49754
567,143,7,formal,up,76,71,1,5.514688714725676,1784381790.8341482,1784381793.1700952,1784381792.0021217,0.338072,-0.141269,-0.240926,0.000355,-6.5e-05,1,acq,20480,20480,0,16,True,False,1,1200000,8381618,False,-2038089,2096778,0,0,0,0,1,1,1784381790.8341482
568,143,8,formal,up,76,71,1,5.514688714725676,1784381793.170571,1784381795.51841,1784381794.3444905,0.336867,-0.14119,-0.240725,0.000354,-5e-05,1,acq,20480,20480,0,16,True,False,1,1200000,8381618,False,-2029282,2113123,0,0,0,0,1,1,1784381793.170571
569,143,9,formal,up,76,71,1,5.514688714725676,1784381795.5186481,1784381797.856294,1784381796.687471,0.335235,-0.140801,-0.240196,0.000367,-5.9e-05,1,acq,20480,20480,0,16,True,False,1,1200000,8381618,False,-2029282,2095677,0,0,0,0,1,1,1784381795.5186481
570,143,10,formal,up,76,71,1,5.514688714725676,1784381797.8565629,1784381800.18341,1784381799.0199864,0.333598,-0.140583,-0.239696,0.000363,-0.000107,1,acq,20480,20480,0,16,True,False,1,1200000,8381618,False,-2025047,2072727,0,0,0,0,1,1,1784381797.8565629
571,143,11,formal,up,76,71,1,5.514688714725676,1784381800.183646,1784381802.5123289,1784381801.3479874,0.332259,-0.140364,-0.239328,0.000397,-9.2e-05,1,acq,20480,20480,0,16,True,False,1,1200000,8381618,False,-2034617,2061633,0,0,0,0,1,1,1784381800.183646
572,143,12,formal,up,76,71,1,5.514688714725676,1784381802.512693,1784381804.843819,1784381803.678256,0.330976,-0.1402,-0.239119,0.000366,-6.5e-05,1,acq,20480,20480,0,16,True,False,1,1200000,8381618,False,-2030213,2058584,0,0,0,0,1,1,1784381802.512693
573,143,13,formal,up,76,71,1,5.514688714725676,1784381804.844194,1784381807.162179,1784381806.0031865,0.329646,-0.139985,-0.238769,0.00039,-7.5e-05,1,acq,20480,20480,0,16,True,False,1,1200000,8381618,False,-2046050,2076453,0,0,0,0,1,1,1784381804.844194
574,143,14,formal,up,76,71,1,5.514688714725676,1784381807.162409,1784381809.490834,1784381808.3266215,0.328056,-0.139671,-0.238119,0.000377,-9.6e-05,1,acq,20480,20480,0,16,True,False,1,1200000,8381618,False,-2003452,2084244,0,0,0,0,1,1,1784381807.162409
575,143,15,formal,up,76,71,1,5.514688714725676,1784381809.491054,1784381811.8306189,1784381810.6608365,0.326872,-0.139538,-0.237938,0.000432,-8e-05,1,acq,20480,20480,0,16,True,False,1,1200000,8381618,False,-2013022,2059007,0,0,0,0,1,1,1784381809.491054
576,144,0,formal,up,68,72,0,4.470260905116888,1784381834.571285,1784381836.912182,1784381835.7417336,0.769139,-0.172859,-0.294943,0.00066,-0.000455,1,acq,20480,20480,0,16,True,False,1,1200000,8381618,False,-2511662,2521401,0,0,0,0,1,1,1784381834.571285
577,144,1,formal,up,68,72,0,4.470260905116888,1784381836.912537,1784381839.253409,1784381838.082973,0.768922,-0.172756,-0.294974,0.000696,-0.00043,1,acq,20480,20480,0,16,True,False,1,1200000,8381618,False,-2520639,2557478,0,0,0,0,1,1,1784381836.912537
578,144,2,formal,up,68,72,0,4.470260905116888,1784381839.253682,1784381841.578377,1784381840.4160295,0.768845,-0.172882,-0.295199,0.000683,-0.000509,1,acq,20480,20480,0,16,True,False,1,1200000,8381618,False,-2557308,2602023,0,0,0,0,1,1,1784381839.253682
579,144,3,formal,up,68,72,0,4.470260905116888,1784381841.578699,1784381843.923487,1784381842.751093,0.76853,-0.17286,-0.295203,0.000706,-0.000465,1,acq,20480,20480,0,16,True,False,1,1200000,8381618,False,-2529870,2558494,0,0,0,0,1,1,1784381841.578699
580,144,4,formal,up,68,72,0,4.470260905116888,1784381843.9237719,1784381846.247057,1784381845.0854144,0.767502,-0.172745,-0.295055,0.000703,-0.00045,1,acq,20480,20480,0,16,True,False,1,1200000,8381618,False,-2533003,2574246,0,0,0,0,1,1,1784381843.9237719
581,144,5,formal,up,68,72,0,4.470260905116888,1784381846.247322,1784381848.578503,1784381847.4129124,0.76707,-0.17281,-0.295116,0.000687,-0.000477,1,acq,20480,20480,0,16,True,False,1,1200000,8381618,False,-2529362,2563829,0,0,0,0,1,1,1784381846.247322
582,144,6,formal,up,68,72,0,4.470260905116888,1784381848.5787709,1784381850.8922381,1784381849.7355046,0.766309,-0.172849,-0.295102,0.000682,-0.000484,1,acq,20480,20480,0,16,True,False,1,1200000,8381618,False,-2534951,2550618,0,0,0,0,1,1,1784381848.5787709
583,144,7,formal,up,68,72,0,4.470260905116888,1784381850.892482,1784381853.2242591,1784381852.0583706,0.765726,-0.172823,-0.295252,0.000687,-0.000496,1,acq,20480,20480,0,16,True,False,1,1200000,8381618,False,-2542912,2541387,0,0,0,0,1,1,1784381850.892482
584,144,8,formal,up,68,72,0,4.470260905116888,1784381853.2248929,1784381855.565773,1784381854.3953328,0.7656,-0.172818,-0.295351,0.000718,-0.000434,1,acq,20480,20480,0,16,True,False,1,1200000,8381618,False,-2517336,2561289,0,0,0,0,1,1,1784381853.2248929
585,144,9,formal,up,68,72,0,4.470260905116888,1784381855.566017,1784381857.894752,1784381856.7303843,0.76444,-0.172678,-0.295167,0.000706,-0.000526,1,acq,20480,20480,0,16,True,False,1,1200000,8381618,False,-2523687,2607952,0,0,0,0,1,1,1784381855.566017
586,144,10,formal,up,68,72,0,4.470260905116888,1784381857.895078,1784381860.236532,1784381859.065805,0.763997,-0.172767,-0.295234,0.000702,-0.000476,1,acq,20480,20480,0,16,True,False,1,1200000,8381618,False,-2495317,2537492,0,0,0,0,1,1,1784381857.895078
587,144,11,formal,up,68,72,0,4.470260905116888,1784381860.2368371,1784381862.5815198,1784381861.4091785,0.763342,-0.172675,-0.295269,0.00072,-0.000474,1,acq,20480,20480,0,16,True,False,1,1200000,8381618,False,-2514965,2546892,0,0,0,0,1,1,1784381860.2368371
588,144,12,formal,up,68,72,0,4.470260905116888,1784381862.581812,1784381864.930181,1784381863.7559965,0.762323,-0.172667,-0.295157,0.000692,-0.000489,1,acq,20480,20480,0,16,True,False,1,1200000,8381618,False,-2548586,2553836,0,0,0,0,1,1,1784381862.581812
589,144,13,formal,up,68,72,0,4.470260905116888,1784381864.930398,1784381867.2635782,1784381866.0969882,0.761465,-0.172606,-0.295074,0.000743,-0.000522,1,acq,20480,20480,0,16,True,False,1,1200000,8381618,False,-2546638,2576278,0,0,0,0,1,1,1784381864.930398
590,144,14,formal,up,68,72,0,4.470260905116888,1784381867.263805,1784381869.601797,1784381868.432801,0.761288,-0.172757,-0.295299,0.000708,-0.000491,1,acq,20480,20480,0,16,True,False,1,1200000,8381618,False,-2554006,2533765,0,0,0,0,1,1,1784381867.263805
591,144,15,formal,up,68,72,0,4.470260905116888,1784381869.602046,1784381871.943244,1784381870.772645,0.76028,-0.172691,-0.295177,0.000704,-0.000519,1,acq,20480,20480,0,16,True,False,1,1200000,8381618,False,-2538847,2518268,0,0,0,0,1,1,1784381869.602046
592,145,0,formal,down,68,72,1,4.470260905116888,1784381884.612003,1784381886.955754,1784381885.7838786,0.755224,-0.172522,-0.29497,0.000666,-0.000442,1,acq,20480,20480,0,16,True,False,1,1200000,8381618,False,-2510730,2556885,0,0,0,0,1,1,1784381884.612003
593,145,1,formal,down,68,72,1,4.470260905116888,1784381886.9560041,1784381889.28805,1784381888.122027,0.754924,-0.172536,-0.295086,0.000707,-0.000501,1,acq,20480,20480,0,16,True,False,1,1200000,8381618,False,-2479396,2574839,0,0,0,0,1,1,1784381886.9560041
594,145,2,formal,down,68,72,1,4.470260905116888,1784381889.288943,1784381891.6199648,1784381890.454454,0.754292,-0.172636,-0.295131,0.000709,-0.00048,1,acq,20480,20480,0,16,True,False,1,1200000,8381618,False,-2528345,2526736,0,0,0,0,1,1,1784381889.288943
595,145,3,formal,down,68,72,1,4.470260905116888,1784381891.620524,1784381893.946256,1784381892.78339,0.753361,-0.172537,-0.294989,0.000712,-0.000524,1,acq,20480,20480,0,16,True,False,1,1200000,8381618,False,-2495232,2542827,0,0,0,0,1,1,1784381891.620524
596,145,4,formal,down,68,72,1,4.470260905116888,1784381893.946624,1784381896.271944,1784381895.109284,0.752232,-0.172492,-0.294923,0.000722,-0.000503,1,acq,20480,20480,0,16,True,False,1,1200000,8381618,False,-2518606,2578480,0,0,0,0,1,1,1784381893.946624
597,145,5,formal,down,68,72,1,4.470260905116888,1784381896.2721899,1784381898.596194,1784381897.434192,0.751341,-0.172377,-0.294796,0.000702,-0.000503,1,acq,20480,20480,0,16,True,False,1,1200000,8381618,False,-2575940,2571451,0,0,0,0,1,1,1784381896.2721899
598,145,6,formal,down,68,72,1,4.470260905116888,1784381898.5966122,1784381900.937412,1784381899.7670121,0.751718,-0.17266,-0.295263,0.000799,-0.000503,1,acq,20480,20480,0,16,True,False,1,1200000,8381618,False,-2520554,2545113,0,0,0,0,1,1,1784381898.5966122
599,145,7,formal,down,68,72,1,4.470260905116888,1784381900.9376352,1784381903.2732549,1784381902.105445,0.750489,-0.172535,-0.29504,0.000721,-0.000497,1,acq,20480,20480,0,16,True,False,1,1200000,8381618,False,-2517505,2522502,0,0,0,0,1,1,1784381900.9376352
600,145,8,formal,down,68,72,1,4.470260905116888,1784381903.2743738,1784381905.5933561,1784381904.433865,0.749877,-0.172499,-0.295152,0.000723,-0.000527,1,acq,20480,20480,0,16,True,False,1,1200000,8381618,False,-2496503,2529700,0,0,0,0,1,1,1784381903.2743738
601,145,9,formal,down,68,72,1,4.470260905116888,1784381905.593597,1784381907.938398,1784381906.7659974,0.74929,-0.172592,-0.295126,0.000752,-0.000495,1,acq,20480,20480,0,16,True,False,1,1200000,8381618,False,-2504040,2542827,0,0,0,0,1,1,1784381905.593597
602,145,10,formal,down,68,72,1,4.470260905116888,1784381907.938719,1784381910.278547,1784381909.108633,0.748095,-0.172419,-0.294833,0.000695,-0.000507,1,acq,20480,20480,0,16,True,False,1,1200000,8381618,False,-2503532,2558155,0,0,0,0,1,1,1784381907.938719
603,145,11,formal,down,68,72,1,4.470260905116888,1784381910.27883,1784381912.5949461,1784381911.4368882,0.748117,-0.172545,-0.295069,0.000738,-0.000514,1,acq,20480,20480,0,16,True,False,1,1200000,8381618,False,-2484562,2513271,0,0,0,0,1,1,1784381910.27883
604,145,12,formal,down,68,72,1,4.470260905116888,1784381912.595215,1784381914.930281,1784381913.762748,0.747274,-0.172504,-0.295045,0.000734,-0.00053,1,acq,20480,20480,0,16,True,False,1,1200000,8381618,False,-2517251,2538169,0,0,0,0,1,1,1784381912.595215
605,145,13,formal,down,68,72,1,4.470260905116888,1784381914.930725,1784381917.260793,1784381916.095759,0.745705,-0.172314,-0.294652,0.000712,-0.000516,1,acq,20480,20480,0,16,True,False,1,1200000,8381618,False,-2489897,2560018,0,0,0,0,1,1,1784381914.930725
606,145,14,formal,down,68,72,1,4.470260905116888,1784381917.26126,1784381919.5984042,1784381918.429832,0.745535,-0.172418,-0.294964,0.000759,-0.000504,1,acq,20480,20480,0,16,True,False,1,1200000,8381618,False,-2533257,2526143,0,0,0,0,1,1,1784381917.26126
607,145,15,formal,down,68,72,1,4.470260905116888,1784381919.598686,1784381921.9383621,1784381920.7685242,0.744462,-0.172305,-0.294756,0.000742,-0.000506,1,acq,20480,20480,0,16,True,False,1,1200000,8381618,False,-2486256,2548670,0,0,0,0,1,1,1784381919.598686
608,146,0,formal,down,12,73,0,-2.84073376214464,1784382012.156277,1784382014.4772632,1784382013.31677,0.05321,0.061726,0.105533,6.3e-05,-0.000497,1,acq,20480,20480,0,16,True,False,1,1200000,8381618,False,-946129,991521,0,0,0,0,1,1,1784382012.156277
609,146,1,formal,down,12,73,0,-2.84073376214464,1784382014.477534,1784382016.816055,1784382015.6467946,0.051838,0.060965,0.104231,5.9e-05,-0.000509,1,acq,20480,20480,0,16,True,False,1,1200000,8381618,False,-935797,976193,0,0,0,0,1,1,1784382014.477534
610,146,2,formal,down,12,73,0,-2.84073376214464,1784382016.8163881,1784382019.148066,1784382017.982227,0.05053,0.060178,0.103041,5.7e-05,-0.000487,1,acq,20480,20480,0,16,True,False,1,1200000,8381618,False,-937745,956122,0,0,0,0,1,1,1784382016.8163881
611,146,3,formal,down,12,73,0,-2.84073376214464,1784382019.148285,1784382021.4827788,1784382020.3155317,0.049388,0.059586,0.10204,8.3e-05,-0.000533,1,acq,20480,20480,0,16,True,False,1,1200000,8381618,False,-917504,938168,0,0,0,0,1,1,1784382019.148285
612,146,4,formal,down,12,73,0,-2.84073376214464,1784382021.482986,1784382023.822495,1784382022.6527405,0.048341,0.058957,0.100946,6.9e-05,-0.000527,1,acq,20480,20480,0,16,True,False,1,1200000,8381618,False,-918012,936898,0,0,0,0,1,1,1784382021.482986
613,146,5,formal,down,12,73,0,-2.84073376214464,1784382023.8227499,1784382026.1463199,1784382024.9845347,0.047275,0.058395,0.099867,9e-05,-0.000555,1,acq,20480,20480,0,16,True,False,1,1200000,8381618,False,-916912,927074,0,0,0,0,1,1,1784382023.8227499
614,146,6,formal,down,12,73,0,-2.84073376214464,1784382026.14657,1784382028.492625,1784382027.3195975,0.046293,0.057732,0.09895,9.8e-05,-0.000544,1,acq,20480,20480,0,16,True,False,1,1200000,8381618,False,-899042,923941,0,0,0,0,1,1,1784382026.14657
615,146,7,formal,down,12,73,0,-2.84073376214464,1784382028.492859,1784382030.821462,1784382029.6571603,0.045373,0.057191,0.098024,0.000104,-0.000541,1,acq,20480,20480,0,16,True,False,1,1200000,8381618,False,-893792,926058,0,0,0,0,1,1,1784382028.492859
616,146,8,formal,down,12,73,0,-2.84073376214464,1784382030.821697,1784382033.160898,1784382031.9912975,0.044491,0.05673,0.097091,9.3e-05,-0.000558,1,acq,20480,20480,0,16,True,False,1,1200000,8381618,False,-891590,909290,0,0,0,0,1,1,1784382030.821697
617,146,9,formal,down,12,73,0,-2.84073376214464,1784382033.161144,1784382035.4877062,1784382034.3244252,0.043644,0.056208,0.096298,0.000139,-0.000571,1,acq,20480,20480,0,16,True,False,1,1200000,8381618,False,-888287,898704,0,0,0,0,1,1,1784382033.161144
618,146,10,formal,down,12,73,0,-2.84073376214464,1784382035.4879339,1784382037.8109179,1784382036.649426,0.042793,0.055628,0.095341,0.000142,-0.000565,1,acq,20480,20480,0,16,True,False,1,1200000,8381618,False,-873806,885577,0,0,0,0,1,1,1784382035.4879339
619,146,11,formal,down,12,73,0,-2.84073376214464,1784382037.8111832,1784382040.129117,1784382038.97015,0.042001,0.055192,0.094523,0.000122,-0.000586,1,acq,20480,20480,0,16,True,False,1,1200000,8381618,False,-873297,886932,0,0,0,0,1,1,1784382037.8111832
620,146,12,formal,down,12,73,0,-2.84073376214464,1784382040.1294248,1784382042.461498,1784382041.2954614,0.041265,0.054791,0.093773,0.00014,-0.000615,1,acq,20480,20480,0,16,True,False,1,1200000,8381618,False,-872027,875161,0,0,0,0,1,1,1784382040.1294248
621,146,13,formal,down,12,73,0,-2.84073376214464,1784382042.461754,1784382044.793971,1784382043.6278625,0.040514,0.054237,0.092984,0.000133,-0.000624,1,acq,20480,20480,0,16,True,False,1,1200000,8381618,False,-868386,861611,0,0,0,0,1,1,1784382042.461754
622,146,14,formal,down,12,73,0,-2.84073376214464,1784382044.7942069,1784382047.127687,1784382045.960947,0.039862,0.053841,0.092284,0.000166,-0.000621,1,acq,20480,20480,0,16,True,False,1,1200000,8381618,False,-854497,861441,0,0,0,0,1,1,1784382044.7942069
623,146,15,formal,down,12,73,0,-2.84073376214464,1784382047.127927,1784382049.476011,1784382048.301969,0.03918,0.053443,0.091465,0.000168,-0.000632,1,acq,20480,20480,0,16,True,False,1,1200000,8381618,False,-854158,858816,0,0,0,0,1,1,1784382047.127927
624,147,0,formal,up,12,73,1,-2.84073376214464,1784382062.1906,1784382064.519912,1784382063.355256,0.035261,0.05086,0.087175,0.000176,-0.000662,1,acq,20480,20480,0,16,True,False,1,1200000,8381618,False,-817319,825364,0,0,0,0,1,1,1784382062.1906
625,147,1,formal,up,12,73,1,-2.84073376214464,1784382064.521047,1784382066.852725,1784382065.686886,0.034682,0.050413,0.086493,0.000199,-0.00067,1,acq,20480,20480,0,16,True,False,1,1200000,8381618,False,-812153,810883,0,0,0,0,1,1,1784382064.521047
626,147,2,formal,up,12,73,1,-2.84073376214464,1784382066.852949,1784382069.1859899,1784382068.0194693,0.034174,0.05009,0.085906,0.000216,-0.000692,1,acq,20480,20480,0,16,True,False,1,1200000,8381618,False,-801906,803346,0,0,0,0,1,1,1784382066.852949
627,147,3,formal,up,12,73,1,-2.84073376214464,1784382069.186323,1784382071.515679,1784382070.3510008,0.033707,0.049792,0.085339,0.000214,-0.00071,1,acq,20480,20480,0,16,True,False,1,1200000,8381618,False,-799281,807157,0,0,0,0,1,1,1784382069.186323
628,147,4,formal,up,12,73,1,-2.84073376214464,1784382071.515949,1784382073.8481548,1784382072.682052,0.033202,0.049377,0.084716,0.000202,-0.000704,1,acq,20480,20480,0,16,True,False,1,1200000,8381618,False,-799873,789288,0,0,0,0,1,1,1784382071.515949
629,147,5,formal,up,12,73,1,-2.84073376214464,1784382073.8483999,1784382076.186455,1784382075.0174274,0.032737,0.049044,0.084177,0.000208,-0.000714,1,acq,20480,20480,0,16,True,False,1,1200000,8381618,False,-781157,809358,0,0,0,0,1,1,1784382073.8483999
630,147,6,formal,up,12,73,1,-2.84073376214464,1784382076.1876302,1784382078.509779,1784382077.3487046,0.032262,0.048702,0.083589,0.000227,-0.000709,1,acq,20480,20480,0,16,True,False,1,1200000,8381618,False,-784630,783613,0,0,0,0,1,1,1784382076.1876302
631,147,7,formal,up,12,73,1,-2.84073376214464,1784382078.510098,1784382080.8419142,1784382079.676006,0.03178,0.048431,0.082954,0.000215,-0.000702,1,acq,20480,20480,0,16,True,False,1,1200000,8381618,False,-778786,782089,0,0,0,0,1,1,1784382078.510098
632,147,8,formal,up,12,73,1,-2.84073376214464,1784382080.84228,1784382083.178006,1784382082.0101428,0.031318,0.048072,0.082381,0.000233,-0.000717,1,acq,20480,20480,0,16,True,False,1,1200000,8381618,False,-775653,779294,0,0,0,0,1,1,1784382080.84228
633,147,9,formal,up,12,73,1,-2.84073376214464,1784382083.1782458,1784382085.513916,1784382084.3460808,0.030926,0.047751,0.081982,0.000211,-0.000728,1,acq,20480,20480,0,16,True,False,1,1200000,8381618,False,-767862,781242,0,0,0,0,1,1,1784382083.1782458
634,147,10,formal,up,12,73,1,-2.84073376214464,1784382085.514988,1784382087.832375,1784382086.6736815,0.030501,0.047501,0.081486,0.000228,-0.00072,1,acq,20480,20480,0,16,True,False,1,1200000,8381618,False,-766168,772265,0,0,0,0,1,1,1784382085.514988
635,147,11,formal,up,12,73,1,-2.84073376214464,1784382087.832612,1784382090.163263,1784382088.9979377,0.030055,0.047176,0.080844,0.000253,-0.000724,1,acq,20480,20480,0,16,True,False,1,1200000,8381618,False,-769640,768624,0,0,0,0,1,1,1784382087.832612
636,147,12,formal,up,12,73,1,-2.84073376214464,1784382090.163497,1784382092.492704,1784382091.3281004,0.029668,0.046923,0.080362,0.00025,-0.000759,1,acq,20480,20480,0,16,True,False,1,1200000,8381618,False,-752787,760324,0,0,0,0,1,1,1784382090.163497
637,147,13,formal,up,12,73,1,-2.84073376214464,1784382092.492948,1784382094.811307,1784382093.6521275,0.02923,0.046507,0.079804,0.000245,-0.000755,1,acq,20480,20480,0,16,True,False,1,1200000,8381618,False,-755582,765998,0,0,0,0,1,1,1784382092.492948
638,147,14,formal,up,12,73,1,-2.84073376214464,1784382094.811584,1784382097.144398,1784382095.977991,0.028799,0.046225,0.07929,0.000245,-0.000743,1,acq,20480,20480,0,16,True,False,1,1200000,8381618,False,-759732,755582,0,0,0,0,1,1,1784382094.811584
639,147,15,formal,up,12,73,1,-2.84073376214464,1784382097.1454778,1784382099.4775481,1784382098.311513,0.028501,0.045967,0.078861,0.000261,-0.000778,1,acq,20480,20480,0,16,True,False,1,1200000,8381618,False,-745927,760833,0,0,0,0,1,1,1784382097.1454778
640,148,0,formal,up,19,74,0,-1.9268594287369494,1784382118.070784,1784382120.406042,1784382119.238413,0.240067,0.124034,0.212039,-4.5e-05,-0.000425,1,acq,20480,20480,0,16,True,False,1,1200000,8381618,False,-1846950,1845933,0,0,0,0,1,1,1784382118.070784
641,148,1,formal,up,19,74,0,-1.9268594287369494,1784382120.406521,1784382122.7354271,1784382121.570974,0.240002,0.123998,0.21205,-5.2e-05,-0.000463,1,acq,20480,20480,0,16,True,False,1,1200000,8381618,False,-1824931,1845425,0,0,0,0,1,1,1784382120.406521
642,148,2,formal,up,19,74,0,-1.9268594287369494,1784382122.735738,1784382125.060419,1784382123.8980784,0.239688,0.123888,0.211938,-4.4e-05,-0.000418,1,acq,20480,20480,0,16,True,False,1,1200000,8381618,False,-1861939,1846526,0,0,0,0,1,1,1784382122.735738
643,148,3,formal,up,19,74,0,-1.9268594287369494,1784382125.060717,1784382127.4024801,1784382126.2315986,0.23939,0.123763,0.211737,-3.6e-05,-0.000472,1,acq,20480,20480,0,16,True,False,1,1200000,8381618,False,-1832807,1824169,0,0,0,0,1,1,1784382125.060717
644,148,4,formal,up,19,74,0,-1.9268594287369494,1784382127.403858,1784382129.7335732,1784382128.5687156,0.239273,0.123759,0.211799,-1.9e-05,-0.00045,1,acq,20480,20480,0,16,True,False,1,1200000,8381618,False,-1827048,1824592,0,0,0,0,1,1,1784382127.403858
645,148,5,formal,up,19,74,0,-1.9268594287369494,1784382129.733823,1784382132.0590641,1784382130.8964436,0.238814,0.123657,0.211569,-2.5e-05,-0.00045,1,acq,20480,20480,0,16,True,False,1,1200000,8381618,False,-1833908,1838142,0,0,0,0,1,1,1784382129.733823
646,148,6,formal,up,19,74,0,-1.9268594287369494,1784382132.0593228,1784382134.395416,1784382133.2273693,0.238456,0.123556,0.211495,2.6e-05,-0.000442,1,acq,20480,20480,0,16,True,False,1,1200000,8381618,False,-1850930,1838142,0,0,0,0,1,1,1784382132.0593228
647,148,7,formal,up,19,74,0,-1.9268594287369494,1784382134.395657,1784382136.73537,1784382135.5655136,0.238091,0.123453,0.211352,-4.2e-05,-0.000466,1,acq,20480,20480,0,16,True,False,1,1200000,8381618,False,-1833315,1828657,0,0,0,0,1,1,1784382134.395657
648,148,8,formal,up,19,74,0,-1.9268594287369494,1784382136.7356741,1784382139.0746171,1784382137.9051456,0.238002,0.123468,0.211471,-1.5e-05,-0.000445,1,acq,20480,20480,0,16,True,False,1,1200000,8381618,False,-1825862,1822560,0,0,0,0,1,1,1784382136.7356741
649,148,9,formal,up,19,74,0,-1.9268594287369494,1784382139.075729,1784382141.4179358,1784382140.2468324,0.237474,0.123329,0.211182,-2.8e-05,-0.000434,1,acq,20480,20480,0,16,True,False,1,1200000,8381618,False,-1834924,1829335,0,0,0,0,1,1,1784382139.075729
650,148,10,formal,up,19,74,0,-1.9268594287369494,1784382141.418186,1784382143.743741,1784382142.5809636,0.237207,0.12335,0.211238,-5.5e-05,-0.000455,1,acq,20480,20480,0,16,True,False,1,1200000,8381618,False,-1826201,1822983,0,0,0,0,1,1,1784382141.418186
651,148,11,formal,up,19,74,0,-1.9268594287369494,1784382143.744309,1784382146.083103,1784382144.9137058,0.236693,0.123149,0.210952,-1.9e-05,-0.000433,1,acq,20480,20480,0,16,True,False,1,1200000,8381618,False,-1814176,1810534,0,0,0,0,1,1,1784382143.744309
652,148,12,formal,up,19,74,0,-1.9268594287369494,1784382146.083343,1784382148.418724,1784382147.2510335,0.236154,0.122938,0.210679,-3e-05,-0.000453,1,acq,20480,20480,0,16,True,False,1,1200000,8381618,False,-1819850,1828911,0,0,0,0,1,1,1784382146.083343
653,148,13,formal,up,19,74,0,-1.9268594287369494,1784382148.4198458,1784382150.75221,1784382149.5860279,0.235691,0.122907,0.210464,-2e-05,-0.000448,1,acq,20480,20480,0,16,True,False,1,1200000,8381618,False,-1827556,1840005,0,0,0,0,1,1,1784382148.4198458
654,148,14,formal,up,19,74,0,-1.9268594287369494,1784382150.752577,1784382153.095835,1784382151.924206,0.235596,0.122955,0.210677,1e-05,-0.00045,1,acq,20480,20480,0,16,True,False,1,1200000,8381618,False,-1820866,1831367,0,0,0,0,1,1,1784382150.752577
655,148,15,formal,up,19,74,0,-1.9268594287369494,1784382153.096053,1784382155.416785,1784382154.256419,0.235139,0.12283,0.210505,-1.8e-05,-0.000456,1,acq,20480,20480,0,16,True,False,1,1200000,8381618,False,-1822221,1806808,0,0,0,0,1,1,1784382153.096053
656,149,0,formal,down,19,74,1,-1.9268594287369494,1784382168.107937,1784382170.4533,1784382169.2806187,0.232472,0.122182,0.209462,7e-06,-0.000482,1,acq,20480,20480,0,16,True,False,1,1200000,8381618,False,-1826371,1820697,0,0,0,0,1,1,1784382168.107937
657,149,1,formal,down,19,74,1,-1.9268594287369494,1784382170.45436,1784382172.7773921,1784382171.6158762,0.232219,0.122236,0.209479,1e-05,-0.000468,1,acq,20480,20480,0,16,True,False,1,1200000,8381618,False,-1810365,1798339,0,0,0,0,1,1,1784382170.45436
658,149,2,formal,down,19,74,1,-1.9268594287369494,1784382172.777782,1784382175.110115,1784382173.9439485,0.231643,0.12202,0.209167,2.2e-05,-0.000486,1,acq,20480,20480,0,16,True,False,1,1200000,8381618,False,-1810280,1824084,0,0,0,0,1,1,1784382172.777782
659,149,3,formal,down,19,74,1,-1.9268594287369494,1784382175.110361,1784382177.432071,1784382176.271216,0.231165,0.121863,0.20895,1e-05,-0.000502,1,acq,20480,20480,0,16,True,False,1,1200000,8381618,False,-1793851,1792919,0,0,0,0,1,1,1784382175.110361
660,149,4,formal,down,19,74,1,-1.9268594287369494,1784382177.433221,1784382179.600557,1784382178.516889,0.231083,8e-06,1.4e-05,1.1e-05,-1.4e-05,1,acq,20480,20480,0,16,True,False,1,1200000,8381618,False,-123728,152776,0,0,0,0,1,1,1784382177.433221
661,149,5,formal,down,19,74,1,-1.9268594287369494,1784382179.600791,1784382181.775258,1784382180.6880245,0.230459,-4e-06,2.5e-05,1.6e-05,1e-05,1,acq,20480,20480,0,16,True,False,1,1200000,8381618,False,-128556,140751,0,0,0,0,1,1,1784382179.600791
662,149,6,formal,down,19,74,1,-1.9268594287369494,1784382181.775483,1784382183.951654,1784382182.8635683,0.230253,-1.5e-05,9e-06,-8e-06,-6e-06,1,acq,20480,20480,0,16,True,False,1,1200000,8381618,False,-135754,146848,0,0,0,0,1,1,1784382181.775483
663,149,7,formal,down,19,74,1,-1.9268594287369494,1784382183.951894,1784382186.1456718,1784382185.0487828,0.229813,-2.3e-05,2.4e-05,7e-06,-1.3e-05,1,acq,20480,20480,0,16,True,False,1,1200000,8381618,False,-125761,139904,0,0,0,0,1,1,1784382183.951894
664,149,8,formal,down,19,74,1,-1.9268594287369494,1784382186.146137,1784382188.3203478,1784382187.2332425,0.22927,8e-06,4e-06,1.9e-05,-7e-06,1,acq,20480,20480,0,16,True,False,1,1200000,8381618,False,-133383,153877,0,0,0,0,1,1,1784382186.146137
665,149,9,formal,down,19,74,1,-1.9268594287369494,1784382188.320599,1784382190.49725,1784382189.4089246,0.228813,3.9e-05,2e-06,1.4e-05,-1.4e-05,1,acq,20480,20480,0,16,True,False,1,1200000,8381618,False,-128979,167766,0,0,0,0,1,1,1784382188.320599
666,149,10,formal,down,19,74,1,-1.9268594287369494,1784382190.4975219,1784382192.67705,1784382191.587286,0.22861,-8e-06,-2e-06,2e-06,-0.0,1,acq,20480,20480,0,16,True,False,1,1200000,8381618,False,-128979,141343,0,0,0,0,1,1,1784382190.4975219
667,149,11,formal,down,19,74,1,-1.9268594287369494,1784382192.6781461,1784382194.868733,1784382193.7734394,0.228144,2.6e-05,-2.5e-05,1e-05,-7e-06,1,acq,20480,20480,0,16,True,False,1,1200000,8381618,False,-120256,149643,0,0,0,0,1,1,1784382192.6781461
668,149,12,formal,down,19,74,1,-1.9268594287369494,1784382194.869052,1784382197.05868,1784382195.963866,0.227817,7e-06,3.1e-05,1.7e-05,1.3e-05,1,acq,20480,20480,0,16,True,False,1,1200000,8381618,False,-132367,149135,0,0,0,0,1,1,1784382194.869052
669,149,13,formal,down,19,74,1,-1.9268594287369494,1784382197.058923,1784382199.241278,1784382198.1501005,0.227248,4e-06,9e-06,-1e-06,2.6e-05,1,acq,20480,20480,0,16,True,False,1,1200000,8381618,False,-141597,130758,0,0,0,0,1,1,1784382197.058923
670,149,14,formal,down,19,74,1,-1.9268594287369494,1784382199.2415411,1784382201.413117,1784382200.3273292,0.227025,-2.7e-05,3e-06,-3.1e-05,2.1e-05,1,acq,20480,20480,0,16,True,False,1,1200000,8381618,False,-128217,145408,0,0,0,0,1,1,1784382199.2415411
671,149,15,formal,down,19,74,1,-1.9268594287369494,1784382201.413572,1784382203.600665,1784382202.5071187,0.226728,4e-06,-2e-06,-1e-06,-1.6e-05,1,acq,20480,20480,0,16,True,False,1,1200000,8381618,False,-135161,130165,0,0,0,0,1,1,1784382201.413572
672,150,0,formal,down,61,75,0,3.5563865717091963,1784382276.5609999,1784382278.886094,1784382277.723547,1.2,-0.136194,-0.233326,0.000808,-0.000787,1,acq,20480,20480,0,16,True,False,1,1200000,8381618,False,-2037666,2044526,0,0,0,0,1,1,1784382276.5609999
673,150,1,formal,down,61,75,0,3.5563865717091963,1784382278.8872142,1784382281.224854,1784382280.056034,1.2,-0.136496,-0.23405,0.000865,-0.000782,1,acq,20480,20480,0,16,True,False,1,1200000,8381618,False,-2065020,2050538,0,0,0,0,1,1,1784382278.8872142
674,150,2,formal,down,61,75,0,3.5563865717091963,1784382281.225116,1784382283.547072,1784382282.386094,1.2,-0.136882,-0.234533,0.00084,-0.000743,1,acq,20480,20480,0,16,True,False,1,1200000,8381618,False,-2014970,2085006,0,0,0,0,1,1,1784382281.225116
675,150,3,formal,down,61,75,0,3.5563865717091963,1784382283.547349,1784382285.8770702,1784382284.7122097,1.2,-0.137068,-0.235038,0.000853,-0.000774,1,acq,20480,20480,0,16,True,False,1,1200000,8381618,False,-2066629,2140731,0,0,0,0,1,1,1784382283.547349
676,150,4,formal,down,61,75,0,3.5563865717091963,1784382285.8773298,1784382288.2106729,1784382287.0440013,1.2,-0.137445,-0.2357,0.000921,-0.000791,1,acq,20480,20480,0,16,True,False,1,1200000,8381618,False,-2030976,2048506,0,0,0,0,1,1,1784382285.8773298
677,150,5,formal,down,61,75,0,3.5563865717091963,1784382288.210989,1784382290.52997,1784382289.3704796,1.2,-0.137675,-0.236126,0.000835,-0.000828,1,acq,20480,20480,0,16,True,False,1,1200000,8381618,False,-2079756,2156144,0,0,0,0,1,1,1784382288.210989
678,150,6,formal,down,61,75,0,3.5563865717091963,1784382290.530255,1784382292.85235,1784382291.6913025,1.2,-0.137904,-0.23649,0.000875,-0.000861,1,acq,20480,20480,0,16,True,False,1,1200000,8381618,False,-2067391,2139037,0,0,0,0,1,1,1784382290.530255
679,150,7,formal,down,61,75,0,3.5563865717091963,1784382292.8534908,1784382295.178356,1784382294.0159235,1.2,-0.138306,-0.237161,0.000901,-0.000802,1,acq,20480,20480,0,16,True,False,1,1200000,8381618,False,-2073997,2066036,0,0,0,0,1,1,1784382292.8534908
680,150,8,formal,down,61,75,0,3.5563865717091963,1784382295.178596,1784382297.5087519,1784382296.343674,1.2,-0.138694,-0.237891,0.000848,-0.000828,1,acq,20480,20480,0,16,True,False,1,1200000,8381618,False,-2091697,2094745,0,0,0,0,1,1,1784382295.178596
681,150,9,formal,down,61,75,0,3.5563865717091963,1784382297.508971,1784382299.8432488,1784382298.6761098,1.2,-0.138799,-0.237983,0.000901,-0.000834,1,acq,20480,20480,0,16,True,False,1,1200000,8381618,False,-2068916,2084752,0,0,0,0,1,1,1784382297.508971
682,150,10,formal,down,61,75,0,3.5563865717091963,1784382299.844841,1784382302.175072,1784382301.0099564,1.2,-0.1391,-0.238461,0.000894,-0.000806,1,acq,20480,20480,0,16,True,False,1,1200000,8381618,False,-2081111,2038767,0,0,0,0,1,1,1784382299.844841
683,150,11,formal,down,61,75,0,3.5563865717091963,1784382302.175342,1784382304.510402,1784382303.3428721,1.2,-0.139145,-0.238782,0.000919,-0.00085,1,acq,20480,20480,0,16,True,False,1,1200000,8381618,False,-2091019,2107194,0,0,0,0,1,1,1784382302.175342
684,150,12,formal,down,61,75,0,3.5563865717091963,1784382304.5106719,1784382306.84195,1784382305.676311,1.2,-0.139475,-0.239101,0.000886,-0.000845,1,acq,20480,20480,0,16,True,False,1,1200000,8381618,False,-2107957,2127604,0,0,0,0,1,1,1784382304.5106719
685,150,13,formal,down,61,75,0,3.5563865717091963,1784382306.8430688,1784382309.160168,1784382308.0016184,1.2,-0.139523,-0.239486,0.000937,-0.000875,1,acq,20480,20480,0,16,True,False,1,1200000,8381618,False,-2106602,2116595,0,0,0,0,1,1,1784382306.8430688
686,150,14,formal,down,61,75,0,3.5563865717091963,1784382309.1604638,1784382311.49504,1784382310.3277519,1.2,-0.139787,-0.239756,0.000923,-0.000863,1,acq,20480,20480,0,16,True,False,1,1200000,8381618,False,-2112022,2168085,0,0,0,0,1,1,1784382309.1604638
687,150,15,formal,down,61,75,0,3.5563865717091963,1784382311.495321,1784382313.8422499,1784382312.6687856,1.2,-0.140033,-0.240284,0.000912,-0.000878,1,acq,20480,20480,0,16,True,False,1,1200000,8381618,False,-2104569,2106517,0,0,0,0,1,1,1784382311.495321
688,151,0,formal,up,61,75,1,3.5563865717091963,1784382326.521219,1784382328.866584,1784382327.6939015,1.2,-0.141198,-0.242298,0.000942,-0.000898,1,acq,20480,20480,0,16,True,False,1,1200000,8381618,False,-2132939,2096778,0,0,0,0,1,1,1784382326.521219
689,151,1,formal,up,61,75,1,3.5563865717091963,1784382328.867688,1784382331.2019,1784382330.0347939,1.2,-0.141396,-0.242681,0.000971,-0.00087,1,acq,20480,20480,0,16,True,False,1,1200000,8381618,False,-2116425,2098641,0,0,0,0,1,1,1784382328.867688
690,151,2,formal,up,61,75,1,3.5563865717091963,1784382331.202135,1784382333.5323641,1784382332.3672495,1.2,-0.141577,-0.242827,0.000912,-0.000888,1,acq,20480,20480,0,16,True,False,1,1200000,8381618,False,-2168339,2158769,0,0,0,0,1,1,1784382331.202135
691,151,3,formal,up,61,75,1,3.5563865717091963,1784382333.53261,1784382335.86815,1784382334.7003798,1.2,-0.141795,-0.243238,0.000919,-0.000896,1,acq,20480,20480,0,16,True,False,1,1200000,8381618,False,-2125148,2161140,0,0,0,0,1,1,1784382333.53261
692,151,4,formal,up,61,75,1,3.5563865717091963,1784382335.86873,1784382338.200995,1784382337.0348625,1.2,-0.141887,-0.243382,0.000917,-0.000904,1,acq,20480,20480,0,16,True,False,1,1200000,8381618,False,-2179856,2165968,0,0,0,0,1,1,1784382335.86873
693,151,5,formal,up,61,75,1,3.5563865717091963,1784382338.2012422,1784382340.532918,1784382339.3670802,1.2,-0.141975,-0.243654,0.000957,-0.000894,1,acq,20480,20480,0,16,True,False,1,1200000,8381618,False,-2153518,2115663,0,0,0,0,1,1,1784382338.2012422
694,151,6,formal,up,61,75,1,3.5563865717091963,1784382340.533157,1784382342.8722959,1784382341.7027264,1.2,-0.142024,-0.243845,0.001015,-0.000924,1,acq,20480,20480,0,16,True,False,1,1200000,8381618,False,-2101097,2179772,0,0,0,0,1,1,1784382340.533157
695,151,7,formal,up,61,75,1,3.5563865717091963,1784382342.8725271,1784382345.198119,1784382344.0353231,1.2,-0.142243,-0.244133,0.000961,-0.000898,1,acq,20480,20480,0,16,True,False,1,1200000,8381618,False,-2082889,2143356,0,0,0,0,1,1,1784382342.8725271
696,151,8,formal,up,61,75,1,3.5563865717091963,1784382345.1992419,1784382347.534632,1784382346.366937,1.2,-0.14238,-0.244327,0.000949,-0.000938,1,acq,20480,20480,0,16,True,False,1,1200000,8381618,False,-2113377,2162919,0,0,0,0,1,1,1784382345.1992419
697,151,9,formal,up,61,75,1,3.5563865717091963,1784382347.534882,1784382349.8629801,1784382348.6989312,1.2,-0.142553,-0.244552,0.00095,-0.000912,1,acq,20480,20480,0,16,True,False,1,1200000,8381618,False,-2162834,2195015,0,0,0,0,1,1,1784382347.534882
698,151,10,formal,up,61,75,1,3.5563865717091963,1784382349.8632169,1784382352.1867871,1784382351.025002,1.2,-0.142671,-0.244866,0.00099,-0.000965,1,acq,20480,20480,0,16,True,False,1,1200000,8381618,False,-2123285,2135734,0,0,0,0,1,1,1784382349.8632169
699,151,11,formal,up,61,75,1,3.5563865717091963,1784382352.187339,1784382354.509634,1784382353.3484864,1.2,-0.142754,-0.244939,0.001009,-0.000898,1,acq,20480,20480,0,16,True,False,1,1200000,8381618,False,-2130399,2149538,0,0,0,0,1,1,1784382352.187339
700,151,12,formal,up,61,75,1,3.5563865717091963,1784382354.5099242,1784382356.843588,1784382355.6767561,1.2,-0.142738,-0.245119,0.000988,-0.000946,1,acq,20480,20480,0,16,True,False,1,1200000,8381618,False,-2185954,2113631,0,0,0,0,1,1,1784382354.5099242
701,151,13,formal,up,61,75,1,3.5563865717091963,1784382356.843842,1784382359.181494,1784382358.0126681,1.2,-0.14309,-0.245562,0.000945,-0.000938,1,acq,20480,20480,0,16,True,False,1,1200000,8381618,False,-2136581,2134464,0,0,0,0,1,1,1784382356.843842
702,151,14,formal,up,61,75,1,3.5563865717091963,1784382359.182582,1784382361.513432,1784382360.348007,1.2,-0.143187,-0.245661,0.000951,-0.000968,1,acq,20480,20480,0,16,True,False,1,1200000,8381618,False,-2190273,2188240,0,0,0,0,1,1,1784382359.182582
703,151,15,formal,up,61,75,1,3.5563865717091963,1784382361.5136561,1784382363.845074,1784382362.6793652,1.2,-0.143424,-0.246077,0.000945,-0.000965,1,acq,20480,20480,0,16,True,False,1,1200000,8381618,False,-2149115,2153434,0,0,0,0,1,1,1784382361.5136561
704,152,0,formal,up,53,76,0,2.5119587621004067,1784382387.975998,1784382390.32048,1784382389.1482391,1.2,-0.064068,-0.109897,-0.000938,0.001929,1,acq,20480,20480,0,16,True,False,1,1200000,8381618,False,-1078749,1125751,0,0,0,0,1,1,1784382387.975998
705,152,1,formal,up,53,76,0,2.5119587621004067,1784382390.322426,1784382392.672103,1784382391.4972644,1.2,-0.064073,-0.109895,-0.00091,0.001927,1,acq,20480,20480,0,16,True,False,1,1200000,8381618,False,-1066300,1052581,0,0,0,0,1,1,1784382390.322426
706,152,2,formal,up,53,76,0,2.5119587621004067,1784382392.672349,1784382395.005118,1784382393.8387334,1.2,-0.064083,-0.10992,-0.000913,0.001956,1,acq,20480,20480,0,16,True,False,1,1200000,8381618,False,-1049109,1084932,0,0,0,0,1,1,1784382392.672349
707,152,3,formal,up,53,76,0,2.5119587621004067,1784382395.005398,1784382397.34389,1784382396.174644,1.2,-0.064056,-0.109914,-0.000927,0.001981,1,acq,20480,20480,0,16,True,False,1,1200000,8381618,False,-1016165,1103817,0,0,0,0,1,1,1784382395.005398
708,152,4,formal,up,53,76,0,2.5119587621004067,1784382397.344189,1784382399.6767411,1784382398.5104651,1.2,-0.064053,-0.10998,-0.000946,0.00194,1,acq,20480,20480,0,16,True,False,1,1200000,8381618,False,-1067062,1128630,0,0,0,0,1,1,1784382397.344189
709,152,5,formal,up,53,76,0,2.5119587621004067,1784382399.67697,1784382402.0153012,1784382400.8461356,1.2,-0.064028,-0.109968,-0.00094,0.001917,1,acq,20480,20480,0,16,True,False,1,1200000,8381618,False,-1045637,1122872,0,0,0,0,1,1,1784382399.67697
710,152,6,formal,up,53,76,0,2.5119587621004067,1784382402.0156531,1784382404.3358788,1784382403.175766,1.2,-0.064036,-0.110027,-0.000913,0.001975,1,acq,20480,20480,0,16,True,False,1,1200000,8381618,False,-998974,1096026,0,0,0,0,1,1,1784382402.0156531
711,152,7,formal,up,53,76,0,2.5119587621004067,1784382404.336114,1784382406.672981,1784382405.5045476,1.2,-0.064071,-0.110042,-0.000924,0.001962,1,acq,20480,20480,0,16,True,False,1,1200000,8381618,False,-1078919,1108136,0,0,0,0,1,1,1784382404.336114
712,152,8,formal,up,53,76,0,2.5119587621004067,1784382406.6734982,1784382408.998094,1784382407.835796,1.2,-0.064151,-0.110158,-0.000929,0.001938,1,acq,20480,20480,0,16,True,False,1,1200000,8381618,False,-1023533,1081713,0,0,0,0,1,1,1784382406.6734982
713,152,9,formal,up,53,76,0,2.5119587621004067,1784382408.998353,1784382411.321731,1784382410.160042,1.2,-0.064199,-0.110269,-0.000931,0.001933,1,acq,20480,20480,0,16,True,False,1,1200000,8381618,False,-1011507,1106273,0,0,0,0,1,1,1784382408.998353
714,152,10,formal,up,53,76,0,2.5119587621004067,1784382411.3220239,1784382413.653505,1784382412.4877644,1.2,-0.064161,-0.11029,-0.000931,0.001948,1,acq,20480,20480,0,16,True,False,1,1200000,8381618,False,-1064014,1140825,0,0,0,0,1,1,1784382411.3220239
715,152,11,formal,up,53,76,0,2.5119587621004067,1784382413.654604,1784382415.986911,1784382414.8207574,1.2,-0.064227,-0.110436,-0.000953,0.00195,1,acq,20480,20480,0,16,True,False,1,1200000,8381618,False,-1094332,1118214,0,0,0,0,1,1,1784382413.654604
716,152,12,formal,up,53,76,0,2.5119587621004067,1784382415.987157,1784382418.31879,1784382417.1529737,1.2,-0.064324,-0.110526,-0.000925,0.001935,1,acq,20480,20480,0,16,True,False,1,1200000,8381618,False,-1065707,1069518,0,0,0,0,1,1,1784382415.987157
717,152,13,formal,up,53,76,0,2.5119587621004067,1784382418.3191261,1784382420.661909,1784382419.4905176,1.2,-0.064256,-0.1105,-0.000913,0.001953,1,acq,20480,20480,0,16,True,False,1,1200000,8381618,False,-1019129,1105595,0,0,0,0,1,1,1784382418.3191261
718,152,14,formal,up,53,76,0,2.5119587621004067,1784382420.663084,1784382423.000169,1784382421.8316264,1.2,-0.064418,-0.110669,-0.000928,0.001956,1,acq,20480,20480,0,16,True,False,1,1200000,8381618,False,-995586,1114403,0,0,0,0,1,1,1784382420.663084
719,152,15,formal,up,53,76,0,2.5119587621004067,1784382423.000449,1784382425.336886,1784382424.1686673,1.2,-0.064394,-0.110768,-0.000943,0.00195,1,acq,20480,20480,0,16,True,False,1,1200000,8381618,False,-1051226,1060457,0,0,0,0,1,1,1784382423.000449
720,153,0,formal,down,53,76,1,2.5119587621004067,1784382438.019666,1784382440.359379,1784382439.1895225,1.2,-0.064872,-0.111516,-0.000902,0.001941,1,acq,20480,20480,0,16,True,False,1,1200000,8381618,False,-1068248,1088743,0,0,0,0,1,1,1784382438.019666
721,153,1,formal,down,53,76,1,2.5119587621004067,1784382440.360459,1784382442.693515,1784382441.526987,1.2,-0.064875,-0.111557,-0.000964,0.001978,1,acq,20480,20480,0,16,True,False,1,1200000,8381618,False,-1075362,1184270,0,0,0,0,1,1,1784382440.360459
722,153,2,formal,down,53,76,1,2.5119587621004067,1784382442.6937568,1784382445.0308921,1784382443.8623245,1.2,-0.064974,-0.111572,-0.000941,0.001984,1,acq,20480,20480,0,16,True,False,1,1200000,8381618,False,-1045552,1063590,0,0,0,0,1,1,1784382442.6937568
723,153,3,formal,down,53,76,1,2.5119587621004067,1784382445.0311291,1784382447.361923,1784382446.196526,1.2,-0.065023,-0.111767,-0.000908,0.001961,1,acq,20480,20480,0,16,True,False,1,1200000,8381618,False,-1016589,1110338,0,0,0,0,1,1,1784382445.0311291
724,153,4,formal,down,53,76,1,2.5119587621004067,1784382447.363007,1784382449.715669,1784382448.539338,1.2,-0.064976,-0.111783,-0.000935,0.001994,1,acq,20480,20480,0,16,True,False,1,1200000,8381618,False,-1078241,1113979,0,0,0,0,1,1,1784382447.363007
725,153,5,formal,down,53,76,1,2.5119587621004067,1784382449.715914,1784382452.054718,1784382450.885316,1.2,-0.065101,-0.111861,-0.000906,0.00196,1,acq,20480,20480,0,16,True,False,1,1200000,8381618,False,-1086541,1086541,0,0,0,0,1,1,1784382449.715914
726,153,6,formal,down,53,76,1,2.5119587621004067,1784382452.055003,1784382454.401394,1784382453.2281985,1.2,-0.065207,-0.112085,-0.000912,0.001938,1,acq,20480,20480,0,16,True,False,1,1200000,8381618,False,-1147600,1105003,0,0,0,0,1,1,1784382452.055003
727,153,7,formal,down,53,76,1,2.5119587621004067,1784382454.4020338,1784382456.730541,1784382455.5662875,1.2,-0.065257,-0.112206,-0.000929,0.001943,1,acq,20480,20480,0,16,True,False,1,1200000,8381618,False,-1042588,1049024,0,0,0,0,1,1,1784382454.4020338
728,153,8,formal,down,53,76,1,2.5119587621004067,1784382456.730768,1784382459.064289,1784382457.8975286,1.2,-0.065304,-0.112266,-0.000904,0.001963,1,acq,20480,20480,0,16,True,False,1,1200000,8381618,False,-1046907,1160473,0,0,0,0,1,1,1784382456.730768
729,153,9,formal,down,53,76,1,2.5119587621004067,1784382459.064526,1784382461.399675,1784382460.2321005,1.2,-0.065304,-0.112395,-0.000898,0.001948,1,acq,20480,20480,0,16,True,False,1,1200000,8381618,False,-1093231,1171652,0,0,0,0,1,1,1784382459.064526
730,153,10,formal,down,53,76,1,2.5119587621004067,1784382461.399959,1784382463.728883,1784382462.5644212,1.2,-0.06546,-0.112555,-0.000928,0.001957,1,acq,20480,20480,0,16,True,False,1,1200000,8381618,False,-1031578,1090690,0,0,0,0,1,1,1784382461.399959
731,153,11,formal,down,53,76,1,2.5119587621004067,1784382463.729156,1784382466.076409,1784382464.9027824,1.2,-0.065466,-0.112625,-0.000916,0.001959,1,acq,20480,20480,0,16,True,False,1,1200000,8381618,False,-1117875,1181560,0,0,0,0,1,1,1784382463.729156
732,153,12,formal,down,53,76,1,2.5119587621004067,1784382466.076661,1784382468.3912802,1784382467.2339706,1.2,-0.065526,-0.112688,-0.000967,0.00193,1,acq,20480,20480,0,16,True,False,1,1200000,8381618,False,-1020654,1115334,0,0,0,0,1,1,1784382466.076661
733,153,13,formal,down,53,76,1,2.5119587621004067,1784382468.3915598,1784382470.734632,1784382469.563096,1.2,-0.065582,-0.1128,-0.000933,0.00196,1,acq,20480,20480,0,16,True,False,1,1200000,8381618,False,-1087980,1135575,0,0,0,0,1,1,1784382468.3915598
734,153,14,formal,down,53,76,1,2.5119587621004067,1784382470.734882,1784382473.078933,1784382471.9069076,1.2,-0.065616,-0.112953,-0.000961,0.001995,1,acq,20480,20480,0,16,True,False,1,1200000,8381618,False,-1063167,1162336,0,0,0,0,1,1,1784382470.734882
735,153,15,formal,down,53,76,1,2.5119587621004067,1784382473.079169,1784382475.4113028,1784382474.245236,1.2,-0.065645,-0.113104,-0.000928,0.001926,1,acq,20480,20480,0,16,True,False,1,1200000,8381618,False,-1110761,1154037,0,0,0,0,1,1,1784382473.079169
736,154,0,formal,down,27,77,0,-0.8824316191281598,1784382521.147733,1784382523.474974,1784382522.3113534,0.753946,0.172259,0.29417,0.000406,-0.001312,1,acq,20480,20480,0,16,True,False,1,1200000,8381618,False,-2523349,2513864,0,0,0,0,1,1,1784382521.147733
737,154,1,formal,down,27,77,0,-0.8824316191281598,1784382523.476029,1784382525.800406,1784382524.6382174,0.750517,0.172044,0.293995,0.000454,-0.001221,1,acq,20480,20480,0,16,True,False,1,1200000,8381618,False,-2548840,2538084,0,0,0,0,1,1,1784382523.476029
738,154,2,formal,down,27,77,0,-0.8824316191281598,1784382525.800817,1784382528.13921,1784382526.9700136,0.74782,0.172007,0.293977,0.000485,-0.00129,1,acq,20480,20480,0,16,True,False,1,1200000,8381618,False,-2525720,2509629,0,0,0,0,1,1,1784382525.800817
739,154,3,formal,down,27,77,0,-0.8824316191281598,1784382528.139454,1784382530.479789,1784382529.3096213,0.745368,0.171931,0.293916,0.00046,-0.001321,1,acq,20480,20480,0,16,True,False,1,1200000,8381618,False,-2493623,2518268,0,0,0,0,1,1,1784382528.139454
740,154,4,formal,down,27,77,0,-0.8824316191281598,1784382530.48001,1784382532.812002,1784382531.646006,0.743695,0.171979,0.294066,0.000494,-0.001305,1,acq,20480,20480,0,16,True,False,1,1200000,8381618,False,-2530462,2506073,0,0,0,0,1,1,1784382530.48001
741,154,5,formal,down,27,77,0,-0.8824316191281598,1784382532.812253,1784382535.146955,1784382533.979604,0.740867,0.171774,0.293632,0.000479,-0.001295,1,acq,20480,20480,0,16,True,False,1,1200000,8381618,False,-2504548,2534358,0,0,0,0,1,1,1784382532.812253
742,154,6,formal,down,27,77,0,-0.8824316191281598,1784382535.147209,1784382537.489106,1784382536.3181574,0.739394,0.171761,0.293864,0.000495,-0.001312,1,acq,20480,20480,0,16,True,False,1,1200000,8381618,False,-2551973,2492692,0,0,0,0,1,1,1784382535.147209
743,154,7,formal,down,27,77,0,-0.8824316191281598,1784382537.4893491,1784382539.828576,1784382538.6589627,0.737549,0.17173,0.2938,0.000479,-0.001326,1,acq,20480,20480,0,16,True,False,1,1200000,8381618,False,-2538254,2488119,0,0,0,0,1,1,1784382537.4893491
744,154,8,formal,down,27,77,0,-0.8824316191281598,1784382539.8287969,1784382542.161643,1784382540.99522,0.736555,0.171871,0.293944,0.000503,-0.001318,1,acq,20480,20480,0,16,True,False,1,1200000,8381618,False,-2498112,2482953,0,0,0,0,1,1,1784382539.8287969
745,154,9,formal,down,27,77,0,-0.8824316191281598,1784382542.1618629,1784382544.502402,1784382543.3321323,0.734517,0.171703,0.293778,0.000499,-0.001337,1,acq,20480,20480,0,16,True,False,1,1200000,8381618,False,-2539355,2491083,0,0,0,0,1,1,1784382542.1618629
746,154,10,formal,down,27,77,0,-0.8824316191281598,1784382544.50264,1784382546.8429492,1784382545.6727946,0.733146,0.171707,0.293784,0.00045,-0.00135,1,acq,20480,20480,0,16,True,False,1,1200000,8381618,False,-2550533,2480073,0,0,0,0,1,1,1784382544.50264
747,154,11,formal,down,27,77,0,-0.8824316191281598,1784382546.843267,1784382549.176029,1784382548.0096478,0.730908,0.171569,0.293492,0.000482,-0.001342,1,acq,20480,20480,0,16,True,False,1,1200000,8381618,False,-2549094,2513610,0,0,0,0,1,1,1784382546.843267
748,154,12,formal,down,27,77,0,-0.8824316191281598,1784382549.176594,1784382551.495879,1784382550.3362365,0.729843,0.171512,0.293497,0.000469,-0.00136,1,acq,20480,20480,0,16,True,False,1,1200000,8381618,False,-2522417,2532072,0,0,0,0,1,1,1784382549.176594
749,154,13,formal,down,27,77,0,-0.8824316191281598,1784382551.496118,1784382553.8172102,1784382552.6566641,0.729241,0.171658,0.293832,0.000504,-0.001376,1,acq,20480,20480,0,16,True,False,1,1200000,8381618,False,-2502177,2483630,0,0,0,0,1,1,1784382551.496118
750,154,14,formal,down,27,77,0,-0.8824316191281598,1784382553.817496,1784382556.149271,1784382554.9833837,0.727869,0.171612,0.293778,0.000484,-0.001323,1,acq,20480,20480,0,16,True,False,1,1200000,8381618,False,-2520893,2501076,0,0,0,0,1,1,1784382553.817496
751,154,15,formal,down,27,77,0,-0.8824316191281598,1784382556.149503,1784382558.478357,1784382557.31393,0.726418,0.171527,0.293562,0.000516,-0.001405,1,acq,20480,20480,0,16,True,False,1,1200000,8381618,False,-2554683,2523942,0,0,0,0,1,1,1784382556.149503
752,155,0,formal,up,27,77,1,-0.8824316191281598,1784382571.041017,1784382573.3665311,1784382572.203774,0.719477,0.171391,0.293462,0.000487,-0.001363,1,acq,20480,20480,0,16,True,False,1,1200000,8381618,False,-2542488,2503108,0,0,0,0,1,1,1784382571.041017
753,155,1,formal,up,27,77,1,-0.8824316191281598,1784382573.366786,1784382575.691434,1784382574.52911,0.71895,0.17154,0.293652,0.000498,-0.001353,1,acq,20480,20480,0,16,True,False,1,1200000,8381618,False,-2519707,2504209,0,0,0,0,1,1,1784382573.366786
754,155,2,formal,up,27,77,1,-0.8824316191281598,1784382575.6917682,1784382578.015777,1784382576.8537726,0.71682,0.171298,0.293196,0.000442,-0.001351,1,acq,20480,20480,0,16,True,False,1,1200000,8381618,False,-2553243,2507851,0,0,0,0,1,1,1784382575.6917682
755,155,3,formal,up,27,77,1,-0.8824316191281598,1784382578.016032,1784382580.332024,1784382579.174028,0.716809,0.171376,0.293475,0.000501,-0.001368,1,acq,20480,20480,0,16,True,False,1,1200000,8381618,False,-2522078,2509545,0,0,0,0,1,1,1784382578.016032
756,155,4,formal,up,27,77,1,-0.8824316191281598,1784382580.332278,1784382582.655137,1784382581.4937077,0.715864,0.171352,0.293434,0.000478,-0.001342,1,acq,20480,20480,0,16,True,False,1,1200000,8381618,False,-2572637,2512085,0,0,0,0,1,1,1784382580.332278
757,155,5,formal,up,27,77,1,-0.8824316191281598,1784382582.6553721,1784382584.974826,1784382583.8150992,0.714534,0.171227,0.293153,0.000489,-0.001383,1,acq,20480,20480,0,16,True,False,1,1200000,8381618,False,-2528853,2536899,0,0,0,0,1,1,1784382582.6553721
758,155,6,formal,up,27,77,1,-0.8824316191281598,1784382584.9750981,1784382587.290346,1784382586.132722,0.714288,0.171319,0.293418,0.00051,-0.001384,1,acq,20480,20480,0,16,True,False,1,1200000,8381618,False,-2519707,2474569,0,0,0,0,1,1,1784382584.9750981
759,155,7,formal,up,27,77,1,-0.8824316191281598,1784382587.290605,1784382589.604105,1784382588.447355,0.712757,0.171183,0.293176,0.000476,-0.001354,1,acq,20480,20480,0,16,True,False,1,1200000,8381618,False,-2526313,2496842,0,0,0,0,1,1,1784382587.290605
760,155,8,formal,up,27,77,1,-0.8824316191281598,1784382589.6043909,1784382591.9299252,1784382590.767158,0.712058,0.171249,0.293241,0.000529,-0.001347,1,acq,20480,20480,0,16,True,False,1,1200000,8381618,False,-2571112,2510561,0,0,0,0,1,1,1784382589.6043909
761,155,9,formal,up,27,77,1,-0.8824316191281598,1784382591.9302,1784382594.241467,1784382593.0858335,0.711589,0.171228,0.293262,0.000506,-0.001334,1,acq,20480,20480,0,16,True,False,1,1200000,8381618,False,-2500737,2491252,0,0,0,0,1,1,1784382591.9302
762,155,10,formal,up,27,77,1,-0.8824316191281598,1784382594.2417548,1784382596.564161,1784382595.402958,0.710592,0.171197,0.293232,0.0005,-0.001398,1,acq,20480,20480,0,16,True,False,1,1200000,8381618,False,-2499552,2507512,0,0,0,0,1,1,1784382594.2417548
763,155,11,formal,up,27,77,1,-0.8824316191281598,1784382596.564415,1784382598.883156,1784382597.7237854,0.70912,0.171066,0.292876,0.000493,-0.001386,1,acq,20480,20480,0,16,True,False,1,1200000,8381618,False,-2537407,2470334,0,0,0,0,1,1,1784382596.564415
764,155,12,formal,up,27,77,1,-0.8824316191281598,1784382598.883457,1784382601.2079139,1784382600.0456853,0.709192,0.171144,0.29315,0.000515,-0.001355,1,acq,20480,20480,0,16,True,False,1,1200000,8381618,False,-2565862,2501415,0,0,0,0,1,1,1784382598.883457
765,155,13,formal,up,27,77,1,-0.8824316191281598,1784382601.20816,1784382603.534107,1784382602.3711333,0.708022,0.171046,0.292948,0.000559,-0.001391,1,acq,20480,20480,0,16,True,False,1,1200000,8381618,False,-2521909,2483546,0,0,0,0,1,1,1784382601.20816
766,155,14,formal,up,27,77,1,-0.8824316191281598,1784382603.5344262,1784382605.856991,1784382604.6957088,0.707701,0.171116,0.293204,0.000525,-0.00138,1,acq,20480,20480,0,16,True,False,1,1200000,8381618,False,-2525805,2505564,0,0,0,0,1,1,1784382603.5344262
767,155,15,formal,up,27,77,1,-0.8824316191281598,1784382605.857257,1784382608.174239,1784382607.015748,0.706818,0.171094,0.29307,0.000533,-0.001366,1,acq,20480,20480,0,16,True,False,1,1200000,8381618,False,-2536306,2485324,0,0,0,0,1,1,1784382605.857257
768,156,0,formal,up,23,78,0,-1.4046455239325546,1784382626.430563,1784382628.750153,1784382627.590358,0.465662,0.153144,0.261649,0.000105,-0.000963,1,acq,20480,20480,0,16,True,False,1,1200000,8381618,False,-2246929,2259124,0,0,0,0,1,1,1784382626.430563
769,156,1,formal,up,23,78,0,-1.4046455239325546,1784382628.751302,1784382631.0661771,1784382629.9087396,0.464362,0.153046,0.261409,0.0001,-0.000979,1,acq,20480,20480,0,16,True,False,1,1200000,8381618,False,-2274283,2232532,0,0,0,0,1,1,1784382628.751302
770,156,2,formal,up,23,78,0,-1.4046455239325546,1784382631.0664132,1784382633.39007,1784382632.2282414,0.463684,0.152906,0.261312,0.000129,-0.000991,1,acq,20480,20480,0,16,True,False,1,1200000,8381618,False,-2225587,2253450,0,0,0,0,1,1,1784382631.0664132
771,156,3,formal,up,23,78,0,-1.4046455239325546,1784382633.390322,1784382635.705882,1784382634.548102,0.462189,0.152731,0.260953,0.000154,-0.000996,1,acq,20480,20480,0,16,True,False,1,1200000,8381618,False,-2265814,2248030,0,0,0,0,1,1,1784382633.390322
772,156,4,formal,up,23,78,0,-1.4046455239325546,1784382635.7069519,1784382638.024891,1784382636.8659215,0.461473,0.152635,0.260869,0.000146,-0.000966,1,acq,20480,20480,0,16,True,False,1,1200000,8381618,False,-2246675,2241763,0,0,0,0,1,1,1784382635.7069519
773,156,5,formal,up,23,78,0,-1.4046455239325546,1784382638.025134,1784382640.349906,1784382639.18752,0.460214,0.152504,0.260643,8.4e-05,-0.000998,1,acq,20480,20480,0,16,True,False,1,1200000,8381618,False,-2250570,2243372,0,0,0,0,1,1,1784382638.025134
774,156,6,formal,up,23,78,0,-1.4046455239325546,1784382640.350288,1784382642.6749089,1784382641.5125985,0.459801,0.152498,0.260717,0.000107,-0.000972,1,acq,20480,20480,0,16,True,False,1,1200000,8381618,False,-2249893,2285716,0,0,0,0,1,1,1784382640.350288
775,156,7,formal,up,23,78,0,-1.4046455239325546,1784382642.675183,1784382644.992658,1784382643.8339205,0.458714,0.152299,0.260483,0.000137,-0.000982,1,acq,20480,20480,0,16,True,False,1,1200000,8381618,False,-2239561,2243457,0,0,0,0,1,1,1784382642.675183
776,156,8,formal,up,23,78,0,-1.4046455239325546,1784382644.995187,1784382647.316986,1784382646.1560864,0.458153,0.152351,0.260467,0.00016,-0.000989,1,acq,20480,20480,0,16,True,False,1,1200000,8381618,False,-2242356,2221268,0,0,0,0,1,1,1784382644.995187
777,156,9,formal,up,23,78,0,-1.4046455239325546,1784382647.3172338,1784382649.6391811,1784382648.4782076,0.457166,0.152189,0.260288,8.1e-05,-0.000975,1,acq,20480,20480,0,16,True,False,1,1200000,8381618,False,-2239730,2259378,0,0,0,0,1,1,1784382647.3172338
778,156,10,formal,up,23,78,0,-1.4046455239325546,1784382649.639414,1784382651.954321,1784382650.7968674,0.456349,0.152104,0.260111,0.00013,-0.001009,1,acq,20480,20480,0,16,True,False,1,1200000,8381618,False,-2221184,2234564,0,0,0,0,1,1,1784382649.639414
779,156,11,formal,up,23,78,0,-1.4046455239325546,1784382651.954771,1784382654.271026,1784382653.1128983,0.45588,0.152116,0.26014,0.000165,-0.001011,1,acq,20480,20480,0,16,True,False,1,1200000,8381618,False,-2265899,2246082,0,0,0,0,1,1,1784382651.954771
780,156,12,formal,up,23,78,0,-1.4046455239325546,1784382654.2712588,1784382656.591539,1784382655.4313989,0.454987,0.151966,0.260034,0.000153,-0.00096,1,acq,20480,20480,0,16,True,False,1,1200000,8381618,False,-2243457,2203230,0,0,0,0,1,1,1784382654.2712588
781,156,13,formal,up,23,78,0,-1.4046455239325546,1784382656.591788,1784382658.908088,1784382657.749938,0.453885,0.151764,0.25967,0.000133,-0.001012,1,acq,20480,20480,0,16,True,False,1,1200000,8381618,False,-2264798,2228806,0,0,0,0,1,1,1784382656.591788
782,156,14,formal,up,23,78,0,-1.4046455239325546,1784382658.908329,1784382661.221432,1784382660.0648804,0.453303,0.151774,0.259652,0.000159,-0.001004,1,acq,20480,20480,0,16,True,False,1,1200000,8381618,False,-2251502,2231177,0,0,0,0,1,1,1784382658.908329
783,156,15,formal,up,23,78,0,-1.4046455239325546,1784382661.221662,1784382663.545119,1784382662.3833904,0.452479,0.151632,0.25947,0.000152,-0.001023,1,acq,20480,20480,0,16,True,False,1,1200000,8381618,False,-2274283,2231431,0,0,0,0,1,1,1784382661.221662
784,157,0,formal,down,23,78,1,-1.4046455239325546,1784382676.1056929,1784382678.429939,1784382677.267816,0.448655,0.151384,0.258991,0.000182,-0.000996,1,acq,20480,20480,0,16,True,False,1,1200000,8381618,False,-2246759,2207634,0,0,0,0,1,1,1784382676.1056929
785,157,1,formal,down,23,78,1,-1.4046455239325546,1784382678.431019,1784382680.748071,1784382679.589545,0.448032,0.151229,0.258843,0.000151,-0.001012,1,acq,20480,20480,0,16,True,False,1,1200000,8381618,False,-2248792,2228128,0,0,0,0,1,1,1784382678.431019
786,157,2,formal,down,23,78,1,-1.4046455239325546,1784382680.74829,1784382683.066744,1784382681.907517,0.446909,0.151007,0.258431,0.000147,-0.001008,1,acq,20480,20480,0,16,True,False,1,1200000,8381618,False,-2230499,2236936,0,0,0,0,1,1,1784382680.74829
787,157,3,formal,down,23,78,1,-1.4046455239325546,1784382683.067235,1784382685.390659,1784382684.2289472,0.446441,0.150997,0.258446,0.000152,-0.001021,1,acq,20480,20480,0,16,True,False,1,1200000,8381618,False,-2242779,2217796,0,0,0,0,1,1,1784382683.067235
788,157,4,formal,down,23,78,1,-1.4046455239325546,1784382685.392305,1784382687.708171,1784382686.550238,0.446028,0.150978,0.258436,0.000181,-0.000979,1,acq,20480,20480,0,16,True,False,1,1200000,8381618,False,-2209582,2223724,0,0,0,0,1,1,1784382685.392305
789,157,5,formal,down,23,78,1,-1.4046455239325546,1784382687.709995,1784382690.033062,1784382688.8715286,0.445615,0.150959,0.258394,0.000161,-0.000984,1,acq,20480,20480,0,16,True,False,1,1200000,8381618,False,-2228975,2234395,0,0,0,0,1,1,1784382687.709995
790,157,6,formal,down,23,78,1,-1.4046455239325546,1784382690.033324,1784382692.354385,1784382691.1938543,0.444716,0.150869,0.258215,0.000165,-0.00101,1,acq,20480,20480,0,16,True,False,1,1200000,8381618,False,-2249046,2202214,0,0,0,0,1,1,1784382690.033324
791,157,7,formal,down,23,78,1,-1.4046455239325546,1784382692.355438,1784382694.670604,1784382693.513021,0.444476,0.150892,0.258237,0.000151,-0.001024,1,acq,20480,20480,0,16,True,False,1,1200000,8381618,False,-2235581,2225588,0,0,0,0,1,1,1784382692.355438
792,157,8,formal,down,23,78,1,-1.4046455239325546,1784382694.670857,1784382696.9944708,1784382695.832664,0.443777,0.150796,0.258084,0.000147,-0.00103,1,acq,20480,20480,0,16,True,False,1,1200000,8381618,False,-2244981,2191120,0,0,0,0,1,1,1784382694.670857
793,157,9,formal,down,23,78,1,-1.4046455239325546,1784382696.994713,1784382699.318244,1784382698.1564784,0.443351,0.150733,0.25811,0.000186,-0.001002,1,acq,20480,20480,0,16,True,False,1,1200000,8381618,False,-2245997,2193406,0,0,0,0,1,1,1784382696.994713
794,157,10,formal,down,23,78,1,-1.4046455239325546,1784382699.3194299,1784382701.653174,1784382700.486302,0.442591,0.150637,0.257943,9.7e-05,-0.001016,1,acq,20480,20480,0,16,True,False,1,1200000,8381618,False,-2242948,2205347,0,0,0,0,1,1,1784382699.3194299
795,157,11,formal,down,23,78,1,-1.4046455239325546,1784382701.653444,1784382703.9753458,1784382702.814395,0.442078,0.150581,0.257815,0.000175,-0.001006,1,acq,20480,20480,0,16,True,False,1,1200000,8381618,False,-2221777,2201367,0,0,0,0,1,1,1784382701.653444
796,157,12,formal,down,23,78,1,-1.4046455239325546,1784382703.975594,1784382706.291969,1784382705.1337814,0.441357,0.150525,0.2577,0.000161,-0.001018,1,acq,20480,20480,0,16,True,False,1,1200000,8381618,False,-2250570,2197048,0,0,0,0,1,1,1784382703.975594
797,157,13,formal,down,23,78,1,-1.4046455239325546,1784382706.292216,1784382708.6171892,1784382707.4547026,0.440721,0.150357,0.257493,0.000172,-0.000989,1,acq,20480,20480,0,16,True,False,1,1200000,8381618,False,-2228382,2192305,0,0,0,0,1,1,1784382706.292216
798,157,14,formal,down,23,78,1,-1.4046455239325546,1784382708.617685,1784382710.936984,1784382709.7773347,0.440546,0.150441,0.257616,0.000142,-0.000985,1,acq,20480,20480,0,16,True,False,1,1200000,8381618,False,-2221099,2202468,0,0,0,0,1,1,1784382708.617685
799,157,15,formal,down,23,78,1,-1.4046455239325546,1784382710.937252,1784382713.260465,1784382712.0988584,0.440011,0.150363,0.257521,0.000172,-0.001028,1,acq,20480,20480,0,16,True,False,1,1200000,8381618,False,-2221607,2198826,0,0,0,0,1,1,1784382710.937252
800,158,0,formal,down,57,79,0,3.0341726669048015,1784382774.13613,1784382776.457682,1784382775.296906,1.2,-0.101096,-0.173301,-0.000451,0.001337,1,acq,20480,20480,0,16,True,False,1,1200000,8381618,False,-1520310,1715938,0,0,0,0,1,1,1784382774.13613
801,158,1,formal,down,57,79,0,3.0341726669048015,1784382776.45883,1784382778.7759008,1784382777.6173654,1.2,-0.10148,-0.174178,-0.000477,0.001311,1,acq,20480,20480,0,16,True,False,1,1200000,8381618,False,-1528779,1613466,0,0,0,0,1,1,1784382776.45883
802,158,2,formal,down,57,79,0,3.0341726669048015,1784382778.776159,1784382781.088165,1784382779.932162,1.2,-0.101822,-0.174651,-0.000505,0.001288,1,acq,20480,20480,0,16,True,False,1,1200000,8381618,False,-1559266,1629811,0,0,0,0,1,1,1784382778.776159
803,158,3,formal,down,57,79,0,3.0341726669048015,1784382781.0883908,1784382783.4116879,1784382782.2500393,1.2,-0.102226,-0.175443,-0.000471,0.001254,1,acq,20480,20480,0,16,True,False,1,1200000,8381618,False,-1564263,1625238,0,0,0,0,1,1,1784382781.0883908
804,158,4,formal,down,57,79,0,3.0341726669048015,1784382783.412104,1784382785.733312,1784382784.572708,1.2,-0.102533,-0.17604,-0.000424,0.001273,1,acq,20480,20480,0,16,True,False,1,1200000,8381618,False,-1562146,1592464,0,0,0,0,1,1,1784382783.412104
805,158,5,formal,down,57,79,0,3.0341726669048015,1784382785.733545,1784382788.053549,1784382786.893547,1.2,-0.1029,-0.176606,-0.000487,0.001267,1,acq,20480,20480,0,16,True,False,1,1200000,8381618,False,-1581624,1590685,0,0,0,0,1,1,1784382785.733545
806,158,6,formal,down,57,79,0,3.0341726669048015,1784382788.0538251,1784382790.3755069,1784382789.214666,1.2,-0.103098,-0.177077,-0.000439,0.001283,1,acq,20480,20480,0,16,True,False,1,1200000,8381618,False,-1621850,1661992,0,0,0,0,1,1,1784382788.0538251
807,158,7,formal,down,57,79,0,3.0341726669048015,1784382790.375783,1784382792.695919,1784382791.535851,1.2,-0.103453,-0.177561,-0.000462,0.001252,1,acq,20480,20480,0,16,True,False,1,1200000,8381618,False,-1605421,1634215,0,0,0,0,1,1,1784382790.375783
808,158,8,formal,down,57,79,0,3.0341726669048015,1784382792.696129,1784382795.010066,1784382793.8530974,1.2,-0.103765,-0.178171,-0.000469,0.001274,1,acq,20480,20480,0,16,True,False,1,1200000,8381618,False,-1621596,1610502,0,0,0,0,1,1,1784382792.696129
809,158,9,formal,down,57,79,0,3.0341726669048015,1784382795.010315,1784382797.3344178,1784382796.1723664,1.2,-0.103972,-0.178545,-0.000437,0.00126,1,acq,20480,20480,0,16,True,False,1,1200000,8381618,False,-1611010,1684604,0,0,0,0,1,1,1784382795.010315
810,158,10,formal,down,57,79,0,3.0341726669048015,1784382797.334687,1784382799.659959,1784382798.497323,1.2,-0.104235,-0.179087,-0.000421,0.001254,1,acq,20480,20480,0,16,True,False,1,1200000,8381618,False,-1607962,1646748,0,0,0,0,1,1,1784382797.334687
811,158,11,formal,down,57,79,0,3.0341726669048015,1784382799.660197,1784382801.9770072,1784382800.818602,1.2,-0.104584,-0.179686,-0.000432,0.001243,1,acq,20480,20480,0,16,True,False,1,1200000,8381618,False,-1593311,1716192,0,0,0,0,1,1,1784382799.660197
812,158,12,formal,down,57,79,0,3.0341726669048015,1784382801.977234,1784382804.291102,1784382803.134168,1.2,-0.104878,-0.180001,-0.000447,0.001267,1,acq,20480,20480,0,16,True,False,1,1200000,8381618,False,-1601864,1615753,0,0,0,0,1,1,1784382801.977234
813,158,13,formal,down,57,79,0,3.0341726669048015,1784382804.291402,1784382806.6095319,1784382805.450467,1.2,-0.10501,-0.180321,-0.000439,0.001267,1,acq,20480,20480,0,16,True,False,1,1200000,8381618,False,-1673256,1754810,0,0,0,0,1,1,1784382804.291402
814,158,14,formal,down,57,79,0,3.0341726669048015,1784382806.609778,1784382808.924861,1784382807.7673194,1.2,-0.105314,-0.180847,-0.00041,0.001249,1,acq,20480,20480,0,16,True,False,1,1200000,8381618,False,-1622189,1715430,0,0,0,0,1,1,1784382806.609778
815,158,15,formal,down,57,79,0,3.0341726669048015,1784382808.925344,1784382811.246086,1784382810.0857148,1.2,-0.105565,-0.181353,-0.000455,0.001271,1,acq,20480,20480,0,16,True,False,1,1200000,8381618,False,-1602118,1630150,0,0,0,0,1,1,1784382808.925344
816,159,0,formal,up,57,79,1,3.0341726669048015,1784382823.782092,1784382826.104528,1784382824.94331,1.2,-0.106781,-0.183552,-0.000439,0.00124,1,acq,20480,20480,0,16,True,False,1,1200000,8381618,False,-1657758,1662077,0,0,0,0,1,1,1784382823.782092
817,159,1,formal,up,57,79,1,3.0341726669048015,1784382826.105076,1784382828.430871,1784382827.2679734,1.2,-0.106922,-0.183873,-0.000441,0.001254,1,acq,20480,20480,0,16,True,False,1,1200000,8381618,False,-1663093,1839243,0,0,0,0,1,1,1784382826.105076
818,159,2,formal,up,57,79,1,3.0341726669048015,1784382828.431125,1784382830.7488241,1784382829.5899744,1.2,-0.107122,-0.184125,-0.000426,0.001227,1,acq,20480,20480,0,16,True,False,1,1200000,8381618,False,-1639889,1717039,0,0,0,0,1,1,1784382828.431125
819,159,3,formal,up,57,79,1,3.0341726669048015,1784382830.7490292,1784382833.0707798,1784382831.9099045,1.2,-0.107311,-0.184532,-0.000424,0.001232,1,acq,20480,20480,0,16,True,False,1,1200000,8381618,False,-1619818,1697392,0,0,0,0,1,1,1784382830.7490292
820,159,4,formal,up,57,79,1,3.0341726669048015,1784382833.071061,1784382835.387795,1784382834.2294278,1.2,-0.107552,-0.1847,-0.000424,0.001214,1,acq,20480,20480,0,16,True,False,1,1200000,8381618,False,-1649289,1748289,0,0,0,0,1,1,1784382833.071061
821,159,5,formal,up,57,79,1,3.0341726669048015,1784382835.388022,1784382837.712587,1784382836.5503044,1.2,-0.10779,-0.185143,-0.000417,0.001252,1,acq,20480,20480,0,16,True,False,1,1200000,8381618,False,-1683757,1734993,0,0,0,0,1,1,1784382835.388022
822,159,6,formal,up,57,79,1,3.0341726669048015,1784382837.712907,1784382840.024003,1784382838.868455,1.2,-0.107964,-0.185498,-0.000438,0.00126,1,acq,20480,20480,0,16,True,False,1,1200000,8381618,False,-1654794,1706368,0,0,0,0,1,1,1784382837.712907
823,159,7,formal,up,57,79,1,3.0341726669048015,1784382840.024239,1784382842.339434,1784382841.1818366,1.2,-0.108037,-0.185687,-0.000418,0.001261,1,acq,20480,20480,0,16,True,False,1,1200000,8381618,False,-1660722,1713228,0,0,0,0,1,1,1784382840.024239
824,159,8,formal,up,57,79,1,3.0341726669048015,1784382842.339663,1784382844.6577861,1784382843.4987245,1.2,-0.108252,-0.18594,-0.000384,0.001223,1,acq,20480,20480,0,16,True,False,1,1200000,8381618,False,-1754979,1811804,0,0,0,0,1,1,1784382842.339663
825,159,9,formal,up,57,79,1,3.0341726669048015,1784382844.658061,1784382846.973762,1784382845.8159115,1.2,-0.108411,-0.186346,-0.000407,0.001244,1,acq,20480,20480,0,16,True,False,1,1200000,8381618,False,-1665803,1674611,0,0,0,0,1,1,1784382844.658061
826,159,10,formal,up,57,79,1,3.0341726669048015,1784382846.973997,1784382849.29558,1784382848.1347885,1.2,-0.108548,-0.186602,-0.000442,0.001242,1,acq,20480,20480,0,16,True,False,1,1200000,8381618,False,-1655471,1695528,0,0,0,0,1,1,1784382846.973997
827,159,11,formal,up,57,79,1,3.0341726669048015,1784382849.295798,1784382851.6198652,1784382850.4578316,1.2,-0.108805,-0.186881,-0.000425,0.001263,1,acq,20480,20480,0,16,True,False,1,1200000,8381618,False,-1690447,1740498,0,0,0,0,1,1,1784382849.295798
828,159,12,formal,up,57,79,1,3.0341726669048015,1784382851.62018,1784382853.9365902,1784382852.7783852,1.2,-0.108892,-0.187157,-0.000408,0.00125,1,acq,20480,20480,0,16,True,False,1,1200000,8381618,False,-1632690,1683418,0,0,0,0,1,1,1784382851.62018
829,159,13,formal,up,57,79,1,3.0341726669048015,1784382853.936873,1784382856.253665,1784382855.095269,1.2,-0.109043,-0.187394,-0.00045,0.001245,1,acq,20480,20480,0,16,True,False,1,1200000,8381618,False,-1682741,1703489,0,0,0,0,1,1,1784382853.936873
830,159,14,formal,up,57,79,1,3.0341726669048015,1784382856.2538922,1784382858.573998,1784382857.4139452,1.2,-0.109158,-0.187565,-0.000408,0.00122,1,acq,20480,20480,0,16,True,False,1,1200000,8381618,False,-1662331,1807147,0,0,0,0,1,1,1784382856.2538922
831,159,15,formal,up,57,79,1,3.0341726669048015,1784382858.5744221,1784382860.8998022,1784382859.737112,1.2,-0.109383,-0.188024,-0.000404,0.00124,1,acq,20480,20480,0,16,True,False,1,1200000,8381618,False,-1672493,1697984,0,0,0,0,1,1,1784382858.5744221
832,160,0,sentinel,up,40,80,0,0.8147635714861234,1784382898.012414,1784382900.343292,1784382899.177853,1.2,0.098704,0.169443,4.8e-05,-0.000325,1,acq,20480,20480,0,16,True,False,1,1200000,8381618,False,-1610841,1544192,0,0,0,0,1,1,1784382898.012414
833,160,1,sentinel,up,40,80,0,0.8147635714861234,1784382900.344466,1784382902.688481,1784382901.5164735,1.2,0.098876,0.169801,3.6e-05,-0.000344,1,acq,20480,20480,0,16,True,False,1,1200000,8381618,False,-1512434,1549019,0,0,0,0,1,1,1784382900.344466
834,160,2,sentinel,up,40,80,0,0.8147635714861234,1784382902.68873,1784382905.025547,1784382903.8571386,1.2,0.099006,0.170068,8.7e-05,-0.000375,1,acq,20480,20480,0,16,True,False,1,1200000,8381618,False,-1534961,1543345,0,0,0,0,1,1,1784382902.68873
835,160,3,sentinel,up,40,80,0,0.8147635714861234,1784382905.02579,1784382907.356381,1784382906.1910853,1.2,0.099226,0.170419,0.000112,-0.000344,1,acq,20480,20480,0,16,True,False,1,1200000,8381618,False,-1582301,1543430,0,0,0,0,1,1,1784382905.02579
836,160,4,sentinel,up,40,80,0,0.8147635714861234,1784382907.3567019,1784382909.682875,1784382908.5197883,1.2,0.099372,0.17058,0.000113,-0.000354,1,acq,20480,20480,0,16,True,False,1,1200000,8381618,False,-1560875,1549781,0,0,0,0,1,1,1784382907.3567019
837,160,5,sentinel,up,40,80,0,0.8147635714861234,1784382909.683112,1784382912.026643,1784382910.8548775,1.2,0.099357,0.17078,4.4e-05,-0.000341,1,acq,20480,20480,0,16,True,False,1,1200000,8381618,False,-1588907,1638110,0,0,0,0,1,1,1784382909.683112
838,160,6,sentinel,up,40,80,0,0.8147635714861234,1784382912.026869,1784382914.357888,1784382913.1923785,1.2,0.099544,0.171012,0.000124,-0.00038,1,acq,20480,20480,0,16,True,False,1,1200000,8381618,False,-1535046,1582725,0,0,0,0,1,1,1784382912.026869
839,160,7,sentinel,up,40,80,0,0.8147635714861234,1784382914.358128,1784382916.6880288,1784382915.5230784,1.2,0.099756,0.171364,0.000113,-0.000362,1,acq,20480,20480,0,16,True,False,1,1200000,8381618,False,-1560282,1613382,0,0,0,0,1,1,1784382914.358128
840,160,8,sentinel,up,40,80,0,0.8147635714861234,1784382916.688329,1784382919.024562,1784382917.8564453,1.2,0.099847,0.171452,0.000118,-0.000411,1,acq,20480,20480,0,16,True,False,1,1200000,8381618,False,-1540381,1583487,0,0,0,0,1,1,1784382916.688329
841,160,9,sentinel,up,40,80,0,0.8147635714861234,1784382919.0248132,1784382921.37289,1784382920.1988516,1.2,0.099835,0.171596,0.000101,-0.000355,1,acq,20480,20480,0,16,True,False,1,1200000,8381618,False,-1556048,1569683,0,0,0,0,1,1,1784382919.0248132
842,160,10,sentinel,up,40,80,0,0.8147635714861234,1784382921.3739781,1784382923.6998038,1784382922.536891,1.2,0.099921,0.171818,8.4e-05,-0.000396,1,acq,20480,20480,0,16,True,False,1,1200000,8381618,False,-1577728,1617447,0,0,0,0,1,1,1784382921.3739781
843,160,11,sentinel,up,40,80,0,0.8147635714861234,1784382923.700117,1784382926.0496519,1784382924.8748846,1.2,0.100079,0.171947,0.000107,-0.000361,1,acq,20480,20480,0,16,True,False,1,1200000,8381618,False,-1591532,1594242,0,0,0,0,1,1,1784382923.700117
844,160,12,sentinel,up,40,80,0,0.8147635714861234,1784382926.049906,1784382928.389077,1784382927.2194915,1.2,0.100113,0.172201,7e-05,-0.000378,1,acq,20480,20480,0,16,True,False,1,1200000,8381618,False,-1547918,1526916,0,0,0,0,1,1,1784382926.049906
845,160,13,sentinel,up,40,80,0,0.8147635714861234,1784382928.389317,1784382930.716944,1784382929.5531306,1.2,0.100203,0.172335,8.7e-05,-0.000387,1,acq,20480,20480,0,16,True,False,1,1200000,8381618,False,-1539026,1584757,0,0,0,0,1,1,1784382928.389317
846,160,14,sentinel,up,40,80,0,0.8147635714861234,1784382930.717165,1784382933.054622,1784382931.8858933,1.2,0.100181,0.172299,7.9e-05,-0.000403,1,acq,20480,20480,0,16,True,False,1,1200000,8381618,False,-1562569,1546478,0,0,0,0,1,1,1784382930.717165
847,160,15,sentinel,up,40,80,0,0.8147635714861234,1784382933.055079,1784382935.39104,1784382934.2230597,1.2,0.100315,0.172626,7.5e-05,-0.000373,1,acq,20480,20480,0,16,True,False,1,1200000,8381618,False,-1596275,1591617,0,0,0,0,1,1,1784382933.055079
848,161,0,sentinel,down,40,80,1,0.8147635714861234,1784382948.096677,1784382950.438983,1784382949.26783,1.2,0.100594,0.173022,9.2e-05,-0.000366,1,acq,20480,20480,0,16,True,False,1,1200000,8381618,False,-1560452,1598053,0,0,0,0,1,1,1784382948.096677
849,161,1,sentinel,down,40,80,1,0.8147635714861234,1784382950.439256,1784382952.762335,1784382951.6007955,1.2,0.100705,0.173259,0.000127,-0.000401,1,acq,20480,20480,0,16,True,False,1,1200000,8381618,False,-1554693,1625831,0,0,0,0,1,1,1784382950.439256
850,161,2,sentinel,down,40,80,1,0.8147635714861234,1784382952.762571,1784382955.111097,1784382953.936834,1.2,0.100757,0.173415,8.3e-05,-0.000398,1,acq,20480,20480,0,16,True,False,1,1200000,8381618,False,-1576458,1586282,0,0,0,0,1,1,1784382952.762571
851,161,3,sentinel,down,40,80,1,0.8147635714861234,1784382955.111331,1784382957.4431071,1784382956.277219,1.2,0.100756,0.173273,0.000109,-0.000395,1,acq,20480,20480,0,16,True,False,1,1200000,8381618,False,-1594750,1572901,0,0,0,0,1,1,1784382955.111331
852,161,4,sentinel,down,40,80,1,0.8147635714861234,1784382957.443331,1784382959.776746,1784382958.6100385,1.2,0.100815,0.173617,0.000123,-0.000408,1,acq,20480,20480,0,16,True,False,1,1200000,8381618,False,-1571377,1525137,0,0,0,0,1,1,1784382957.443331
853,161,5,sentinel,down,40,80,1,0.8147635714861234,1784382959.777038,1784382962.095296,1784382960.936167,1.2,0.100929,0.17363,0.000136,-0.000419,1,acq,20480,20480,0,16,True,False,1,1200000,8381618,False,-1533860,1576966,0,0,0,0,1,1,1784382959.777038
854,161,6,sentinel,down,40,80,1,0.8147635714861234,1784382962.095716,1784382964.440265,1784382963.2679906,1.2,0.100885,0.173721,7.6e-05,-0.000403,1,acq,20480,20480,0,16,True,False,1,1200000,8381618,False,-1673594,1601102,0,0,0,0,1,1,1784382962.095716
855,161,7,sentinel,down,40,80,1,0.8147635714861234,1784382964.440481,1784382966.7751439,1784382965.6078124,1.2,0.101006,0.173887,8.8e-05,-0.000461,1,acq,20480,20480,0,16,True,False,1,1200000,8381618,False,-1598053,1579591,0,0,0,0,1,1,1784382964.440481
856,161,8,sentinel,down,40,80,1,0.8147635714861234,1784382966.775402,1784382969.118547,1784382967.9469745,1.2,0.100946,0.173762,0.000133,-0.000406,1,acq,20480,20480,0,16,True,False,1,1200000,8381618,False,-1590092,1586874,0,0,0,0,1,1,1784382966.775402
857,161,9,sentinel,down,40,80,1,0.8147635714861234,1784382969.118876,1784382971.4620821,1784382970.2904792,1.2,0.10095,0.173746,0.000153,-0.00041,1,acq,20480,20480,0,16,True,False,1,1200000,8381618,False,-1658605,1620326,0,0,0,0,1,1,1784382969.118876
858,161,10,sentinel,down,40,80,1,0.8147635714861234,1784382971.46233,1784382973.781237,1784382972.6217835,1.2,0.101036,0.173885,8.3e-05,-0.000421,1,acq,20480,20480,0,16,True,False,1,1200000,8381618,False,-1639127,1532505,0,0,0,0,1,1,1784382971.46233
859,161,11,sentinel,down,40,80,1,0.8147635714861234,1784382973.781457,1784382976.108181,1784382974.944819,1.2,0.101019,0.17395,0.000124,-0.000405,1,acq,20480,20480,0,16,True,False,1,1200000,8381618,False,-1563501,1635993,0,0,0,0,1,1,1784382973.781457
860,161,12,sentinel,down,40,80,1,0.8147635714861234,1784382976.108458,1784382978.449727,1784382977.2790926,1.2,0.101176,0.17402,0.000124,-0.000405,1,acq,20480,20480,0,16,True,False,1,1200000,8381618,False,-1571885,1563416,0,0,0,0,1,1,1784382976.108458
861,161,13,sentinel,down,40,80,1,0.8147635714861234,1784382978.449999,1784382980.791371,1784382979.620685,1.2,0.101149,0.174142,9.9e-05,-0.000433,1,acq,20480,20480,0,16,True,False,1,1200000,8381618,False,-1586959,1583233,0,0,0,0,1,1,1784382978.449999
862,161,14,sentinel,down,40,80,1,0.8147635714861234,1784382980.791838,1784382983.126495,1784382981.9591665,1.2,0.101169,0.174066,8.6e-05,-0.000418,1,acq,20480,20480,0,16,True,False,1,1200000,8381618,False,-1587213,1560706,0,0,0,0,1,1,1784382980.791838
863,161,15,sentinel,down,40,80,1,0.8147635714861234,1784382983.126745,1784382985.461317,1784382984.2940311,1.2,0.10117,0.174087,6.1e-05,-0.000382,1,acq,20480,20480,0,16,True,False,1,1200000,8381618,False,-1591193,1560452,0,0,0,0,1,1,1784382983.126745
