sequence_index,observation_sequence_index,bridge_step_index,from_bias,bias,delta_bias,t_start_unix,t_end_unix,t_mid_unix,dc_dmm,dac_response
0,108,0,0.0,-0.1294692446742183,-0.1294692446742183,1784367371.658123,1784367373.091896,1784367372.3750095,0.874249115,"[dac] CH_A set to -0.130 V (code=32343)
"
1,108,1,-0.1294692446742183,-0.2589384893484366,-0.1294692446742183,1784367373.092125,1784367374.5408928,1784367373.8165088,0.82732756,"[dac] CH_A set to -0.259 V (code=31919)
"
2,108,2,-0.2589384893484366,-0.38840773402265494,-0.12946924467421833,1784367374.5410938,1784367375.9880152,1784367375.2645545,0.788449701,"[dac] CH_A set to -0.388 V (code=31495)
"
3,108,3,-0.38840773402265494,-0.5178769786968732,-0.12946924467421828,1784367375.988242,1784367377.424041,1784367376.7061415,0.705331518,"[dac] CH_A set to -0.518 V (code=31070)
"
4,108,4,-0.5178769786968732,-0.6473462233710915,-0.12946924467421828,1784367377.4242291,1784367378.870201,1784367378.1472151,0.675837969,"[dac] CH_A set to -0.647 V (code=30646)
"
5,108,5,-0.6473462233710915,-0.7768154680453099,-0.1294692446742184,1784367378.870404,1784367380.314239,1784367379.5923214,0.59137917,"[dac] CH_A set to -0.777 V (code=30222)
"
6,108,6,-0.7768154680453099,-0.9062847127195282,-0.12946924467421828,1784367380.3144221,1784367381.753451,1784367381.0339365,0.539095151,"[dac] CH_A set to -0.906 V (code=29798)
"
7,108,7,-0.9062847127195282,-1.0357539573937464,-0.12946924467421828,1784367381.753685,1784367383.188543,1784367382.4711142,0.49083298,"[dac] CH_A set to -1.036 V (code=29373)
"
8,108,8,-1.0357539573937464,-1.1652232020679647,-0.12946924467421828,1784367383.188842,1784367384.639091,1784367383.9139667,0.441230194,"[dac] CH_A set to -1.165 V (code=28949)
"
9,108,9,-1.1652232020679647,-1.294692446742183,-0.12946924467421828,1784367384.639325,1784367386.071858,1784367385.3555913,0.372858785,"[dac] CH_A set to -1.295 V (code=28525)
"
10,108,10,-1.294692446742183,-1.4241616914164013,-0.12946924467421828,1784367386.0720499,1784367387.507683,1784367386.7898664,0.340684005,"[dac] CH_A set to -1.424 V (code=28101)
"
11,108,11,-1.4241616914164013,-1.5536309360906198,-0.1294692446742185,1784367387.5081542,1784367388.943928,1784367388.226041,0.280356291,"[dac] CH_A set to -1.554 V (code=27677)
"
12,108,12,-1.5536309360906198,-1.683100180764838,-0.12946924467421828,1784367388.94414,1784367390.383369,1784367389.6637545,0.250862742,"[dac] CH_A set to -1.683 V (code=27252)
"
13,108,13,-1.683100180764838,-1.8125694254390563,-0.12946924467421828,1784367390.383605,1784367391.8245409,1784367391.104073,0.211984882,"[dac] CH_A set to -1.813 V (code=26828)
"
14,108,14,-1.8125694254390563,-1.9420386701132746,-0.12946924467421828,1784367391.8247921,1784367393.266722,1784367392.545757,0.150316553,"[dac] CH_A set to -1.942 V (code=26404)
"
15,108,15,-1.9420386701132746,-2.071507914787493,-0.12946924467421828,1784367393.266933,1784367394.702353,1784367393.984643,0.146294705,"[dac] CH_A set to -2.072 V (code=25980)
"
16,108,16,-2.071507914787493,-2.2009771594617114,-0.1294692446742185,1784367394.702513,1784367396.1299672,1784367395.4162402,0.115460541,"[dac] CH_A set to -2.201 V (code=25555)
"
17,108,17,-2.2009771594617114,-2.3304464041359294,-0.12946924467421805,1784367396.130168,1784367397.575278,1784367396.8527231,0.0980325345,"[dac] CH_A set to -2.330 V (code=25131)
"
18,108,18,-2.3304464041359294,-2.459915648810148,-0.1294692446742185,1784367397.57547,1784367399.006676,1784367398.2910728,0.0350235893,"[dac] CH_A set to -2.460 V (code=24707)
"
19,108,19,-2.459915648810148,-2.589384893484366,-0.12946924467421805,1784367399.006871,1784367400.4408681,1784367399.7238696,0.047089132,"[dac] CH_A set to -2.589 V (code=24283)
"
20,108,20,-2.589384893484366,-2.7188541381585845,-0.1294692446742185,1784367400.441059,1784367401.8829381,1784367401.1619987,0.0444079002,"[dac] CH_A set to -2.719 V (code=23858)
"
21,108,21,-2.7188541381585845,-2.8483233828328025,-0.12946924467421805,1784367401.883163,1784367403.326916,1784367402.6050396,0.0135737355,"[dac] CH_A set to -2.848 V (code=23434)
"
22,108,22,-2.8483233828328025,-2.977792627507021,-0.1294692446742185,1784367403.327232,1784367404.777416,1784367404.0523238,0.00553031162,"[dac] CH_A set to -2.978 V (code=23010)
"
23,108,23,-2.977792627507021,-3.1072618721812395,-0.1294692446742185,1784367404.777598,1784367406.226892,1784367405.502245,0.0256392783,"[dac] CH_A set to -3.107 V (code=22586)
"
24,108,24,-3.1072618721812395,-3.2367311168554576,-0.12946924467421805,1784367406.227112,1784367407.6750169,1784367406.9510646,0.0216174307,"[dac] CH_A set to -3.237 V (code=22162)
"
25,108,25,-3.2367311168554576,-3.366200361529676,-0.1294692446742185,1784367407.675363,1784367409.116935,1784367408.3961492,0.0390454368,"[dac] CH_A set to -3.366 V (code=21737)
"
26,108,26,-3.366200361529676,-3.495669606203894,-0.12946924467421805,1784367409.117141,1784367410.549547,1784367409.833344,0.0323423575,"[dac] CH_A set to -3.496 V (code=21313)
"
27,108,27,-3.495669606203894,-3.6251388508781126,-0.1294692446742185,1784367410.5497448,1784367411.994784,1784367411.2722645,0.0591546747,"[dac] CH_A set to -3.625 V (code=20889)
"
28,108,28,-3.6251388508781126,-3.754608095552331,-0.1294692446742185,1784367411.994984,1784367413.425159,1784367412.7100716,0.0873076077,"[dac] CH_A set to -3.755 V (code=20465)
"
29,109,0,-3.624054619351232,-3.5587778812506827,0.06527673810054946,1784367441.956418,1784367443.3841338,1784367442.670276,0.0444079002,"[dac] CH_A set to -3.559 V (code=21106)
"
30,109,1,-3.5587778812506827,-3.4935011431501333,0.06527673810054946,1784367443.384351,1784367444.808176,1784367444.0962634,0.0645171381,"[dac] CH_A set to -3.493 V (code=21320)
"
31,110,0,-3.624054619351232,-3.4953661928101494,0.1286884265410828,1784367473.332942,1784367474.774549,1784367474.0537455,0.0591546747,"[dac] CH_A set to -3.495 V (code=21314)
"
32,110,1,-3.4953661928101494,-3.366677766269066,0.12868842654108326,1784367474.774763,1784367476.214719,1784367475.494741,0.047089132,"[dac] CH_A set to -3.367 V (code=21736)
"
33,110,2,-3.366677766269066,-3.2379893397279833,0.1286884265410828,1784367476.214912,1784367477.65444,1784367476.934676,0.0175955831,"[dac] CH_A set to -3.238 V (code=22157)
"
34,110,3,-3.2379893397279833,-3.1093009131869,0.12868842654108326,1784367477.654635,1784367479.092957,1784367478.373796,0.0175955831,"[dac] CH_A set to -3.109 V (code=22579)
"
35,110,4,-3.1093009131869,-2.9806124866458172,0.1286884265410828,1784367479.0931551,1784367480.5212622,1784367479.8072085,0.0216174307,"[dac] CH_A set to -2.981 V (code=23001)
"
36,110,5,-2.9806124866458172,-2.851924060104734,0.12868842654108326,1784367480.5214322,1784367481.958035,1784367481.2397337,0.02832051,"[dac] CH_A set to -2.852 V (code=23423)
"
37,110,6,-2.851924060104734,-2.723235633563651,0.1286884265410828,1784367481.9582899,1784367483.384753,1784367482.6715214,0.00284898855,"[dac] CH_A set to -2.723 V (code=23844)
"
38,110,7,-2.723235633563651,-2.5945472070225684,0.1286884265410828,1784367483.38499,1784367484.8181918,1784367484.1015909,0.0497703637,"[dac] CH_A set to -2.595 V (code=24266)
"
39,110,8,-2.5945472070225684,-2.465858780481485,0.12868842654108326,1784367484.818398,1784367486.260417,1784367485.5394075,0.0604952905,"[dac] CH_A set to -2.466 V (code=24687)
"
40,110,9,-2.465858780481485,-2.337170353940402,0.12868842654108326,1784367486.26061,1784367487.69956,1784367486.980085,0.0511109795,"[dac] CH_A set to -2.337 V (code=25109)
"
41,110,10,-2.337170353940402,-2.208481927399319,0.1286884265410828,1784367487.699768,1784367489.1412349,1784367488.4205015,0.0779232967,"[dac] CH_A set to -2.208 V (code=25531)
"
42,110,11,-2.208481927399319,-2.079793500858236,0.1286884265410828,1784367489.1415071,1784367490.5828831,1784367489.862195,0.120823004,"[dac] CH_A set to -2.080 V (code=25953)
"
43,110,12,-2.079793500858236,-1.9511050743171532,0.12868842654108303,1784367490.583074,1784367492.025013,1784367491.3040435,0.167744559,"[dac] CH_A set to -1.951 V (code=26374)
"
44,110,13,-1.9511050743171532,-1.8224166477760702,0.12868842654108303,1784367492.025266,1784367493.4798322,1784367492.7525492,0.183831949,"[dac] CH_A set to -1.822 V (code=26796)
"
45,110,14,-1.8224166477760702,-1.6937282212349871,0.12868842654108303,1784367493.480217,1784367494.923342,1784367494.2017794,0.240137815,"[dac] CH_A set to -1.694 V (code=27218)
"
46,110,15,-1.6937282212349871,-1.565039794693904,0.12868842654108303,1784367494.9235358,1784367496.355563,1784367495.6395493,0.279015675,"[dac] CH_A set to -1.565 V (code=27639)
"
47,110,16,-1.565039794693904,-1.4363513681528213,0.1286884265410828,1784367496.355756,1784367497.786658,1784367497.071207,0.317893535,"[dac] CH_A set to -1.436 V (code=28061)
"
48,110,17,-1.4363513681528213,-1.307662941611738,0.12868842654108326,1784367497.786981,1784367499.2383711,1784367498.5126762,0.354090163,"[dac] CH_A set to -1.308 V (code=28482)
"
49,110,18,-1.307662941611738,-1.1789745150706552,0.1286884265410828,1784367499.238548,1784367500.67662,1784367499.957584,0.441230194,"[dac] CH_A set to -1.179 V (code=28904)
"
50,110,19,-1.1789745150706552,-1.050286088529572,0.12868842654108326,1784367500.676852,1784367502.092036,1784367501.384444,0.477426822,"[dac] CH_A set to -1.050 V (code=29326)
"
51,110,20,-1.050286088529572,-0.9215976619884891,0.1286884265410828,1784367502.092243,1784367503.5296052,1784367502.810924,0.53641392,"[dac] CH_A set to -0.922 V (code=29748)
"
52,110,21,-0.9215976619884891,-0.7929092354474059,0.12868842654108326,1784367503.529797,1784367504.960522,1784367504.2451596,0.58467609,"[dac] CH_A set to -0.793 V (code=30169)
"
53,110,22,-0.7929092354474059,-0.6642208089063231,0.1286884265410828,1784367504.960781,1784367506.407973,1784367505.6843772,0.619532103,"[dac] CH_A set to -0.664 V (code=30591)
"
54,110,23,-0.6642208089063231,-0.5355323823652403,0.1286884265410828,1784367506.408292,1784367507.849613,1784367507.1289525,0.682541048,"[dac] CH_A set to -0.535 V (code=31013)
"
55,110,24,-0.5355323823652403,-0.406843955824157,0.12868842654108326,1784367507.849817,1784367509.282411,1784367508.566114,0.750912457,"[dac] CH_A set to -0.407 V (code=31435)
"
56,110,25,-0.406843955824157,-0.2781555292830742,0.1286884265410828,1784367509.282617,1784367510.730111,1784367510.0063639,0.817943249,"[dac] CH_A set to -0.278 V (code=31856)
"
57,110,26,-0.2781555292830742,-0.14946710274199093,0.12868842654108326,1784367510.730284,1784367512.1759,1784367511.453092,0.88899589,"[dac] CH_A set to -0.149 V (code=32278)
"
58,110,27,-0.14946710274199093,-0.02077867620090812,0.1286884265410828,1784367512.176099,1784367513.606286,1784367512.8911924,0.969432841,"[dac] CH_A set to -0.021 V (code=32699)
"
59,110,28,-0.02077867620090812,0.10790975034017514,0.12868842654108326,1784367513.606528,1784367515.029794,1784367514.318161,1.00428885,"[dac] CH_A set to +0.108 V (code=33121)
"
60,110,29,0.10790975034017514,0.23659817688125795,0.1286884265410828,1784367515.029967,1784367516.469304,1784367515.7496357,1.07131965,"[dac] CH_A set to +0.237 V (code=33543)
"
61,110,30,0.23659817688125795,0.3652866034223412,0.12868842654108326,1784367516.4694898,1784367517.900565,1784367517.1850274,1.05389164,"[dac] CH_A set to +0.365 V (code=33964)
"
62,110,31,0.3652866034223412,0.493975029963424,0.1286884265410828,1784367517.900764,1784367519.343471,1784367518.6221175,1.17856891,"[dac] CH_A set to +0.494 V (code=34386)
"
63,110,32,0.493975029963424,0.6226634565045068,0.1286884265410828,1784367519.343671,1784367520.7711492,1784367520.0574102,1.21878739,"[dac] CH_A set to +0.623 V (code=34808)
"
64,110,33,0.6226634565045068,0.7513518830455896,0.1286884265410828,1784367520.7713358,1784367522.2098188,1784367521.4905772,1.2871588,"[dac] CH_A set to +0.751 V (code=35230)
"
65,110,34,0.7513518830455896,0.8800403095866733,0.1286884265410837,1784367522.210062,1784367523.649678,1784367522.9298701,1.31397112,"[dac] CH_A set to +0.880 V (code=35651)
"
66,110,35,0.8800403095866733,1.0087287361277562,0.1286884265410828,1784367523.649861,1784367525.092183,1784367524.3710222,1.35418959,"[dac] CH_A set to +1.009 V (code=36073)
"
67,110,36,1.0087287361277562,1.137417162668839,0.1286884265410828,1784367525.092384,1784367526.524653,1784367525.8085184,1.44267024,"[dac] CH_A set to +1.137 V (code=36494)
"
68,110,37,1.137417162668839,1.2661055892099218,0.1286884265410828,1784367526.5251,1784367527.966722,1784367527.2459111,1.4306047,"[dac] CH_A set to +1.266 V (code=36916)
"
69,110,38,1.2661055892099218,1.3947940157510055,0.1286884265410837,1784367527.966932,1784367529.422349,1784367528.6946406,1.48959179,"[dac] CH_A set to +1.395 V (code=37338)
"
70,110,39,1.3947940157510055,1.5234824422920883,0.1286884265410828,1784367529.422539,1784367530.858065,1784367530.140302,1.54857889,"[dac] CH_A set to +1.523 V (code=37760)
"
71,110,40,1.5234824422920883,1.652170868833171,0.1286884265410828,1784367530.858368,1784367532.292209,1784367531.5752883,1.57136936,"[dac] CH_A set to +1.652 V (code=38181)
"
72,110,41,1.652170868833171,1.780859295374254,0.1286884265410828,1784367532.292421,1784367533.721934,1784367533.0071776,1.55126012,"[dac] CH_A set to +1.781 V (code=38603)
"
73,110,42,1.780859295374254,1.9095477219153367,0.1286884265410828,1784367533.722141,1784367535.145997,1784367534.4340692,1.58075367,"[dac] CH_A set to +1.910 V (code=39024)
"
74,110,43,1.9095477219153367,2.0382361484564204,0.1286884265410837,1784367535.146174,1784367536.574292,1784367535.8602328,1.58209429,"[dac] CH_A set to +2.038 V (code=39446)
"
75,110,44,2.0382361484564204,2.1669245749975032,0.1286884265410828,1784367536.574483,1784367538.0076969,1784367537.29109,1.58611614,"[dac] CH_A set to +2.167 V (code=39868)
"
76,110,45,2.1669245749975032,2.295613001538586,0.1286884265410828,1784367538.007906,1784367539.441463,1784367538.7246845,1.58477552,"[dac] CH_A set to +2.296 V (code=40290)
"
77,110,46,2.295613001538586,2.424301428079669,0.1286884265410828,1784367539.441758,1784367540.8793988,1784367540.1605783,1.5834349,"[dac] CH_A set to +2.424 V (code=40711)
"
78,110,47,2.424301428079669,2.5529898546207517,0.1286884265410828,1784367540.879592,1784367542.321281,1784367541.6004364,1.59818168,"[dac] CH_A set to +2.553 V (code=41133)
"
79,110,48,2.5529898546207517,2.6816782811618354,0.1286884265410837,1784367542.321472,1784367543.751552,1784367543.036512,1.58075367,"[dac] CH_A set to +2.682 V (code=41555)
"
80,110,49,2.6816782811618354,2.810366707702918,0.1286884265410828,1784367543.7517571,1784367545.183219,1784367544.467488,1.60086291,"[dac] CH_A set to +2.810 V (code=41976)
"
81,110,50,2.810366707702918,2.939055134244001,0.1286884265410828,1784367545.183597,1784367546.634466,1784367545.9090314,1.54991951,"[dac] CH_A set to +2.939 V (code=42398)
"
82,110,51,2.939055134244001,3.067743560785084,0.1286884265410828,1784367546.634644,1784367548.081928,1784367547.358286,1.51104165,"[dac] CH_A set to +3.068 V (code=42820)
"
83,110,52,3.067743560785084,3.1964319873261675,0.1286884265410837,1784367548.082187,1784367549.522673,1784367548.80243,1.52981027,"[dac] CH_A set to +3.196 V (code=43241)
"
84,110,53,3.1964319873261675,3.3251204138672503,0.1286884265410828,1784367549.522898,1784367550.9581618,1784367550.24053,1.46680132,"[dac] CH_A set to +3.325 V (code=43663)
"
85,110,54,3.3251204138672503,3.453808840408333,0.1286884265410828,1784367550.958517,1784367552.376986,1784367551.6677516,1.42658285,"[dac] CH_A set to +3.454 V (code=44085)
"
86,110,55,3.453808840408333,3.582497266949416,0.1286884265410828,1784367552.377223,1784367553.807446,1784367553.0923345,1.35821144,"[dac] CH_A set to +3.582 V (code=44506)
"
87,110,56,3.582497266949416,3.7111856934904988,0.1286884265410828,1784367553.807654,1784367555.248427,1784367554.5280404,1.31531173,"[dac] CH_A set to +3.711 V (code=44928)
"
88,110,57,3.7111856934904988,3.8398741200315825,0.1286884265410837,1784367555.248671,1784367556.705746,1784367555.9772086,1.26302771,"[dac] CH_A set to +3.840 V (code=45350)
"
89,110,58,3.8398741200315825,3.9685625465726653,0.1286884265410828,1784367556.706021,1784367558.1436522,1784367557.4248366,1.20940308,"[dac] CH_A set to +3.969 V (code=45772)
"
90,110,59,3.9685625465726653,4.0972509731137485,0.12868842654108326,1784367558.143848,1784367559.583189,1784367558.8635185,1.16248152,"[dac] CH_A set to +4.097 V (code=46193)
"
91,110,60,4.0972509731137485,4.2259393996548305,0.12868842654108192,1784367559.58341,1784367561.041584,1784367560.3124971,1.12360366,"[dac] CH_A set to +4.226 V (code=46615)
"
92,110,61,4.2259393996548305,4.354627826195914,0.1286884265410837,1784367561.041802,1784367562.487202,1784367561.764502,1.07400088,"[dac] CH_A set to +4.355 V (code=47036)
"
93,110,62,4.354627826195914,4.483316252736996,0.12868842654108192,1784367562.487391,1784367563.9253051,1784367563.206348,0.997585774,"[dac] CH_A set to +4.483 V (code=47458)
"
94,110,63,4.483316252736996,4.61200467927808,0.1286884265410837,1784367563.9255738,1784367565.366178,1784367564.645876,0.913126975,"[dac] CH_A set to +4.612 V (code=47880)
"
95,110,64,4.61200467927808,4.7406931058191635,0.1286884265410837,1784367565.366362,1784367566.803469,1784367566.0849156,0.890336506,"[dac] CH_A set to +4.741 V (code=48302)
"
96,110,65,4.7406931058191635,4.869381532360245,0.12868842654108192,1784367566.8037992,1784367568.234123,1784367567.518961,0.81124017,"[dac] CH_A set to +4.869 V (code=48723)
"
97,110,66,4.869381532360245,4.998069958901329,0.1286884265410837,1784367568.234327,1784367569.666564,1784367568.9504457,0.733484451,"[dac] CH_A set to +4.998 V (code=49145)
"
98,110,67,4.998069958901329,5.126758385442411,0.12868842654108192,1784367569.666816,1784367571.119937,1784367570.3933764,0.716056444,"[dac] CH_A set to +5.127 V (code=49567)
"
99,110,68,5.126758385442411,5.255446811983495,0.1286884265410837,1784367571.120117,1784367572.5582411,1784367571.839179,0.622213334,"[dac] CH_A set to +5.255 V (code=49988)
"
100,110,69,5.255446811983495,5.384135238524578,0.1286884265410837,1784367572.5584269,1784367574.008259,1784367573.2833428,0.548479462,"[dac] CH_A set to +5.384 V (code=50410)
"
101,111,0,5.2535817623234795,5.18830502422293,-0.06527673810054946,1784367602.551359,1784367604.0008771,1784367603.276118,0.636960109,"[dac] CH_A set to +5.188 V (code=49768)
"
102,111,1,5.18830502422293,5.123028286122381,-0.06527673810054946,1784367604.001065,1784367605.440673,1784367604.720869,0.619532103,"[dac] CH_A set to +5.123 V (code=49554)
"
103,112,0,5.2535817623234795,5.127108082253665,-0.12647368006981452,1784367633.9433038,1784367635.378572,1784367634.6609378,0.579313627,"[dac] CH_A set to +5.127 V (code=49568)
"
104,112,1,5.127108082253665,5.0006344021838505,-0.12647368006981452,1784367635.378788,1784367636.818732,1784367636.0987601,0.640981956,"[dac] CH_A set to +5.001 V (code=49153)
"
105,112,2,5.0006344021838505,4.874160722114036,-0.12647368006981452,1784367636.818914,1784367638.263936,1784367637.541425,0.706672133,"[dac] CH_A set to +4.874 V (code=48739)
"
106,112,3,4.874160722114036,4.747687042044222,-0.12647368006981363,1784367638.264118,1784367639.6862469,1784367638.9751825,0.765659231,"[dac] CH_A set to +4.748 V (code=48325)
"
107,112,4,4.747687042044222,4.621213361974408,-0.12647368006981452,1784367639.686429,1784367641.125058,1784367640.4057436,0.807218323,"[dac] CH_A set to +4.621 V (code=47910)
"
108,112,5,4.621213361974408,4.494739681904593,-0.12647368006981452,1784367641.125272,1784367642.5741062,1784367641.849689,0.898380201,"[dac] CH_A set to +4.495 V (code=47496)
"
109,112,6,4.494739681904593,4.368266001834779,-0.12647368006981452,1784367642.574371,1784367644.0111518,1784367643.2927613,0.964070378,"[dac] CH_A set to +4.368 V (code=47081)
"
110,112,7,4.368266001834779,4.241792321764964,-0.12647368006981452,1784367644.011353,1784367645.4546502,1784367644.7330017,0.984179616,"[dac] CH_A set to +4.242 V (code=46667)
"
111,112,8,4.241792321764964,4.115318641695151,-0.12647368006981363,1784367645.454879,1784367646.9007518,1784367646.1778154,1.03646363,"[dac] CH_A set to +4.115 V (code=46252)
"
112,112,9,4.115318641695151,3.9888449616253356,-0.12647368006981496,1784367646.900943,1784367648.32757,1784367647.6142564,1.12896613,"[dac] CH_A set to +3.989 V (code=45838)
"
113,112,10,3.9888449616253356,3.8623712815555216,-0.12647368006981408,1784367648.327796,1784367649.763016,1784367649.0454059,1.15577845,"[dac] CH_A set to +3.862 V (code=45424)
"
114,112,11,3.8623712815555216,3.735897601485707,-0.12647368006981452,1784367649.7633011,1784367651.190974,1784367650.4771376,1.22012801,"[dac] CH_A set to +3.736 V (code=45009)
"
115,112,12,3.735897601485707,3.6094239214158925,-0.12647368006981452,1784367651.1912389,1784367652.625609,1784367651.908424,1.24157786,"[dac] CH_A set to +3.609 V (code=44595)
"
116,112,13,3.6094239214158925,3.482950241346078,-0.12647368006981452,1784367652.625817,1784367654.065446,1784367653.3456316,1.30592742,"[dac] CH_A set to +3.483 V (code=44180)
"
117,112,14,3.482950241346078,3.3564765612762635,-0.12647368006981452,1784367654.065674,1784367655.518443,1784367654.7920585,1.35687082,"[dac] CH_A set to +3.356 V (code=43766)
"
118,112,15,3.3564765612762635,3.2300028812064494,-0.12647368006981408,1784367655.518636,1784367656.959774,1784367656.239205,1.39440807,"[dac] CH_A set to +3.230 V (code=43351)
"
119,112,16,3.2300028812064494,3.103529201136635,-0.12647368006981452,1784367656.959959,1784367658.391037,1784367657.675498,1.43596716,"[dac] CH_A set to +3.103 V (code=42937)
"
120,112,17,3.103529201136635,2.977055521066821,-0.12647368006981408,1784367658.3920808,1784367659.824481,1784367659.108281,1.46412009,"[dac] CH_A set to +2.977 V (code=42523)
"
121,112,18,2.977055521066821,2.8505818409970063,-0.12647368006981452,1784367659.82462,1784367661.261646,1784367660.543133,1.48959179,"[dac] CH_A set to +2.851 V (code=42108)
"
122,112,19,2.8505818409970063,2.7241081609271918,-0.12647368006981452,1784367661.261836,1784367662.6911201,1784367661.976478,1.51908534,"[dac] CH_A set to +2.724 V (code=41694)
"
123,112,20,2.7241081609271918,2.5976344808573777,-0.12647368006981408,1784367662.691325,1784367664.1308532,1784367663.411089,1.53919458,"[dac] CH_A set to +2.598 V (code=41279)
"
124,112,21,2.5976344808573777,2.471160800787563,-0.12647368006981452,1784367664.1310542,1784367665.5563111,1784367664.8436828,1.57807244,"[dac] CH_A set to +2.471 V (code=40865)
"
125,112,22,2.471160800787563,2.3446871207177487,-0.12647368006981452,1784367665.5574222,1784367666.994516,1784367666.275969,1.58745675,"[dac] CH_A set to +2.345 V (code=40450)
"
126,112,23,2.3446871207177487,2.2182134406479346,-0.12647368006981408,1784367666.994741,1784367668.4333591,1784367667.71405,1.61158784,"[dac] CH_A set to +2.218 V (code=40036)
"
127,112,24,2.2182134406479346,2.09173976057812,-0.12647368006981452,1784367668.4335868,1784367669.865746,1784367669.1496663,1.58611614,"[dac] CH_A set to +2.092 V (code=39621)
"
128,112,25,2.09173976057812,1.9652660805083055,-0.12647368006981452,1784367669.8659468,1784367671.303135,1784367670.5845408,1.61560968,"[dac] CH_A set to +1.965 V (code=39207)
"
129,112,26,1.9652660805083055,1.838792400438491,-0.12647368006981452,1784367671.303355,1784367672.74864,1784367672.0259976,1.5660069,"[dac] CH_A set to +1.839 V (code=38793)
"
130,112,27,1.838792400438491,1.712318720368677,-0.12647368006981408,1784367672.748843,1784367674.1689332,1784367673.458888,1.58611614,"[dac] CH_A set to +1.712 V (code=38378)
"
131,112,28,1.712318720368677,1.5858450402988624,-0.12647368006981452,1784367674.169206,1784367675.602091,1784367674.8856485,1.57807244,"[dac] CH_A set to +1.586 V (code=37964)
"
132,112,29,1.5858450402988624,1.459371360229048,-0.12647368006981452,1784367675.602276,1784367677.049257,1784367676.3257666,1.58075367,"[dac] CH_A set to +1.459 V (code=37550)
"
133,112,30,1.459371360229048,1.3328976801592338,-0.12647368006981408,1784367677.0494652,1784367678.498913,1784367677.774189,1.54187581,"[dac] CH_A set to +1.333 V (code=37135)
"
134,112,31,1.3328976801592338,1.2064240000894193,-0.12647368006981452,1784367678.4991722,1784367679.947123,1784367679.2231476,1.52310719,"[dac] CH_A set to +1.206 V (code=36721)
"
135,113,0,1.3369774762905182,1.4022542143910677,0.06527673810054946,1784367708.505147,1784367709.9278872,1784367709.216517,1.56198505,"[dac] CH_A set to +1.402 V (code=37362)
"
136,113,1,1.4022542143910677,1.4675309524916171,0.06527673810054946,1784367709.9281821,1784367711.3661098,1784367710.647146,1.55260074,"[dac] CH_A set to +1.467 V (code=37576)
"
137,114,0,1.3369774762905182,1.2064240000894195,-0.1305534762010987,1784367739.852761,1784367741.2914088,1784367740.572085,1.51372288,"[dac] CH_A set to +1.206 V (code=36721)
"
138,114,1,1.2064240000894195,1.0758705238883208,-0.1305534762010987,1784367741.291619,1784367742.7317162,1784367742.0116677,1.50299795,"[dac] CH_A set to +1.076 V (code=36293)
"
139,114,2,1.0758705238883208,0.9453170476872222,-0.13055347620109858,1784367742.731911,1784367744.175686,1784367743.4537983,1.47618564,"[dac] CH_A set to +0.945 V (code=35865)
"
140,114,3,0.9453170476872222,0.8147635714861236,-0.1305534762010987,1784367744.175893,1784367745.619385,1784367744.897639,1.41049546,"[dac] CH_A set to +0.815 V (code=35437)
"
141,114,4,0.8147635714861236,0.6842100952850249,-0.1305534762010987,1784367745.619566,1784367747.049592,1784367746.334579,1.35553021,"[dac] CH_A set to +0.684 V (code=35009)
"
142,114,5,0.6842100952850249,0.5536566190839263,-0.13055347620109858,1784367747.0497868,1784367748.484394,1784367747.7670903,1.33542097,"[dac] CH_A set to +0.554 V (code=34582)
"
143,114,6,0.5536566190839263,0.4231031428828276,-0.1305534762010987,1784367748.484598,1784367749.909903,1784367749.1972504,1.26973079,"[dac] CH_A set to +0.423 V (code=34154)
"
144,115,0,0.29254966668172866,0.2272729285811792,-0.06527673810054946,1784367778.430031,1784367779.84891,1784367779.1394706,1.19465631,"[dac] CH_A set to +0.227 V (code=33512)
"
145,115,1,0.2272729285811792,0.16199619048062974,-0.06527673810054946,1784367779.849098,1784367781.2698681,1784367780.559483,1.13298798,"[dac] CH_A set to +0.162 V (code=33298)
"
146,116,0,0.29254966668172866,0.18064668708078685,-0.11190297960094181,1784367809.815757,1784367811.255005,1784367810.5353808,1.16114091,"[dac] CH_A set to +0.181 V (code=33359)
"
147,116,1,0.18064668708078685,0.06874370747984507,-0.11190297960094178,1784367811.255189,1784367812.682218,1784367811.9687035,1.1437129,"[dac] CH_A set to +0.069 V (code=32993)
"
148,116,2,0.06874370747984507,-0.043159272121096715,-0.11190297960094178,1784367812.682434,1784367814.1221771,1784367813.4023056,1.04852918,"[dac] CH_A set to -0.043 V (code=32626)
"
149,116,3,-0.043159272121096715,-0.15506225172203852,-0.11190297960094181,1784367814.1223922,1784367815.557198,1784367814.839795,1.00428885,"[dac] CH_A set to -0.155 V (code=32259)
"
150,116,4,-0.15506225172203852,-0.26696523132298033,-0.11190297960094181,1784367815.5582101,1784367817.006121,1784367816.2821655,0.972114073,"[dac] CH_A set to -0.267 V (code=31893)
"
151,116,5,-0.26696523132298033,-0.3788682109239221,-0.11190297960094175,1784367817.0063229,1784367818.4405062,1784367817.7234144,0.926533134,"[dac] CH_A set to -0.379 V (code=31526)
"
152,116,6,-0.3788682109239221,-0.49077119052486395,-0.11190297960094187,1784367818.440756,1784367819.8784409,1784367819.1595984,0.85011803,"[dac] CH_A set to -0.491 V (code=31159)
"
153,117,0,-0.36021771432376504,-0.2949409762232156,0.06527673810054946,1784367848.464107,1784367849.901671,1784367849.182889,0.92787375,"[dac] CH_A set to -0.295 V (code=31801)
"
154,117,1,-0.2949409762232156,-0.22966423812266612,0.06527673810054946,1784367849.902715,1784367851.3385038,1784367850.6206093,0.964070378,"[dac] CH_A set to -0.230 V (code=32015)
"
155,118,0,-0.36021771432376504,-0.23619191193272124,0.1240258023910438,1784367879.8408499,1784367881.27794,1784367880.5593948,0.961389146,"[dac] CH_A set to -0.236 V (code=31994)
"
156,118,1,-0.23619191193272124,-0.11216610954167744,0.1240258023910438,1784367881.278213,1784367882.7132008,1784367881.995707,1.0418261,"[dac] CH_A set to -0.112 V (code=32400)
"
157,118,2,-0.11216610954167744,0.011859692849366388,0.12402580239104383,1784367882.713383,1784367884.1525388,1784367883.432961,1.04048548,"[dac] CH_A set to +0.012 V (code=32806)
"
158,118,3,0.011859692849366388,0.13588549524041016,0.12402580239104377,1784367884.152725,1784367885.5884411,1784367884.870583,1.13298798,"[dac] CH_A set to +0.136 V (code=33213)
"
159,118,4,0.13588549524041016,0.25991129763145393,0.12402580239104377,1784367885.5887308,1784367887.021528,1784367886.3051295,1.17588768,"[dac] CH_A set to +0.260 V (code=33619)
"
160,118,5,0.25991129763145393,0.3839371000224978,0.12402580239104388,1784367887.021738,1784367888.4645498,1784367887.743144,1.23085293,"[dac] CH_A set to +0.384 V (code=34025)
"
161,118,6,0.3839371000224978,0.5079629024135416,0.12402580239104377,1784367888.464782,1784367889.9001758,1784367889.182479,1.2616871,"[dac] CH_A set to +0.508 V (code=34432)
"
162,118,7,0.5079629024135416,0.6319887048045854,0.12402580239104377,1784367889.900374,1784367891.330217,1784367890.6152954,1.30458681,"[dac] CH_A set to +0.632 V (code=34838)
"
163,118,8,0.6319887048045854,0.7560145071956292,0.12402580239104388,1784367891.3303978,1784367892.7462668,1784367892.0383325,1.32871789,"[dac] CH_A set to +0.756 V (code=35245)
"
164,118,9,0.7560145071956292,0.8800403095866729,0.12402580239104366,1784367892.7466722,1784367894.1973739,1784367893.472023,1.422561,"[dac] CH_A set to +0.880 V (code=35651)
"
165,118,10,0.8800403095866729,1.0040661119777168,0.12402580239104388,1784367894.197595,1784367895.638888,1784367894.9182415,1.46009824,"[dac] CH_A set to +1.004 V (code=36058)
"
166,118,11,1.0040661119777168,1.1280919143687607,0.12402580239104388,1784367895.639083,1784367897.065526,1784367896.3523045,1.47618564,"[dac] CH_A set to +1.128 V (code=36464)
"
167,118,12,1.1280919143687607,1.2521177167598043,0.12402580239104366,1784367897.065737,1784367898.4926028,1784367897.77917,1.51104165,"[dac] CH_A set to +1.252 V (code=36870)
"
168,118,13,1.2521177167598043,1.3761435191508482,0.12402580239104388,1784367898.492803,1784367899.935571,1784367899.2141871,1.54589766,"[dac] CH_A set to +1.376 V (code=37277)
"
169,118,14,1.3761435191508482,1.5001693215418919,0.12402580239104366,1784367899.935787,1784367901.378019,1784367900.656903,1.55528197,"[dac] CH_A set to +1.500 V (code=37683)
"
170,118,15,1.5001693215418919,1.6241951239329357,0.12402580239104388,1784367901.378446,1784367902.8170738,1784367902.09776,1.59818168,"[dac] CH_A set to +1.624 V (code=38090)
"
171,118,16,1.6241951239329357,1.7482209263239796,0.12402580239104388,1784367902.817287,1784367904.261108,1784367903.5391974,1.57002875,"[dac] CH_A set to +1.748 V (code=38496)
"
172,118,17,1.7482209263239796,1.8722467287150235,0.12402580239104388,1784367904.261287,1784367905.700075,1784367904.980681,1.59013798,"[dac] CH_A set to +1.872 V (code=38902)
"
173,118,18,1.8722467287150235,1.996272531106067,0.12402580239104344,1784367905.700276,1784367907.1248379,1784367906.412557,1.59550045,"[dac] CH_A set to +1.996 V (code=39309)
"
174,118,19,1.996272531106067,2.120298333497111,0.12402580239104388,1784367907.1250181,1784367908.5405629,1784367907.8327904,1.59415983,"[dac] CH_A set to +2.120 V (code=39715)
"
175,119,0,1.989744857296012,1.9244681191954625,-0.06527673810054946,1784367937.0814831,1784367938.4985988,1784367937.790041,1.60086291,"[dac] CH_A set to +1.924 V (code=39074)
"
176,119,1,1.9244681191954625,1.859191381094913,-0.06527673810054946,1784367938.4988558,1784367939.940275,1784367939.2195654,1.58209429,"[dac] CH_A set to +1.859 V (code=38860)
"
177,120,0,1.989744857296012,2.120298333497111,0.13055347620109892,1784367967.8901582,1784367969.3422348,1784367968.6161966,1.59684106,"[dac] CH_A set to +2.120 V (code=39715)
"
178,120,1,2.120298333497111,2.2508518096982093,0.13055347620109847,1784367969.343242,1784367970.7737322,1784367970.058487,1.58477552,"[dac] CH_A set to +2.251 V (code=40143)
"
179,120,2,2.2508518096982093,2.3814052858993078,0.13055347620109847,1784367970.7739441,1784367972.206859,1784367971.4904017,1.61158784,"[dac] CH_A set to +2.381 V (code=40571)
"
180,120,3,2.3814052858993078,2.5119587621004067,0.13055347620109892,1784367972.207117,1784367973.6408849,1784367972.924001,1.57673182,"[dac] CH_A set to +2.512 V (code=40999)
"
181,120,4,2.5119587621004067,2.6425122383015056,0.13055347620109892,1784367973.641077,1784367975.073396,1784367974.3572364,1.55126012,"[dac] CH_A set to +2.642 V (code=41426)
"
182,120,5,2.6425122383015056,2.773065714502604,0.13055347620109847,1784367975.073697,1784367976.5151072,1784367975.7944021,1.51506349,"[dac] CH_A set to +2.773 V (code=41854)
"
183,120,6,2.773065714502604,2.9036191907037026,0.13055347620109847,1784367976.51557,1784367977.949824,1784367977.232697,1.4989761,"[dac] CH_A set to +2.904 V (code=42282)
"
184,120,7,2.9036191907037026,3.0341726669048015,0.13055347620109892,1784367977.9500191,1784367979.3819242,1784367978.6659718,1.46009824,"[dac] CH_A set to +3.034 V (code=42710)
"
185,120,8,3.0341726669048015,3.1647261431059004,0.13055347620109892,1784367979.382186,1784367980.814629,1784367980.0984075,1.4306047,"[dac] CH_A set to +3.165 V (code=43137)
"
186,120,9,3.1647261431059004,3.295279619306999,0.13055347620109847,1784367980.814803,1784367982.269325,1784367981.542064,1.40111115,"[dac] CH_A set to +3.295 V (code=43565)
"
187,120,10,3.295279619306999,3.4258330955080973,0.13055347620109847,1784367982.270328,1784367983.702671,1784367982.9864995,1.35284898,"[dac] CH_A set to +3.426 V (code=43993)
"
188,120,11,3.4258330955080973,3.5563865717091963,0.13055347620109892,1784367983.702833,1784367985.1325922,1784367984.4177127,1.2791151,"[dac] CH_A set to +3.556 V (code=44421)
"
189,120,12,3.5563865717091963,3.686940047910295,0.13055347620109892,1784367985.1328158,1784367986.581781,1784367985.8572984,1.27375264,"[dac] CH_A set to +3.687 V (code=44849)
"
190,120,13,3.686940047910295,3.8174935241113936,0.13055347620109847,1784367986.581999,1784367988.036371,1784367987.309185,1.18795323,"[dac] CH_A set to +3.818 V (code=45276)
"
191,120,14,3.8174935241113936,3.948047000312492,0.13055347620109847,1784367988.036559,1784367989.4748979,1784367988.7557285,1.13432859,"[dac] CH_A set to +3.948 V (code=45704)
"
192,120,15,3.948047000312492,4.078600476513591,0.13055347620109892,1784367989.475117,1784367990.924921,1784367990.200019,1.07266026,"[dac] CH_A set to +4.079 V (code=46132)
"
193,121,0,4.20915395271469,4.274430690815239,0.06527673810054946,1784368019.404785,1784368020.850938,1784368020.1278615,0.945301756,"[dac] CH_A set to +4.274 V (code=46774)
"
194,121,1,4.274430690815239,4.339707428915789,0.06527673810054946,1784368020.851903,1784368022.3016388,1784368021.5767708,0.935917445,"[dac] CH_A set to +4.340 V (code=46988)
"
195,122,0,4.20915395271469,4.081111120286689,-0.12804283242800096,1784368050.804,1784368052.2402701,1784368051.522135,1.05121041,"[dac] CH_A set to +4.081 V (code=46140)
"
196,122,1,4.081111120286689,3.9530682878586885,-0.12804283242800052,1784368052.240479,1784368053.6788118,1784368052.9596453,1.08740704,"[dac] CH_A set to +3.953 V (code=45721)
"
197,122,2,3.9530682878586885,3.825025455430688,-0.12804283242800052,1784368053.679005,1784368055.122852,1784368054.4009285,1.12896613,"[dac] CH_A set to +3.825 V (code=45301)
"
198,122,3,3.825025455430688,3.6969826230026874,-0.12804283242800052,1784368055.123019,1784368056.554524,1784368055.8387713,1.22012801,"[dac] CH_A set to +3.697 V (code=44882)
"
199,122,4,3.6969826230026874,3.568939790574687,-0.12804283242800052,1784368056.554712,1784368057.989816,1784368057.272264,1.24023724,"[dac] CH_A set to +3.569 V (code=44462)
"
200,122,5,3.568939790574687,3.440896958146686,-0.12804283242800096,1784368057.989995,1784368059.438663,1784368058.714329,1.28984003,"[dac] CH_A set to +3.441 V (code=44042)
"
201,122,6,3.440896958146686,3.3128541257186854,-0.12804283242800052,1784368059.438868,1784368060.878892,1784368060.15888,1.34212405,"[dac] CH_A set to +3.313 V (code=43623)
"
202,122,7,3.3128541257186854,3.184811293290685,-0.12804283242800052,1784368060.879071,1784368062.320701,1784368061.599886,1.40781423,"[dac] CH_A set to +3.185 V (code=43203)
"
203,122,8,3.184811293290685,3.056768460862684,-0.12804283242800096,1784368062.320907,1784368063.757314,1784368063.0391107,1.44535147,"[dac] CH_A set to +3.057 V (code=42784)
"
204,122,9,3.056768460862684,2.9287256284346834,-0.12804283242800052,1784368063.757519,1784368065.213815,1784368064.485667,1.45071393,"[dac] CH_A set to +2.929 V (code=42364)
"
205,122,10,2.9287256284346834,2.800682796006683,-0.12804283242800052,1784368065.214218,1784368066.6364381,1784368065.925328,1.51774473,"[dac] CH_A set to +2.801 V (code=41945)
"
206,122,11,2.800682796006683,2.672639963578682,-0.12804283242800096,1784368066.6366751,1784368068.073647,1784368067.3551612,1.54589766,"[dac] CH_A set to +2.673 V (code=41525)
"
207,122,12,2.672639963578682,2.5445971311506814,-0.12804283242800052,1784368068.0738392,1784368069.5099158,1784368068.7918775,1.55930382,"[dac] CH_A set to +2.545 V (code=41106)
"
208,122,13,2.5445971311506814,2.416554298722681,-0.12804283242800052,1784368069.510195,1784368070.956206,1784368070.2332006,1.58745675,"[dac] CH_A set to +2.417 V (code=40686)
"
209,122,14,2.416554298722681,2.28851146629468,-0.12804283242800096,1784368070.956449,1784368072.3976052,1784368071.6770272,1.58611614,"[dac] CH_A set to +2.289 V (code=40266)
"
210,122,15,2.28851146629468,2.1604686338666794,-0.12804283242800052,1784368072.3978,1784368073.841679,1784368073.1197395,1.57539121,"[dac] CH_A set to +2.161 V (code=39847)
"
211,122,16,2.1604686338666794,2.032425801438679,-0.12804283242800052,1784368073.8418932,1784368075.264779,1784368074.5533361,1.61963153,"[dac] CH_A set to +2.032 V (code=39427)
"
212,122,17,2.032425801438679,1.904382969010678,-0.12804283242800096,1784368075.264986,1784368076.70576,1784368075.985373,1.60086291,"[dac] CH_A set to +1.904 V (code=39008)
"
213,122,18,1.904382969010678,1.7763401365826774,-0.12804283242800052,1784368076.7059588,1784368078.14323,1784368077.4245944,1.6169503,"[dac] CH_A set to +1.776 V (code=38588)
"
214,122,19,1.7763401365826774,1.648297304154677,-0.12804283242800052,1784368078.143453,1784368079.5892868,1784368078.8663697,1.61024722,"[dac] CH_A set to +1.648 V (code=38169)
"
215,122,20,1.648297304154677,1.520254471726676,-0.12804283242800096,1784368079.58949,1784368081.033248,1784368080.311369,1.58611614,"[dac] CH_A set to +1.520 V (code=37749)
"
216,122,21,1.520254471726676,1.3922116392986754,-0.12804283242800052,1784368081.033464,1784368082.473048,1784368081.7532558,1.58075367,"[dac] CH_A set to +1.392 V (code=37329)
"
217,122,22,1.3922116392986754,1.264168806870675,-0.12804283242800052,1784368082.473252,1784368083.908865,1784368083.1910586,1.58209429,"[dac] CH_A set to +1.264 V (code=36910)
"
218,122,23,1.264168806870675,1.136125974442674,-0.12804283242800096,1784368083.9090571,1784368085.351455,1784368084.6302562,1.52310719,"[dac] CH_A set to +1.136 V (code=36490)
"
219,122,24,1.136125974442674,1.0080831420146734,-0.12804283242800052,1784368085.351711,1784368086.7943401,1784368086.0730257,1.47216379,"[dac] CH_A set to +1.008 V (code=36071)
"
220,122,25,1.0080831420146734,0.8800403095866729,-0.12804283242800052,1784368086.7945259,1784368088.223178,1784368087.508852,1.45473578,"[dac] CH_A set to +0.880 V (code=35651)
"
221,122,26,0.8800403095866729,0.7519974771586724,-0.12804283242800052,1784368088.2234209,1784368089.6561642,1784368088.9397926,1.43462654,"[dac] CH_A set to +0.752 V (code=35232)
"
222,122,27,0.7519974771586724,0.6239546447306714,-0.12804283242800096,1784368089.656505,1784368091.108299,1784368090.382402,1.38770499,"[dac] CH_A set to +0.624 V (code=34812)
"
223,122,28,0.6239546447306714,0.4959118123026709,-0.12804283242800052,1784368091.108511,1784368092.547926,1784368091.8282185,1.35016774,"[dac] CH_A set to +0.496 V (code=34392)
"
224,122,29,0.4959118123026709,0.3678689798746704,-0.12804283242800052,1784368092.548177,1784368093.989863,1784368093.26902,1.32201481,"[dac] CH_A set to +0.368 V (code=33973)
"
225,122,30,0.3678689798746704,0.2398261474466694,-0.12804283242800096,1784368093.9900649,1784368095.439539,1784368094.7148018,1.22951232,"[dac] CH_A set to +0.240 V (code=33553)
"
226,122,31,0.2398261474466694,0.1117833150186689,-0.12804283242800052,1784368095.4397929,1784368096.880198,1784368096.1599956,1.17320645,"[dac] CH_A set to +0.112 V (code=33134)
"
227,122,32,0.1117833150186689,-0.01625951740933207,-0.12804283242800096,1784368096.8803961,1784368098.3228679,1784368097.601632,1.15309721,"[dac] CH_A set to -0.016 V (code=32714)
"
228,122,33,-0.01625951740933207,-0.14430234983733214,-0.12804283242800008,1784368098.32324,1784368099.759103,1784368099.0411716,1.08606642,"[dac] CH_A set to -0.144 V (code=32295)
"
229,122,34,-0.14430234983733214,-0.2723451822653331,-0.12804283242800096,1784368099.759287,1784368101.179858,1784368100.4695725,1.03244179,"[dac] CH_A set to -0.272 V (code=31875)
"
230,122,35,-0.2723451822653331,-0.40038801469333407,-0.12804283242800096,1784368101.180128,1784368102.6080189,1784368101.8940735,0.969432841,"[dac] CH_A set to -0.400 V (code=31455)
"
231,122,36,-0.40038801469333407,-0.5284308471213341,-0.12804283242800008,1784368102.608258,1784368104.0580962,1784368103.333177,0.907764512,"[dac] CH_A set to -0.528 V (code=31036)
"
232,122,37,-0.5284308471213341,-0.6564736795493351,-0.12804283242800096,1784368104.0583,1784368105.498135,1784368104.7782176,0.832690024,"[dac] CH_A set to -0.656 V (code=30616)
"
233,122,38,-0.6564736795493351,-0.7845165119773361,-0.12804283242800096,1784368105.4984782,1784368106.9332879,1784368106.215883,0.766999847,"[dac] CH_A set to -0.785 V (code=30197)
"
234,122,39,-0.7845165119773361,-0.9125593444053361,-0.12804283242800008,1784368106.933491,1784368108.378463,1784368107.655977,0.738846914,"[dac] CH_A set to -0.913 V (code=29777)
"
235,122,40,-0.9125593444053361,-1.0406021768333371,-0.12804283242800096,1784368108.37867,1784368109.816382,1784368109.097526,0.638300725,"[dac] CH_A set to -1.041 V (code=29358)
"
236,122,41,-1.0406021768333371,-1.168645009261338,-0.12804283242800096,1784368109.816581,1784368111.256329,1784368110.5364552,0.580654243,"[dac] CH_A set to -1.169 V (code=28938)
"
237,122,42,-1.168645009261338,-1.2966878416893381,-0.12804283242800008,1784368111.256591,1784368112.698312,1784368111.9774516,0.555182542,"[dac] CH_A set to -1.297 V (code=28519)
"
238,122,43,-1.2966878416893381,-1.4247306741173391,-0.12804283242800096,1784368112.6985211,1784368114.1412961,1784368113.4199085,0.488151749,"[dac] CH_A set to -1.425 V (code=28099)
"
239,122,44,-1.4247306741173391,-1.55277350654534,-0.12804283242800096,1784368114.14148,1784368115.5812109,1784368114.8613453,0.446592657,"[dac] CH_A set to -1.553 V (code=27679)
"
240,122,45,-1.55277350654534,-1.6808163389733402,-0.12804283242800008,1784368115.581414,1784368117.025627,1784368116.3035204,0.388946175,"[dac] CH_A set to -1.681 V (code=27260)
"
241,122,46,-1.6808163389733402,-1.8088591714013411,-0.12804283242800096,1784368117.025825,1784368118.476435,1784368117.75113,0.313871687,"[dac] CH_A set to -1.809 V (code=26840)
"
242,122,47,-1.8088591714013411,-1.936902003829342,-0.12804283242800096,1784368118.4767401,1784368119.9160168,1784368119.1963785,0.295103065,"[dac] CH_A set to -1.937 V (code=26421)
"
243,122,48,-1.936902003829342,-2.064944836257342,-0.12804283242800008,1784368119.916262,1784368121.356647,1784368120.6364546,0.207963035,"[dac] CH_A set to -2.065 V (code=26001)
"
244,122,49,-2.064944836257342,-2.192987668685343,-0.12804283242800096,1784368121.3568451,1784368122.784894,1784368122.0708694,0.162382096,"[dac] CH_A set to -2.193 V (code=25582)
"
245,122,50,-2.192987668685343,-2.321030501113343,-0.12804283242800008,1784368122.785093,1784368124.222999,1784368123.504046,0.171766407,"[dac] CH_A set to -2.321 V (code=25162)
"
246,122,51,-2.321030501113343,-2.4490733335413437,-0.12804283242800052,1784368124.223208,1784368125.656341,1784368124.9397745,0.123504236,"[dac] CH_A set to -2.449 V (code=24742)
"
247,123,0,-2.5796268097424426,-2.644903547842992,-0.06527673810054946,1784368154.191644,1784368155.631497,1784368154.9115705,0.0913294552,"[dac] CH_A set to -2.645 V (code=24101)
"
248,123,1,-2.644903547842992,-2.7101802859435415,-0.06527673810054946,1784368155.632799,1784368157.073167,1784368156.352983,0.047089132,"[dac] CH_A set to -2.710 V (code=23887)
"
249,124,0,-2.5796268097424426,-2.579626809742443,-4.440892098500626e-16,1784368185.5973592,1784368187.0375848,1784368186.317472,0.0511109795,"[dac] CH_A set to -2.580 V (code=24315)
"
250,125,0,-2.449073333541344,-2.3837965954407947,0.06527673810054946,1784368215.578481,1784368217.024818,1784368216.3016496,0.103394998,"[dac] CH_A set to -2.384 V (code=24956)
"
251,125,1,-2.3837965954407947,-2.3185198573402452,0.06527673810054946,1784368217.026183,1784368218.461519,1784368217.743851,0.110098077,"[dac] CH_A set to -2.319 V (code=25170)
"
252,126,0,-2.449073333541344,-2.3210305011133436,0.12804283242800052,1784368247.010585,1784368248.446589,1784368247.7285872,0.102054382,"[dac] CH_A set to -2.321 V (code=25162)
"
253,126,1,-2.3210305011133436,-2.1929876686853427,0.12804283242800096,1784368248.446805,1784368249.882541,1784368249.1646729,0.115460541,"[dac] CH_A set to -2.193 V (code=25582)
"
254,126,2,-2.1929876686853427,-2.064944836257342,0.12804283242800052,1784368249.882847,1784368251.32243,1784368250.6026385,0.163722711,"[dac] CH_A set to -2.065 V (code=26001)
"
255,126,3,-2.064944836257342,-1.9369020038293416,0.12804283242800052,1784368251.322669,1784368252.7552562,1784368252.0389626,0.198578724,"[dac] CH_A set to -1.937 V (code=26421)
"
256,126,4,-1.9369020038293416,-1.808859171401341,0.12804283242800074,1784368252.75547,1784368254.191116,1784368253.473293,0.233434736,"[dac] CH_A set to -1.809 V (code=26840)
"
257,126,5,-1.808859171401341,-1.6808163389733402,0.12804283242800074,1784368254.191315,1784368255.623175,1784368254.907245,0.288399986,"[dac] CH_A set to -1.681 V (code=27260)
"
258,126,6,-1.6808163389733402,-1.5527735065453396,0.12804283242800052,1784368255.623507,1784368257.063502,1784368256.3435044,0.328618462,"[dac] CH_A set to -1.553 V (code=27679)
"
259,126,7,-1.5527735065453396,-1.424730674117339,0.12804283242800074,1784368257.06495,1784368258.495018,1784368257.779984,0.362133858,"[dac] CH_A set to -1.425 V (code=28099)
"
260,126,8,-1.424730674117339,-1.2966878416893381,0.12804283242800074,1784368258.495239,1784368259.924926,1784368259.2100825,0.418439724,"[dac] CH_A set to -1.297 V (code=28519)
"
261,126,9,-1.2966878416893381,-1.1686450092613376,0.12804283242800052,1784368259.925112,1784368261.361074,1784368260.643093,0.49753606,"[dac] CH_A set to -1.169 V (code=28938)
"
262,126,10,-1.1686450092613376,-1.040602176833337,0.12804283242800074,1784368261.3612669,1784368262.807771,1784368262.084519,0.577973011,"[dac] CH_A set to -1.041 V (code=29358)
"
263,126,11,-1.040602176833337,-0.9125593444053361,0.12804283242800074,1784368262.807991,1784368264.239167,1784368263.5235791,0.636960109,"[dac] CH_A set to -0.913 V (code=29777)
"
264,126,12,-0.9125593444053361,-0.7845165119773356,0.12804283242800052,1784368264.239427,1784368265.6811252,1784368264.9602761,0.661091194,"[dac] CH_A set to -0.785 V (code=30197)
"
265,126,13,-0.7845165119773356,-0.6564736795493349,0.12804283242800074,1784368265.6814568,1784368267.125026,1784368266.4032414,0.712034597,"[dac] CH_A set to -0.656 V (code=30616)
"
266,126,14,-0.6564736795493349,-0.5284308471213344,0.12804283242800052,1784368267.125521,1784368268.553456,1784368267.8394885,0.807218323,"[dac] CH_A set to -0.528 V (code=31036)
"
267,126,15,-0.5284308471213344,-0.4003880146933336,0.12804283242800074,1784368268.553698,1784368270.000546,1784368269.277122,0.844755567,"[dac] CH_A set to -0.400 V (code=31455)
"
268,126,16,-0.4003880146933336,-0.2723451822653331,0.12804283242800052,1784368270.000745,1784368271.445534,1784368270.7231395,0.915808207,"[dac] CH_A set to -0.272 V (code=31875)
"
269,126,17,-0.2723451822653331,-0.14430234983733214,0.12804283242800096,1784368271.445782,1784368272.888949,1784368272.1673656,0.94396114,"[dac] CH_A set to -0.144 V (code=32295)
"
270,126,18,-0.14430234983733214,-0.016259517409331625,0.12804283242800052,1784368272.889154,1784368274.322054,1784368273.605604,1.00965132,"[dac] CH_A set to -0.016 V (code=32714)
"
271,126,19,-0.016259517409331625,0.1117833150186689,0.12804283242800052,1784368274.32227,1784368275.755488,1784368275.038879,1.0672978,"[dac] CH_A set to +0.112 V (code=33134)
"
272,126,20,0.1117833150186689,0.23982614744666986,0.12804283242800096,1784368275.755765,1784368277.189213,1784368276.4724889,1.15041598,"[dac] CH_A set to +0.240 V (code=33553)
"
273,126,21,0.23982614744666986,0.3678689798746704,0.12804283242800052,1784368277.189887,1784368278.633431,1784368277.911659,1.19465631,"[dac] CH_A set to +0.368 V (code=33973)
"
274,126,22,0.3678689798746704,0.4959118123026709,0.12804283242800052,1784368278.633638,1784368280.064565,1784368279.3491015,1.21610616,"[dac] CH_A set to +0.496 V (code=34392)
"
275,126,23,0.4959118123026709,0.6239546447306719,0.12804283242800096,1784368280.06483,1784368281.505888,1784368280.785359,1.29118065,"[dac] CH_A set to +0.624 V (code=34812)
"
276,126,24,0.6239546447306719,0.7519974771586724,0.12804283242800052,1784368281.5061262,1784368282.949294,1784368282.2277102,1.3635739,"[dac] CH_A set to +0.752 V (code=35232)
"
277,126,25,0.7519974771586724,0.8800403095866729,0.12804283242800052,1784368282.949512,1784368284.394936,1784368283.672224,1.37966129,"[dac] CH_A set to +0.880 V (code=35651)
"
278,126,26,0.8800403095866729,1.0080831420146734,0.12804283242800052,1784368284.395118,1784368285.838333,1784368285.1167254,1.40781423,"[dac] CH_A set to +1.008 V (code=36071)
"
279,126,27,1.0080831420146734,1.1361259744426744,0.12804283242800096,1784368285.8385239,1784368287.2704399,1784368286.554482,1.47484502,"[dac] CH_A set to +1.136 V (code=36490)
"
280,126,28,1.1361259744426744,1.264168806870675,0.12804283242800052,1784368287.2706418,1784368288.708159,1784368287.9894004,1.50031672,"[dac] CH_A set to +1.264 V (code=36910)
"
281,126,29,1.264168806870675,1.3922116392986754,0.12804283242800052,1784368288.708375,1784368290.147848,1784368289.4281116,1.51506349,"[dac] CH_A set to +1.392 V (code=37329)
"
282,126,30,1.3922116392986754,1.5202544717266764,0.12804283242800096,1784368290.148264,1784368291.59923,1784368290.8737469,1.54187581,"[dac] CH_A set to +1.520 V (code=37749)
"
283,126,31,1.5202544717266764,1.648297304154677,0.12804283242800052,1784368291.599446,1784368293.049477,1784368292.3244615,1.57405059,"[dac] CH_A set to +1.648 V (code=38169)
"
284,126,32,1.648297304154677,1.7763401365826779,0.12804283242800096,1784368293.049658,1784368294.49238,1784368293.771019,1.57941306,"[dac] CH_A set to +1.776 V (code=38588)
"
285,126,33,1.7763401365826779,1.904382969010678,0.12804283242800008,1784368294.493377,1784368295.930819,1784368295.2120981,1.56198505,"[dac] CH_A set to +1.904 V (code=39008)
"
286,126,34,1.904382969010678,2.032425801438679,0.12804283242800096,1784368295.9310248,1784368297.364521,1784368296.6477728,1.59818168,"[dac] CH_A set to +2.032 V (code=39427)
"
287,126,35,2.032425801438679,2.16046863386668,0.12804283242800096,1784368297.364795,1784368298.797545,1784368298.08117,1.56198505,"[dac] CH_A set to +2.161 V (code=39847)
"
288,126,36,2.16046863386668,2.28851146629468,0.12804283242800008,1784368298.7977421,1784368300.213961,1784368299.5058515,1.61829092,"[dac] CH_A set to +2.289 V (code=40266)
"
289,126,37,2.28851146629468,2.416554298722681,0.12804283242800096,1784368300.2142222,1784368301.647595,1784368300.9309087,1.61963153,"[dac] CH_A set to +2.417 V (code=40686)
"
290,126,38,2.416554298722681,2.544597131150682,0.12804283242800096,1784368301.647796,1784368303.0891562,1784368302.368476,1.56868813,"[dac] CH_A set to +2.545 V (code=41106)
"
291,126,39,2.544597131150682,2.672639963578682,0.12804283242800008,1784368303.08937,1784368304.532966,1784368303.811168,1.5660069,"[dac] CH_A set to +2.673 V (code=41525)
"
292,126,40,2.672639963578682,2.800682796006683,0.12804283242800096,1784368304.5333278,1784368305.9805708,1784368305.2569494,1.52444781,"[dac] CH_A set to +2.801 V (code=41945)
"
293,126,41,2.800682796006683,2.928725628434684,0.12804283242800096,1784368305.98077,1784368307.4142148,1784368306.6974926,1.52310719,"[dac] CH_A set to +2.929 V (code=42364)
"
294,126,42,2.928725628434684,3.056768460862684,0.12804283242800008,1784368307.41455,1784368308.853249,1784368308.1338997,1.44535147,"[dac] CH_A set to +3.057 V (code=42784)
"
295,126,43,3.056768460862684,3.184811293290685,0.12804283242800096,1784368308.853437,1784368310.287095,1784368309.570266,1.42792346,"[dac] CH_A set to +3.185 V (code=43203)
"
296,126,44,3.184811293290685,3.312854125718686,0.12804283242800096,1784368310.287369,1784368311.721608,1784368311.0044885,1.40781423,"[dac] CH_A set to +3.313 V (code=43623)
"
297,126,45,3.312854125718686,3.440896958146686,0.12804283242800008,1784368311.722044,1784368313.165693,1784368312.4438686,1.38636437,"[dac] CH_A set to +3.441 V (code=44042)
"
298,126,46,3.440896958146686,3.568939790574687,0.12804283242800096,1784368313.166681,1784368314.6066298,1784368313.8866553,1.3126305,"[dac] CH_A set to +3.569 V (code=44462)
"
299,126,47,3.568939790574687,3.696982623002688,0.12804283242800096,1784368314.606836,1784368316.048814,1784368315.327825,1.28045572,"[dac] CH_A set to +3.697 V (code=44882)
"
300,126,48,3.696982623002688,3.825025455430688,0.12804283242800008,1784368316.049033,1784368317.4653308,1784368316.757182,1.2281717,"[dac] CH_A set to +3.825 V (code=45301)
"
301,126,49,3.825025455430688,3.953068287858689,0.12804283242800096,1784368317.465495,1784368318.905241,1784368318.185368,1.18795323,"[dac] CH_A set to +3.953 V (code=45721)
"
302,126,50,3.953068287858689,4.081111120286689,0.12804283242800008,1784368318.905458,1784368320.3553221,1784368319.6303902,1.1262849,"[dac] CH_A set to +4.081 V (code=46140)
"
303,126,51,4.081111120286689,4.20915395271469,0.12804283242800096,1784368320.355527,1784368321.7985501,1784368321.0770385,1.02976055,"[dac] CH_A set to +4.209 V (code=46560)
"
304,127,0,4.078600476513591,4.013323738413042,-0.06527673810054946,1784368350.341055,1784368351.7737012,1784368351.057378,1.0927695,"[dac] CH_A set to +4.013 V (code=45918)
"
305,127,1,4.013323738413042,3.948047000312492,-0.06527673810054946,1784368351.774709,1784368353.214655,1784368352.4946818,1.14237229,"[dac] CH_A set to +3.948 V (code=45704)
"
306,128,0,4.078600476513591,4.20915395271469,0.13055347620109892,1784368381.738206,1784368383.162066,1784368382.450136,1.00160762,"[dac] CH_A set to +4.209 V (code=46560)
"
307,128,1,4.20915395271469,4.339707428915788,0.13055347620109803,1784368383.162264,1784368384.5970361,1784368383.87965,0.925192518,"[dac] CH_A set to +4.340 V (code=46988)
"
308,128,2,4.339707428915788,4.470260905116887,0.13055347620109892,1784368384.597308,1784368386.038819,1784368385.3180635,0.86620542,"[dac] CH_A set to +4.470 V (code=47416)
"
309,128,3,4.470260905116887,4.600814381317986,0.13055347620109892,1784368386.039107,1784368387.480255,1784368386.759681,0.809899554,"[dac] CH_A set to +4.601 V (code=47843)
"
310,128,4,4.600814381317986,4.731367857519084,0.13055347620109803,1784368387.480578,1784368388.93136,1784368388.2059689,0.752253073,"[dac] CH_A set to +4.731 V (code=48271)
"
311,128,5,4.731367857519084,4.861921333720183,0.13055347620109892,1784368388.931514,1784368390.3552809,1784368389.6433973,0.691925359,"[dac] CH_A set to +4.862 V (code=48699)
"
312,129,0,4.992474809921282,5.057751548021831,0.06527673810054946,1784368418.9220831,1784368420.3630888,1784368419.642586,0.587357322,"[dac] CH_A set to +5.058 V (code=49341)
"
313,129,1,5.057751548021831,5.123028286122381,0.06527673810054946,1784368420.363313,1784368421.8088782,1784368421.0860956,0.537754535,"[dac] CH_A set to +5.123 V (code=49554)
"
314,130,0,4.992474809921282,4.861921333720183,-0.13055347620109892,1784368450.369817,1784368451.800715,1784368451.085266,0.658409963,"[dac] CH_A set to +4.862 V (code=48699)
"
315,130,1,4.861921333720183,4.731367857519084,-0.13055347620109892,1784368451.800937,1784368453.2355258,1784368452.5182314,0.708012749,"[dac] CH_A set to +4.731 V (code=48271)
"
316,130,2,4.731367857519084,4.600814381317986,-0.13055347620109803,1784368453.235832,1784368454.66945,1784368453.952641,0.746890609,"[dac] CH_A set to +4.601 V (code=47843)
"
317,130,3,4.600814381317986,4.470260905116887,-0.13055347620109892,1784368454.669735,1784368456.115168,1784368455.3924515,0.815262018,"[dac] CH_A set to +4.470 V (code=47416)
"
318,130,4,4.470260905116887,4.339707428915788,-0.13055347620109892,1784368456.115359,1784368457.552751,1784368456.834055,0.899720817,"[dac] CH_A set to +4.340 V (code=46988)
"
319,130,5,4.339707428915788,4.20915395271469,-0.13055347620109803,1784368457.552992,1784368458.987759,1784368458.2703757,0.954686067,"[dac] CH_A set to +4.209 V (code=46560)
"
320,130,6,4.20915395271469,4.078600476513591,-0.13055347620109892,1784368458.9882162,1784368460.422396,1784368459.705306,0.989542079,"[dac] CH_A set to +4.079 V (code=46132)
"
321,130,7,4.078600476513591,3.948047000312492,-0.13055347620109892,1784368460.4226801,1784368461.8503292,1784368461.1365047,1.06327595,"[dac] CH_A set to +3.948 V (code=45704)
"
322,130,8,3.948047000312492,3.817493524111393,-0.13055347620109892,1784368461.850519,1784368463.300262,1784368462.5753903,1.10483504,"[dac] CH_A set to +3.818 V (code=45276)
"
323,130,9,3.817493524111393,3.6869400479102947,-0.13055347620109847,1784368463.300472,1784368464.737854,1784368464.0191631,1.1772283,"[dac] CH_A set to +3.687 V (code=44849)
"
324,130,10,3.6869400479102947,3.5563865717091963,-0.13055347620109847,1784368464.738136,1784368466.155947,1784368465.4470415,1.22414985,"[dac] CH_A set to +3.556 V (code=44421)
"
325,130,11,3.5563865717091963,3.4258330955080973,-0.13055347620109892,1784368466.156228,1784368467.6054888,1784368466.8808584,1.26034648,"[dac] CH_A set to +3.426 V (code=43993)
"
326,130,12,3.4258330955080973,3.2952796193069984,-0.13055347620109892,1784368467.605761,1784368469.030622,1784368468.3181915,1.30994927,"[dac] CH_A set to +3.295 V (code=43565)
"
327,130,13,3.2952796193069984,3.1647261431059,-0.13055347620109847,1784368469.030842,1784368470.4716852,1784368469.7512636,1.3716176,"[dac] CH_A set to +3.165 V (code=43137)
"
328,130,14,3.1647261431059,3.0341726669048015,-0.13055347620109847,1784368470.4719229,1784368471.9210129,1784368471.1964679,1.39038622,"[dac] CH_A set to +3.034 V (code=42710)
"
329,130,15,3.0341726669048015,2.9036191907037026,-0.13055347620109892,1784368471.9212108,1784368473.3460639,1784368472.6336374,1.45473578,"[dac] CH_A set to +2.904 V (code=42282)
"
330,130,16,2.9036191907037026,2.7730657145026036,-0.13055347620109892,1784368473.347153,1784368474.772331,1784368474.059742,1.48691056,"[dac] CH_A set to +2.773 V (code=41854)
"
331,130,17,2.7730657145026036,2.642512238301505,-0.13055347620109847,1784368474.772737,1784368476.215861,1784368475.494299,1.52444781,"[dac] CH_A set to +2.642 V (code=41426)
"
332,130,18,2.642512238301505,2.5119587621004067,-0.13055347620109847,1784368476.21606,1784368477.6591418,1784368476.9376009,1.52310719,"[dac] CH_A set to +2.512 V (code=40999)
"
333,130,19,2.5119587621004067,2.3814052858993078,-0.13055347620109892,1784368477.65935,1784368479.092584,1784368478.375967,1.5834349,"[dac] CH_A set to +2.381 V (code=40571)
"
334,130,20,2.3814052858993078,2.250851809698209,-0.13055347620109892,1784368479.092875,1784368480.5223308,1784368479.807603,1.5660069,"[dac] CH_A set to +2.251 V (code=40143)
"
335,130,21,2.250851809698209,2.1202983334971104,-0.13055347620109847,1784368480.523347,1784368481.950998,1784368481.2371726,1.57941306,"[dac] CH_A set to +2.120 V (code=39715)
"
336,130,22,2.1202983334971104,1.989744857296012,-0.13055347620109847,1784368481.951215,1784368483.402138,1784368482.6766765,1.59550045,"[dac] CH_A set to +1.990 V (code=39287)
"
337,130,23,1.989744857296012,1.859191381094913,-0.13055347620109892,1784368483.402348,1784368484.8321621,1784368484.1172552,1.59684106,"[dac] CH_A set to +1.859 V (code=38860)
"
338,130,24,1.859191381094913,1.728637904893814,-0.13055347620109892,1784368484.832389,1784368486.274933,1784368485.553661,1.58879737,"[dac] CH_A set to +1.729 V (code=38432)
"
339,130,25,1.728637904893814,1.5980844286927156,-0.13055347620109847,1784368486.275114,1784368487.7163851,1784368486.9957495,1.60622537,"[dac] CH_A set to +1.598 V (code=38004)
"
340,130,26,1.5980844286927156,1.4675309524916171,-0.13055347620109847,1784368487.716567,1784368489.155183,1784368488.435875,1.57673182,"[dac] CH_A set to +1.467 V (code=37576)
"
341,130,27,1.4675309524916171,1.3369774762905182,-0.13055347620109892,1784368489.155497,1784368490.603476,1784368489.8794866,1.58209429,"[dac] CH_A set to +1.337 V (code=37149)
"
342,130,28,1.3369774762905182,1.2064240000894193,-0.13055347620109892,1784368490.603698,1784368492.046616,1784368491.3251572,1.53383212,"[dac] CH_A set to +1.206 V (code=36721)
"
343,130,29,1.2064240000894193,1.0758705238883208,-0.13055347620109847,1784368492.047171,1784368493.471759,1784368492.7594652,1.51506349,"[dac] CH_A set to +1.076 V (code=36293)
"
344,130,30,1.0758705238883208,0.9453170476872224,-0.13055347620109847,1784368493.471979,1784368494.903031,1784368494.187505,1.50433857,"[dac] CH_A set to +0.945 V (code=35865)
"
345,130,31,0.9453170476872224,0.8147635714861234,-0.13055347620109892,1784368494.9032362,1784368496.338091,1784368495.6206636,1.4735044,"[dac] CH_A set to +0.815 V (code=35437)
"
346,130,32,0.8147635714861234,0.6842100952850245,-0.13055347620109892,1784368496.338298,1784368497.767503,1784368497.0529006,1.39306745,"[dac] CH_A set to +0.684 V (code=35009)
"
347,130,33,0.6842100952850245,0.5536566190839256,-0.13055347620109892,1784368497.767733,1784368499.196566,1784368498.4821496,1.40513299,"[dac] CH_A set to +0.554 V (code=34582)
"
348,130,34,0.5536566190839256,0.4231031428828276,-0.13055347620109803,1784368499.196759,1784368500.6432588,1784368499.920009,1.32335543,"[dac] CH_A set to +0.423 V (code=34154)
"
349,130,35,0.4231031428828276,0.29254966668172866,-0.13055347620109892,1784368500.64346,1784368502.082405,1784368501.3629327,1.26436833,"[dac] CH_A set to +0.292 V (code=33726)
"
350,130,36,0.29254966668172866,0.16199619048062974,-0.13055347620109892,1784368502.0826082,1784368503.5193799,1784368502.800994,1.24828094,"[dac] CH_A set to +0.162 V (code=33298)
"
351,130,37,0.16199619048062974,0.031442714279531714,-0.13055347620109803,1784368503.51958,1784368504.9548988,1784368504.2372394,1.18661261,"[dac] CH_A set to +0.031 V (code=32870)
"
352,130,38,0.031442714279531714,-0.0991107619215672,-0.13055347620109892,1784368504.9550989,1784368506.3881972,1784368505.671648,1.12762551,"[dac] CH_A set to -0.099 V (code=32443)
"
353,130,39,-0.0991107619215672,-0.22966423812266612,-0.13055347620109892,1784368506.388406,1784368507.8218648,1784368507.1051354,1.07802273,"[dac] CH_A set to -0.230 V (code=32015)
"
354,130,40,-0.22966423812266612,-0.36021771432376504,-0.13055347620109892,1784368507.822103,1784368509.255051,1784368508.538577,1.01501378,"[dac] CH_A set to -0.360 V (code=31587)
"
355,130,41,-0.36021771432376504,-0.49077119052486395,-0.13055347620109892,1784368509.255247,1784368510.681571,1784368509.968409,0.933236213,"[dac] CH_A set to -0.491 V (code=31159)
"
356,130,42,-0.49077119052486395,-0.621324666725962,-0.13055347620109803,1784368510.681809,1784368512.128035,1784368511.404922,0.874249115,"[dac] CH_A set to -0.621 V (code=30732)
"
357,130,43,-0.621324666725962,-0.7518781429270609,-0.13055347620109892,1784368512.128505,1784368513.564804,1784368512.8466544,0.807218323,"[dac] CH_A set to -0.752 V (code=30304)
"
358,130,44,-0.7518781429270609,-0.8824316191281598,-0.13055347620109892,1784368513.565024,1784368514.995091,1784368514.2800574,0.741528146,"[dac] CH_A set to -0.882 V (code=29876)
"
359,130,45,-0.8824316191281598,-1.0129850953292578,-0.13055347620109803,1784368514.995363,1784368516.416811,1784368515.706087,0.699969054,"[dac] CH_A set to -1.013 V (code=29448)
"
360,130,46,-1.0129850953292578,-1.1435385715303568,-0.13055347620109892,1784368516.4170399,1784368517.8632588,1784368517.1401494,0.602104097,"[dac] CH_A set to -1.143 V (code=29021)
"
361,130,47,-1.1435385715303568,-1.2740920477314557,-0.13055347620109892,1784368517.863465,1784368519.303076,1784368518.5832705,0.580654243,"[dac] CH_A set to -1.274 V (code=28593)
"
362,130,48,-1.2740920477314557,-1.4046455239325546,-0.13055347620109892,1784368519.30351,1784368520.7398982,1784368520.0217042,0.47474559,"[dac] CH_A set to -1.405 V (code=28165)
"
363,130,49,-1.4046455239325546,-1.5351990001336535,-0.13055347620109892,1784368520.740144,1784368522.172214,1784368521.4561791,0.461339432,"[dac] CH_A set to -1.535 V (code=27737)
"
364,130,50,-1.5351990001336535,-1.6657524763347515,-0.13055347620109803,1784368522.1725051,1784368523.596003,1784368522.884254,0.382243096,"[dac] CH_A set to -1.666 V (code=27309)
"
365,130,51,-1.6657524763347515,-1.7963059525358505,-0.13055347620109892,1784368523.5961988,1784368525.031521,1784368524.31386,0.329959078,"[dac] CH_A set to -1.796 V (code=26881)
"
366,130,52,-1.7963059525358505,-1.9268594287369494,-0.13055347620109892,1784368525.031873,1784368526.4692118,1784368525.7505424,0.307168608,"[dac] CH_A set to -1.927 V (code=26454)
"
367,130,53,-1.9268594287369494,-2.0574129049380474,-0.13055347620109803,1784368526.469409,1784368527.907883,1784368527.1886458,0.245500279,"[dac] CH_A set to -2.057 V (code=26026)
"
368,130,54,-2.0574129049380474,-2.1879663811391463,-0.13055347620109892,1784368527.908063,1784368529.346336,1784368528.6271994,0.218687962,"[dac] CH_A set to -2.188 V (code=25598)
"
369,130,55,-2.1879663811391463,-2.3185198573402452,-0.13055347620109892,1784368529.346567,1784368530.788463,1784368530.067515,0.17712887,"[dac] CH_A set to -2.319 V (code=25170)
"
370,130,56,-2.3185198573402452,-2.449073333541344,-0.13055347620109892,1784368530.788723,1784368532.227085,1784368531.507904,0.12216362,"[dac] CH_A set to -2.449 V (code=24742)
"
371,130,57,-2.449073333541344,-2.579626809742443,-0.13055347620109892,1784368532.227288,1784368533.663774,1784368532.945531,0.108757461,"[dac] CH_A set to -2.580 V (code=24315)
"
372,130,58,-2.579626809742443,-2.710180285943541,-0.13055347620109803,1784368533.663977,1784368535.1052852,1784368534.3846312,0.075242065,"[dac] CH_A set to -2.710 V (code=23887)
"
373,130,59,-2.710180285943541,-2.84073376214464,-0.13055347620109892,1784368535.1054971,1784368536.5399868,1784368535.822742,0.0417266685,"[dac] CH_A set to -2.841 V (code=23459)
"
374,130,60,-2.84073376214464,-2.971287238345739,-0.13055347620109892,1784368536.540249,1784368537.989971,1784368537.26511,0.065857754,"[dac] CH_A set to -2.971 V (code=23031)
"
375,130,61,-2.971287238345739,-3.101840714546837,-0.13055347620109803,1784368537.9901881,1784368539.421532,1784368538.7058601,0.0310017417,"[dac] CH_A set to -3.102 V (code=22604)
"
376,130,62,-3.101840714546837,-3.232394190747936,-0.13055347620109892,1784368539.42176,1784368540.8583858,1784368540.1400728,0.000167665484,"[dac] CH_A set to -3.232 V (code=22176)
"
377,131,0,-3.362947666949035,-3.4282244050495843,-0.06527673810054946,1784368569.348395,1784368570.785494,1784368570.0669446,0.0242986624,"[dac] CH_A set to -3.428 V (code=21534)
"
378,131,1,-3.4282244050495843,-3.4935011431501337,-0.06527673810054946,1784368570.785685,1784368572.2068942,1784368571.4962897,0.0269798941,"[dac] CH_A set to -3.493 V (code=21320)
"
379,132,0,-3.362947666949035,-3.362947666949035,0.0,1784368600.721081,1784368602.1730702,1784368601.4470756,0.00821127212,"[dac] CH_A set to -3.363 V (code=21748)
"
380,133,0,-3.232394190747936,-3.1671174526473864,0.06527673810054946,1784368630.638242,1784368632.0714428,1784368631.3548424,0.00150841838,"[dac] CH_A set to -3.167 V (code=22390)
"
381,133,1,-3.1671174526473864,-3.101840714546837,0.06527673810054946,1784368632.0718532,1784368633.521329,1784368632.796591,0.037704821,"[dac] CH_A set to -3.102 V (code=22604)
"
382,134,0,-3.232394190747936,-3.101840714546837,0.13055347620109892,1784368662.062882,1784368663.512856,1784368662.787869,-0.00519466091,"[dac] CH_A set to -3.102 V (code=22604)
"
383,134,1,-3.101840714546837,-2.9712872383457385,0.13055347620109847,1784368663.513084,1784368664.952254,1784368664.2326689,0.00955188798,"[dac] CH_A set to -2.971 V (code=23031)
"
384,134,2,-2.9712872383457385,-2.84073376214464,0.13055347620109847,1784368664.952596,1784368666.393822,1784368665.673209,-0.00653509405,"[dac] CH_A set to -2.841 V (code=23459)
"
385,134,3,-2.84073376214464,-2.710180285943541,0.13055347620109892,1784368666.394034,1784368667.82013,1784368667.107082,0.00821127212,"[dac] CH_A set to -2.710 V (code=23887)
"
386,134,4,-2.710180285943541,-2.579626809742442,0.13055347620109892,1784368667.8203552,1784368669.263276,1784368668.5418158,0.0524515954,"[dac] CH_A set to -2.580 V (code=24315)
"
387,134,5,-2.579626809742442,-2.4490733335413437,0.13055347620109847,1784368669.263485,1784368670.704153,1784368669.983819,0.0779232967,"[dac] CH_A set to -2.449 V (code=24742)
"
388,134,6,-2.4490733335413437,-2.3185198573402452,0.13055347620109847,1784368670.7043352,1784368672.129461,1784368671.4168983,0.0993731504,"[dac] CH_A set to -2.319 V (code=25170)
"
389,134,7,-2.3185198573402452,-2.1879663811391463,0.13055347620109892,1784368672.129685,1784368673.5628002,1784368672.8462424,0.166403943,"[dac] CH_A set to -2.188 V (code=25598)
"
390,134,8,-2.1879663811391463,-2.0574129049380474,0.13055347620109892,1784368673.563125,1784368674.999158,1784368674.2811413,0.134229163,"[dac] CH_A set to -2.057 V (code=26026)
"
391,134,9,-2.0574129049380474,-1.926859428736949,0.13055347620109847,1784368674.9993448,1784368676.429706,1784368675.7145255,0.202600571,"[dac] CH_A set to -1.927 V (code=26454)
"
392,134,10,-1.926859428736949,-1.7963059525358502,0.1305534762010987,1784368676.429913,1784368677.862128,1784368677.1460204,0.237456584,"[dac] CH_A set to -1.796 V (code=26881)
"
393,134,11,-1.7963059525358502,-1.6657524763347515,0.1305534762010987,1784368677.862321,1784368679.314571,1784368678.588446,0.29376245,"[dac] CH_A set to -1.666 V (code=27309)
"
394,134,12,-1.6657524763347515,-1.5351990001336528,0.1305534762010987,1784368679.31491,1784368680.74912,1784368680.0320148,0.336662157,"[dac] CH_A set to -1.535 V (code=27737)
"
395,134,13,-1.5351990001336528,-1.4046455239325542,0.1305534762010987,1784368680.749344,1784368682.1979752,1784368681.4736595,0.351408931,"[dac] CH_A set to -1.405 V (code=28165)
"
396,134,14,-1.4046455239325542,-1.2740920477314555,0.1305534762010987,1784368682.198167,1784368683.6293828,1784368682.913775,0.434527115,"[dac] CH_A set to -1.274 V (code=28593)
"
397,134,15,-1.2740920477314555,-1.1435385715303568,0.1305534762010987,1784368683.6295838,1784368685.052524,1784368684.341054,0.509601602,"[dac] CH_A set to -1.143 V (code=29021)
"
398,134,16,-1.1435385715303568,-1.0129850953292578,0.13055347620109892,1784368685.052709,1784368686.4960341,1784368685.7743716,0.557863773,"[dac] CH_A set to -1.013 V (code=29448)
"
399,134,17,-1.0129850953292578,-0.8824316191281594,0.13055347620109847,1784368686.496266,1784368687.938001,1784368687.2171335,0.604785328,"[dac] CH_A set to -0.882 V (code=29876)
"
400,134,18,-0.8824316191281594,-0.7518781429270609,0.13055347620109847,1784368687.93822,1784368689.387788,1784368688.663004,0.663772426,"[dac] CH_A set to -0.752 V (code=30304)
"
401,134,19,-0.7518781429270609,-0.621324666725962,0.13055347620109892,1784368689.388041,1784368690.828407,1784368690.108224,0.726781371,"[dac] CH_A set to -0.621 V (code=30732)
"
402,134,20,-0.621324666725962,-0.49077119052486307,0.13055347620109892,1784368690.828809,1784368692.25948,1784368691.5441446,0.808558939,"[dac] CH_A set to -0.491 V (code=31159)
"
403,134,21,-0.49077119052486307,-0.3602177143237646,0.13055347620109847,1784368692.259688,1784368693.697406,1784368692.978547,0.867546036,"[dac] CH_A set to -0.360 V (code=31587)
"
404,134,22,-0.3602177143237646,-0.22966423812266612,0.13055347620109847,1784368693.697595,1784368695.1289558,1784368694.4132752,0.890336506,"[dac] CH_A set to -0.230 V (code=32015)
"
405,134,23,-0.22966423812266612,-0.0991107619215672,0.13055347620109892,1784368695.129146,1784368696.5615292,1784368695.8453376,0.962729762,"[dac] CH_A set to -0.099 V (code=32443)
"
406,134,24,-0.0991107619215672,0.031442714279531714,0.13055347620109892,1784368696.5617259,1784368698.012811,1784368697.2872684,1.05121041,"[dac] CH_A set to +0.031 V (code=32870)
"
407,134,25,0.031442714279531714,0.1619961904806302,0.13055347620109847,1784368698.013014,1784368699.446272,1784368698.7296429,1.08204457,"[dac] CH_A set to +0.162 V (code=33298)
"
408,134,26,0.1619961904806302,0.29254966668172866,0.13055347620109847,1784368699.446483,1784368700.879544,1784368700.1630135,1.14505352,"[dac] CH_A set to +0.292 V (code=33726)
"
409,134,27,0.29254966668172866,0.4231031428828276,0.13055347620109892,1784368700.879801,1784368702.314323,1784368701.597062,1.22012801,"[dac] CH_A set to +0.423 V (code=34154)
"
410,134,28,0.4231031428828276,0.5536566190839265,0.13055347620109892,1784368702.314633,1784368703.752015,1784368703.033324,1.25498402,"[dac] CH_A set to +0.554 V (code=34582)
"
411,134,29,0.5536566190839265,0.684210095285025,0.13055347620109847,1784368703.7522292,1784368705.1835551,1784368704.4678922,1.29520249,"[dac] CH_A set to +0.684 V (code=35009)
"
412,134,30,0.684210095285025,0.8147635714861234,0.13055347620109847,1784368705.183758,1784368706.631571,1784368705.9076645,1.33944282,"[dac] CH_A set to +0.815 V (code=35437)
"
413,134,31,0.8147635714861234,0.9453170476872224,0.13055347620109892,1784368706.631762,1784368708.067208,1784368707.349485,1.38234253,"[dac] CH_A set to +0.945 V (code=35865)
"
414,134,32,0.9453170476872224,1.0758705238883213,0.13055347620109892,1784368708.067412,1784368709.514623,1784368708.7910175,1.41987977,"[dac] CH_A set to +1.076 V (code=36293)
"
415,134,33,1.0758705238883213,1.2064240000894202,0.13055347620109892,1784368709.5148768,1784368710.951047,1784368710.232962,1.47082317,"[dac] CH_A set to +1.206 V (code=36721)
"
416,134,34,1.2064240000894202,1.3369774762905182,0.13055347620109803,1784368710.951287,1784368712.3953438,1784368711.6733155,1.5070198,"[dac] CH_A set to +1.337 V (code=37149)
"
417,134,35,1.3369774762905182,1.4675309524916171,0.13055347620109892,1784368712.3956742,1784368713.832374,1784368713.1140242,1.53517273,"[dac] CH_A set to +1.467 V (code=37576)
"
418,134,36,1.4675309524916171,1.598084428692716,0.13055347620109892,1784368713.8325691,1784368715.262862,1784368714.5477157,1.56198505,"[dac] CH_A set to +1.598 V (code=38004)
"
419,134,37,1.598084428692716,1.728637904893814,0.13055347620109803,1784368715.2630668,1784368716.709146,1784368715.9861064,1.56734751,"[dac] CH_A set to +1.729 V (code=38432)
"
420,134,38,1.728637904893814,1.859191381094913,0.13055347620109892,1784368716.709337,1784368718.146315,1784368717.427826,1.60488476,"[dac] CH_A set to +1.859 V (code=38860)
"
421,134,39,1.859191381094913,1.989744857296012,0.13055347620109892,1784368718.146535,1784368719.577329,1784368718.8619318,1.61560968,"[dac] CH_A set to +1.990 V (code=39287)
"
422,134,40,1.989744857296012,2.120298333497111,0.13055347620109892,1784368719.577528,1784368721.020882,1784368720.2992048,1.59952229,"[dac] CH_A set to +2.120 V (code=39715)
"
423,134,41,2.120298333497111,2.2508518096982097,0.13055347620109892,1784368721.0210948,1784368722.45332,1784368721.7372074,1.61829092,"[dac] CH_A set to +2.251 V (code=40143)
"
424,134,42,2.2508518096982097,2.3814052858993078,0.13055347620109803,1784368722.453491,1784368723.896239,1784368723.174865,1.58209429,"[dac] CH_A set to +2.381 V (code=40571)
"
425,134,43,2.3814052858993078,2.5119587621004067,0.13055347620109892,1784368723.8964322,1784368725.341126,1784368724.6187792,1.60354414,"[dac] CH_A set to +2.512 V (code=40999)
"
426,134,44,2.5119587621004067,2.6425122383015056,0.13055347620109892,1784368725.3413801,1784368726.777318,1784368726.059349,1.56868813,"[dac] CH_A set to +2.642 V (code=41426)
"
427,134,45,2.6425122383015056,2.7730657145026036,0.13055347620109803,1784368726.777548,1784368728.2027578,1784368727.4901528,1.54589766,"[dac] CH_A set to +2.773 V (code=41854)
"
428,134,46,2.7730657145026036,2.9036191907037026,0.13055347620109892,1784368728.203024,1784368729.6306078,1784368728.9168158,1.50165734,"[dac] CH_A set to +2.904 V (code=42282)
"
429,134,47,2.9036191907037026,3.0341726669048015,0.13055347620109892,1784368729.630877,1784368731.071299,1784368730.351088,1.48020748,"[dac] CH_A set to +3.034 V (code=42710)
"
430,134,48,3.0341726669048015,3.1647261431059004,0.13055347620109892,1784368731.07163,1784368732.523486,1784368731.7975578,1.45071393,"[dac] CH_A set to +3.165 V (code=43137)
"
431,134,49,3.1647261431059004,3.2952796193069993,0.13055347620109892,1784368732.523705,1784368733.969909,1784368733.246807,1.41317669,"[dac] CH_A set to +3.295 V (code=43565)
"
432,134,50,3.2952796193069993,3.4258330955080973,0.13055347620109803,1784368733.970121,1784368735.400353,1784368734.685237,1.35150836,"[dac] CH_A set to +3.426 V (code=43993)
"
433,134,51,3.4258330955080973,3.5563865717091963,0.13055347620109892,1784368735.400543,1784368736.829621,1784368736.115082,1.34212405,"[dac] CH_A set to +3.556 V (code=44421)
"
434,134,52,3.5563865717091963,3.686940047910295,0.13055347620109892,1784368736.829901,1784368738.260854,1784368737.5453775,1.2616871,"[dac] CH_A set to +3.687 V (code=44849)
"
435,134,53,3.686940047910295,3.817493524111393,0.13055347620109803,1784368738.261085,1784368739.688061,1784368738.9745731,1.2281717,"[dac] CH_A set to +3.818 V (code=45276)
"
436,134,54,3.817493524111393,3.948047000312492,0.13055347620109892,1784368739.6883771,1784368741.130549,1784368740.409463,1.18527199,"[dac] CH_A set to +3.948 V (code=45704)
"
437,134,55,3.948047000312492,4.078600476513591,0.13055347620109892,1784368741.13079,1784368742.582904,1784368741.856847,1.09411012,"[dac] CH_A set to +4.079 V (code=46132)
"
438,134,56,4.078600476513591,4.20915395271469,0.13055347620109892,1784368742.583092,1784368744.021384,1784368743.302238,1.06595718,"[dac] CH_A set to +4.209 V (code=46560)
"
439,134,57,4.20915395271469,4.339707428915789,0.13055347620109892,1784368744.021655,1784368745.454873,1784368744.738264,0.997585774,"[dac] CH_A set to +4.340 V (code=46988)
"
440,134,58,4.339707428915789,4.470260905116887,0.13055347620109803,1784368745.455084,1784368746.8820632,1784368746.1685736,0.941279908,"[dac] CH_A set to +4.470 V (code=47416)
"
441,134,59,4.470260905116887,4.600814381317986,0.13055347620109892,1784368746.882275,1784368748.321308,1784368747.6017914,0.8729085,"[dac] CH_A set to +4.601 V (code=47843)
"
442,134,60,4.600814381317986,4.731367857519085,0.13055347620109892,1784368748.3217359,1784368749.7625039,1784368749.04212,0.830008792,"[dac] CH_A set to +4.731 V (code=48271)
"
443,134,61,4.731367857519085,4.861921333720183,0.13055347620109803,1784368749.76271,1784368751.197661,1784368750.4801855,0.775043542,"[dac] CH_A set to +4.862 V (code=48699)
"
444,134,62,4.861921333720183,4.992474809921282,0.13055347620109892,1784368751.1978838,1784368752.641778,1784368751.9198308,0.706672133,"[dac] CH_A set to +4.992 V (code=49127)
"
445,135,0,4.861921333720183,4.796644595619633,-0.06527673810054946,1784368781.122182,1784368782.5546381,1784368781.83841,0.733484451,"[dac] CH_A set to +4.797 V (code=48485)
"
446,135,1,4.796644595619633,4.731367857519084,-0.06527673810054946,1784368782.554841,1784368783.9833379,1784368783.2690895,0.766999847,"[dac] CH_A set to +4.731 V (code=48271)
"
447,136,0,4.861921333720183,4.731367857519084,-0.13055347620109892,1784368812.4788392,1784368813.92418,1784368813.2015095,0.74018753,"[dac] CH_A set to +4.731 V (code=48271)
"
448,136,1,4.731367857519084,4.600814381317985,-0.13055347620109892,1784368813.924372,1784368815.36053,1784368814.6424508,0.769681079,"[dac] CH_A set to +4.601 V (code=47843)
"
449,136,2,4.600814381317985,4.470260905116887,-0.13055347620109803,1784368815.3607419,1784368816.8012102,1784368816.080976,0.846096182,"[dac] CH_A set to +4.470 V (code=47416)
"
450,136,3,4.470260905116887,4.339707428915788,-0.13055347620109892,1784368816.8014,1784368818.238205,1784368817.5198026,0.933236213,"[dac] CH_A set to +4.340 V (code=46988)
"
451,136,4,4.339707428915788,4.209153952714689,-0.13055347620109892,1784368818.238422,1784368819.6707032,1784368818.9545627,0.985520232,"[dac] CH_A set to +4.209 V (code=46560)
"
452,136,5,4.209153952714689,4.078600476513591,-0.13055347620109803,1784368819.670903,1784368821.112184,1784368820.3915434,1.03780425,"[dac] CH_A set to +4.079 V (code=46132)
"
453,136,6,4.078600476513591,3.948047000312492,-0.13055347620109892,1784368821.112406,1784368822.539924,1784368821.826165,1.09411012,"[dac] CH_A set to +3.948 V (code=45704)
"
454,136,7,3.948047000312492,3.817493524111393,-0.13055347620109892,1784368822.540171,1784368823.986475,1784368823.2633228,1.14237229,"[dac] CH_A set to +3.818 V (code=45276)
"
455,136,8,3.817493524111393,3.6869400479102943,-0.13055347620109892,1784368823.9866712,1784368825.426552,1784368824.7066116,1.18393138,"[dac] CH_A set to +3.687 V (code=44849)
"
456,136,9,3.6869400479102943,3.556386571709196,-0.13055347620109847,1784368825.426857,1784368826.863971,1784368826.1454139,1.21744677,"[dac] CH_A set to +3.556 V (code=44421)
"
457,136,10,3.556386571709196,3.4258330955080973,-0.13055347620109847,1784368826.864164,1784368828.3075452,1784368827.5858545,1.30592742,"[dac] CH_A set to +3.426 V (code=43993)
"
458,136,11,3.4258330955080973,3.2952796193069984,-0.13055347620109892,1784368828.307731,1784368829.737303,1784368829.022517,1.31933358,"[dac] CH_A set to +3.295 V (code=43565)
"
459,136,12,3.2952796193069984,3.1647261431058995,-0.13055347620109892,1784368829.737519,1784368831.184358,1784368830.4609385,1.38368314,"[dac] CH_A set to +3.165 V (code=43137)
"
460,136,13,3.1647261431058995,3.034172666904801,-0.13055347620109847,1784368831.1845398,1784368832.6073039,1784368831.8959217,1.40647361,"[dac] CH_A set to +3.034 V (code=42710)
"
461,136,14,3.034172666904801,2.9036191907037026,-0.13055347620109847,1784368832.607511,1784368834.06226,1784368833.3348856,1.4560764,"[dac] CH_A set to +2.904 V (code=42282)
"
462,136,15,2.9036191907037026,2.7730657145026036,-0.13055347620109892,1784368834.062485,1784368835.509473,1784368834.785979,1.49093241,"[dac] CH_A set to +2.773 V (code=41854)
"
463,136,16,2.7730657145026036,2.6425122383015047,-0.13055347620109892,1784368835.509685,1784368836.947375,1784368836.22853,1.4989761,"[dac] CH_A set to +2.642 V (code=41426)
"
464,136,17,2.6425122383015047,2.5119587621004063,-0.13055347620109847,1784368836.947585,1784368838.387864,1784368837.6677246,1.5405352,"[dac] CH_A set to +2.512 V (code=40999)
"
465,136,18,2.5119587621004063,2.3814052858993078,-0.13055347620109847,1784368838.388067,1784368839.835592,1784368839.1118295,1.55260074,"[dac] CH_A set to +2.381 V (code=40571)
"
466,136,19,2.3814052858993078,2.250851809698209,-0.13055347620109892,1784368839.835775,1784368841.2809758,1784368840.5583754,1.58477552,"[dac] CH_A set to +2.251 V (code=40143)
"
467,136,20,2.250851809698209,2.12029833349711,-0.13055347620109892,1784368841.281164,1784368842.720618,1784368842.000891,1.59013798,"[dac] CH_A set to +2.120 V (code=39715)
"
468,137,0,2.250851809698209,2.3161285477987583,0.06527673810054946,1784368871.280854,1784368872.7206771,1784368872.0007656,1.57405059,"[dac] CH_A set to +2.316 V (code=40357)
"
469,137,1,2.3161285477987583,2.3814052858993078,0.06527673810054946,1784368872.7217422,1784368874.152127,1784368873.4369345,1.57673182,"[dac] CH_A set to +2.381 V (code=40571)
"
470,138,0,2.250851809698209,2.1202983334971104,-0.13055347620109847,1784368902.6897018,1784368904.1417549,1784368903.4157283,1.58209429,"[dac] CH_A set to +2.120 V (code=39715)
"
471,138,1,2.1202983334971104,1.9897448572960115,-0.13055347620109892,1784368904.141941,1784368905.5862179,1784368904.8640795,1.5834349,"[dac] CH_A set to +1.990 V (code=39287)
"
472,138,2,1.9897448572960115,1.859191381094913,-0.13055347620109847,1784368905.586478,1784368907.013767,1784368906.3001225,1.6089066,"[dac] CH_A set to +1.859 V (code=38860)
"
473,138,3,1.859191381094913,1.728637904893814,-0.13055347620109892,1784368907.0141702,1784368908.453961,1784368907.7340655,1.5834349,"[dac] CH_A set to +1.729 V (code=38432)
"
474,138,4,1.728637904893814,1.5980844286927156,-0.13055347620109847,1784368908.4542148,1784368909.8808908,1784368909.167553,1.59281921,"[dac] CH_A set to +1.598 V (code=38004)
"
475,138,5,1.5980844286927156,1.467530952491617,-0.1305534762010987,1784368909.881093,1784368911.31972,1784368910.6004066,1.56466628,"[dac] CH_A set to +1.467 V (code=37576)
"
476,138,6,1.467530952491617,1.3369774762905182,-0.1305534762010987,1784368911.3199842,1784368912.759139,1784368912.0395617,1.5660069,"[dac] CH_A set to +1.337 V (code=37149)
"
477,138,7,1.3369774762905182,1.2064240000894195,-0.1305534762010987,1784368912.759331,1784368914.206702,1784368913.4830165,1.53383212,"[dac] CH_A set to +1.206 V (code=36721)
"
478,138,8,1.2064240000894195,1.0758705238883208,-0.1305534762010987,1784368914.206902,1784368915.643533,1784368914.9252176,1.5324915,"[dac] CH_A set to +1.076 V (code=36293)
"
479,138,9,1.0758705238883208,0.9453170476872221,-0.1305534762010987,1784368915.643788,1784368917.0784168,1784368916.3611026,1.47752625,"[dac] CH_A set to +0.945 V (code=35865)
"
480,138,10,0.9453170476872221,0.8147635714861234,-0.1305534762010987,1784368917.079542,1784368918.5122292,1784368917.7958856,1.45339517,"[dac] CH_A set to +0.815 V (code=35437)
"
481,138,11,0.8147635714861234,0.684210095285025,-0.13055347620109847,1784368918.5124228,1784368919.952029,1784368919.232226,1.39172684,"[dac] CH_A set to +0.684 V (code=35009)
"
482,138,12,0.684210095285025,0.5536566190839263,-0.1305534762010987,1784368919.952225,1784368921.386135,1784368920.66918,1.34346467,"[dac] CH_A set to +0.554 V (code=34582)
"
483,138,13,0.5536566190839263,0.4231031428828276,-0.1305534762010987,1784368921.3863192,1784368922.836514,1784368922.1114166,1.30056496,"[dac] CH_A set to +0.423 V (code=34154)
"
484,138,14,0.4231031428828276,0.2925496666817289,-0.1305534762010987,1784368922.8368042,1784368924.262794,1784368923.549799,1.26839018,"[dac] CH_A set to +0.292 V (code=33726)
"
485,138,15,0.2925496666817289,0.1619961904806302,-0.1305534762010987,1784368924.263833,1784368925.6857758,1784368924.9748044,1.2362154,"[dac] CH_A set to +0.162 V (code=33298)
"
486,138,16,0.1619961904806302,0.031442714279531714,-0.13055347620109847,1784368925.6859698,1784368927.109594,1784368926.3977818,1.16650337,"[dac] CH_A set to +0.031 V (code=32870)
"
487,138,17,0.031442714279531714,-0.0991107619215672,-0.13055347620109892,1784368927.109792,1784368928.553283,1784368927.8315375,1.08070396,"[dac] CH_A set to -0.099 V (code=32443)
"
488,138,18,-0.0991107619215672,-0.22966423812266568,-0.13055347620109847,1784368928.5534751,1784368929.989454,1784368929.2714646,1.03244179,"[dac] CH_A set to -0.230 V (code=32015)
"
489,138,19,-0.22966423812266568,-0.3602177143237646,-0.13055347620109892,1784368929.989643,1784368931.4384692,1784368930.714056,0.982839,"[dac] CH_A set to -0.360 V (code=31587)
"
490,138,20,-0.3602177143237646,-0.49077119052486307,-0.13055347620109847,1784368931.4395,1784368932.894484,1784368932.1669922,0.915808207,"[dac] CH_A set to -0.491 V (code=31159)
"
491,139,0,-0.621324666725962,-0.6866014048265114,-0.06527673810054946,1784368961.4536011,1784368962.887948,1784368962.1707745,0.817943249,"[dac] CH_A set to -0.687 V (code=30518)
"
492,139,1,-0.6866014048265114,-0.7518781429270609,-0.06527673810054946,1784368962.8883681,1784368964.3220081,1784368963.6051881,0.761637384,"[dac] CH_A set to -0.752 V (code=30304)
"
493,140,0,-0.621324666725962,-0.7470428289936867,-0.1257181622677247,1784368992.8369012,1784368994.2867498,1784368993.5618255,0.776384158,"[dac] CH_A set to -0.747 V (code=30320)
"
494,140,1,-0.7470428289936867,-0.8727609912614114,-0.1257181622677247,1784368994.287895,1784368995.7279518,1784368995.0079234,0.695947207,"[dac] CH_A set to -0.873 V (code=29908)
"
495,140,2,-0.8727609912614114,-0.9984791535291361,-0.1257181622677247,1784368995.728152,1784368997.170153,1784368996.4491525,0.658409963,"[dac] CH_A set to -0.998 V (code=29496)
"
496,140,3,-0.9984791535291361,-1.1241973157968608,-0.1257181622677247,1784368997.1703832,1784368998.609716,1784368997.8900495,0.575291779,"[dac] CH_A set to -1.124 V (code=29084)
"
497,140,4,-1.1241973157968608,-1.2499154780645854,-0.1257181622677246,1784368998.6099179,1784369000.0426939,1784368999.3263059,0.523007761,"[dac] CH_A set to -1.250 V (code=28672)
"
498,140,5,-1.2499154780645854,-1.3756336403323102,-0.1257181622677248,1784369000.042903,1784369001.4869041,1784369000.7649035,0.461339432,"[dac] CH_A set to -1.376 V (code=28260)
"
499,140,6,-1.3756336403323102,-1.501351802600035,-0.1257181622677248,1784369001.487181,1784369002.927375,1784369002.207278,0.421120956,"[dac] CH_A set to -1.501 V (code=27848)
"
500,140,7,-1.501351802600035,-1.6270699648677596,-0.1257181622677246,1784369002.928467,1784369004.3749352,1784369003.651701,0.34202462,"[dac] CH_A set to -1.627 V (code=27436)
"
501,140,8,-1.6270699648677596,-1.7527881271354842,-0.1257181622677246,1784369004.3751209,1784369005.8081012,1784369005.091611,0.344705852,"[dac] CH_A set to -1.753 V (code=27024)
"
502,140,9,-1.7527881271354842,-1.878506289403209,-0.1257181622677248,1784369005.80831,1784369007.2497652,1784369006.5290375,0.303146761,"[dac] CH_A set to -1.878 V (code=26612)
"
503,140,10,-1.878506289403209,-2.0042244516709338,-0.1257181622677248,1784369007.249954,1784369008.690015,1784369007.9699845,0.253543974,"[dac] CH_A set to -2.004 V (code=26200)
"
504,140,11,-2.0042244516709338,-2.1299426139386584,-0.1257181622677246,1784369008.690336,1784369010.135277,1784369009.4128065,0.202600571,"[dac] CH_A set to -2.130 V (code=25788)
"
505,140,12,-2.1299426139386584,-2.255660776206383,-0.1257181622677246,1784369010.135499,1784369011.561951,1784369010.8487248,0.159700864,"[dac] CH_A set to -2.256 V (code=25376)
"
506,140,13,-2.255660776206383,-2.381378938474108,-0.12571816226772503,1784369011.563043,1784369012.994813,1784369012.278928,0.112779309,"[dac] CH_A set to -2.381 V (code=24964)
"
507,140,14,-2.381378938474108,-2.5070971007418326,-0.1257181622677246,1784369012.9950778,1784369014.428643,1784369013.7118604,0.0846263759,"[dac] CH_A set to -2.507 V (code=24552)
"
508,140,15,-2.5070971007418326,-2.632815263009557,-0.1257181622677246,1784369014.428895,1784369015.8571332,1784369015.143014,0.0886482235,"[dac] CH_A set to -2.633 V (code=24140)
"
509,140,16,-2.632815263009557,-2.7585334252772817,-0.1257181622677246,1784369015.8573189,1784369017.303052,1784369016.5801854,0.0444079002,"[dac] CH_A set to -2.759 V (code=23729)
"
510,140,17,-2.7585334252772817,-2.8842515875450063,-0.1257181622677246,1784369017.3034408,1784369018.742281,1784369018.022861,0.0511109795,"[dac] CH_A set to -2.884 V (code=23316)
"
511,140,18,-2.8842515875450063,-3.0099697498127314,-0.12571816226772503,1784369018.7424572,1784369020.172288,1784369019.4573727,0.0390454368,"[dac] CH_A set to -3.010 V (code=22904)
"
512,140,19,-3.0099697498127314,-3.135687912080456,-0.1257181622677246,1784369020.172477,1784369021.6107159,1784369020.8915963,0.0202768148,"[dac] CH_A set to -3.136 V (code=22493)
"
513,140,20,-3.135687912080456,-3.2614060743481805,-0.1257181622677246,1784369021.610931,1784369023.036569,1784369022.32375,-0.00653513973,"[dac] CH_A set to -3.261 V (code=22081)
"
514,140,21,-3.2614060743481805,-3.3871242366159056,-0.12571816226772503,1784369023.036793,1784369024.4852722,1784369023.7610326,0.0336829734,"[dac] CH_A set to -3.387 V (code=21669)
"
515,140,22,-3.3871242366159056,-3.51284239888363,-0.1257181622677246,1784369024.485478,1784369025.919798,1784369025.202638,0.0269798941,"[dac] CH_A set to -3.513 V (code=21257)
"
516,140,23,-3.51284239888363,-3.6385605611513547,-0.1257181622677246,1784369025.9200032,1784369027.3544698,1784369026.6372366,0.0296611258,"[dac] CH_A set to -3.639 V (code=20845)
"
517,140,24,-3.6385605611513547,-3.7642787234190793,-0.1257181622677246,1784369027.354662,1784369028.781636,1784369028.068149,0.0604952905,"[dac] CH_A set to -3.764 V (code=20433)
"
518,140,25,-3.7642787234190793,-3.889996885686804,-0.1257181622677246,1784369028.781825,1784369030.219329,1784369029.500577,0.0591546747,"[dac] CH_A set to -3.890 V (code=20021)
"
519,140,26,-3.889996885686804,-4.0157150479545285,-0.1257181622677246,1784369030.219538,1784369031.644512,1784369030.932025,0.104735614,"[dac] CH_A set to -4.016 V (code=19609)
"
520,141,0,-3.8851615717534296,-3.81988483365288,0.06527673810054946,1784369060.186173,1784369061.624406,1784369060.9052896,0.0484297478,"[dac] CH_A set to -3.820 V (code=20251)
"
521,141,1,-3.81988483365288,-3.7546080955523307,0.06527673810054946,1784369061.6254249,1784369063.068927,1784369062.347176,0.0604952905,"[dac] CH_A set to -3.755 V (code=20465)
"
522,142,0,-3.8851615717534296,-3.7546080955523307,0.13055347620109892,1784369091.617325,1784369093.043922,1784369092.3306236,0.0698796015,"[dac] CH_A set to -3.755 V (code=20465)
"
523,142,1,-3.7546080955523307,-3.624054619351232,0.13055347620109847,1784369093.044949,1784369094.48959,1784369093.7672696,0.0551328271,"[dac] CH_A set to -3.624 V (code=20892)
"
524,142,2,-3.624054619351232,-3.4935011431501337,0.13055347620109847,1784369094.489803,1784369095.927038,1784369095.2084205,0.037704821,"[dac] CH_A set to -3.493 V (code=21320)
"
525,142,3,-3.4935011431501337,-3.362947666949035,0.13055347620109892,1784369095.927231,1784369097.375631,1784369096.651431,0.0175955831,"[dac] CH_A set to -3.363 V (code=21748)
"
526,142,4,-3.362947666949035,-3.232394190747936,0.13055347620109892,1784369097.375817,1784369098.8159528,1784369098.0958848,-0.0105569902,"[dac] CH_A set to -3.232 V (code=22176)
"
527,142,5,-3.232394190747936,-3.1018407145468374,0.13055347620109847,1784369098.816103,1784369100.244765,1784369099.5304341,0.037704821,"[dac] CH_A set to -3.102 V (code=22604)
"
528,142,6,-3.1018407145468374,-2.971287238345739,0.13055347620109847,1784369100.245045,1784369101.6735559,1784369100.9593005,0.0068708818,"[dac] CH_A set to -2.971 V (code=23031)
"
529,142,7,-2.971287238345739,-2.84073376214464,0.13055347620109892,1784369101.6737878,1784369103.111449,1784369102.3926184,0.0149143514,"[dac] CH_A set to -2.841 V (code=23459)
"
530,142,8,-2.84073376214464,-2.710180285943541,0.13055347620109892,1784369103.1118631,1784369104.544626,1784369103.8282447,0.018936199,"[dac] CH_A set to -2.710 V (code=23887)
"
531,142,9,-2.710180285943541,-2.5796268097424426,0.13055347620109847,1784369104.5448372,1784369105.9752278,1784369105.2600327,0.0511109795,"[dac] CH_A set to -2.580 V (code=24315)
"
532,142,10,-2.5796268097424426,-2.449073333541344,0.13055347620109847,1784369105.975449,1784369107.4110909,1784369106.69327,0.0832857601,"[dac] CH_A set to -2.449 V (code=24742)
"
533,142,11,-2.449073333541344,-2.3185198573402452,0.13055347620109892,1784369107.4113312,1784369108.853086,1784369108.1322086,0.0966919187,"[dac] CH_A set to -2.319 V (code=25170)
"
534,142,12,-2.3185198573402452,-2.1879663811391463,0.13055347620109892,1784369108.853407,1784369110.286247,1784369109.569827,0.118141772,"[dac] CH_A set to -2.188 V (code=25598)
"
535,142,13,-2.1879663811391463,-2.057412904938048,0.13055347620109847,1784369110.28653,1784369111.7259898,1784369111.00626,0.16104148,"[dac] CH_A set to -2.057 V (code=26026)
"
536,142,14,-2.057412904938048,-1.9268594287369492,0.1305534762010987,1784369111.726201,1784369113.161532,1784369112.4438665,0.197238108,"[dac] CH_A set to -1.927 V (code=26454)
"
537,142,15,-1.9268594287369492,-1.7963059525358505,0.1305534762010987,1784369113.161806,1784369114.586667,1784369113.8742366,0.225391041,"[dac] CH_A set to -1.796 V (code=26881)
"
538,142,16,-1.7963059525358505,-1.6657524763347515,0.13055347620109892,1784369114.586879,1784369116.033827,1784369115.310353,0.260247053,"[dac] CH_A set to -1.666 V (code=27309)
"
539,142,17,-1.6657524763347515,-1.535199000133653,0.13055347620109847,1784369116.0348532,1784369117.477942,1784369116.7563977,0.327277846,"[dac] CH_A set to -1.535 V (code=27737)
"
540,142,18,-1.535199000133653,-1.4046455239325546,0.13055347620109847,1784369117.478231,1784369118.926624,1784369118.2024274,0.36481509,"[dac] CH_A set to -1.405 V (code=28165)
"
541,142,19,-1.4046455239325546,-1.2740920477314557,0.13055347620109892,1784369118.9268758,1784369120.35315,1784369119.6400127,0.405033566,"[dac] CH_A set to -1.274 V (code=28593)
"
542,142,20,-1.2740920477314557,-1.1435385715303568,0.13055347620109892,1784369120.353347,1784369121.7797272,1784369121.0665371,0.496195444,"[dac] CH_A set to -1.143 V (code=29021)
"
543,142,21,-1.1435385715303568,-1.0129850953292583,0.13055347620109847,1784369121.779936,1784369123.2196531,1784369122.4997945,0.537754535,"[dac] CH_A set to -1.013 V (code=29448)
"
544,142,22,-1.0129850953292583,-0.8824316191281598,0.13055347620109847,1784369123.219981,1784369124.658134,1784369123.9390574,0.580654243,"[dac] CH_A set to -0.882 V (code=29876)
"
545,142,23,-0.8824316191281598,-0.7518781429270609,0.13055347620109892,1784369124.658337,1784369126.092845,1784369125.375591,0.649025652,"[dac] CH_A set to -0.752 V (code=30304)
"
546,142,24,-0.7518781429270609,-0.621324666725962,0.13055347620109892,1784369126.093112,1784369127.54469,1784369126.818901,0.714715829,"[dac] CH_A set to -0.621 V (code=30732)
"
547,142,25,-0.621324666725962,-0.4907711905248635,0.13055347620109847,1784369127.544897,1784369128.9870641,1784369128.2659807,0.77906539,"[dac] CH_A set to -0.491 V (code=31159)
"
548,142,26,-0.4907711905248635,-0.36021771432376504,0.13055347620109847,1784369128.9873211,1784369130.415352,1784369129.7013366,0.856821109,"[dac] CH_A set to -0.360 V (code=31587)
"
549,142,27,-0.36021771432376504,-0.22966423812266612,0.13055347620109892,1784369130.416385,1784369131.8574588,1784369131.136922,0.918489439,"[dac] CH_A set to -0.230 V (code=32015)
"
550,142,28,-0.22966423812266612,-0.0991107619215672,0.13055347620109892,1784369131.8576388,1784369133.2948968,1784369132.5762677,0.970773457,"[dac] CH_A set to -0.099 V (code=32443)
"
551,142,29,-0.0991107619215672,0.03144271427953127,0.13055347620109847,1784369133.295146,1784369134.736487,1784369134.0158165,1.02439809,"[dac] CH_A set to +0.031 V (code=32870)
"
552,142,30,0.03144271427953127,0.16199619048062974,0.13055347620109847,1784369134.7367969,1784369136.1792462,1784369135.4580216,1.09813196,"[dac] CH_A set to +0.162 V (code=33298)
"
553,142,31,0.16199619048062974,0.29254966668172866,0.13055347620109892,1784369136.179459,1784369137.6115782,1784369136.8955188,1.14237229,"[dac] CH_A set to +0.292 V (code=33726)
"
554,142,32,0.29254966668172866,0.4231031428828276,0.13055347620109892,1784369137.611823,1784369139.053174,1784369138.3324986,1.19465631,"[dac] CH_A set to +0.423 V (code=34154)
"
555,142,33,0.4231031428828276,0.5536566190839265,0.13055347620109892,1784369139.053407,1784369140.487825,1784369139.770616,1.24023724,"[dac] CH_A set to +0.554 V (code=34582)
"
556,142,34,0.5536566190839265,0.6842100952850245,0.13055347620109803,1784369140.48804,1784369141.928344,1784369141.2081919,1.30190557,"[dac] CH_A set to +0.684 V (code=35009)
"
557,142,35,0.6842100952850245,0.8147635714861234,0.13055347620109892,1784369141.928573,1784369143.3799198,1784369142.6542463,1.3635739,"[dac] CH_A set to +0.815 V (code=35437)
"
558,142,36,0.8147635714861234,0.9453170476872224,0.13055347620109892,1784369143.380125,1784369144.8298619,1784369144.1049933,1.39306745,"[dac] CH_A set to +0.945 V (code=35865)
"
559,142,37,0.9453170476872224,1.0758705238883204,0.13055347620109803,1784369144.830055,1784369146.255875,1784369145.542965,1.42926408,"[dac] CH_A set to +1.076 V (code=36293)
"
560,142,38,1.0758705238883204,1.2064240000894193,0.13055347620109892,1784369146.256109,1784369147.688218,1784369146.9721637,1.43730778,"[dac] CH_A set to +1.206 V (code=36721)
"
561,142,39,1.2064240000894193,1.3369774762905182,0.13055347620109892,1784369147.688472,1784369149.1367621,1784369148.4126172,1.50433857,"[dac] CH_A set to +1.337 V (code=37149)
"
562,142,40,1.3369774762905182,1.4675309524916171,0.13055347620109892,1784369149.13698,1784369150.583044,1784369149.860012,1.53115089,"[dac] CH_A set to +1.467 V (code=37576)
"
563,142,41,1.4675309524916171,1.598084428692716,0.13055347620109892,1784369150.5832489,1784369152.0197382,1784369151.3014936,1.54723828,"[dac] CH_A set to +1.598 V (code=38004)
"
564,142,42,1.598084428692716,1.728637904893814,0.13055347620109803,1784369152.0199249,1784369153.461505,1784369152.740715,1.5579632,"[dac] CH_A set to +1.729 V (code=38432)
"
565,142,43,1.728637904893814,1.859191381094913,0.13055347620109892,1784369153.462045,1784369154.89361,1784369154.1778274,1.59550045,"[dac] CH_A set to +1.859 V (code=38860)
"
566,142,44,1.859191381094913,1.989744857296012,0.13055347620109892,1784369154.893813,1784369156.3114738,1784369155.6026435,1.57002875,"[dac] CH_A set to +1.990 V (code=39287)
"
567,142,45,1.989744857296012,2.12029833349711,0.13055347620109803,1784369156.311698,1784369157.744769,1784369157.0282335,1.58477552,"[dac] CH_A set to +2.120 V (code=39715)
"
568,142,46,2.12029833349711,2.250851809698209,0.13055347620109892,1784369157.7452018,1784369159.178087,1784369158.4616444,1.59818168,"[dac] CH_A set to +2.251 V (code=40143)
"
569,142,47,2.250851809698209,2.3814052858993078,0.13055347620109892,1784369159.178303,1784369160.628126,1784369159.9032145,1.59952229,"[dac] CH_A set to +2.381 V (code=40571)
"
570,142,48,2.3814052858993078,2.5119587621004067,0.13055347620109892,1784369160.628392,1784369162.052093,1784369161.3402424,1.624994,"[dac] CH_A set to +2.512 V (code=40999)
"
571,142,49,2.5119587621004067,2.6425122383015056,0.13055347620109892,1784369162.05233,1784369163.494826,1784369162.7735782,1.57136936,"[dac] CH_A set to +2.642 V (code=41426)
"
572,142,50,2.6425122383015056,2.7730657145026036,0.13055347620109803,1784369163.495142,1784369164.9448261,1784369164.219984,1.57270998,"[dac] CH_A set to +2.773 V (code=41854)
"
573,142,51,2.7730657145026036,2.9036191907037026,0.13055347620109892,1784369164.945346,1784369166.3853838,1784369165.665365,1.52981027,"[dac] CH_A set to +2.904 V (code=42282)
"
574,142,52,2.9036191907037026,3.0341726669048015,0.13055347620109892,1784369166.3857841,1784369167.823978,1784369167.104881,1.4735044,"[dac] CH_A set to +3.034 V (code=42710)
"
575,142,53,3.0341726669048015,3.1647261431058995,0.13055347620109803,1784369167.824199,1784369169.261491,1784369168.542845,1.46277948,"[dac] CH_A set to +3.165 V (code=43137)
"
576,142,54,3.1647261431058995,3.2952796193069984,0.13055347620109892,1784369169.261701,1784369170.70803,1784369169.9848657,1.43194531,"[dac] CH_A set to +3.295 V (code=43565)
"
577,142,55,3.2952796193069984,3.4258330955080973,0.13055347620109892,1784369170.7082188,1784369172.145013,1784369171.426616,1.37563945,"[dac] CH_A set to +3.426 V (code=43993)
"
578,142,56,3.4258330955080973,3.5563865717091963,0.13055347620109892,1784369172.146208,1784369173.594176,1784369172.870192,1.35016774,"[dac] CH_A set to +3.556 V (code=44421)
"
579,142,57,3.5563865717091963,3.686940047910295,0.13055347620109892,1784369173.5944011,1784369175.019329,1784369174.3068652,1.28581818,"[dac] CH_A set to +3.687 V (code=44849)
"
580,142,58,3.686940047910295,3.817493524111393,0.13055347620109803,1784369175.01952,1784369176.455782,1784369175.7376509,1.24694032,"[dac] CH_A set to +3.818 V (code=45276)
"
581,142,59,3.817493524111393,3.948047000312492,0.13055347620109892,1784369176.4572449,1784369177.891644,1784369177.1744444,1.17454707,"[dac] CH_A set to +3.948 V (code=45704)
"
582,142,60,3.948047000312492,4.078600476513591,0.13055347620109892,1784369177.891856,1784369179.344873,1784369178.6183643,1.09411012,"[dac] CH_A set to +4.079 V (code=46132)
"
583,142,61,4.078600476513591,4.209153952714689,0.13055347620109803,1784369179.345089,1784369180.7782369,1784369180.061663,1.04584795,"[dac] CH_A set to +4.209 V (code=46560)
"
584,142,62,4.209153952714689,4.339707428915788,0.13055347620109892,1784369180.7785118,1784369182.2154791,1784369181.4969954,0.990882695,"[dac] CH_A set to +4.340 V (code=46988)
"
585,142,63,4.339707428915788,4.470260905116887,0.13055347620109892,1784369182.21568,1784369183.6570082,1784369182.9363441,0.918489439,"[dac] CH_A set to +4.470 V (code=47416)
"
586,142,64,4.470260905116887,4.600814381317986,0.13055347620109892,1784369183.657214,1784369185.093964,1784369184.375589,0.880952195,"[dac] CH_A set to +4.601 V (code=47843)
"
587,142,65,4.600814381317986,4.731367857519085,0.13055347620109892,1784369185.0950022,1784369186.539229,1784369185.8171155,0.836711871,"[dac] CH_A set to +4.731 V (code=48271)
"
588,142,66,4.731367857519085,4.861921333720184,0.13055347620109892,1784369186.5394502,1784369187.970104,1784369187.254777,0.765659231,"[dac] CH_A set to +4.862 V (code=48699)
"
589,142,67,4.861921333720184,4.992474809921283,0.13055347620109892,1784369187.970361,1784369189.3979452,1784369188.684153,0.697287822,"[dac] CH_A set to +4.992 V (code=49127)
"
590,142,68,4.992474809921283,5.12302828612238,0.13055347620109714,1784369189.3981462,1784369190.833036,1784369190.115591,0.64634442,"[dac] CH_A set to +5.123 V (code=49554)
"
591,142,69,5.12302828612238,5.253581762323479,0.13055347620109892,1784369190.83324,1784369192.260963,1784369191.5471015,0.556523157,"[dac] CH_A set to +5.254 V (code=49982)
"
592,142,70,5.253581762323479,5.3841352385245775,0.13055347620109892,1784369192.261151,1784369193.697674,1784369192.9794126,0.520326529,"[dac] CH_A set to +5.384 V (code=50410)
"
593,142,71,5.3841352385245775,5.5146887147256765,0.13055347620109892,1784369193.698758,1784369195.146762,1784369194.42276,0.422461572,"[dac] CH_A set to +5.515 V (code=50838)
"
594,142,72,5.5146887147256765,5.6452421909267745,0.13055347620109803,1784369195.147052,1784369196.58788,1784369195.867466,0.388946175,"[dac] CH_A set to +5.645 V (code=51265)
"
595,143,0,5.514688714725676,5.449411976625126,-0.06527673810054946,1784369225.091965,1784369226.520417,1784369225.806191,0.438548962,"[dac] CH_A set to +5.449 V (code=50624)
"
596,143,1,5.449411976625126,5.384135238524577,-0.06527673810054946,1784369226.520868,1784369227.9608572,1784369227.2408626,0.465361279,"[dac] CH_A set to +5.384 V (code=50410)
"
597,144,0,5.514688714725676,5.384135238524577,-0.13055347620109892,1784369256.513835,1784369257.952518,1784369257.2331765,0.422461572,"[dac] CH_A set to +5.384 V (code=50410)
"
598,144,1,5.384135238524577,5.253581762323479,-0.13055347620109803,1784369257.953624,1784369259.377483,1784369258.6655536,0.453295737,"[dac] CH_A set to +5.254 V (code=49982)
"
599,144,2,5.253581762323479,5.12302828612238,-0.13055347620109892,1784369259.3776839,1784369260.810904,1784369260.094294,0.517645298,"[dac] CH_A set to +5.123 V (code=49554)
"
600,144,3,5.12302828612238,4.992474809921282,-0.13055347620109803,1784369260.8112,1784369262.230359,1784369261.5207796,0.599422865,"[dac] CH_A set to +4.992 V (code=49127)
"
601,144,4,4.992474809921282,4.861921333720183,-0.13055347620109892,1784369262.2307148,1784369263.679359,1784369262.9550369,0.654388115,"[dac] CH_A set to +4.862 V (code=48699)
"
602,144,5,4.861921333720183,4.731367857519085,-0.13055347620109803,1784369263.6795719,1784369265.119242,1784369264.399407,0.718737676,"[dac] CH_A set to +4.731 V (code=48271)
"
603,144,6,4.731367857519085,4.600814381317986,-0.13055347620109892,1784369265.119504,1784369266.560251,1784369265.8398776,0.79515278,"[dac] CH_A set to +4.601 V (code=47843)
"
604,144,7,4.600814381317986,4.470260905116888,-0.13055347620109803,1784369266.56045,1784369268.001117,1784369267.2807837,0.831349408,"[dac] CH_A set to +4.470 V (code=47416)
"
605,144,8,4.470260905116888,4.339707428915789,-0.13055347620109892,1784369268.001645,1784369269.445951,1784369268.723798,0.901061433,"[dac] CH_A set to +4.340 V (code=46988)
"
606,145,0,4.470260905116888,4.535537643217437,0.06527673810054946,1784369297.97623,1784369299.424599,1784369298.7004144,0.791130932,"[dac] CH_A set to +4.536 V (code=47629)
"
607,145,1,4.535537643217437,4.600814381317987,0.06527673810054946,1784369299.4248,1784369300.869453,1784369300.1471264,0.757615536,"[dac] CH_A set to +4.601 V (code=47843)
"
608,146,0,4.470260905116888,4.342038740990809,-0.128222164126079,1784369329.413855,1784369330.8527858,1784369330.1333203,0.860842957,"[dac] CH_A set to +4.342 V (code=46995)
"
609,146,1,4.342038740990809,4.21381657686473,-0.128222164126079,1784369330.85299,1784369332.2994392,1784369331.5762146,0.917148823,"[dac] CH_A set to +4.214 V (code=46575)
"
610,146,2,4.21381657686473,4.085594412738651,-0.128222164126079,1784369332.2996962,1784369333.736135,1784369333.0179157,0.993563927,"[dac] CH_A set to +4.086 V (code=46155)
"
611,146,3,4.085594412738651,3.9573722486125713,-0.12822216412607945,1784369333.736296,1784369335.177721,1784369334.4570084,1.04584795,"[dac] CH_A set to +3.957 V (code=45735)
"
612,146,4,3.9573722486125713,3.8291500844864923,-0.128222164126079,1784369335.178145,1784369336.627966,1784369335.9030554,1.08070396,"[dac] CH_A set to +3.829 V (code=45315)
"
613,146,5,3.8291500844864923,3.7009279203604133,-0.128222164126079,1784369336.6281788,1784369338.068115,1784369337.348147,1.14505352,"[dac] CH_A set to +3.701 V (code=44894)
"
614,146,6,3.7009279203604133,3.5727057562343343,-0.128222164126079,1784369338.0686011,1784369339.50178,1784369338.7851906,1.19331569,"[dac] CH_A set to +3.573 V (code=44474)
"
615,146,7,3.5727057562343343,3.444483592108255,-0.12822216412607945,1784369339.502016,1784369340.9446778,1784369340.223347,1.25632463,"[dac] CH_A set to +3.444 V (code=44054)
"
616,146,8,3.444483592108255,3.316261427982176,-0.128222164126079,1784369340.94536,1784369342.385825,1784369341.6655924,1.29118065,"[dac] CH_A set to +3.316 V (code=43634)
"
617,146,9,3.316261427982176,3.188039263856097,-0.128222164126079,1784369342.386053,1784369343.835823,1784369343.110938,1.35284898,"[dac] CH_A set to +3.188 V (code=43214)
"
618,146,10,3.188039263856097,3.059817099730018,-0.128222164126079,1784369343.83608,1784369345.269513,1784369344.5527964,1.39306745,"[dac] CH_A set to +3.060 V (code=42794)
"
619,146,11,3.059817099730018,2.931594935603939,-0.128222164126079,1784369345.26978,1784369346.712669,1784369345.9912243,1.41853915,"[dac] CH_A set to +2.932 V (code=42374)
"
620,146,12,2.931594935603939,2.80337277147786,-0.128222164126079,1784369346.712899,1784369348.1657758,1784369347.4393373,1.49093241,"[dac] CH_A set to +2.803 V (code=41954)
"
621,146,13,2.80337277147786,2.675150607351781,-0.128222164126079,1784369348.165955,1784369349.588018,1784369348.8769865,1.49495426,"[dac] CH_A set to +2.675 V (code=41533)
"
622,146,14,2.675150607351781,2.5469284432257013,-0.12822216412607945,1784369349.58823,1784369351.027468,1784369350.307849,1.50433857,"[dac] CH_A set to +2.547 V (code=41113)
"
623,146,15,2.5469284432257013,2.4187062790996223,-0.128222164126079,1784369351.028519,1784369352.4713411,1784369351.74993,1.55662259,"[dac] CH_A set to +2.419 V (code=40693)
"
624,146,16,2.4187062790996223,2.2904841149735433,-0.128222164126079,1784369352.471532,1784369353.914858,1784369353.193195,1.56868813,"[dac] CH_A set to +2.290 V (code=40273)
"
625,146,17,2.2904841149735433,2.1622619508474643,-0.128222164126079,1784369353.915052,1784369355.3612459,1784369354.6381488,1.58075367,"[dac] CH_A set to +2.162 V (code=39853)
"
626,146,18,2.1622619508474643,2.034039786721385,-0.12822216412607945,1784369355.361568,1784369356.795278,1784369356.078423,1.59818168,"[dac] CH_A set to +2.034 V (code=39432)
"
627,146,19,2.034039786721385,1.9058176225953058,-0.128222164126079,1784369356.795487,1784369358.219213,1784369357.50735,1.5834349,"[dac] CH_A set to +1.906 V (code=39012)
"
628,146,20,1.9058176225953058,1.7775954584692268,-0.128222164126079,1784369358.219409,1784369359.654016,1784369358.9367125,1.61158784,"[dac] CH_A set to +1.778 V (code=38592)
"
629,146,21,1.7775954584692268,1.6493732943431478,-0.128222164126079,1784369359.65421,1784369361.094641,1784369360.3744254,1.60086291,"[dac] CH_A set to +1.649 V (code=38172)
"
630,146,22,1.6493732943431478,1.5211511302170688,-0.128222164126079,1784369361.0950952,1784369362.52719,1784369361.8111424,1.58477552,"[dac] CH_A set to +1.521 V (code=37752)
"
631,146,23,1.5211511302170688,1.3929289660909898,-0.128222164126079,1784369362.527439,1784369363.980698,1784369363.2540686,1.57807244,"[dac] CH_A set to +1.393 V (code=37332)
"
632,146,24,1.3929289660909898,1.2647068019649104,-0.12822216412607945,1784369363.980905,1784369365.41929,1784369364.7000976,1.56332567,"[dac] CH_A set to +1.265 V (code=36912)
"
633,146,25,1.2647068019649104,1.1364846378388314,-0.128222164126079,1784369365.419565,1784369366.8546948,1784369366.1371298,1.52042596,"[dac] CH_A set to +1.137 V (code=36492)
"
634,146,26,1.1364846378388314,1.0082624737127523,-0.128222164126079,1784369366.85486,1784369368.3025322,1784369367.5786963,1.5070198,"[dac] CH_A set to +1.008 V (code=36071)
"
635,146,27,1.0082624737127523,0.8800403095866733,-0.128222164126079,1784369368.302753,1784369369.74608,1784369369.0244164,1.46546071,"[dac] CH_A set to +0.880 V (code=35651)
"
636,146,28,0.8800403095866733,0.7518181454605943,-0.128222164126079,1784369369.746476,1784369371.1833012,1784369370.4648886,1.43194531,"[dac] CH_A set to +0.752 V (code=35231)
"
637,146,29,0.7518181454605943,0.6235959813345149,-0.12822216412607945,1784369371.183522,1784369372.6233978,1784369371.90346,1.39574868,"[dac] CH_A set to +0.624 V (code=34811)
"
638,146,30,0.6235959813345149,0.4953738172084359,-0.128222164126079,1784369372.6235871,1784369374.0704262,1784369373.3470068,1.38234253,"[dac] CH_A set to +0.495 V (code=34391)
"
639,146,31,0.4953738172084359,0.36715165308235687,-0.128222164126079,1784369374.070623,1784369375.5018082,1784369374.7862155,1.31665235,"[dac] CH_A set to +0.367 V (code=33971)
"
640,146,32,0.36715165308235687,0.23892948895627786,-0.128222164126079,1784369375.501995,1784369376.946909,1784369376.224452,1.25498402,"[dac] CH_A set to +0.239 V (code=33550)
"
641,146,33,0.23892948895627786,0.11070732483019885,-0.128222164126079,1784369376.947138,1784369378.380936,1784369377.664037,1.20135938,"[dac] CH_A set to +0.111 V (code=33130)
"
642,146,34,0.11070732483019885,-0.017514839295880158,-0.128222164126079,1784369378.381142,1784369379.82063,1784369379.1008859,1.16114091,"[dac] CH_A set to -0.018 V (code=32710)
"
643,146,35,-0.017514839295880158,-0.14573700342195917,-0.128222164126079,1784369379.820835,1784369381.259965,1784369380.5404,1.12762551,"[dac] CH_A set to -0.146 V (code=32290)
"
644,146,36,-0.14573700342195917,-0.2739591675480382,-0.128222164126079,1784369381.26016,1784369382.6932049,1784369381.9766824,1.09411012,"[dac] CH_A set to -0.274 V (code=31870)
"
645,146,37,-0.2739591675480382,-0.40218133167411807,-0.1282221641260799,1784369382.693459,1784369384.127268,1784369383.4103637,1.00562947,"[dac] CH_A set to -0.402 V (code=31450)
"
646,146,38,-0.40218133167411807,-0.5304034958001971,-0.128222164126079,1784369384.12756,1784369385.568778,1784369384.8481688,0.94396114,"[dac] CH_A set to -0.530 V (code=31030)
"
647,146,39,-0.5304034958001971,-0.6586256599262761,-0.128222164126079,1784369385.568974,1784369386.998158,1784369386.283566,0.847436798,"[dac] CH_A set to -0.659 V (code=30609)
"
648,146,40,-0.6586256599262761,-0.7868478240523551,-0.128222164126079,1784369386.9983318,1784369388.435858,1784369387.717095,0.824646329,"[dac] CH_A set to -0.787 V (code=30189)
"
649,146,41,-0.7868478240523551,-0.9150699881784341,-0.128222164126079,1784369388.436063,1784369389.872042,1784369389.1540525,0.761637384,"[dac] CH_A set to -0.915 V (code=29769)
"
650,146,42,-0.9150699881784341,-1.043292152304513,-0.128222164126079,1784369389.872229,1784369391.3020601,1784369390.5871446,0.659750578,"[dac] CH_A set to -1.043 V (code=29349)
"
651,146,43,-1.043292152304513,-1.1715143164305921,-0.128222164126079,1784369391.302401,1784369392.745501,1784369392.023951,0.632938261,"[dac] CH_A set to -1.171 V (code=28929)
"
652,146,44,-1.1715143164305921,-1.2997364805566711,-0.128222164126079,1784369392.745722,1784369394.1736598,1784369393.459691,0.561885621,"[dac] CH_A set to -1.300 V (code=28509)
"
653,146,45,-1.2997364805566711,-1.4279586446827501,-0.128222164126079,1784369394.173842,1784369395.603063,1784369394.8884525,0.514964066,"[dac] CH_A set to -1.428 V (code=28088)
"
654,146,46,-1.4279586446827501,-1.5561808088088291,-0.128222164126079,1784369395.603261,1784369397.033202,1784369396.3182316,0.480108054,"[dac] CH_A set to -1.556 V (code=27668)
"
655,146,47,-1.5561808088088291,-1.6844029729349081,-0.128222164126079,1784369397.033397,1784369398.463852,1784369397.7486243,0.405033566,"[dac] CH_A set to -1.684 V (code=27248)
"
656,146,48,-1.6844029729349081,-1.812625137060988,-0.1282221641260799,1784369398.464017,1784369399.9055202,1784369399.1847687,0.3487277,"[dac] CH_A set to -1.813 V (code=26828)
"
657,146,49,-1.812625137060988,-1.940847301187067,-0.128222164126079,1784369399.9065542,1784369401.343671,1784369400.6251125,0.28705937,"[dac] CH_A set to -1.941 V (code=26408)
"
658,146,50,-1.940847301187067,-2.069069465313146,-0.128222164126079,1784369401.343957,1784369402.784896,1784369402.0644264,0.265609517,"[dac] CH_A set to -2.069 V (code=25988)
"
659,146,51,-2.069069465313146,-2.197291629439225,-0.128222164126079,1784369402.785109,1784369404.2187011,1784369403.501905,0.203941187,"[dac] CH_A set to -2.197 V (code=25567)
"
660,146,52,-2.197291629439225,-2.325513793565304,-0.128222164126079,1784369404.2189288,1784369405.6598332,1784369404.9393811,0.16104148,"[dac] CH_A set to -2.326 V (code=25147)
"
661,146,53,-2.325513793565304,-2.453735957691383,-0.128222164126079,1784369405.6600761,1784369407.097097,1784369406.3785865,0.139591626,"[dac] CH_A set to -2.454 V (code=24727)
"
662,146,54,-2.453735957691383,-2.581958121817462,-0.128222164126079,1784369407.0975099,1784369408.535412,1784369407.816461,0.114119925,"[dac] CH_A set to -2.582 V (code=24307)
"
663,146,55,-2.581958121817462,-2.710180285943541,-0.128222164126079,1784369408.535672,1784369409.985402,1784369409.2605371,0.0698796015,"[dac] CH_A set to -2.710 V (code=23887)
"
664,147,0,-2.84073376214464,-2.9060105002451895,-0.06527673810054946,1784369438.5338109,1784369439.966679,1784369439.250245,0.0216174307,"[dac] CH_A set to -2.906 V (code=23245)
"
665,147,1,-2.9060105002451895,-2.971287238345739,-0.06527673810054946,1784369439.967129,1784369441.410079,1784369440.6886039,0.0256392783,"[dac] CH_A set to -2.971 V (code=23031)
"
666,148,0,-2.84073376214464,-2.7101802859435415,0.13055347620109847,1784369469.968925,1784369471.393867,1784369470.681396,0.0363642051,"[dac] CH_A set to -2.710 V (code=23887)
"
667,148,1,-2.7101802859435415,-2.5796268097424426,0.13055347620109892,1784369471.394061,1784369472.8434272,1784369472.1187441,0.0551328271,"[dac] CH_A set to -2.580 V (code=24315)
"
668,148,2,-2.5796268097424426,-2.449073333541344,0.13055347620109847,1784369472.843625,1784369474.287387,1784369473.565506,0.100713766,"[dac] CH_A set to -2.449 V (code=24742)
"
669,148,3,-2.449073333541344,-2.3185198573402457,0.13055347620109847,1784369474.287601,1784369475.728711,1784369475.0081558,0.132888547,"[dac] CH_A set to -2.319 V (code=25170)
"
670,148,4,-2.3185198573402457,-2.187966381139147,0.13055347620109847,1784369475.7289238,1784369477.175422,1784369476.4521728,0.155679016,"[dac] CH_A set to -2.188 V (code=25598)
"
671,148,5,-2.187966381139147,-2.0574129049380483,0.13055347620109892,1784369477.175621,1784369478.62028,1784369477.8979506,0.19991934,"[dac] CH_A set to -2.057 V (code=26026)
"
672,149,0,-1.9268594287369494,-1.8615826906364,0.06527673810054946,1784369507.1680808,1784369508.615554,1784369507.8918176,0.265609517,"[dac] CH_A set to -1.862 V (code=26668)
"
673,149,1,-1.8615826906364,-1.7963059525358505,0.06527673810054946,1784369508.61658,1784369510.0430899,1784369509.329835,0.273653212,"[dac] CH_A set to -1.796 V (code=26881)
"
674,150,0,-1.9268594287369494,-1.7992730769949665,0.12758635174198285,1784369538.568149,1784369540.0166311,1784369539.29239,0.295103065,"[dac] CH_A set to -1.799 V (code=26872)
"
675,150,1,-1.7992730769949665,-1.6716867252529837,0.12758635174198285,1784369540.0177898,1784369541.466909,1784369540.7423494,0.305827992,"[dac] CH_A set to -1.672 V (code=27290)
"
676,150,2,-1.6716867252529837,-1.544100373511001,0.12758635174198263,1784369541.4671261,1784369542.893492,1784369542.180309,0.38090248,"[dac] CH_A set to -1.544 V (code=27708)
"
677,150,3,-1.544100373511001,-1.416514021769018,0.12758635174198307,1784369542.893722,1784369544.330538,1784369543.6121302,0.413077261,"[dac] CH_A set to -1.416 V (code=28126)
"
678,150,4,-1.416514021769018,-1.2889276700270353,0.12758635174198263,1784369544.330772,1784369545.7847629,1784369545.0577674,0.464020663,"[dac] CH_A set to -1.289 V (code=28544)
"
679,150,5,-1.2889276700270353,-1.1613413182850525,0.12758635174198285,1784369545.784978,1784369547.207233,1784369546.4961054,0.514964066,"[dac] CH_A set to -1.161 V (code=28962)
"
680,150,6,-1.1613413182850525,-1.0337549665430696,0.12758635174198285,1784369547.207428,1784369548.6449978,1784369547.9262128,0.575291779,"[dac] CH_A set to -1.034 V (code=29380)
"
681,150,7,-1.0337549665430696,-0.9061686148010868,0.12758635174198285,1784369548.64522,1784369550.079488,1784369549.362354,0.610147792,"[dac] CH_A set to -0.906 V (code=29798)
"
682,150,8,-0.9061686148010868,-0.7785822630591039,0.12758635174198285,1784369550.079675,1784369551.495122,1784369550.7873983,0.666453658,"[dac] CH_A set to -0.779 V (code=30216)
"
683,150,9,-0.7785822630591039,-0.6509959113171211,0.12758635174198285,1784369551.49531,1784369552.9293199,1784369552.212315,0.742868762,"[dac] CH_A set to -0.651 V (code=30634)
"
684,150,10,-0.6509959113171211,-0.5234095595751382,0.12758635174198285,1784369552.929564,1784369554.370443,1784369553.6500034,0.787109085,"[dac] CH_A set to -0.523 V (code=31052)
"
685,150,11,-0.5234095595751382,-0.3958232078331556,0.12758635174198263,1784369554.3706508,1784369555.8120909,1784369555.0913708,0.876930347,"[dac] CH_A set to -0.396 V (code=31471)
"
686,150,12,-0.3958232078331556,-0.26823685609117276,0.12758635174198285,1784369555.81233,1784369557.2450318,1784369556.5286808,0.938598677,"[dac] CH_A set to -0.268 V (code=31889)
"
687,150,13,-0.26823685609117276,-0.1406505043491899,0.12758635174198285,1784369557.245404,1784369558.676579,1784369557.9609914,0.997585774,"[dac] CH_A set to -0.141 V (code=32306)
"
688,150,14,-0.1406505043491899,-0.013064152607207058,0.12758635174198285,1784369558.676901,1784369560.118581,1784369559.397741,1.05523226,"[dac] CH_A set to -0.013 V (code=32725)
"
689,150,15,-0.013064152607207058,0.11452219913477579,0.12758635174198285,1784369560.1188328,1784369561.558295,1784369560.838564,1.1008132,"[dac] CH_A set to +0.115 V (code=33143)
"
690,150,16,0.11452219913477579,0.24210855087675842,0.12758635174198263,1784369561.5586,1784369562.993624,1784369562.276112,1.15443783,"[dac] CH_A set to +0.242 V (code=33561)
"
691,150,17,0.24210855087675842,0.3696949026187415,0.12758635174198307,1784369562.993828,1784369564.4451761,1784369563.719502,1.21610616,"[dac] CH_A set to +0.370 V (code=33979)
"
692,150,18,0.3696949026187415,0.4972812543607241,0.12758635174198263,1784369564.445418,1784369565.8893719,1784369565.1673949,1.25632463,"[dac] CH_A set to +0.497 V (code=34397)
"
693,150,19,0.4972812543607241,0.6248676061027072,0.12758635174198307,1784369565.889575,1784369567.312929,1784369566.601252,1.33139912,"[dac] CH_A set to +0.625 V (code=34815)
"
694,150,20,0.6248676061027072,0.7524539578446898,0.12758635174198263,1784369567.3131258,1784369568.745097,1784369568.0291114,1.3716176,"[dac] CH_A set to +0.752 V (code=35233)
"
695,150,21,0.7524539578446898,0.8800403095866729,0.12758635174198307,1784369568.745318,1784369570.1936169,1784369569.4694674,1.37563945,"[dac] CH_A set to +0.880 V (code=35651)
"
696,150,22,0.8800403095866729,1.0076266613286555,0.12758635174198263,1784369570.193846,1784369571.627785,1784369570.9108155,1.44669209,"[dac] CH_A set to +1.008 V (code=36069)
"
697,150,23,1.0076266613286555,1.1352130130706382,0.12758635174198263,1784369571.62798,1784369573.0505788,1784369572.3392794,1.47216379,"[dac] CH_A set to +1.135 V (code=36487)
"
698,150,24,1.1352130130706382,1.2627993648126212,0.12758635174198307,1784369573.0508192,1784369574.490017,1784369573.7704182,1.50433857,"[dac] CH_A set to +1.263 V (code=36905)
"
699,150,25,1.2627993648126212,1.3903857165546039,0.12758635174198263,1784369574.4902809,1784369575.928499,1784369575.20939,1.54723828,"[dac] CH_A set to +1.390 V (code=37323)
"
700,150,26,1.3903857165546039,1.517972068296587,0.12758635174198307,1784369575.9286861,1784369577.3682072,1784369576.6484466,1.54589766,"[dac] CH_A set to +1.518 V (code=37742)
"
701,150,27,1.517972068296587,1.6455584200385696,0.12758635174198263,1784369577.368459,1784369578.796093,1784369578.0822759,1.5834349,"[dac] CH_A set to +1.646 V (code=38160)
"
702,150,28,1.6455584200385696,1.7731447717805526,0.12758635174198307,1784369578.796279,1784369580.21985,1784369579.5080645,1.6169503,"[dac] CH_A set to +1.773 V (code=38578)
"
703,150,29,1.7731447717805526,1.9007311235225353,0.12758635174198263,1784369580.220084,1784369581.653779,1784369580.9369316,1.59550045,"[dac] CH_A set to +1.901 V (code=38996)
"
704,150,30,1.9007311235225353,2.0283174752645183,0.12758635174198307,1784369581.65487,1784369583.10464,1784369582.379755,1.59818168,"[dac] CH_A set to +2.028 V (code=39414)
"
705,150,31,2.0283174752645183,2.155903827006501,0.12758635174198263,1784369583.104842,1784369584.5362508,1784369583.8205464,1.61963153,"[dac] CH_A set to +2.156 V (code=39832)
"
706,150,32,2.155903827006501,2.283490178748484,0.12758635174198307,1784369584.536458,1784369585.970201,1784369585.2533295,1.60354414,"[dac] CH_A set to +2.283 V (code=40250)
"
707,150,33,2.283490178748484,2.411076530490466,0.12758635174198218,1784369585.9707031,1784369587.407296,1784369586.6889997,1.59818168,"[dac] CH_A set to +2.411 V (code=40668)
"
708,150,34,2.411076530490466,2.5386628822324493,0.12758635174198307,1784369587.4075022,1784369588.851916,1784369588.1297092,1.58075367,"[dac] CH_A set to +2.539 V (code=41086)
"
709,150,35,2.5386628822324493,2.6662492339744324,0.12758635174198307,1784369588.852182,1784369590.300962,1784369589.576572,1.55260074,"[dac] CH_A set to +2.666 V (code=41504)
"
710,150,36,2.6662492339744324,2.7938355857164154,0.12758635174198307,1784369590.301158,1784369591.751296,1784369591.026227,1.53651335,"[dac] CH_A set to +2.794 V (code=41922)
"
711,150,37,2.7938355857164154,2.9214219374583976,0.12758635174198218,1784369591.751723,1784369593.192896,1784369592.4723096,1.51372288,"[dac] CH_A set to +2.921 V (code=42340)
"
712,150,38,2.9214219374583976,3.0490082892003807,0.12758635174198307,1784369593.193089,1784369594.6399739,1784369593.9165316,1.47082317,"[dac] CH_A set to +3.049 V (code=42758)
"
713,150,39,3.0490082892003807,3.1765946409423638,0.12758635174198307,1784369594.6401448,1784369596.076734,1784369595.3584394,1.43596716,"[dac] CH_A set to +3.177 V (code=43176)
"
714,150,40,3.1765946409423638,3.304180992684346,0.12758635174198218,1784369596.077837,1784369597.518393,1784369596.798115,1.39172684,"[dac] CH_A set to +3.304 V (code=43595)
"
715,150,41,3.304180992684346,3.431767344426329,0.12758635174198307,1784369597.518589,1784369598.958446,1784369598.2385175,1.36491452,"[dac] CH_A set to +3.432 V (code=44013)
"
716,150,42,3.431767344426329,3.559353696168312,0.12758635174198307,1784369598.9586282,1784369600.4030159,1784369599.680822,1.29922434,"[dac] CH_A set to +3.559 V (code=44431)
"
717,150,43,3.559353696168312,3.686940047910295,0.12758635174198307,1784369600.4032562,1784369601.846415,1784369601.1248355,1.29252126,"[dac] CH_A set to +3.687 V (code=44849)
"
718,151,0,3.5563865717091963,3.491109833608647,-0.06527673810054946,1784369630.394312,1784369631.8342469,1784369631.1142793,1.31397112,"[dac] CH_A set to +3.491 V (code=44207)
"
719,151,1,3.491109833608647,3.4258330955080973,-0.06527673810054946,1784369631.835358,1784369633.272653,1784369632.5540056,1.31933358,"[dac] CH_A set to +3.426 V (code=43993)
"
720,152,0,3.5563865717091963,3.4388884431282074,-0.11749812858098885,1784369662.000246,1784369663.41888,1784369662.709563,1.30324619,"[dac] CH_A set to +3.439 V (code=44036)
"
721,152,1,3.4388884431282074,3.3213903145472186,-0.11749812858098885,1784369663.419926,1784369664.838393,1784369664.1291595,1.33408035,"[dac] CH_A set to +3.321 V (code=43651)
"
722,152,2,3.3213903145472186,3.2038921859662297,-0.11749812858098885,1784369664.8385909,1784369666.2634408,1784369665.5510159,1.40111115,"[dac] CH_A set to +3.204 V (code=43266)
"
723,152,3,3.2038921859662297,3.086394057385241,-0.11749812858098885,1784369666.2636428,1784369667.675236,1784369666.9694395,1.41987977,"[dac] CH_A set to +3.086 V (code=42881)
"
724,152,4,3.086394057385241,2.968895928804252,-0.11749812858098885,1784369667.6754591,1784369669.1036642,1784369668.3895617,1.46412009,"[dac] CH_A set to +2.969 V (code=42496)
"
725,152,5,2.968895928804252,2.851397800223263,-0.11749812858098885,1784369669.106731,1784369670.527082,1784369669.8169065,1.50031672,"[dac] CH_A set to +2.851 V (code=42111)
"
726,152,6,2.851397800223263,2.7338996716422743,-0.11749812858098885,1784369670.527255,1784369671.944593,1784369671.235924,1.49763549,"[dac] CH_A set to +2.734 V (code=41726)
"
727,152,7,2.7338996716422743,2.6164015430612855,-0.11749812858098885,1784369671.9447849,1784369673.366157,1784369672.6554708,1.56198505,"[dac] CH_A set to +2.616 V (code=41341)
"
728,152,8,2.6164015430612855,2.4989034144802966,-0.11749812858098885,1784369673.366391,1784369674.783662,1784369674.0750265,1.55394135,"[dac] CH_A set to +2.499 V (code=40956)
"
729,152,9,2.4989034144802966,2.3814052858993078,-0.11749812858098885,1784369674.784039,1784369676.203279,1784369675.493659,1.56064443,"[dac] CH_A set to +2.381 V (code=40571)
"
730,153,0,2.5119587621004067,2.577235500200956,0.06527673810054946,1784369704.516705,1784369705.940185,1784369705.228445,1.55394135,"[dac] CH_A set to +2.577 V (code=41212)
"
731,153,1,2.577235500200956,2.6425122383015056,0.06527673810054946,1784369705.941206,1784369707.36659,1784369706.653898,1.53919458,"[dac] CH_A set to +2.642 V (code=41426)
"
732,154,0,2.5119587621004067,2.3814052858993078,-0.13055347620109892,1784369735.6534111,1784369737.076981,1784369736.3651962,1.56064443,"[dac] CH_A set to +2.381 V (code=40571)
"
733,154,1,2.3814052858993078,2.2508518096982093,-0.13055347620109847,1784369737.0781,1784369738.4973671,1784369737.7877336,1.59550045,"[dac] CH_A set to +2.251 V (code=40143)
"
734,154,2,2.2508518096982093,2.120298333497111,-0.13055347620109847,1784369738.497548,1784369739.917233,1784369739.2073905,1.6089066,"[dac] CH_A set to +2.120 V (code=39715)
"
735,154,3,2.120298333497111,1.989744857296012,-0.13055347620109892,1784369739.917444,1784369741.338969,1784369740.6282065,1.57673182,"[dac] CH_A set to +1.990 V (code=39287)
"
736,154,4,1.989744857296012,1.8591913810949132,-0.1305534762010987,1784369741.3391612,1784369742.760882,1784369742.0500216,1.60488476,"[dac] CH_A set to +1.859 V (code=38860)
"
737,154,5,1.8591913810949132,1.7286379048938145,-0.1305534762010987,1784369742.7611232,1784369744.180467,1784369743.4707952,1.58477552,"[dac] CH_A set to +1.729 V (code=38432)
"
738,154,6,1.7286379048938145,1.5980844286927158,-0.1305534762010987,1784369744.180637,1784369745.596888,1784369744.8887625,1.57539121,"[dac] CH_A set to +1.598 V (code=38004)
"
739,154,7,1.5980844286927158,1.4675309524916171,-0.1305534762010987,1784369745.597077,1784369747.021368,1784369746.3092225,1.57405059,"[dac] CH_A set to +1.467 V (code=37576)
"
740,154,8,1.4675309524916171,1.3369774762905184,-0.1305534762010987,1784369747.021566,1784369748.444056,1784369747.732811,1.54857889,"[dac] CH_A set to +1.337 V (code=37149)
"
741,154,9,1.3369774762905184,1.2064240000894197,-0.1305534762010987,1784369748.445097,1784369749.866688,1784369749.1558924,1.54991951,"[dac] CH_A set to +1.206 V (code=36721)
"
742,154,10,1.2064240000894197,1.075870523888321,-0.1305534762010987,1784369749.867455,1784369751.286748,1784369750.5771015,1.53115089,"[dac] CH_A set to +1.076 V (code=36293)
"
743,154,11,1.075870523888321,0.9453170476872224,-0.1305534762010987,1784369751.286968,1784369752.709431,1784369751.9981995,1.47216379,"[dac] CH_A set to +0.945 V (code=35865)
"
744,154,12,0.9453170476872224,0.8147635714861237,-0.1305534762010987,1784369752.709627,1784369754.13025,1784369753.4199386,1.43998901,"[dac] CH_A set to +0.815 V (code=35437)
"
745,154,13,0.8147635714861237,0.684210095285025,-0.1305534762010987,1784369754.131283,1784369755.5506098,1784369754.8409464,1.37832068,"[dac] CH_A set to +0.684 V (code=35009)
"
746,154,14,0.684210095285025,0.5536566190839263,-0.1305534762010987,1784369755.550806,1784369756.974879,1784369756.2628427,1.36759575,"[dac] CH_A set to +0.554 V (code=34582)
"
747,154,15,0.5536566190839263,0.4231031428828276,-0.1305534762010987,1784369756.975061,1784369758.397641,1784369757.6863508,1.30190557,"[dac] CH_A set to +0.423 V (code=34154)
"
748,154,16,0.4231031428828276,0.29254966668172866,-0.13055347620109892,1784369758.397862,1784369759.8165178,1784369759.10719,1.2616871,"[dac] CH_A set to +0.292 V (code=33726)
"
749,154,17,0.29254966668172866,0.1619961904806302,-0.13055347620109847,1784369759.817292,1784369761.243299,1784369760.5302954,1.21610616,"[dac] CH_A set to +0.162 V (code=33298)
"
750,154,18,0.1619961904806302,0.031442714279531714,-0.13055347620109847,1784369761.2435489,1784369762.6693661,1784369761.9564576,1.15443783,"[dac] CH_A set to +0.031 V (code=32870)
"
751,154,19,0.031442714279531714,-0.0991107619215672,-0.13055347620109892,1784369762.669652,1784369764.0961962,1784369763.382924,1.11019751,"[dac] CH_A set to -0.099 V (code=32443)
"
752,154,20,-0.0991107619215672,-0.22966423812266612,-0.13055347620109892,1784369764.0964422,1784369765.510263,1784369764.8033526,1.05389164,"[dac] CH_A set to -0.230 V (code=32015)
"
753,154,21,-0.22966423812266612,-0.3602177143237646,-0.13055347620109847,1784369765.510839,1784369766.931509,1784369766.221174,0.992223311,"[dac] CH_A set to -0.360 V (code=31587)
"
754,154,22,-0.3602177143237646,-0.49077119052486307,-0.13055347620109847,1784369766.93171,1784369768.350351,1784369767.6410306,0.929214366,"[dac] CH_A set to -0.491 V (code=31159)
"
755,154,23,-0.49077119052486307,-0.621324666725962,-0.13055347620109892,1784369768.350999,1784369769.766909,1784369769.058954,0.842074335,"[dac] CH_A set to -0.621 V (code=30732)
"
756,154,24,-0.621324666725962,-0.7518781429270609,-0.13055347620109892,1784369769.767162,1784369771.193981,1784369770.4805715,0.796493396,"[dac] CH_A set to -0.752 V (code=30304)
"
757,155,0,-0.8824316191281598,-0.9477083572287093,-0.06527673810054946,1784369799.482859,1784369800.8997068,1784369800.1912827,0.697287822,"[dac] CH_A set to -0.948 V (code=29662)
"
758,155,1,-0.9477083572287093,-1.0129850953292587,-0.06527673810054946,1784369800.900816,1784369802.318176,1784369801.609496,0.647685036,"[dac] CH_A set to -1.013 V (code=29448)
"
759,156,0,-0.8824316191281598,-0.9912261826290755,-0.10879456350091565,1784369830.616521,1784369832.0352042,1784369831.3258624,0.671816121,"[dac] CH_A set to -0.991 V (code=29520)
"
760,156,1,-0.9912261826290755,-1.1000207461299911,-0.10879456350091565,1784369832.0354078,1784369833.4601521,1784369832.7477798,0.616850871,"[dac] CH_A set to -1.100 V (code=29163)
"
761,156,2,-1.1000207461299911,-1.2088153096309067,-0.10879456350091554,1784369833.4603672,1784369834.8800042,1784369834.1701856,0.539095151,"[dac] CH_A set to -1.209 V (code=28807)
"
762,156,3,-1.2088153096309067,-1.3176098731318222,-0.10879456350091554,1784369834.880348,1784369836.310869,1784369835.5956085,0.501557907,"[dac] CH_A set to -1.318 V (code=28450)
"
763,156,4,-1.3176098731318222,-1.4264044366327377,-0.10879456350091554,1784369836.311059,1784369837.731623,1784369837.0213408,0.461339432,"[dac] CH_A set to -1.426 V (code=28094)
"
764,156,5,-1.4264044366327377,-1.5351990001336535,-0.10879456350091576,1784369837.73182,1784369839.1551292,1784369838.4434748,0.413077261,"[dac] CH_A set to -1.535 V (code=27737)
"
765,157,0,-1.4046455239325546,-1.3393687858320051,0.06527673810054946,1784369867.44343,1784369868.8720052,1784369868.1577177,0.481448669,"[dac] CH_A set to -1.339 V (code=28379)
"
766,157,1,-1.3393687858320051,-1.2740920477314557,0.06527673810054946,1784369868.8730419,1784369870.295614,1784369869.584328,0.505579755,"[dac] CH_A set to -1.274 V (code=28593)
"
767,158,0,-1.4046455239325546,-1.2777185331814864,0.12692699075106817,1784369898.615262,1784369900.0355499,1784369899.325406,0.49753606,"[dac] CH_A set to -1.278 V (code=28581)
"
768,158,1,-1.2777185331814864,-1.1507915424304183,0.12692699075106817,1784369900.036745,1784369901.458598,1784369900.7476716,0.539095151,"[dac] CH_A set to -1.151 V (code=28997)
"
769,158,2,-1.1507915424304183,-1.0238645516793499,0.1269269907510684,1784369901.458899,1784369902.877599,1784369902.1682491,0.598082249,"[dac] CH_A set to -1.024 V (code=29412)
"
770,158,3,-1.0238645516793499,-0.8969375609282818,0.12692699075106806,1784369902.8778062,1784369904.3053162,1784369903.5915613,0.636960109,"[dac] CH_A set to -0.897 V (code=29829)
"
771,158,4,-0.8969375609282818,-0.7700105701772136,0.12692699075106817,1784369904.305491,1784369905.725176,1784369905.0153337,0.729462603,"[dac] CH_A set to -0.770 V (code=30244)
"
772,158,5,-0.7700105701772136,-0.6430835794261454,0.12692699075106828,1784369905.725405,1784369907.1439948,1784369906.4347,0.761637384,"[dac] CH_A set to -0.643 V (code=30660)
"
773,158,6,-0.6430835794261454,-0.5161565886750772,0.12692699075106817,1784369907.144195,1784369908.562002,1784369907.8530984,0.825986945,"[dac] CH_A set to -0.516 V (code=31076)
"
774,158,7,-0.5161565886750772,-0.389229597924009,0.12692699075106817,1784369908.5622022,1784369909.980376,1784369909.271289,0.897039585,"[dac] CH_A set to -0.389 V (code=31492)
"
775,158,8,-0.389229597924009,-0.26230260717294085,0.12692699075106817,1784369909.981206,1784369911.408515,1784369910.6948605,0.957367299,"[dac] CH_A set to -0.262 V (code=31908)
"
776,158,9,-0.26230260717294085,-0.13537561642187268,0.12692699075106817,1784369911.408756,1784369912.828374,1784369912.118565,1.04316671,"[dac] CH_A set to -0.135 V (code=32324)
"
777,158,10,-0.13537561642187268,-0.00844862567080451,0.12692699075106817,1784369912.828595,1784369914.24702,1784369913.5378075,1.0592541,"[dac] CH_A set to -0.008 V (code=32740)
"
778,158,11,-0.00844862567080451,0.11847836508026388,0.1269269907510684,1784369914.2473128,1784369915.673774,1784369914.9605434,1.13030674,"[dac] CH_A set to +0.119 V (code=33156)
"
779,158,12,0.11847836508026388,0.24540535583133205,0.12692699075106817,1784369915.6739771,1784369917.098732,1784369916.3863544,1.17990953,"[dac] CH_A set to +0.245 V (code=33572)
"
780,158,13,0.24540535583133205,0.3723323465824002,0.12692699075106817,1784369917.0989382,1784369918.512863,1784369917.8059006,1.21878739,"[dac] CH_A set to +0.372 V (code=33987)
"
781,158,14,0.3723323465824002,0.4992593373334684,0.12692699075106817,1784369918.513061,1784369919.932502,1784369919.2227817,1.29654311,"[dac] CH_A set to +0.499 V (code=34404)
"
782,158,15,0.4992593373334684,0.6261863280845366,0.12692699075106817,1784369919.932805,1784369921.352472,1784369920.6426387,1.34346467,"[dac] CH_A set to +0.626 V (code=34819)
"
783,158,16,0.6261863280845366,0.753113318835605,0.1269269907510684,1784369921.353546,1784369922.7751198,1784369922.064333,1.36625513,"[dac] CH_A set to +0.753 V (code=35235)
"
784,158,17,0.753113318835605,0.8800403095866729,0.12692699075106795,1784369922.7753248,1784369924.190172,1784369923.4827485,1.42658285,"[dac] CH_A set to +0.880 V (code=35651)
"
785,158,18,0.8800403095866729,1.0069673003377413,0.1269269907510684,1784369924.190363,1784369925.610605,1784369924.900484,1.45741701,"[dac] CH_A set to +1.007 V (code=36067)
"
786,158,19,1.0069673003377413,1.1338942910888092,0.12692699075106795,1784369925.610803,1784369927.0314019,1784369926.3211024,1.49227303,"[dac] CH_A set to +1.134 V (code=36483)
"
787,158,20,1.1338942910888092,1.2608212818398776,0.1269269907510684,1784369927.031599,1784369928.458379,1784369927.744989,1.50567918,"[dac] CH_A set to +1.261 V (code=36899)
"
788,158,21,1.2608212818398776,1.3877482725909456,0.12692699075106795,1784369928.4585931,1784369929.8830972,1784369929.170845,1.52578842,"[dac] CH_A set to +1.388 V (code=37315)
"
789,158,22,1.3877482725909456,1.514675263342014,0.1269269907510684,1784369929.884183,1784369931.301604,1784369930.5928936,1.56868813,"[dac] CH_A set to +1.515 V (code=37731)
"
790,158,23,1.514675263342014,1.6416022540930824,0.1269269907510684,1784369931.3018298,1784369932.721524,1784369932.0116768,1.58879737,"[dac] CH_A set to +1.642 V (code=38147)
"
791,158,24,1.6416022540930824,1.7685292448441503,0.12692699075106795,1784369932.7217898,1784369934.1494882,1784369933.435639,1.60086291,"[dac] CH_A set to +1.768 V (code=38562)
"
792,158,25,1.7685292448441503,1.8954562355952187,0.1269269907510684,1784369934.1497128,1784369935.574694,1784369934.8622034,1.60086291,"[dac] CH_A set to +1.895 V (code=38979)
"
793,158,26,1.8954562355952187,2.0223832263462866,0.12692699075106795,1784369935.574908,1784369936.9963279,1784369936.2856178,1.59415983,"[dac] CH_A set to +2.022 V (code=39394)
"
794,158,27,2.0223832263462866,2.149310217097355,0.1269269907510684,1784369936.99728,1784369938.4217012,1784369937.7094905,1.59818168,"[dac] CH_A set to +2.149 V (code=39810)
"
795,158,28,2.149310217097355,2.276237207848423,0.12692699075106795,1784369938.42193,1784369939.846011,1784369939.1339705,1.57270998,"[dac] CH_A set to +2.276 V (code=40226)
"
796,158,29,2.276237207848423,2.4031641985994914,0.1269269907510684,1784369939.846217,1784369941.267212,1784369940.5567145,1.56198505,"[dac] CH_A set to +2.403 V (code=40642)
"
797,158,30,2.4031641985994914,2.5300911893505593,0.12692699075106795,1784369941.267426,1784369942.6928241,1784369941.980125,1.5579632,"[dac] CH_A set to +2.530 V (code=41058)
"
798,158,31,2.5300911893505593,2.6570181801016277,0.1269269907510684,1784369942.69394,1784369944.118022,1784369943.405981,1.56198505,"[dac] CH_A set to +2.657 V (code=41474)
"
799,158,32,2.6570181801016277,2.7839451708526957,0.12692699075106795,1784369944.118429,1784369945.53925,1784369944.8288393,1.50031672,"[dac] CH_A set to +2.784 V (code=41890)
"
800,158,33,2.7839451708526957,2.9108721616037645,0.12692699075106884,1784369945.5394502,1784369946.963438,1784369946.251444,1.49495426,"[dac] CH_A set to +2.911 V (code=42306)
"
801,158,34,2.9108721616037645,3.0377991523548324,0.12692699075106795,1784369946.963646,1784369948.3846111,1784369947.6741285,1.48422933,"[dac] CH_A set to +3.038 V (code=42722)
"
802,158,35,3.0377991523548324,3.1647261431059004,0.12692699075106795,1784369948.3848362,1784369949.80453,1784369949.0946832,1.45741701,"[dac] CH_A set to +3.165 V (code=43137)
"
803,159,0,3.0341726669048015,2.968895928804252,-0.06527673810054946,1784369978.187636,1784369979.6351209,1784369978.9113784,1.46412009,"[dac] CH_A set to +2.969 V (code=42496)
"
804,159,1,2.968895928804252,2.9036191907037026,-0.06527673810054946,1784369979.6362162,1784369981.0584462,1784369980.347331,1.5070198,"[dac] CH_A set to +2.904 V (code=42282)
"
805,160,0,3.0341726669048015,2.9104904262932343,-0.12368224061156718,1784370009.6334589,1784370011.0758011,1784370010.35463,1.50299795,"[dac] CH_A set to +2.911 V (code=42304)
"
806,160,1,2.9104904262932343,2.786808185681667,-0.12368224061156718,1784370011.0768871,1784370012.516355,1784370011.796621,1.47618564,"[dac] CH_A set to +2.787 V (code=41899)
"
807,160,2,2.786808185681667,2.6631259450701,-0.12368224061156718,1784370012.516546,1784370013.950173,1784370013.2333593,1.56064443,"[dac] CH_A set to +2.663 V (code=41494)
"
808,160,3,2.6631259450701,2.5394437044585327,-0.12368224061156718,1784370013.9504771,1784370015.383069,1784370014.666773,1.53785396,"[dac] CH_A set to +2.539 V (code=41088)
"
809,160,4,2.5394437044585327,2.4157614638469656,-0.12368224061156718,1784370015.383272,1784370016.815553,1784370016.0994124,1.57941306,"[dac] CH_A set to +2.416 V (code=40683)
"
810,160,5,2.4157614638469656,2.2920792232353984,-0.12368224061156718,1784370016.815742,1784370018.2422569,1784370017.5289993,1.57270998,"[dac] CH_A set to +2.292 V (code=40278)
"
811,160,6,2.2920792232353984,2.1683969826238307,-0.12368224061156763,1784370018.242508,1784370019.683549,1784370018.9630284,1.59281921,"[dac] CH_A set to +2.168 V (code=39873)
"
812,160,7,2.1683969826238307,2.044714742012264,-0.12368224061156674,1784370019.683742,1784370021.112284,1784370020.398013,1.57673182,"[dac] CH_A set to +2.045 V (code=39467)
"
813,160,8,2.044714742012264,1.9210325014006966,-0.1236822406115674,1784370021.112479,1784370022.538091,1784370021.825285,1.60622537,"[dac] CH_A set to +1.921 V (code=39062)
"
814,160,9,1.9210325014006966,1.7973502607891294,-0.12368224061156718,1784370022.538281,1784370023.972849,1784370023.255565,1.57270998,"[dac] CH_A set to +1.797 V (code=38657)
"
815,160,10,1.7973502607891294,1.6736680201775622,-0.12368224061156718,1784370023.973057,1784370025.4172,1784370024.6951284,1.58477552,"[dac] CH_A set to +1.674 V (code=38252)
"
816,160,11,1.6736680201775622,1.5499857795659948,-0.1236822406115674,1784370025.417669,1784370026.8586218,1784370026.1381454,1.5834349,"[dac] CH_A set to +1.550 V (code=37846)
"
817,160,12,1.5499857795659948,1.4263035389544276,-0.12368224061156718,1784370026.8588412,1784370028.311051,1784370027.5849462,1.53919458,"[dac] CH_A set to +1.426 V (code=37441)
"
818,160,13,1.4263035389544276,1.3026212983428604,-0.12368224061156718,1784370028.311299,1784370029.754209,1784370029.032754,1.54991951,"[dac] CH_A set to +1.303 V (code=37036)
"
819,160,14,1.3026212983428604,1.1789390577312933,-0.12368224061156718,1784370029.754442,1784370031.191927,1784370030.4731846,1.53651335,"[dac] CH_A set to +1.179 V (code=36630)
"
820,160,15,1.1789390577312933,1.055256817119726,-0.12368224061156718,1784370031.192273,1784370032.628258,1784370031.9102654,1.51506349,"[dac] CH_A set to +1.055 V (code=36225)
"
821,160,16,1.055256817119726,0.9315745765081589,-0.12368224061156718,1784370032.6284502,1784370034.07444,1784370033.3514452,1.47216379,"[dac] CH_A set to +0.932 V (code=35820)
"
822,160,17,0.9315745765081589,0.8078923358965917,-0.12368224061156718,1784370034.074633,1784370035.515679,1784370034.795156,1.40915484,"[dac] CH_A set to +0.808 V (code=35415)
"
823,160,18,0.8078923358965917,0.6842100952850245,-0.12368224061156718,1784370035.5160902,1784370036.965566,1784370036.240828,1.38234253,"[dac] CH_A set to +0.684 V (code=35009)
"
824,161,0,0.8147635714861234,0.8800403095866729,0.06527673810054946,1784370065.497189,1784370066.925678,1784370066.2114334,1.43998901,"[dac] CH_A set to +0.880 V (code=35651)
"
825,161,1,0.8800403095866729,0.9453170476872224,0.06527673810054946,1784370066.926722,1784370068.37619,1784370067.6514559,1.44669209,"[dac] CH_A set to +0.945 V (code=35865)
"
