repeat_sequence_index,point_ordinal,grid_index,block_index,condition,condition_ordinal,repeat_index,bias,approach_bias,restart_gen,restart_acq,t_restart_start_unix,t_restart_end_unix,t_discard_start_unix,t_discard_end_unix,t_acq_first_attempt_start_unix,discard_read_retries,formal_read_retries,t_dmm_pre1_start_unix,t_dmm_pre1_end_unix,dc_dmm_pre1,t_dmm_pre2_start_unix,t_dmm_pre2_end_unix,dc_dmm_pre2,t_acq_start_unix,t_acq_end_unix,t_acq_mid_unix,t_dmm_post1_start_unix,t_dmm_post1_end_unix,dc_dmm_post1,t_dmm_post2_start_unix,t_dmm_post2_end_unix,dc_dmm_post2,dc_board,I1,Q1,I2,Q2,rawadc_version,rawadc_scope,rawadc_expected,rawadc_used,rawadc_read_fail,rawadc_blocks,rawadc_complete,rawadc_timeout,rawadc_gain,rawadc_fs_uv,rawadc_guard,rawadc_crc,rawadc_ch0_min,rawadc_ch0_max,rawadc_ch0_rail_lo,rawadc_ch0_rail_hi,rawadc_ch0_guard_lo,rawadc_ch0_guard_hi,rawadc_windows
0,0,40,0,none,0,0,0.8147635714861234,0.6842100952850247,0,0,1784288191.931627,1784288191.931627,1784288192.6647968,1784288193.550077,1784288193.9682271,0,0,1784288193.551732,1784288193.7573829,1.55260074,1784288193.757392,1784288193.967293,1.57002875,1784288193.9682271,1784288196.0463302,1784288195.010017,1784288196.046852,1784288196.254869,1.58477552,1784288196.2548711,1784288196.462517,1.57136936,1.2,0.19798300000000002,0.338986,-0.0023025,0.0033955,1,acq,40960,40960,0,32,True,False,1,1200000,8381618,False,-2924767,2971854,0,0,0,0,2
1,0,40,0,none,0,1,0.8147635714861234,0.6842100952850247,0,0,1784288196.4684749,1784288196.4684749,1784288197.199403,1784288198.078971,1784288198.49952,0,0,1784288198.079448,1784288198.289301,1.5579632,1784288198.289304,1784288198.4995048,1.57807244,1784288198.49952,1784288200.5865521,1784288199.542727,1784288200.588195,1784288200.7956412,1.57002875,1784288200.7956429,1784288200.996381,1.55394135,1.2,0.197484,0.338246,-0.002333,0.0034265,1,acq,40960,40960,0,32,True,False,1,1200000,8381618,False,-2886743,2940096,0,0,0,0,2
2,0,40,0,none,0,2,0.8147635714861234,0.6842100952850247,0,0,1784288201.000971,1784288201.000971,1784288201.7320561,1784288202.6168902,1784288203.0246542,0,0,1784288202.617471,1784288202.821621,1.58209429,1784288202.821623,1784288203.024642,1.56466628,1784288203.0246542,1784288205.10896,1784288204.0666199,1784288205.1097002,1784288205.3161888,1.55126012,1784288205.316193,1784288205.527027,1.58075367,1.2,0.196745,0.337136,-0.0023014999999999997,0.0034175,1,acq,40960,40960,0,32,True,False,1,1200000,8381618,False,-2915621,3002003,0,0,0,0,2
3,0,40,0,none,0,3,0.8147635714861234,0.6842100952850247,0,0,1784288205.5293179,1784288205.5293179,1784288206.255971,1784288207.140295,1784288207.558474,0,0,1784288207.141195,1784288207.348256,1.57136936,1784288207.348261,1784288207.558464,1.59684106,1784288207.558474,1784288209.6409652,1784288208.5991066,1784288209.641737,1784288209.85485,1.59952229,1784288209.8548522,1784288210.065414,1.57807244,1.2,0.196236,0.336311,-0.0023085,0.0034215,1,acq,40960,40960,0,32,True,False,1,1200000,8381618,False,-2947379,2995820,0,0,0,0,2
4,0,40,0,none,0,4,0.8147635714861234,0.6842100952850247,0,0,1784288210.067255,1784288210.067255,1784288210.812323,1784288211.702268,1784288212.1212108,0,0,1784288211.703465,1784288211.911159,1.57136936,1784288211.9111629,1784288212.121196,1.5660069,1784288212.1212108,1784288214.189328,1784288213.1613271,1784288214.1895401,1784288214.394749,1.58209429,1784288214.394763,1784288214.604497,1.56466628,1.2,0.1959845,0.33605799999999997,-0.002341,0.003435,1,acq,40960,40960,0,32,True,False,1,1200000,8381618,False,-2960760,2950597,0,0,0,0,2
5,0,40,0,none,0,5,0.8147635714861234,0.6842100952850247,0,0,1784288214.605435,1784288214.605435,1784288215.3374279,1784288216.213856,1784288216.632252,0,0,1784288216.216696,1784288216.425876,1.56734751,1784288216.425879,1784288216.632241,1.56064443,1784288216.632252,1784288218.7165718,1784288217.6747844,1784288218.7170408,1784288218.9263601,1.55260074,1784288218.926364,1784288219.134361,1.56868813,1.2,0.195494,0.335245,-0.002339,0.00346,1,acq,40960,40960,0,32,True,False,1,1200000,8381618,False,-2921803,2934930,0,0,0,0,2
6,0,40,0,none,0,6,0.8147635714861234,0.6842100952850247,0,0,1784288219.136797,1784288219.136797,1784288219.868704,1784288220.7509918,1784288221.167626,0,0,1784288220.75146,1784288220.9596329,1.57807244,1784288220.959636,1784288221.167615,1.58477552,1784288221.167626,1784288223.245698,1784288222.2050936,1784288223.246201,1784288223.4583051,1.57807244,1784288223.4583092,1784288223.6676621,1.57941306,1.2,0.1952095,0.33477,-0.002321,0.0034635,1,acq,40960,40960,0,32,True,False,1,1200000,8381618,False,-2830934,2900632,0,0,0,0,2
7,0,40,0,none,0,7,0.8147635714861234,0.6842100952850247,0,0,1784288223.6696792,1784288223.6696792,1784288224.404167,1784288225.293303,1784288225.713241,0,0,1784288225.293857,1784288225.5037599,1.59550045,1784288225.503764,1784288225.713229,1.59818168,1784288225.713241,1784288227.7954948,1784288226.7585886,1784288227.795715,1784288228.0058932,1.56734751,1784288228.005898,1784288228.217521,1.56064443,1.2,0.1947855,0.334097,-0.0023455,0.0034575,1,acq,40960,40960,0,32,True,False,1,1200000,8381618,False,-2863454,2942128,0,0,0,0,2
8,0,40,0,none,0,8,0.8147635714861234,0.6842100952850247,0,0,1784288228.219172,1784288228.219172,1784288228.949676,1784288229.835758,1784288230.254776,0,0,1784288229.836372,1784288230.045113,1.58745675,1784288230.045117,1784288230.254764,1.56868813,1784288230.254776,1784288232.3349571,1784288231.2960284,1784288232.335588,1784288232.54052,1.5834349,1784288232.540524,1784288232.751143,1.6169503,1.2,0.1944125,0.3335725,-0.0023295,0.0034809999999999997,1,acq,40960,40960,0,32,True,False,1,1200000,8381618,False,-2933236,2960844,0,0,0,0,2
9,0,40,0,none,0,9,0.8147635714861234,0.6842100952850247,0,0,1784288232.7531211,1784288232.7531211,1784288233.484471,1784288234.361641,1784288234.776835,0,0,1784288234.362273,1784288234.5660238,1.61560968,1784288234.566029,1784288234.7768252,1.59550045,1784288234.776835,1784288236.856843,1784288235.816905,1784288236.857162,1784288237.0673459,1.60086291,1784288237.067351,1784288237.2745159,1.57807244,1.2,0.1942505,0.3332885,-0.0023515000000000003,0.0034795,1,acq,40960,40960,0,32,True,False,1,1200000,8381618,False,-2863877,2956102,0,0,0,0,2
10,0,40,0,none,0,10,0.8147635714861234,0.6842100952850247,0,0,1784288237.2763321,1784288237.2763321,1784288238.003575,1784288238.881841,1784288239.302866,0,0,1784288238.882079,1784288239.092454,1.5660069,1784288239.09246,1784288239.302855,1.5660069,1784288239.302866,1784288241.3929868,1784288240.3477092,1784288241.393522,1784288241.599773,1.56332567,1784288241.599778,1784288241.8081129,1.60086291,1.2,0.1940355,0.3328195,-0.0023344999999999998,0.0034825000000000004,1,acq,40960,40960,0,32,True,False,1,1200000,8381618,False,-2821872,2906898,0,0,0,0,2
11,0,40,0,none,0,11,0.8147635714861234,0.6842100952850247,0,0,1784288241.808767,1784288241.808767,1784288242.5391018,1784288243.4254348,1784288243.845271,0,0,1784288243.426513,1784288243.635424,1.58745675,1784288243.6354291,1784288243.845259,1.58879737,1784288243.845271,1784288245.920407,1784288244.88232,1784288245.921108,1784288246.130804,1.5834349,1784288246.130809,1784288246.341797,1.5660069,1.2,0.193596,0.332274,-0.0023775000000000003,0.0034835,1,acq,40960,40960,0,32,True,False,1,1200000,8381618,False,-2860236,2890130,0,0,0,0,2
12,0,40,1,gen,1,0,0.8147635714861234,0.6842100952850247,1,0,1784288251.880811,1784288254.0821419,1784288254.825967,1784288255.707068,1784288256.130207,0,0,1784288255.7078679,1784288255.9186711,1.59684106,1784288255.918676,1784288256.130193,1.5834349,1784288256.130207,1784288258.201731,1784288257.1664367,1784288258.2022662,1784288258.411693,1.60622537,1784288258.411712,1784288258.623677,1.59550045,1.2,0.19307649999999998,0.331401,-0.0023645000000000003,0.0035045,1,acq,40960,40960,0,32,True,False,1,1200000,8381618,False,-2883609,2930780,0,0,0,0,2
13,0,40,1,gen,1,1,0.8147635714861234,0.6842100952850247,1,0,1784288258.625165,1784288260.8259299,1784288261.561582,1784288262.444184,1784288262.865698,0,0,1784288262.444992,1784288262.6552079,1.55930382,1784288262.655214,1784288262.865692,1.59281921,1784288262.865698,1784288264.942716,1784288263.9039617,1784288264.944285,1784288265.149995,1.56868813,1784288265.15,1784288265.3606431,1.58611614,1.2,0.192553,0.3305435,-0.002366,0.0035240000000000002,1,acq,40960,40960,0,32,True,False,1,1200000,8381618,False,-2883609,2918670,0,0,0,0,2
14,0,40,1,gen,1,2,0.8147635714861234,0.6842100952850247,1,0,1784288265.361978,1784288267.548289,1784288268.2926679,1784288269.17619,1784288269.593154,0,0,1784288269.176974,1784288269.3867068,1.60220353,1784288269.3867111,1784288269.593141,1.58209429,1784288269.593154,1784288271.677952,1784288270.635278,1784288271.678944,1784288271.888586,1.59013798,1784288271.88859,1784288272.09902,1.60756599,1.2,0.1923855,0.33024050000000005,-0.0023905000000000003,0.0035085,1,acq,40960,40960,0,32,True,False,1,1200000,8381618,False,-2861929,2898006,0,0,0,0,2
15,0,40,1,gen,1,3,0.8147635714861234,0.6842100952850247,1,0,1784288272.100516,1784288274.3093781,1784288275.038143,1784288275.91387,1784288276.334186,0,0,1784288275.9140632,1784288276.124427,1.5914786,1784288276.1244311,1784288276.3341749,1.55930382,1784288276.334186,1784288278.4263418,1784288277.3795202,1784288278.4268951,1784288278.6347818,1.59952229,1784288278.6347861,1784288278.846835,1.58477552,1.2,0.192201,0.3300015,-0.002381,0.003548,1,acq,40960,40960,0,32,True,False,1,1200000,8381618,False,-2797736,2826022,0,0,0,0,2
16,0,40,1,gen,1,4,0.8147635714861234,0.6842100952850247,1,0,1784288278.8535838,1784288281.035234,1784288281.7701418,1784288282.650114,1784288283.067523,0,0,1784288282.651068,1784288282.859669,1.57270998,1784288282.859672,1784288283.067512,1.58209429,1784288283.067523,1784288285.151705,1784288284.1097517,1784288285.152256,1784288285.362605,1.59013798,1784288285.362609,1784288285.5720232,1.5579632,1.2,0.19173050000000003,0.3292095,-0.0023615,0.003519,1,acq,40960,40960,0,32,True,False,1,1200000,8381618,False,-2878274,2901733,0,0,0,0,2
17,0,40,1,gen,1,5,0.8147635714861234,0.6842100952850247,1,0,1784288285.576458,1784288287.77666,1784288288.512086,1784288289.392875,1784288289.8136792,0,0,1784288289.39379,1784288289.603741,1.56868813,1784288289.603745,1784288289.8136709,1.59281921,1784288289.8136792,1784288291.892426,1784288290.8501446,1784288291.8927019,1784288292.097069,1.57539121,1784288292.0970728,1784288292.3103628,1.55662259,1.2,0.19158350000000002,0.32908550000000003,-0.0023610000000000003,0.0035329999999999997,1,acq,40960,40960,0,32,True,False,1,1200000,8381618,False,-2904442,2932051,0,0,0,0,2
18,0,40,1,gen,1,6,0.8147635714861234,0.6842100952850247,1,0,1784288292.3116958,1784288294.516055,1784288295.2568672,1784288296.133065,1784288296.550326,0,0,1784288296.133687,1784288296.344021,1.58745675,1784288296.3440251,1784288296.550316,1.58075367,1784288296.550326,1784288298.6351628,1784288297.5935946,1784288298.635759,1784288298.846231,1.57941306,1784288298.8462348,1784288299.05443,1.55394135,1.2,0.1913125,0.328605,-0.002411,0.0035215000000000003,1,acq,40960,40960,0,32,True,False,1,1200000,8381618,False,-2822719,2861506,0,0,0,0,2
19,0,40,1,gen,1,7,0.8147635714861234,0.6842100952850247,1,0,1784288299.060096,1784288301.261581,1784288302.0038369,1784288302.888315,1784288303.307483,0,0,1784288302.888524,1784288303.0989141,1.59013798,1784288303.098918,1784288303.307476,1.58745675,1784288303.307483,1784288305.395392,1784288304.3532023,1784288305.3959732,1784288305.605503,1.56332567,1784288305.6055071,1784288305.813869,1.56466628,1.2,0.1907975,0.32772,-0.0023715000000000003,0.0035155,1,acq,40960,40960,0,32,True,False,1,1200000,8381618,False,-2818908,2890893,0,0,0,0,2
20,0,40,1,gen,1,8,0.8147635714861234,0.6842100952850247,1,0,1784288305.814548,1784288308.0092301,1784288308.735507,1784288309.618104,1784288310.033893,0,0,1784288309.6190279,1784288309.823701,1.56868813,1784288309.823703,1784288310.0338821,1.57405059,1784288310.033893,1784288312.113976,1784288311.0746648,1784288312.11445,1784288312.3250391,1.61024722,1784288312.325043,1784288312.535019,1.5579632,1.2,0.190827,0.3279185,-0.002391,0.0035235,1,acq,40960,40960,0,32,True,False,1,1200000,8381618,False,-2829240,2876326,0,0,0,0,2
21,0,40,1,gen,1,9,0.8147635714861234,0.6842100952850247,1,0,1784288312.536768,1784288314.735028,1784288315.468728,1784288316.349607,1784288316.770584,0,0,1784288316.350108,1784288316.560271,1.58745675,1784288316.5602748,1784288316.7705731,1.59013798,1784288316.770584,1784288318.835166,1784288317.8022966,1784288318.835653,1784288319.044086,1.58075367,1784288319.044089,1784288319.2538218,1.56868813,1.2,0.1904855,0.3272795,-0.0024145,0.0035824999999999997,1,acq,40960,40960,0,32,True,False,1,1200000,8381618,False,-2818908,2899700,0,0,0,0,2
22,0,40,1,gen,1,10,0.8147635714861234,0.6842100952850247,1,0,1784288319.255408,1784288321.451929,1784288322.187113,1784288323.071003,1784288323.490657,0,0,1784288323.071527,1784288323.280622,1.54991951,1784288323.2806242,1784288323.4906518,1.59550045,1784288323.490657,1784288325.558861,1784288324.5302315,1784288325.559545,1784288325.7686772,1.58745675,1784288325.768681,1784288325.976237,1.5834349,1.2,0.1903485,0.32719149999999997,-0.0023955,0.003574,1,acq,40960,40960,0,32,True,False,1,1200000,8381618,False,-2830087,2862438,0,0,0,0,2
23,0,40,1,gen,1,11,0.8147635714861234,0.6842100952850247,1,0,1784288325.977783,1784288328.1666,1784288328.902577,1784288329.787842,1784288330.208224,0,0,1784288329.7882571,1784288329.998104,1.57673182,1784288329.9981089,1784288330.208213,1.57941306,1784288330.208224,1784288332.293002,1784288331.2520952,1784288332.294399,1784288332.5022562,1.58745675,1784288332.50226,1784288332.712194,1.57002875,1.2,0.1900825,0.32667650000000004,-0.002393,0.0035575,1,acq,40960,40960,0,32,True,False,1,1200000,8381618,False,-2783001,2899107,0,0,0,0,2
24,0,40,2,acq,2,0,0.8147635714861234,0.6842100952850247,0,1,1784288338.264301,1784288341.634835,1784288342.369389,1784288343.258126,1784288343.678571,0,0,1784288343.258891,1784288343.468818,1.58209429,1784288343.468823,1784288343.67856,1.56734751,1784288343.678571,1784288345.7701602,1784288344.7237582,1784288345.770373,1784288345.97538,1.59550045,1784288345.975384,1784288346.185109,1.58879737,1.2,0.189572,0.3259135,-0.002412,0.003566,1,acq,40960,40960,0,32,True,False,1,1200000,8381618,False,-2828393,2872854,0,0,0,0,2
25,0,40,2,acq,2,1,0.8147635714861234,0.6842100952850247,0,1,1784288346.186934,1784288349.5242398,1784288350.265226,1784288351.149643,1784288351.56204,0,0,1784288351.149872,1784288351.3512719,1.59550045,1784288351.351276,1784288351.56203,1.5914786,1784288351.56204,1784288353.6458712,1784288352.6049075,1784288353.646416,1784288353.850251,1.61963153,1784288353.850255,1784288354.0602639,1.5579632,1.2,0.189388,0.3255095,-0.0024265,0.003556,1,acq,40960,40960,0,32,True,False,1,1200000,8381618,False,-2847532,2921973,0,0,0,0,2
26,0,40,2,acq,2,2,0.8147635714861234,0.6842100952850247,0,1,1784288354.062006,1784288357.412864,1784288358.133591,1784288359.022048,1784288359.43778,0,0,1784288359.022559,1784288359.2301598,1.57136936,1784288359.230165,1784288359.43777,1.59013798,1784288359.43778,1784288361.5191019,1784288360.4762602,1784288361.5200279,1784288361.730125,1.59952229,1784288361.730129,1784288361.938424,1.57941306,1.2,0.1891535,0.32512850000000004,-0.0024375,0.0035735000000000003,1,acq,40960,40960,0,32,True,False,1,1200000,8381618,False,-2777835,2864978,0,0,0,0,2
27,0,40,2,acq,2,3,0.8147635714861234,0.6842100952850247,0,1,1784288361.939075,1784288365.2824872,1784288366.016267,1784288366.8953652,1784288367.314859,0,0,1784288366.895592,1784288367.105783,1.57941306,1784288367.1057868,1784288367.314847,1.61292845,1784288367.314859,1784288369.398677,1784288368.355671,1784288369.3997362,1784288369.605984,1.58209429,1784288369.6059892,1784288369.809452,1.56064443,1.2,0.1889225,0.32484250000000003,-0.002402,0.0035795,1,acq,40960,40960,0,32,True,False,1,1200000,8381618,False,-2911472,2937217,0,0,0,0,2
28,0,40,2,acq,2,4,0.8147635714861234,0.6842100952850247,0,1,1784288369.810189,1784288373.147084,1784288373.872958,1784288374.761506,1784288375.179248,0,0,1784288374.764118,1784288374.973991,1.6169503,1784288374.973995,1784288375.1792371,1.56466628,1784288375.179248,1784288377.2685282,1784288376.221745,1784288377.269043,1784288377.4794428,1.59415983,1784288377.4794471,1784288377.6886132,1.59013798,1.2,0.188836,0.3246715,-0.002423,0.0035675,1,acq,40960,40960,0,32,True,False,1,1200000,8381618,False,-2789437,2815267,0,0,0,0,2
29,0,40,2,acq,2,5,0.8147635714861234,0.6842100952850247,0,1,1784288377.6892831,1784288381.033513,1784288381.77064,1784288382.647878,1784288383.065429,0,0,1784288382.648077,1784288382.858238,1.59818168,1784288382.85824,1784288383.065417,1.57941306,1784288383.065429,1784288385.148331,1784288384.109321,1784288385.148895,1784288385.358,1.62365338,1784288385.358005,1784288385.560357,1.5660069,1.2,0.1885255,0.3241635,-0.0024340000000000004,0.003588,1,acq,40960,40960,0,32,True,False,1,1200000,8381618,False,-2820517,2849396,0,0,0,0,2
30,0,40,2,acq,2,6,0.8147635714861234,0.6842100952850247,0,1,1784288385.565896,1784288388.89798,1784288389.637367,1784288390.5141492,1784288390.930336,0,0,1784288390.514865,1784288390.7219572,1.56868813,1784288390.721962,1784288390.930324,1.57405059,1784288390.930336,1784288393.009474,1784288391.9705849,1784288393.0101829,1784288393.223156,1.60086291,1784288393.22316,1784288393.430054,1.56868813,1.2,0.18842599999999998,0.3241005,-0.002449,0.003594,1,acq,40960,40960,0,32,True,False,1,1200000,8381618,False,-2757086,2894365,0,0,0,0,2
31,0,40,2,acq,2,7,0.8147635714861234,0.6842100952850247,0,1,1784288393.4318998,1784288396.789315,1784288397.5194528,1784288398.399782,1784288398.8204968,0,0,1784288398.401218,1784288398.612136,1.57270998,1784288398.61214,1784288398.820491,1.57405059,1784288398.8204968,1784288400.9096901,1784288399.8641868,1784288400.9103308,1784288401.122945,1.5834349,1784288401.1229491,1784288401.3292758,1.5914786,1.2,0.1882655,0.3237555,-0.002405,0.0036,1,acq,40960,40960,0,32,True,False,1,1200000,8381618,False,-2877512,2969737,0,0,0,0,2
32,0,40,2,acq,2,8,0.8147635714861234,0.6842100952850247,0,1,1784288401.330867,1784288404.6751611,1784288405.411617,1784288406.290242,1784288406.706631,0,0,1784288406.290782,1784288406.4974499,1.57136936,1784288406.4974542,1784288406.706618,1.58879737,1784288406.706631,1784288408.791606,1784288407.7489464,1784288408.791893,1784288409.003456,1.60086291,1784288409.0034611,1784288409.2132301,1.57673182,1.2,0.1879405,0.3232115,-0.0024045000000000004,0.003598,1,acq,40960,40960,0,32,True,False,1,1200000,8381618,False,-2775633,2865656,0,0,0,0,2
33,0,40,2,acq,2,9,0.8147635714861234,0.6842100952850247,0,1,1784288409.215234,1784288412.5625181,1784288413.303613,1784288414.180948,1784288414.597655,0,0,1784288414.1818671,1784288414.3883781,1.59013798,1784288414.388383,1784288414.597644,1.57673182,1784288414.597655,1784288416.682828,1784288415.6395464,1784288416.6835022,1784288416.885526,1.59684106,1784288416.885529,1784288417.093594,1.54991951,1.2,0.18779,0.3230105,-0.002424,0.003603,1,acq,40960,40960,0,32,True,False,1,1200000,8381618,False,-2752344,2850581,0,0,0,0,2
34,0,40,2,acq,2,10,0.8147635714861234,0.6842100952850247,0,1,1784288417.096641,1784288420.440329,1784288421.176657,1784288422.0584981,1784288422.481185,0,0,1784288422.058732,1784288422.268935,1.57270998,1784288422.268939,1784288422.481172,1.59013798,1784288422.481185,1784288424.570827,1784288423.5283623,1784288424.5710359,1784288424.7812018,1.5834349,1784288424.7812061,1784288424.990458,1.57002875,1.2,0.1875965,0.3225925,-0.002411,0.0035805000000000003,1,acq,40960,40960,0,32,True,False,1,1200000,8381618,False,-2839826,2886828,0,0,0,0,2
35,0,40,2,acq,2,11,0.8147635714861234,0.6842100952850247,0,1,1784288424.992085,1784288428.329725,1784288429.076403,1784288429.953544,1784288430.373633,0,0,1784288429.9550312,1784288430.1652439,1.58611614,1784288430.165247,1784288430.3736231,1.59818168,1784288430.373633,1784288432.4579809,1784288431.4156423,1784288432.458186,1784288432.6592472,1.57941306,1784288432.659251,1784288432.867126,1.52846965,1.2,0.187479,0.3225465,-0.0024275,0.003634,1,acq,40960,40960,0,32,True,False,1,1200000,8381618,False,-2761405,2790030,0,0,0,0,2
36,0,40,3,both,3,0,0.8147635714861234,0.6842100952850247,1,1,1784288438.391527,1784288443.932519,1784288444.6719239,1784288445.558101,1784288445.975136,0,0,1784288445.559156,1784288445.7651389,1.5579632,1784288445.7651432,1784288445.975125,1.58879737,1784288445.975136,1784288448.069412,1784288447.0240812,1784288448.071691,1784288448.2817018,1.6089066,1784288448.281707,1784288448.49178,1.57405059,1.2,0.186975,0.32163600000000003,-0.0024289999999999997,0.003634,1,acq,40960,40960,0,32,True,False,1,1200000,8381618,False,-2778851,2853376,0,0,0,0,2
37,0,40,3,both,3,1,0.8147635714861234,0.6842100952850247,1,1,1784288448.4942641,1784288454.0321019,1784288454.770168,1784288455.64106,1784288456.069946,0,0,1784288455.641823,1784288455.859731,1.58611614,1784288455.859733,1784288456.069935,1.59415983,1784288456.069946,1784288458.1430972,1784288457.1091573,1784288458.143862,1784288458.353958,1.59952229,1784288458.353962,1784288458.565778,1.58745675,1.2,0.1868465,0.32155100000000003,-0.0024324999999999998,0.003639,1,acq,40960,40960,0,32,True,False,1,1200000,8381618,False,-2854138,2836777,0,0,0,0,2
38,0,40,3,both,3,2,0.8147635714861234,0.6842100952850247,1,1,1784288458.567368,1784288464.109928,1784288464.8470678,1784288465.726977,1784288466.137472,0,0,1784288465.727524,1784288465.935178,1.59013798,1784288465.9351811,1784288466.137376,1.59013798,1784288466.137472,1784288468.216633,1784288467.1774187,1784288468.2172139,1784288468.425641,1.60086291,1784288468.425645,1784288468.633864,1.57405059,1.2,0.186668,0.32118599999999997,-0.002437,0.0036544999999999998,1,acq,40960,40960,0,32,True,False,1,1200000,8381618,False,-2786896,2868366,0,0,0,0,2
39,0,40,3,both,3,3,0.8147635714861234,0.6842100952850247,1,1,1784288468.6372638,1784288474.159609,1784288474.897855,1784288475.7890801,1784288476.208964,0,0,1784288475.789509,1784288475.998455,1.56466628,1784288475.9984598,1784288476.2089531,1.59952229,1784288476.208964,1784288478.284699,1784288477.245699,1784288478.285182,1784288478.49106,1.60488476,1784288478.491062,1784288478.696928,1.59952229,1.2,0.186355,0.32067100000000004,-0.0024425000000000002,0.003637,1,acq,40960,40960,0,32,True,False,1,1200000,8381618,False,-2833982,2891824,0,0,0,0,2
40,0,40,3,both,3,4,0.8147635714861234,0.6842100952850247,1,1,1784288478.698411,1784288484.227604,1784288484.969343,1784288485.8607721,1784288486.2780612,0,0,1784288485.86297,1784288486.067905,1.5914786,1784288486.067909,1784288486.2780511,1.61158784,1784288486.2780612,1784288488.354614,1784288487.314724,1784288488.355148,1784288488.567283,1.56868813,1784288488.567287,1784288488.777309,1.62767523,1.2,0.1861315,0.320247,-0.002431,0.0036205,1,acq,40960,40960,0,32,True,False,1,1200000,8381618,False,-2831527,2865317,0,0,0,0,2
41,0,40,3,both,3,5,0.8147635714861234,0.6842100952850247,1,1,1784288488.779093,1784288494.301701,1784288495.034234,1784288495.917879,1784288496.3379998,0,0,1784288495.918824,1784288496.1278982,1.59550045,1784288496.127902,1784288496.337989,1.61292845,1784288496.3379998,1784288498.418725,1784288497.378334,1784288498.419361,1784288498.628861,1.56064443,1784288498.628865,1784288498.8341608,1.61158784,1.2,0.18592999999999998,0.31994449999999997,-0.0024584999999999997,0.003652,1,acq,40960,40960,0,32,True,False,1,1200000,8381618,False,-2753868,2839318,0,0,0,0,2
42,0,40,3,both,3,6,0.8147635714861234,0.6842100952850247,1,1,1784288498.834802,1784288504.376565,1784288505.1159391,1784288506.0062232,1784288506.426194,0,0,1784288506.006814,1784288506.216227,1.58745675,1784288506.2162309,1784288506.426183,1.58611614,1784288506.426194,1784288508.502235,1784288507.4708908,1784288508.503693,1784288508.709892,1.59684106,1784288508.709897,1784288508.920098,1.58745675,1.2,0.1857335,0.319678,-0.0024675,0.0036550000000000003,1,acq,40960,40960,0,32,True,False,1,1200000,8381618,False,-2799769,2839403,0,0,0,0,2
43,0,40,3,both,3,7,0.8147635714861234,0.6842100952850247,1,1,1784288508.921987,1784288514.445618,1784288515.1822028,1784288516.068515,1784288516.484024,0,0,1784288516.069175,1784288516.279008,1.60354414,1784288516.2790132,1784288516.484014,1.61158784,1784288516.484024,1784288518.5607529,1784288517.524457,1784288518.561273,1784288518.7679842,1.58879737,1784288518.767989,1784288518.976884,1.56734751,1.2,0.1855775,0.3194715,-0.0024505,0.003674,1,acq,40960,40960,0,32,True,False,1,1200000,8381618,False,-2807475,2852360,0,0,0,0,2
44,0,40,3,both,3,8,0.8147635714861234,0.6842100952850247,1,1,1784288518.978653,1784288524.517212,1784288525.253555,1784288526.137186,1784288526.556441,0,0,1784288526.1377122,1784288526.3457,1.59281921,1784288526.3457038,1784288526.556426,1.5914786,1784288526.556441,1784288528.64518,1784288527.601312,1784288528.6456552,1784288528.8657222,1.60220353,1784288528.865725,1784288529.073587,1.57539121,1.2,0.185221,0.31882849999999996,-0.002444,0.0036735,1,acq,40960,40960,0,32,True,False,1,1200000,8381618,False,-2765301,2832204,0,0,0,0,2
45,0,40,3,both,3,9,0.8147635714861234,0.6842100952850247,1,1,1784288529.0765078,1784288534.623729,1784288535.368326,1784288536.24452,1784288536.6591702,0,0,1784288536.244972,1784288536.454635,1.57941306,1784288536.4546392,1784288536.659159,1.57270998,1784288536.6591702,1784288538.741822,1784288537.7031946,1784288538.7426538,1784288538.952851,1.58075367,1784288538.952856,1784288539.163241,1.59281921,1.2,0.185182,0.3187405,-0.0024254999999999997,0.003654,1,acq,40960,40960,0,32,True,False,1,1200000,8381618,False,-2762167,2789860,0,0,0,0,2
46,0,40,3,both,3,10,0.8147635714861234,0.6842100952850247,1,1,1784288539.1668649,1784288544.7186298,1784288545.4598641,1784288546.3386,1784288546.754549,0,0,1784288546.338801,1784288546.546815,1.57941306,1784288546.5468202,1784288546.754534,1.59952229,1784288546.754549,1784288548.836972,1784288547.7965024,1784288548.8382561,1784288549.046762,1.58477552,1784288549.046767,1784288549.257993,1.57405059,1.2,0.1850415,0.31854400000000005,-0.0024705,0.0036639999999999997,1,acq,40960,40960,0,32,True,False,1,1200000,8381618,False,-2756239,2832797,0,0,0,0,2
47,0,40,3,both,3,11,0.8147635714861234,0.6842100952850247,1,1,1784288549.2587452,1784288554.7519948,1784288555.4703748,1784288556.332203,1784288556.73826,0,0,1784288556.332434,1784288556.533121,1.58209429,1784288556.5331242,1784288556.738253,1.60622537,1784288556.73826,1784288558.7869592,1784288557.7638774,1784288558.787724,1784288558.99248,1.58477552,1784288558.992482,1784288559.1950772,1.56466628,1.2,0.184702,0.318031,-0.0024525,0.003686,1,acq,40960,40960,0,32,True,False,1,1200000,8381618,False,-2729732,2781476,0,0,0,0,2
48,1,0,4,gen,0,0,-4.407375476557824,-4.537928952758923,1,0,1784288625.28445,1784288627.445838,1784288628.159164,1784288629.020593,1784288629.4317389,0,0,1784288629.0215528,1784288629.226733,0.116801157,1784288629.226738,1784288629.431733,0.143613474,1784288629.4317389,1784288631.4760268,1784288630.4523244,1784288631.476246,1784288631.682268,0.134229163,1784288631.6823082,1784288631.887499,0.102054382,0.115241,-0.1848835,-0.314584,0.004791999999999999,-0.007634500000000001,1,acq,40960,40960,0,32,True,False,1,1200000,8381618,False,-2756917,2599991,0,0,0,0,2
49,1,0,4,gen,0,1,-4.407375476557824,-4.537928952758923,1,0,1784288631.888148,1784288634.055974,1784288634.781918,1784288635.6573591,1784288636.069068,0,0,1784288635.657578,1784288635.8658,0.114119925,1784288635.865802,1784288636.069063,0.132888547,1784288636.069068,1784288638.1222012,1784288637.0982795,1784288638.1224399,1784288638.32763,0.143613474,1784288638.3276339,1784288638.531147,0.128866699,0.120945,-0.18882949999999998,-0.321728,0.004767,-0.0076155,1,acq,40960,40960,0,32,True,False,1,1200000,8381618,False,-2818654,2671891,0,0,0,0,2
50,1,0,4,gen,0,2,-4.407375476557824,-4.537928952758923,1,0,1784288638.531924,1784288640.6828952,1784288641.40643,1784288642.274045,1784288642.6916869,0,0,1784288642.274772,1784288642.4821289,0.144954089,1784288642.482133,1784288642.691681,0.146294705,1784288642.6916869,1784288644.733964,1784288643.717709,1784288644.734493,1784288644.9411032,0.132888547,1784288644.941111,1784288645.148772,0.139591626,0.12515300000000001,-0.1917565,-0.326878,0.0047694999999999994,-0.007625,1,acq,40960,40960,0,32,True,False,1,1200000,8381618,False,-2866587,2711948,0,0,0,0,2
51,1,0,4,gen,0,3,-4.407375476557824,-4.537928952758923,1,0,1784288645.1507251,1784288647.318911,1784288648.040266,1784288648.909962,1784288649.318934,0,0,1784288648.910175,1784288649.1157372,0.151657169,1784288649.115742,1784288649.3189278,0.111438693,1784288649.318934,1784288651.369371,1784288650.347391,1784288651.369879,1784288651.573795,0.150316553,1784288651.573799,1784288651.779001,0.152997785,0.1287565,-0.19412600000000002,-0.3310075,0.0047755,-0.007624,1,acq,40960,40960,0,32,True,False,1,1200000,8381618,False,-2889961,2761659,0,0,0,0,2
52,1,0,4,gen,0,4,-4.407375476557824,-4.537928952758923,1,0,1784288651.779895,1784288653.933113,1784288654.6518111,1784288655.525505,1784288655.933843,0,0,1784288655.5257201,1784288655.730856,0.135569778,1784288655.730858,1784288655.9338381,0.123504236,1784288655.933843,1784288657.98324,1784288656.9559884,1784288657.983437,1784288658.1909719,0.128866699,1784288658.190976,1784288658.3943832,0.118141772,0.13216050000000001,-0.19648500000000002,-0.334955,0.0047825,-0.0076315,1,acq,40960,40960,0,32,True,False,1,1200000,8381618,False,-2909862,2775548,0,0,0,0,2
53,1,0,4,gen,0,5,-4.407375476557824,-4.537928952758923,1,0,1784288658.396642,1784288660.5506449,1784288661.277475,1784288662.154638,1784288662.566387,0,0,1784288662.154887,1784288662.3601122,0.1543384,1784288662.360116,1784288662.566376,0.139591626,1784288662.566387,1784288664.618196,1784288663.5923905,1784288664.618738,1784288664.823751,0.131547931,1784288664.8237529,1784288665.02883,0.150316553,0.1353065,-0.19860699999999998,-0.33863,0.004798500000000001,-0.007621,1,acq,40960,40960,0,32,True,False,1,1200000,8381618,False,-2990062,2802733,0,0,0,0,2
54,1,0,4,gen,0,6,-4.407375476557824,-4.537928952758923,1,0,1784288665.032757,1784288667.187256,1784288667.910691,1784288668.78227,1784288669.191799,0,0,1784288668.782515,1784288668.987699,0.142272858,1784288668.987704,1784288669.1917892,0.162382096,1784288669.191799,1784288671.245692,1784288670.2192159,1784288671.245953,1784288671.451212,0.0940106869,1784288671.451216,1784288671.657078,0.123504236,0.138304,-0.2005355,-0.3420575,0.0047845000000000006,-0.007641,1,acq,40960,40960,0,32,True,False,1,1200000,8381618,False,-2990231,2829579,0,0,0,0,2
55,1,0,4,gen,0,7,-4.407375476557824,-4.537928952758923,1,0,1784288671.657841,1784288673.966109,1784288674.682562,1784288675.5513558,1784288675.9618912,0,0,1784288675.5515609,1784288675.756696,0.163722711,1784288675.7566988,1784288675.961879,0.174447638,1784288675.9618912,1784288678.021298,1784288676.9928205,1784288678.021504,1784288678.226683,0.157019632,1784288678.226688,1784288678.431625,0.171766407,0.1412005,-0.202425,-0.345308,0.004797,-0.007615,1,acq,40960,40960,0,32,True,False,1,1200000,8381618,False,-3014452,2859219,0,0,0,0,2
56,1,0,4,gen,0,8,-4.407375476557824,-4.537928952758923,1,0,1784288678.432323,1784288680.5749838,1784288681.2927911,1784288682.1642828,1784288682.571081,0,0,1784288682.164504,1784288682.369698,0.165063327,1784288682.3697019,1784288682.57107,0.170425791,1784288682.571081,1784288684.6128619,1784288683.5914419,1784288684.616575,1784288684.8212328,0.135569778,1784288684.821235,1784288685.026477,0.152997785,0.1438215,-0.2040385,-0.3480585,0.0048055,-0.0076005,1,acq,40960,40960,0,32,True,False,1,1200000,8381618,False,-3013520,2890893,0,0,0,0,2
57,1,0,4,gen,0,9,-4.407375476557824,-4.537928952758923,1,0,1784288685.028311,1784288687.187595,1784288687.9061,1784288688.774653,1784288689.1836832,0,0,1784288688.774913,1784288688.9789078,0.167744559,1784288688.978912,1784288689.183678,0.148975937,1784288689.1836832,1784288691.227027,1784288690.2072778,1784288691.227563,1784288691.432951,0.174447638,1784288691.4329531,1784288691.63472,0.147635321,0.1463335,-0.205583,-0.3507625,0.0047810000000000005,-0.0076045,1,acq,40960,40960,0,32,True,False,1,1200000,8381618,False,-3051883,2912911,0,0,0,0,2
58,1,0,4,gen,0,10,-4.407375476557824,-4.537928952758923,1,0,1784288691.635411,1784288693.7956321,1784288694.519017,1784288695.38398,1784288695.796319,0,0,1784288695.384195,1784288695.5914629,0.178469486,1784288695.591467,1784288695.796312,0.136910394,1784288695.796319,1784288697.841892,1784288696.8204556,1784288697.842104,1784288698.0494878,0.1543384,1784288698.049492,1784288698.257937,0.166403943,0.148861,-0.20727,-0.353571,0.0047865,-0.007593,1,acq,40960,40960,0,32,True,False,1,1200000,8381618,False,-3058320,2941451,0,0,0,0,2
59,1,0,4,gen,0,11,-4.407375476557824,-4.537928952758923,1,0,1784288698.259146,1784288700.419067,1784288701.142106,1784288702.018774,1784288702.428957,0,0,1784288702.019309,1784288702.2239842,0.139591626,1784288702.223986,1784288702.428946,0.169085175,1784288702.428957,1784288704.457508,1784288703.443439,1784288704.457699,1784288704.6628711,0.163722711,1784288704.662875,1784288704.866524,0.171766407,0.151305,-0.2087185,-0.3561755,0.0047965,-0.007575,1,acq,40960,40960,0,32,True,False,1,1200000,8381618,False,-3072208,2960929,0,0,0,0,2
60,1,0,5,acq,1,0,-4.407375476557824,-4.537928952758923,0,1,1784288710.311359,1784288713.5944178,1784288714.312211,1784288715.1859682,1784288715.592855,0,0,1784288715.186186,1784288715.39204,0.128866699,1784288715.392042,1784288715.59285,0.186513181,1784288715.592855,1784288717.643287,1784288716.617805,1784288717.643507,1784288717.8502169,0.191875644,1784288717.850219,1784288718.052438,0.165063327,0.1557595,-0.2114345,-0.3607605,0.0047810000000000005,-0.007597,1,acq,40960,40960,0,32,True,False,1,1200000,8381618,False,-3112774,3001833,0,0,0,0,2
61,1,0,5,acq,1,1,-4.407375476557824,-4.537928952758923,0,1,1784288718.054083,1784288721.327557,1784288722.055726,1784288722.927145,1784288723.3381839,0,0,1784288722.92738,1784288723.134874,0.194556876,1784288723.1348789,1784288723.338173,0.171766407,1784288723.3381839,1784288725.385477,1784288724.36336,1784288725.385719,1784288725.593868,0.169085175,1784288725.5938718,1784288725.802304,0.174447638,0.158333,-0.212985,-0.363475,0.004802,-0.0075845,1,acq,40960,40960,0,32,True,False,1,1200000,8381618,False,-3160622,3007253,0,0,0,0,2
62,1,0,5,acq,1,2,-4.407375476557824,-4.537928952758923,0,1,1784288725.803048,1784288729.082209,1784288729.803827,1784288730.676793,1784288731.087407,0,0,1784288730.677075,1784288730.8822389,0.19321626,1784288730.882242,1784288731.087401,0.158360248,1784288731.087407,1784288733.137014,1784288732.110252,1784288733.137227,1784288733.3392901,0.162382096,1784288733.3392909,1784288733.546179,0.181150718,0.160803,-0.214517,-0.3660495,0.0047905,-0.007584,1,acq,40960,40960,0,32,True,False,1,1200000,8381618,False,-3191194,3019279,0,0,0,0,2
63,1,0,5,acq,1,3,-4.407375476557824,-4.537928952758923,0,1,1784288733.5469818,1784288736.8157701,1784288737.531532,1784288738.412479,1784288738.824028,0,0,1784288738.4127018,1784288738.618877,0.163722711,1784288738.61888,1784288738.824021,0.182491333,1784288738.824028,1784288740.867275,1784288739.8479192,1784288740.86766,1784288741.071916,0.178469486,1784288741.071918,1784288741.278197,0.17712887,0.1631,-0.21572049999999998,-0.3681925,0.0048035000000000005,-0.0075575,1,acq,40960,40960,0,32,True,False,1,1200000,8381618,False,-3223291,3043838,0,0,0,0,2
64,1,0,5,acq,1,4,-4.407375476557824,-4.537928952758923,0,1,1784288741.279773,1784288744.544527,1784288745.270839,1784288746.136116,1784288746.5443032,0,0,1784288746.1363719,1784288746.3416,0.197238108,1784288746.341604,1784288746.544297,0.187853797,1784288746.5443032,1784288748.6017668,1784288747.571974,1784288748.602025,1784288748.807112,0.201259955,1784288748.807114,1784288749.012237,0.167744559,0.1654445,-0.217094,-0.3705965,0.00482,-0.0075595,1,acq,40960,40960,0,32,True,False,1,1200000,8381618,False,-3226678,3079492,0,0,0,0,2
65,1,0,5,acq,1,5,-4.407375476557824,-4.537928952758923,0,1,1784288749.012884,1784288752.302804,1784288753.027439,1784288753.9005709,1784288754.31416,0,0,1784288753.900851,1784288754.1061382,0.203941187,1784288754.106142,1784288754.314154,0.197238108,1784288754.31416,1784288756.347234,1784288755.330699,1784288756.347476,1784288756.5533051,0.185172565,1784288756.553308,1784288756.758532,0.165063327,0.1676705,-0.2183565,-0.3727325,0.00482,-0.007551499999999999,1,acq,40960,40960,0,32,True,False,1,1200000,8381618,False,-3225662,3085335,0,0,0,0,2
66,1,0,5,acq,1,6,-4.407375476557824,-4.537928952758923,0,1,1784288756.7592268,1784288760.029394,1784288760.746277,1784288761.611731,1784288762.021237,0,0,1784288761.611948,1784288761.816093,0.175788254,1784288761.8160949,1784288762.0212321,0.19321626,1784288762.021237,1784288764.0804312,1784288763.0492172,1784288764.080647,1784288764.287644,0.175788254,1784288764.287647,1784288764.495656,0.189194413,0.169846,-0.21955200000000002,-0.37484249999999997,0.004795000000000001,-0.007594999999999999,1,acq,40960,40960,0,32,True,False,1,1200000,8381618,False,-3252000,3120988,0,0,0,0,2
67,1,0,5,acq,1,7,-4.407375476557824,-4.537928952758923,0,1,1784288764.496335,1784288767.779327,1784288768.497643,1784288769.362741,1784288769.780519,0,0,1784288769.362957,1784288769.570744,0.197238108,1784288769.5707479,1784288769.780491,0.191875644,1784288769.780519,1784288771.827513,1784288770.8052073,1784288771.827743,1784288772.030519,0.191875644,1784288772.0305228,1784288772.237494,0.197238108,0.1721725,-0.220989,-0.3772415,0.0048245,-0.007568500000000001,1,acq,40960,40960,0,32,True,False,1,1200000,8381618,False,-3245479,3140467,0,0,0,0,2
68,1,0,5,acq,1,8,-4.407375476557824,-4.537928952758923,0,1,1784288772.238081,1784288775.5126998,1784288776.236963,1784288777.096094,1784288777.508012,0,0,1784288777.096687,1784288777.301905,0.186513181,1784288777.301907,1784288777.507999,0.195897492,1784288777.508012,1784288779.56411,1784288778.5358787,1784288779.564336,1784288779.766856,0.198578724,1784288779.76686,1784288779.9707341,0.203941187,0.174254,-0.222139,-0.37925149999999996,0.004799,-0.0075650000000000005,1,acq,40960,40960,0,32,True,False,1,1200000,8381618,False,-3281556,3148681,0,0,0,0,2
69,1,0,5,acq,1,9,-4.407375476557824,-4.537928952758923,0,1,1784288779.9723608,1784288783.244033,1784288783.965962,1784288784.830842,1784288785.2453802,0,0,1784288784.831072,1784288785.038145,0.190535029,1784288785.038149,1784288785.245373,0.167744559,1784288785.2453802,1784288787.287562,1784288786.2695124,1784288787.288158,1784288787.494166,0.187853797,1784288787.494168,1784288787.699341,0.179810102,0.1761895,-0.223129,-0.38093750000000004,0.0048045,-0.007573,1,acq,40960,40960,0,32,True,False,1,1200000,8381618,False,-3292481,3162401,0,0,0,0,2
70,1,0,5,acq,1,10,-4.407375476557824,-4.537928952758923,0,1,1784288787.704672,1784288790.982765,1784288791.7078831,1784288792.575917,1784288792.995281,0,0,1784288792.5802722,1784288792.787603,0.213325498,1784288792.787607,1784288792.9952571,0.190535029,1784288792.995281,1784288795.038197,1784288794.0182118,1784288795.0384169,1784288795.245353,0.202600571,1784288795.245355,1784288795.450508,0.197238108,0.178348,-0.224422,-0.383182,0.0048295000000000005,-0.0075565,1,acq,40960,40960,0,32,True,False,1,1200000,8381618,False,-3316955,3180185,0,0,0,0,2
71,1,0,5,acq,1,11,-4.407375476557824,-4.537928952758923,0,1,1784288795.451242,1784288798.7236228,1784288799.449406,1784288800.316221,1784288800.7302852,0,0,1784288800.3167481,1784288800.521645,0.166403943,1784288800.521649,1784288800.73028,0.186513181,1784288800.7302852,1784288802.7758322,1784288801.7536983,1784288802.776026,1784288802.9812322,0.197238108,1784288802.981236,1784288803.186343,0.189194413,0.1801955,-0.2253095,-0.3846625,0.004811,-0.007536,1,acq,40960,40960,0,32,True,False,1,1200000,8381618,False,-3325085,3200171,0,0,0,0,2
72,1,0,6,both,2,0,-4.407375476557824,-4.537928952758923,1,1,1784288808.612349,1784288814.031254,1784288814.749567,1784288815.6153421,1784288816.023784,0,0,1784288815.61583,1784288815.8185549,0.191875644,1784288815.818558,1784288816.023773,0.169085175,1784288816.023784,1784288818.0703712,1784288817.047456,1784288818.073117,1784288818.278794,0.203941187,1784288818.2787971,1784288818.483975,0.189194413,0.18397,-0.227362,-0.38820299999999996,0.004821000000000001,-0.007541,1,acq,40960,40960,0,32,True,False,1,1200000,8381618,False,-3392158,3218125,0,0,0,0,2
73,1,0,6,both,2,1,-4.407375476557824,-4.537928952758923,1,1,1784288818.489816,1784288823.9353049,1784288824.6576939,1784288825.522336,1784288825.930887,0,0,1784288825.522922,1784288825.724734,0.205281803,1784288825.724739,1784288825.930881,0.19991934,1784288825.930887,1784288827.973356,1784288826.951851,1784288827.9738219,1784288828.179669,0.206622419,1784288828.1796732,1784288828.389741,0.218687962,0.186262,-0.2286095,-0.390418,0.004831,-0.007511,1,acq,40960,40960,0,32,True,False,1,1200000,8381618,False,-3395037,3227949,0,0,0,0,2
74,1,0,6,both,2,2,-4.407375476557824,-4.537928952758923,1,1,1784288828.390974,1784288833.812832,1784288834.533299,1784288835.4067671,1784288835.815734,0,0,1784288835.407843,1784288835.6130261,0.185172565,1784288835.61303,1784288835.8157282,0.197238108,1784288835.815734,1784288837.8664849,1784288836.838025,1784288837.867077,1784288838.0676212,0.211984882,1784288838.067625,1784288838.273822,0.185172565,0.1886645,-0.2299525,-0.3927845,0.004824,-0.0075375,1,acq,40960,40960,0,32,True,False,1,1200000,8381618,False,-3390379,3261400,0,0,0,0,2
75,1,0,6,both,2,3,-4.407375476557824,-4.537928952758923,1,1,1784288838.274462,1784288843.689717,1784288844.407373,1784288845.272917,1784288845.688649,0,0,1784288845.273419,1784288845.479529,0.205281803,1784288845.479532,1784288845.688643,0.190535029,1784288845.688649,1784288847.7380311,1784288846.7121768,1784288847.7382379,1784288847.9434009,0.194556876,1784288847.943404,1784288848.148573,0.207963035,0.190755,-0.2309405,-0.3944125,0.00483,-0.0075145,1,acq,40960,40960,0,32,True,False,1,1200000,8381618,False,-3379878,3275458,0,0,0,0,2
76,1,0,6,both,2,4,-4.407375476557824,-4.537928952758923,1,1,1784288848.150222,1784288853.593733,1784288854.322657,1784288855.190849,1784288855.596489,0,0,1784288855.191072,1784288855.391554,0.190535029,1784288855.391559,1784288855.596477,0.19321626,1784288855.596489,1784288857.645355,1784288856.6188393,1784288857.645558,1784288857.850689,0.217347346,1784288857.850692,1784288858.0559318,0.213325498,0.19296649999999999,-0.232125,-0.3964415,0.0047815,-0.0074985,1,acq,40960,40960,0,32,True,False,1,1200000,8381618,False,-3404522,3281556,0,0,0,0,2
77,1,0,6,both,2,5,-4.407375476557824,-4.537928952758923,1,1,1784288858.057473,1784288863.499222,1784288864.215401,1784288865.086911,1784288865.496883,0,0,1784288865.0871282,1784288865.29231,0.206622419,1784288865.2923148,1784288865.496872,0.226731657,1784288865.496883,1784288867.565272,1784288866.5315695,1784288867.565471,1784288867.768938,0.21600673,1784288867.768943,1784288867.982047,0.195897492,0.19509300000000002,-0.2333105,-0.398409,0.0048185,-0.007526,1,acq,40960,40960,0,32,True,False,1,1200000,8381618,False,-3455250,3313398,0,0,0,0,2
78,1,0,6,both,2,6,-4.407375476557824,-4.537928952758923,1,1,1784288867.982683,1784288873.4977138,1784288874.2326841,1784288875.113909,1784288875.5342798,0,0,1784288875.114105,1784288875.324291,0.175788254,1784288875.3242948,1784288875.5342689,0.220028577,1784288875.5342798,1784288877.6099,1784288876.5738232,1784288877.610384,1784288877.8204842,0.242819047,1784288877.8204858,1784288878.025505,0.194556876,0.19731749999999998,-0.234398,-0.400395,0.0047865,-0.0075175,1,acq,40960,40960,0,32,True,False,1,1200000,8381618,False,-3433655,3310519,0,0,0,0,2
79,1,0,6,both,2,7,-4.407375476557824,-4.537928952758923,1,1,1784288878.027466,1784288883.54097,1784288884.270599,1784288885.15626,1784288885.568792,0,0,1784288885.15648,1784288885.366753,0.229412888,1784288885.3667572,1784288885.5687869,0.228072273,1784288885.568792,1784288887.638695,1784288886.603272,1784288887.638894,1784288887.844366,0.220028577,1784288887.844367,1784288888.058827,0.197238108,0.199249,-0.2352575,-0.4018445,0.0048365000000000005,-0.0075155,1,acq,40960,40960,0,32,True,False,1,1200000,8381618,False,-3477777,3326017,0,0,0,0,2
80,1,0,6,both,2,8,-4.407375476557824,-4.537928952758923,1,1,1784288888.059725,1784288893.564209,1784288894.277556,1784288895.147208,1784288895.558969,0,0,1784288895.147419,1784288895.357607,0.214666114,1784288895.357609,1784288895.558964,0.19991934,1784288895.558969,1784288897.642796,1784288896.5979483,1784288897.643003,1784288897.856565,0.224050425,1784288897.856569,1784288898.066786,0.203941187,0.201328,-0.2363605,-0.403764,0.0047875,-0.0075125,1,acq,40960,40960,0,32,True,False,1,1200000,8381618,False,-3477353,3340583,0,0,0,0,2
81,1,0,6,both,2,9,-4.407375476557824,-4.537928952758923,1,1,1784288898.067432,1784288903.5865731,1784288904.337153,1784288905.2047842,1784288905.6253262,0,0,1784288905.204984,1784288905.415159,0.222709809,1784288905.415162,1784288905.62532,0.202600571,1784288905.6253262,1784288907.702896,1784288906.6641421,1784288907.703145,1784288907.9052029,0.205281803,1784288907.905205,1784288908.109658,0.197238108,0.20343699999999998,-0.237484,-0.4056325,0.0048265,-0.007484,1,acq,40960,40960,0,32,True,False,1,1200000,8381618,False,-3494545,3359384,0,0,0,0,2
82,1,0,6,both,2,10,-4.407375476557824,-4.537928952758923,1,1,1784288908.1103868,1784288913.621462,1784288914.3581061,1784288915.248738,1784288915.6692631,0,0,1784288915.248965,1784288915.45912,0.203941187,1784288915.459123,1784288915.669257,0.210644266,1784288915.6692631,1784288917.735065,1784288916.702005,1784288917.7355578,1784288917.941566,0.222709809,1784288917.94157,1784288918.1517172,0.224050425,0.205459,-0.238529,-0.40743399999999996,0.0048165,-0.0075049999999999995,1,acq,40960,40960,0,32,True,False,1,1200000,8381618,False,-3485229,3364973,0,0,0,0,2
83,1,0,6,both,2,11,-4.407375476557824,-4.537928952758923,1,1,1784288918.152359,1784288923.643348,1784288924.37938,1784288925.2577941,1784288925.674238,0,0,1784288925.258013,1784288925.467405,0.225391041,1784288925.467407,1784288925.6742332,0.217347346,1784288925.674238,1784288927.739143,1784288926.708423,1784288927.7393641,1784288927.948591,0.233434736,1784288927.948595,1784288928.160397,0.257565821,0.20743299999999998,-0.2393925,-0.4090875,0.0048035000000000005,-0.0074990000000000005,1,acq,40960,40960,0,32,True,False,1,1200000,8381618,False,-3518596,3387415,0,0,0,0,2
84,1,0,7,none,3,0,-4.407375476557824,-4.537928952758923,0,0,1784288933.664819,1784288933.664819,1784288934.402364,1784288935.284866,1784288935.697522,0,0,1784288935.285074,1784288935.487623,0.228072273,1784288935.487625,1784288935.697516,0.211984882,1784288935.697522,1784288937.761421,1784288936.732174,1784288937.76194,1784288937.967763,0.205281803,1784288937.967774,1784288938.1699882,0.222709809,0.2093475,-0.24041400000000002,-0.41065450000000003,0.004817,-0.007482,1,acq,40960,40960,0,32,True,False,1,1200000,8381618,False,-3535703,3409858,0,0,0,0,2
85,1,0,7,none,3,1,-4.407375476557824,-4.537928952758923,0,0,1784288938.170649,1784288938.170649,1784288938.908654,1784288939.788157,1784288940.210769,0,0,1784288939.788395,1784288939.9985652,0.224050425,1784288939.9985669,1784288940.210759,0.217347346,1784288940.210769,1784288942.2968059,1784288941.2535453,1784288942.297013,1784288942.509644,0.217347346,1784288942.5096462,1784288942.7211578,0.225391041,0.210243,-0.240776,-0.411367,0.004815,-0.0074595,1,acq,40960,40960,0,32,True,False,1,1200000,8381618,False,-3535788,3396392,0,0,0,0,2
86,1,0,7,none,3,2,-4.407375476557824,-4.537928952758923,0,0,1784288942.7218208,1784288942.7218208,1784288943.4556642,1784288944.33512,1784288944.753464,0,0,1784288944.335337,1784288944.540203,0.222709809,1784288944.5402062,1784288944.753453,0.23209412,1784288944.753464,1784288946.838568,1784288945.7945185,1784288946.841446,1784288947.05165,0.203941187,1784288947.0516531,1784288947.262801,0.222709809,0.2111265,-0.241236,-0.412139,0.004802000000000001,-0.0074875,1,acq,40960,40960,0,32,True,False,1,1200000,8381618,False,-3531384,3406216,0,0,0,0,2
87,1,0,7,none,3,3,-4.407375476557824,-4.537928952758923,0,0,1784288947.264138,1784288947.264138,1784288948.0014231,1784288948.87254,1784288949.277777,0,0,1784288948.87275,1784288949.0742998,0.233434736,1784288949.074303,1784288949.2777689,0.220028577,1784288949.277777,1784288951.3421729,1784288950.308248,1784288951.342388,1784288951.547741,0.218687962,1784288951.547745,1784288951.760226,0.203941187,0.211866,-0.2415485,-0.4126345,0.004852,-0.0074540000000000006,1,acq,40960,40960,0,32,True,False,1,1200000,8381618,False,-3534602,3431368,0,0,0,0,2
88,1,0,7,none,3,4,-4.407375476557824,-4.537928952758923,0,0,1784288951.762042,1784288951.762042,1784288952.500389,1784288953.372082,1784288953.791347,0,0,1784288953.3722959,1784288953.58354,0.222709809,1784288953.583545,1784288953.791341,0.211984882,1784288953.791347,1784288955.8610408,1784288954.8261654,1784288955.861514,1784288956.070337,0.253543974,1784288956.070341,1784288956.275797,0.236115968,0.21276650000000003,-0.2419935,-0.41349,0.0048385,-0.007486,1,acq,40960,40960,0,32,True,False,1,1200000,8381618,False,-3557468,3414092,0,0,0,0,2
89,1,0,7,none,3,5,-4.407375476557824,-4.537928952758923,0,0,1784288956.276521,1784288956.276521,1784288957.001845,1784288957.886036,1784288958.303895,0,0,1784288957.886235,1784288958.0930161,0.224050425,1784288958.0930188,1784288958.303884,0.206622419,1784288958.303895,1784288960.370207,1784288959.3426762,1784288960.370398,1784288960.574153,0.220028577,1784288960.574157,1784288960.784204,0.201259955,0.21358749999999999,-0.2424,-0.414141,0.004821499999999999,-0.0074494999999999995,1,acq,40960,40960,0,32,True,False,1,1200000,8381618,False,-3556367,3439413,0,0,0,0,2
90,1,0,7,none,3,6,-4.407375476557824,-4.537928952758923,0,0,1784288960.7853088,1784288960.7853088,1784288961.515061,1784288962.395021,1784288962.804152,0,0,1784288962.395502,1784288962.6024609,0.218687962,1784288962.602463,1784288962.8041432,0.197238108,1784288962.804152,1784288964.876481,1784288963.8369737,1784288964.876769,1784288965.08702,0.237456584,1784288965.0870242,1784288965.293192,0.241478431,0.2144635,-0.242921,-0.4149545,0.0048445,-0.007478,1,acq,40960,40960,0,32,True,False,1,1200000,8381618,False,-3585923,3426372,0,0,0,0,2
91,1,0,7,none,3,7,-4.407375476557824,-4.537928952758923,0,0,1784288965.293837,1784288965.293837,1784288966.01964,1784288966.8823879,1784288967.294278,0,0,1784288966.882632,1784288967.093428,0.238797199,1784288967.093432,1784288967.2942731,0.234775352,1784288967.294278,1784288969.368528,1784288968.3348956,1784288969.368741,1784288969.578902,0.202600571,1784288969.578906,1784288969.7850611,0.262928285,0.215171,-0.243194,-0.41547,0.0048025,-0.007497500000000001,1,acq,40960,40960,0,32,True,False,1,1200000,8381618,False,-3561956,3434671,0,0,0,0,2
92,1,0,7,none,3,8,-4.407375476557824,-4.537928952758923,0,0,1784288969.7858949,1784288969.7858949,1784288970.512604,1784288971.3806221,1784288971.793057,0,0,1784288971.381283,1784288971.5909219,0.21600673,1784288971.590924,1784288971.793046,0.222709809,1784288971.793057,1784288973.8719301,1784288972.8291063,1784288973.872137,1784288974.0766459,0.240137815,1784288974.076648,1784288974.284683,0.222709809,0.216098,-0.243653,-0.416304,0.0048515,-0.00746,1,acq,40960,40960,0,32,True,False,1,1200000,8381618,False,-3561194,3456012,0,0,0,0,2
93,1,0,7,none,3,9,-4.407375476557824,-4.537928952758923,0,0,1784288974.285299,1784288974.285299,1784288975.022324,1784288975.891372,1784288976.312642,0,0,1784288975.891628,1784288976.103193,0.225391041,1784288976.1031969,1784288976.312636,0.222709809,1784288976.312642,1784288978.379054,1784288977.341908,1784288978.3792572,1784288978.5849311,0.238797199,1784288978.584933,1784288978.78813,0.229412888,0.2169575,-0.2440855,-0.4169965,0.0048544999999999994,-0.007480499999999999,1,acq,40960,40960,0,32,True,False,1,1200000,8381618,False,-3577708,3450846,0,0,0,0,2
94,1,0,7,none,3,10,-4.407375476557824,-4.537928952758923,0,0,1784288978.7887821,1784288978.7887821,1784288979.5289412,1784288980.404017,1784288980.824378,0,0,1784288980.404238,1784288980.613965,0.236115968,1784288980.6139688,1784288980.824366,0.221369193,1784288980.824378,1784288982.911833,1784288981.869286,1784288982.91237,1784288983.1169229,0.23209412,1784288983.116927,1784288983.3263009,0.233434736,0.2177825,-0.244481,-0.417737,0.004848,-0.0074885,1,acq,40960,40960,0,32,True,False,1,1200000,8381618,False,-3568308,3452286,0,0,0,0,2
95,1,0,7,none,3,11,-4.407375476557824,-4.537928952758923,0,0,1784288983.3272781,1784288983.3272781,1784288984.0609002,1784288984.944488,1784288985.3592472,0,0,1784288984.944684,1784288985.149088,0.230753504,1784288985.14909,1784288985.359242,0.214666114,1784288985.3592472,1784288987.4137468,1784288986.3861012,1784288987.414421,1784288987.6270761,0.249522126,1784288987.62708,1784288987.83729,0.211984882,0.2187035,-0.24495050000000002,-0.4184985,0.004841,-0.007455,1,acq,40960,40960,0,32,True,False,1,1200000,8381618,False,-3588972,3480741,0,0,0,0,2
96,2,60,8,acq,0,0,3.4258330955080973,3.2952796193069984,0,1,1784289080.783009,1784289084.117619,1784289084.855979,1784289085.734816,1784289086.15656,0,0,1784289085.735418,1784289085.943224,1.42390162,1784289085.943228,1784289086.1565492,1.43462654,1784289086.15656,1784289088.234227,1784289087.1978354,1784289088.234457,1784289088.444594,1.44937332,1784289088.444596,1784289088.656069,1.41451731,1.2,-0.268347,-0.4580905,-0.000873,0.003417,1,acq,40960,40960,0,32,True,False,1,1200000,8381618,False,-3831008,4015288,0,0,0,0,2
97,2,60,8,acq,0,1,3.4258330955080973,3.2952796193069984,0,1,1784289088.656842,1784289091.954773,1784289092.6720362,1784289093.548295,1784289093.966466,0,0,1784289093.548505,1784289093.758772,1.41853915,1784289093.758776,1784289093.9664571,1.42658285,1784289093.966466,1784289096.0325959,1784289095.00097,1784289096.03281,1784289096.243076,1.42792346,1784289096.2430809,1784289096.445407,1.42390162,1.2,-0.27135600000000004,-0.46327,-0.0008465,0.0033465,1,acq,40960,40960,0,32,True,False,1,1200000,8381618,False,-3944659,4099807,0,0,0,0,2
98,2,60,8,acq,0,2,3.4258330955080973,3.2952796193069984,0,1,1784289096.44608,1784289099.767025,1784289100.488878,1784289101.376907,1784289101.801781,0,0,1784289101.377401,1784289101.591608,1.422561,1784289101.591611,1784289101.8017752,1.42390162,1784289101.801781,1784289103.8729239,1784289102.8371058,1784289103.8731468,1784289104.0833201,1.41853915,1784289104.083324,1784289104.2888918,1.42792346,1.2,-0.27407899999999996,-0.468088,-0.0007545,0.0032385,1,acq,40960,40960,0,32,True,False,1,1200000,8381618,False,-3942372,4063645,0,0,0,0,2
99,2,60,8,acq,0,3,3.4258330955080973,3.2952796193069984,0,1,1784289104.289549,1784289107.6185899,1784289108.362336,1784289109.247811,1784289109.6595268,0,0,1784289109.248008,1784289109.45583,1.39842992,1784289109.4558332,1784289109.659522,1.39440807,1784289109.6595268,1784289111.734806,1784289110.6936827,1784289111.7356758,1784289111.949505,1.41183607,1784289111.9495099,1784289112.1568499,1.3890456,1.2,-0.27641550000000004,-0.472194,-0.000732,0.003222,1,acq,40960,40960,0,32,True,False,1,1200000,8381618,False,-3980143,4081683,0,0,0,0,2
100,2,60,8,acq,0,4,3.4258330955080973,3.2952796193069984,0,1,1784289112.157516,1784289115.4840178,1784289116.219836,1784289117.0923252,1784289117.505306,0,0,1784289117.0929532,1784289117.302111,1.42390162,1784289117.302115,1784289117.505301,1.40781423,1784289117.505306,1784289119.590019,1784289118.549738,1784289119.591122,1784289119.8017468,1.3970893,1784289119.8017511,1784289120.010686,1.41585792,1.2,-0.2788435,-0.476355,-0.00069,0.003161,1,acq,40960,40960,0,32,True,False,1,1200000,8381618,False,-3998605,4139948,0,0,0,0,2
101,2,60,8,acq,0,5,3.4258330955080973,3.2952796193069984,0,1,1784289120.011353,1784289123.339427,1784289124.074795,1784289124.957773,1784289125.376509,0,0,1784289124.958364,1784289125.167881,1.38636437,1784289125.167886,1784289125.3764968,1.41853915,1784289125.376509,1784289127.442264,1784289126.404161,1784289127.44248,1784289127.645542,1.40111115,1784289127.645545,1784289127.855687,1.41853915,1.2,-0.280877,-0.4799605,-0.000646,0.0031260000000000003,1,acq,40960,40960,0,32,True,False,1,1200000,8381618,False,-4037815,4175771,0,0,0,0,2
102,2,60,8,acq,0,6,3.4258330955080973,3.2952796193069984,0,1,1784289127.856312,1784289131.164181,1784289131.8998451,1784289132.77546,1784289133.191696,0,0,1784289132.7760231,1784289132.984549,1.39574868,1784289132.984551,1784289133.19169,1.40781423,1784289133.191696,1784289135.268973,1784289134.229471,1784289135.269202,1784289135.469932,1.37563945,1784289135.4699361,1784289135.678887,1.39440807,1.2,-0.2825175,-0.4826535,-0.0005785,0.0030594999999999997,1,acq,40960,40960,0,32,True,False,1,1200000,8381618,False,-4056023,4229971,0,0,0,0,2
103,2,60,8,acq,0,7,3.4258330955080973,3.2952796193069984,0,1,1784289135.683994,1784289139.0147488,1784289139.7420118,1784289140.612353,1784289141.029171,0,0,1784289140.6125572,1784289140.826914,1.39977053,1784289140.826916,1784289141.029166,1.39306745,1784289141.029171,1784289143.1011388,1784289142.0670915,1784289143.101847,1784289143.3091578,1.40245176,1784289143.30916,1784289143.50995,1.42122038,1.2,-0.28429800000000005,-0.4857905,-0.000575,0.0030615,1,acq,40960,40960,0,32,True,False,1,1200000,8381618,False,-4076602,4238694,0,0,0,0,2
104,2,60,8,acq,0,8,3.4258330955080973,3.2952796193069984,0,1,1784289143.513956,1784289146.8289669,1784289147.569917,1784289148.4483259,1784289148.8673,0,0,1784289148.44854,1784289148.658714,1.39842992,1784289148.6587179,1784289148.867289,1.34882713,1784289148.8673,1784289150.942168,1784289149.9055529,1784289150.942404,1784289151.1525838,1.36893637,1784289151.1525881,1784289151.362227,1.37832068,1.2,-0.285837,-0.4884075,-0.000541,0.0029389999999999998,1,acq,40960,40960,0,32,True,False,1,1200000,8381618,False,-4123688,4197282,0,0,0,0,2
105,2,60,8,acq,0,9,3.4258330955080973,3.2952796193069984,0,1,1784289151.362963,1784289154.660637,1784289155.408522,1784289156.282123,1784289156.702562,0,0,1784289156.282343,1784289156.492522,1.38234253,1784289156.492526,1784289156.702552,1.38502376,1784289156.702562,1784289158.7608929,1784289157.732001,1784289158.7613142,1784289158.9646971,1.37966129,1784289158.964701,1784289159.1738749,1.38368314,1.2,-0.287389,-0.49113799999999996,-0.000477,0.0029430000000000003,1,acq,40960,40960,0,32,True,False,1,1200000,8381618,False,-4124027,4298229,0,0,0,0,2
106,2,60,8,acq,0,10,3.4258330955080973,3.2952796193069984,0,1,1784289159.174525,1784289162.5219579,1784289163.261469,1784289164.133717,1784289164.553108,0,0,1784289164.133984,1784289164.344219,1.40379238,1784289164.344222,1784289164.553102,1.3635739,1784289164.553108,1784289166.626107,1784289165.591718,1784289166.628373,1784289166.838707,1.35955206,1784289166.83871,1784289167.052448,1.36893637,1.2,-0.2886295,-0.4931765,-0.000513,0.0029055,1,acq,40960,40960,0,32,True,False,1,1200000,8381618,False,-4159342,4232088,0,0,0,0,2
107,2,60,8,acq,0,11,3.4258330955080973,3.2952796193069984,0,1,1784289167.0531478,1784289170.377485,1784289171.102717,1784289171.9771981,1784289172.397474,0,0,1784289171.977469,1784289172.187691,1.36893637,1784289172.187693,1784289172.397467,1.38368314,1784289172.397474,1784289174.469399,1784289173.4331546,1784289174.469984,1784289174.677828,1.37295821,1784289174.677832,1784289174.880939,1.37295821,1.2,-0.290076,-0.495746,-0.000465,0.002855,1,acq,40960,40960,0,32,True,False,1,1200000,8381618,False,-4165355,4297044,0,0,0,0,2
108,2,60,9,both,1,0,3.4258330955080973,3.2952796193069984,1,1,1784289180.378111,1784289185.898987,1784289186.627862,1784289187.497448,1784289187.916836,0,0,1784289187.4986198,1784289187.712192,1.36491452,1784289187.712194,1784289187.916831,1.36759575,1784289187.916836,1784289189.9700348,1784289188.9416327,1784289189.970725,1784289190.18096,1.38636437,1784289190.180964,1784289190.387882,1.36223329,1.2,-0.2924505,-0.4998495,-0.00037549999999999997,0.002805,1,acq,40960,40960,0,32,True,False,1,1200000,8381618,False,-4159003,4287559,0,0,0,0,2
109,2,60,9,both,1,1,3.4258330955080973,3.2952796193069984,1,1,1784289190.389704,1784289195.898904,1784289196.633409,1784289197.518751,1784289197.932548,0,0,1784289197.519047,1784289197.729264,1.34480528,1784289197.729268,1784289197.932537,1.3381022,1784289197.932548,1784289200.009747,1784289198.9716473,1784289200.009957,1784289200.221029,1.36089267,1784289200.221034,1784289200.430642,1.3461459,1.2,-0.294057,-0.5025569999999999,-0.000397,0.0027685,1,acq,40960,40960,0,32,True,False,1,1200000,8381618,False,-4275279,4344977,0,0,0,0,2
110,2,60,9,both,1,2,3.4258330955080973,3.2952796193069984,1,1,1784289200.432319,1784289205.9332101,1784289206.676799,1784289207.5518742,1784289207.971045,0,0,1784289207.552143,1784289207.762283,1.35150836,1784289207.762284,1784289207.971034,1.34346467,1784289207.971045,1784289210.0482292,1784289209.007358,1784289210.048521,1784289210.259968,1.37429883,1784289210.25997,1784289210.461469,1.33676159,1.2,-0.29507099999999997,-0.5042234999999999,-0.0003615,0.002709,1,acq,40960,40960,0,32,True,False,1,1200000,8381618,False,-4229971,4333205,0,0,0,0,2
111,2,60,9,both,1,3,3.4258330955080973,3.2952796193069984,1,1,1784289210.462095,1784289215.988852,1784289216.722829,1784289217.598458,1784289218.020305,0,0,1784289217.5986629,1784289217.8101408,1.33542097,1784289217.8101451,1784289218.020294,1.37563945,1784289218.020305,1784289220.073447,1784289219.0481555,1784289220.073641,1784289220.275646,1.35016774,1784289220.275648,1784289220.482692,1.34480528,1.2,-0.2965455,-0.506697,-0.000335,0.002627,1,acq,40960,40960,0,32,True,False,1,1200000,8381618,False,-4232088,4351244,0,0,0,0,2
112,2,60,9,both,1,4,3.4258330955080973,3.2952796193069984,1,1,1784289220.483579,1784289225.970927,1784289226.700395,1784289227.58603,1784289227.999488,0,0,1784289227.586279,1784289227.796455,1.36089267,1784289227.796459,1784289227.999477,1.34346467,1784289227.999488,1784289230.067162,1784289229.035159,1784289230.0674748,1784289230.279118,1.34480528,1784289230.279121,1784289230.485943,1.3461459,1.2,-0.297815,-0.5089985,-0.00030250000000000003,0.0026734999999999997,1,acq,40960,40960,0,32,True,False,1,1200000,8381618,False,-4272484,4401633,0,0,0,0,2
113,2,60,9,both,1,5,3.4258330955080973,3.2952796193069984,1,1,1784289230.4893482,1784289236.0031,1784289236.744147,1784289237.6383731,1784289238.053945,0,0,1784289237.6390269,1784289237.8419662,1.34212405,1784289237.841969,1784289238.053934,1.3206742,1784289238.053945,1784289240.130214,1784289239.0910702,1784289240.130832,1784289240.33118,1.3381022,1784289240.331182,1784289240.534249,1.32469604,1.2,-0.2990005,-0.5110764999999999,-0.000283,0.00257,1,acq,40960,40960,0,32,True,False,1,1200000,8381618,False,-4290946,4356833,0,0,0,0,2
114,2,60,9,both,1,6,3.4258330955080973,3.2952796193069984,1,1,1784289240.5350242,1784289246.027898,1784289246.757905,1784289247.630996,1784289248.0540109,0,0,1784289247.631236,1784289247.8413801,1.32603666,1784289247.8413818,1784289248.0540009,1.30324619,1784289248.0540109,1784289250.123766,1784289249.0907388,1784289250.12399,1784289250.333698,1.32737727,1784289250.3337002,1784289250.54069,1.33944282,1.2,-0.299774,-0.5124475,-0.00023700000000000001,0.0025824999999999997,1,acq,40960,40960,0,32,True,False,1,1200000,8381618,False,-4282732,4450667,0,0,0,0,2
115,2,60,9,both,1,7,3.4258330955080973,3.2952796193069984,1,1,1784289250.542953,1784289256.073039,1784289256.8043368,1784289257.6811872,1784289258.101656,0,0,1784289257.681398,1784289257.891532,1.32737727,1784289257.891534,1784289258.101651,1.31933358,1784289258.101656,1784289260.189248,1784289259.1454563,1784289260.191882,1784289260.402775,1.33676159,1784289260.4027789,1784289260.6118321,1.33676159,1.2,-0.3010885,-0.514683,-0.000225,0.0025329999999999997,1,acq,40960,40960,0,32,True,False,1,1200000,8381618,False,-4323636,4378259,0,0,0,0,2
116,2,60,9,both,1,8,3.4258330955080973,3.2952796193069984,1,1,1784289260.612494,1784289266.12846,1784289266.846976,1784289267.727777,1784289268.1392078,0,0,1784289267.728008,1784289267.936896,1.3381022,1784289267.936898,1784289268.139196,1.32469604,1784289268.1392078,1784289270.227318,1784289269.1849859,1784289270.227552,1784289270.4295669,1.30726804,1784289270.429569,1784289270.6388469,1.31665235,1.2,-0.301794,-0.5159635,-0.0002265,0.00247,1,acq,40960,40960,0,32,True,False,1,1200000,8381618,False,-4330749,4411203,0,0,0,0,2
117,2,60,9,both,1,9,3.4258330955080973,3.2952796193069984,1,1,1784289270.639498,1784289276.1719658,1784289276.904832,1784289277.794044,1784289278.204944,0,0,1784289277.794739,1784289278.002662,1.32469604,1784289278.002665,1784289278.2049391,1.30458681,1784289278.204944,1784289280.271455,1784289279.2385304,1784289280.271856,1784289280.479425,1.34480528,1784289280.479429,1784289280.683824,1.34212405,1.2,-0.303054,-0.5179545,-0.000177,0.0024655,1,acq,40960,40960,0,32,True,False,1,1200000,8381618,False,-4308392,4412134,0,0,0,0,2
118,2,60,9,both,1,10,3.4258330955080973,3.2952796193069984,1,1,1784289280.686527,1784289286.2075489,1784289286.949077,1784289287.828761,1784289288.248821,0,0,1784289287.828955,1784289288.038622,1.31799296,1784289288.038624,1784289288.24881,1.32871789,1784289288.248821,1784289290.3159769,1784289289.28278,1784289290.3162181,1784289290.527586,1.30726804,1784289290.527591,1784289290.7356749,1.29520249,1.2,-0.30393000000000003,-0.5197005,-0.0001965,0.0024400000000000003,1,acq,40960,40960,0,32,True,False,1,1200000,8381618,False,-4331512,4522736,0,0,0,0,2
119,2,60,9,both,1,11,3.4258330955080973,3.2952796193069984,1,1,1784289290.73634,1784289296.247278,1784289296.984612,1784289297.8544252,1784289298.265219,0,0,1784289297.855009,1784289298.062929,1.30860865,1784289298.062932,1784289298.265197,1.31933358,1784289298.265219,1784289300.350125,1784289299.3049257,1784289300.350334,1784289300.5642931,1.32335543,1784289300.5642948,1784289300.773607,1.33139912,1.2,-0.304668,-0.5208665,-0.0001595,0.0024175,1,acq,40960,40960,0,32,True,False,1,1200000,8381618,False,-4348872,4474888,0,0,0,0,2
120,2,60,10,none,2,0,3.4258330955080973,3.2952796193069984,0,0,1784289306.288019,1784289306.288019,1784289307.0130718,1784289307.897442,1784289308.302474,0,0,1784289307.8976672,1784289308.100199,1.30324619,1784289308.100201,1784289308.302468,1.32335543,1784289308.302474,1784289310.385542,1784289309.3471735,1784289310.385762,1784289310.597732,1.3126305,1784289310.597736,1784289310.8058062,1.32871789,1.2,-0.30581800000000003,-0.522701,-0.0001195,0.0023955,1,acq,40960,40960,0,32,True,False,1,1200000,8381618,False,-4340488,4498939,0,0,0,0,2
121,2,60,10,none,2,1,3.4258330955080973,3.2952796193069984,0,0,1784289310.806466,1784289310.806466,1784289311.53807,1784289312.425457,1784289312.8468502,0,0,1784289312.4256818,1784289312.641648,1.33139912,1784289312.6416519,1784289312.846845,1.32603666,1784289312.8468502,1784289314.928273,1784289313.8934994,1784289314.928503,1784289315.138753,1.30324619,1784289315.1387572,1784289315.34983,1.29788373,1.2,-0.3059685,-0.5231,-0.0001075,0.0023905000000000003,1,acq,40960,40960,0,32,True,False,1,1200000,8381618,False,-4354292,4563217,0,0,0,0,2
122,2,60,10,none,2,2,3.4258330955080973,3.2952796193069984,0,0,1784289315.350425,1784289315.350425,1784289316.0817752,1784289316.9600818,1784289317.384091,0,0,1784289316.960309,1784289317.1705081,1.29788373,1784289317.170511,1784289317.3840792,1.30458681,1784289317.384091,1784289319.4763122,1784289318.426429,1784289319.476971,1784289319.67795,1.30592742,1784289319.677954,1784289319.893688,1.33542097,1.2,-0.3062785,-0.523682,-0.000106,0.0023420000000000003,1,acq,40960,40960,0,32,True,False,1,1200000,8381618,False,-4379953,4564656,0,0,0,0,2
123,2,60,10,none,2,3,3.4258330955080973,3.2952796193069984,0,0,1784289319.894419,1784289319.894419,1784289320.63644,1784289321.4976482,1784289321.9149241,0,0,1784289321.4979782,1784289321.7081852,1.29922434,1784289321.708189,1784289321.914916,1.28447757,1784289321.9149241,1784289323.9985962,1784289322.9568717,1784289323.99881,1784289324.209012,1.30056496,1784289324.209016,1784289324.413435,1.29654311,1.2,-0.307014,-0.5248425000000001,-0.000119,0.002357,1,acq,40960,40960,0,32,True,False,1,1200000,8381618,False,-4417215,4488946,0,0,0,0,2
124,2,60,10,none,2,4,3.4258330955080973,3.2952796193069984,0,0,1784289324.414933,1784289324.414933,1784289325.151834,1784289326.0381188,1784289326.448701,0,0,1784289326.0383291,1784289326.241636,1.31531173,1784289326.241638,1784289326.448695,1.29654311,1784289326.448701,1784289328.5296042,1784289327.4918694,1784289328.529842,1784289328.7400162,1.29520249,1784289328.740018,1784289328.950181,1.33139912,1.2,-0.306959,-0.5247755000000001,-0.00011899999999999999,0.0023235,1,acq,40960,40960,0,32,True,False,1,1200000,8381618,False,-4446602,4552800,0,0,0,0,2
125,2,60,10,none,2,5,3.4258330955080973,3.2952796193069984,0,0,1784289328.95084,1784289328.95084,1784289329.6889338,1784289330.5692532,1784289330.9904718,0,0,1784289330.569512,1784289330.779665,1.30860865,1784289330.7796679,1784289330.990466,1.31397112,1784289330.9904718,1784289333.0717819,1784289332.0287187,1784289333.072075,1784289333.283556,1.31397112,1784289333.283561,1784289333.493182,1.3206742,1.2,-0.3075425,-0.5257345,-9.35e-05,0.0023480000000000003,1,acq,40960,40960,0,32,True,False,1,1200000,8381618,False,-4396043,4516808,0,0,0,0,2
126,2,60,10,none,2,6,3.4258330955080973,3.2952796193069984,0,0,1784289333.4948459,1784289333.4948459,1784289334.234889,1784289335.117122,1784289335.5350661,0,0,1784289335.1177878,1784289335.327734,1.29252126,1784289335.3277361,1784289335.53506,1.30726804,1784289335.5350661,1784289337.584532,1784289336.5609999,1784289337.584783,1784289337.794919,1.30324619,1784289337.794921,1784289338.002218,1.29252126,1.2,-0.307784,-0.5262665,-6.8e-05,0.0022884999999999997,1,acq,40960,40960,0,32,True,False,1,1200000,8381618,False,-4422720,4469298,0,0,0,0,2
127,2,60,10,none,2,7,3.4258330955080973,3.2952796193069984,0,0,1784289338.005269,1784289338.005269,1784289338.736219,1784289339.609133,1784289340.027885,0,0,1784289339.609667,1784289339.81862,1.32737727,1784289339.818625,1784289340.027879,1.29788373,1784289340.027885,1784289342.109514,1784289341.0670877,1784289342.109748,1784289342.316063,1.32603666,1784289342.316065,1784289342.517206,1.28984003,1.2,-0.308332,-0.527142,-6.4e-05,0.002307,1,acq,40960,40960,0,32,True,False,1,1200000,8381618,False,-4427717,4554155,0,0,0,0,2
128,2,60,10,none,2,8,3.4258330955080973,3.2952796193069984,0,0,1784289342.522532,1784289342.522532,1784289343.242131,1784289344.111509,1784289344.5259788,0,0,1784289344.111726,1784289344.323201,1.31799296,1784289344.323203,1784289344.525974,1.33005851,1784289344.5259788,1784289346.59631,1784289345.5602212,1784289346.596517,1784289346.809645,1.30190557,1784289346.809649,1784289347.0156999,1.30056496,1.2,-0.308506,-0.5274319999999999,-4.95e-05,0.0023004999999999996,1,acq,40960,40960,0,32,True,False,1,1200000,8381618,False,-4396636,4513590,0,0,0,0,2
129,2,60,10,none,2,9,3.4258330955080973,3.2952796193069984,0,0,1784289347.016324,1784289347.016324,1784289347.744166,1784289348.618311,1784289349.027275,0,0,1784289348.6185548,1784289348.820894,1.3126305,1784289348.820897,1784289349.0272682,1.29788373,1784289349.027275,1784289351.0954938,1784289350.0635362,1784289351.0957289,1784289351.296423,1.31531173,1784289351.2964249,1784289351.503169,1.28179634,1.2,-0.30891250000000003,-0.5280935,-6.500000000000001e-05,0.0022765,1,acq,40960,40960,0,32,True,False,1,1200000,8381618,False,-4419587,4513505,0,0,0,0,2
130,2,60,10,none,2,10,3.4258330955080973,3.2952796193069984,0,0,1784289351.506405,1784289351.506405,1784289352.245257,1784289353.1247098,1784289353.543406,0,0,1784289353.124941,1784289353.335078,1.28313695,1784289353.335079,1784289353.543395,1.28984003,1784289353.543406,1784289355.617538,1784289354.5760002,1784289355.617758,1784289355.827896,1.29386188,1784289355.827898,1784289356.036503,1.29118065,1.2,-0.30943350000000003,-0.5290265000000001,-4.5e-05,0.0022154999999999996,1,acq,40960,40960,0,32,True,False,1,1200000,8381618,False,-4433814,4534338,0,0,0,0,2
131,2,60,10,none,2,11,3.4258330955080973,3.2952796193069984,0,0,1784289356.0407228,1784289356.0407228,1784289356.7779782,1784289357.658886,1784289358.077353,0,0,1784289357.659394,1784289357.869173,1.31128988,1784289357.869178,1784289358.077342,1.30458681,1784289358.077353,1784289360.150201,1784289359.1166458,1784289360.1504362,1784289360.360621,1.2871588,1784289360.3606248,1784289360.569912,1.29788373,1.2,-0.3096975,-0.5295105,-7.85e-05,0.0022475,1,acq,40960,40960,0,32,True,False,1,1200000,8381618,False,-4397568,4479037,0,0,0,0,2
132,2,60,11,gen,3,0,3.4258330955080973,3.2952796193069984,1,0,1784289366.080503,1784289368.253781,1784289368.992241,1784289369.8647208,1784289370.284251,0,0,1784289369.864974,1784289370.075157,1.29520249,1784289370.0751622,1784289370.284244,1.28179634,1784289370.284251,1784289372.3409212,1784289371.318746,1784289372.341142,1784289372.5420768,1.28045572,1784289372.54208,1784289372.745467,1.27241202,1.2,-0.310141,-0.5302855,-3.3e-05,0.002243,1,acq,40960,40960,0,32,True,False,1,1200000,8381618,False,-4449397,4554748,0,0,0,0,2
133,2,60,11,gen,3,1,3.4258330955080973,3.2952796193069984,1,0,1784289372.746138,1784289374.928056,1784289375.664639,1784289376.548823,1784289376.9684732,0,0,1784289376.549097,1784289376.759383,1.28045572,1784289376.759388,1784289376.9684632,1.28984003,1784289376.9684732,1784289379.0414138,1784289378.0023236,1784289379.041715,1784289379.24864,1.29788373,1784289379.248642,1784289379.4508212,1.27643387,1.2,-0.3109095,-0.5315529999999999,-4.8e-05,0.002221,1,acq,40960,40960,0,32,True,False,1,1200000,8381618,False,-4446263,4510964,0,0,0,0,2
134,2,60,11,gen,3,2,3.4258330955080973,3.2952796193069984,1,0,1784289379.451547,1784289381.624789,1784289382.373161,1784289383.241201,1784289383.6591501,0,0,1784289383.241428,1784289383.446837,1.27509326,1784289383.446839,1784289383.659143,1.31531173,1784289383.6591501,1784289385.721992,1784289384.685411,1784289385.722352,1784289385.928906,1.31531173,1784289385.928908,1784289386.1348212,1.27777449,1.2,-0.3113635,-0.5323675,-2.4e-05,0.002131,1,acq,40960,40960,0,32,True,False,1,1200000,8381618,False,-4480477,4626648,0,0,0,0,2
135,2,60,11,gen,3,3,3.4258330955080973,3.2952796193069984,1,0,1784289386.13714,1784289388.288631,1784289389.017419,1784289389.901487,1784289390.321895,0,0,1784289389.901689,1784289390.115844,1.30592742,1784289390.1158469,1784289390.321889,1.27643387,1784289390.321895,1784289392.386351,1784289391.3528583,1784289392.3865962,1784289392.598,1.30860865,1784289392.598005,1784289392.808151,1.28581818,1.2,-0.31148699999999996,-0.5325409999999999,-8.000000000000001e-06,0.002185,1,acq,40960,40960,0,32,True,False,1,1200000,8381618,False,-4513505,4564572,0,0,0,0,2
136,2,60,11,gen,3,4,3.4258330955080973,3.2952796193069984,1,0,1784289392.808791,1784289394.98771,1784289395.71755,1784289396.59355,1784289397.012798,0,0,1784289396.5941288,1784289396.806679,1.29654311,1784289396.806682,1784289397.0127869,1.28984003,1784289397.012798,1784289399.0883148,1784289398.0503206,1784289399.088542,1784289399.300075,1.26436833,1784289399.300077,1784289399.510714,1.26839018,1.2,-0.3123275,-0.534008,2.5000000000000006e-06,0.0021345,1,acq,40960,40960,0,32,True,False,1,1200000,8381618,False,-4452953,4566689,0,0,0,0,2
137,2,60,11,gen,3,5,3.4258330955080973,3.2952796193069984,1,0,1784289399.5114791,1784289401.6824708,1784289402.425416,1784289403.303741,1784289403.720095,0,0,1784289403.304379,1784289403.512917,1.28581818,1784289403.5129201,1784289403.7200892,1.28179634,1784289403.720095,1784289405.790656,1784289404.755748,1784289405.79092,1784289406.000222,1.30592742,1784289406.000226,1784289406.208094,1.26034648,1.2,-0.312493,-0.5342549999999999,4.25e-05,0.0021729999999999996,1,acq,40960,40960,0,32,True,False,1,1200000,8381618,False,-4484118,4555595,0,0,0,0,2
138,2,60,11,gen,3,6,3.4258330955080973,3.2952796193069984,1,0,1784289406.2087412,1784289408.397533,1784289409.139621,1784289410.024396,1784289410.444435,0,0,1784289410.0246248,1784289410.234804,1.29118065,1784289410.234806,1784289410.44443,1.29118065,1784289410.444435,1784289412.510339,1784289411.4811063,1784289412.510572,1784289412.711738,1.27509326,1784289412.71174,1784289412.9218812,1.29118065,1.2,-0.312941,-0.5350225,3.2500000000000004e-05,0.0021655,1,acq,40960,40960,0,32,True,False,1,1200000,8381618,False,-4493519,4538827,0,0,0,0,2
139,2,60,11,gen,3,7,3.4258330955080973,3.2952796193069984,1,0,1784289412.922506,1784289415.118861,1784289415.847328,1784289416.719211,1784289417.134468,0,0,1784289416.719424,1784289416.9282,1.27241202,1784289416.928202,1784289417.1344619,1.2871588,1784289417.134468,1784289419.2023392,1784289418.1679442,1784289419.202946,1784289419.407691,1.29252126,1784289419.4076958,1784289419.616137,1.29922434,1.2,-0.31352800000000003,-0.5360940000000001,0.000115,0.0021545,1,acq,40960,40960,0,32,True,False,1,1200000,8381618,False,-4484711,4615384,0,0,0,0,2
140,2,60,11,gen,3,8,3.4258330955080973,3.2952796193069984,1,0,1784289419.61698,1784289421.801462,1784289422.539427,1784289423.428823,1784289423.851514,0,0,1784289423.429046,1784289423.641314,1.28313695,1784289423.6413162,1784289423.8515031,1.28849942,1784289423.851514,1784289425.9252539,1784289424.8890848,1784289425.925558,1784289426.1357388,1.30592742,1784289426.135744,1784289426.341418,1.29788373,1.2,-0.3136795,-0.5363135,4.35e-05,0.002103,1,acq,40960,40960,0,32,True,False,1,1200000,8381618,False,-4500124,4593111,0,0,0,0,2
141,2,60,11,gen,3,9,3.4258330955080973,3.2952796193069984,1,0,1784289426.3450592,1784289428.519458,1784289429.246659,1784289430.127878,1784289430.552018,0,0,1784289430.128086,1784289430.338272,1.29118065,1784289430.3382761,1784289430.552012,1.26839018,1784289430.552018,1784289432.610091,1784289431.5761094,1784289432.6103392,1784289432.8206139,1.2616871,1784289432.820619,1784289433.0301719,1.25498402,1.2,-0.3143245,-0.537391,5.9000000000000004e-05,0.002099,1,acq,40960,40960,0,32,True,False,1,1200000,8381618,False,-4512827,4572617,0,0,0,0,2
142,2,60,11,gen,3,10,3.4258330955080973,3.2952796193069984,1,0,1784289433.0363,1784289435.219073,1784289435.938476,1784289436.819065,1784289437.234647,0,0,1784289436.819623,1784289437.0242088,1.26570895,1784289437.024213,1784289437.234636,1.28447757,1784289437.234647,1784289439.307699,1784289438.2710028,1784289439.307963,1784289439.519072,1.27643387,1784289439.5190752,1784289439.726449,1.27509326,1.2,-0.31440999999999997,-0.5375705,6.4e-05,0.0020464999999999997,1,acq,40960,40960,0,32,True,False,1,1200000,8381618,False,-4529596,4698124,0,0,0,0,2
143,2,60,11,gen,3,11,3.4258330955080973,3.2952796193069984,1,0,1784289439.727243,1784289441.913993,1784289442.642993,1784289443.526526,1784289443.943883,0,0,1784289443.526745,1784289443.736953,1.28849942,1784289443.736958,1784289443.9438772,1.28179634,1784289443.943883,1784289446.0100439,1784289444.9775236,1784289446.0103402,1784289446.219126,1.26302771,1784289446.2191281,1784289446.430159,1.29922434,1.2,-0.315016,-0.5385115,6.85e-05,0.0020855,1,acq,40960,40960,0,32,True,False,1,1200000,8381618,False,-4528156,4573548,0,0,0,0,2
144,3,20,12,both,0,0,-1.7963059525358505,-1.9268594287369492,1,1,1784289513.457376,1784289518.9416199,1784289519.681396,1784289520.568352,1784289520.988238,0,0,1784289520.5685818,1784289520.778906,0.468042511,1784289520.77891,1784289520.9882329,0.4586582,1784289520.988238,1784289523.058996,1784289522.0245214,1784289523.059907,1784289523.2724,0.451955121,1784289523.2724018,1784289523.47366,0.443911426,0.435156,0.3210535,0.546435,0.001469,-0.0035795,1,acq,40960,40960,0,32,True,False,1,1200000,8381618,False,-4553647,4487252,0,0,0,0,2
145,3,20,12,both,0,1,-1.7963059525358505,-1.9268594287369492,1,1,1784289523.475521,1784289528.9763699,1784289529.710527,1784289530.6000829,1784289531.017602,0,0,1784289530.600291,1784289530.808535,0.446592657,1784289530.808539,1784289531.017596,0.446592657,1784289531.017602,1784289533.0885482,1784289532.0507765,1784289533.088843,1784289533.298976,0.443911426,1784289533.298978,1784289533.504771,0.461339432,0.426805,0.3188215,0.5428775,0.0014915,-0.003679,1,acq,40960,40960,0,32,True,False,1,1200000,8381618,False,-4550005,4478106,0,0,0,0,2
146,3,20,12,both,0,2,-1.7963059525358505,-1.9268594287369492,1,1,1784289533.505484,1784289539.006232,1784289539.7342021,1784289540.624361,1784289541.039005,0,0,1784289540.624573,1784289540.833545,0.427824035,1784289540.833547,1784289541.0389938,0.437208346,1784289541.039005,1784289543.109514,1784289542.0734253,1784289543.109814,1784289543.3122392,0.449273889,1784289543.3122408,1784289543.52236,0.427824035,0.419903,0.317087,0.540006,0.001565,-0.0036815,1,acq,40960,40960,0,32,True,False,1,1200000,8381618,False,-4523329,4425853,0,0,0,0,2
147,3,20,12,both,0,3,-1.7963059525358505,-1.9268594287369492,1,1,1784289543.523114,1784289549.04349,1784289549.7747269,1784289550.648406,1784289551.063228,0,0,1784289550.648606,1784289550.858769,0.417099108,1784289550.8587708,1784289551.0632231,0.395649255,1784289551.063228,1784289553.131944,1784289552.0992289,1784289553.1326458,1784289553.3357089,0.401011718,1784289553.335712,1784289553.545865,0.44257081,0.414513,0.3159105,0.5381039999999999,0.0015725000000000001,-0.0037935,1,acq,40960,40960,0,32,True,False,1,1200000,8381618,False,-4495636,4409339,0,0,0,0,2
148,3,20,12,both,0,4,-1.7963059525358505,-1.9268594287369492,1,1,1784289553.54651,1784289559.030445,1784289559.746759,1784289560.632249,1784289561.0395021,0,0,1784289560.632513,1784289560.833219,0.421120956,1784289560.8332212,1784289561.0394912,0.433186499,1784289561.0395021,1784289563.107629,1784289562.0768719,1784289563.108246,1784289563.3156202,0.41978034,1784289563.315624,1784289563.525388,0.427824035,0.4092635,0.3145325,0.535867,0.001651,-0.003786,1,acq,40960,40960,0,32,True,False,1,1200000,8381618,False,-4476242,4396467,0,0,0,0,2
149,3,20,12,both,0,5,-1.7963059525358505,-1.9268594287369492,1,1,1784289563.526062,1784289569.018356,1784289569.754944,1784289570.630431,1784289571.0535932,0,0,1784289570.6315289,1784289570.841721,0.431845883,1784289570.8417249,1784289571.0535822,0.422461572,1784289571.0535932,1784289573.099922,1784289572.076724,1784289573.1004329,1784289573.303898,0.407714797,1784289573.3039,1784289573.511402,0.426483419,0.4042635,0.31298899999999996,0.533354,0.0016710000000000002,-0.0038415,1,acq,40960,40960,0,32,True,False,1,1200000,8381618,False,-4468028,4368266,0,0,0,0,2
150,3,20,12,both,0,6,-1.7963059525358505,-1.9268594287369492,1,1,1784289573.5120692,1784289579.0165582,1784289579.7562351,1784289580.633228,1784289581.055111,0,0,1784289580.633439,1784289580.8435788,0.396989871,1784289580.843581,1784289581.0551,0.414417877,1784289581.055111,1784289583.136938,1784289582.0963497,1784289583.137177,1784289583.341622,0.413077261,1784289583.3416262,1784289583.5494761,0.409055413,0.40021450000000003,0.312032,0.531755,0.001641,-0.0038605,1,acq,40960,40960,0,32,True,False,1,1200000,8381618,False,-4447364,4360051,0,0,0,0,2
151,3,20,12,both,0,7,-1.7963059525358505,-1.9268594287369492,1,1,1784289583.5501819,1784289589.063904,1784289589.803078,1784289590.684161,1784289591.096321,0,0,1784289590.685004,1784289590.886189,0.396989871,1784289590.8861911,1784289591.096315,0.386264944,1784289591.096321,1784289593.162982,1784289592.1272917,1784289593.16325,1784289593.3726301,0.413077261,1784289593.372632,1784289593.582779,0.402352334,0.39624000000000004,0.310879,0.529887,0.0016865,-0.003872,1,acq,40960,40960,0,32,True,False,1,1200000,8381618,False,-4448465,4365641,0,0,0,0,2
152,3,20,12,both,0,8,-1.7963059525358505,-1.9268594287369492,1,1,1784289593.583504,1784289599.085082,1784289599.82591,1784289600.6986082,1784289601.1113331,0,0,1784289600.6990972,1784289600.909089,0.407714797,1784289600.909091,1784289601.111327,0.421120956,1784289601.1113331,1784289603.1857018,1784289602.145463,1784289603.189882,1784289603.400059,0.395649255,1784289603.400063,1784289603.6091352,0.406374182,0.39284399999999997,0.310035,0.5284070000000001,0.0016944999999999998,-0.0039055,1,acq,40960,40960,0,32,True,False,1,1200000,8381618,False,-4421873,4342013,0,0,0,0,2
153,3,20,12,both,0,9,-1.7963059525358505,-1.9268594287369492,1,1,1784289603.6105862,1784289609.127985,1784289609.857761,1784289610.74975,1784289611.1639402,0,0,1784289610.7499552,1784289610.953748,0.391627407,1784289610.9537501,1784289611.163929,0.437208346,1784289611.1639402,1784289613.231754,1784289612.1980839,1784289613.231966,1784289613.4422011,0.375540017,1784289613.4422112,1784289613.6526878,0.402352334,0.38952,0.3090395,0.5268805,0.001705,-0.0039565,1,acq,40960,40960,0,32,True,False,1,1200000,8381618,False,-4409001,4319655,0,0,0,0,2
154,3,20,12,both,0,10,-1.7963059525358505,-1.9268594287369492,1,1,1784289613.653318,1784289619.1443589,1784289619.8786108,1784289620.7583559,1784289621.184022,0,0,1784289620.758846,1784289620.969124,0.40369295,1784289620.969127,1784289621.184017,0.399671102,1784289621.184022,1784289623.260331,1784289622.2184448,1784289623.260555,1784289623.4627168,0.415758493,1784289623.46272,1784289623.671155,0.406374182,0.3861445,0.30792200000000003,0.5249945,0.0017005,-0.0039585,1,acq,40960,40960,0,32,True,False,1,1200000,8381618,False,-4390031,4292555,0,0,0,0,2
155,3,20,12,both,0,11,-1.7963059525358505,-1.9268594287369492,1,1,1784289623.677068,1784289629.182078,1784289629.914083,1784289630.793335,1784289631.208143,0,0,1784289630.793888,1784289630.9991832,0.38090248,1784289630.999187,1784289631.208127,0.375540017,1784289631.208143,1784289633.267354,1784289632.2410107,1784289633.267581,1784289633.47633,0.386264944,1784289633.476334,1784289633.683437,0.401011718,0.3836175,0.307304,0.5241024999999999,0.001758,-0.0039404999999999996,1,acq,40960,40960,0,32,True,False,1,1200000,8381618,False,-4382663,4299246,0,0,0,0,2
156,3,20,13,none,1,0,-1.7963059525358505,-1.9268594287369492,0,0,1784289639.1975129,1784289639.1975129,1784289639.9204962,1784289640.7998312,1784289641.211655,0,0,1784289640.800469,1784289641.0102952,0.396989871,1784289641.010297,1784289641.2116501,0.395649255,1784289641.211655,1784289643.271428,1784289642.240522,1784289643.274403,1784289643.484643,0.398330486,1784289643.4846468,1784289643.688928,0.402352334,0.3809205,0.306619,0.522816,0.0017675,-0.004017,1,acq,40960,40960,0,32,True,False,1,1200000,8381618,False,-4374025,4298145,0,0,0,0,2
157,3,20,13,none,1,1,-1.7963059525358505,-1.9268594287369492,0,0,1784289643.689589,1784289643.689589,1784289644.414665,1784289645.2972832,1784289645.717081,0,0,1784289645.3024058,1784289645.51267,0.401011718,1784289645.512672,1784289645.7170749,0.375540017,1784289645.717081,1784289647.780631,1784289646.7497535,1784289647.780895,1784289647.991283,0.390286791,1784289647.991285,1784289648.1928,0.390286791,0.379446,0.306029,0.5218155,0.0017525000000000002,-0.0040205,1,acq,40960,40960,0,32,True,False,1,1200000,8381618,False,-4357087,4311441,0,0,0,0,2
158,3,20,13,none,1,2,-1.7963059525358505,-1.9268594287369492,0,0,1784289648.193426,1784289648.193426,1784289648.9267871,1784289649.7950861,1784289650.210121,0,0,1784289649.795626,1784289649.999954,0.38760556,1784289649.999957,1784289650.210115,0.394308639,1784289650.210121,1784289652.2852402,1784289651.2475955,1784289652.285721,1784289652.495556,0.413077261,1784289652.49556,1784289652.70204,0.38760556,0.37850550000000005,0.3059345,0.5216529999999999,0.0018005,-0.0040045,1,acq,40960,40960,0,32,True,False,1,1200000,8381618,False,-4376650,4283833,0,0,0,0,2
159,3,20,13,none,1,3,-1.7963059525358505,-1.9268594287369492,0,0,1784289652.7026849,1784289652.7026849,1784289653.445299,1784289654.327159,1784289654.742261,0,0,1784289654.327735,1784289654.532115,0.368836938,1784289654.532117,1784289654.7422562,0.376880633,1784289654.742261,1784289656.802078,1784289655.7746277,1784289656.802287,1784289657.00947,0.390286791,1784289657.009474,1784289657.2185469,0.358112011,0.3772045,0.3054715,0.520841,0.001774,-0.0040435,1,acq,40960,40960,0,32,True,False,1,1200000,8381618,False,-4367080,4273077,0,0,0,0,2
160,3,20,13,none,1,4,-1.7963059525358505,-1.9268594287369492,0,0,1784289657.220098,1784289657.220098,1784289657.956352,1784289658.82835,1784289659.244861,0,0,1784289658.828927,1784289659.037291,0.396989871,1784289659.037295,1784289659.244855,0.407714797,1784289659.244861,1784289661.3124301,1784289660.2730818,1784289661.31265,1784289661.522814,0.391627407,1784289661.522816,1784289661.734124,0.401011718,0.3762835,0.30529300000000004,0.520571,0.0017959999999999999,-0.0040535,1,acq,40960,40960,0,32,True,False,1,1200000,8381618,False,-4370214,4260205,0,0,0,0,2
161,3,20,13,none,1,5,-1.7963059525358505,-1.9268594287369492,0,0,1784289661.7347572,1784289661.7347572,1784289662.469043,1784289663.347651,1784289663.7665868,0,0,1784289663.347866,1784289663.5564458,0.367496322,1784289663.556449,1784289663.766581,0.398330486,1784289663.7665868,1784289665.834951,1784289664.7992287,1784289665.837764,1784289666.043007,0.390286791,1784289666.0430112,1784289666.249826,0.390286791,0.375019,0.3047725,0.519819,0.001774,-0.004007,1,acq,40960,40960,0,32,True,False,1,1200000,8381618,False,-4366911,4260374,0,0,0,0,2
162,3,20,13,none,1,6,-1.7963059525358505,-1.9268594287369492,0,0,1784289666.250489,1784289666.250489,1784289666.979985,1784289667.8582149,1784289668.272481,0,0,1784289667.858439,1784289668.068583,0.367496322,1784289668.0685859,1784289668.2724748,0.36481509,1784289668.272481,1784289670.3609622,1784289669.3180697,1784289670.361433,1784289670.570554,0.407714797,1784289670.570559,1784289670.7777941,0.386264944,0.37429199999999996,0.30476499999999995,0.5197985,0.0017685,-0.004009,1,acq,40960,40960,0,32,True,False,1,1200000,8381618,False,-4390793,4259781,0,0,0,0,2
163,3,20,13,none,1,7,-1.7963059525358505,-1.9268594287369492,0,0,1784289670.77999,1784289670.77999,1784289671.512135,1784289672.387674,1784289672.808209,0,0,1784289672.3879192,1784289672.598065,0.394308639,1784289672.598068,1784289672.808204,0.405033566,1784289672.808209,1784289674.880877,1784289673.8477,1784289674.88518,1784289675.092501,0.36481509,1784289675.092503,1784289675.302658,0.405033566,0.3731645,0.30437,0.5191475,0.0017655000000000001,-0.0040235,1,acq,40960,40960,0,32,True,False,1,1200000,8381618,False,-4363015,4267573,0,0,0,0,2
164,3,20,13,none,1,8,-1.7963059525358505,-1.9268594287369492,0,0,1784289675.304426,1784289675.304426,1784289676.0451121,1784289676.929423,1784289677.351052,0,0,1784289676.9305758,1784289677.141349,0.382243096,1784289677.141351,1784289677.3510468,0.383583712,1784289677.351052,1784289679.4310699,1784289678.3901978,1784289679.4312909,1784289679.63466,0.378221249,1784289679.634662,1784289679.8444538,0.410396029,0.371863,0.30384900000000004,0.5182005000000001,0.001753,-0.004085500000000001,1,acq,40960,40960,0,32,True,False,1,1200000,8381618,False,-4359967,4238271,0,0,0,0,2
165,3,20,13,none,1,9,-1.7963059525358505,-1.9268594287369492,0,0,1784289679.845221,1784289679.845221,1784289680.5868318,1784289681.452438,1784289681.862505,0,0,1784289681.452656,1784289681.66173,0.372858785,1784289681.6617339,1784289681.862499,0.388946175,1784289681.862505,1784289683.923305,1784289682.8945286,1784289683.923528,1784289684.1344268,0.418439724,1784289684.13443,1784289684.342103,0.391627407,0.37120699999999995,0.3038365,0.5182450000000001,0.0018005,-0.0040479999999999995,1,acq,40960,40960,0,32,True,False,1,1200000,8381618,False,-4343707,4246909,0,0,0,0,2
166,3,20,13,none,1,10,-1.7963059525358505,-1.9268594287369492,0,0,1784289684.3427799,1784289684.3427799,1784289685.079513,1784289685.955414,1784289686.3774579,0,0,1784289685.9556632,1784289686.167242,0.388946175,1784289686.1672451,1784289686.3774478,0.409055413,1784289686.3774579,1784289688.458689,1784289687.417005,1784289688.45891,1784289688.66275,0.354090163,1784289688.662754,1784289688.87249,0.386264944,0.37017,0.303562,0.5177035000000001,0.001814,-0.004085500000000001,1,acq,40960,40960,0,32,True,False,1,1200000,8381618,False,-4328124,4233952,0,0,0,0,2
167,3,20,13,none,1,11,-1.7963059525358505,-1.9268594287369492,0,0,1784289688.873143,1784289688.873143,1784289689.594326,1784289690.4692101,1784289690.8813791,0,0,1784289690.469425,1784289690.67961,0.394308639,1784289690.679631,1784289690.8813708,0.399671102,1784289690.8813791,1784289692.9496279,1784289691.9133246,1784289692.949857,1784289693.159201,0.399671102,1784289693.159204,1784289693.361415,0.371518169,0.36907500000000004,0.3030755,0.51702,0.0017980000000000001,-0.0040605,1,acq,40960,40960,0,32,True,False,1,1200000,8381618,False,-4343198,4235222,0,0,0,0,2
168,3,20,14,gen,2,0,-1.7963059525358505,-1.9268594287369492,1,0,1784289698.862304,1784289701.034333,1784289701.77064,1784289702.657255,1784289703.0792162,0,0,1784289702.65749,1784289702.8693812,0.36481509,1784289702.869386,1784289703.079205,0.379561864,1784289703.0792162,1784289705.169941,1784289704.121865,1784289705.170642,1784289705.380329,0.396989871,1784289705.3803341,1784289705.5918632,0.376880633,0.36658,0.3023365,0.5157944999999999,0.001814,-0.004104999999999999,1,acq,40960,40960,0,32,True,False,1,1200000,8381618,False,-4323127,4257664,0,0,0,0,2
169,3,20,14,gen,2,1,-1.7963059525358505,-1.9268594287369492,1,0,1784289705.592949,1784289707.79278,1784289708.529519,1784289709.410843,1784289709.826508,0,0,1784289709.4126458,1784289709.622814,0.411736645,1784289709.622816,1784289709.8263838,0.388946175,1784289709.826508,1784289711.911237,1784289710.8667862,1784289711.911454,1784289712.115075,0.391627407,1784289712.115077,1784289712.315695,0.395649255,0.365421,0.30209149999999996,0.5154535,0.0018505000000000001,-0.004118999999999999,1,acq,40960,40960,0,32,True,False,1,1200000,8381618,False,-4325245,4217268,0,0,0,0,2
170,3,20,14,gen,2,2,-1.7963059525358505,-1.9268594287369492,1,0,1784289712.316573,1784289714.485282,1784289715.223531,1784289716.108618,1784289716.526458,0,0,1784289716.108811,1784289716.319917,0.384924328,1784289716.3199208,1784289716.5264509,0.359452627,1784289716.526458,1784289718.58246,1784289717.554138,1784289718.582701,1784289718.7928839,0.375540017,1784289718.792886,1784289718.99551,0.388946175,0.3639815,0.3016305,0.5145225,0.00185,-0.0041195,1,acq,40960,40960,0,32,True,False,1,1200000,8381618,False,-4337016,4220232,0,0,0,0,2
171,3,20,14,gen,2,3,-1.7963059525358505,-1.9268594287369492,1,0,1784289718.996348,1784289721.1999822,1784289721.9310238,1784289722.8150988,1784289723.235722,0,0,1784289722.8153129,1784289723.0254688,0.390286791,1784289723.025472,1784289723.2357109,0.338002773,1784289723.235722,1784289725.293269,1784289724.2639952,1784289725.293472,1784289725.5038059,0.356771395,1784289725.50381,1784289725.707808,0.388946175,0.3629,0.3014285,0.514252,0.001833,-0.0041315,1,acq,40960,40960,0,32,True,False,1,1200000,8381618,False,-4316014,4218708,0,0,0,0,2
172,3,20,14,gen,2,4,-1.7963059525358505,-1.9268594287369492,1,0,1784289725.708451,1784289727.892301,1784289728.6325371,1784289729.520631,1784289729.941491,0,1,1784289729.520869,1784289729.7328289,0.383583712,1784289729.732836,1784289729.9414861,0.391627407,1784289731.111138,1784289733.1876512,1784289732.1470916,1784289733.187863,1784289733.3955488,0.370177553,1784289733.395552,1784289733.596746,0.350068316,0.3612325,0.3007215,0.5130835,0.0018555,-0.004165,1,acq,40960,40960,0,32,True,False,1,1200000,8381618,False,-4313134,4206598,0,0,0,0,2
173,3,20,14,gen,2,5,-1.7963059525358505,-1.9268594287369492,1,0,1784289733.5974112,1784289735.785423,1784289736.5027268,1784289737.3823612,1784289737.811071,0,0,1784289737.387397,1784289737.597644,0.375540017,1784289737.597648,1784289737.8070989,0.359452627,1784289737.811071,1784289739.874309,1784289738.8434849,1784289739.8745549,1784289740.086977,0.394308639,1784289740.086981,1784289740.2938979,0.343365236,0.36004250000000004,0.300416,0.512569,0.0018809999999999999,-0.004163,1,acq,40960,40960,0,32,True,False,1,1200000,8381618,False,-4288914,4195249,0,0,0,0,2
174,3,20,14,gen,2,6,-1.7963059525358505,-1.9268594287369492,1,0,1784289740.296075,1784289742.495031,1784289743.2338738,1784289744.10521,1784289744.5271559,0,0,1784289744.105449,1784289744.317015,0.376880633,1784289744.317018,1784289744.527151,0.340684005,1784289744.5271559,1784289746.5983481,1784289745.56137,1784289746.6013389,1784289746.8114848,0.352749547,1784289746.811487,1784289747.0121531,0.372858785,0.3587375,0.2999185,0.5116725,0.0018614999999999999,-0.004154,1,acq,40960,40960,0,32,True,False,1,1200000,8381618,False,-4289422,4206259,0,0,0,0,2
175,3,20,14,gen,2,7,-1.7963059525358505,-1.9268594287369492,1,0,1784289747.012788,1784289749.199195,1784289749.9397628,1784289750.8225112,1784289751.243572,0,0,1784289750.822706,1784289751.0333529,0.382243096,1784289751.0333571,1784289751.243567,0.363474474,1784289751.243572,1784289753.3094342,1784289752.2720087,1784289753.309726,1784289753.51353,0.371518169,1784289753.513534,1784289753.7187781,0.370177553,0.357762,0.2996915,0.5112905000000001,0.0018830000000000001,-0.004170500000000001,1,acq,40960,40960,0,32,True,False,1,1200000,8381618,False,-4294249,4189237,0,0,0,0,2
176,3,20,14,gen,2,8,-1.7963059525358505,-1.9268594287369492,1,0,1784289753.719627,1784289755.904481,1784289756.643142,1784289757.520594,1784289757.945724,0,0,1784289757.5210938,1784289757.731264,0.376880633,1784289757.731266,1784289757.945718,0.405033566,1784289757.945724,1784289760.025845,1784289758.9831245,1784289760.02608,1784289760.236075,0.367496322,1784289760.236077,1784289760.440335,0.350068316,0.3566045,0.299258,0.510733,0.001853,-0.004139,1,acq,40960,40960,0,32,True,False,1,1200000,8381618,False,-4282986,4180429,0,0,0,0,2
177,3,20,14,gen,2,9,-1.7963059525358505,-1.9268594287369492,1,0,1784289760.440941,1784289762.652718,1784289763.387616,1784289764.270486,1784289764.685964,0,0,1784289764.271007,1784289764.474166,0.346046468,1784289764.474169,1784289764.6859531,0.352749547,1784289764.685964,1784289766.759231,1784289765.7234688,1784289766.7594502,1784289766.970135,0.378221249,1784289766.9701371,1784289767.174208,0.370177553,0.35571949999999997,0.299147,0.510432,0.0018809999999999999,-0.0042109999999999995,1,acq,40960,40960,0,32,True,False,1,1200000,8381618,False,-4290862,4168573,0,0,0,0,2
178,3,20,14,gen,2,10,-1.7963059525358505,-1.9268594287369492,1,0,1784289767.174848,1784289769.37323,1784289770.116971,1784289770.994546,1784289771.414287,0,0,1784289770.9960608,1784289771.2039838,0.376880633,1784289771.203988,1784289771.4142761,0.386264944,1784289771.414287,1784289773.4962418,1784289772.4532309,1784289773.496557,1784289773.706739,0.375540017,1784289773.706743,1784289773.908572,0.36481509,0.3542325,0.29847049999999997,0.5092945,0.0018765000000000001,-0.004194,1,acq,40960,40960,0,32,True,False,1,1200000,8381618,False,-4262407,4179243,0,0,0,0,2
179,3,20,14,gen,2,11,-1.7963059525358505,-1.9268594287369492,1,0,1784289773.909548,1784289776.104845,1784289776.838336,1784289777.715165,1784289778.126664,0,0,1784289777.716235,1784289777.9263859,0.363474474,1784289777.926388,1784289778.126658,0.367496322,1784289778.126664,1784289780.1876988,1784289779.1538005,1784289780.18837,1784289780.3985448,0.368836938,1784289780.39855,1784289780.610632,0.371518169,0.3535245,0.29839150000000003,0.5091995,0.0018915,-0.004188,1,acq,40960,40960,0,32,True,False,1,1200000,8381618,False,-4277820,4182292,0,0,0,0,2
180,3,20,15,acq,3,0,-1.7963059525358505,-1.9268594287369492,0,1,1784289786.116123,1784289789.43808,1784289790.172239,1784289791.03778,1784289791.4530509,0,0,1784289791.038,1784289791.2482061,0.375540017,1784289791.24821,1784289791.453044,0.360793242,1784289791.4530509,1784289793.520688,1784289792.4887462,1784289793.52089,1784289793.731122,0.352749547,1784289793.731126,1784289793.9376829,0.363474474,0.35154399999999997,0.297798,0.5081819999999999,0.0019025000000000001,-0.0042144999999999995,1,acq,40960,40960,0,32,True,False,1,1200000,8381618,False,-4258172,4159681,0,0,0,0,2
181,3,20,15,acq,3,1,-1.7963059525358505,-1.9268594287369492,0,1,1784289793.938522,1784289797.238042,1784289797.972498,1784289798.84406,1784289799.263233,0,0,1784289798.845102,1784289799.056253,0.327277846,1784289799.056257,1784289799.263227,0.354090163,1784289799.263233,1784289801.33973,1784289800.3045921,1784289801.339941,1784289801.546462,0.336662157,1784289801.546466,1784289801.755073,0.379561864,0.35031049999999997,0.297375,0.5074485,0.0018915,-0.0042485,1,acq,40960,40960,0,32,True,False,1,1200000,8381618,False,-4272484,4161628,0,0,0,0,2
182,3,20,15,acq,3,2,-1.7963059525358505,-1.9268594287369492,0,1,1784289801.757729,1784289805.072584,1784289805.7975109,1784289806.670372,1784289807.0905569,0,0,1784289806.671398,1784289806.88037,0.368836938,1784289806.880372,1784289807.090546,0.331299694,1784289807.0905569,1784289809.154529,1784289808.1240575,1784289809.1547909,1784289809.3558788,0.383583712,1784289809.355881,1784289809.559158,0.368836938,0.3490395,0.29682549999999996,0.5065985,0.001928,-0.0041919999999999995,1,acq,40960,40960,0,32,True,False,1,1200000,8381618,False,-4255801,4151551,0,0,0,0,2
183,3,20,15,acq,3,3,-1.7963059525358505,-1.9268594287369492,0,1,1784289809.5665028,1784289812.885948,1784289813.6162062,1784289814.489423,1784289814.9079459,0,0,1784289814.489622,1784289814.699769,0.363474474,1784289814.699771,1784289814.907938,0.367496322,1784289814.9079459,1784289816.9678872,1784289815.9370742,1784289816.968805,1784289817.177176,0.367496322,1784289817.1771798,1784289817.391211,0.344705852,0.348012,0.2965415,0.506166,0.0019299999999999999,-0.004216,1,acq,40960,40960,0,32,True,False,1,1200000,8381618,False,-4306529,4149433,0,0,0,0,2
184,3,20,15,acq,3,4,-1.7963059525358505,-1.9268594287369492,0,1,1784289817.392374,1784289820.7277381,1784289821.4684181,1784289822.343065,1784289822.767263,0,0,1784289822.343641,1784289822.554987,0.352749547,1784289822.55499,1784289822.767256,0.360793242,1784289822.767263,1784289824.832466,1784289823.8014064,1784289824.8329651,1784289825.0377831,0.360793242,1784289825.037785,1784289825.248946,0.350068316,0.34734149999999997,0.29651700000000003,0.5060910000000001,0.001911,-0.0042595,1,acq,40960,40960,0,32,True,False,1,1200000,8381618,False,-4251312,4139102,0,0,0,0,2
185,3,20,15,acq,3,5,-1.7963059525358505,-1.9268594287369492,0,1,1784289825.249642,1784289828.592891,1784289829.321258,1784289830.2011142,1784289830.61584,0,0,1784289830.203561,1784289830.41374,0.350068316,1784289830.413742,1784289830.61583,0.36481509,1784289830.61584,1784289832.6808782,1784289831.6478066,1784289832.681095,1784289832.891229,0.372858785,1784289832.891231,1784289833.094935,0.34202462,0.346052,0.295944,0.5051939999999999,0.001887,-0.0042185,1,acq,40960,40960,0,32,True,False,1,1200000,8381618,False,-4265625,4159257,0,0,0,0,2
186,3,20,15,acq,3,6,-1.7963059525358505,-1.9268594287369492,0,1,1784289833.100493,1784289836.427957,1784289837.169007,1784289838.0465658,1784289838.467202,0,0,1784289838.046782,1784289838.256949,0.356771395,1784289838.256951,1784289838.467176,0.363474474,1784289838.467202,1784289840.552871,1784289839.5077982,1784289840.558332,1784289840.76871,0.378221249,1784289840.768715,1784289840.979251,0.343365236,0.345198,0.29581100000000005,0.504873,0.0019450000000000001,-0.0042805,1,acq,40960,40960,0,32,True,False,1,1200000,8381618,False,-4261814,4148417,0,0,0,0,2
187,3,20,15,acq,3,7,-1.7963059525358505,-1.9268594287369492,0,1,1784289840.9800189,1784289844.325624,1784289845.049341,1784289845.928734,1784289846.344531,0,0,1784289845.928952,1784289846.139147,0.329959078,1784289846.139151,1784289846.344518,0.351408931,1784289846.344531,1784289848.426751,1784289847.3889613,1784289848.426977,1784289848.6391098,0.375540017,1784289848.639116,1784289848.848854,0.347387084,0.3442315,0.2954325,0.5043795,0.001911,-0.0042645,1,acq,40960,40960,0,32,True,False,1,1200000,8381618,False,-4254700,4129447,0,0,0,0,2
188,3,20,15,acq,3,8,-1.7963059525358505,-1.9268594287369492,0,1,1784289848.849507,1784289852.18302,1784289852.926997,1784289853.799995,1784289854.222487,0,0,1784289853.80046,1784289854.0110452,0.372858785,1784289854.011049,1784289854.2224782,0.333980925,1784289854.222487,1784289856.302409,1784289855.2642412,1784289856.3029592,1784289856.510367,0.339343389,1784289856.510371,1784289856.718549,0.324596614,0.34320249999999997,0.2951125,0.5037515,0.001906,-0.0042795,1,acq,40960,40960,0,32,True,False,1,1200000,8381618,False,-4258934,4134444,0,0,0,0,2
189,3,20,15,acq,3,9,-1.7963059525358505,-1.9268594287369492,0,1,1784289856.719249,1784289860.030475,1784289860.755133,1784289861.6354911,1784289862.0594308,0,0,1784289861.6390789,1784289861.84922,0.346046468,1784289861.849222,1784289862.059419,0.347387084,1784289862.0594308,1784289864.130534,1784289863.0944586,1784289864.1307368,1784289864.3309062,0.3487277,1784289864.3309078,1784289864.541749,0.360793242,0.34245400000000004,0.2949075,0.5034784999999999,0.0019619999999999998,-0.0042955,1,acq,40960,40960,0,32,True,False,1,1200000,8381618,False,-4233697,4126144,0,0,0,0,2
190,3,20,15,acq,3,10,-1.7963059525358505,-1.9268594287369492,0,1,1784289864.5426738,1784289867.8648949,1784289868.603341,1784289869.475067,1784289869.895586,0,0,1784289869.475253,1784289869.68562,0.356771395,1784289869.6856241,1784289869.8955798,0.344705852,1784289869.895586,1784289871.973713,1784289870.930877,1784289871.9748092,1784289872.17679,0.335321541,1784289872.176794,1784289872.382457,0.3487277,0.3413525,0.294433,0.502626,0.0019635,-0.0043255,1,acq,40960,40960,0,32,True,False,1,1200000,8381618,False,-4226668,4128685,0,0,0,0,2
191,3,20,15,acq,3,11,-1.7963059525358505,-1.9268594287369492,0,1,1784289872.3830888,1784289875.715012,1784289876.443302,1784289877.324414,1784289877.748283,0,0,1784289877.324638,1784289877.534833,0.346046468,1784289877.534838,1784289877.748276,0.358112011,1784289877.748283,1784289879.824554,1784289878.7893677,1784289879.824773,1784289880.034985,0.356771395,1784289880.034989,1784289880.23876,0.347387084,0.3406215,0.29430100000000003,0.5023545,0.001947,-0.004285000000000001,1,acq,40960,40960,0,32,True,False,1,1200000,8381618,False,-4217522,4119200,0,0,0,0,2
192,4,80,16,none,0,0,6.036902619530071,5.906349143328972,0,0,1784289973.215394,1784289973.215394,1784289973.948749,1784289974.833042,1784289975.2430139,0,0,1784289974.83416,1784289975.036146,0.183831949,1784289975.03615,1784289975.243003,0.179810102,1784289975.2430139,1784289977.328981,1784289976.2881556,1784289977.329194,1784289977.539376,0.155679016,1784289977.53938,1784289977.74157,0.159700864,0.15897450000000002,-0.21495350000000002,-0.364804,0.0045734999999999994,-0.007233,1,acq,40960,40960,0,32,True,False,1,1200000,8381618,False,-3095074,3047988,0,0,0,0,2
193,4,80,16,none,0,1,6.036902619530071,5.906349143328972,0,0,1784289977.748371,1784289977.748371,1784289978.488257,1784289979.369642,1784289979.785811,0,0,1784289979.3698719,1784289979.577865,0.17712887,1784289979.577869,1784289979.7858062,0.194556876,1784289979.785811,1784289981.8557801,1784289980.8195248,1784289981.8560152,1784289982.0670998,0.171766407,1784289982.067102,1784289982.277278,0.158360248,0.15442450000000002,-0.212198,-0.36022,0.004551,-0.007241,1,acq,40960,40960,0,32,True,False,1,1200000,8381618,False,-3096768,3019702,0,0,0,0,2
194,4,80,16,none,0,2,6.036902619530071,5.906349143328972,0,0,1784289982.281483,1784289982.281483,1784289983.0194392,1784289983.8870678,1784289984.3043342,0,0,1784289983.887281,1784289984.097437,0.143613474,1784289984.097439,1784289984.304323,0.152997785,1784289984.3043342,1784289986.37328,1784289985.3412251,1784289986.3741472,1784289986.582399,0.151657169,1784289986.582401,1784289986.786984,0.166403943,0.150441,-0.20978750000000002,-0.3561915,0.0045780000000000005,-0.007232,1,acq,40960,40960,0,32,True,False,1,1200000,8381618,False,-3053408,2956356,0,0,0,0,2
195,4,80,16,none,0,3,6.036902619530071,5.906349143328972,0,0,1784289986.788827,1784289986.788827,1784289987.525764,1784289988.4189172,1784289988.839707,0,0,1784289988.41912,1784289988.6292999,0.163722711,1784289988.6293042,1784289988.839696,0.155679016,1784289988.839707,1784289990.913423,1784289989.8755147,1784289990.9137301,1784289991.1220999,0.148975937,1784289991.1221042,1784289991.3319218,0.174447638,0.14658949999999998,-0.20725349999999998,-0.35192999999999997,0.0045645,-0.0072575,1,acq,40960,40960,0,32,True,False,1,1200000,8381618,False,-3027917,2931712,0,0,0,0,2
196,4,80,16,none,0,4,6.036902619530071,5.906349143328972,0,0,1784289991.336459,1784289991.336459,1784289992.0726311,1784289992.9482398,1784289993.370788,0,0,1784289992.948437,1784289993.1615942,0.131547931,1784289993.161599,1784289993.3707771,0.143613474,1784289993.370788,1784289995.440904,1784289994.4063926,1784289995.4414191,1784289995.655741,0.165063327,1784289995.655745,1784289995.865242,0.148975937,0.14324900000000002,-0.205082,-0.34842799999999996,0.00455,-0.0072495,1,acq,40960,40960,0,32,True,False,1,1200000,8381618,False,-2993703,2895974,0,0,0,0,2
197,4,80,16,none,0,5,6.036902619530071,5.906349143328972,0,0,1784289995.866168,1784289995.866168,1784289996.607997,1784289997.497087,1784289997.921726,0,0,1784289997.497477,1784289997.707679,0.152997785,1784289997.707683,1784289997.921715,0.135569778,1784289997.921726,1784289999.997563,1784289998.9612694,1784289999.997786,1784290000.2124002,0.173107022,1784290000.212404,1784290000.421124,0.143613474,0.139964,-0.202982,-0.3449135,0.004568,-0.0072665,1,acq,40960,40960,0,32,True,False,1,1200000,8381618,False,-2961776,2866079,0,0,0,0,2
198,4,80,16,none,0,6,6.036902619530071,5.906349143328972,0,0,1784290000.42184,1784290000.42184,1784290001.158417,1784290002.032528,1784290002.453332,0,0,1784290002.032738,1784290002.241431,0.146294705,1784290002.2414331,1784290002.453326,0.136910394,1784290002.453332,1784290004.52532,1784290003.4898674,1784290004.525643,1784290004.7318,0.114119925,1784290004.731803,1784290004.942005,0.157019632,0.1370145,-0.2010515,-0.341602,0.0045635,-0.007265499999999999,1,acq,40960,40960,0,32,True,False,1,1200000,8381618,False,-2938402,2844907,0,0,0,0,2
199,4,80,16,none,0,7,6.036902619530071,5.906349143328972,0,0,1784290004.942677,1784290004.942677,1784290005.6657238,1784290006.541219,1784290006.955969,0,0,1784290006.5414479,1784290006.751625,0.143613474,1784290006.751629,1784290006.955963,0.124844852,1784290006.955969,1784290009.036714,1784290007.9982467,1784290009.036938,1784290009.24712,0.159700864,1784290009.247125,1784290009.456673,0.134229163,0.134184,-0.1991345,-0.33840800000000004,0.0045734999999999994,-0.0072645,1,acq,40960,40960,0,32,True,False,1,1200000,8381618,False,-2910879,2815182,0,0,0,0,2
200,4,80,16,none,0,8,6.036902619530071,5.906349143328972,0,0,1784290009.4624698,1784290009.4624698,1784290010.191238,1784290011.0505338,1784290011.4586408,0,0,1784290011.051022,1784290011.2553442,0.146294705,1784290011.255352,1784290011.458635,0.143613474,1784290011.4586408,1784290013.4897642,1784290012.4741442,1784290013.489985,1784290013.69716,0.132888547,1784290013.697162,1784290013.899446,0.143613474,0.1315275,-0.1973885,-0.3353715,0.0045495,-0.0073030000000000005,1,acq,40960,40960,0,32,True,False,1,1200000,8381618,False,-2902495,2782408,0,0,0,0,2
201,4,80,16,none,0,9,6.036902619530071,5.906349143328972,0,0,1784290013.90098,1784290013.90098,1784290014.6183412,1784290015.477643,1784290015.887768,0,0,1784290015.477856,1784290015.682644,0.132888547,1784290015.682647,1784290015.8877618,0.162382096,1784290015.887768,1784290017.916013,1784290016.8995051,1784290017.9172192,1784290018.124465,0.114119925,1784290018.1244678,1784290018.327332,0.134229163,0.1290485,-0.1956795,-0.33258750000000004,0.004581,-0.0072905,1,acq,40960,40960,0,32,True,False,1,1200000,8381618,False,-2863115,2754376,0,0,0,0,2
202,4,80,16,none,0,10,6.036902619530071,5.906349143328972,0,0,1784290018.3298502,1784290018.3298502,1784290019.0495749,1784290019.916055,1784290020.330251,0,0,1784290019.916393,1784290020.121769,0.119482388,1784290020.1217742,1784290020.330245,0.131547931,1784290020.330251,1784290022.364235,1784290021.3495946,1784290022.364483,1784290022.5696561,0.144954089,1784290022.569659,1784290022.774862,0.158360248,0.12672699999999998,-0.194123,-0.329906,0.0045455,-0.007286,1,acq,40960,40960,0,32,True,False,1,1200000,8381618,False,-2857864,2746246,0,0,0,0,2
203,4,80,16,none,0,11,6.036902619530071,5.906349143328972,0,0,1784290022.7756958,1784290022.7756958,1784290023.5019689,1784290024.366354,1784290024.7821178,0,0,1784290024.3710651,1784290024.576867,0.132888547,1784290024.576871,1784290024.782113,0.128866699,1784290024.7821178,1784290026.812259,1784290025.7972183,1784290026.81247,1784290027.01766,0.119482388,1784290027.017663,1784290027.222529,0.128866699,0.12438350000000001,-0.1924515,-0.3270015,0.0045544999999999995,-0.0072955,1,acq,40960,40960,0,32,True,False,1,1200000,8381618,False,-2841012,2721602,0,0,0,0,2
204,4,80,17,gen,1,0,6.036902619530071,5.906349143328972,1,0,1784290032.6554182,1784290034.808203,1784290035.533689,1784290036.395392,1784290036.805583,0,0,1784290036.3955998,1784290036.600804,0.139591626,1784290036.600808,1784290036.805572,0.142272858,1784290036.805583,1784290038.856055,1784290037.8305984,1784290038.85627,1784290039.0614321,0.128866699,1784290039.061434,1784290039.266562,0.140932242,0.1186785,-0.18833100000000003,-0.3201345,0.0045395,-0.0073054999999999995,1,acq,40960,40960,0,32,True,False,1,1200000,8381618,False,-2755816,2667910,0,0,0,0,2
205,4,80,17,gen,1,1,6.036902619530071,5.906349143328972,1,0,1784290039.268107,1784290041.42204,1784290042.1415339,1784290043.018523,1784290043.4305332,0,0,1784290043.018823,1784290043.224053,0.131547931,1784290043.224055,1784290043.430447,0.142272858,1784290043.4305332,1784290045.470631,1784290044.4498725,1784290045.4708638,1784290045.67605,0.123504236,1784290045.676055,1784290045.8825228,0.152997785,0.1158335,-0.186241,-0.316647,0.004566000000000001,-0.0073035,1,acq,40960,40960,0,32,True,False,1,1200000,8381618,False,-2750396,2638524,0,0,0,0,2
206,4,80,17,gen,1,2,6.036902619530071,5.906349143328972,1,0,1784290045.883164,1784290048.046603,1784290048.759901,1784290049.631657,1784290050.0442739,0,0,1784290049.6318662,1784290049.839112,0.108757461,1784290049.839116,1784290050.044267,0.0899888394,1784290050.0442739,1784290052.097934,1784290051.071234,1784290052.09866,1784290052.306216,0.116801157,1784290052.30622,1784290052.5147939,0.120823004,0.113082,-0.1842085,-0.3132585,0.0045515,-0.0073075,1,acq,40960,40960,0,32,True,False,1,1200000,8381618,False,-2711694,2604141,0,0,0,0,2
207,4,80,17,gen,1,3,6.036902619530071,5.906349143328972,1,0,1784290052.5154078,1784290054.668262,1784290055.3895319,1784290056.2484438,1784290056.656773,0,0,1784290056.248662,1784290056.456346,0.116801157,1784290056.4563498,1784290056.6567612,0.114119925,1784290056.656773,1784290058.7021198,1784290057.681243,1784290058.702354,1784290058.908062,0.103394998,1784290058.908067,1784290059.112764,0.114119925,0.1104715,-0.18224849999999998,-0.3099015,0.0045615,-0.007323,1,acq,40960,40960,0,32,True,False,1,1200000,8381618,False,-2687473,2595164,0,0,0,0,2
208,4,80,17,gen,1,4,6.036902619530071,5.906349143328972,1,0,1784290059.113456,1784290061.269602,1784290061.996793,1784290062.858479,1784290063.263805,0,0,1784290062.858794,1784290063.059433,0.126185468,1784290063.059437,1784290063.263795,0.119482388,1784290063.263805,1784290065.298501,1784290064.280665,1784290065.299034,1784290065.505831,0.110098077,1784290065.505835,1784290065.708863,0.104735614,0.1079525,-0.18029299999999998,-0.30660350000000003,0.004510999999999999,-0.007333,1,acq,40960,40960,0,32,True,False,1,1200000,8381618,False,-2661643,2553836,0,0,0,0,2
209,4,80,17,gen,1,5,6.036902619530071,5.906349143328972,1,0,1784290065.7095768,1784290067.8682408,1784290068.5912619,1784290069.4499981,1784290069.861699,0,0,1784290069.450521,1784290069.656675,0.0846263759,1784290069.656679,1784290069.861691,0.130207315,1784290069.861699,1784290071.899273,1784290070.8793838,1784290071.899473,1784290072.10466,0.120823004,1784290072.1046631,1784290072.30945,0.107416846,0.105542,-0.1784375,-0.303477,0.004538,-0.007348,1,acq,40960,40960,0,32,True,False,1,1200000,8381618,False,-2656647,2519030,0,0,0,0,2
210,4,80,17,gen,1,6,6.036902619530071,5.906349143328972,1,0,1784290072.313096,1784290074.465666,1784290075.17874,1784290076.048667,1784290076.460984,0,0,1784290076.048886,1784290076.2565749,0.123504236,1784290076.25658,1784290076.460979,0.0913294552,1784290076.460984,1784290078.506979,1784290077.4837275,1784290078.507203,1784290078.7142332,0.100713766,1784290078.7142348,1784290078.92144,0.131547931,0.1032145,-0.17657499999999998,-0.30026200000000003,0.004521,-0.0073145,1,acq,40960,40960,0,32,True,False,1,1200000,8381618,False,-2622687,2504125,0,0,0,0,2
211,4,80,17,gen,1,7,6.036902619530071,5.906349143328972,1,0,1784290078.922465,1784290081.068817,1784290081.793973,1784290082.6589298,1784290083.066957,0,0,1784290082.659509,1784290082.862426,0.115460541,1784290082.862428,1784290083.066946,0.119482388,1784290083.066957,1784290085.123826,1784290084.0931358,1784290085.1240408,1784290085.3338082,0.0966919187,1784290085.3338099,1784290085.536587,0.0980325345,0.10103300000000001,-0.1748535,-0.2973675,0.00452,-0.0073145,1,acq,40960,40960,0,32,True,False,1,1200000,8381618,False,-2606004,2472706,0,0,0,0,2
212,4,80,17,gen,1,8,6.036902619530071,5.906349143328972,1,0,1784290085.541813,1784290087.700007,1784290088.415765,1784290089.28178,1784290089.689331,0,0,1784290089.2828832,1784290089.483946,0.0993731504,1784290089.483948,1784290089.689319,0.114119925,1784290089.689331,1784290091.7406578,1784290090.7154865,1784290091.74101,1784290091.9417222,0.110098077,1784290091.941726,1784290092.147211,0.0993731504,0.099019,-0.173258,-0.2947335,0.0045225000000000005,-0.00733,1,acq,40960,40960,0,32,True,False,1,1200000,8381618,False,-2560103,2450687,0,0,0,0,2
213,4,80,17,gen,1,9,6.036902619530071,5.906349143328972,1,0,1784290092.1479318,1784290094.3075871,1784290095.0355608,1784290095.902627,1784290096.3173141,0,0,1784290095.9031382,1784290096.1067479,0.0940106869,1784290096.10675,1784290096.317309,0.104735614,1784290096.3173141,1784290098.357093,1784290097.3389735,1784290098.3576362,1784290098.564904,0.103394998,1784290098.564909,1784290098.7741592,0.130207315,0.0969545,-0.171535,-0.291828,0.004523,-0.007338,1,acq,40960,40960,0,32,True,False,1,1200000,8381618,False,-2524196,2432818,0,0,0,0,2
214,4,80,17,gen,1,10,6.036902619530071,5.906349143328972,1,0,1784290098.774784,1784290100.927387,1784290101.65198,1784290102.516341,1784290102.926371,0,0,1784290102.5169878,1784290102.721332,0.0913294552,1784290102.721335,1784290102.926364,0.0779232967,1784290102.926371,1784290104.982389,1784290103.9573927,1784290104.9826748,1784290105.190242,0.104735614,1784290105.1902452,1784290105.398505,0.103394998,0.095062,-0.1700255,-0.2892215,0.0045085,-0.0073465,1,acq,40960,40960,0,32,True,False,1,1200000,8381618,False,-2499975,2399536,0,0,0,0,2
215,4,80,17,gen,1,11,6.036902619530071,5.906349143328972,1,0,1784290105.399277,1784290107.547523,1784290108.264755,1784290109.132828,1784290109.5492868,0,0,1784290109.133375,1784290109.340141,0.112779309,1784290109.3401442,1784290109.549234,0.0966919187,1784290109.5492868,1784290111.586785,1784290110.5680366,1784290111.5870101,1784290111.792188,0.111438693,1784290111.792192,1784290111.9972138,0.0953513028,0.09312300000000001,-0.16834100000000002,-0.2864075,0.0045000000000000005,-0.0073135000000000006,1,acq,40960,40960,0,32,True,False,1,1200000,8381618,False,-2477279,2381158,0,0,0,0,2
216,4,80,18,acq,2,0,6.036902619530071,5.906349143328972,0,1,1784290117.4271119,1784290120.7194612,1784290121.442863,1784290122.317041,1784290122.724154,0,0,1784290122.317266,1784290122.52044,0.0873076077,1784290122.520442,1784290122.724149,0.0913294552,1784290122.724154,1784290124.7687721,1784290123.7454908,1784290124.770028,1784290124.976862,0.0966919187,1784290124.976867,1784290125.1828558,0.114119925,0.089645,-0.1655065,-0.28157699999999997,0.0045065,-0.007346999999999999,1,acq,40960,40960,0,32,True,False,1,1200000,8381618,False,-2465253,2343388,0,0,0,0,2
217,4,80,18,acq,2,1,6.036902619530071,5.906349143328972,0,1,1784290125.183512,1784290128.460551,1784290129.174884,1784290130.03778,1784290130.4505548,0,0,1784290130.0379992,1784290130.243179,0.0980325345,1784290130.2431831,1784290130.450549,0.0899888394,1784290130.4505548,1784290132.506633,1784290131.4785151,1784290132.5071812,1784290132.714153,0.12216362,1784290132.7141562,1784290132.91733,0.0873076077,0.08762249999999999,-0.16370400000000002,-0.2785485,0.004498,-0.007338,1,acq,40960,40960,0,32,True,False,1,1200000,8381618,False,-2453566,2319591,0,0,0,0,2
218,4,80,18,acq,2,2,6.036902619530071,5.906349143328972,0,1,1784290132.920306,1784290136.206976,1784290136.9320478,1784290137.803999,1784290138.2145731,0,0,1784290137.804208,1784290138.009386,0.0846263759,1784290138.0093892,1784290138.214561,0.0859669918,1784290138.2145731,1784290140.2571762,1784290139.233853,1784290140.25738,1784290140.465672,0.0899888394,1784290140.465676,1784290140.6704519,0.107416846,0.0856645,-0.16194150000000002,-0.275571,0.004503999999999999,-0.007342,1,acq,40960,40960,0,32,True,False,1,1200000,8381618,False,-2414271,2286224,0,0,0,0,2
219,4,80,18,acq,2,3,6.036902619530071,5.906349143328972,0,1,1784290140.674624,1784290143.949984,1784290144.67638,1784290145.533688,1784290145.9492302,0,0,1784290145.533893,1784290145.743433,0.115460541,1784290145.743437,1784290145.949219,0.0886482235,1784290145.9492302,1784290147.9976552,1784290146.9709678,1784290147.997931,1784290148.203109,0.0966919187,1784290148.203113,1784290148.405748,0.102054382,0.083828,-0.160328,-0.272793,0.004483,-0.007332,1,acq,40960,40960,0,32,True,False,1,1200000,8381618,False,-2380566,2266153,0,0,0,0,2
220,4,80,18,acq,2,4,6.036902619530071,5.906349143328972,0,1,1784290148.40638,1784290151.690558,1784290152.415872,1784290153.281955,1784290153.6946628,0,0,1784290153.282608,1784290153.4912782,0.0712202174,1784290153.491282,1784290153.6946502,0.107416846,1784290153.6946628,1784290155.739882,1784290154.7174935,1784290155.74013,1784290155.945344,0.075242065,1784290155.945346,1784290156.150014,0.0859669918,0.08206350000000001,-0.158773,-0.27020350000000004,0.0044954999999999995,-0.007353,1,acq,40960,40960,0,32,True,False,1,1200000,8381618,False,-2347961,2245743,0,0,0,0,2
221,4,80,18,acq,2,5,6.036902619530071,5.906349143328972,0,1,1784290156.151649,1784290159.4426508,1784290160.160863,1784290161.021926,1784290161.434239,0,0,1784290161.0222561,1784290161.2274518,0.0698796015,1784290161.227454,1784290161.434217,0.12216362,1784290161.434239,1784290163.4719622,1784290162.4512634,1784290163.4722428,1784290163.677403,0.0685389857,1784290163.6774049,1784290163.880787,0.10607623,0.080403,-0.15725650000000002,-0.267636,0.0044855,-0.007322,1,acq,40960,40960,0,32,True,False,1,1200000,8381618,False,-2332632,2234226,0,0,0,0,2
222,4,80,18,acq,2,6,6.036902619530071,5.906349143328972,0,1,1784290163.881415,1784290167.154537,1784290167.8766348,1784290168.752085,1784290169.168253,0,0,1784290168.752299,1784290168.960012,0.0685389857,1784290168.9600158,1784290169.168242,0.104735614,1784290169.168253,1784290171.227103,1784290170.1956594,1784290171.227316,1784290171.4343371,0.118141772,1784290171.434342,1784290171.636288,0.0819451442,0.078684,-0.15561,-0.264888,0.004486,-0.0073275,1,acq,40960,40960,0,32,True,False,1,1200000,8381618,False,-2335004,2204246,0,0,0,0,2
223,4,80,18,acq,2,7,6.036902619530071,5.906349143328972,0,1,1784290171.639333,1784290174.930023,1784290175.6551309,1784290176.5194361,1784290176.9249642,0,0,1784290176.51965,1784290176.720521,0.0832857601,1784290176.720526,1784290176.924958,0.0779232967,1784290176.9249642,1784290178.9813278,1784290177.9527886,1784290178.982968,1784290179.185288,0.075242065,1784290179.185289,1784290179.389548,0.112779309,0.07702999999999999,-0.1541435,-0.26234250000000003,0.0044645,-0.007338000000000001,1,acq,40960,40960,0,32,True,False,1,1200000,8381618,False,-2311461,2177231,0,0,0,0,2
224,4,80,18,acq,2,8,6.036902619530071,5.906349143328972,0,1,1784290179.393568,1784290182.6678221,1784290183.389438,1784290184.256376,1784290184.665369,0,0,1784290184.256852,1784290184.460087,0.0899888394,1784290184.4600909,1784290184.665358,0.112779309,1784290184.665369,1784290186.7025,1784290185.6861382,1784290186.702719,1784290186.906739,0.0832857601,1784290186.906742,1784290187.111937,0.0739014491,0.0755055,-0.1527285,-0.2599345,0.0044685,-0.0073345,1,acq,40960,40960,0,32,True,False,1,1200000,8381618,False,-2264036,2161903,0,0,0,0,2
225,4,80,18,acq,2,9,6.036902619530071,5.906349143328972,0,1,1784290187.114485,1784290190.398161,1784290191.124662,1784290192.002327,1784290192.415892,0,0,1784290192.002869,1784290192.210727,0.0819451442,1784290192.210731,1784290192.4158862,0.0993731504,1784290192.415892,1784290194.460869,1784290193.4368653,1784290194.461556,1784290194.66916,0.0846263759,1784290194.6691651,1784290194.874314,0.100713766,0.0739455,-0.1512075,-0.257443,0.004452,-0.0073574999999999995,1,acq,40960,40960,0,32,True,False,1,1200000,8381618,False,-2269625,2139206,0,0,0,0,2
226,4,80,18,acq,2,10,6.036902619530071,5.906349143328972,0,1,1784290194.8749492,1784290198.153567,1784290198.88394,1784290199.754488,1784290200.161518,0,0,1784290199.754677,1784290199.9553878,0.108757461,1784290199.95539,1784290200.1615071,0.0712202174,1784290200.161518,1784290202.207138,1784290201.1857598,1784290202.207358,1784290202.4125068,0.103394998,1784290202.41251,1784290202.6147258,0.0725608332,0.07247100000000001,-0.149837,-0.255004,0.00447,-0.007347,1,acq,40960,40960,0,32,True,False,1,1200000,8381618,False,-2232701,2123708,0,0,0,0,2
227,4,80,18,acq,2,11,6.036902619530071,5.906349143328972,0,1,1784290202.620063,1784290205.898654,1784290206.624018,1784290207.4878988,1784290207.896308,0,0,1784290207.488381,1784290207.694377,0.0832857601,1784290207.694381,1784290207.896297,0.0779232967,1784290207.896308,1784290209.9442601,1784290208.9204094,1784290209.944484,1784290210.1459048,0.103394998,1784290210.145906,1784290210.352833,0.0792639125,0.07097049999999999,-0.1483025,-0.25244500000000003,0.004465,-0.007319,1,acq,40960,40960,0,32,True,False,1,1200000,8381618,False,-2209073,2092967,0,0,0,0,2
228,4,80,19,both,3,0,6.036902619530071,5.906349143328972,1,1,1784290215.7961988,1784290221.240618,1784290221.97633,1784290222.8398778,1784290223.2489102,0,0,1784290222.8400798,1784290223.045204,0.0792639125,1784290223.045206,1784290223.248859,0.0966919187,1784290223.2489102,1784290225.2954319,1784290224.2673645,1784290225.29598,1784290225.500177,0.0819451442,1784290225.500179,1784290225.705806,0.0725608332,0.06828899999999999,-0.145644,-0.247983,0.004439,-0.0073345,1,acq,40960,40960,0,32,True,False,1,1200000,8381618,False,-2176299,2062141,0,0,0,0,2
229,4,80,19,both,3,1,6.036902619530071,5.906349143328972,1,1,1784290225.709078,1784290231.1398559,1784290231.8572319,1784290232.729156,1784290233.144963,0,0,1784290232.729339,1784290232.938401,0.0779232967,1784290232.9384031,1784290233.144952,0.0886482235,1784290233.144963,1784290235.193145,1784290234.1715174,1784290235.193387,1784290235.398562,0.0765826808,1784290235.3985658,1784290235.602636,0.0725608332,0.066539,-0.14385900000000001,-0.24489650000000002,0.004435,-0.00732,1,acq,40960,40960,0,32,True,False,1,1200000,8381618,False,-2180534,2034617,0,0,0,0,2
230,4,80,19,both,3,2,6.036902619530071,5.906349143328972,1,1,1784290235.603265,1784290241.036902,1784290241.757235,1784290242.6225102,1784290243.02847,0,0,1784290242.62308,1784290242.828214,0.0779232967,1784290242.828216,1784290243.028459,0.0671983698,1784290243.02847,1784290245.056979,1784290244.0437407,1784290245.0572119,1784290245.262352,0.0832857601,1784290245.262354,1784290245.465179,0.0591546747,0.06496199999999999,-0.142254,-0.242217,0.0044555,-0.007334,1,acq,40960,40960,0,32,True,False,1,1200000,8381618,False,-2149284,2014546,0,0,0,0,2
231,4,80,19,both,3,3,6.036902619530071,5.906349143328972,1,1,1784290245.4697542,1784290250.904225,1784290251.631486,1784290252.5005069,1784290252.9110138,0,0,1784290252.500721,1784290252.7038028,0.0832857601,1784290252.7038069,1784290252.911008,0.0739014491,1784290252.9110138,1784290254.948788,1784290253.9272387,1784290254.949006,1784290255.1538181,0.0712202174,1784290255.153823,1784290255.361392,0.0792639125,0.0634005,-0.1406,-0.239423,0.0044455,-0.007314,1,acq,40960,40960,0,32,True,False,1,1200000,8381618,False,-2106856,1994475,0,0,0,0,2
232,4,80,19,both,3,4,6.036902619530071,5.906349143328972,1,1,1784290255.362746,1784290260.813458,1784290261.5444632,1784290262.412152,1784290262.825058,0,0,1784290262.412735,1784290262.619885,0.0430672844,1784290262.619888,1784290262.825052,0.0725608332,1784290262.825058,1784290264.877033,1784290263.8518271,1784290264.877235,1784290265.082425,0.0698796015,1784290265.082429,1784290265.2862148,0.0604952905,0.0617925,-0.1388875,-0.236535,0.0044305,-0.0073215,1,acq,40960,40960,0,32,True,False,1,1200000,8381618,False,-2086954,1963564,0,0,0,0,2
233,4,80,19,both,3,5,6.036902619530071,5.906349143328972,1,1,1784290265.286856,1784290270.729357,1784290271.461628,1784290272.328331,1784290272.738123,0,0,1784290272.3286972,1784290272.531957,0.0913294552,1784290272.5319612,1784290272.738112,0.0698796015,1784290272.738123,1784290274.8054662,1784290273.775487,1784290274.805962,1784290275.0092318,0.0685389857,1784290275.009235,1784290275.2144058,0.0739014491,0.060344,-0.137355,-0.233892,0.0044125,-0.0073305,1,acq,40960,40960,0,32,True,False,1,1200000,8381618,False,-2055112,1947728,0,0,0,0,2
234,4,80,19,both,3,6,6.036902619530071,5.906349143328972,1,1,1784290275.215049,1784290280.654222,1784290281.381739,1784290282.2460449,1784290282.653555,0,0,1784290282.246467,1784290282.447315,0.0966919187,1784290282.447317,1784290282.6535249,0.0645171381,1784290282.653555,1784290284.695125,1784290283.6726744,1784290284.695751,1784290284.9026618,0.0645171381,1784290284.902664,1784290285.1079528,0.0792639125,0.0589145,-0.13583099999999998,-0.2313345,0.004403000000000001,-0.007310499999999999,1,acq,40960,40960,0,32,True,False,1,1200000,8381618,False,-2059007,1924947,0,0,0,0,2
235,4,80,19,both,3,7,6.036902619530071,5.906349143328972,1,1,1784290285.113087,1784290290.547306,1784290291.264194,1784290292.12378,1784290292.5369751,0,0,1784290292.1239839,1784290292.32913,0.0671983698,1784290292.3291311,1784290292.5369642,0.0913294552,1784290292.5369751,1784290294.584406,1784290293.5579674,1784290294.584882,1784290294.7897139,0.0725608332,1784290294.789718,1784290294.9959319,0.0578140588,0.057526499999999994,-0.1343065,-0.2288015,0.0044085,-0.0073155,1,acq,40960,40960,0,32,True,False,1,1200000,8381618,False,-2012683,1900049,0,0,0,0,2
236,4,80,19,both,3,8,6.036902619530071,5.906349143328972,1,1,1784290294.996581,1784290300.420342,1784290301.137203,1784290302.004208,1784290302.4113972,0,0,1784290302.004691,1784290302.2081122,0.0725608332,1784290302.208116,1784290302.411386,0.0551328271,1784290302.4113972,1784290304.460475,1784290303.4381332,1784290304.460746,1784290304.6659179,0.0899888394,1784290304.6659222,1784290304.867213,0.0618359064,0.056167999999999996,-0.1327595,-0.2261765,0.0044025,-0.007291000000000001,1,acq,40960,40960,0,32,True,False,1,1200000,8381618,False,-2001420,1884805,0,0,0,0,2
237,4,80,19,both,3,9,6.036902619530071,5.906349143328972,1,1,1784290304.870031,1784290310.303555,1784290311.0211358,1784290311.887517,1784290312.299475,0,0,1784290311.8880079,1784290312.094184,0.0403860527,1784290312.094186,1784290312.2994628,0.0591546747,1784290312.299475,1784290314.346564,1784290313.3218062,1784290314.3467891,1784290314.551947,0.0832857601,1784290314.55195,1784290314.7570949,0.0645171381,0.054886500000000005,-0.1313475,-0.2237585,0.0043965,-0.007306,1,acq,40960,40960,0,32,True,False,1,1200000,8381618,False,-2004299,1861601,0,0,0,0,2
238,4,80,19,both,3,10,6.036902619530071,5.906349143328972,1,1,1784290314.760267,1784290320.194806,1784290320.923483,1784290321.788358,1784290322.203916,0,0,1784290321.788564,1784290321.996186,0.0712202174,1784290321.99619,1784290322.203905,0.0497703637,1784290322.203916,1784290324.2525,1784290323.228543,1784290324.252725,1784290324.4563031,0.056473443,1784290324.4563048,1784290324.662588,0.0444079002,0.053577,-0.129854,-0.221193,0.0044165,-0.007317,1,acq,40960,40960,0,32,True,False,1,1200000,8381618,False,-1973642,1840768,0,0,0,0,2
239,4,80,19,both,3,11,6.036902619530071,5.906349143328972,1,1,1784290324.6632488,1784290330.1256478,1784290330.85979,1784290331.7404249,1784290332.1627572,0,0,1784290331.740663,1784290331.9508271,0.0886482235,1784290331.950829,1784290332.162729,0.0618359064,1784290332.1627572,1784290334.2260108,1784290333.196329,1784290334.2262342,1784290334.4364212,0.0537922112,1784290334.4364228,1784290334.6499689,0.0645171381,0.052351999999999996,-0.128506,-0.218856,0.0043795,-0.007298499999999999,1,acq,40960,40960,0,32,True,False,1,1200000,8381618,False,-1932399,1825778,0,0,0,0,2
