window_sequence_index,source_sequence_index,window_index,role,direction,grid_index,target_ordinal,pair_position,bias,t_start_unix,t_end_unix,t_mid_unix,dc_board,I1,Q1,I2,Q2,rawadc_version,rawadc_scope,rawadc_expected,rawadc_used,rawadc_read_fail,rawadc_blocks,rawadc_complete,rawadc_timeout,rawadc_gain,rawadc_fs_uv,rawadc_guard,rawadc_crc,rawadc_ch0_min,rawadc_ch0_max,rawadc_ch0_rail_lo,rawadc_ch0_rail_hi,rawadc_ch0_guard_lo,rawadc_ch0_guard_hi,rawadc_windows,read_attempt_count,t_first_attempt_start_unix
0,0,0,sentinel,up,0,0,0,-4.407375476557824,1784361497.4348211,1784361499.758966,1784361498.5968935,0.242826,-0.214664,-0.366479,0.003918,-0.005792,1,acq,20480,20480,0,16,True,False,1,1200000,8381618,False,-3181201,3037995,0,0,0,0,1,1,1784361497.4348211
1,0,1,sentinel,up,0,0,0,-4.407375476557824,1784361499.759223,1784361502.088023,1784361500.923623,0.244919,-0.215272,-0.367608,0.003868,-0.005764,1,acq,20480,20480,0,16,True,False,1,1200000,8381618,False,-3120226,3061453,0,0,0,0,1,1,1784361499.759223
2,0,2,sentinel,up,0,0,0,-4.407375476557824,1784361502.088584,1784361504.402508,1784361503.2455459,0.247262,-0.216233,-0.369405,0.003924,-0.005813,1,acq,20480,20480,0,16,True,False,1,1200000,8381618,False,-3157827,3075088,0,0,0,0,1,1,1784361502.088584
3,0,3,sentinel,up,0,0,0,-4.407375476557824,1784361504.4027689,1784361506.721934,1784361505.5623515,0.249143,-0.216788,-0.370352,0.003886,-0.005785,1,acq,20480,20480,0,16,True,False,1,1200000,8381618,False,-3177390,3092110,0,0,0,0,1,1,1784361504.4027689
4,0,4,sentinel,up,0,0,0,-4.407375476557824,1784361506.722166,1784361509.047422,1784361507.884794,0.251046,-0.21749,-0.371527,0.003896,-0.005782,1,acq,20480,20480,0,16,True,False,1,1200000,8381618,False,-3165788,3082625,0,0,0,0,1,1,1784361506.722166
5,0,5,sentinel,up,0,0,0,-4.407375476557824,1784361509.047654,1784361511.3694541,1784361510.208554,0.252942,-0.218123,-0.372704,0.003923,-0.005778,1,acq,20480,20480,0,16,True,False,1,1200000,8381618,False,-3192973,3103035,0,0,0,0,1,1,1784361509.047654
6,0,6,sentinel,up,0,0,0,-4.407375476557824,1784361511.370058,1784361513.689327,1784361512.5296926,0.254704,-0.21872,-0.373855,0.003907,-0.005734,1,acq,20480,20480,0,16,True,False,1,1200000,8381618,False,-3220750,3097022,0,0,0,0,1,1,1784361511.370058
7,0,7,sentinel,up,0,0,0,-4.407375476557824,1784361513.689573,1784361516.0145228,1784361514.852048,0.256181,-0.219194,-0.374691,0.003891,-0.005736,1,acq,20480,20480,0,16,True,False,1,1200000,8381618,False,-3218125,3108709,0,0,0,0,1,1,1784361513.689573
8,1,0,sentinel,down,0,0,1,-4.407375476557824,1784361528.594406,1784361530.916092,1784361529.755249,0.265731,-0.222332,-0.380113,0.003907,-0.005772,1,acq,20480,20480,0,16,True,False,1,1200000,8381618,False,-3253440,3186283,0,0,0,0,1,1,1784361528.594406
9,1,1,sentinel,down,0,0,1,-4.407375476557824,1784361530.916317,1784361533.236041,1784361532.076179,0.267369,-0.222957,-0.381207,0.003868,-0.005754,1,acq,20480,20480,0,16,True,False,1,1200000,8381618,False,-3235909,3178068,0,0,0,0,1,1,1784361530.916317
10,1,2,sentinel,down,0,0,1,-4.407375476557824,1784361533.236801,1784361535.5506182,1784361534.3937097,0.268712,-0.223404,-0.382019,0.003937,-0.005751,1,acq,20480,20480,0,16,True,False,1,1200000,8381618,False,-3302050,3166974,0,0,0,0,1,1,1784361533.236801
11,1,3,sentinel,down,0,0,1,-4.407375476557824,1784361535.550831,1784361537.871788,1784361536.7113094,0.269906,-0.223713,-0.382556,0.003899,-0.005767,1,acq,20480,20480,0,16,True,False,1,1200000,8381618,False,-3271563,3206692,0,0,0,0,1,1,1784361535.550831
12,1,4,sentinel,down,0,0,1,-4.407375476557824,1784361537.87217,1784361540.200424,1784361539.0362968,0.27125,-0.224151,-0.383353,0.003875,-0.005744,1,acq,20480,20480,0,16,True,False,1,1200000,8381618,False,-3247766,3202712,0,0,0,0,1,1,1784361537.87217
13,1,5,sentinel,down,0,0,1,-4.407375476557824,1784361540.200654,1784361542.522966,1784361541.36181,0.272624,-0.224692,-0.384217,0.003915,-0.005752,1,acq,20480,20480,0,16,True,False,1,1200000,8381618,False,-3321528,3197715,0,0,0,0,1,1,1784361540.200654
14,1,6,sentinel,down,0,0,1,-4.407375476557824,1784361542.5231879,1784361544.850817,1784361543.6870024,0.273888,-0.225062,-0.384934,0.00389,-0.005757,1,acq,20480,20480,0,16,True,False,1,1200000,8381618,False,-3276559,3201865,0,0,0,0,1,1,1784361542.5231879
15,1,7,sentinel,down,0,0,1,-4.407375476557824,1784361544.851155,1784361547.1769788,1784361546.014067,0.274948,-0.225315,-0.385349,0.003886,-0.005747,1,acq,20480,20480,0,16,True,False,1,1200000,8381618,False,-3312890,3204321,0,0,0,0,1,1,1784361544.851155
16,2,0,sentinel,down,80,1,0,6.036902619530071,1784361672.05212,1784361674.374837,1784361673.2134786,0.267175,-0.224891,-0.382216,0.00346,-0.005165,1,acq,20480,20480,0,16,True,False,1,1200000,8381618,False,-3211265,3182387,0,0,0,0,1,1,1784361672.05212
17,2,1,sentinel,down,80,1,0,6.036902619530071,1784361674.375077,1784361676.699064,1784361675.5370705,0.264163,-0.223938,-0.38065,0.003501,-0.005182,1,acq,20480,20480,0,16,True,False,1,1200000,8381618,False,-3197715,3173495,0,0,0,0,1,1,1784361674.375077
18,2,2,sentinel,down,80,1,0,6.036902619530071,1784361676.69932,1784361679.0175931,1784361677.8584566,0.261379,-0.222975,-0.37916,0.003468,-0.005183,1,acq,20480,20480,0,16,True,False,1,1200000,8381618,False,-3206946,3162655,0,0,0,0,1,1,1784361676.69932
19,2,3,sentinel,down,80,1,0,6.036902619530071,1784361679.017819,1784361681.3440151,1784361680.180917,0.258385,-0.221823,-0.377181,0.003468,-0.005179,1,acq,20480,20480,0,16,True,False,1,1200000,8381618,False,-3192380,3153339,0,0,0,0,1,1,1784361679.017819
20,2,4,sentinel,down,80,1,0,6.036902619530071,1784361681.3443542,1784361683.667286,1784361682.50582,0.255967,-0.221189,-0.376115,0.003467,-0.005195,1,acq,20480,20480,0,16,True,False,1,1200000,8381618,False,-3212112,3128187,0,0,0,0,1,1,1784361681.3443542
21,2,5,sentinel,down,80,1,0,6.036902619530071,1784361683.6675289,1784361685.990779,1784361684.829154,0.2533,-0.220062,-0.374431,0.003505,-0.005208,1,acq,20480,20480,0,16,True,False,1,1200000,8381618,False,-3170869,3120057,0,0,0,0,1,1,1784361683.6675289
22,2,6,sentinel,down,80,1,0,6.036902619530071,1784361685.9910169,1784361688.312323,1784361687.15167,0.250824,-0.219285,-0.372935,0.003517,-0.005178,1,acq,20480,20480,0,16,True,False,1,1200000,8381618,False,-3143854,3112350,0,0,0,0,1,1,1784361685.9910169
23,2,7,sentinel,down,80,1,0,6.036902619530071,1784361688.312551,1784361690.635167,1784361689.4738588,0.248529,-0.218481,-0.371614,0.003531,-0.005226,1,acq,20480,20480,0,16,True,False,1,1200000,8381618,False,-3198562,3101764,0,0,0,0,1,1,1784361688.312551
24,3,0,sentinel,up,80,1,1,6.036902619530071,1784361703.211191,1784361705.530192,1784361704.3706913,0.235118,-0.213614,-0.363276,0.003535,-0.005235,1,acq,20480,20480,0,16,True,False,1,1200000,8381618,False,-3070345,3025884,0,0,0,0,1,1,1784361703.211191
25,3,1,sentinel,up,80,1,1,6.036902619530071,1784361705.5304372,1784361707.8524952,1784361706.6914663,0.233014,-0.212636,-0.361885,0.003535,-0.005245,1,acq,20480,20480,0,16,True,False,1,1200000,8381618,False,-3067889,3003696,0,0,0,0,1,1,1784361705.5304372
26,3,2,sentinel,up,80,1,1,6.036902619530071,1784361707.85278,1784361710.167635,1784361709.0102077,0.231302,-0.212136,-0.360821,0.003532,-0.005226,1,acq,20480,20480,0,16,True,False,1,1200000,8381618,False,-3041890,3002426,0,0,0,0,1,1,1784361707.85278
27,3,3,sentinel,up,80,1,1,6.036902619530071,1784361710.167853,1784361712.490363,1784361711.329108,0.229417,-0.211291,-0.359686,0.003497,-0.005283,1,acq,20480,20480,0,16,True,False,1,1200000,8381618,False,-3067381,2993534,0,0,0,0,1,1,1784361710.167853
28,3,4,sentinel,up,80,1,1,6.036902619530071,1784361712.49058,1784361714.810859,1784361713.6507196,0.227664,-0.210707,-0.358495,0.003519,-0.005253,1,acq,20480,20480,0,16,True,False,1,1200000,8381618,False,-3084573,2993788,0,0,0,0,1,1,1784361712.49058
29,3,5,sentinel,up,80,1,1,6.036902619530071,1784361714.8111181,1784361717.137604,1784361715.974361,0.225984,-0.21006,-0.357461,0.003554,-0.00528,1,acq,20480,20480,0,16,True,False,1,1200000,8381618,False,-3036724,2984218,0,0,0,0,1,1,1784361714.8111181
30,3,6,sentinel,up,80,1,1,6.036902619530071,1784361717.137845,1784361719.4505541,1784361718.2941995,0.224311,-0.209451,-0.356435,0.003538,-0.005286,1,acq,20480,20480,0,16,True,False,1,1200000,8381618,False,-3048242,2977358,0,0,0,0,1,1,1784361717.137845
31,3,7,sentinel,up,80,1,1,6.036902619530071,1784361719.4508328,1784361721.771594,1784361720.6112134,0.22262,-0.208715,-0.355229,0.003533,-0.005291,1,acq,20480,20480,0,16,True,False,1,1200000,8381618,False,-3011487,2971938,0,0,0,0,1,1,1784361719.4508328
32,4,0,formal,up,18,2,0,-2.057412904938048,1784361821.110414,1784361823.435313,1784361822.2728634,0.179644,0.189322,0.322937,0.000486,-0.001945,1,acq,20480,20480,0,16,True,False,1,1200000,8381618,False,-2746416,2703394,0,0,0,0,1,1,1784361821.110414
33,4,1,formal,up,18,2,0,-2.057412904938048,1784361823.435678,1784361825.755229,1784361824.5954535,0.177603,0.188208,0.321042,0.000549,-0.001957,1,acq,20480,20480,0,16,True,False,1,1200000,8381618,False,-2718723,2703818,0,0,0,0,1,1,1784361823.435678
34,4,2,formal,up,18,2,0,-2.057412904938048,1784361825.755463,1784361828.07692,1784361826.9161916,0.176071,0.187608,0.320099,0.000525,-0.001967,1,acq,20480,20480,0,16,True,False,1,1200000,8381618,False,-2719570,2674939,0,0,0,0,1,1,1784361825.755463
35,4,3,formal,up,18,2,0,-2.057412904938048,1784361828.0771682,1784361830.395366,1784361829.236267,0.17445,0.18682,0.318819,0.000556,-0.00194,1,acq,20480,20480,0,16,True,False,1,1200000,8381618,False,-2712032,2685864,0,0,0,0,1,1,1784361828.0771682
36,4,4,formal,up,18,2,0,-2.057412904938048,1784361830.395614,1784361832.715352,1784361831.5554829,0.172845,0.186069,0.317559,0.000548,-0.001999,1,acq,20480,20480,0,16,True,False,1,1200000,8381618,False,-2704326,2678242,0,0,0,0,1,1,1784361830.395614
37,4,5,formal,up,18,2,0,-2.057412904938048,1784361832.7156749,1784361835.024905,1784361833.8702898,0.171401,0.185345,0.316412,0.000567,-0.002019,1,acq,20480,20480,0,16,True,False,1,1200000,8381618,False,-2688574,2649025,0,0,0,0,1,1,1784361832.7156749
38,4,6,formal,up,18,2,0,-2.057412904938048,1784361835.0252512,1784361837.340744,1784361836.1829977,0.170122,0.184855,0.315522,0.00059,-0.002031,1,acq,20480,20480,0,16,True,False,1,1200000,8381618,False,-2684594,2655631,0,0,0,0,1,1,1784361835.0252512
39,4,7,formal,up,18,2,0,-2.057412904938048,1784361837.341025,1784361839.666629,1784361838.503827,0.168834,0.184231,0.314425,0.000598,-0.002032,1,acq,20480,20480,0,16,True,False,1,1200000,8381618,False,-2674516,2639625,0,0,0,0,1,1,1784361837.341025
40,5,0,formal,down,18,2,1,-2.057412904938048,1784361852.285328,1784361854.619534,1784361853.452431,0.161396,0.18043,0.308172,0.000659,-0.002126,1,acq,20480,20480,0,16,True,False,1,1200000,8381618,False,-2622857,2597112,0,0,0,0,1,1,1784361852.285328
41,5,1,formal,down,18,2,1,-2.057412904938048,1784361854.619852,1784361856.9595048,1784361855.7896786,0.160386,0.179946,0.307346,0.000668,-0.002137,1,acq,20480,20480,0,16,True,False,1,1200000,8381618,False,-2619130,2582545,0,0,0,0,1,1,1784361854.619852
42,5,2,formal,down,18,2,1,-2.057412904938048,1784361856.959879,1784361859.294792,1784361858.1273355,0.15953,0.179618,0.306776,0.000654,-0.002156,1,acq,20480,20480,0,16,True,False,1,1200000,8381618,False,-2613795,2581275,0,0,0,0,1,1,1784361856.959879
43,5,3,formal,down,18,2,1,-2.057412904938048,1784361859.2951,1784361861.6227689,1784361860.4589343,0.158514,0.179014,0.30583,0.000688,-0.002129,1,acq,20480,20480,0,16,True,False,1,1200000,8381618,False,-2612609,2573823,0,0,0,0,1,1,1784361859.2951
44,5,4,formal,down,18,2,1,-2.057412904938048,1784361861.622987,1784361863.96134,1784361862.7921634,0.157624,0.178628,0.305145,0.000731,-0.002124,1,acq,20480,20480,0,16,True,False,1,1200000,8381618,False,-2595164,2550618,0,0,0,0,1,1,1784361861.622987
45,5,5,formal,down,18,2,1,-2.057412904938048,1784361863.9615748,1784361866.302005,1784361865.13179,0.156798,0.178194,0.304458,0.0007,-0.002137,1,acq,20480,20480,0,16,True,False,1,1200000,8381618,False,-2600245,2560357,0,0,0,0,1,1,1784361863.9615748
46,5,6,formal,down,18,2,1,-2.057412904938048,1784361866.302485,1784361868.644573,1784361867.4735289,0.155879,0.177793,0.303621,0.000714,-0.002202,1,acq,20480,20480,0,16,True,False,1,1200000,8381618,False,-2591522,2544690,0,0,0,0,1,1,1784361866.302485
47,5,7,formal,down,18,2,1,-2.057412904938048,1784361868.644863,1784361870.997167,1784361869.821015,0.15508,0.177333,0.30292,0.00072,-0.002156,1,acq,20480,20480,0,16,True,False,1,1200000,8381618,False,-2577633,2552905,0,0,0,0,1,1,1784361868.644863
48,6,0,formal,down,62,3,0,3.6869400479102943,1784361945.4630542,1784361947.793728,1784361946.6283913,1.2,-0.239468,-0.409567,0.000304,0.000756,1,acq,20480,20480,0,16,True,False,1,1200000,8381618,False,-3418665,3463549,0,0,0,0,1,1,1784361945.4630542
49,6,1,formal,down,62,3,0,3.6869400479102943,1784361947.793975,1784361950.124214,1784361948.9590945,1.2,-0.240165,-0.410728,0.000316,0.000747,1,acq,20480,20480,0,16,True,False,1,1200000,8381618,False,-3443648,3484891,0,0,0,0,1,1,1784361947.793975
50,6,2,formal,down,62,3,0,3.6869400479102943,1784361950.124434,1784361952.450903,1784361951.2876685,1.2,-0.240633,-0.411811,0.000403,0.000703,1,acq,20480,20480,0,16,True,False,1,1200000,8381618,False,-3464312,3494376,0,0,0,0,1,1,1784361950.124434
51,6,3,formal,down,62,3,0,3.6869400479102943,1784361952.451143,1784361954.7816792,1784361953.6164112,1.2,-0.241332,-0.412857,0.000337,0.000701,1,acq,20480,20480,0,16,True,False,1,1200000,8381618,False,-3464227,3562210,0,0,0,0,1,1,1784361952.451143
52,6,4,formal,down,62,3,0,3.6869400479102943,1784361954.78193,1784361957.112372,1784361955.947151,1.2,-0.241827,-0.413758,0.000317,0.000639,1,acq,20480,20480,0,16,True,False,1,1200000,8381618,False,-3458129,3531130,0,0,0,0,1,1,1784361954.78193
53,6,5,formal,down,62,3,0,3.6869400479102943,1784361957.1126301,1784361959.4553778,1784361958.284004,1.2,-0.242396,-0.414918,0.000335,0.000669,1,acq,20480,20480,0,16,True,False,1,1200000,8381618,False,-3447205,3544003,0,0,0,0,1,1,1784361957.1126301
54,6,6,formal,down,62,3,0,3.6869400479102943,1784361959.4556,1784361961.777081,1784361960.6163406,1.2,-0.24274,-0.415388,0.000413,0.00071,1,acq,20480,20480,0,16,True,False,1,1200000,8381618,False,-3488702,3533078,0,0,0,0,1,1,1784361959.4556
55,6,7,formal,down,62,3,0,3.6869400479102943,1784361961.777348,1784361964.118975,1784361962.9481616,1.2,-0.243048,-0.416053,0.000418,0.000573,1,acq,20480,20480,0,16,True,False,1,1200000,8381618,False,-3493275,3552895,0,0,0,0,1,1,1784361961.777348
56,7,0,formal,up,62,3,1,3.6869400479102943,1784361976.794448,1784361979.124491,1784361977.9594693,1.2,-0.245155,-0.419716,0.000463,0.000612,1,acq,20480,20480,0,16,True,False,1,1200000,8381618,False,-3569578,3645119,0,0,0,0,1,1,1784361976.794448
57,7,1,formal,up,62,3,1,3.6869400479102943,1784361979.1247811,1784361981.4591181,1784361980.2919497,1.2,-0.245766,-0.420785,0.00051,0.000574,1,acq,20480,20480,0,16,True,False,1,1200000,8381618,False,-3563396,3578724,0,0,0,0,1,1,1784361979.1247811
58,7,2,formal,up,62,3,1,3.6869400479102943,1784361981.4593768,1784361983.793922,1784361982.6266494,1.2,-0.246251,-0.421585,0.000482,0.000564,1,acq,20480,20480,0,16,True,False,1,1200000,8381618,False,-3581858,3589141,0,0,0,0,1,1,1784361981.4593768
59,7,3,formal,up,62,3,1,3.6869400479102943,1784361983.794147,1784361986.13553,1784361984.9648385,1.2,-0.246743,-0.42245,0.000468,0.000516,1,acq,20480,20480,0,16,True,False,1,1200000,8381618,False,-3537905,3603961,0,0,0,0,1,1,1784361983.794147
60,7,4,formal,up,62,3,1,3.6869400479102943,1784361986.1357608,1784361988.467963,1784361987.3018618,1.2,-0.246869,-0.422709,0.00051,0.000505,1,acq,20480,20480,0,16,True,False,1,1200000,8381618,False,-3531045,3606671,0,0,0,0,1,1,1784361986.1357608
61,7,5,formal,up,62,3,1,3.6869400479102943,1784361988.468192,1784361990.809408,1784361989.6388001,1.2,-0.247069,-0.423038,0.000491,0.00048,1,acq,20480,20480,0,16,True,False,1,1200000,8381618,False,-3542732,3609212,0,0,0,0,1,1,1784361988.468192
62,7,6,formal,up,62,3,1,3.6869400479102943,1784361990.809636,1784361993.141695,1784361991.9756656,1.2,-0.247422,-0.42367,0.000537,0.000453,1,acq,20480,20480,0,16,True,False,1,1200000,8381618,False,-3560517,3586346,0,0,0,0,1,1,1784361990.809636
63,7,7,formal,up,62,3,1,3.6869400479102943,1784361993.141975,1784361995.486423,1784361994.314199,1.2,-0.24784,-0.424504,0.000507,0.000506,1,acq,20480,20480,0,16,True,False,1,1200000,8381618,False,-3538244,3605655,0,0,0,0,1,1,1784361993.141975
64,8,0,formal,up,78,4,0,5.775795667127873,1784362026.886879,1784362029.2128901,1784362028.0498846,0.294985,-0.231858,-0.394267,0.002674,-0.00347,1,acq,20480,20480,0,16,True,False,1,1200000,8381618,False,-3324916,3334316,0,0,0,0,1,1,1784362026.886879
65,8,1,formal,up,78,4,0,5.775795667127873,1784362029.213094,1784362031.550186,1784362030.38164,0.292822,-0.23137,-0.393458,0.0027,-0.00347,1,acq,20480,20480,0,16,True,False,1,1200000,8381618,False,-3314753,3312043,0,0,0,0,1,1,1784362029.213094
66,8,2,formal,up,78,4,0,5.775795667127873,1784362031.550486,1784362033.873632,1784362032.712059,0.290625,-0.23068,-0.392271,0.002694,-0.003467,1,acq,20480,20480,0,16,True,False,1,1200000,8381618,False,-3307386,3327541,0,0,0,0,1,1,1784362031.550486
67,8,3,formal,up,78,4,0,5.775795667127873,1784362033.87385,1784362036.209755,1784362035.0418024,0.288467,-0.229937,-0.391076,0.002664,-0.003545,1,acq,20480,20480,0,16,True,False,1,1200000,8381618,False,-3259876,3292227,0,0,0,0,1,1,1784362033.87385
68,8,4,formal,up,78,4,0,5.775795667127873,1784362036.210891,1784362038.5532959,1784362037.3820934,0.286705,-0.229514,-0.390431,0.002718,-0.003476,1,acq,20480,20480,0,16,True,False,1,1200000,8381618,False,-3300272,3302389,0,0,0,0,1,1,1784362036.210891
69,8,5,formal,up,78,4,0,5.775795667127873,1784362038.553514,1784362040.894315,1784362039.7239146,0.28488,-0.228957,-0.38949,0.002655,-0.003528,1,acq,20480,20480,0,16,True,False,1,1200000,8381618,False,-3277067,3278677,0,0,0,0,1,1,1784362038.553514
70,8,6,formal,up,78,4,0,5.775795667127873,1784362040.894546,1784362043.234216,1784362042.0643811,0.283025,-0.228341,-0.388469,0.002699,-0.003529,1,acq,20480,20480,0,16,True,False,1,1200000,8381618,False,-3289771,3281556,0,0,0,0,1,1,1784362040.894546
71,8,7,formal,up,78,4,0,5.775795667127873,1784362043.235285,1784362045.571576,1784362044.4034305,0.281067,-0.227589,-0.387299,0.002748,-0.003521,1,acq,20480,20480,0,16,True,False,1,1200000,8381618,False,-3278761,3281133,0,0,0,0,1,1,1784362043.235285
72,9,0,formal,down,78,4,1,5.775795667127873,1784362058.302847,1784362060.634836,1784362059.4688416,0.270955,-0.224388,-0.38192,0.002734,-0.00358,1,acq,20480,20480,0,16,True,False,1,1200000,8381618,False,-3228203,3206523,0,0,0,0,1,1,1784362058.302847
73,9,1,formal,down,78,4,1,5.775795667127873,1784362060.635069,1784362062.966769,1784362061.800919,0.269454,-0.223836,-0.381083,0.002707,-0.00362,1,acq,20480,20480,0,16,True,False,1,1200000,8381618,False,-3202712,3203643,0,0,0,0,1,1,1784362060.635069
74,9,2,formal,down,78,4,1,5.775795667127873,1784362062.9672341,1784362065.311496,1784362064.1393652,0.268241,-0.223514,-0.380519,0.00272,-0.00365,1,acq,20480,20480,0,16,True,False,1,1200000,8381618,False,-3215330,3199155,0,0,0,0,1,1,1784362062.9672341
75,9,3,formal,down,78,4,1,5.775795667127873,1784362065.311757,1784362067.662207,1784362066.4869819,0.266617,-0.222781,-0.379357,0.002753,-0.003612,1,acq,20480,20480,0,16,True,False,1,1200000,8381618,False,-3237095,3186875,0,0,0,0,1,1,1784362065.311757
76,9,4,formal,down,78,4,1,5.775795667127873,1784362067.663296,1784362070.002409,1784362068.8328524,0.265433,-0.222519,-0.378794,0.002761,-0.003677,1,acq,20480,20480,0,16,True,False,1,1200000,8381618,False,-3219395,3172987,0,0,0,0,1,1,1784362067.663296
77,9,5,formal,down,78,4,1,5.775795667127873,1784362070.002656,1784362072.333965,1784362071.1683106,0.264018,-0.222004,-0.377903,0.002753,-0.003614,1,acq,20480,20480,0,16,True,False,1,1200000,8381618,False,-3233030,3176713,0,0,0,0,1,1,1784362070.002656
78,9,6,formal,down,78,4,1,5.775795667127873,1784362072.334285,1784362074.678399,1784362073.506342,0.262845,-0.221609,-0.377389,0.002748,-0.003614,1,acq,20480,20480,0,16,True,False,1,1200000,8381618,False,-3198308,3172902,0,0,0,0,1,1,1784362072.334285
79,9,7,formal,down,78,4,1,5.775795667127873,1784362074.678625,1784362077.020406,1784362075.8495154,0.261599,-0.221224,-0.376644,0.002761,-0.00364,1,acq,20480,20480,0,16,True,False,1,1200000,8381618,False,-3182980,3160876,0,0,0,0,1,1,1784362074.678625
80,10,0,formal,down,2,5,0,-4.1462685241556265,1784362194.705557,1784362197.0428438,1784362195.8742003,0.102799,-0.148984,-0.254548,0.002342,-0.003805,1,acq,20480,20480,0,16,True,False,1,1200000,8381618,False,-2203061,2126164,0,0,0,0,1,1,1784362194.705557
81,10,1,formal,down,2,5,0,-4.1462685241556265,1784362197.04397,1784362199.384843,1784362198.2144065,0.104882,-0.150393,-0.256918,0.002305,-0.003794,1,acq,20480,20480,0,16,True,False,1,1200000,8381618,False,-2220845,2156398,0,0,0,0,1,1,1784362197.04397
82,10,2,formal,down,2,5,0,-4.1462685241556265,1784362199.385151,1784362201.718264,1784362200.5517075,0.106927,-0.151746,-0.259358,0.002321,-0.003786,1,acq,20480,20480,0,16,True,False,1,1200000,8381618,False,-2219659,2171557,0,0,0,0,1,1,1784362199.385151
83,10,3,formal,down,2,5,0,-4.1462685241556265,1784362201.718488,1784362204.04757,1784362202.883029,0.108804,-0.152986,-0.261533,0.002318,-0.003766,1,acq,20480,20480,0,16,True,False,1,1200000,8381618,False,-2250232,2192475,0,0,0,0,1,1,1784362201.718488
84,10,4,formal,down,2,5,0,-4.1462685241556265,1784362204.047797,1784362206.3781068,1784362205.212952,0.110486,-0.15393,-0.263204,0.002314,-0.003737,1,acq,20480,20480,0,16,True,False,1,1200000,8381618,False,-2252603,2219575,0,0,0,0,1,1,1784362204.047797
85,10,5,formal,down,2,5,0,-4.1462685241556265,1784362206.378356,1784362208.719136,1784362207.548746,0.112307,-0.155128,-0.265224,0.002312,-0.003735,1,acq,20480,20480,0,16,True,False,1,1200000,8381618,False,-2277162,2233802,0,0,0,0,1,1,1784362206.378356
86,10,6,formal,down,2,5,0,-4.1462685241556265,1784362208.719379,1784362211.070796,1784362209.8950875,0.113938,-0.156155,-0.266948,0.002287,-0.003727,1,acq,20480,20480,0,16,True,False,1,1200000,8381618,False,-2270811,2241678,0,0,0,0,1,1,1784362208.719379
87,10,7,formal,down,2,5,0,-4.1462685241556265,1784362211.071054,1784362213.404703,1784362212.2378783,0.115571,-0.157139,-0.26872,0.002302,-0.003718,1,acq,20480,20480,0,16,True,False,1,1200000,8381618,False,-2306295,2241763,0,0,0,0,1,1,1784362211.071054
88,11,0,formal,up,2,5,1,-4.1462685241556265,1784362226.10516,1784362228.4434829,1784362227.2743216,0.125213,-0.162927,-0.278661,0.002263,-0.003653,1,acq,20480,20480,0,16,True,False,1,1200000,8381618,False,-2376670,2341948,0,0,0,0,1,1,1784362226.10516
89,11,1,formal,up,2,5,1,-4.1462685241556265,1784362228.445649,1784362230.775182,1784362229.6104155,0.12652,-0.163662,-0.279964,0.002252,-0.003612,1,acq,20480,20480,0,16,True,False,1,1200000,8381618,False,-2366084,2344997,0,0,0,0,1,1,1784362228.445649
90,11,2,formal,up,2,5,1,-4.1462685241556265,1784362230.775456,1784362233.091535,1784362231.9334955,0.127941,-0.164573,-0.28153,0.002266,-0.00361,1,acq,20480,20480,0,16,True,False,1,1200000,8381618,False,-2423079,2356260,0,0,0,0,1,1,1784362230.775456
91,11,3,formal,up,2,5,1,-4.1462685241556265,1784362233.0918322,1784362235.426357,1784362234.2590947,0.129056,-0.165083,-0.282435,0.002256,-0.003646,1,acq,20480,20480,0,16,True,False,1,1200000,8381618,False,-2401737,2367863,0,0,0,0,1,1,1784362233.0918322
92,11,4,formal,up,2,5,1,-4.1462685241556265,1784362235.42686,1784362237.7512221,1784362236.5890412,0.13047,-0.166009,-0.28394,0.002268,-0.003586,1,acq,20480,20480,0,16,True,False,1,1200000,8381618,False,-2414271,2368117,0,0,0,0,1,1,1784362235.42686
93,11,5,formal,up,2,5,1,-4.1462685241556265,1784362237.751499,1784362240.0929868,1784362238.9222429,0.131677,-0.166641,-0.28512,0.00225,-0.0036,1,acq,20480,20480,0,16,True,False,1,1200000,8381618,False,-2415033,2397249,0,0,0,0,1,1,1784362237.751499
94,11,6,formal,up,2,5,1,-4.1462685241556265,1784362240.093477,1784362242.4303691,1784362241.261923,0.132994,-0.167437,-0.286527,0.002233,-0.003577,1,acq,20480,20480,0,16,True,False,1,1200000,8381618,False,-2440270,2405294,0,0,0,0,1,1,1784362240.093477
95,11,7,formal,up,2,5,1,-4.1462685241556265,1784362242.4306161,1784362244.766737,1784362243.5986767,0.134093,-0.16796,-0.287492,0.002239,-0.003583,1,acq,20480,20480,0,16,True,False,1,1200000,8381618,False,-2455345,2407581,0,0,0,0,1,1,1784362242.4306161
96,12,0,formal,up,37,6,0,0.4231031428828276,1784362303.384311,1784362305.727843,1784362304.556077,1.180999,0.256776,0.439712,-0.003719,0.005422,1,acq,20480,20480,0,16,True,False,1,1200000,8381618,False,-3654096,3725403,0,0,0,0,1,1,1784362303.384311
97,12,1,formal,up,37,6,0,0.4231031428828276,1784362305.728141,1784362308.069924,1784362306.8990326,1.182663,0.256287,0.438995,-0.003729,0.005409,1,acq,20480,20480,0,16,True,False,1,1200000,8381618,False,-3642833,3698727,0,0,0,0,1,1,1784362305.728141
98,12,2,formal,up,37,6,0,0.4231031428828276,1784362308.070175,1784362310.400827,1784362309.2355008,1.184701,0.256087,0.438857,-0.003722,0.00535,1,acq,20480,20480,0,16,True,False,1,1200000,8381618,False,-3710244,3737344,0,0,0,0,1,1,1784362308.070175
99,12,3,formal,up,37,6,0,0.4231031428828276,1784362310.401072,1784362312.7448168,1784362311.5729444,1.185422,0.255585,0.438059,-0.003757,0.005384,1,acq,20480,20480,0,16,True,False,1,1200000,8381618,False,-3661041,3740308,0,0,0,0,1,1,1784362310.401072
100,12,4,formal,up,37,6,0,0.4231031428828276,1784362312.745054,1784362315.0710871,1784362313.9080706,1.186027,0.255297,0.437476,-0.003737,0.005375,1,acq,20480,20480,0,16,True,False,1,1200000,8381618,False,-3685854,3751063,0,0,0,0,1,1,1784362312.745054
101,12,5,formal,up,37,6,0,0.4231031428828276,1784362315.072577,1784362317.4003892,1784362316.236483,1.188157,0.255174,0.437416,-0.003753,0.005406,1,acq,20480,20480,0,16,True,False,1,1200000,8381618,False,-3653842,3740562,0,0,0,0,1,1,1784362315.072577
102,12,6,formal,up,37,6,0,0.4231031428828276,1784362317.400608,1784362319.7234838,1784362318.562046,1.18849,0.254878,0.43692,-0.003772,0.005402,1,acq,20480,20480,0,16,True,False,1,1200000,8381618,False,-3664597,3726589,0,0,0,0,1,1,1784362317.400608
103,12,7,formal,up,37,6,0,0.4231031428828276,1784362319.723727,1784362322.055656,1784362320.8896914,1.189034,0.254542,0.436496,-0.003786,0.005401,1,acq,20480,20480,0,16,True,False,1,1200000,8381618,False,-3677301,3672050,0,0,0,0,1,1,1784362319.723727
104,13,0,formal,down,37,6,1,0.4231031428828276,1784362334.762521,1784362337.096928,1784362335.9297245,1.194216,0.253499,0.434738,-0.003761,0.005412,1,acq,20480,20480,0,16,True,False,1,1200000,8381618,False,-3650709,3725488,0,0,0,0,1,1,1784362334.762521
105,13,1,formal,down,37,6,1,0.4231031428828276,1784362337.098391,1784362339.44506,1784362338.2717257,1.194154,0.253138,0.434297,-0.003724,0.005431,1,acq,20480,20480,0,16,True,False,1,1200000,8381618,False,-3627928,3707195,0,0,0,0,1,1,1784362337.098391
106,13,2,formal,down,37,6,1,0.4231031428828276,1784362339.4453871,1784362341.7684312,1784362340.6069093,1.19567,0.253159,0.434369,-0.003729,0.005397,1,acq,20480,20480,0,16,True,False,1,1200000,8381618,False,-3601505,3716088,0,0,0,0,1,1,1784362339.4453871
107,13,3,formal,down,37,6,1,0.4231031428828276,1784362341.7687922,1784362344.088734,1784362342.928763,1.197502,0.25334,0.434727,-0.00376,0.005426,1,acq,20480,20480,0,16,True,False,1,1200000,8381618,False,-3609889,3684668,0,0,0,0,1,1,1784362341.7687922
108,13,4,formal,down,37,6,1,0.4231031428828276,1784362344.088966,1784362346.408823,1784362345.2488945,1.196834,0.253031,0.434014,-0.00377,0.005399,1,acq,20480,20480,0,16,True,False,1,1200000,8381618,False,-3709228,3694153,0,0,0,0,1,1,1784362344.088966
109,13,5,formal,down,37,6,1,0.4231031428828276,1784362346.410273,1784362348.748956,1784362347.5796146,1.197694,0.252999,0.434145,-0.003811,0.005425,1,acq,20480,20480,0,16,True,False,1,1200000,8381618,False,-3677470,3705248,0,0,0,0,1,1,1784362346.410273
110,13,6,formal,down,37,6,1,0.4231031428828276,1784362348.749187,1784362351.082888,1784362349.9160376,1.197482,0.252691,0.433708,-0.003752,0.005457,1,acq,20480,20480,0,16,True,False,1,1200000,8381618,False,-3681535,3705248,0,0,0,0,1,1,1784362348.749187
111,13,7,formal,down,37,6,1,0.4231031428828276,1784362351.0833972,1784362353.409855,1784362352.246626,1.197957,0.252582,0.43361,-0.003804,0.005466,1,acq,20480,20480,0,16,True,False,1,1200000,8381618,False,-3635465,3720491,0,0,0,0,1,1,1784362351.0833972
112,14,0,formal,down,43,7,0,1.2064240000894193,1784362373.274621,1784362375.616278,1784362374.4454494,1.2,0.154383,0.26508,-0.003809,0.006035,1,acq,20480,20480,0,16,True,False,1,1200000,8381618,False,-2330600,2446198,0,0,0,0,1,1,1784362373.274621
113,14,1,formal,down,43,7,0,1.2064240000894193,1784362375.6178198,1784362377.943016,1784362376.780418,1.2,0.153985,0.264353,-0.003804,0.006019,1,acq,20480,20480,0,16,True,False,1,1200000,8381618,False,-2293930,2385223,0,0,0,0,1,1,1784362375.6178198
114,14,2,formal,down,43,7,0,1.2064240000894193,1784362377.943308,1784362380.270375,1784362379.1068416,1.2,0.153685,0.263945,-0.003862,0.00604,1,acq,20480,20480,0,16,True,False,1,1200000,8381618,False,-2290204,2382683,0,0,0,0,1,1,1784362377.943308
115,14,3,formal,down,43,7,0,1.2064240000894193,1784362380.2706308,1784362382.5976992,1784362381.434165,1.2,0.153356,0.263443,-0.003865,0.006069,1,acq,20480,20480,0,16,True,False,1,1200000,8381618,False,-2266830,2379295,0,0,0,0,1,1,1784362380.2706308
116,14,4,formal,down,43,7,0,1.2064240000894193,1784362382.5992918,1784362384.927606,1784362383.763449,1.2,0.153094,0.262903,-0.003857,0.005998,1,acq,20480,20480,0,16,True,False,1,1200000,8381618,False,-2207126,2374807,0,0,0,0,1,1,1784362382.5992918
117,14,5,formal,down,43,7,0,1.2064240000894193,1784362384.9278562,1784362387.268405,1784362386.0981307,1.2,0.152673,0.262206,-0.003852,0.006009,1,acq,20480,20480,0,16,True,False,1,1200000,8381618,False,-2303415,2330346,0,0,0,0,1,1,1784362384.9278562
118,14,6,formal,down,43,7,0,1.2064240000894193,1784362387.268637,1784362389.6039722,1784362388.4363046,1.2,0.15235,0.261846,-0.003825,0.006052,1,acq,20480,20480,0,16,True,False,1,1200000,8381618,False,-2300536,2303923,0,0,0,0,1,1,1784362387.268637
119,14,7,formal,down,43,7,0,1.2064240000894193,1784362389.604225,1784362391.9380312,1784362390.7711282,1.2,0.152175,0.261513,-0.003828,0.006028,1,acq,20480,20480,0,16,True,False,1,1200000,8381618,False,-2207634,2328568,0,0,0,0,1,1,1784362389.604225
120,15,0,formal,up,43,7,1,1.2064240000894193,1784362404.906602,1784362407.253081,1784362406.0798416,1.2,0.150727,0.25904,-0.003876,0.006029,1,acq,20480,20480,0,16,True,False,1,1200000,8381618,False,-2274706,2356938,0,0,0,0,1,1,1784362404.906602
121,15,1,formal,up,43,7,1,1.2064240000894193,1784362407.2537742,1784362409.5901928,1784362408.4219835,1.2,0.150654,0.259004,-0.003821,0.006052,1,acq,20480,20480,0,16,True,False,1,1200000,8381618,False,-2207888,2370657,0,0,0,0,1,1,1784362407.2537742
122,15,2,formal,up,43,7,1,1.2064240000894193,1784362409.590452,1784362411.9092638,1784362410.749858,1.2,0.150357,0.258621,-0.003854,0.006005,1,acq,20480,20480,0,16,True,False,1,1200000,8381618,False,-2211021,2319083,0,0,0,0,1,1,1784362409.590452
123,15,3,formal,up,43,7,1,1.2064240000894193,1784362411.9095092,1784362414.2509298,1784362413.0802195,1.2,0.15024,0.258323,-0.00385,0.006037,1,acq,20480,20480,0,16,True,False,1,1200000,8381618,False,-2251417,2271065,0,0,0,0,1,1,1784362411.9095092
124,15,4,formal,up,43,7,1,1.2064240000894193,1784362414.252361,1784362416.592947,1784362415.4226542,1.2,0.149896,0.25777,-0.003809,0.006025,1,acq,20480,20480,0,16,True,False,1,1200000,8381618,False,-2225418,2356853,0,0,0,0,1,1,1784362414.252361
125,15,5,formal,up,43,7,1,1.2064240000894193,1784362416.593225,1784362418.931416,1784362417.7623205,1.2,0.149774,0.257531,-0.003889,0.006032,1,acq,20480,20480,0,16,True,False,1,1200000,8381618,False,-2269286,2313493,0,0,0,0,1,1,1784362416.593225
126,15,6,formal,up,43,7,1,1.2064240000894193,1784362418.931656,1784362421.2609391,1784362420.0962975,1.2,0.149546,0.257253,-0.003877,0.006026,1,acq,20480,20480,0,16,True,False,1,1200000,8381618,False,-2242102,2287833,0,0,0,0,1,1,1784362418.931656
127,15,7,formal,up,43,7,1,1.2064240000894193,1784362421.262434,1784362423.5917718,1784362422.427103,1.2,0.149455,0.256993,-0.003833,0.006044,1,acq,20480,20480,0,16,True,False,1,1200000,8381618,False,-2218643,2355159,0,0,0,0,1,1,1784362421.262434
128,16,0,formal,up,48,8,0,1.859191381094913,1784362439.116742,1784362441.461071,1784362440.2889066,1.2,0.04089,0.070313,-0.002807,0.004897,1,acq,20480,20480,0,16,True,False,1,1200000,8381618,False,-715101,805717,0,0,0,0,1,1,1784362439.116742
129,16,1,formal,up,48,8,0,1.859191381094913,1784362441.462462,1784362443.787125,1784362442.6247935,1.2,0.040412,0.069448,-0.002868,0.004889,1,acq,20480,20480,0,16,True,False,1,1200000,8381618,False,-823671,838914,0,0,0,0,1,1,1784362441.462462
130,16,2,formal,up,48,8,0,1.859191381094913,1784362443.787595,1784362446.121981,1784362444.954788,1.2,0.039922,0.068716,-0.002839,0.004877,1,acq,20480,20480,0,16,True,False,1,1200000,8381618,False,-787509,830954,0,0,0,0,1,1,1784362443.787595
131,16,3,formal,up,48,8,0,1.859191381094913,1784362446.1222038,1784362448.461637,1784362447.2919204,1.2,0.039515,0.068038,-0.002811,0.004882,1,acq,20480,20480,0,16,True,False,1,1200000,8381618,False,-723655,859324,0,0,0,0,1,1,1784362446.1222038
132,16,4,formal,up,48,8,0,1.859191381094913,1784362448.462697,1784362450.800398,1784362449.6315475,1.2,0.039194,0.067498,-0.002847,0.004884,1,acq,20480,20480,0,16,True,False,1,1200000,8381618,False,-691812,775145,0,0,0,0,1,1,1784362448.462697
133,16,5,formal,up,48,8,0,1.859191381094913,1784362450.8006852,1784362453.13358,1784362451.9671326,1.2,0.038863,0.066906,-0.002843,0.00489,1,acq,20480,20480,0,16,True,False,1,1200000,8381618,False,-699265,810036,0,0,0,0,1,1,1784362450.8006852
134,16,6,formal,up,48,8,0,1.859191381094913,1784362453.13386,1784362455.46677,1784362454.300315,1.2,0.038553,0.066387,-0.002823,0.004867,1,acq,20480,20480,0,16,True,False,1,1200000,8381618,False,-678516,796063,0,0,0,0,1,1,1784362453.13386
135,16,7,formal,up,48,8,0,1.859191381094913,1784362455.467941,1784362457.8057332,1784362456.636837,1.2,0.038228,0.065798,-0.002818,0.004883,1,acq,20480,20480,0,16,True,False,1,1200000,8381618,False,-694607,817827,0,0,0,0,1,1,1784362455.467941
136,17,0,formal,down,48,8,1,1.859191381094913,1784362470.4801989,1784362472.8148181,1784362471.6475086,1.2,0.036339,0.062632,-0.002808,0.004838,1,acq,20480,20480,0,16,True,False,1,1200000,8381618,False,-630329,764220,0,0,0,0,1,1,1784362470.4801989
137,17,1,formal,down,48,8,1,1.859191381094913,1784362472.8158479,1784362475.144713,1784362473.9802804,1.2,0.036118,0.062203,-0.002795,0.004875,1,acq,20480,20480,0,16,True,False,1,1200000,8381618,False,-706378,859155,0,0,0,0,1,1,1784362472.8158479
138,17,2,formal,down,48,8,1,1.859191381094913,1784362475.1449869,1784362477.483489,1784362476.314238,1.2,0.035894,0.061817,-0.002823,0.004902,1,acq,20480,20480,0,16,True,False,1,1200000,8381618,False,-673858,775314,0,0,0,0,1,1,1784362475.1449869
139,17,3,formal,down,48,8,1,1.859191381094913,1784362477.4837198,1784362479.8250282,1784362478.6543741,1.2,0.035677,0.061477,-0.002814,0.004873,1,acq,20480,20480,0,16,True,False,1,1200000,8381618,False,-651416,714593,0,0,0,0,1,1,1784362477.4837198
140,17,4,formal,down,48,8,1,1.859191381094913,1784362479.8261812,1784362482.15033,1784362480.9882555,1.2,0.035379,0.061078,-0.002837,0.004854,1,acq,20480,20480,0,16,True,False,1,1200000,8381618,False,-627534,742540,0,0,0,0,1,1,1784362479.8261812
141,17,5,formal,down,48,8,1,1.859191381094913,1784362482.1506119,1784362484.4983811,1784362483.3244965,1.2,0.035195,0.060618,-0.002791,0.004841,1,acq,20480,20480,0,16,True,False,1,1200000,8381618,False,-618473,725433,0,0,0,0,1,1,1784362482.1506119
142,17,6,formal,down,48,8,1,1.859191381094913,1784362484.498614,1784362486.8251038,1784362485.661859,1.2,0.034907,0.060318,-0.002803,0.004901,1,acq,20480,20480,0,16,True,False,1,1200000,8381618,False,-625587,724840,0,0,0,0,1,1,1784362484.498614
143,17,7,formal,down,48,8,1,1.859191381094913,1784362486.825571,1784362489.15906,1784362487.9923155,1.2,0.034681,0.059902,-0.002816,0.004841,1,acq,20480,20480,0,16,True,False,1,1200000,8381618,False,-785731,913948,0,0,0,0,1,1,1784362486.825571
144,18,0,formal,down,32,9,0,-0.22966423812266612,1784362520.525559,1784362522.860863,1784362521.693211,0.955954,0.29284,0.501202,-0.001162,0.001254,1,acq,20480,20480,0,16,True,False,1,1200000,8381618,False,-4204396,4219809,0,0,0,0,1,1,1784362520.525559
145,18,1,formal,down,32,9,0,-0.22966423812266612,1784362522.862002,1784362525.201304,1784362524.031653,0.954063,0.292838,0.501174,-0.001185,0.001201,1,acq,20480,20480,0,16,True,False,1,1200000,8381618,False,-4156208,4204988,0,0,0,0,1,1,1784362522.862002
146,18,2,formal,down,32,9,0,-0.22966423812266612,1784362525.2024791,1784362527.517258,1784362526.3598685,0.952237,0.292767,0.501189,-0.001158,0.001172,1,acq,20480,20480,0,16,True,False,1,1200000,8381618,False,-4278667,4247671,0,0,0,0,1,1,1784362525.2024791
147,18,3,formal,down,32,9,0,-0.22966423812266612,1784362527.517581,1784362529.86378,1784362528.6906805,0.951086,0.292905,0.50147,-0.001173,0.001184,1,acq,20480,20480,0,16,True,False,1,1200000,8381618,False,-4164169,4197959,0,0,0,0,1,1,1784362527.517581
148,18,4,formal,down,32,9,0,-0.22966423812266612,1784362529.865036,1784362532.200329,1784362531.0326824,0.950107,0.293001,0.501685,-0.001164,0.001236,1,acq,20480,20480,0,16,True,False,1,1200000,8381618,False,-4191438,4190592,0,0,0,0,1,1,1784362529.865036
149,18,5,formal,down,32,9,0,-0.22966423812266612,1784362532.2006989,1784362534.543316,1784362533.3720074,0.949391,0.293146,0.502,-0.001166,0.001195,1,acq,20480,20480,0,16,True,False,1,1200000,8381618,False,-4185256,4216337,0,0,0,0,1,1,1784362532.2006989
150,18,6,formal,down,32,9,0,-0.22966423812266612,1784362534.543543,1784362536.894154,1784362535.7188487,0.947853,0.293046,0.501922,-0.001151,0.001195,1,acq,20480,20480,0,16,True,False,1,1200000,8381618,False,-4213034,4223958,0,0,0,0,1,1,1784362534.543543
151,18,7,formal,down,32,9,0,-0.22966423812266612,1784362536.8943942,1784362539.2253282,1784362538.0598612,0.946949,0.293203,0.502003,-0.001144,0.001162,1,acq,20480,20480,0,16,True,False,1,1200000,8381618,False,-4220317,4218369,0,0,0,0,1,1,1784362536.8943942
152,19,0,formal,up,32,9,1,-0.22966423812266612,1784362551.952618,1784362554.292125,1784362553.1223714,0.942411,0.29356,0.503008,-0.001204,0.001189,1,acq,20480,20480,0,16,True,False,1,1200000,8381618,False,-4236069,4230649,0,0,0,0,1,1,1784362551.952618
153,19,1,formal,up,32,9,1,-0.22966423812266612,1784362554.292416,1784362556.6382232,1784362555.4653196,0.94205,0.29361,0.503132,-0.001131,0.001146,1,acq,20480,20480,0,16,True,False,1,1200000,8381618,False,-4279005,4231242,0,0,0,0,1,1,1784362554.292416
154,19,2,formal,up,32,9,1,-0.22966423812266612,1784362556.63851,1784362558.984129,1784362557.8113194,0.940571,0.293403,0.502707,-0.001144,0.00109,1,acq,20480,20480,0,16,True,False,1,1200000,8381618,False,-4206852,4232681,0,0,0,0,1,1,1784362556.63851
155,19,3,formal,up,32,9,1,-0.22966423812266612,1784362558.9845388,1784362561.317153,1784362560.150846,0.941074,0.293805,0.503378,-0.001142,0.001133,1,acq,20480,20480,0,16,True,False,1,1200000,8381618,False,-4204396,4183393,0,0,0,0,1,1,1784362558.9845388
156,19,4,formal,up,32,9,1,-0.22966423812266612,1784362561.317398,1784362563.65024,1784362562.483819,0.940476,0.293811,0.503421,-0.001129,0.001124,1,acq,20480,20480,0,16,True,False,1,1200000,8381618,False,-4182800,4222603,0,0,0,0,1,1,1784362561.317398
157,19,5,formal,up,32,9,1,-0.22966423812266612,1784362563.650483,1784362565.995138,1784362564.8228104,0.939902,0.293741,0.503439,-0.001171,0.001116,1,acq,20480,20480,0,16,True,False,1,1200000,8381618,False,-4206852,4185256,0,0,0,0,1,1,1784362563.650483
158,19,6,formal,up,32,9,1,-0.22966423812266612,1784362565.9953852,1784362568.336459,1784362567.1659222,0.939272,0.293755,0.503468,-0.0011,0.001117,1,acq,20480,20480,0,16,True,False,1,1200000,8381618,False,-4184748,4205920,0,0,0,0,1,1,1784362565.9953852
159,19,7,formal,up,32,9,1,-0.22966423812266612,1784362568.336703,1784362570.669246,1784362569.5029745,0.938977,0.293925,0.503751,-0.001142,0.001108,1,acq,20480,20480,0,16,True,False,1,1200000,8381618,False,-4221248,4211594,0,0,0,0,1,1,1784362568.336703
160,20,0,formal,up,11,10,0,-2.971287238345739,1784362613.57486,1784362615.924629,1784362614.7497444,0.003897,0.033065,0.056575,0.002479,-0.004676,1,acq,20480,20480,0,16,True,False,1,1200000,8381618,False,-595777,531499,0,0,0,0,1,1,1784362613.57486
161,20,1,formal,up,11,10,0,-2.971287238345739,1784362615.925785,1784362618.252364,1784362617.0890746,0.003622,0.03211,0.054974,0.002485,-0.00466,1,acq,20480,20480,0,16,True,False,1,1200000,8381618,False,-575536,511682,0,0,0,0,1,1,1784362615.925785
162,20,2,formal,up,11,10,0,-2.971287238345739,1784362618.252625,1784362620.577379,1784362619.4150019,0.003379,0.031302,0.053581,0.002499,-0.00468,1,acq,20480,20480,0,16,True,False,1,1200000,8381618,False,-574859,500418,0,0,0,0,1,1,1784362618.252625
163,20,3,formal,up,11,10,0,-2.971287238345739,1784362620.5777001,1784362622.906519,1784362621.7421095,0.00317,0.030486,0.052177,0.002501,-0.004675,1,acq,20480,20480,0,16,True,False,1,1200000,8381618,False,-556651,497116,0,0,0,0,1,1,1784362620.5777001
164,20,4,formal,up,11,10,0,-2.971287238345739,1784362622.907596,1784362625.24078,1784362624.0741882,0.002935,0.029724,0.050783,0.002507,-0.004682,1,acq,20480,20480,0,16,True,False,1,1200000,8381618,False,-556058,482719,0,0,0,0,1,1,1784362622.907596
165,20,5,formal,up,11,10,0,-2.971287238345739,1784362625.241005,1784362627.575893,1784362626.408449,0.00274,0.028933,0.049595,0.002514,-0.004685,1,acq,20480,20480,0,16,True,False,1,1200000,8381618,False,-548521,473827,0,0,0,0,1,1,1784362625.241005
166,20,6,formal,up,11,10,0,-2.971287238345739,1784362627.576192,1784362629.914881,1784362628.7455363,0.002579,0.028277,0.048365,0.002526,-0.004678,1,acq,20480,20480,0,16,True,False,1,1200000,8381618,False,-513884,461462,0,0,0,0,1,1,1784362627.576192
167,20,7,formal,up,11,10,0,-2.971287238345739,1784362629.9151301,1784362632.25062,1784362631.082875,0.002376,0.02754,0.047151,0.002522,-0.004678,1,acq,20480,20480,0,16,True,False,1,1200000,8381618,False,-525909,457651,0,0,0,0,1,1,1784362629.9151301
168,21,0,formal,down,11,10,1,-2.971287238345739,1784362644.9333172,1784362647.274682,1784362646.1039996,0.001478,0.023676,0.040586,0.002549,-0.004693,1,acq,20480,20480,0,16,True,False,1,1200000,8381618,False,-464680,397523,0,0,0,0,1,1,1784362644.9333172
169,21,1,formal,down,11,10,1,-2.971287238345739,1784362647.275795,1784362649.617337,1784362648.446566,0.001373,0.023182,0.0397,0.002539,-0.004696,1,acq,20480,20480,0,16,True,False,1,1200000,8381618,False,-483904,394898,0,0,0,0,1,1,1784362647.275795
170,21,2,formal,down,11,10,1,-2.971287238345739,1784362649.61764,1784362651.9524539,1784362650.785047,0.001239,0.022595,0.038739,0.002551,-0.004699,1,acq,20480,20480,0,16,True,False,1,1200000,8381618,False,-461886,377368,0,0,0,0,1,1,1784362649.61764
171,21,3,formal,down,11,10,1,-2.971287238345739,1784362651.952944,1784362654.291167,1784362653.1220555,0.001146,0.022099,0.037851,0.002543,-0.00471,1,acq,20480,20480,0,16,True,False,1,1200000,8381618,False,-455703,373133,0,0,0,0,1,1,1784362651.952944
172,21,4,formal,down,11,10,1,-2.971287238345739,1784362654.291455,1784362656.62347,1784362655.4574625,0.00105,0.02159,0.036969,0.002556,-0.004711,1,acq,20480,20480,0,16,True,False,1,1200000,8381618,False,-438258,367374,0,0,0,0,1,1,1784362654.291455
173,21,5,formal,down,11,10,1,-2.971287238345739,1784362656.62377,1784362658.958116,1784362657.7909431,0.000944,0.021099,0.036114,0.002551,-0.004701,1,acq,20480,20480,0,16,True,False,1,1200000,8381618,False,-424538,356704,0,0,0,0,1,1,1784362656.62377
174,21,6,formal,down,11,10,1,-2.971287238345739,1784362658.959334,1784362661.2894778,1784362660.1244059,0.000854,0.020589,0.035278,0.002564,-0.004703,1,acq,20480,20480,0,16,True,False,1,1200000,8381618,False,-434193,354333,0,0,0,0,1,1,1784362658.959334
175,21,7,formal,down,11,10,1,-2.971287238345739,1784362661.289739,1784362663.6331332,1784362662.461436,0.000769,0.02008,0.034384,0.002564,-0.004698,1,acq,20480,20480,0,16,True,False,1,1200000,8381618,False,-417848,357889,0,0,0,0,1,1,1784362661.289739
176,22,0,formal,down,69,11,0,4.600814381317985,1784362758.277815,1784362760.616629,1784362759.447222,0.864761,-0.298769,-0.509227,-0.000346,0.00176,1,acq,20480,20480,0,16,True,False,1,1200000,8381618,False,-4205581,4291370,0,0,0,0,1,1,1784362758.277815
177,22,1,formal,down,69,11,0,4.600814381317985,1784362760.616867,1784362762.9531672,1784362761.785017,0.860823,-0.298795,-0.509164,-0.000314,0.001685,1,acq,20480,20480,0,16,True,False,1,1200000,8381618,False,-4175432,4305851,0,0,0,0,1,1,1784362760.616867
178,22,2,formal,down,69,11,0,4.600814381317985,1784362762.953483,1784362765.283988,1784362764.1187356,0.858898,-0.29915,-0.510056,-0.000297,0.001724,1,acq,20480,20480,0,16,True,False,1,1200000,8381618,False,-4201940,4343368,0,0,0,0,1,1,1784362762.953483
179,22,3,formal,down,69,11,0,4.600814381317985,1784362765.2842429,1784362767.611263,1784362766.447753,0.854692,-0.29888,-0.509439,-0.00029,0.001707,1,acq,20480,20480,0,16,True,False,1,1200000,8381618,False,-4174077,4295011,0,0,0,0,1,1,1784362765.2842429
180,22,4,formal,down,69,11,0,4.600814381317985,1784362767.6115048,1784362769.941233,1784362768.7763689,0.852317,-0.299109,-0.510047,-0.000256,0.001678,1,acq,20480,20480,0,16,True,False,1,1200000,8381618,False,-4239964,4320841,0,0,0,0,1,1,1784362767.6115048
181,22,5,formal,down,69,11,0,4.600814381317985,1784362769.941877,1784362772.2740428,1784362771.1079597,0.848901,-0.298954,-0.509834,-0.000253,0.001662,1,acq,20480,20480,0,16,True,False,1,1200000,8381618,False,-4177973,4285696,0,0,0,0,1,1,1784362769.941877
182,22,6,formal,down,69,11,0,4.600814381317985,1784362772.274396,1784362774.6075258,1784362773.440961,0.84702,-0.299329,-0.510429,-0.000234,0.001665,1,acq,20480,20480,0,16,True,False,1,1200000,8381618,False,-4217776,4329818,0,0,0,0,1,1,1784362772.274396
183,22,7,formal,down,69,11,0,4.600814381317985,1784362774.608039,1784362776.940861,1784362775.7744498,0.843366,-0.299017,-0.510045,-0.000207,0.001614,1,acq,20480,20480,0,16,True,False,1,1200000,8381618,False,-4207444,4322450,0,0,0,0,1,1,1784362774.608039
184,23,0,formal,up,69,11,1,4.600814381317985,1784362789.625283,1784362791.972929,1784362790.7991061,0.829951,-0.299743,-0.511234,-0.000202,0.001521,1,acq,20480,20480,0,16,True,False,1,1200000,8381618,False,-4206343,4283663,0,0,0,0,1,1,1784362789.625283
185,23,1,formal,up,69,11,1,4.600814381317985,1784362791.974049,1784362794.299215,1784362793.136632,0.827645,-0.299696,-0.511172,-0.000144,0.001506,1,acq,20480,20480,0,16,True,False,1,1200000,8381618,False,-4173146,4269436,0,0,0,0,1,1,1784362791.974049
186,23,2,formal,up,69,11,1,4.600814381317985,1784362794.299489,1784362796.640873,1784362795.470181,0.824579,-0.299443,-0.510811,-0.000159,0.001451,1,acq,20480,20480,0,16,True,False,1,1200000,8381618,False,-4212695,4299754,0,0,0,0,1,1,1784362794.299489
187,23,3,formal,up,69,11,1,4.600814381317985,1784362796.641524,1784362798.9732962,1784362797.8074102,0.823241,-0.299666,-0.511125,-0.000177,0.001446,1,acq,20480,20480,0,16,True,False,1,1200000,8381618,False,-4231496,4333798,0,0,0,0,1,1,1784362796.641524
188,23,4,formal,up,69,11,1,4.600814381317985,1784362798.974379,1784362801.3082612,1784362800.1413202,0.821121,-0.299566,-0.511036,-0.000109,0.001492,1,acq,20480,20480,0,16,True,False,1,1200000,8381618,False,-4197282,4310678,0,0,0,0,1,1,1784362798.974379
189,23,5,formal,up,69,11,1,4.600814381317985,1784362801.3084989,1784362803.6326342,1784362802.4705665,0.819308,-0.299638,-0.511154,-0.000129,0.001495,1,acq,20480,20480,0,16,True,False,1,1200000,8381618,False,-4179752,4311271,0,0,0,0,1,1,1784362801.3084989
190,23,6,formal,up,69,11,1,4.600814381317985,1784362803.6329,1784362805.974599,1784362804.8037496,0.817493,-0.299688,-0.511294,-0.000126,0.001448,1,acq,20480,20480,0,16,True,False,1,1200000,8381618,False,-4231580,4297298,0,0,0,0,1,1,1784362803.6329
191,23,7,formal,up,69,11,1,4.600814381317985,1784362805.9750028,1784362808.3179982,1784362807.1465006,0.815431,-0.299598,-0.511173,-7.9e-05,0.001423,1,acq,20480,20480,0,16,True,False,1,1200000,8381618,False,-4302464,4325414,0,0,0,0,1,1,1784362805.9750028
192,24,0,formal,up,56,12,0,2.9036191907037026,1784362838.2435331,1784362840.587281,1784362839.4154072,1.2,-0.155671,-0.266485,-0.001249,0.003497,1,acq,20480,20480,0,16,True,False,1,1200000,8381618,False,-6428459,2334072,0,0,0,0,1,1,1784362838.2435331
193,24,1,formal,up,56,12,0,2.9036191907037026,1784362840.5875342,1784362842.9272041,1784362841.757369,1.2,-0.155834,-0.266923,-0.001469,0.00333,1,acq,20480,20480,0,16,True,False,1,1200000,8381618,False,-2301129,2355413,0,0,0,0,1,1,1784362840.5875342
194,24,2,formal,up,56,12,0,2.9036191907037026,1784362842.9276538,1784362845.2441,1784362844.085877,1.2,-0.155752,-0.266917,-0.001452,0.00333,1,acq,20480,20480,0,16,True,False,1,1200000,8381618,False,-2287325,2336359,0,0,0,0,1,1,1784362842.9276538
195,24,3,formal,up,56,12,0,2.9036191907037026,1784362845.244329,1784362847.5745852,1784362846.4094572,1.2,-0.155518,-0.266698,-0.001432,0.003319,1,acq,20480,20480,0,16,True,False,1,1200000,8381618,False,-2286393,2384207,0,0,0,0,1,1,1784362845.244329
196,24,4,formal,up,56,12,0,2.9036191907037026,1784362847.574843,1784362849.9064379,1784362848.7406404,1.2,-0.155754,-0.266961,-0.001451,0.003308,1,acq,20480,20480,0,16,True,False,1,1200000,8381618,False,-2312816,2358632,0,0,0,0,1,1,1784362847.574843
197,24,5,formal,up,56,12,0,2.9036191907037026,1784362849.906654,1784362852.2499251,1784362851.0782895,1.2,-0.155631,-0.26702,-0.001456,0.003318,1,acq,20480,20480,0,16,True,False,1,1200000,8381618,False,-2287071,2480920,0,0,0,0,1,1,1784362849.906654
198,24,6,formal,up,56,12,0,2.9036191907037026,1784362852.250433,1784362854.5763981,1784362853.4134154,1.2,-0.155795,-0.267167,-0.001437,0.003354,1,acq,20480,20480,0,16,True,False,1,1200000,8381618,False,-2366338,2488373,0,0,0,0,1,1,1784362852.250433
199,24,7,formal,up,56,12,0,2.9036191907037026,1784362854.576619,1784362856.9097788,1784362855.7431989,1.2,-0.155884,-0.267375,-0.001441,0.003315,1,acq,20480,20480,0,16,True,False,1,1200000,8381618,False,-2257853,2376247,0,0,0,0,1,1,1784362854.576619
200,25,0,formal,down,56,12,1,2.9036191907037026,1784362869.633274,1784362871.968532,1784362870.800903,1.2,-0.156505,-0.268567,-0.001402,0.003297,1,acq,20480,20480,0,16,True,False,1,1200000,8381618,False,-2244219,2432818,0,0,0,0,1,1,1784362869.633274
201,25,1,formal,down,56,12,1,2.9036191907037026,1784362871.968794,1784362874.3102021,1784362873.1394982,1.2,-0.156685,-0.268897,-0.001418,0.003308,1,acq,20480,20480,0,16,True,False,1,1200000,8381618,False,-2279279,2358208,0,0,0,0,1,1,1784362871.968794
202,25,2,formal,down,56,12,1,2.9036191907037026,1784362874.3104692,1784362876.660327,1784362875.485398,1.2,-0.156801,-0.269093,-0.001406,0.003299,1,acq,20480,20480,0,16,True,False,1,1200000,8381618,False,-2285885,2384969,0,0,0,0,1,1,1784362874.3104692
203,25,3,formal,down,56,12,1,2.9036191907037026,1784362876.660606,1784362878.997378,1784362877.828992,1.2,-0.156845,-0.269343,-0.001433,0.003305,1,acq,20480,20480,0,16,True,False,1,1200000,8381618,False,-2343642,2424688,0,0,0,0,1,1,1784362876.660606
204,25,4,formal,down,56,12,1,2.9036191907037026,1784362878.997634,1784362881.3235872,1784362880.1606107,1.2,-0.157059,-0.269595,-0.001433,0.003303,1,acq,20480,20480,0,16,True,False,1,1200000,8381618,False,-2277840,2365407,0,0,0,0,1,1,1784362878.997634
205,25,5,formal,down,56,12,1,2.9036191907037026,1784362881.3238301,1784362883.6685162,1784362882.4961731,1.2,-0.157118,-0.269734,-0.001416,0.003298,1,acq,20480,20480,0,16,True,False,1,1200000,8381618,False,-2299350,2417066,0,0,0,0,1,1,1784362881.3238301
206,25,6,formal,down,56,12,1,2.9036191907037026,1784362883.668759,1784362886.0146,1784362884.8416796,1.2,-0.15714,-0.269859,-0.001403,0.003319,1,acq,20480,20480,0,16,True,False,1,1200000,8381618,False,-2357700,2481428,0,0,0,0,1,1,1784362883.668759
207,25,7,formal,down,56,12,1,2.9036191907037026,1784362886.015693,1784362888.3566341,1784362887.1861634,1.2,-0.157253,-0.270081,-0.001404,0.003281,1,acq,20480,20480,0,16,True,False,1,1200000,8381618,False,-2308920,2447977,0,0,0,0,1,1,1784362886.015693
208,26,0,formal,down,24,13,0,-1.2740920477314557,1784362942.721684,1784362945.063376,1784362943.89253,0.503132,0.27666,0.471815,-0.001497,0.000989,1,acq,20480,20480,0,16,True,False,1,1200000,8381618,False,-3962782,3969303,0,0,0,0,1,1,1784362942.721684
209,26,1,formal,down,24,13,0,-1.2740920477314557,1784362945.0644102,1784362947.403252,1784362946.233831,0.501146,0.276548,0.471749,-0.001426,0.000919,1,acq,20480,20480,0,16,True,False,1,1200000,8381618,False,-3932887,3947284,0,0,0,0,1,1,1784362945.0644102
210,26,2,formal,down,24,13,0,-1.2740920477314557,1784362947.403754,1784362949.747046,1784362948.5753999,0.498763,0.276112,0.471138,-0.001438,0.000917,1,acq,20480,20480,0,16,True,False,1,1200000,8381618,False,-3962528,4004957,0,0,0,0,1,1,1784362947.403754
211,26,3,formal,down,24,13,0,-1.2740920477314557,1784362949.747303,1784362952.0856268,1784362950.9164648,0.496427,0.275685,0.470354,-0.001433,0.000889,1,acq,20480,20480,0,16,True,False,1,1200000,8381618,False,-3920608,3947623,0,0,0,0,1,1,1784362949.747303
212,26,4,formal,down,24,13,0,-1.2740920477314557,1784362952.0858529,1784362954.424809,1784362953.255331,0.493799,0.275023,0.469355,-0.00142,0.000915,1,acq,20480,20480,0,16,True,False,1,1200000,8381618,False,-3936275,3955245,0,0,0,0,1,1,1784362952.0858529
213,26,5,formal,down,24,13,0,-1.2740920477314557,1784362954.425869,1784362956.757272,1784362955.5915704,0.492474,0.275026,0.469462,-0.001426,0.000925,1,acq,20480,20480,0,16,True,False,1,1200000,8381618,False,-3952704,3952958,0,0,0,0,1,1,1784362954.425869
214,26,6,formal,down,24,13,0,-1.2740920477314557,1784362956.757546,1784362959.082294,1784362957.91992,0.490234,0.274561,0.468566,-0.001369,0.000899,1,acq,20480,20480,0,16,True,False,1,1200000,8381618,False,-3914087,3968880,0,0,0,0,1,1,1784362956.757546
215,26,7,formal,down,24,13,0,-1.2740920477314557,1784362959.0828779,1784362961.4159648,1784362960.2494214,0.488986,0.274531,0.468606,-0.001369,0.000891,1,acq,20480,20480,0,16,True,False,1,1200000,8381618,False,-3915527,3918321,0,0,0,0,1,1,1784362959.0828779
216,27,0,formal,up,24,13,1,-1.2740920477314557,1784362974.108213,1784362976.4523609,1784362975.2802868,0.479401,0.272888,0.46605,-0.001346,0.000853,1,acq,20480,20480,0,16,True,False,1,1200000,8381618,False,-3905872,3903332,0,0,0,0,1,1,1784362974.108213
217,27,1,formal,up,24,13,1,-1.2740920477314557,1784362976.452886,1784362978.776233,1784362977.6145597,0.478383,0.272786,0.465919,-0.001365,0.000742,1,acq,20480,20480,0,16,True,False,1,1200000,8381618,False,-3893338,3921285,0,0,0,0,1,1,1784362976.452886
218,27,2,formal,up,24,13,1,-1.2740920477314557,1784362978.7764668,1784362981.118015,1784362979.9472408,0.476619,0.272338,0.465184,-0.001298,0.000749,1,acq,20480,20480,0,16,True,False,1,1200000,8381618,False,-3902993,3859972,0,0,0,0,1,1,1784362978.7764668
219,27,3,formal,up,24,13,1,-1.2740920477314557,1784362981.118269,1784362983.4407191,1784362982.279494,0.474999,0.27184,0.464376,-0.001296,0.000747,1,acq,20480,20480,0,16,True,False,1,1200000,8381618,False,-3906042,3908413,0,0,0,0,1,1,1784362981.118269
220,27,4,formal,up,24,13,1,-1.2740920477314557,1784362983.441849,1784362985.76099,1784362984.6014194,0.474593,0.272015,0.464876,-0.001373,0.00082,1,acq,20480,20480,0,16,True,False,1,1200000,8381618,False,-3888257,3921878,0,0,0,0,1,1,1784362983.441849
221,27,5,formal,up,24,13,1,-1.2740920477314557,1784362985.761632,1784362988.0826461,1784362986.9221392,0.473286,0.271814,0.464282,-0.001301,0.00078,1,acq,20480,20480,0,16,True,False,1,1200000,8381618,False,-3902993,3893931,0,0,0,0,1,1,1784362985.761632
222,27,6,formal,up,24,13,1,-1.2740920477314557,1784362988.082859,1784362990.4332428,1784362989.258051,0.472389,0.271676,0.464204,-0.001356,0.000734,1,acq,20480,20480,0,16,True,False,1,1200000,8381618,False,-3896726,3877333,0,0,0,0,1,1,1784362988.082859
223,27,7,formal,up,24,13,1,-1.2740920477314557,1784362990.43429,1784362992.769942,1784362991.602116,0.471063,0.2713,0.463645,-0.001319,0.000759,1,acq,20480,20480,0,16,True,False,1,1200000,8381618,False,-3879111,3916712,0,0,0,0,1,1,1784362990.43429
224,28,0,formal,up,25,14,0,-1.1435385715303568,1784363004.0506492,1784363006.383723,1784363005.217186,0.52208,0.280977,0.480234,-0.001782,0.00169,1,acq,20480,20480,0,16,True,False,1,1200000,8381618,False,-4004702,3994117,0,0,0,0,1,1,1784363004.0506492
225,28,1,formal,up,25,14,0,-1.1435385715303568,1784363006.384206,1784363008.711732,1784363007.5479689,0.521174,0.280713,0.479915,-0.001808,0.001638,1,acq,20480,20480,0,16,True,False,1,1200000,8381618,False,-4002077,4018253,0,0,0,0,1,1,1784363006.384206
226,28,2,formal,up,25,14,0,-1.1435385715303568,1784363008.7120168,1784363011.040894,1784363009.8764553,0.520799,0.28081,0.480121,-0.001771,0.001621,1,acq,20480,20480,0,16,True,False,1,1200000,8381618,False,-3990814,3994794,0,0,0,0,1,1,1784363008.7120168
227,28,3,formal,up,25,14,0,-1.1435385715303568,1784363011.041147,1784363013.365906,1784363012.2035265,0.519745,0.280507,0.479602,-0.001778,0.001633,1,acq,20480,20480,0,16,True,False,1,1200000,8381618,False,-3979635,4003771,0,0,0,0,1,1,1784363011.041147
228,28,4,formal,up,25,14,0,-1.1435385715303568,1784363013.367101,1784363015.6928,1784363014.5299506,0.518819,0.280284,0.479303,-0.001736,0.00166,1,acq,20480,20480,0,16,True,False,1,1200000,8381618,False,-4021894,4029601,0,0,0,0,1,1,1784363013.367101
229,28,5,formal,up,25,14,0,-1.1435385715303568,1784363015.6930509,1784363018.026227,1784363016.859639,0.518498,0.280397,0.479469,-0.001672,0.001602,1,acq,20480,20480,0,16,True,False,1,1200000,8381618,False,-3987342,3977433,0,0,0,0,1,1,1784363015.6930509
230,28,6,formal,up,25,14,0,-1.1435385715303568,1784363018.026457,1784363020.3472571,1784363019.1868572,0.517442,0.280128,0.479062,-0.001739,0.001654,1,acq,20480,20480,0,16,True,False,1,1200000,8381618,False,-4014865,4013425,0,0,0,0,1,1,1784363018.026457
231,28,7,formal,up,25,14,0,-1.1435385715303568,1784363020.348342,1784363022.6742752,1784363021.5113087,0.516694,0.279983,0.478861,-0.001674,0.001634,1,acq,20480,20480,0,16,True,False,1,1200000,8381618,False,-3999875,4032480,0,0,0,0,1,1,1784363020.348342
232,29,0,formal,down,25,14,1,-1.1435385715303568,1784363035.395537,1784363037.730717,1784363036.563127,0.512629,0.279468,0.478032,-0.001652,0.001641,1,acq,20480,20480,0,16,True,False,1,1200000,8381618,False,-3992592,3977010,0,0,0,0,1,1,1784363035.395537
233,29,1,formal,down,25,14,1,-1.1435385715303568,1784363037.731804,1784363040.0683572,1784363038.9000807,0.51238,0.279569,0.478215,-0.001596,0.001618,1,acq,20480,20480,0,16,True,False,1,1200000,8381618,False,-3964815,4003517,0,0,0,0,1,1,1784363037.731804
234,29,2,formal,down,25,14,1,-1.1435385715303568,1784363040.068595,1784363042.4073632,1784363041.237979,0.511276,0.279214,0.477689,-0.001616,0.001572,1,acq,20480,20480,0,16,True,False,1,1200000,8381618,False,-3980651,4029431,0,0,0,0,1,1,1784363040.068595
235,29,3,formal,down,25,14,1,-1.1435385715303568,1784363042.4076428,1784363044.750901,1784363043.5792718,0.51083,0.27928,0.477674,-0.001607,0.001587,1,acq,20480,20480,0,16,True,False,1,1200000,8381618,False,-3969472,3979635,0,0,0,0,1,1,1784363042.4076428
236,29,4,formal,down,25,14,1,-1.1435385715303568,1784363044.751991,1784363047.0829399,1784363045.9174654,0.510045,0.279043,0.477357,-0.001649,0.001619,1,acq,20480,20480,0,16,True,False,1,1200000,8381618,False,-4004364,4027145,0,0,0,0,1,1,1784363044.751991
237,29,5,formal,down,25,14,1,-1.1435385715303568,1784363047.083287,1784363049.4191449,1784363048.251216,0.509697,0.279049,0.477423,-0.001617,0.001596,1,acq,20480,20480,0,16,True,False,1,1200000,8381618,False,-4006566,3970489,0,0,0,0,1,1,1784363047.083287
238,29,6,formal,down,25,14,1,-1.1435385715303568,1784363049.4194171,1784363051.766463,1784363050.59294,0.509342,0.279099,0.477556,-0.00159,0.001585,1,acq,20480,20480,0,16,True,False,1,1200000,8381618,False,-4000807,3993778,0,0,0,0,1,1,1784363049.4194171
239,29,7,formal,down,25,14,1,-1.1435385715303568,1784363051.7670588,1784363054.08783,1784363052.9274445,0.50821,0.278688,0.476925,-0.001577,0.001595,1,acq,20480,20480,0,16,True,False,1,1200000,8381618,False,-3973453,4007328,0,0,0,0,1,1,1784363051.7670588
240,30,0,formal,down,55,15,0,2.7730657145026036,1784363108.405012,1784363110.7367759,1784363109.5708938,1.2,-0.116921,-0.200513,-0.001115,0.002821,1,acq,20480,20480,0,16,True,False,1,1200000,8381618,False,-1768106,1956705,0,0,0,0,1,1,1784363108.405012
241,30,1,formal,down,55,15,0,2.7730657145026036,1784363110.737865,1784363113.068737,1784363111.903301,1.2,-0.117614,-0.201854,-0.00106,0.002759,1,acq,20480,20480,0,16,True,False,1,1200000,8381618,False,-1706453,1833993,0,0,0,0,1,1,1784363110.737865
242,30,2,formal,down,55,15,0,2.7730657145026036,1784363113.069043,1784363115.40528,1784363114.2371616,1.2,-0.118362,-0.203109,-0.001068,0.002754,1,acq,20480,20480,0,16,True,False,1,1200000,8381618,False,-1773610,1855842,0,0,0,0,1,1,1784363113.069043
243,30,3,formal,down,55,15,0,2.7730657145026036,1784363115.405571,1784363117.749513,1784363116.5775418,1.2,-0.119058,-0.204403,-0.001015,0.002748,1,acq,20480,20480,0,16,True,False,1,1200000,8381618,False,-1784027,1901743,0,0,0,0,1,1,1784363115.405571
244,30,4,formal,down,55,15,0,2.7730657145026036,1784363117.750595,1784363120.086901,1784363118.918748,1.2,-0.119623,-0.205343,-0.001053,0.0027,1,acq,20480,20480,0,16,True,False,1,1200000,8381618,False,-1787414,1854063,0,0,0,0,1,1,1784363117.750595
245,30,5,formal,down,55,15,0,2.7730657145026036,1784363120.087349,1784363122.433702,1784363121.2605255,1.2,-0.120341,-0.206477,-0.000997,0.002734,1,acq,20480,20480,0,16,True,False,1,1200000,8381618,False,-1770477,1864903,0,0,0,0,1,1,1784363120.087349
246,30,6,formal,down,55,15,0,2.7730657145026036,1784363122.434029,1784363124.7600188,1784363123.597024,1.2,-0.120985,-0.207542,-0.001001,0.00275,1,acq,20480,20480,0,16,True,False,1,1200000,8381618,False,-1808756,1909110,0,0,0,0,1,1,1784363122.434029
247,30,7,formal,down,55,15,0,2.7730657145026036,1784363124.760245,1784363127.106886,1784363125.9335656,1.2,-0.121345,-0.208398,-0.001014,0.002659,1,acq,20480,20480,0,16,True,False,1,1200000,8381618,False,-1850337,1961871,0,0,0,0,1,1,1784363124.760245
248,31,0,formal,up,55,15,1,2.7730657145026036,1784363140.135083,1784363142.478322,1784363141.3067026,1.2,-0.124383,-0.213603,-0.000935,0.002605,1,acq,20480,20480,0,16,True,False,1,1200000,8381618,False,-1918511,1971186,0,0,0,0,1,1,1784363140.135083
249,31,1,formal,up,55,15,1,2.7730657145026036,1784363142.4794738,1784363144.805866,1784363143.64267,1.2,-0.124967,-0.214689,-0.000927,0.002612,1,acq,20480,20480,0,16,True,False,1,1200000,8381618,False,-1882349,1983889,0,0,0,0,1,1,1784363142.4794738
250,31,2,formal,up,55,15,1,2.7730657145026036,1784363144.806207,1784363147.1425989,1784363145.974403,1.2,-0.125224,-0.215034,-0.000936,0.00256,1,acq,20480,20480,0,16,True,False,1,1200000,8381618,False,-1896238,1973049,0,0,0,0,1,1,1784363144.806207
251,31,3,formal,up,55,15,1,2.7730657145026036,1784363147.142829,1784363149.467113,1784363148.304971,1.2,-0.125551,-0.215709,-0.00093,0.002594,1,acq,20480,20480,0,16,True,False,1,1200000,8381618,False,-1913683,1994391,0,0,0,0,1,1,1784363147.142829
252,31,4,formal,up,55,15,1,2.7730657145026036,1784363149.467368,1784363151.7992818,1784363150.6333249,1.2,-0.125999,-0.216335,-0.000927,0.002579,1,acq,20480,20480,0,16,True,False,1,1200000,8381618,False,-1882349,2029959,0,0,0,0,1,1,1784363149.467368
253,31,5,formal,up,55,15,1,2.7730657145026036,1784363151.79953,1784363154.132571,1784363152.9660506,1.2,-0.126409,-0.217178,-0.000926,0.002568,1,acq,20480,20480,0,16,True,False,1,1200000,8381618,False,-1964919,1959076,0,0,0,0,1,1,1784363151.79953
254,31,6,formal,up,55,15,1,2.7730657145026036,1784363154.133725,1784363156.48514,1784363155.3094325,1.2,-0.126797,-0.217898,-0.000914,0.002569,1,acq,20480,20480,0,16,True,False,1,1200000,8381618,False,-1859314,2024539,0,0,0,0,1,1,1784363154.133725
255,31,7,formal,up,55,15,1,2.7730657145026036,1784363156.4854422,1784363158.815437,1784363157.6504397,1.2,-0.127129,-0.218289,-0.000875,0.002588,1,acq,20480,20480,0,16,True,False,1,1200000,8381618,False,-1907162,2025132,0,0,0,0,1,1,1784363156.4854422
256,32,0,formal,up,64,16,0,3.948047000312492,1784363180.135596,1784363182.467863,1784363181.3017297,1.104163,-0.271662,-0.463613,-0.002306,0.005423,1,acq,20480,20480,0,16,True,False,1,1200000,8381618,False,-3841848,4015034,0,0,0,0,1,1,1784363180.135596
257,32,1,formal,up,64,16,0,3.948047000312492,1784363182.468957,1784363184.8092139,1784363183.6390853,1.103047,-0.272162,-0.464541,-0.002342,0.005438,1,acq,20480,20480,0,16,True,False,1,1200000,8381618,False,-3858024,3960072,0,0,0,0,1,1,1784363182.468957
258,32,2,formal,up,64,16,0,3.948047000312492,1784363184.809452,1784363187.1311948,1784363185.9703236,1.102127,-0.272501,-0.465414,-0.002383,0.005445,1,acq,20480,20480,0,16,True,False,1,1200000,8381618,False,-3840747,3981329,0,0,0,0,1,1,1784363184.809452
259,32,3,formal,up,64,16,0,3.948047000312492,1784363187.1314912,1784363189.464625,1784363188.298058,1.099657,-0.272686,-0.465531,-0.002335,0.005521,1,acq,20480,20480,0,16,True,False,1,1200000,8381618,False,-3885801,4009360,0,0,0,0,1,1,1784363187.1314912
260,32,4,formal,up,64,16,0,3.948047000312492,1784363189.464873,1784363191.797855,1784363190.6313639,1.098093,-0.27295,-0.46617,-0.002375,0.005473,1,acq,20480,20480,0,16,True,False,1,1200000,8381618,False,-3852519,3984632,0,0,0,0,1,1,1784363189.464873
261,32,5,formal,up,64,16,0,3.948047000312492,1784363191.7981062,1784363194.1334982,1784363192.9658022,1.097494,-0.273406,-0.467025,-0.002354,0.005443,1,acq,20480,20480,0,16,True,False,1,1200000,8381618,False,-3878603,4006227,0,0,0,0,1,1,1784363191.7981062
262,32,6,formal,up,64,16,0,3.948047000312492,1784363194.134576,1784363196.479549,1784363195.3070626,1.095902,-0.273654,-0.467507,-0.002354,0.005478,1,acq,20480,20480,0,16,True,False,1,1200000,8381618,False,-3880042,4012917,0,0,0,0,1,1,1784363194.134576
263,32,7,formal,up,64,16,0,3.948047000312492,1784363196.479774,1784363198.818163,1784363197.6489685,1.094138,-0.273759,-0.467728,-0.002307,0.005422,1,acq,20480,20480,0,16,True,False,1,1200000,8381618,False,-3852942,4046877,0,0,0,0,1,1,1784363196.479774
264,33,0,formal,down,64,16,1,3.948047000312492,1784363211.5077581,1784363213.848162,1784363212.67796,1.085912,-0.275103,-0.470158,-0.002379,0.005392,1,acq,20480,20480,0,16,True,False,1,1200000,8381618,False,-3893592,4014780,0,0,0,0,1,1,1784363211.5077581
265,33,1,formal,down,64,16,1,3.948047000312492,1784363213.849259,1784363216.188137,1784363215.018698,1.084885,-0.275407,-0.470617,-0.002337,0.005379,1,acq,20480,20480,0,16,True,False,1,1200000,8381618,False,-3928822,4002331,0,0,0,0,1,1,1784363213.849259
266,33,2,formal,down,64,16,1,3.948047000312492,1784363216.1883972,1784363218.512697,1784363217.350547,1.083557,-0.27546,-0.470829,-0.002304,0.005395,1,acq,20480,20480,0,16,True,False,1,1200000,8381618,False,-3900876,4030617,0,0,0,0,1,1,1784363216.1883972
267,33,3,formal,down,64,16,1,3.948047000312492,1784363218.513021,1784363220.8351529,1784363219.674087,1.082625,-0.27574,-0.471156,-0.002288,0.005367,1,acq,20480,20480,0,16,True,False,1,1200000,8381618,False,-3910699,4010546,0,0,0,0,1,1,1784363218.513021
268,33,4,formal,down,64,16,1,3.948047000312492,1784363220.8354108,1784363223.173423,1784363222.004417,1.08148,-0.275828,-0.47142,-0.002288,0.005394,1,acq,20480,20480,0,16,True,False,1,1200000,8381618,False,-3914849,3997419,0,0,0,0,1,1,1784363220.8354108
269,33,5,formal,down,64,16,1,3.948047000312492,1784363223.173684,1784363225.5087879,1784363224.3412359,1.080038,-0.275934,-0.471561,-0.002303,0.005378,1,acq,20480,20480,0,16,True,False,1,1200000,8381618,False,-3912224,4000045,0,0,0,0,1,1,1784363223.173684
270,33,6,formal,down,64,16,1,3.948047000312492,1784363225.5098891,1784363227.839574,1784363226.6747317,1.079303,-0.276041,-0.471979,-0.0023,0.005345,1,acq,20480,20480,0,16,True,False,1,1200000,8381618,False,-3888003,4009868,0,0,0,0,1,1,1784363225.5098891
271,33,7,formal,down,64,16,1,3.948047000312492,1784363227.839843,1784363230.165299,1784363229.002571,1.078247,-0.276288,-0.472248,-0.00231,0.005371,1,acq,20480,20480,0,16,True,False,1,1200000,8381618,False,-3917474,4052974,0,0,0,0,1,1,1784363227.839843
272,34,0,formal,down,16,17,0,-2.3185198573402452,1784363307.5760288,1784363309.9062028,1784363308.7411158,0.131071,0.164963,0.281354,0.002748,-0.005597,1,acq,20480,20480,0,16,True,False,1,1200000,8381618,False,-2422740,2349909,0,0,0,0,1,1,1784363307.5760288
273,34,1,formal,down,16,17,0,-2.3185198573402452,1784363309.907338,1784363312.2390778,1784363311.0732079,0.129388,0.16406,0.279908,0.002743,-0.005591,1,acq,20480,20480,0,16,True,False,1,1200000,8381618,False,-2404702,2328652,0,0,0,0,1,1,1784363309.907338
274,34,2,formal,down,16,17,0,-2.3185198573402452,1784363312.239348,1784363314.582848,1784363313.411098,0.127632,0.162959,0.27814,0.002771,-0.005573,1,acq,20480,20480,0,16,True,False,1,1200000,8381618,False,-2409952,2320183,0,0,0,0,1,1,1784363312.239348
275,34,3,formal,down,16,17,0,-2.3185198573402452,1784363314.5833,1784363316.9243178,1784363315.753809,0.126077,0.162117,0.276662,0.002767,-0.005571,1,acq,20480,20480,0,16,True,False,1,1200000,8381618,False,-2401822,2304178,0,0,0,0,1,1,1784363314.5833
276,34,4,formal,down,16,17,0,-2.3185198573402452,1784363316.9246342,1784363319.2680478,1784363318.0963411,0.124493,0.161061,0.274939,0.002754,-0.005572,1,acq,20480,20480,0,16,True,False,1,1200000,8381618,False,-2366846,2286393,0,0,0,0,1,1,1784363316.9246342
277,34,5,formal,down,16,17,0,-2.3185198573402452,1784363319.2682729,1784363321.6138082,1784363320.4410405,0.12325,0.160396,0.273815,0.002769,-0.005594,1,acq,20480,20480,0,16,True,False,1,1200000,8381618,False,-2374553,2280465,0,0,0,0,1,1,1784363319.2682729
278,34,6,formal,down,16,17,0,-2.3185198573402452,1784363321.614073,1784363323.945805,1784363322.7799392,0.121923,0.159601,0.2725,0.002788,-0.005584,1,acq,20480,20480,0,16,True,False,1,1200000,8381618,False,-2357954,2263358,0,0,0,0,1,1,1784363321.614073
279,34,7,formal,down,16,17,0,-2.3185198573402452,1784363323.946013,1784363326.287926,1784363325.1169696,0.12062,0.15878,0.271088,0.002794,-0.005585,1,acq,20480,20480,0,16,True,False,1,1200000,8381618,False,-2343981,2263612,0,0,0,0,1,1,1784363323.946013
280,35,0,formal,up,16,17,1,-2.3185198573402452,1784363339.0059562,1784363341.348214,1784363340.177085,0.113735,0.154559,0.264118,0.002797,-0.005567,1,acq,20480,20480,0,16,True,False,1,1200000,8381618,False,-2289357,2198403,0,0,0,0,1,1,1784363339.0059562
281,35,1,formal,up,16,17,1,-2.3185198573402452,1784363341.349356,1784363343.6891,1784363342.519228,0.112759,0.153915,0.262959,0.002788,-0.005575,1,acq,20480,20480,0,16,True,False,1,1200000,8381618,False,-2312562,2184260,0,0,0,0,1,1,1784363341.349356
282,35,2,formal,up,16,17,1,-2.3185198573402452,1784363343.6893718,1784363346.0219781,1784363344.855675,0.111887,0.153417,0.262113,0.002782,-0.005579,1,acq,20480,20480,0,16,True,False,1,1200000,8381618,False,-2266915,2175537,0,0,0,0,1,1,1784363343.6893718
283,35,3,formal,up,16,17,1,-2.3185198573402452,1784363346.022211,1784363348.352064,1784363347.1871376,0.111058,0.152891,0.261298,0.002804,-0.005569,1,acq,20480,20480,0,16,True,False,1,1200000,8381618,False,-2277840,2176299,0,0,0,0,1,1,1784363346.022211
284,35,4,formal,up,16,17,1,-2.3185198573402452,1784363348.3525171,1784363350.691666,1784363349.5220914,0.110218,0.152383,0.260387,0.002787,-0.005579,1,acq,20480,20480,0,16,True,False,1,1200000,8381618,False,-2256837,2169778,0,0,0,0,1,1,1784363348.3525171
285,35,5,formal,up,16,17,1,-2.3185198573402452,1784363350.691913,1784363353.027803,1784363351.859858,0.109465,0.152,0.259653,0.002804,-0.005571,1,acq,20480,20480,0,16,True,False,1,1200000,8381618,False,-2254042,2151063,0,0,0,0,1,1,1784363350.691913
286,35,6,formal,up,16,17,1,-2.3185198573402452,1784363353.028047,1784363355.375479,1784363354.2017632,0.108675,0.151485,0.258827,0.002807,-0.005595,1,acq,20480,20480,0,16,True,False,1,1200000,8381618,False,-2273351,2142763,0,0,0,0,1,1,1784363353.028047
287,35,7,formal,up,16,17,1,-2.3185198573402452,1784363355.375722,1784363357.7083259,1784363356.542024,0.107781,0.15076,0.257696,0.002829,-0.005579,1,acq,20480,20480,0,16,True,False,1,1200000,8381618,False,-2253534,2151063,0,0,0,0,1,1,1784363355.375722
288,36,0,formal,up,35,18,0,0.16199619048062974,1784363393.4070468,1784363395.7527559,1784363394.5799012,1.104934,0.270721,0.463127,-0.001377,0.001094,1,acq,20480,20480,0,16,True,False,1,1200000,8381618,False,-3911970,3891391,0,0,0,0,1,1,1784363393.4070468
289,36,1,formal,up,35,18,0,0.16199619048062974,1784363395.753868,1784363398.081316,1784363396.917592,1.105617,0.270467,0.462834,-0.001332,0.001054,1,acq,20480,20480,0,16,True,False,1,1200000,8381618,False,-3941017,3895202,0,0,0,0,1,1,1784363395.753868
290,36,2,formal,up,35,18,0,0.16199619048062974,1784363398.0815942,1784363400.420337,1784363399.2509656,1.105724,0.270093,0.46207,-0.001354,0.00104,1,acq,20480,20480,0,16,True,False,1,1200000,8381618,False,-3918745,3944998,0,0,0,0,1,1,1784363398.0815942
291,36,3,formal,up,35,18,0,0.16199619048062974,1784363400.420584,1784363402.74036,1784363401.580472,1.107678,0.270152,0.462458,-0.001317,0.001068,1,acq,20480,20480,0,16,True,False,1,1200000,8381618,False,-3925943,3885208,0,0,0,0,1,1,1784363400.420584
292,36,4,formal,up,35,18,0,0.16199619048062974,1784363402.740591,1784363405.0839,1784363403.9122455,1.109087,0.270218,0.462691,-0.001384,0.001058,1,acq,20480,20480,0,16,True,False,1,1200000,8381618,False,-3936444,3890544,0,0,0,0,1,1,1784363402.740591
293,36,5,formal,up,35,18,0,0.16199619048062974,1784363405.084956,1784363407.431883,1784363406.2584195,1.109274,0.270058,0.462318,-0.001345,0.001079,1,acq,20480,20480,0,16,True,False,1,1200000,8381618,False,-3902231,3915273,0,0,0,0,1,1,1784363405.084956
294,36,6,formal,up,35,18,0,0.16199619048062974,1784363407.432151,1784363409.7723641,1784363408.6022577,1.10967,0.269801,0.462129,-0.001395,0.001128,1,acq,20480,20480,0,16,True,False,1,1200000,8381618,False,-3925096,3950248,0,0,0,0,1,1,1784363407.432151
295,36,7,formal,up,35,18,0,0.16199619048062974,1784363409.772575,1784363412.1139772,1784363410.943276,1.110136,0.269686,0.461992,-0.001306,0.001101,1,acq,20480,20480,0,16,True,False,1,1200000,8381618,False,-3922132,3900706,0,0,0,0,1,1,1784363409.772575
296,37,0,formal,down,35,18,1,0.16199619048062974,1784363424.821137,1784363427.155031,1784363425.9880838,1.112504,0.269258,0.461457,-0.001358,0.001072,1,acq,20480,20480,0,16,True,False,1,1200000,8381618,False,-3902654,3871150,0,0,0,0,1,1,1784363424.821137
297,37,1,formal,down,35,18,1,0.16199619048062974,1784363427.15618,1784363429.490218,1784363428.3231988,1.113234,0.269366,0.461714,-0.001325,0.001064,1,acq,20480,20480,0,16,True,False,1,1200000,8381618,False,-3909429,3905703,0,0,0,0,1,1,1784363427.15618
298,37,2,formal,down,35,18,1,0.16199619048062974,1784363429.490442,1784363431.8303769,1784363430.6604095,1.112875,0.269183,0.46137,-0.001305,0.001108,1,acq,20480,20480,0,16,True,False,1,1200000,8381618,False,-3939917,3909768,0,0,0,0,1,1,1784363429.490442
299,37,3,formal,down,35,18,1,0.16199619048062974,1784363431.8307142,1784363434.17332,1784363433.002017,1.112397,0.268914,0.461021,-0.001373,0.001068,1,acq,20480,20480,0,16,True,False,1,1200000,8381618,False,-3912562,3988019,0,0,0,0,1,1,1784363431.8307142
300,37,4,formal,down,35,18,1,0.16199619048062974,1784363434.174401,1784363436.503552,1784363435.3389764,1.113262,0.26909,0.461277,-0.001366,0.001076,1,acq,20480,20480,0,16,True,False,1,1200000,8381618,False,-3889782,3887834,0,0,0,0,1,1,1784363434.174401
301,37,5,formal,down,35,18,1,0.16199619048062974,1784363436.503988,1784363438.836839,1784363437.6704135,1.112963,0.268981,0.461065,-0.001339,0.001056,1,acq,20480,20480,0,16,True,False,1,1200000,8381618,False,-3890205,3882160,0,0,0,0,1,1,1784363436.503988
302,37,6,formal,down,35,18,1,0.16199619048062974,1784363438.837097,1784363441.174989,1784363440.006043,1.112941,0.268879,0.460942,-0.001371,0.001089,1,acq,20480,20480,0,16,True,False,1,1200000,8381618,False,-3861665,3921285,0,0,0,0,1,1,1784363438.837097
303,37,7,formal,down,35,18,1,0.16199619048062974,1784363441.175241,1784363443.520628,1784363442.3479345,1.112923,0.268815,0.460867,-0.001356,0.001105,1,acq,20480,20480,0,16,True,False,1,1200000,8381618,False,-3912732,3893169,0,0,0,0,1,1,1784363441.175241
304,38,0,formal,down,45,19,0,1.4675309524916171,1784363470.5861251,1784363472.923157,1784363471.754641,1.2,0.105831,0.181855,-0.00212,0.003521,1,acq,20480,20480,0,16,True,False,1,1200000,8381618,False,-1639127,1646240,0,0,0,0,1,1,1784363470.5861251
305,38,1,formal,down,45,19,0,1.4675309524916171,1784363472.924222,1784363475.258076,1784363474.0911489,1.2,0.105399,0.181041,-0.002128,0.00353,1,acq,20480,20480,0,16,True,False,1,1200000,8381618,False,-1681470,1720173,0,0,0,0,1,1,1784363472.924222
306,38,2,formal,down,45,19,0,1.4675309524916171,1784363475.258316,1784363477.598573,1784363476.4284444,1.2,0.104902,0.18025,-0.002104,0.003511,1,acq,20480,20480,0,16,True,False,1,1200000,8381618,False,-1613297,1695698,0,0,0,0,1,1,1784363475.258316
307,38,3,formal,down,45,19,0,1.4675309524916171,1784363477.5988102,1784363479.9217842,1784363478.7602973,1.2,0.104465,0.17957,-0.002091,0.003478,1,acq,20480,20480,0,16,True,False,1,1200000,8381618,False,-1637941,1721612,0,0,0,0,1,1,1784363477.5988102
308,38,4,formal,down,45,19,0,1.4675309524916171,1784363479.922148,1784363482.260017,1784363481.0910826,1.2,0.104099,0.17903,-0.00211,0.003523,1,acq,20480,20480,0,16,True,False,1,1200000,8381618,False,-1584927,1676135,0,0,0,0,1,1,1784363479.922148
309,38,5,formal,down,45,19,0,1.4675309524916171,1784363482.2602592,1784363484.591829,1784363483.426044,1.2,0.103821,0.178547,-0.002122,0.003551,1,acq,20480,20480,0,16,True,False,1,1200000,8381618,False,-1575103,1734315,0,0,0,0,1,1,1784363482.2602592
310,38,6,formal,down,45,19,0,1.4675309524916171,1784363484.592119,1784363486.928608,1784363485.7603636,1.2,0.103473,0.177951,-0.002096,0.003539,1,acq,20480,20480,0,16,True,False,1,1200000,8381618,False,-1656742,1645139,0,0,0,0,1,1,1784363484.592119
311,38,7,formal,down,45,19,0,1.4675309524916171,1784363486.928962,1784363489.254875,1784363488.0919185,1.2,0.103283,0.177578,-0.002137,0.003518,1,acq,20480,20480,0,16,True,False,1,1200000,8381618,False,-1565279,1630997,0,0,0,0,1,1,1784363486.928962
312,39,0,formal,up,45,19,1,1.4675309524916171,1784363501.94718,1784363504.281309,1784363503.1142445,1.2,0.101649,0.174902,-0.002116,0.003561,1,acq,20480,20480,0,16,True,False,1,1200000,8381618,False,-1635316,1700186,0,0,0,0,1,1,1784363501.94718
313,39,1,formal,up,45,19,1,1.4675309524916171,1784363504.281754,1784363506.6073012,1784363505.4445276,1.2,0.101388,0.174472,-0.002149,0.00357,1,acq,20480,20480,0,16,True,False,1,1200000,8381618,False,-1545039,1653523,0,0,0,0,1,1,1784363504.281754
314,39,2,formal,up,45,19,1,1.4675309524916171,1784363506.607556,1784363508.9509718,1784363507.779264,1.2,0.101173,0.174195,-0.002139,0.003599,1,acq,20480,20480,0,16,True,False,1,1200000,8381618,False,-1543599,1680285,0,0,0,0,1,1,1784363506.607556
315,39,3,formal,up,45,19,1,1.4675309524916171,1784363508.9512188,1784363511.290657,1784363510.1209378,1.2,0.100973,0.17381,-0.002116,0.003577,1,acq,20480,20480,0,16,True,False,1,1200000,8381618,False,-1559774,1645055,0,0,0,0,1,1,1784363508.9512188
316,39,4,formal,up,45,19,1,1.4675309524916171,1784363511.2909172,1784363513.6307142,1784363512.4608157,1.2,0.100754,0.173455,-0.002156,0.003562,1,acq,20480,20480,0,16,True,False,1,1200000,8381618,False,-1535215,1609909,0,0,0,0,1,1,1784363511.2909172
317,39,5,formal,up,45,19,1,1.4675309524916171,1784363513.630953,1784363515.967344,1784363514.7991486,1.2,0.100634,0.173303,-0.002135,0.003598,1,acq,20480,20480,0,16,True,False,1,1200000,8381618,False,-1553592,1577474,0,0,0,0,1,1,1784363513.630953
318,39,6,formal,up,45,19,1,1.4675309524916171,1784363515.9675908,1784363518.305465,1784363517.136528,1.2,0.10043,0.17294,-0.002179,0.003567,1,acq,20480,20480,0,16,True,False,1,1200000,8381618,False,-1575272,1639889,0,0,0,0,1,1,1784363515.9675908
319,39,7,formal,up,45,19,1,1.4675309524916171,1784363518.306611,1784363520.634618,1784363519.4706144,1.2,0.100209,0.172544,-0.002155,0.003584,1,acq,20480,20480,0,16,True,False,1,1200000,8381618,False,-1562992,1660976,0,0,0,0,1,1,1784363518.306611
320,40,0,formal,up,58,20,0,3.1647261431059004,1784363547.661067,1784363550.006295,1784363548.833681,1.2,-0.184439,-0.315732,-0.00305,0.006294,1,acq,20480,20480,0,16,True,False,1,1200000,8381618,False,-2651735,2812048,0,0,0,0,1,1,1784363547.661067
321,40,1,formal,up,58,20,0,3.1647261431059004,1784363550.007364,1784363552.34263,1784363551.1749969,1.2,-0.185102,-0.316912,-0.003025,0.006311,1,acq,20480,20480,0,16,True,False,1,1200000,8381618,False,-2652582,2764539,0,0,0,0,1,1,1784363550.007364
322,40,2,formal,up,58,20,0,3.1647261431059004,1784363552.342861,1784363554.670509,1784363553.506685,1.2,-0.185778,-0.318117,-0.003077,0.006274,1,acq,20480,20480,0,16,True,False,1,1200000,8381618,False,-2684424,2823397,0,0,0,0,1,1,1784363552.342861
323,40,3,formal,up,58,20,0,3.1647261431059004,1784363554.670778,1784363557.01278,1784363555.841779,1.2,-0.186105,-0.31872,-0.003075,0.006243,1,acq,20480,20480,0,16,True,False,1,1200000,8381618,False,-2677903,2810524,0,0,0,0,1,1,1784363554.670778
324,40,4,formal,up,58,20,0,3.1647261431059004,1784363557.0131872,1784363559.336042,1784363558.1746144,1.2,-0.186751,-0.319793,-0.003077,0.006306,1,acq,20480,20480,0,16,True,False,1,1200000,8381618,False,-2747178,2816876,0,0,0,0,1,1,1784363557.0131872
325,40,5,formal,up,58,20,0,3.1647261431059004,1784363559.336271,1784363561.664452,1784363560.5003614,1.2,-0.187199,-0.320583,-0.003067,0.006266,1,acq,20480,20480,0,16,True,False,1,1200000,8381618,False,-2685441,2905459,0,0,0,0,1,1,1784363559.336271
326,40,6,formal,up,58,20,0,3.1647261431059004,1784363561.664667,1784363563.998801,1784363562.831734,1.2,-0.187682,-0.32145,-0.003027,0.006289,1,acq,20480,20480,0,16,True,False,1,1200000,8381618,False,-2679343,2865402,0,0,0,0,1,1,1784363561.664667
327,40,7,formal,up,58,20,0,3.1647261431059004,1784363563.9990542,1784363566.3195379,1784363565.159296,1.2,-0.188014,-0.322069,-0.003059,0.006297,1,acq,20480,20480,0,16,True,False,1,1200000,8381618,False,-2705257,2864809,0,0,0,0,1,1,1784363563.9990542
328,41,0,formal,down,58,20,1,3.1647261431059004,1784363578.986537,1784363581.328146,1784363580.1573415,1.2,-0.190196,-0.325946,-0.003105,0.006252,1,acq,20480,20480,0,16,True,False,1,1200000,8381618,False,-2740403,2945262,0,0,0,0,1,1,1784363578.986537
329,41,1,formal,down,58,20,1,3.1647261431059004,1784363581.328664,1784363583.665057,1784363582.4968605,1.2,-0.190674,-0.32682,-0.003106,0.006313,1,acq,20480,20480,0,16,True,False,1,1200000,8381618,False,-2776310,2890893,0,0,0,0,1,1,1784363581.328664
330,41,2,formal,down,58,20,1,3.1647261431059004,1784363583.6652968,1784363585.9942532,1784363584.8297749,1.2,-0.190994,-0.327386,-0.003078,0.006314,1,acq,20480,20480,0,16,True,False,1,1200000,8381618,False,-2752428,2887251,0,0,0,0,1,1,1784363583.6652968
331,41,3,formal,down,58,20,1,3.1647261431059004,1784363585.994483,1784363588.321569,1784363587.158026,1.2,-0.191241,-0.327833,-0.00306,0.006255,1,acq,20480,20480,0,16,True,False,1,1200000,8381618,False,-2754037,2919178,0,0,0,0,1,1,1784363585.994483
332,41,4,formal,down,58,20,1,3.1647261431059004,1784363588.322809,1784363590.663104,1784363589.4929566,1.2,-0.191637,-0.32855,-0.003075,0.006328,1,acq,20480,20480,0,16,True,False,1,1200000,8381618,False,-2736931,2924259,0,0,0,0,1,1,1784363588.322809
333,41,5,formal,down,58,20,1,3.1647261431059004,1784363590.663338,1784363592.996202,1784363591.82977,1.2,-0.191947,-0.32903,-0.003048,0.006334,1,acq,20480,20480,0,16,True,False,1,1200000,8381618,False,-2759373,2942721,0,0,0,0,1,1,1784363590.663338
334,41,6,formal,down,58,20,1,3.1647261431059004,1784363592.9964328,1784363595.338918,1784363594.1676755,1.2,-0.192234,-0.329485,-0.003053,0.00631,1,acq,20480,20480,0,16,True,False,1,1200000,8381618,False,-2811456,2961268,0,0,0,0,1,1,1784363592.9964328
335,41,7,formal,down,58,20,1,3.1647261431059004,1784363595.339991,1784363597.678321,1784363596.509156,1.2,-0.192483,-0.329812,-0.003055,0.00632,1,acq,20480,20480,0,16,True,False,1,1200000,8381618,False,-2766148,2896313,0,0,0,0,1,1,1784363595.339991
336,42,0,formal,down,22,21,0,-1.535199000133653,1784363659.2143931,1784363661.554911,1784363660.3846521,0.394238,0.257061,0.438127,0.002408,-0.005259,1,acq,20480,20480,0,16,True,False,1,1200000,8381618,False,-3697541,3655705,0,0,0,0,1,1,1784363659.2143931
337,42,1,formal,down,22,21,0,-1.535199000133653,1784363661.556014,1784363663.888507,1784363662.7222605,0.391934,0.256566,0.437394,0.002439,-0.005259,1,acq,20480,20480,0,16,True,False,1,1200000,8381618,False,-3684076,3614971,0,0,0,0,1,1,1784363661.556014
338,42,2,formal,down,22,21,0,-1.535199000133653,1784363663.8887491,1784363666.220059,1784363665.054404,0.38972,0.256072,0.436517,0.002419,-0.005293,1,acq,20480,20480,0,16,True,False,1,1200000,8381618,False,-3726927,3618528,0,0,0,0,1,1,1784363663.8887491
339,42,3,formal,down,22,21,0,-1.535199000133653,1784363666.220289,1784363668.551425,1784363667.385857,0.387899,0.255677,0.435972,0.002428,-0.005296,1,acq,20480,20480,0,16,True,False,1,1200000,8381618,False,-3687548,3615733,0,0,0,0,1,1,1784363666.220289
340,42,4,formal,down,22,21,0,-1.535199000133653,1784363668.552456,1784363670.8804202,1784363669.716438,0.385817,0.255013,0.435006,0.00245,-0.005245,1,acq,20480,20480,0,16,True,False,1,1200000,8381618,False,-3673744,3608365,0,0,0,0,1,1,1784363668.552456
341,42,5,formal,down,22,21,0,-1.535199000133653,1784363670.880695,1784363673.223317,1784363672.052006,0.384177,0.254754,0.434572,0.002428,-0.005323,1,acq,20480,20480,0,16,True,False,1,1200000,8381618,False,-3689326,3602776,0,0,0,0,1,1,1784363670.880695
342,42,6,formal,down,22,21,0,-1.535199000133653,1784363673.223549,1784363675.566263,1784363674.394906,0.382479,0.254385,0.433839,0.002414,-0.0053,1,acq,20480,20480,0,16,True,False,1,1200000,8381618,False,-3664005,3588802,0,0,0,0,1,1,1784363673.223549
343,42,7,formal,down,22,21,0,-1.535199000133653,1784363675.566724,1784363677.888337,1784363676.7275305,0.380649,0.253822,0.433012,0.002466,-0.005298,1,acq,20480,20480,0,16,True,False,1,1200000,8381618,False,-3670949,3596255,0,0,0,0,1,1,1784363675.566724
344,43,0,formal,up,22,21,1,-1.535199000133653,1784363690.630334,1784363692.981889,1784363691.8061113,0.372134,0.252022,0.430093,0.002485,-0.005316,1,acq,20480,20480,0,16,True,False,1,1200000,8381618,False,-3640885,3546204,0,0,0,0,1,1,1784363690.630334
345,43,1,formal,up,22,21,1,-1.535199000133653,1784363692.982433,1784363695.322041,1784363694.152237,0.370963,0.25166,0.429482,0.002453,-0.00533,1,acq,20480,20480,0,16,True,False,1,1200000,8381618,False,-3631823,3571611,0,0,0,0,1,1,1784363692.982433
346,43,2,formal,up,22,21,1,-1.535199000133653,1784363695.322304,1784363697.663448,1784363696.492876,0.36985,0.25145,0.429193,0.002449,-0.00533,1,acq,20480,20480,0,16,True,False,1,1200000,8381618,False,-3638514,3539768,0,0,0,0,1,1,1784363695.322304
347,43,3,formal,up,22,21,1,-1.535199000133653,1784363697.663931,1784363699.996726,1784363698.8303285,0.368643,0.251153,0.428578,0.002472,-0.005366,1,acq,20480,20480,0,16,True,False,1,1200000,8381618,False,-3627674,3530283,0,0,0,0,1,1,1784363697.663931
348,43,4,formal,up,22,21,1,-1.535199000133653,1784363699.9978912,1784363702.325911,1784363701.161901,0.367412,0.250658,0.427954,0.002495,-0.005298,1,acq,20480,20480,0,16,True,False,1,1200000,8381618,False,-3628775,3550100,0,0,0,0,1,1,1784363699.9978912
349,43,5,formal,up,22,21,1,-1.535199000133653,1784363702.326297,1784363704.6649501,1784363703.4956236,0.366349,0.250436,0.427437,0.002494,-0.005366,1,acq,20480,20480,0,16,True,False,1,1200000,8381618,False,-3615394,3552133,0,0,0,0,1,1,1784363702.326297
350,43,6,formal,up,22,21,1,-1.535199000133653,1784363704.665183,1784363707.006409,1784363705.8357959,0.365404,0.250329,0.427308,0.002433,-0.005347,1,acq,20480,20480,0,16,True,False,1,1200000,8381618,False,-3630977,3537143,0,0,0,0,1,1,1784363704.665183
351,43,7,formal,up,22,21,1,-1.535199000133653,1784363707.006845,1784363709.337448,1784363708.1721463,0.364314,0.249927,0.42667,0.00252,-0.005326,1,acq,20480,20480,0,16,True,False,1,1200000,8381618,False,-3613192,3529606,0,0,0,0,1,1,1784363707.006845
352,44,0,formal,up,39,22,0,0.6842100952850245,1784363742.17065,1784363744.492466,1784363743.331558,1.2,0.220106,0.376921,-0.000654,0.000676,1,acq,20480,20480,0,16,True,False,1,1200000,8381618,False,-3197800,3162231,0,0,0,0,1,1,1784363742.17065
353,44,1,formal,up,39,22,0,0.6842100952850245,1784363744.49354,1784363746.831139,1784363745.6623397,1.2,0.219681,0.376362,-0.000678,0.000731,1,acq,20480,20480,0,16,True,False,1,1200000,8381618,False,-3257166,3166381,0,0,0,0,1,1,1784363744.49354
354,44,2,formal,up,39,22,0,0.6842100952850245,1784363746.831372,1784363749.172647,1784363748.0020094,1.2,0.219574,0.376162,-0.000704,0.000735,1,acq,20480,20480,0,16,True,False,1,1200000,8381618,False,-3192634,3153763,0,0,0,0,1,1,1784363746.831372
355,44,3,formal,up,39,22,0,0.6842100952850245,1784363749.1728919,1784363751.5071812,1784363750.3400364,1.2,0.219175,0.37532,-0.000703,0.00068,1,acq,20480,20480,0,16,True,False,1,1200000,8381618,False,-3227525,3188315,0,0,0,0,1,1,1784363749.1728919
356,44,4,formal,up,39,22,0,0.6842100952850245,1784363751.5104582,1784363753.8458722,1784363752.6781652,1.2,0.218811,0.375032,-0.000726,0.000695,1,acq,20480,20480,0,16,True,False,1,1200000,8381618,False,-3213806,3298663,0,0,0,0,1,1,1784363751.5104582
357,44,5,formal,up,39,22,0,0.6842100952850245,1784363753.8462248,1784363756.174483,1784363755.010354,1.2,0.218548,0.374557,-0.000692,0.000734,1,acq,20480,20480,0,16,True,False,1,1200000,8381618,False,-3236756,3289855,0,0,0,0,1,1,1784363753.8462248
358,44,6,formal,up,39,22,0,0.6842100952850245,1784363756.174701,1784363758.512867,1784363757.3437839,1.2,0.218312,0.374244,-0.000687,0.000711,1,acq,20480,20480,0,16,True,False,1,1200000,8381618,False,-3148427,3166381,0,0,0,0,1,1,1784363756.174701
359,44,7,formal,up,39,22,0,0.6842100952850245,1784363758.514035,1784363760.845824,1784363759.6799295,1.2,0.21803,0.373804,-0.000735,0.000718,1,acq,20480,20480,0,16,True,False,1,1200000,8381618,False,-3252000,3239466,0,0,0,0,1,1,1784363758.514035
360,45,0,formal,down,39,22,1,0.6842100952850245,1784363773.568993,1784363775.899151,1784363774.7340722,1.2,0.217502,0.372973,-0.000714,0.000736,1,acq,20480,20480,0,16,True,False,1,1200000,8381618,False,-3158505,3115230,0,0,0,0,1,1,1784363773.568993
361,45,1,formal,down,39,22,1,0.6842100952850245,1784363775.900269,1784363778.234613,1784363777.067441,1.2,0.217213,0.372531,-0.000719,0.000711,1,acq,20480,20480,0,16,True,False,1,1200000,8381618,False,-3197038,3126747,0,0,0,0,1,1,1784363775.900269
362,45,2,formal,down,39,22,1,0.6842100952850245,1784363778.234853,1784363780.571378,1784363779.4031155,1.2,0.217154,0.372576,-0.000692,0.000738,1,acq,20480,20480,0,16,True,False,1,1200000,8381618,False,-3202288,3155287,0,0,0,0,1,1,1784363778.234853
363,45,3,formal,down,39,22,1,0.6842100952850245,1784363780.571669,1784363782.912991,1784363781.74233,1.2,0.217047,0.372474,-0.000685,0.000753,1,acq,20480,20480,0,16,True,False,1,1200000,8381618,False,-3213891,3242600,0,0,0,0,1,1,1784363780.571669
364,45,4,formal,down,39,22,1,0.6842100952850245,1784363782.9132211,1784363785.255488,1784363784.0843544,1.2,0.217034,0.372431,-0.00067,0.000762,1,acq,20480,20480,0,16,True,False,1,1200000,8381618,False,-3155287,3183742,0,0,0,0,1,1,1784363782.9132211
365,45,5,formal,down,39,22,1,0.6842100952850245,1784363785.2557251,1784363787.5888882,1784363786.4223065,1.2,0.217029,0.37242,-0.000702,0.000727,1,acq,20480,20480,0,16,True,False,1,1200000,8381618,False,-3134030,3168329,0,0,0,0,1,1,1784363785.2557251
366,45,6,formal,down,39,22,1,0.6842100952850245,1784363787.589151,1784363789.92877,1784363788.7589605,1.2,0.21679,0.3721,-0.00071,0.000769,1,acq,20480,20480,0,16,True,False,1,1200000,8381618,False,-3165449,3140213,0,0,0,0,1,1,1784363787.589151
367,45,7,formal,down,39,22,1,0.6842100952850245,1784363789.92904,1784363792.2509708,1784363791.0900054,1.2,0.216729,0.37192,-0.000725,0.000755,1,acq,20480,20480,0,16,True,False,1,1200000,8381618,False,-3165788,3244802,0,0,0,0,1,1,1784363789.92904
368,46,0,formal,down,41,23,0,0.9453170476872224,1784363807.814455,1784363810.164593,1784363808.989524,1.2,0.180305,0.309057,-0.002115,0.002883,1,acq,20480,20480,0,16,True,False,1,1200000,8381618,False,-2698482,2720332,0,0,0,0,1,1,1784363807.814455
369,46,1,formal,down,41,23,0,0.9453170476872224,1784363810.164829,1784363812.506214,1784363811.3355215,1.2,0.180201,0.308987,-0.002076,0.002899,1,acq,20480,20480,0,16,True,False,1,1200000,8381618,False,-2623788,2681376,0,0,0,0,1,1,1784363810.164829
370,46,2,formal,down,41,23,0,0.9453170476872224,1784363812.50639,1784363814.846087,1784363813.6762385,1.2,0.179994,0.308531,-0.002074,0.002863,1,acq,20480,20480,0,16,True,False,1,1200000,8381618,False,-2614642,2663168,0,0,0,0,1,1,1784363812.50639
371,46,3,formal,down,41,23,0,0.9453170476872224,1784363814.846407,1784363817.179532,1784363816.0129695,1.2,0.179776,0.308337,-0.002098,0.002937,1,acq,20480,20480,0,16,True,False,1,1200000,8381618,False,-2660797,2681545,0,0,0,0,1,1,1784363814.846407
372,46,4,formal,down,41,23,0,0.9453170476872224,1784363817.180639,1784363819.5146592,1784363818.347649,1.2,0.179752,0.308371,-0.002149,0.00291,1,acq,20480,20480,0,16,True,False,1,1200000,8381618,False,-2651566,2666979,0,0,0,0,1,1,1784363817.180639
373,46,5,formal,down,41,23,0,0.9453170476872224,1784363819.514905,1784363821.846227,1784363820.6805658,1.2,0.17946,0.307957,-0.002069,0.002909,1,acq,20480,20480,0,16,True,False,1,1200000,8381618,False,-2567979,2695264,0,0,0,0,1,1,1784363819.514905
374,46,6,formal,down,41,23,0,0.9453170476872224,1784363821.846507,1784363824.1836329,1784363823.01507,1.2,0.179508,0.30795,-0.002126,0.002906,1,acq,20480,20480,0,16,True,False,1,1200000,8381618,False,-2604649,2667995,0,0,0,0,1,1,1784363821.846507
375,46,7,formal,down,41,23,0,0.9453170476872224,1784363824.1847098,1784363826.514753,1784363825.3497314,1.2,0.179289,0.307575,-0.002066,0.002901,1,acq,20480,20480,0,16,True,False,1,1200000,8381618,False,-2645807,2759034,0,0,0,0,1,1,1784363824.1847098
376,47,0,formal,up,41,23,1,0.9453170476872224,1784363839.199272,1784363841.536449,1784363840.3678603,1.2,0.178873,0.307058,-0.002142,0.002936,1,acq,20480,20480,0,16,True,False,1,1200000,8381618,False,-2634459,2690268,0,0,0,0,1,1,1784363839.199272
377,47,1,formal,up,41,23,1,0.9453170476872224,1784363841.536893,1784363843.866943,1784363842.701918,1.2,0.178725,0.306849,-0.002097,0.002927,1,acq,20480,20480,0,16,True,False,1,1200000,8381618,False,-2629632,2725244,0,0,0,0,1,1,1784363841.536893
378,47,2,formal,up,41,23,1,0.9453170476872224,1784363843.867272,1784363846.202788,1784363845.03503,1.2,0.178652,0.306694,-0.002132,0.0029,1,acq,20480,20480,0,16,True,False,1,1200000,8381618,False,-2638439,2645468,0,0,0,0,1,1,1784363843.867272
379,47,3,formal,up,41,23,1,0.9453170476872224,1784363846.203022,1784363848.5214899,1784363847.362256,1.2,0.178509,0.306537,-0.002105,0.002935,1,acq,20480,20480,0,16,True,False,1,1200000,8381618,False,-2634543,2719993,0,0,0,0,1,1,1784363846.203022
380,47,4,formal,up,41,23,1,0.9453170476872224,1784363848.522028,1784363850.866511,1784363849.6942697,1.2,0.178361,0.306303,-0.002103,0.002897,1,acq,20480,20480,0,16,True,False,1,1200000,8381618,False,-2673669,2676294,0,0,0,0,1,1,1784363848.522028
381,47,5,formal,up,41,23,1,0.9453170476872224,1784363850.866734,1784363853.195852,1784363852.031293,1.2,0.17846,0.306451,-0.002075,0.002925,1,acq,20480,20480,0,16,True,False,1,1200000,8381618,False,-2648263,2648178,0,0,0,0,1,1,1784363850.866734
382,47,6,formal,up,41,23,1,0.9453170476872224,1784363853.1960871,1784363855.530571,1784363854.363329,1.2,0.178508,0.306644,-0.002116,0.002915,1,acq,20480,20480,0,16,True,False,1,1200000,8381618,False,-2629886,2672060,0,0,0,0,1,1,1784363853.1960871
383,47,7,formal,up,41,23,1,0.9453170476872224,1784363855.531638,1784363857.858659,1784363856.6951485,1.2,0.178302,0.306211,-0.002103,0.002943,1,acq,20480,20480,0,16,True,False,1,1200000,8381618,False,-2641488,2714997,0,0,0,0,1,1,1784363855.531638
384,48,0,formal,up,79,24,0,5.906349143328972,1784363920.87275,1784363923.205701,1784363922.0392256,0.240056,-0.213968,-0.363723,0.003927,-0.005697,1,acq,20480,20480,0,16,True,False,1,1200000,8381618,False,-3105491,3042822,0,0,0,0,1,1,1784363920.87275
385,48,1,formal,up,79,24,0,5.906349143328972,1784363923.205951,1784363925.537449,1784363924.3716998,0.237396,-0.212775,-0.361944,0.003956,-0.005715,1,acq,20480,20480,0,16,True,False,1,1200000,8381618,False,-3092618,3061792,0,0,0,0,1,1,1784363923.205951
386,48,2,formal,up,79,24,0,5.906349143328972,1784363925.537696,1784363927.886724,1784363926.71221,0.235168,-0.212191,-0.360814,0.003947,-0.005742,1,acq,20480,20480,0,16,True,False,1,1200000,8381618,False,-3098546,3041382,0,0,0,0,1,1,1784363925.537696
387,48,3,formal,up,79,24,0,5.906349143328972,1784363927.88694,1784363930.229223,1784363929.0580816,0.232711,-0.211148,-0.359163,0.003953,-0.005726,1,acq,20480,20480,0,16,True,False,1,1200000,8381618,False,-3055948,2994889,0,0,0,0,1,1,1784363927.88694
388,48,4,formal,up,79,24,0,5.906349143328972,1784363930.229453,1784363932.56561,1784363931.3975315,0.230456,-0.210285,-0.357577,0.003949,-0.005717,1,acq,20480,20480,0,16,True,False,1,1200000,8381618,False,-3033083,2980407,0,0,0,0,1,1,1784363930.229453
389,48,5,formal,up,79,24,0,5.906349143328972,1784363932.565875,1784363934.9038851,1784363933.73488,0.228544,-0.209541,-0.356466,0.003957,-0.005751,1,acq,20480,20480,0,16,True,False,1,1200000,8381618,False,-3058658,2986166,0,0,0,0,1,1,1784363932.565875
390,48,6,formal,up,79,24,0,5.906349143328972,1784363934.9041631,1784363937.22854,1784363936.0663514,0.226443,-0.208647,-0.354967,0.003942,-0.005766,1,acq,20480,20480,0,16,True,False,1,1200000,8381618,False,-3043161,2982694,0,0,0,0,1,1,1784363934.9041631
391,48,7,formal,up,79,24,0,5.906349143328972,1784363937.228821,1784363939.582916,1784363938.4058685,0.224699,-0.207997,-0.353897,0.003967,-0.00575,1,acq,20480,20480,0,16,True,False,1,1200000,8381618,False,-3049512,2956102,0,0,0,0,1,1,1784363937.228821
392,49,0,formal,down,79,24,1,5.906349143328972,1784363952.332129,1784363954.667056,1784363953.4995925,0.214084,-0.203944,-0.347046,0.003913,-0.005742,1,acq,20480,20480,0,16,True,False,1,1200000,8381618,False,-2999377,2898599,0,0,0,0,1,1,1784363952.332129
393,49,1,formal,down,79,24,1,5.906349143328972,1784363954.668121,1784363956.9956758,1784363955.8318985,0.210206,-0.203162,-0.345699,0.003937,-0.005694,1,acq,20480,20480,0,16,True,False,1,1200000,8381618,False,-5446507,2877427,0,0,0,0,1,1,1784363954.668121
394,49,2,formal,down,79,24,1,5.906349143328972,1784363956.995936,1784363959.347136,1784363958.171536,0.211134,-0.202686,-0.345093,0.003865,-0.005775,1,acq,20480,20480,0,16,True,False,1,1200000,8381618,False,-2963554,2884710,0,0,0,0,1,1,1784363956.995936
395,49,3,formal,down,79,24,1,5.906349143328972,1784363959.3475358,1784363961.69243,1784363960.5199828,0.209813,-0.202147,-0.34413,0.00388,-0.005746,1,acq,20480,20480,0,16,True,False,1,1200000,8381618,False,-2935099,2881831,0,0,0,0,1,1,1784363959.3475358
396,49,4,formal,down,79,24,1,5.906349143328972,1784363961.692694,1784363964.024341,1784363962.8585176,0.208401,-0.201494,-0.343088,0.003923,-0.005745,1,acq,20480,20480,0,16,True,False,1,1200000,8381618,False,-2930696,2865486,0,0,0,0,1,1,1784363961.692694
397,49,5,formal,down,79,24,1,5.906349143328972,1784363964.025409,1784363966.369073,1784363965.1972408,0.207077,-0.201008,-0.342244,0.00393,-0.005789,1,acq,20480,20480,0,16,True,False,1,1200000,8381618,False,-2941112,2856679,0,0,0,0,1,1,1784363964.025409
398,49,6,formal,down,79,24,1,5.906349143328972,1784363966.369293,1784363968.7040782,1784363967.5366855,0.205939,-0.200576,-0.341555,0.003917,-0.005772,1,acq,20480,20480,0,16,True,False,1,1200000,8381618,False,-2939080,2853969,0,0,0,0,1,1,1784363966.369293
399,49,7,formal,down,79,24,1,5.906349143328972,1784363968.704309,1784363971.04261,1784363969.8734593,0.20453,-0.199922,-0.340435,0.003909,-0.005769,1,acq,20480,20480,0,16,True,False,1,1200000,8381618,False,-2891062,2852698,0,0,0,0,1,1,1784363968.704309
400,50,0,formal,down,1,25,0,-4.276822000356725,1784364091.4552739,1784364093.805262,1784364092.630268,0.123305,-0.161524,-0.27586,0.003409,-0.005451,1,acq,20480,20480,0,16,True,False,1,1200000,8381618,False,-2381497,2279533,0,0,0,0,1,1,1784364091.4552739
401,50,1,formal,down,1,25,0,-4.276822000356725,1784364093.806389,1784364096.134588,1784364094.9704885,0.125656,-0.163009,-0.27841,0.003383,-0.005457,1,acq,20480,20480,0,16,True,False,1,1200000,8381618,False,-2414949,2308073,0,0,0,0,1,1,1784364093.806389
402,50,2,formal,down,1,25,0,-4.276822000356725,1784364096.134846,1784364098.4785438,1784364097.306695,0.127773,-0.164233,-0.280611,0.003381,-0.005472,1,acq,20480,20480,0,16,True,False,1,1200000,8381618,False,-2450263,2332887,0,0,0,0,1,1,1784364096.134846
403,50,3,formal,down,1,25,0,-4.276822000356725,1784364098.4788108,1784364100.797174,1784364099.6379924,0.129826,-0.165315,-0.282512,0.003426,-0.00548,1,acq,20480,20480,0,16,True,False,1,1200000,8381618,False,-2434088,2341694,0,0,0,0,1,1,1784364098.4788108
404,50,4,formal,down,1,25,0,-4.276822000356725,1784364100.7974248,1784364103.128582,1784364101.9630034,0.131759,-0.166427,-0.284452,0.003405,-0.00547,1,acq,20480,20480,0,16,True,False,1,1200000,8381618,False,-2464491,2361680,0,0,0,0,1,1,1784364100.7974248
405,50,5,formal,down,1,25,0,-4.276822000356725,1784364103.128788,1784364105.4636679,1784364104.296228,0.133632,-0.167411,-0.286153,0.003394,-0.005456,1,acq,20480,20480,0,16,True,False,1,1200000,8381618,False,-2462458,2380820,0,0,0,0,1,1,1784364103.128788
406,50,6,formal,down,1,25,0,-4.276822000356725,1784364105.463905,1784364107.794305,1784364106.629105,0.135542,-0.168489,-0.288104,0.003419,-0.005471,1,acq,20480,20480,0,16,True,False,1,1200000,8381618,False,-2478634,2393353,0,0,0,0,1,1,1784364105.463905
407,50,7,formal,down,1,25,0,-4.276822000356725,1784364107.7945778,1784364110.135781,1784364108.9651794,0.137433,-0.169703,-0.290055,0.003375,-0.005499,1,acq,20480,20480,0,16,True,False,1,1200000,8381618,False,-2505818,2395132,0,0,0,0,1,1,1784364107.7945778
408,51,0,formal,up,1,25,1,-4.276822000356725,1784364122.798102,1784364125.127302,1784364123.9627018,0.14782,-0.175117,-0.299497,0.003417,-0.005481,1,acq,20480,20480,0,16,True,False,1,1200000,8381618,False,-2560188,2484901,0,0,0,0,1,1,1784364122.798102
409,51,1,formal,up,1,25,1,-4.276822000356725,1784364125.128362,1784364127.470797,1784364126.2995796,0.14929,-0.175866,-0.300894,0.003423,-0.005458,1,acq,20480,20480,0,16,True,False,1,1200000,8381618,False,-2566709,2486171,0,0,0,0,1,1,1784364125.128362
410,51,2,formal,up,1,25,1,-4.276822000356725,1784364127.471054,1784364129.8017979,1784364128.636426,0.150667,-0.176643,-0.302064,0.003449,-0.005414,1,acq,20480,20480,0,16,True,False,1,1200000,8381618,False,-2598890,2499890,0,0,0,0,1,1,1784364127.471054
411,51,3,formal,up,1,25,1,-4.276822000356725,1784364129.802042,1784364132.1284218,1784364130.965232,0.152213,-0.177443,-0.303581,0.003458,-0.00544,1,acq,20480,20480,0,16,True,False,1,1200000,8381618,False,-2610662,2517251,0,0,0,0,1,1,1784364129.802042
412,51,4,formal,up,1,25,1,-4.276822000356725,1784364132.129529,1784364134.4705431,1784364133.300036,0.153482,-0.17802,-0.304569,0.003426,-0.005417,1,acq,20480,20480,0,16,True,False,1,1200000,8381618,False,-2614557,2520639,0,0,0,0,1,1,1784364132.129529
413,51,5,formal,up,1,25,1,-4.276822000356725,1784364134.47104,1784364136.795414,1784364135.6332269,0.154866,-0.178772,-0.30575,0.003417,-0.005445,1,acq,20480,20480,0,16,True,False,1,1200000,8381618,False,-2614557,2531733,0,0,0,0,1,1,1784364134.47104
414,51,6,formal,up,1,25,1,-4.276822000356725,1784364136.795651,1784364139.128766,1784364137.9622085,0.156313,-0.179568,-0.307172,0.003446,-0.005462,1,acq,20480,20480,0,16,True,False,1,1200000,8381618,False,-2649364,2557139,0,0,0,0,1,1,1784364136.795651
415,51,7,formal,up,1,25,1,-4.276822000356725,1784364139.129892,1784364141.462251,1784364140.2960715,0.157546,-0.180124,-0.308113,0.00343,-0.005441,1,acq,20480,20480,0,16,True,False,1,1200000,8381618,False,-2627938,2552989,0,0,0,0,1,1,1784364139.129892
416,52,0,sentinel,up,20,26,0,-1.7963059525358505,1784364177.1463308,1784364179.471043,1784364178.308687,0.236518,0.215359,0.367419,0.001569,-0.003601,1,acq,20480,20480,0,16,True,False,1,1200000,8381618,False,-3128610,3025376,0,0,0,0,1,1,1784364177.1463308
417,52,1,sentinel,up,20,26,0,-1.7963059525358505,1784364179.47151,1784364181.7839098,1784364180.6277099,0.237033,0.215543,0.367876,0.001515,-0.003596,1,acq,20480,20480,0,16,True,False,1,1200000,8381618,False,-3121327,3026901,0,0,0,0,1,1,1784364179.47151
418,52,2,sentinel,up,20,26,0,-1.7963059525358505,1784364181.784144,1784364184.099381,1784364182.9417624,0.237355,0.215671,0.368073,0.001552,-0.003584,1,acq,20480,20480,0,16,True,False,1,1200000,8381618,False,-3128610,3039858,0,0,0,0,1,1,1784364181.784144
419,52,3,sentinel,up,20,26,0,-1.7963059525358505,1784364184.099607,1784364186.4227111,1784364185.261159,0.237547,0.21564,0.368185,0.001565,-0.003598,1,acq,20480,20480,0,16,True,False,1,1200000,8381618,False,-3122682,3043499,0,0,0,0,1,1,1784364184.099607
420,52,4,sentinel,up,20,26,0,-1.7963059525358505,1784364186.423211,1784364188.742084,1784364187.5826476,0.237612,0.215643,0.368128,0.001589,-0.003586,1,acq,20480,20480,0,16,True,False,1,1200000,8381618,False,-3124037,3045786,0,0,0,0,1,1,1784364186.423211
421,52,5,sentinel,up,20,26,0,-1.7963059525358505,1784364188.742333,1784364191.0648162,1784364189.9035745,0.237817,0.21578,0.368412,0.001609,-0.003597,1,acq,20480,20480,0,16,True,False,1,1200000,8381618,False,-3113112,3048411,0,0,0,0,1,1,1784364188.742333
422,52,6,sentinel,up,20,26,0,-1.7963059525358505,1784364191.065044,1784364193.386285,1784364192.2256646,0.237918,0.215912,0.368494,0.001567,-0.003646,1,acq,20480,20480,0,16,True,False,1,1200000,8381618,False,-3122428,3044008,0,0,0,0,1,1,1784364191.065044
423,52,7,sentinel,up,20,26,0,-1.7963059525358505,1784364193.387409,1784364195.711412,1784364194.5494103,0.237987,0.215906,0.368762,0.001585,-0.003606,1,acq,20480,20480,0,16,True,False,1,1200000,8381618,False,-3123275,3042991,0,0,0,0,1,1,1784364193.387409
424,53,0,sentinel,down,20,26,1,-1.7963059525358505,1784364208.277057,1784364210.59543,1784364209.4362435,0.23723,0.215451,0.368207,0.001597,-0.003598,1,acq,20480,20480,0,16,True,False,1,1200000,8381618,False,-3110148,3041552,0,0,0,0,1,1,1784364208.277057
425,53,1,sentinel,down,20,26,1,-1.7963059525358505,1784364210.595662,1784364212.910517,1784364211.7530894,0.236878,0.215215,0.367745,0.001597,-0.003557,1,acq,20480,20480,0,16,True,False,1,1200000,8381618,False,-3130304,3053747,0,0,0,0,1,1,1784364210.595662
426,53,2,sentinel,down,20,26,1,-1.7963059525358505,1784364212.910767,1784364215.228097,1784364214.069432,0.23686,0.215347,0.368026,0.001623,-0.003587,1,acq,20480,20480,0,16,True,False,1,1200000,8381618,False,-3132675,3044346,0,0,0,0,1,1,1784364212.910767
427,53,3,sentinel,down,20,26,1,-1.7963059525358505,1784364215.228348,1784364217.54947,1784364216.3889089,0.236777,0.215347,0.368067,0.001599,-0.003622,1,acq,20480,20480,0,16,True,False,1,1200000,8381618,False,-3112604,3044516,0,0,0,0,1,1,1784364215.228348
428,53,4,sentinel,down,20,26,1,-1.7963059525358505,1784364217.5496871,1784364219.868868,1784364218.7092776,0.236567,0.2152,0.36795,0.00161,-0.003608,1,acq,20480,20480,0,16,True,False,1,1200000,8381618,False,-3115992,3031050,0,0,0,0,1,1,1784364217.5496871
429,53,5,sentinel,down,20,26,1,-1.7963059525358505,1784364219.869097,1784364222.19581,1784364221.0324535,0.236463,0.21527,0.367975,0.001623,-0.003611,1,acq,20480,20480,0,16,True,False,1,1200000,8381618,False,-3121327,3036386,0,0,0,0,1,1,1784364219.869097
430,53,6,sentinel,down,20,26,1,-1.7963059525358505,1784364222.196043,1784364224.513164,1784364223.3546035,0.236041,0.214988,0.367504,0.001617,-0.003626,1,acq,20480,20480,0,16,True,False,1,1200000,8381618,False,-3110233,3032998,0,0,0,0,1,1,1784364222.196043
431,53,7,sentinel,down,20,26,1,-1.7963059525358505,1784364224.513406,1784364226.83743,1784364225.675418,0.235783,0.214884,0.367317,0.001624,-0.003627,1,acq,20480,20480,0,16,True,False,1,1200000,8381618,False,-3101764,3046972,0,0,0,0,1,1,1784364224.513406
432,54,0,sentinel,down,60,27,0,3.4258330955080973,1784364383.793729,1784364386.121429,1784364384.9575791,1.2,-0.211857,-0.362384,-0.000354,0.002186,1,acq,20480,20480,0,16,True,False,1,1200000,8381618,False,-3073902,3161554,0,0,0,0,1,1,1784364383.793729
433,54,1,sentinel,down,60,27,0,3.4258330955080973,1784364386.1224608,1784364388.444206,1784364387.2833333,1.2,-0.212375,-0.363294,-0.000371,0.002169,1,acq,20480,20480,0,16,True,False,1,1200000,8381618,False,-3152577,3188993,0,0,0,0,1,1,1784364386.1224608
434,54,2,sentinel,down,60,27,0,3.4258330955080973,1784364388.444493,1784364390.761014,1784364389.6027536,1.2,-0.213109,-0.364647,-0.000348,0.002151,1,acq,20480,20480,0,16,True,False,1,1200000,8381618,False,-3106507,3230489,0,0,0,0,1,1,1784364388.444493
435,54,3,sentinel,down,60,27,0,3.4258330955080973,1784364390.761268,1784364393.0858839,1784364391.9235759,1.2,-0.213715,-0.365729,-0.000349,0.002146,1,acq,20480,20480,0,16,True,False,1,1200000,8381618,False,-3071023,3186198,0,0,0,0,1,1,1784364390.761268
436,54,4,sentinel,down,60,27,0,3.4258330955080973,1784364393.086101,1784364395.401877,1784364394.243989,1.2,-0.214283,-0.366608,-0.000279,0.002161,1,acq,20480,20480,0,16,True,False,1,1200000,8381618,False,-3059759,3230320,0,0,0,0,1,1,1784364393.086101
437,54,5,sentinel,down,60,27,0,3.4258330955080973,1784364395.402122,1784364397.725384,1784364396.5637531,1.2,-0.214676,-0.367474,-0.0003,0.00214,1,acq,20480,20480,0,16,True,False,1,1200000,8381618,False,-3118363,3203305,0,0,0,0,1,1,1784364395.402122
438,54,6,sentinel,down,60,27,0,3.4258330955080973,1784364397.7256289,1784364400.048277,1784364398.8869529,1.2,-0.215134,-0.368303,-0.000307,0.002098,1,acq,20480,20480,0,16,True,False,1,1200000,8381618,False,-3087791,3218972,0,0,0,0,1,1,1784364397.7256289
439,54,7,sentinel,down,60,27,0,3.4258330955080973,1784364400.04928,1784364402.36866,1784364401.20897,1.2,-0.215682,-0.369071,-0.000308,0.002078,1,acq,20480,20480,0,16,True,False,1,1200000,8381618,False,-3123783,3286807,0,0,0,0,1,1,1784364400.04928
440,55,0,sentinel,up,60,27,1,3.4258330955080973,1784364414.9342022,1784364417.26218,1784364416.0981913,1.2,-0.218327,-0.37369,-0.000254,0.002064,1,acq,20480,20480,0,16,True,False,1,1200000,8381618,False,-3162655,3281387,0,0,0,0,1,1,1784364414.9342022
441,55,1,sentinel,up,60,27,1,3.4258330955080973,1784364417.263238,1784364419.587513,1784364418.4253755,1.2,-0.218782,-0.374498,-0.000229,0.001996,1,acq,20480,20480,0,16,True,False,1,1200000,8381618,False,-3142330,3206015,0,0,0,0,1,1,1784364417.263238
442,55,2,sentinel,up,60,27,1,3.4258330955080973,1784364419.587892,1784364421.910327,1784364420.7491095,1.2,-0.219008,-0.375019,-0.000228,0.001987,1,acq,20480,20480,0,16,True,False,1,1200000,8381618,False,-3202204,3258944,0,0,0,0,1,1,1784364419.587892
443,55,3,sentinel,up,60,27,1,3.4258330955080973,1784364421.9105449,1784364424.231989,1784364423.071267,1.2,-0.21943,-0.375701,-0.000265,0.002001,1,acq,20480,20480,0,16,True,False,1,1200000,8381618,False,-3170107,3296038,0,0,0,0,1,1,1784364421.9105449
444,55,4,sentinel,up,60,27,1,3.4258330955080973,1784364424.233091,1784364426.546638,1784364425.3898644,1.2,-0.219508,-0.375854,-0.000234,0.002011,1,acq,20480,20480,0,16,True,False,1,1200000,8381618,False,-3192973,3260808,0,0,0,0,1,1,1784364424.233091
445,55,5,sentinel,up,60,27,1,3.4258330955080973,1784364426.546936,1784364428.865014,1784364427.705975,1.2,-0.220129,-0.377125,-0.000165,0.001964,1,acq,20480,20480,0,16,True,False,1,1200000,8381618,False,-3149274,3266651,0,0,0,0,1,1,1784364426.546936
446,55,6,sentinel,up,60,27,1,3.4258330955080973,1784364428.865571,1784364431.186667,1784364430.026119,1.2,-0.220516,-0.377569,-0.000237,0.001956,1,acq,20480,20480,0,16,True,False,1,1200000,8381618,False,-3192803,3279608,0,0,0,0,1,1,1784364428.865571
447,55,7,sentinel,up,60,27,1,3.4258330955080973,1784364431.1871018,1784364433.5155132,1784364432.3513074,1.2,-0.220703,-0.377975,-0.000215,0.001993,1,acq,20480,20480,0,16,True,False,1,1200000,8381618,False,-3225747,3301542,0,0,0,0,1,1,1784364431.1871018
448,56,0,formal,up,73,28,0,5.123028286122381,1784364460.287199,1784364462.608882,1784364461.4480405,0.551584,-0.284244,-0.483558,0.003549,-0.004658,1,acq,20480,20480,0,16,True,False,1,1200000,8381618,False,-4057209,4050095,0,0,0,0,1,1,1784364460.287199
449,56,1,formal,up,73,28,0,5.123028286122381,1784364462.609588,1784364464.9341938,1784364463.7718909,0.549274,-0.284021,-0.483222,0.003575,-0.004687,1,acq,20480,20480,0,16,True,False,1,1200000,8381618,False,-4073723,4063052,0,0,0,0,1,1,1784364462.609588
450,56,2,formal,up,73,28,0,5.123028286122381,1784364464.9344609,1784364467.257004,1784364466.0957325,0.547023,-0.283822,-0.483039,0.003548,-0.004676,1,acq,20480,20480,0,16,True,False,1,1200000,8381618,False,-4073977,4048486,0,0,0,0,1,1,1784364464.9344609
451,56,3,formal,up,73,28,0,5.123028286122381,1784364467.257216,1784364469.576115,1784364468.4166656,0.544787,-0.283635,-0.482721,0.00355,-0.004663,1,acq,20480,20480,0,16,True,False,1,1200000,8381618,False,-4073977,4041457,0,0,0,0,1,1,1784364467.257216
452,56,4,formal,up,73,28,0,5.123028286122381,1784364469.5775309,1784364471.892742,1784364470.7351365,0.542243,-0.283077,-0.481986,0.003589,-0.004756,1,acq,20480,20480,0,16,True,False,1,1200000,8381618,False,-4053737,4040017,0,0,0,0,1,1,1784364469.5775309
453,56,5,formal,up,73,28,0,5.123028286122381,1784364471.892986,1784364474.214551,1784364473.0537686,0.540559,-0.283076,-0.481938,0.003574,-0.004712,1,acq,20480,20480,0,16,True,False,1,1200000,8381618,False,-4059411,4040187,0,0,0,0,1,1,1784364471.892986
454,56,6,formal,up,73,28,0,5.123028286122381,1784364474.214869,1784364476.5337338,1784364475.3743014,0.538397,-0.282749,-0.481465,0.003569,-0.004725,1,acq,20480,20480,0,16,True,False,1,1200000,8381618,False,-4073553,4023164,0,0,0,0,1,1,1784364474.214869
455,56,7,formal,up,73,28,0,5.123028286122381,1784364476.534847,1784364478.850823,1784364477.6928349,0.536265,-0.282285,-0.480697,0.00361,-0.004785,1,acq,20480,20480,0,16,True,False,1,1200000,8381618,False,-4023080,4037223,0,0,0,0,1,1,1784364476.534847
456,57,0,formal,down,73,28,1,5.123028286122381,1784364491.433523,1784364493.760768,1784364492.5971456,0.524896,-0.28081,-0.478289,0.00359,-0.004809,1,acq,20480,20480,0,16,True,False,1,1200000,8381618,False,-4008683,4014950,0,0,0,0,1,1,1784364491.433523
457,57,1,formal,down,73,28,1,5.123028286122381,1784364493.761106,1784364496.092858,1784364494.926982,0.523485,-0.280641,-0.478041,0.003575,-0.004788,1,acq,20480,20480,0,16,True,False,1,1200000,8381618,False,-4027483,4009022,0,0,0,0,1,1,1784364493.761106
458,57,2,formal,down,73,28,1,5.123028286122381,1784364496.093123,1784364498.413204,1784364497.2531633,0.521872,-0.280335,-0.477657,0.003615,-0.004823,1,acq,20480,20480,0,16,True,False,1,1200000,8381618,False,-4052805,3985733,0,0,0,0,1,1,1784364496.093123
459,57,3,formal,down,73,28,1,5.123028286122381,1784364498.413455,1784364500.7504692,1784364499.581962,0.520307,-0.280165,-0.477262,0.003593,-0.004799,1,acq,20480,20480,0,16,True,False,1,1200000,8381618,False,-4027822,3974723,0,0,0,0,1,1,1784364498.413455
460,57,4,formal,down,73,28,1,5.123028286122381,1784364500.751497,1784364503.080458,1784364501.9159775,0.519031,-0.280053,-0.477126,0.003624,-0.004846,1,acq,20480,20480,0,16,True,False,1,1200000,8381618,False,-4010122,3995387,0,0,0,0,1,1,1784364500.751497
461,57,5,formal,down,73,28,1,5.123028286122381,1784364503.080676,1784364505.4179358,1784364504.249306,0.517534,-0.279796,-0.47669,0.003606,-0.004843,1,acq,20480,20480,0,16,True,False,1,1200000,8381618,False,-3999537,3985394,0,0,0,0,1,1,1784364503.080676
462,57,6,formal,down,73,28,1,5.123028286122381,1784364505.4181619,1784364507.745331,1784364506.5817466,0.516383,-0.279777,-0.476703,0.003597,-0.004832,1,acq,20480,20480,0,16,True,False,1,1200000,8381618,False,-4028754,3970150,0,0,0,0,1,1,1784364505.4181619
463,57,7,formal,down,73,28,1,5.123028286122381,1784364507.746398,1784364510.0854259,1784364508.915912,0.514749,-0.279413,-0.476097,0.003642,-0.004813,1,acq,20480,20480,0,16,True,False,1,1200000,8381618,False,-4029770,4049333,0,0,0,0,1,1,1784364507.746398
464,58,0,formal,down,7,29,0,-3.4935011431501337,1784364613.395333,1784364615.727971,1784364614.5616522,0.002958,-0.030112,-0.051639,0.002886,-0.005095,1,acq,20480,20480,0,16,True,False,1,1200000,8381618,False,-558091,490510,0,0,0,0,1,1,1784364613.395333
465,58,1,formal,down,7,29,0,-3.4935011431501337,1784364615.729135,1784364618.054288,1784364616.8917115,0.003348,-0.031609,-0.054058,0.002898,-0.005103,1,acq,20480,20480,0,16,True,False,1,1200000,8381618,False,-576129,509141,0,0,0,0,1,1,1784364615.729135
466,58,2,formal,down,7,29,0,-3.4935011431501337,1784364618.054587,1784364620.403042,1784364619.2288146,0.003755,-0.032981,-0.056491,0.002912,-0.005114,1,acq,20480,20480,0,16,True,False,1,1200000,8381618,False,-601789,524300,0,0,0,0,1,1,1784364618.054587
467,58,3,formal,down,7,29,0,-3.4935011431501337,1784364620.403269,1784364622.734623,1784364621.568946,0.004124,-0.034211,-0.058576,0.00294,-0.005113,1,acq,20480,20480,0,16,True,False,1,1200000,8381618,False,-615255,547251,0,0,0,0,1,1,1784364620.403269
468,58,4,formal,down,7,29,0,-3.4935011431501337,1784364622.7349381,1784364625.061847,1784364623.8983927,0.004517,-0.035392,-0.060594,0.002927,-0.005129,1,acq,20480,20480,0,16,True,False,1,1200000,8381618,False,-625756,569269,0,0,0,0,1,1,1784364622.7349381
469,58,5,formal,down,7,29,0,-3.4935011431501337,1784364625.0620701,1784364627.401603,1784364626.2318366,0.004846,-0.0366,-0.062643,0.002946,-0.005145,1,acq,20480,20480,0,16,True,False,1,1200000,8381618,False,-671657,584767,0,0,0,0,1,1,1784364625.0620701
470,58,6,formal,down,7,29,0,-3.4935011431501337,1784364627.4018939,1784364629.738139,1784364628.5700164,0.005236,-0.03763,-0.06455,0.002957,-0.005155,1,acq,20480,20480,0,16,True,False,1,1200000,8381618,False,-667337,590780,0,0,0,0,1,1,1784364627.4018939
471,58,7,formal,down,7,29,0,-3.4935011431501337,1784364629.7392378,1784364632.076264,1784364630.9077508,0.005563,-0.03875,-0.066422,0.002977,-0.005178,1,acq,20480,20480,0,16,True,False,1,1200000,8381618,False,-687493,596962,0,0,0,0,1,1,1784364629.7392378
472,59,0,formal,up,7,29,1,-3.4935011431501337,1784364644.772641,1784364647.101377,1784364645.9370089,0.007886,-0.044886,-0.076939,0.003029,-0.005228,1,acq,20480,20480,0,16,True,False,1,1200000,8381618,False,-773112,690881,0,0,0,0,1,1,1784364644.772641
473,59,1,formal,up,7,29,1,-3.4935011431501337,1784364647.102582,1784364649.453503,1784364648.2780423,0.008213,-0.045725,-0.078348,0.003019,-0.005247,1,acq,20480,20480,0,16,True,False,1,1200000,8381618,False,-772773,701890,0,0,0,0,1,1,1784364647.102582
474,59,2,formal,up,7,29,1,-3.4935011431501337,1784364649.45373,1784364651.788355,1784364650.6210427,0.008518,-0.046522,-0.079684,0.003021,-0.005246,1,acq,20480,20480,0,16,True,False,1,1200000,8381618,False,-790981,702059,0,0,0,0,1,1,1784364649.45373
475,59,3,formal,up,7,29,1,-3.4935011431501337,1784364651.788637,1784364654.137774,1784364652.9632053,0.008852,-0.047311,-0.081059,0.003046,-0.005268,1,acq,20480,20480,0,16,True,False,1,1200000,8381618,False,-786408,722554,0,0,0,0,1,1,1784364651.788637
476,59,4,formal,up,7,29,1,-3.4935011431501337,1784364654.1392179,1784364656.4850519,1784364655.3121347,0.009187,-0.048084,-0.082381,0.003049,-0.005271,1,acq,20480,20480,0,16,True,False,1,1200000,8381618,False,-804447,731954,0,0,0,0,1,1,1784364654.1392179
477,59,5,formal,up,7,29,1,-3.4935011431501337,1784364656.4853172,1784364658.818136,1784364657.6517267,0.009531,-0.048848,-0.083683,0.003043,-0.005285,1,acq,20480,20480,0,16,True,False,1,1200000,8381618,False,-811730,743810,0,0,0,0,1,1,1784364656.4853172
478,59,6,formal,up,7,29,1,-3.4935011431501337,1784364658.818536,1784364661.172904,1784364659.99572,0.009872,-0.049634,-0.085007,0.00306,-0.005282,1,acq,20480,20480,0,16,True,False,1,1200000,8381618,False,-817658,750670,0,0,0,0,1,1,1784364658.818536
479,59,7,formal,up,7,29,1,-3.4935011431501337,1784364661.174089,1784364663.518144,1784364662.3461165,0.010188,-0.050324,-0.086248,0.003051,-0.005291,1,acq,20480,20480,0,16,True,False,1,1200000,8381618,False,-846875,770487,0,0,0,0,1,1,1784364661.174089
480,60,0,formal,up,34,30,0,0.031442714279531714,1784364712.117816,1784364714.451784,1784364713.2848,1.041644,0.280123,0.478758,0.00039,-0.001784,1,acq,20480,20480,0,16,True,False,1,1200000,8381618,False,-4069234,4053906,0,0,0,0,1,1,1784364712.117816
481,60,1,formal,up,34,30,0,0.031442714279531714,1784364714.453494,1784364716.787589,1784364715.6205416,1.042956,0.27982,0.478393,0.000405,-0.001825,1,acq,20480,20480,0,16,True,False,1,1200000,8381618,False,-4087188,4046877,0,0,0,0,1,1,1784364714.453494
482,60,2,formal,up,34,30,0,0.031442714279531714,1784364716.787821,1784364719.1249049,1784364717.956363,1.044852,0.279941,0.478592,0.000371,-0.001766,1,acq,20480,20480,0,16,True,False,1,1200000,8381618,False,-4091084,4012833,0,0,0,0,1,1,1784364716.787821
483,60,3,formal,up,34,30,0,0.031442714279531714,1784364719.125151,1784364721.467705,1784364720.296428,1.045562,0.279634,0.478161,0.000364,-0.001828,1,acq,20480,20480,0,16,True,False,1,1200000,8381618,False,-4052974,4025790,0,0,0,0,1,1,1784364719.125151
484,60,4,formal,up,34,30,0,0.031442714279531714,1784364721.468022,1784364723.801291,1784364722.6346564,1.046699,0.279514,0.478066,0.000408,-0.001787,1,acq,20480,20480,0,16,True,False,1,1200000,8381618,False,-4054668,4070335,0,0,0,0,1,1,1784364721.468022
485,60,5,formal,up,34,30,0,0.031442714279531714,1784364723.801537,1784364726.1171079,1784364724.9593225,1.048216,0.27949,0.478195,0.000362,-0.001763,1,acq,20480,20480,0,16,True,False,1,1200000,8381618,False,-4092608,4051704,0,0,0,0,1,1,1784364723.801537
486,60,6,formal,up,34,30,0,0.031442714279531714,1784364726.117424,1784364728.4492428,1784364727.2833333,1.048575,0.279314,0.477979,0.000282,-0.00172,1,acq,20480,20480,0,16,True,False,1,1200000,8381618,False,-4056531,3999367,0,0,0,0,1,1,1784364726.117424
487,60,7,formal,up,34,30,0,0.031442714279531714,1784364728.4495082,1784364730.78638,1784364729.6179442,1.04908,0.279188,0.477759,0.000368,-0.001781,1,acq,20480,20480,0,16,True,False,1,1200000,8381618,False,-4098028,4019862,0,0,0,0,1,1,1784364728.4495082
488,61,0,formal,down,34,30,1,0.031442714279531714,1784364743.475991,1784364745.81792,1784364744.6469555,1.052956,0.278722,0.477217,0.000381,-0.001768,1,acq,20480,20480,0,16,True,False,1,1200000,8381618,False,-4046199,4050942,0,0,0,0,1,1,1784364743.475991
489,61,1,formal,down,34,30,1,0.031442714279531714,1784364745.819573,1784364748.141239,1784364746.9804058,1.052431,0.278358,0.476812,0.000375,-0.001707,1,acq,20480,20480,0,16,True,False,1,1200000,8381618,False,-4065593,3984716,0,0,0,0,1,1,1784364745.819573
490,61,2,formal,down,34,30,1,0.031442714279531714,1784364748.1414678,1784364750.4775171,1784364749.3094926,1.053381,0.278544,0.477079,0.000391,-0.001659,1,acq,20480,20480,0,16,True,False,1,1200000,8381618,False,-4076179,3969981,0,0,0,0,1,1,1784364748.1414678
491,61,3,formal,down,34,30,1,0.031442714279531714,1784364750.477771,1784364752.815215,1784364751.646493,1.053122,0.278393,0.47673,0.000365,-0.001695,1,acq,20480,20480,0,16,True,False,1,1200000,8381618,False,-4068642,4001061,0,0,0,0,1,1,1784364750.477771
492,61,4,formal,down,34,30,1,0.031442714279531714,1784364752.81686,1784364755.159105,1784364753.9879825,1.05405,0.278356,0.47689,0.000357,-0.00171,1,acq,20480,20480,0,16,True,False,1,1200000,8381618,False,-3999113,3945845,0,0,0,0,1,1,1784364752.81686
493,61,5,formal,down,34,30,1,0.031442714279531714,1784364755.159352,1784364757.490005,1784364756.3246784,1.053821,0.278189,0.476667,0.000352,-0.001667,1,acq,20480,20480,0,16,True,False,1,1200000,8381618,False,-4048401,4001146,0,0,0,0,1,1,1784364755.159352
494,61,6,formal,down,34,30,1,0.031442714279531714,1784364757.490252,1784364759.825902,1784364758.658077,1.053923,0.278163,0.476522,0.00037,-0.001669,1,acq,20480,20480,0,16,True,False,1,1200000,8381618,False,-4096927,3985055,0,0,0,0,1,1,1784364757.490252
495,61,7,formal,down,34,30,1,0.031442714279531714,1784364759.827662,1784364762.1650271,1784364760.9963446,1.0546,0.278204,0.476733,0.000345,-0.001674,1,acq,20480,20480,0,16,True,False,1,1200000,8381618,False,-4050857,3980736,0,0,0,0,1,1,1784364759.827662
496,62,0,formal,down,46,31,0,1.5980844286927152,1784364790.711663,1784364793.042615,1784364791.877139,1.2,0.083374,0.143102,-0.002038,0.003368,1,acq,20480,20480,0,16,True,False,1,1200000,8381618,False,-1396497,1394464,0,0,0,0,1,1,1784364790.711663
497,62,1,formal,down,46,31,0,1.5980844286927152,1784364793.0431411,1784364795.384931,1784364794.214036,1.2,0.082879,0.142359,-0.001991,0.003415,1,acq,20480,20480,0,16,True,False,1,1200000,8381618,False,-1298344,1362537,0,0,0,0,1,1,1784364793.0431411
498,62,2,formal,down,46,31,0,1.5980844286927152,1784364795.385186,1784364797.726229,1784364796.5557075,1.2,0.082251,0.141259,-0.002039,0.003418,1,acq,20480,20480,0,16,True,False,1,1200000,8381618,False,-1436300,1554863,0,0,0,0,1,1,1784364795.385186
499,62,3,formal,down,46,31,0,1.5980844286927152,1784364797.726557,1784364800.0627022,1784364798.8946295,1.2,0.081885,0.140698,-0.002027,0.003399,1,acq,20480,20480,0,16,True,False,1,1200000,8381618,False,-1270821,1318246,0,0,0,0,1,1,1784364797.726557
500,62,4,formal,down,46,31,0,1.5980844286927152,1784364800.063722,1784364802.3927438,1784364801.2282329,1.2,0.081369,0.139817,-0.002013,0.003423,1,acq,20480,20480,0,16,True,False,1,1200000,8381618,False,-1264977,1384725,0,0,0,0,1,1,1784364800.063722
501,62,5,formal,down,46,31,0,1.5980844286927152,1784364802.3930109,1784364804.7343402,1784364803.5636754,1.2,0.080969,0.139204,-0.002049,0.003438,1,acq,20480,20480,0,16,True,False,1,1200000,8381618,False,-1254476,1374224,0,0,0,0,1,1,1784364802.3930109
502,62,6,formal,down,46,31,0,1.5980844286927152,1784364804.734569,1784364807.0699031,1784364805.902236,1.2,0.080497,0.138416,-0.002033,0.003431,1,acq,20480,20480,0,16,True,False,1,1200000,8381618,False,-1306982,1334082,0,0,0,0,1,1,1784364804.734569
503,62,7,formal,down,46,31,0,1.5980844286927152,1784364807.0701592,1784364809.407983,1784364808.2390711,1.2,0.080139,0.137813,-0.002097,0.00345,1,acq,20480,20480,0,16,True,False,1,1200000,8381618,False,-1277765,1350173,0,0,0,0,1,1,1784364807.0701592
504,63,0,formal,up,46,31,1,1.5980844286927152,1784364822.126715,1784364824.4664068,1784364823.2965608,1.2,0.078064,0.134379,-0.002087,0.003473,1,acq,20480,20480,0,16,True,False,1,1200000,8381618,False,-1261759,1325868,0,0,0,0,1,1,1784364822.126715
505,63,1,formal,up,46,31,1,1.5980844286927152,1784364824.466629,1784364826.7928052,1784364825.629717,1.2,0.077842,0.133996,-0.00206,0.003489,1,acq,20480,20480,0,16,True,False,1,1200000,8381618,False,-1237454,1316637,0,0,0,0,1,1,1784364824.466629
506,63,2,formal,up,46,31,1,1.5980844286927152,1784364826.793081,1784364829.130296,1784364827.9616885,1.2,0.077541,0.133461,-0.002089,0.003454,1,acq,20480,20480,0,16,True,False,1,1200000,8381618,False,-1267687,1281576,0,0,0,0,1,1,1784364826.793081
507,63,3,formal,up,46,31,1,1.5980844286927152,1784364829.131305,1784364831.4560032,1784364830.293654,1.2,0.077293,0.133026,-0.002088,0.003502,1,acq,20480,20480,0,16,True,False,1,1200000,8381618,False,-1283608,1389553,0,0,0,0,1,1,1784364829.131305
508,63,4,formal,up,46,31,1,1.5980844286927152,1784364831.45628,1784364833.796834,1784364832.6265569,1.2,0.077032,0.132447,-0.002069,0.00349,1,acq,20480,20480,0,16,True,False,1,1200000,8381618,False,-1238301,1333659,0,0,0,0,1,1,1784364831.45628
509,63,5,formal,up,46,31,1,1.5980844286927152,1784364833.797135,1784364836.136425,1784364834.9667802,1.2,0.076755,0.132192,-0.002061,0.003496,1,acq,20480,20480,0,16,True,False,1,1200000,8381618,False,-1207136,1313249,0,0,0,0,1,1,1784364833.797135
510,63,6,formal,up,46,31,1,1.5980844286927152,1784364836.137494,1784364838.467857,1784364837.3026755,1.2,0.076511,0.131624,-0.002093,0.003468,1,acq,20480,20480,0,16,True,False,1,1200000,8381618,False,-1254730,1361521,0,0,0,0,1,1,1784364836.137494
511,63,7,formal,up,46,31,1,1.5980844286927152,1784364838.468168,1784364840.802422,1784364839.635295,1.2,0.076291,0.131277,-0.002115,0.003518,1,acq,20480,20480,0,16,True,False,1,1200000,8381618,False,-1227461,1251512,0,0,0,0,1,1,1784364838.468168
512,64,0,formal,up,77,32,0,5.6452421909267745,1784364893.745846,1784364896.084074,1784364894.91496,0.335546,-0.24319,-0.413228,0.000967,-0.000531,1,acq,20480,20480,0,16,True,False,1,1200000,8381618,False,-3430267,3506740,0,0,0,0,1,1,1784364893.745846
513,64,1,formal,up,77,32,0,5.6452421909267745,1784364896.085349,1784364898.419348,1784364897.2523484,0.34532,-0.228904,-0.38854,0.003416,-0.005942,1,acq,20480,20480,0,16,True,False,1,1200000,8381618,False,-3370393,8388607,0,1276,0,1277,1,1,1784364896.085349
514,64,2,formal,up,77,32,0,5.6452421909267745,1784364898.4195688,1784364900.7517881,1784364899.5856786,0.329985,-0.241532,-0.410383,0.000999,-0.000557,1,acq,20480,20480,0,16,True,False,1,1200000,8381618,False,-3432215,3499796,0,0,0,0,1,1,1784364898.4195688
515,64,3,formal,up,77,32,0,5.6452421909267745,1784364900.7520242,1784364903.08379,1784364901.9179072,0.327664,-0.241019,-0.409702,0.000989,-0.000579,1,acq,20480,20480,0,16,True,False,1,1200000,8381618,False,-3405284,3477269,0,0,0,0,1,1,1784364900.7520242
516,64,4,formal,up,77,32,0,5.6452421909267745,1784364903.0848901,1784364905.406404,1784364904.245647,0.325224,-0.240329,-0.408423,0.001021,-0.000597,1,acq,20480,20480,0,16,True,False,1,1200000,8381618,False,-3398255,3451693,0,0,0,0,1,1,1784364903.0848901
517,64,5,formal,up,77,32,0,5.6452421909267745,1784364905.4066281,1784364907.738194,1784364906.572411,0.322941,-0.239682,-0.40735,0.001012,-0.000637,1,acq,20480,20480,0,16,True,False,1,1200000,8381618,False,-3378692,3463295,0,0,0,0,1,1,1784364905.4066281
518,64,6,formal,up,77,32,0,5.6452421909267745,1784364907.738397,1784364910.0726569,1784364908.9055269,0.320749,-0.23898,-0.406499,0.00107,-0.000614,1,acq,20480,20480,0,16,True,False,1,1200000,8381618,False,-3416632,3442886,0,0,0,0,1,1,1784364907.738397
519,64,7,formal,up,77,32,0,5.6452421909267745,1784364910.073132,1784364912.4021819,1784364911.237657,0.319059,-0.238818,-0.406037,0.001008,-0.000648,1,acq,20480,20480,0,16,True,False,1,1200000,8381618,False,-3390295,3425186,0,0,0,0,1,1,1784364910.073132
520,65,0,formal,down,77,32,1,5.6452421909267745,1784364925.136729,1784364927.467461,1784364926.302095,0.306668,-0.235066,-0.399782,0.001098,-0.000774,1,acq,20480,20480,0,16,True,False,1,1200000,8381618,False,-3339652,3363195,0,0,0,0,1,1,1784364925.136729
521,65,1,formal,down,77,32,1,5.6452421909267745,1784364927.46858,1784364929.812415,1784364928.6404974,0.304973,-0.234546,-0.398941,0.001057,-0.000761,1,acq,20480,20480,0,16,True,False,1,1200000,8381618,False,-3339143,3380640,0,0,0,0,1,1,1784364927.46858
522,65,2,formal,down,77,32,1,5.6452421909267745,1784364929.81263,1784364932.139242,1784364930.975936,0.30343,-0.234128,-0.398277,0.001091,-0.00081,1,acq,20480,20480,0,16,True,False,1,1200000,8381618,False,-3352439,3359977,0,0,0,0,1,1,1784364929.81263
523,65,3,formal,down,77,32,1,5.6452421909267745,1784364932.139458,1784364934.477399,1784364933.3084285,0.302019,-0.233725,-0.397664,0.00109,-0.000795,1,acq,20480,20480,0,16,True,False,1,1200000,8381618,False,-3321359,3355149,0,0,0,0,1,1,1784364932.139458
524,65,4,formal,down,77,32,1,5.6452421909267745,1784364934.478464,1784364936.813545,1784364935.6460044,0.300514,-0.233268,-0.396871,0.001109,-0.000794,1,acq,20480,20480,0,16,True,False,1,1200000,8381618,False,-3317463,3362687,0,0,0,0,1,1,1784364934.478464
525,65,5,formal,down,77,32,1,5.6452421909267745,1784364936.813762,1784364939.150615,1784364937.9821885,0.298988,-0.23284,-0.396177,0.001121,-0.000818,1,acq,20480,20480,0,16,True,False,1,1200000,8381618,False,-3340160,3349137,0,0,0,0,1,1,1784364936.813762
526,65,6,formal,down,77,32,1,5.6452421909267745,1784364939.150866,1784364941.4940841,1784364940.322475,0.297677,-0.232486,-0.395597,0.001119,-0.000833,1,acq,20480,20480,0,16,True,False,1,1200000,8381618,False,-3320343,3344140,0,0,0,0,1,1,1784364939.150866
527,65,7,formal,down,77,32,1,5.6452421909267745,1784364941.4943202,1784364943.836014,1784364942.665167,0.295754,-0.231618,-0.394141,0.001143,-0.000827,1,acq,20480,20480,0,16,True,False,1,1200000,8381618,False,-3301288,3346088,0,0,0,0,1,1,1784364941.4943202
528,66,0,formal,down,3,33,0,-4.0157150479545285,1784365058.5651178,1784365060.9052758,1784365059.7351968,0.064234,-0.118724,-0.202736,0.001612,-0.002633,1,acq,20480,20480,0,16,True,False,1,1200000,8381618,False,-1760399,1723137,0,0,0,0,1,1,1784365058.5651178
529,66,1,formal,down,3,33,0,-4.0157150479545285,1784365060.906394,1784365063.255372,1784365062.080883,0.06586,-0.120091,-0.205153,0.001599,-0.002623,1,acq,20480,20480,0,16,True,False,1,1200000,8381618,False,-1767005,1746172,0,0,0,0,1,1,1784365060.906394
530,66,2,formal,down,3,33,0,-4.0157150479545285,1784365063.255606,1784365065.598112,1784365064.426859,0.067352,-0.121308,-0.207303,0.001583,-0.002582,1,acq,20480,20480,0,16,True,False,1,1200000,8381618,False,-1800626,1759044,0,0,0,0,1,1,1784365063.255606
531,66,3,formal,down,3,33,0,-4.0157150479545285,1784365065.598569,1784365067.943172,1784365066.7708704,0.06886,-0.122599,-0.209555,0.001591,-0.002565,1,acq,20480,20480,0,16,True,False,1,1200000,8381618,False,-1814514,1781825,0,0,0,0,1,1,1784365065.598569
532,66,4,formal,down,3,33,0,-4.0157150479545285,1784365067.94344,1784365070.28002,1784365069.11173,0.070292,-0.123828,-0.211571,0.001572,-0.00254,1,acq,20480,20480,0,16,True,False,1,1200000,8381618,False,-1824931,1796391,0,0,0,0,1,1,1784365067.94344
533,66,5,formal,down,3,33,0,-4.0157150479545285,1784365070.280237,1784365072.611278,1784365071.4457574,0.07165,-0.124894,-0.213471,0.001546,-0.002512,1,acq,20480,20480,0,16,True,False,1,1200000,8381618,False,-1842377,1819257,0,0,0,0,1,1,1784365070.280237
534,66,6,formal,down,3,33,0,-4.0157150479545285,1784365072.611493,1784365074.945624,1784365073.7785587,0.072966,-0.126015,-0.215308,0.001543,-0.002493,1,acq,20480,20480,0,16,True,False,1,1200000,8381618,False,-1865157,1823491,0,0,0,0,1,1,1784365072.611493
535,66,7,formal,down,3,33,0,-4.0157150479545285,1784365074.9459999,1784365077.275394,1784365076.1106968,0.074346,-0.1272,-0.217275,0.001529,-0.002455,1,acq,20480,20480,0,16,True,False,1,1200000,8381618,False,-1877776,1844240,0,0,0,0,1,1,1784365074.9459999
536,67,0,formal,up,3,33,1,-4.0157150479545285,1784365089.952947,1784365092.2872162,1784365091.1200814,0.081928,-0.13295,-0.227343,0.001501,-0.002322,1,acq,20480,20480,0,16,True,False,1,1200000,8381618,False,-1959838,1929520,0,0,0,0,1,1,1784365089.952947
537,67,1,formal,up,3,33,1,-4.0157150479545285,1784365092.28769,1784365094.617356,1784365093.452523,0.083008,-0.133751,-0.228809,0.001495,-0.002334,1,acq,20480,20480,0,16,True,False,1,1200000,8381618,False,-1970509,1937735,0,0,0,0,1,1,1784365092.28769
538,67,2,formal,up,3,33,1,-4.0157150479545285,1784365094.617575,1784365096.950186,1784365095.7838805,0.084122,-0.134666,-0.230238,0.001451,-0.002307,1,acq,20480,20480,0,16,True,False,1,1200000,8381618,False,-1984906,1947982,0,0,0,0,1,1,1784365094.617575
539,67,3,formal,up,3,33,1,-4.0157150479545285,1784365096.9506419,1784365099.2838368,1784365098.1172395,0.085141,-0.135381,-0.231599,0.001438,-0.002277,1,acq,20480,20480,0,16,True,False,1,1200000,8381618,False,-1996592,1961871,0,0,0,0,1,1,1784365096.9506419
540,67,4,formal,up,3,33,1,-4.0157150479545285,1784365099.28496,1784365101.625688,1784365100.4553242,0.086047,-0.135918,-0.23258,0.001422,-0.002245,1,acq,20480,20480,0,16,True,False,1,1200000,8381618,False,-1987870,1965512,0,0,0,0,1,1,1784365099.28496
541,67,5,formal,up,3,33,1,-4.0157150479545285,1784365101.625924,1784365103.9735072,1784365102.7997155,0.087133,-0.13689,-0.234036,0.001413,-0.002271,1,acq,20480,20480,0,16,True,False,1,1200000,8381618,False,-2014292,1991427,0,0,0,0,1,1,1784365101.625924
542,67,6,formal,up,3,33,1,-4.0157150479545285,1784365103.973841,1784365106.3152761,1784365105.1445584,0.088102,-0.137459,-0.235133,0.001406,-0.002211,1,acq,20480,20480,0,16,True,False,1,1200000,8381618,False,-2006501,1990410,0,0,0,0,1,1,1784365103.973841
543,67,7,formal,up,3,33,1,-4.0157150479545285,1784365106.3155699,1784365108.6593611,1784365107.4874654,0.089075,-0.138209,-0.236345,0.001419,-0.002204,1,acq,20480,20480,0,16,True,False,1,1200000,8381618,False,-2021999,1998710,0,0,0,0,1,1,1784365106.3155699
544,68,0,formal,up,17,34,0,-2.1879663811391463,1784365138.679879,1784365141.009053,1784365139.844466,0.125433,0.160965,0.2745,0.001706,-0.004066,1,acq,20480,20480,0,16,True,False,1,1200000,8381618,False,-2365745,2294354,0,0,0,0,1,1,1784365138.679879
545,68,1,formal,up,17,34,0,-2.1879663811391463,1784365141.009578,1784365143.345828,1784365142.177703,0.125595,0.161031,0.274795,0.001715,-0.004068,1,acq,20480,20480,0,16,True,False,1,1200000,8381618,False,-2375400,2303839,0,0,0,0,1,1,1784365141.009578
546,68,2,formal,up,17,34,0,-2.1879663811391463,1784365143.346088,1784365145.692308,1784365144.519198,0.125565,0.161021,0.274787,0.001744,-0.004016,1,acq,20480,20480,0,16,True,False,1,1200000,8381618,False,-2370572,2303839,0,0,0,0,1,1,1784365143.346088
547,68,3,formal,up,17,34,0,-2.1879663811391463,1784365145.69258,1784365148.026337,1784365146.8594584,0.125528,0.160953,0.274725,0.001714,-0.00408,1,acq,20480,20480,0,16,True,False,1,1200000,8381618,False,-2377940,2303500,0,0,0,0,1,1,1784365145.69258
548,68,4,formal,up,17,34,0,-2.1879663811391463,1784365148.027404,1784365150.3745248,1784365149.2009645,0.125278,0.16069,0.274288,0.00173,-0.004051,1,acq,20480,20480,0,16,True,False,1,1200000,8381618,False,-2368455,2314255,0,0,0,0,1,1,1784365148.027404
549,68,5,formal,up,17,34,0,-2.1879663811391463,1784365150.374772,1784365152.708045,1784365151.5414085,0.125204,0.16068,0.274322,0.001751,-0.004039,1,acq,20480,20480,0,16,True,False,1,1200000,8381618,False,-2376247,2301722,0,0,0,0,1,1,1784365150.374772
550,68,6,formal,up,17,34,0,-2.1879663811391463,1784365152.7083058,1784365155.046078,1784365153.877192,0.125172,0.160796,0.274436,0.001737,-0.004092,1,acq,20480,20480,0,16,True,False,1,1200000,8381618,False,-2367524,2295793,0,0,0,0,1,1,1784365152.7083058
551,68,7,formal,up,17,34,0,-2.1879663811391463,1784365155.046335,1784365157.3656352,1784365156.205985,0.124952,0.160557,0.274191,0.001712,-0.004064,1,acq,20480,20480,0,16,True,False,1,1200000,8381618,False,-2370572,2285631,0,0,0,0,1,1,1784365155.046335
552,69,0,formal,down,17,34,1,-2.1879663811391463,1784365170.082015,1784365172.429536,1784365171.2557755,0.12364,0.159848,0.273144,0.001778,-0.004087,1,acq,20480,20480,0,16,True,False,1,1200000,8381618,False,-2357615,2281058,0,0,0,0,1,1,1784365170.082015
553,69,1,formal,down,17,34,1,-2.1879663811391463,1784365172.4305952,1784365174.762869,1784365173.5967321,0.123227,0.1595,0.272515,0.001786,-0.004081,1,acq,20480,20480,0,16,True,False,1,1200000,8381618,False,-2363035,2274283,0,0,0,0,1,1,1784365172.4305952
554,69,2,formal,down,17,34,1,-2.1879663811391463,1784365174.763159,1784365177.0993862,1784365175.9312725,0.122899,0.159231,0.272142,0.001763,-0.004067,1,acq,20480,20480,0,16,True,False,1,1200000,8381618,False,-2348977,2276739,0,0,0,0,1,1,1784365174.763159
555,69,3,formal,down,17,34,1,-2.1879663811391463,1784365177.099673,1784365179.433064,1784365178.2663684,0.122682,0.159176,0.272024,0.001785,-0.004052,1,acq,20480,20480,0,16,True,False,1,1200000,8381618,False,-2348808,2267423,0,0,0,0,1,1,1784365177.099673
556,69,4,formal,down,17,34,1,-2.1879663811391463,1784365179.4333131,1784365181.774405,1784365180.603859,0.122455,0.15902,0.271856,0.00177,-0.0041,1,acq,20480,20480,0,16,True,False,1,1200000,8381618,False,-2364814,2269964,0,0,0,0,1,1,1784365179.4333131
557,69,5,formal,down,17,34,1,-2.1879663811391463,1784365181.774702,1784365184.101069,1784365182.9378855,0.12222,0.158974,0.271675,0.001819,-0.004063,1,acq,20480,20480,0,16,True,False,1,1200000,8381618,False,-2349824,2266661,0,0,0,0,1,1,1784365181.774702
558,69,6,formal,down,17,34,1,-2.1879663811391463,1784365184.101374,1784365186.441089,1784365185.2712314,0.12178,0.158577,0.27106,0.00176,-0.004087,1,acq,20480,20480,0,16,True,False,1,1200000,8381618,False,-2335342,2260733,0,0,0,0,1,1,1784365184.101374
559,69,7,formal,down,17,34,1,-2.1879663811391463,1784365186.442286,1784365188.767696,1784365187.604991,0.121522,0.158475,0.270875,0.0018,-0.00407,1,acq,20480,20480,0,16,True,False,1,1200000,8381618,False,-2344319,2267423,0,0,0,0,1,1,1784365186.442286
560,70,0,formal,down,63,35,0,3.817493524111393,1784365266.126983,1784365268.477001,1784365267.301992,1.192326,-0.256807,-0.43869,-0.001841,0.004288,1,acq,20480,20480,0,16,True,False,1,1200000,8381618,False,-3610990,3742595,0,0,0,0,1,1,1784365266.126983
561,70,1,formal,down,63,35,0,3.817493524111393,1784365268.477243,1784365270.816992,1784365269.6471176,1.189509,-0.257344,-0.439709,-0.001881,0.004325,1,acq,20480,20480,0,16,True,False,1,1200000,8381618,False,-3662480,3789596,0,0,0,0,1,1,1784365268.477243
562,70,2,formal,down,63,35,0,3.817493524111393,1784365270.8172212,1784365273.145237,1784365271.981229,1.186605,-0.257741,-0.440458,-0.001832,0.00427,1,acq,20480,20480,0,16,True,False,1,1200000,8381618,False,-3658246,3829992,0,0,0,0,1,1,1784365270.8172212
563,70,3,formal,down,63,35,0,3.817493524111393,1784365273.1454751,1784365275.459612,1784365274.3025436,1.184534,-0.258385,-0.441523,-0.001842,0.004299,1,acq,20480,20480,0,16,True,False,1,1200000,8381618,False,-3702453,3764698,0,0,0,0,1,1,1784365273.1454751
564,70,4,formal,down,63,35,0,3.817493524111393,1784365275.4598558,1784365277.799792,1784365276.629824,1.18275,-0.258973,-0.442528,-0.001818,0.0043,1,acq,20480,20480,0,16,True,False,1,1200000,8381618,False,-3660956,3783075,0,0,0,0,1,1,1784365275.4598558
565,70,5,formal,down,63,35,0,3.817493524111393,1784365277.80003,1784365280.1396449,1784365278.9698374,1.180301,-0.259347,-0.443149,-0.001845,0.004283,1,acq,20480,20480,0,16,True,False,1,1200000,8381618,False,-3648930,3779095,0,0,0,0,1,1,1784365277.80003
566,70,6,formal,down,63,35,0,3.817493524111393,1784365280.139869,1784365282.4765859,1784365281.3082275,1.177988,-0.259744,-0.443902,-0.001795,0.004315,1,acq,20480,20480,0,16,True,False,1,1200000,8381618,False,-3644781,3819068,0,0,0,0,1,1,1784365280.139869
567,70,7,formal,down,63,35,0,3.817493524111393,1784365282.476809,1784365284.826659,1784365283.6517339,1.176113,-0.26023,-0.444695,-0.001808,0.00423,1,acq,20480,20480,0,16,True,False,1,1200000,8381618,False,-3673490,3816442,0,0,0,0,1,1,1784365282.476809
568,71,0,formal,up,63,35,1,3.817493524111393,1784365297.523927,1784365299.868543,1784365298.696235,1.164536,-0.262496,-0.448783,-0.001735,0.004194,1,acq,20480,20480,0,16,True,False,1,1200000,8381618,False,-3736243,3848031,0,0,0,0,1,1,1784365297.523927
569,71,1,formal,up,63,35,1,3.817493524111393,1784365299.869005,1784365302.207613,1784365301.038309,1.163754,-0.263018,-0.449704,-0.001793,0.004206,1,acq,20480,20480,0,16,True,False,1,1200000,8381618,False,-3732093,3897488,0,0,0,0,1,1,1784365299.869005
570,71,2,formal,up,63,35,1,3.817493524111393,1784365302.2079182,1784365304.5436218,1784365303.37577,1.162315,-0.263418,-0.4503,-0.001708,0.004165,1,acq,20480,20480,0,16,True,False,1,1200000,8381618,False,-3707788,3839477,0,0,0,0,1,1,1784365302.2079182
571,71,3,formal,up,63,35,1,3.817493524111393,1784365304.543849,1784365306.878324,1784365305.7110865,1.160544,-0.263647,-0.450825,-0.001714,0.004145,1,acq,20480,20480,0,16,True,False,1,1200000,8381618,False,-3766646,3881143,0,0,0,0,1,1,1784365304.543849
572,71,4,formal,up,63,35,1,3.817493524111393,1784365306.878539,1784365309.2145221,1784365308.0465307,1.158824,-0.263925,-0.451161,-0.001711,0.004189,1,acq,20480,20480,0,16,True,False,1,1200000,8381618,False,-3735735,3884362,0,0,0,0,1,1,1784365306.878539
573,71,5,formal,up,63,35,1,3.817493524111393,1784365309.214755,1784365311.547028,1784365310.3808916,1.15779,-0.264257,-0.451838,-0.001733,0.004198,1,acq,20480,20480,0,16,True,False,1,1200000,8381618,False,-3744966,3887410,0,0,0,0,1,1,1784365309.214755
574,71,6,formal,up,63,35,1,3.817493524111393,1784365311.547265,1784365313.887189,1784365312.717227,1.156096,-0.264489,-0.452303,-0.001701,0.004168,1,acq,20480,20480,0,16,True,False,1,1200000,8381618,False,-3758939,3848200,0,0,0,0,1,1,1784365311.547265
575,71,7,formal,up,63,35,1,3.817493524111393,1784365313.887404,1784365316.222089,1784365315.0547466,1.154282,-0.264586,-0.452563,-0.001686,0.00413,1,acq,20480,20480,0,16,True,False,1,1200000,8381618,False,-3702453,3839223,0,0,0,0,1,1,1784365313.887404
576,72,0,formal,up,52,36,0,2.3814052858993078,1784365343.326607,1784365345.661206,1784365344.4939065,1.2,-0.07414,-0.127156,-0.002906,0.005553,1,acq,20480,20480,0,16,True,False,1,1200000,8381618,False,-1196042,1316721,0,0,0,0,1,1,1784365343.326607
577,72,1,formal,up,52,36,0,2.3814052858993078,1784365345.662251,1784365348.0037289,1784365346.83299,1.2,-0.074094,-0.127174,-0.002915,0.005522,1,acq,20480,20480,0,16,True,False,1,1200000,8381618,False,-1146499,1273869,0,0,0,0,1,1,1784365345.662251
578,72,2,formal,up,52,36,0,2.3814052858993078,1784365348.003968,1784365350.3407092,1784365349.1723385,1.2,-0.07399,-0.127055,-0.002891,0.005565,1,acq,20480,20480,0,16,True,False,1,1200000,8381618,False,-1157424,1240926,0,0,0,0,1,1,1784365348.003968
579,72,3,formal,up,52,36,0,2.3814052858993078,1784365350.341024,1784365352.685353,1784365351.5131884,1.2,-0.073977,-0.127084,-0.002907,0.005551,1,acq,20480,20480,0,16,True,False,1,1200000,8381618,False,-1143620,1262352,0,0,0,0,1,1,1784365350.341024
580,72,4,formal,up,52,36,0,2.3814052858993078,1784365352.689449,1784365355.0333629,1784365353.8614058,1.2,-0.074015,-0.127091,-0.002876,0.005561,1,acq,20480,20480,0,16,True,False,1,1200000,8381618,False,-1152004,1231272,0,0,0,0,1,1,1784365352.689449
581,72,5,formal,up,52,36,0,2.3814052858993078,1784365355.033623,1784365357.37442,1784365356.2040215,1.2,-0.074064,-0.12725,-0.002895,0.005544,1,acq,20480,20480,0,16,True,False,1,1200000,8381618,False,-1116943,1290553,0,0,0,0,1,1,1784365355.033623
582,72,6,formal,up,52,36,0,2.3814052858993078,1784365357.374651,1784365359.7224169,1784365358.548534,1.2,-0.074196,-0.127391,-0.002915,0.005561,1,acq,20480,20480,0,16,True,False,1,1200000,8381618,False,-1175886,1297243,0,0,0,0,1,1,1784365357.374651
583,72,7,formal,up,52,36,0,2.3814052858993078,1784365359.722831,1784365362.060353,1784365360.891592,1.2,-0.07419,-0.127448,-0.002898,0.005581,1,acq,20480,20480,0,16,True,False,1,1200000,8381618,False,-1165639,1286996,0,0,0,0,1,1,1784365359.722831
584,73,0,formal,down,52,36,1,2.3814052858993078,1784365374.749335,1784365377.088474,1784365375.9189045,1.2,-0.074864,-0.128659,-0.002887,0.005555,1,acq,20480,20480,0,16,True,False,1,1200000,8381618,False,-1180036,1296735,0,0,0,0,1,1,1784365374.749335
585,73,1,formal,down,52,36,1,2.3814052858993078,1784365377.089576,1784365379.4096398,1784365378.249608,1.2,-0.07501,-0.1289,-0.002908,0.005569,1,acq,20480,20480,0,16,True,False,1,1200000,8381618,False,-1135744,1231949,0,0,0,0,1,1,1784365377.089576
586,73,2,formal,down,52,36,1,2.3814052858993078,1784365379.409935,1784365381.7505438,1784365380.5802393,1.2,-0.075152,-0.129194,-0.002905,0.005583,1,acq,20480,20480,0,16,True,False,1,1200000,8381618,False,-1184524,1264808,0,0,0,0,1,1,1784365379.409935
587,73,3,formal,down,52,36,1,2.3814052858993078,1784365381.750773,1784365384.092563,1784365382.921668,1.2,-0.075221,-0.129344,-0.002911,0.005578,1,acq,20480,20480,0,16,True,False,1,1200000,8381618,False,-1165808,1304780,0,0,0,0,1,1,1784365381.750773
588,73,4,formal,down,52,36,1,2.3814052858993078,1784365384.093596,1784365386.4408278,1784365385.267212,1.2,-0.075313,-0.129525,-0.002901,0.005514,1,acq,20480,20480,0,16,True,False,1,1200000,8381618,False,-1186726,1340688,0,0,0,0,1,1,1784365384.093596
589,73,5,formal,down,52,36,1,2.3814052858993078,1784365386.441065,1784365388.765592,1784365387.6033287,1.2,-0.075435,-0.129757,-0.0029,0.005537,1,acq,20480,20480,0,16,True,False,1,1200000,8381618,False,-1265739,1330949,0,0,0,0,1,1,1784365386.441065
590,73,6,formal,down,52,36,1,2.3814052858993078,1784365388.765792,1784365391.0908318,1784365389.9283118,1.2,-0.075553,-0.129945,-0.0029,0.005565,1,acq,20480,20480,0,16,True,False,1,1200000,8381618,False,-1166994,1303510,0,0,0,0,1,1,1784365388.765792
591,73,7,formal,down,52,36,1,2.3814052858993078,1784365391.0910652,1784365393.43234,1784365392.2617025,1.2,-0.075683,-0.130259,-0.002908,0.005567,1,acq,20480,20480,0,16,True,False,1,1200000,8381618,False,-1188335,1293432,0,0,0,0,1,1,1784365391.0910652
592,74,0,formal,down,28,37,0,-0.7518781429270609,1784365436.314826,1784365438.643091,1784365437.4789586,0.758174,0.297219,0.507217,0.001362,-0.003584,1,acq,20480,20480,0,16,True,False,1,1200000,8381618,False,-4312118,4236408,0,0,0,0,1,1,1784365436.314826
593,74,1,formal,down,28,37,0,-0.7518781429270609,1784365438.644446,1784365440.973757,1784365439.8091016,0.756209,0.297186,0.507461,0.001353,-0.003583,1,acq,20480,20480,0,16,True,False,1,1200000,8381618,False,-4282562,4220825,0,0,0,0,1,1,1784365438.644446
594,74,2,formal,down,28,37,0,-0.7518781429270609,1784365440.974043,1784365443.308523,1784365442.141283,0.753397,0.296864,0.506762,0.001351,-0.003625,1,acq,20480,20480,0,16,True,False,1,1200000,8381618,False,-4309323,4253938,0,0,0,0,1,1,1784365440.974043
595,74,3,formal,down,28,37,0,-0.7518781429270609,1784365443.308754,1784365445.650141,1784365444.4794474,0.751161,0.296617,0.506679,0.001369,-0.003595,1,acq,20480,20480,0,16,True,False,1,1200000,8381618,False,-4293233,4230733,0,0,0,0,1,1,1784365443.308754
596,74,4,formal,down,28,37,0,-0.7518781429270609,1784365445.6505659,1784365447.9871879,1784365446.8188767,0.750108,0.296854,0.507058,0.001365,-0.003683,1,acq,20480,20480,0,16,True,False,1,1200000,8381618,False,-4287559,4206513,0,0,0,0,1,1,1784365445.6505659
597,74,5,formal,down,28,37,0,-0.7518781429270609,1784365447.987415,1784365450.332004,1784365449.1597095,0.7487,0.296908,0.507155,0.00143,-0.00364,1,acq,20480,20480,0,16,True,False,1,1200000,8381618,False,-4267149,4198806,0,0,0,0,1,1,1784365447.987415
598,74,6,formal,down,28,37,0,-0.7518781429270609,1784365450.332335,1784365452.6638248,1784365451.4980798,0.746756,0.296758,0.506853,0.001422,-0.003669,1,acq,20480,20480,0,16,True,False,1,1200000,8381618,False,-4270452,4219385,0,0,0,0,1,1,1784365450.332335
599,74,7,formal,down,28,37,0,-0.7518781429270609,1784365452.664077,1784365454.9983401,1784365453.8312087,0.745124,0.296632,0.506768,0.001328,-0.003654,1,acq,20480,20480,0,16,True,False,1,1200000,8381618,False,-4288152,4227769,0,0,0,0,1,1,1784365452.664077
600,75,0,formal,up,28,37,1,-0.7518781429270609,1784365467.708441,1784365470.040067,1784365468.874254,0.737128,0.296543,0.506625,0.00138,-0.003676,1,acq,20480,20480,0,16,True,False,1,1200000,8381618,False,-4281122,4253684,0,0,0,0,1,1,1784365467.708441
601,75,1,formal,up,28,37,1,-0.7518781429270609,1784365470.040499,1784365472.379293,1784365471.209896,0.736397,0.296595,0.506981,0.001401,-0.00374,1,acq,20480,20480,0,16,True,False,1,1200000,8381618,False,-4303649,4202533,0,0,0,0,1,1,1784365470.040499
602,75,2,formal,up,28,37,1,-0.7518781429270609,1784365472.3794718,1784365474.707068,1784365473.5432699,0.73515,0.296512,0.506729,0.001465,-0.003748,1,acq,20480,20480,0,16,True,False,1,1200000,8381618,False,-4303649,4194064,0,0,0,0,1,1,1784365472.3794718
603,75,3,formal,up,28,37,1,-0.7518781429270609,1784365474.707368,1784365477.0450869,1784365475.8762274,0.734056,0.296319,0.506568,0.001449,-0.003719,1,acq,20480,20480,0,16,True,False,1,1200000,8381618,False,-4283155,4272400,0,0,0,0,1,1,1784365474.707368
604,75,4,formal,up,28,37,1,-0.7518781429270609,1784365477.0461178,1784365479.389076,1784365478.217597,0.733257,0.296418,0.506734,0.001405,-0.00374,1,acq,20480,20480,0,16,True,False,1,1200000,8381618,False,-4282732,4213881,0,0,0,0,1,1,1784365477.0461178
605,75,5,formal,up,28,37,1,-0.7518781429270609,1784365479.38935,1784365481.732665,1784365480.5610075,0.732164,0.296232,0.506514,0.00148,-0.00379,1,acq,20480,20480,0,16,True,False,1,1200000,8381618,False,-4282986,4215151,0,0,0,0,1,1,1784365479.38935
606,75,6,formal,up,28,37,1,-0.7518781429270609,1784365481.732883,1784365484.05677,1784365482.8948264,0.731091,0.296204,0.506429,0.001446,-0.003757,1,acq,20480,20480,0,16,True,False,1,1200000,8381618,False,-4281969,4225568,0,0,0,0,1,1,1784365481.732883
607,75,7,formal,up,28,37,1,-0.7518781429270609,1784365484.057009,1784365486.397254,1784365485.2271314,0.730627,0.296343,0.506638,0.001435,-0.003759,1,acq,20480,20480,0,16,True,False,1,1200000,8381618,False,-4263423,4221333,0,0,0,0,1,1,1784365484.057009
608,76,0,sentinel,up,10,38,0,-3.1018407145468374,1784365523.705583,1784365526.0349,1784365524.8702416,0.00125,0.022691,0.038844,0.002692,-0.004932,1,acq,20480,20480,0,16,True,False,1,1200000,8381618,False,-459430,386344,0,0,0,0,1,1,1784365523.705583
609,76,1,sentinel,up,10,38,0,-3.1018407145468374,1784365526.035987,1784365528.376849,1784365527.206418,0.001059,0.021782,0.037255,0.002697,-0.004933,1,acq,20480,20480,0,16,True,False,1,1200000,8381618,False,-431737,379061,0,0,0,0,1,1,1784365526.035987
610,76,2,sentinel,up,10,38,0,-3.1018407145468374,1784365528.37709,1784365530.709207,1784365529.5431485,0.000862,0.020911,0.035742,0.002674,-0.004921,1,acq,20480,20480,0,16,True,False,1,1200000,8381618,False,-431906,360261,0,0,0,0,1,1,1784365528.37709
611,76,3,sentinel,up,10,38,0,-3.1018407145468374,1784365530.709434,1784365533.05535,1784365531.882392,0.00074,0.020046,0.03433,0.002686,-0.004911,1,acq,20480,20480,0,16,True,False,1,1200000,8381618,False,-426656,353316,0,0,0,0,1,1,1784365530.709434
612,76,4,sentinel,up,10,38,0,-3.1018407145468374,1784365533.0557902,1784365535.3823428,1784365534.2190666,0.000575,0.019238,0.032868,0.00268,-0.004901,1,acq,20480,20480,0,16,True,False,1,1200000,8381618,False,-407262,338919,0,0,0,0,1,1,1784365533.0557902
613,76,5,sentinel,up,10,38,0,-3.1018407145468374,1784365535.38258,1784365537.711763,1784365536.5471716,0.00045,0.018406,0.031535,0.002685,-0.004919,1,acq,20480,20480,0,16,True,False,1,1200000,8381618,False,-394136,321897,0,0,0,0,1,1,1784365535.38258
614,76,6,sentinel,up,10,38,0,-3.1018407145468374,1784365537.7120278,1784365540.050427,1784365538.8812275,0.000317,0.017688,0.030235,0.002674,-0.004892,1,acq,20480,20480,0,16,True,False,1,1200000,8381618,False,-373811,311819,0,0,0,0,1,1,1784365537.7120278
615,76,7,sentinel,up,10,38,0,-3.1018407145468374,1784365540.0515509,1784365542.3988638,1784365541.2252073,0.000201,0.01695,0.029093,0.002671,-0.004878,1,acq,20480,20480,0,16,True,False,1,1200000,8381618,False,-392272,303012,0,0,0,0,1,1,1784365540.0515509
616,77,0,sentinel,down,10,38,1,-3.1018407145468374,1784365555.1097012,1784365557.4394119,1784365556.2745566,-0.000347,0.012881,0.022035,0.002642,-0.004859,1,acq,20480,20480,0,16,True,False,1,1200000,8381618,False,-331043,254063,0,0,0,0,1,1,1784365555.1097012
617,77,1,sentinel,down,10,38,1,-3.1018407145468374,1784365557.440492,1784365559.7641118,1784365558.6023018,-0.000416,0.012301,0.021072,0.002654,-0.004853,1,acq,20480,20480,0,16,True,False,1,1200000,8381618,False,-311904,238649,0,0,0,0,1,1,1784365557.440492
618,77,2,sentinel,down,10,38,1,-3.1018407145468374,1784365559.764352,1784365562.098998,1784365560.931675,-0.000479,0.01172,0.020056,0.002664,-0.004852,1,acq,20480,20480,0,16,True,False,1,1200000,8381618,False,-311650,230943,0,0,0,0,1,1,1784365559.764352
619,77,3,sentinel,down,10,38,1,-3.1018407145468374,1784365562.099257,1784365564.4250739,1784365563.2621655,-0.000529,0.011129,0.01911,0.002655,-0.004845,1,acq,20480,20480,0,16,True,False,1,1200000,8381618,False,-298523,227047,0,0,0,0,1,1,1784365562.099257
620,77,4,sentinel,down,10,38,1,-3.1018407145468374,1784365564.425615,1784365566.761882,1784365565.5937486,-0.000584,0.010613,0.018159,0.002648,-0.004827,1,acq,20480,20480,0,16,True,False,1,1200000,8381618,False,-292595,219425,0,0,0,0,1,1,1784365564.425615
621,77,5,sentinel,down,10,38,1,-3.1018407145468374,1784365566.7621608,1784365569.10716,1784365567.9346604,-0.000643,0.010032,0.017212,0.002658,-0.004825,1,acq,20480,20480,0,16,True,False,1,1200000,8381618,False,-274133,209348,0,0,0,0,1,1,1784365566.7621608
622,77,6,sentinel,down,10,38,1,-3.1018407145468374,1784365569.1074271,1784365571.450651,1784365570.279039,-0.000678,0.009558,0.01632,0.002651,-0.004811,1,acq,20480,20480,0,16,True,False,1,1200000,8381618,False,-281840,212904,0,0,0,0,1,1,1784365569.1074271
623,77,7,sentinel,down,10,38,1,-3.1018407145468374,1784365571.451189,1784365573.795264,1784365572.6232266,-0.000716,0.008989,0.015473,0.002661,-0.004815,1,acq,20480,20480,0,16,True,False,1,1200000,8381618,False,-262277,202573,0,0,0,0,1,1,1784365571.451189
624,78,0,sentinel,down,70,39,0,4.731367857519084,1784365670.860933,1784365673.179858,1784365672.0203955,0.773802,-0.297755,-0.506927,-0.001608,0.004028,1,acq,20480,20480,0,16,True,False,1,1200000,8381618,False,-4171198,4313643,0,0,0,0,1,1,1784365670.860933
625,78,1,sentinel,down,70,39,0,4.731367857519084,1784365673.180456,1784365675.5021381,1784365674.3412971,0.770833,-0.297893,-0.507195,-0.001637,0.004049,1,acq,20480,20480,0,16,True,False,1,1200000,8381618,False,-4167133,4298483,0,0,0,0,1,1,1784365673.180456
626,78,2,sentinel,down,70,39,0,4.731367857519084,1784365675.502346,1784365677.821984,1784365676.6621652,0.76773,-0.297837,-0.50721,-0.001619,0.003972,1,acq,20480,20480,0,16,True,False,1,1200000,8381618,False,-4156293,4301617,0,0,0,0,1,1,1784365675.502346
627,78,3,sentinel,down,70,39,0,4.731367857519084,1784365677.822228,1784365680.13837,1784365678.980299,0.764084,-0.29755,-0.506783,-0.001613,0.004005,1,acq,20480,20480,0,16,True,False,1,1200000,8381618,False,-4204057,4337270,0,0,0,0,1,1,1784365677.822228
628,78,4,sentinel,down,70,39,0,4.731367857519084,1784365680.138605,1784365682.461121,1784365681.299863,0.76176,-0.297705,-0.50708,-0.00155,0.003937,1,acq,20480,20480,0,16,True,False,1,1200000,8381618,False,-4157733,4364709,0,0,0,0,1,1,1784365680.138605
629,78,5,sentinel,down,70,39,0,4.731367857519084,1784365682.4613519,1784365684.783592,1784365683.6224718,0.758849,-0.297711,-0.506973,-0.001531,0.003955,1,acq,20480,20480,0,16,True,False,1,1200000,8381618,False,-4183478,4303226,0,0,0,0,1,1,1784365682.4613519
630,78,6,sentinel,down,70,39,0,4.731367857519084,1784365684.7838452,1784365687.102149,1784365685.942997,0.755818,-0.297491,-0.506761,-0.001544,0.003883,1,acq,20480,20480,0,16,True,False,1,1200000,8381618,False,-4159427,4307037,0,0,0,0,1,1,1784365684.7838452
631,78,7,sentinel,down,70,39,0,4.731367857519084,1784365687.102357,1784365689.423991,1784365688.263174,0.753608,-0.297535,-0.506814,-0.001546,0.003939,1,acq,20480,20480,0,16,True,False,1,1200000,8381618,False,-4160527,4314489,0,0,0,0,1,1,1784365687.102357
632,79,0,sentinel,up,70,39,1,4.731367857519084,1784365701.980814,1784365704.305446,1784365703.1431298,0.738973,-0.297256,-0.50644,-0.001489,0.003819,1,acq,20480,20480,0,16,True,False,1,1200000,8381618,False,-4177804,4276888,0,0,0,0,1,1,1784365701.980814
633,79,1,sentinel,up,70,39,1,4.731367857519084,1784365704.305689,1784365706.622304,1784365705.4639964,0.736473,-0.297042,-0.506069,-0.001454,0.00383,1,acq,20480,20480,0,16,True,False,1,1200000,8381618,False,-4176449,4290353,0,0,0,0,1,1,1784365704.305689
634,79,2,sentinel,up,70,39,1,4.731367857519084,1784365706.62253,1784365708.940371,1784365707.7814505,0.734597,-0.297091,-0.506026,-0.001443,0.003831,1,acq,20480,20480,0,16,True,False,1,1200000,8381618,False,-4163237,4310424,0,0,0,0,1,1,1784365706.62253
635,79,3,sentinel,up,70,39,1,4.731367857519084,1784365708.940625,1784365711.2622368,1784365710.101431,0.732679,-0.296954,-0.505997,-0.00137,0.003776,1,acq,20480,20480,0,16,True,False,1,1200000,8381618,False,-4165609,4284764,0,0,0,0,1,1,1784365708.940625
636,79,4,sentinel,up,70,39,1,4.731367857519084,1784365711.262469,1784365713.577388,1784365712.4199286,0.730851,-0.297015,-0.506032,-0.001403,0.003756,1,acq,20480,20480,0,16,True,False,1,1200000,8381618,False,-4182885,4303311,0,0,0,0,1,1,1784365711.262469
637,79,5,sentinel,up,70,39,1,4.731367857519084,1784365713.5776,1784365715.89974,1784365714.7386699,0.728468,-0.296771,-0.50563,-0.001402,0.003714,1,acq,20480,20480,0,16,True,False,1,1200000,8381618,False,-4179497,4300601,0,0,0,0,1,1,1784365713.5776
638,79,6,sentinel,up,70,39,1,4.731367857519084,1784365715.8999732,1784365718.2250712,1784365717.0625222,0.726889,-0.296741,-0.505698,-0.001405,0.003737,1,acq,20480,20480,0,16,True,False,1,1200000,8381618,False,-4152482,4296620,0,0,0,0,1,1,1784365715.8999732
639,79,7,sentinel,up,70,39,1,4.731367857519084,1784365718.225377,1784365720.5523992,1784365719.3888881,0.725147,-0.296771,-0.505669,-0.001439,0.003757,1,acq,20480,20480,0,16,True,False,1,1200000,8381618,False,-4176703,4307630,0,0,0,0,1,1,1784365718.225377
640,80,0,formal,up,75,40,0,5.384135238524578,1784365737.39325,1784365739.712328,1784365738.552789,0.421928,-0.266664,-0.453405,0.000997,-0.000643,1,acq,20480,20480,0,16,True,False,1,1200000,8381618,False,-3757584,3828298,0,0,0,0,1,1,1784365737.39325
641,80,1,formal,up,75,40,0,5.384135238524578,1784365739.7134662,1784365742.026602,1784365740.8700342,0.419895,-0.266267,-0.452711,0.000976,-0.00073,1,acq,20480,20480,0,16,True,False,1,1200000,8381618,False,-3754027,3824826,0,0,0,0,1,1,1784365739.7134662
642,80,2,formal,up,75,40,0,5.384135238524578,1784365742.026835,1784365744.347342,1784365743.1870885,0.417425,-0.265489,-0.451616,0.000963,-0.000765,1,acq,20480,20480,0,16,True,False,1,1200000,8381618,False,-3742341,3789003,0,0,0,0,1,1,1784365742.026835
643,80,3,formal,up,75,40,0,5.384135238524578,1784365744.3475819,1784365746.6702652,1784365745.5089235,0.415955,-0.265372,-0.451374,0.001002,-0.0007,1,acq,20480,20480,0,16,True,False,1,1200000,8381618,False,-3747337,3830924,0,0,0,0,1,1,1784365744.3475819
644,80,4,formal,up,75,40,0,5.384135238524578,1784365746.670733,1784365748.998467,1784365747.8346,0.41397,-0.264868,-0.450538,0.001001,-0.000723,1,acq,20480,20480,0,16,True,False,1,1200000,8381618,False,-3772405,3799928,0,0,0,0,1,1,1784365746.670733
645,80,5,formal,up,75,40,0,5.384135238524578,1784365748.999508,1784365751.329273,1784365750.1643906,0.412063,-0.264411,-0.449906,0.000989,-0.00077,1,acq,20480,20480,0,16,True,False,1,1200000,8381618,False,-3725064,3779010,0,0,0,0,1,1,1784365748.999508
646,80,6,formal,up,75,40,0,5.384135238524578,1784365751.329512,1784365753.651009,1784365752.4902606,0.410335,-0.263992,-0.449236,0.001026,-0.000769,1,acq,20480,20480,0,16,True,False,1,1200000,8381618,False,-3734126,3804671,0,0,0,0,1,1,1784365751.329512
647,80,7,formal,up,75,40,0,5.384135238524578,1784365753.651219,1784365755.969333,1784365754.810276,0.409202,-0.263966,-0.449226,0.001015,-0.000747,1,acq,20480,20480,0,16,True,False,1,1200000,8381618,False,-3736243,3772574,0,0,0,0,1,1,1784365753.651219
648,81,0,formal,down,75,40,1,5.384135238524578,1784365768.535297,1784365770.855175,1784365769.695236,0.398963,-0.261496,-0.445257,0.001029,-0.000871,1,acq,20480,20480,0,16,True,False,1,1200000,8381618,False,-3685515,3751741,0,0,0,0,1,1,1784365768.535297
649,81,1,formal,down,75,40,1,5.384135238524578,1784365770.856263,1784365773.1779761,1784365772.0171194,0.397489,-0.261138,-0.444586,0.001021,-0.000837,1,acq,20480,20480,0,16,True,False,1,1200000,8381618,False,-3675099,3736836,0,0,0,0,1,1,1784365770.856263
650,81,2,formal,down,75,40,1,5.384135238524578,1784365773.178219,1784365775.493518,1784365774.3358686,0.395991,-0.260788,-0.444093,0.001048,-0.000831,1,acq,20480,20480,0,16,True,False,1,1200000,8381618,False,-3703469,3756822,0,0,0,0,1,1,1784365773.178219
651,81,3,formal,down,75,40,1,5.384135238524578,1784365775.4937332,1784365777.8133068,1784365776.65352,0.395105,-0.260795,-0.44401,0.001038,-0.000868,1,acq,20480,20480,0,16,True,False,1,1200000,8381618,False,-3705332,3731670,0,0,0,0,1,1,1784365775.4937332
652,81,4,formal,down,75,40,1,5.384135238524578,1784365777.813536,1784365780.134007,1784365778.9737716,0.393764,-0.260452,-0.44343,0.001063,-0.000886,1,acq,20480,20480,0,16,True,False,1,1200000,8381618,False,-3707280,3721423,0,0,0,0,1,1,1784365777.813536
653,81,5,formal,down,75,40,1,5.384135238524578,1784365780.134221,1784365782.4548988,1784365781.29456,0.392054,-0.259774,-0.44253,0.001052,-0.000938,1,acq,20480,20480,0,16,True,False,1,1200000,8381618,False,-3684414,3747253,0,0,0,0,1,1,1784365780.134221
654,81,6,formal,down,75,40,1,5.384135238524578,1784365782.455173,1784365784.779861,1784365783.617517,0.391208,-0.259869,-0.442519,0.001111,-0.000918,1,acq,20480,20480,0,16,True,False,1,1200000,8381618,False,-3692883,3704739,0,0,0,0,1,1,1784365782.455173
655,81,7,formal,down,75,40,1,5.384135238524578,1784365784.7800992,1784365787.101631,1784365785.940865,0.389733,-0.259426,-0.441875,0.001064,-0.00093,1,acq,20480,20480,0,16,True,False,1,1200000,8381618,False,-3654181,3725827,0,0,0,0,1,1,1784365784.7800992
656,82,0,formal,down,5,41,0,-3.7546080955523307,1784365894.968134,1784365897.290375,1784365896.1292543,0.022435,-0.071748,-0.1227,0.002787,-0.004686,1,acq,20480,20480,0,16,True,False,1,1200000,8381618,False,-1148871,1076039,0,0,0,0,1,1,1784365894.968134
657,82,1,formal,down,5,41,0,-3.7546080955523307,1784365897.2915719,1784365899.617633,1784365898.4546025,0.023407,-0.073228,-0.125202,0.002792,-0.00468,1,acq,20480,20480,0,16,True,False,1,1200000,8381618,False,-1152766,1099074,0,0,0,0,1,1,1784365897.2915719
658,82,2,formal,down,5,41,0,-3.7546080955523307,1784365899.6178272,1784365901.9401228,1784365900.778975,0.024306,-0.074544,-0.12745,0.002794,-0.004678,1,acq,20480,20480,0,16,True,False,1,1200000,8381618,False,-1193332,1113810,0,0,0,0,1,1,1784365899.6178272
659,82,3,formal,down,5,41,0,-3.7546080955523307,1784365901.940421,1784365904.255944,1784365903.0981827,0.025195,-0.075746,-0.129599,0.002818,-0.004671,1,acq,20480,20480,0,16,True,False,1,1200000,8381618,False,-1199683,1125243,0,0,0,0,1,1,1784365901.940421
660,82,4,formal,down,5,41,0,-3.7546080955523307,1784365904.256194,1784365906.5762382,1784365905.4162161,0.026045,-0.076983,-0.13176,0.002823,-0.004671,1,acq,20480,20480,0,16,True,False,1,1200000,8381618,False,-1218399,1146161,0,0,0,0,1,1,1784365904.256194
661,82,5,formal,down,5,41,0,-3.7546080955523307,1784365906.5764768,1784365908.8961978,1784365907.7363372,0.026932,-0.078245,-0.133887,0.002805,-0.004646,1,acq,20480,20480,0,16,True,False,1,1200000,8381618,False,-1246261,1160896,0,0,0,0,1,1,1784365906.5764768
662,82,6,formal,down,5,41,0,-3.7546080955523307,1784365908.896437,1784365911.212718,1784365910.0545774,0.027714,-0.079276,-0.135622,0.002793,-0.004658,1,acq,20480,20480,0,16,True,False,1,1200000,8381618,False,-1245668,1167502,0,0,0,0,1,1,1784365908.896437
663,82,7,formal,down,5,41,0,-3.7546080955523307,1784365911.213027,1784365913.5361521,1784365912.3745894,0.028527,-0.080298,-0.137458,0.002801,-0.004649,1,acq,20480,20480,0,16,True,False,1,1200000,8381618,False,-1262098,1195364,0,0,0,0,1,1,1784365911.213027
664,83,0,formal,up,5,41,1,-3.7546080955523307,1784365926.0963929,1784365928.4208949,1784365927.2586439,0.033382,-0.086627,-0.148205,0.002815,-0.00463,1,acq,20480,20480,0,16,True,False,1,1200000,8381618,False,-1344245,1278866,0,0,0,0,1,1,1784365926.0963929
665,83,1,formal,up,5,41,1,-3.7546080955523307,1784365928.421995,1784365930.7373009,1784365929.579648,0.034018,-0.087265,-0.149373,0.002811,-0.004627,1,acq,20480,20480,0,16,True,False,1,1200000,8381618,False,-1358472,1296227,0,0,0,0,1,1,1784365928.421995
666,83,2,formal,up,5,41,1,-3.7546080955523307,1784365930.737555,1784365933.059438,1784365931.8984966,0.034763,-0.08825,-0.151055,0.002818,-0.004632,1,acq,20480,20480,0,16,True,False,1,1200000,8381618,False,-1376002,1306728,0,0,0,0,1,1,1784365930.737555
667,83,3,formal,up,5,41,1,-3.7546080955523307,1784365933.059778,1784365935.382987,1784365934.2213826,0.035419,-0.089062,-0.152416,0.002835,-0.004623,1,acq,20480,20480,0,16,True,False,1,1200000,8381618,False,-1380406,1313588,0,0,0,0,1,1,1784365933.059778
668,83,4,formal,up,5,41,1,-3.7546080955523307,1784365935.384017,1784365937.704129,1784365936.544073,0.036093,-0.089885,-0.153803,0.00283,-0.004638,1,acq,20480,20480,0,16,True,False,1,1200000,8381618,False,-1419701,1324258,0,0,0,0,1,1,1784365935.384017
669,83,5,formal,up,5,41,1,-3.7546080955523307,1784365937.704391,1784365940.028849,1784365938.86662,0.036774,-0.090645,-0.155195,0.002833,-0.004629,1,acq,20480,20480,0,16,True,False,1,1200000,8381618,False,-1414197,1335183,0,0,0,0,1,1,1784365937.704391
670,83,6,formal,up,5,41,1,-3.7546080955523307,1784365940.029153,1784365942.3497128,1784365941.189433,0.037391,-0.091239,-0.156274,0.002812,-0.004621,1,acq,20480,20480,0,16,True,False,1,1200000,8381618,False,-1418770,1344245,0,0,0,0,1,1,1784365940.029153
671,83,7,formal,up,5,41,1,-3.7546080955523307,1784365942.3508322,1784365944.677869,1784365943.5143507,0.038026,-0.092096,-0.157634,0.002822,-0.004602,1,acq,20480,20480,0,16,True,False,1,1200000,8381618,False,-1431981,1356694,0,0,0,0,1,1,1784365942.3508322
672,84,0,formal,up,21,42,0,-1.6657524763347515,1784365975.9306722,1784365978.2653508,1784365977.0980115,0.295404,0.233763,0.398502,0.002772,-0.005637,1,acq,20480,20480,0,16,True,False,1,1200000,8381618,False,-3394360,3278423,0,0,0,0,1,1,1784365975.9306722
673,84,1,formal,up,21,42,0,-1.6657524763347515,1784365978.266413,1784365980.5927129,1784365979.429563,0.295516,0.233782,0.398441,0.002757,-0.005646,1,acq,20480,20480,0,16,True,False,1,1200000,8381618,False,-3403760,3251661,0,0,0,0,1,1,1784365978.266413
674,84,2,formal,up,21,42,0,-1.6657524763347515,1784365980.5929658,1784365982.927957,1784365981.7604613,0.295757,0.233767,0.39858,0.002749,-0.005647,1,acq,20480,20480,0,16,True,False,1,1200000,8381618,False,-3399949,3258944,0,0,0,0,1,1,1784365980.5929658
675,84,3,formal,up,21,42,0,-1.6657524763347515,1784365982.9283872,1784365985.26764,1784365984.0980136,0.296084,0.233915,0.399074,0.002764,-0.005656,1,acq,20480,20480,0,16,True,False,1,1200000,8381618,False,-3399187,3280370,0,0,0,0,1,1,1784365982.9283872
676,84,4,formal,up,21,42,0,-1.6657524763347515,1784365985.267849,1784365987.603502,1784365986.4356756,0.296312,0.23405,0.399254,0.002777,-0.005698,1,acq,20480,20480,0,16,True,False,1,1200000,8381618,False,-3405030,3280370,0,0,0,0,1,1,1784365985.267849
677,84,5,formal,up,21,42,0,-1.6657524763347515,1784365987.6046112,1784365989.9309309,1784365988.767771,0.296225,0.234021,0.399318,0.002776,-0.005629,1,acq,20480,20480,0,16,True,False,1,1200000,8381618,False,-3387077,3262586,0,0,0,0,1,1,1784365987.6046112
678,84,6,formal,up,21,42,0,-1.6657524763347515,1784365989.931189,1784365992.271575,1784365991.101382,0.295899,0.23374,0.398908,0.002732,-0.00568,1,acq,20480,20480,0,16,True,False,1,1200000,8381618,False,-3406639,3284689,0,0,0,0,1,1,1784365989.931189
679,84,7,formal,up,21,42,0,-1.6657524763347515,1784365992.271829,1784365994.6116228,1784365993.4417257,0.295891,0.233771,0.398963,0.002781,-0.005643,1,acq,20480,20480,0,16,True,False,1,1200000,8381618,False,-3399695,3295360,0,0,0,0,1,1,1784365992.271829
680,85,0,formal,down,21,42,1,-1.6657524763347515,1784366007.3647091,1784366009.683548,1784366008.5241284,0.294821,0.233384,0.398578,0.002799,-0.005651,1,acq,20480,20480,0,16,True,False,1,1200000,8381618,False,-3417987,3277491,0,0,0,0,1,1,1784366007.3647091
681,85,1,formal,down,21,42,1,-1.6657524763347515,1784366009.6846778,1784366012.0269802,1784366010.855829,0.294545,0.233212,0.398454,0.002806,-0.005658,1,acq,20480,20480,0,16,True,False,1,1200000,8381618,False,-3392327,3273003,0,0,0,0,1,1,1784366009.6846778
682,85,2,formal,down,21,42,1,-1.6657524763347515,1784366012.027201,1784366014.370839,1784366013.19902,0.294382,0.233225,0.398409,0.002789,-0.005648,1,acq,20480,20480,0,16,True,False,1,1200000,8381618,False,-3390887,3289686,0,0,0,0,1,1,1784366012.027201
683,85,3,formal,down,21,42,1,-1.6657524763347515,1784366014.37109,1784366016.714752,1784366015.542921,0.293951,0.232995,0.398073,0.002788,-0.00566,1,acq,20480,20480,0,16,True,False,1,1200000,8381618,False,-3370224,3273003,0,0,0,0,1,1,1784366014.37109
684,85,4,formal,down,21,42,1,-1.6657524763347515,1784366016.714984,1784366019.046193,1784366017.8805885,0.293674,0.232952,0.397894,0.002857,-0.005639,1,acq,20480,20480,0,16,True,False,1,1200000,8381618,False,-3366667,3276813,0,0,0,0,1,1,1784366016.714984
685,85,5,formal,down,21,42,1,-1.6657524763347515,1784366019.046504,1784366021.37118,1784366020.208842,0.293158,0.232722,0.397559,0.002774,-0.005664,1,acq,20480,20480,0,16,True,False,1,1200000,8381618,False,-3391396,3274950,0,0,0,0,1,1,1784366019.046504
686,85,6,formal,down,21,42,1,-1.6657524763347515,1784366021.371503,1784366023.696175,1784366022.5338392,0.292947,0.23264,0.397476,0.002792,-0.005632,1,acq,20480,20480,0,16,True,False,1,1200000,8381618,False,-3364888,3258775,0,0,0,0,1,1,1784366021.371503
687,85,7,formal,down,21,42,1,-1.6657524763347515,1784366023.696424,1784366026.02949,1784366024.862957,0.292873,0.23265,0.397563,0.002833,-0.005631,1,acq,20480,20480,0,16,True,False,1,1200000,8381618,False,-3384197,3276390,0,0,0,0,1,1,1784366023.696424
688,86,0,formal,down,59,43,0,3.2952796193069984,1784366091.904585,1784366094.230293,1784366093.067439,1.2,-0.196842,-0.336955,-0.002043,0.004791,1,acq,20480,20480,0,16,True,False,1,1200000,8381618,False,-2852529,3013351,0,0,0,0,1,1,1784366091.904585
689,86,1,formal,down,59,43,0,3.2952796193069984,1784366094.230835,1784366096.562937,1784366095.3968859,1.2,-0.197563,-0.338138,-0.002021,0.00477,1,acq,20480,20480,0,16,True,False,1,1200000,8381618,False,-2852444,2980577,0,0,0,0,1,1,1784366094.230835
690,86,2,formal,down,59,43,0,3.2952796193069984,1784366096.563176,1784366098.892661,1784366097.7279186,1.2,-0.198262,-0.339338,-0.002,0.004817,1,acq,20480,20480,0,16,True,False,1,1200000,8381618,False,-2889368,3004289,0,0,0,0,1,1,1784366096.563176
691,86,3,formal,down,59,43,0,3.2952796193069984,1784366098.892975,1784366101.243621,1784366100.068298,1.2,-0.198948,-0.340679,-0.001991,0.00475,1,acq,20480,20480,0,16,True,False,1,1200000,8381618,False,-2911641,3020295,0,0,0,0,1,1,1784366098.892975
692,86,4,formal,down,59,43,0,3.2952796193069984,1784366101.243995,1784366103.584743,1784366102.414369,1.2,-0.199662,-0.341814,-0.002014,0.004781,1,acq,20480,20480,0,16,True,False,1,1200000,8381618,False,-2896312,2998192,0,0,0,0,1,1,1784366101.243995
693,86,5,formal,down,59,43,0,3.2952796193069984,1784366103.58577,1784366105.91295,1784366104.74936,1.2,-0.200197,-0.342801,-0.002012,0.004772,1,acq,20480,20480,0,16,True,False,1,1200000,8381618,False,-2850242,3022158,0,0,0,0,1,1,1784366103.58577
694,86,6,formal,down,59,43,0,3.2952796193069984,1784366105.913259,1784366108.24634,1784366107.0797997,1.2,-0.200824,-0.343915,-0.002008,0.004754,1,acq,20480,20480,0,16,True,False,1,1200000,8381618,False,-2884710,3017500,0,0,0,0,1,1,1784366105.913259
695,86,7,formal,down,59,43,0,3.2952796193069984,1784366108.2465699,1784366110.5816488,1784366109.4141092,1.2,-0.201311,-0.344883,-0.001965,0.004734,1,acq,20480,20480,0,16,True,False,1,1200000,8381618,False,-2873532,3041213,0,0,0,0,1,1,1784366108.2465699
696,87,0,formal,up,59,43,1,3.2952796193069984,1784366123.2847512,1784366125.621403,1784366124.453077,1.2,-0.204323,-0.35014,-0.001976,0.004684,1,acq,20480,20480,0,16,True,False,1,1200000,8381618,False,-2997683,3057303,0,0,0,0,1,1,1784366123.2847512
697,87,1,formal,up,59,43,1,3.2952796193069984,1784366125.6225028,1784366127.96454,1784366126.7935214,1.2,-0.204614,-0.350651,-0.001932,0.004747,1,acq,20480,20480,0,16,True,False,1,1200000,8381618,False,-2919432,3123614,0,0,0,0,1,1,1784366125.6225028
698,87,2,formal,up,59,43,1,3.2952796193069984,1784366127.964743,1784366130.3124669,1784366129.1386049,1.2,-0.205101,-0.351415,-0.001946,0.004678,1,acq,20480,20480,0,16,True,False,1,1200000,8381618,False,-2958219,3060860,0,0,0,0,1,1,1784366127.964743
699,87,3,formal,up,59,43,1,3.2952796193069984,1784366130.312694,1784366132.645531,1784366131.4791126,1.2,-0.205694,-0.352493,-0.001947,0.004704,1,acq,20480,20480,0,16,True,False,1,1200000,8381618,False,-2954832,3153339,0,0,0,0,1,1,1784366130.312694
700,87,4,formal,up,59,43,1,3.2952796193069984,1784366132.645974,1784366134.982764,1784366133.814369,1.2,-0.205822,-0.352649,-0.00194,0.004709,1,acq,20480,20480,0,16,True,False,1,1200000,8381618,False,-2977443,3081778,0,0,0,0,1,1,1784366132.645974
701,87,5,formal,up,59,43,1,3.2952796193069984,1784366134.983008,1784366137.32572,1784366136.154364,1.2,-0.206305,-0.353428,-0.00197,0.004721,1,acq,20480,20480,0,16,True,False,1,1200000,8381618,False,-2977782,3052476,0,0,0,0,1,1,1784366134.983008
702,87,6,formal,up,59,43,1,3.2952796193069984,1784366137.325953,1784366139.668851,1784366138.497402,1.2,-0.206906,-0.35445,-0.001952,0.004687,1,acq,20480,20480,0,16,True,False,1,1200000,8381618,False,-2998361,3115060,0,0,0,0,1,1,1784366137.325953
703,87,7,formal,up,59,43,1,3.2952796193069984,1784366139.6692832,1784366142.001046,1784366140.8351645,1.2,-0.207232,-0.355011,-0.001916,0.004715,1,acq,20480,20480,0,16,True,False,1,1200000,8381618,False,-2985065,3110741,0,0,0,0,1,1,1784366139.6692832
704,88,0,formal,up,47,44,0,1.728637904893814,1784366171.981437,1784366174.323033,1784366173.152235,1.2,0.040636,0.069964,-0.002546,0.004441,1,acq,20480,20480,0,16,True,False,1,1200000,8381618,False,-695284,839507,0,0,0,0,1,1,1784366171.981437
705,88,1,formal,up,47,44,0,1.728637904893814,1784366174.324165,1784366176.662169,1784366175.493167,1.2,0.040807,0.070217,-0.002546,0.004454,1,acq,20480,20480,0,16,True,False,1,1200000,8381618,False,-706971,847807,0,0,0,0,1,1,1784366174.324165
706,88,2,formal,up,47,44,0,1.728637904893814,1784366176.6625888,1784366178.989408,1784366177.8259983,1.2,0.040855,0.0704,-0.002614,0.004445,1,acq,20480,20480,0,16,True,False,1,1200000,8381618,False,-666829,811730,0,0,0,0,1,1,1784366176.6625888
707,88,3,formal,up,47,44,0,1.728637904893814,1784366178.989627,1784366181.329494,1784366180.1595604,1.2,0.040884,0.070517,-0.002564,0.004472,1,acq,20480,20480,0,16,True,False,1,1200000,8381618,False,-746859,818420,0,0,0,0,1,1,1784366178.989627
708,88,4,formal,up,47,44,0,1.728637904893814,1784366181.329869,1784366183.6724322,1784366182.5011506,1.2,0.041013,0.070547,-0.002571,0.004479,1,acq,20480,20480,0,16,True,False,1,1200000,8381618,False,-724332,811645,0,0,0,0,1,1,1784366181.329869
709,88,5,formal,up,47,44,0,1.728637904893814,1784366183.673773,1784366186.005187,1784366184.83948,1.2,0.041074,0.070671,-0.002539,0.004502,1,acq,20480,20480,0,16,True,False,1,1200000,8381618,False,-713153,787255,0,0,0,0,1,1,1784366183.673773
710,88,6,formal,up,47,44,0,1.728637904893814,1784366186.0054889,1784366188.339058,1784366187.1722734,1.2,0.040986,0.07068,-0.002576,0.004427,1,acq,20480,20480,0,16,True,False,1,1200000,8381618,False,-710443,877024,0,0,0,0,1,1,1784366186.0054889
711,88,7,formal,up,47,44,0,1.728637904893814,1784366188.339509,1784366190.692024,1784366189.5157666,1.2,0.041009,0.070795,-0.002536,0.004456,1,acq,20480,20480,0,16,True,False,1,1200000,8381618,False,-705108,806394,0,0,0,0,1,1,1784366188.339509
712,89,0,formal,down,47,44,1,1.728637904893814,1784366203.437172,1784366205.765822,1784366204.601497,1.2,0.040825,0.070469,-0.00258,0.004457,1,acq,20480,20480,0,16,True,False,1,1200000,8381618,False,-683343,797079,0,0,0,0,1,1,1784366203.437172
713,89,1,formal,down,47,44,1,1.728637904893814,1784366205.766067,1784366208.1056461,1784366206.9358566,1.2,0.04082,0.070398,-0.002559,0.00448,1,acq,20480,20480,0,16,True,False,1,1200000,8381618,False,-706802,882274,0,0,0,0,1,1,1784366205.766067
714,89,2,formal,down,47,44,1,1.728637904893814,1784366208.105886,1784366210.4307258,1784366209.2683058,1.2,0.040773,0.070312,-0.002544,0.004428,1,acq,20480,20480,0,16,True,False,1,1200000,8381618,False,-708580,815371,0,0,0,0,1,1,1784366208.105886
715,89,3,formal,down,47,44,1,1.728637904893814,1784366210.431015,1784366212.753921,1784366211.592468,1.2,0.040705,0.070252,-0.002552,0.004508,1,acq,20480,20480,0,16,True,False,1,1200000,8381618,False,-691643,824941,0,0,0,0,1,1,1784366210.431015
716,89,4,formal,down,47,44,1,1.728637904893814,1784366212.7541811,1784366215.084051,1784366213.919116,1.2,0.040668,0.070118,-0.002569,0.004448,1,acq,20480,20480,0,16,True,False,1,1200000,8381618,False,-703160,842641,0,0,0,0,1,1,1784366212.7541811
717,89,5,formal,down,47,44,1,1.728637904893814,1784366215.0842738,1784366217.415993,1784366216.2501335,1.2,0.040701,0.07004,-0.00258,0.004439,1,acq,20480,20480,0,16,True,False,1,1200000,8381618,False,-677585,773282,0,0,0,0,1,1,1784366215.0842738
718,89,6,formal,down,47,44,1,1.728637904893814,1784366217.4170618,1784366219.745606,1784366218.5813339,1.2,0.040631,0.070027,-0.002572,0.004468,1,acq,20480,20480,0,16,True,False,1,1200000,8381618,False,-666237,762780,0,0,0,0,1,1,1784366217.4170618
719,89,7,formal,down,47,44,1,1.728637904893814,1784366219.745864,1784366222.0932422,1784366220.919553,1.2,0.040577,0.069963,-0.002571,0.004474,1,acq,20480,20480,0,16,True,False,1,1200000,8381618,False,-706209,796486,0,0,0,0,1,1,1784366219.745864
720,90,0,formal,down,33,45,0,-0.0991107619215672,1784366250.6176279,1784366252.953651,1784366251.7856393,1.055627,0.280941,0.480673,0.000421,-0.001498,1,acq,20480,20480,0,16,True,False,1,1200000,8381618,False,-4048909,4042897,0,0,0,0,1,1,1784366250.6176279
721,90,1,formal,down,33,45,0,-0.0991107619215672,1784366252.954751,1784366255.2862,1784366254.1204755,1.054579,0.281273,0.481226,0.000463,-0.001465,1,acq,20480,20480,0,16,True,False,1,1200000,8381618,False,-4030617,4029431,0,0,0,0,1,1,1784366252.954751
722,90,2,formal,down,33,45,0,-0.0991107619215672,1784366255.286437,1784366257.614621,1784366256.450529,1.052273,0.281167,0.481171,0.000453,-0.001476,1,acq,20480,20480,0,16,True,False,1,1200000,8381618,False,-4063306,3990898,0,0,0,0,1,1,1784366255.286437
723,90,3,formal,down,33,45,0,-0.0991107619215672,1784366257.615073,1784366259.939668,1784366258.7773705,1.051601,0.28147,0.481779,0.000482,-0.001513,1,acq,20480,20480,0,16,True,False,1,1200000,8381618,False,-4042050,3999452,0,0,0,0,1,1,1784366257.615073
724,90,4,formal,down,33,45,0,-0.0991107619215672,1784366259.940326,1784366262.278031,1784366261.1091785,1.050576,0.281683,0.482186,0.000446,-0.001525,1,acq,20480,20480,0,16,True,False,1,1200000,8381618,False,-4038154,3998859,0,0,0,0,1,1,1784366259.940326
725,90,5,formal,down,33,45,0,-0.0991107619215672,1784366262.2782578,1784366264.612753,1784366263.4455054,1.049212,0.281699,0.482273,0.000475,-0.001548,1,acq,20480,20480,0,16,True,False,1,1200000,8381618,False,-4090914,4016051,0,0,0,0,1,1,1784366262.2782578
726,90,6,formal,down,33,45,0,-0.0991107619215672,1784366264.613079,1784366266.9492779,1784366265.7811785,1.047982,0.281739,0.482368,0.000507,-0.001573,1,acq,20480,20480,0,16,True,False,1,1200000,8381618,False,-4057802,4026044,0,0,0,0,1,1,1784366264.613079
727,90,7,formal,down,33,45,0,-0.0991107619215672,1784366266.949515,1784366269.290595,1784366268.1200552,1.04729,0.28191,0.482731,0.000498,-0.001531,1,acq,20480,20480,0,16,True,False,1,1200000,8381618,False,-4093032,4033496,0,0,0,0,1,1,1784366266.949515
728,91,0,formal,up,33,45,1,-0.0991107619215672,1784366281.9959009,1784366284.327938,1784366283.1619196,1.042452,0.282617,0.484136,0.000482,-0.001636,1,acq,20480,20480,0,16,True,False,1,1200000,8381618,False,-4060596,4014865,0,0,0,0,1,1,1784366281.9959009
729,91,1,formal,up,33,45,1,-0.0991107619215672,1784366284.329082,1784366286.6613498,1784366285.495216,1.042,0.282761,0.484433,0.000529,-0.001527,1,acq,20480,20480,0,16,True,False,1,1200000,8381618,False,-4070928,4020708,0,0,0,0,1,1,1784366284.329082
730,91,2,formal,up,33,45,1,-0.0991107619215672,1784366286.661661,1784366288.995084,1784366287.8283725,1.040852,0.282641,0.48428,0.000493,-0.001596,1,acq,20480,20480,0,16,True,False,1,1200000,8381618,False,-4045522,4067117,0,0,0,0,1,1,1784366286.661661
731,91,3,formal,up,33,45,1,-0.0991107619215672,1784366288.9955,1784366291.329342,1784366290.162421,1.040554,0.282832,0.484632,0.000522,-0.001593,1,acq,20480,20480,0,16,True,False,1,1200000,8381618,False,-4118268,4049079,0,0,0,0,1,1,1784366288.9955
732,91,4,formal,up,33,45,1,-0.0991107619215672,1784366291.32962,1784366293.6543639,1784366292.491992,1.039545,0.282789,0.484583,0.000508,-0.001619,1,acq,20480,20480,0,16,True,False,1,1200000,8381618,False,-4101077,4026637,0,0,0,0,1,1,1784366291.32962
733,91,5,formal,up,33,45,1,-0.0991107619215672,1784366293.6546109,1784366295.998398,1784366294.8265045,1.03929,0.282908,0.484847,0.000503,-0.001636,1,acq,20480,20480,0,16,True,False,1,1200000,8381618,False,-4097689,4016643,0,0,0,0,1,1,1784366293.6546109
734,91,6,formal,up,33,45,1,-0.0991107619215672,1784366295.998614,1784366298.3351848,1784366297.1668994,1.038327,0.282851,0.48473,0.00047,-0.001582,1,acq,20480,20480,0,16,True,False,1,1200000,8381618,False,-4083462,4087612,0,0,0,0,1,1,1784366295.998614
735,91,7,formal,up,33,45,1,-0.0991107619215672,1784366298.335413,1784366300.654784,1784366299.4950986,1.038036,0.282975,0.484977,0.000499,-0.001558,1,acq,20480,20480,0,16,True,False,1,1200000,8381618,False,-4106158,4043659,0,0,0,0,1,1,1784366298.335413
736,92,0,sentinel,up,30,46,0,-0.4907711905248635,1784366317.676586,1784366320.0124822,1784366318.844534,0.855837,0.29575,0.505581,-0.002366,0.002894,1,acq,20480,20480,0,16,True,False,1,1200000,8381618,False,-4217353,4256055,0,0,0,0,1,1,1784366317.676586
737,92,1,sentinel,up,30,46,0,-0.4907711905248635,1784366320.013,1784366322.345313,1784366321.1791565,0.854101,0.29554,0.50511,-0.002352,0.002812,1,acq,20480,20480,0,16,True,False,1,1200000,8381618,False,-4260374,4276211,0,0,0,0,1,1,1784366320.013
738,92,2,sentinel,up,30,46,0,-0.4907711905248635,1784366322.3456068,1784366324.677888,1784366323.5117474,0.85316,0.295502,0.505167,-0.002313,0.002811,1,acq,20480,20480,0,16,True,False,1,1200000,8381618,False,-4266641,4327870,0,0,0,0,1,1,1784366322.3456068
739,92,3,sentinel,up,30,46,0,-0.4907711905248635,1784366324.678136,1784366327.012279,1784366325.8452077,0.853134,0.295635,0.505646,-0.002395,0.002789,1,acq,20480,20480,0,16,True,False,1,1200000,8381618,False,-4218284,4263508,0,0,0,0,1,1,1784366324.678136
740,92,4,sentinel,up,30,46,0,-0.4907711905248635,1784366327.013356,1784366329.345799,1784366328.1795774,0.851304,0.295362,0.505131,-0.002335,0.002794,1,acq,20480,20480,0,16,True,False,1,1200000,8381618,False,-4288660,4258680,0,0,0,0,1,1,1784366327.013356
741,92,5,sentinel,up,30,46,0,-0.4907711905248635,1784366329.346096,1784366331.6932428,1784366330.5196695,0.851122,0.295544,0.50534,-0.002329,0.002746,1,acq,20480,20480,0,16,True,False,1,1200000,8381618,False,-4251058,4267657,0,0,0,0,1,1,1784366329.346096
742,92,6,sentinel,up,30,46,0,-0.4907711905248635,1784366331.6935198,1784366334.030736,1784366332.8621278,0.850281,0.295479,0.505477,-0.002453,0.002781,1,acq,20480,20480,0,16,True,False,1,1200000,8381618,False,-4273585,4245215,0,0,0,0,1,1,1784366331.6935198
743,92,7,sentinel,up,30,46,0,-0.4907711905248635,1784366334.031786,1784366336.378625,1784366335.2052054,0.849639,0.295332,0.505507,-0.00236,0.002771,1,acq,20480,20480,0,16,True,False,1,1200000,8381618,False,-4264270,4275279,0,0,0,0,1,1,1784366334.031786
744,93,0,sentinel,down,30,46,1,-0.4907711905248635,1784366349.0812721,1784366351.430839,1784366350.2560556,0.845908,0.295451,0.505693,-0.002287,0.002796,1,acq,20480,20480,0,16,True,False,1,1200000,8381618,False,-4289083,4336678,0,0,0,0,1,1,1784366349.0812721
745,93,1,sentinel,down,30,46,1,-0.4907711905248635,1784366351.431073,1784366353.773857,1784366352.6024652,0.845507,0.29549,0.505766,-0.002312,0.002722,1,acq,20480,20480,0,16,True,False,1,1200000,8381618,False,-4246993,4270960,0,0,0,0,1,1,1784366351.431073
746,93,2,sentinel,down,30,46,1,-0.4907711905248635,1784366353.774098,1784366356.107167,1784366354.9406323,0.845228,0.295529,0.505935,-0.002315,0.002767,1,acq,20480,20480,0,16,True,False,1,1200000,8381618,False,-4228447,4253430,0,0,0,0,1,1,1784366353.774098
747,93,3,sentinel,down,30,46,1,-0.4907711905248635,1784366356.107394,1784366358.4452748,1784366357.2763343,0.844661,0.295579,0.505853,-0.002258,0.002755,1,acq,20480,20480,0,16,True,False,1,1200000,8381618,False,-4233697,4249703,0,0,0,0,1,1,1784366356.107394
748,93,4,sentinel,down,30,46,1,-0.4907711905248635,1784366358.4464011,1784366360.7974012,1784366359.621901,0.844446,0.295671,0.506082,-0.002335,0.002758,1,acq,20480,20480,0,16,True,False,1,1200000,8381618,False,-4250804,4283324,0,0,0,0,1,1,1784366358.4464011
749,93,5,sentinel,down,30,46,1,-0.4907711905248635,1784366360.797654,1784366363.129195,1784366361.9634244,0.843052,0.295283,0.505546,-0.002291,0.002763,1,acq,20480,20480,0,16,True,False,1,1200000,8381618,False,-4250804,4263677,0,0,0,0,1,1,1784366360.797654
750,93,6,sentinel,down,30,46,1,-0.4907711905248635,1784366363.129428,1784366365.462987,1784366364.2962074,0.843973,0.295807,0.506447,-0.002268,0.002735,1,acq,20480,20480,0,16,True,False,1,1200000,8381618,False,-4258257,4276973,0,0,0,0,1,1,1784366363.129428
751,93,7,sentinel,down,30,46,1,-0.4907711905248635,1784366365.4640498,1784366367.79365,1784366366.62885,0.84235,0.295581,0.50577,-0.002279,0.002692,1,acq,20480,20480,0,16,True,False,1,1200000,8381618,False,-4277142,4263508,0,0,0,0,1,1,1784366365.4640498
752,94,0,sentinel,down,50,47,0,2.120298333497111,1784366409.223031,1784366411.56169,1784366410.3923607,1.2,-0.015765,-0.027071,-0.002486,0.004637,1,acq,20480,20480,0,16,True,False,1,1200000,8381618,False,-374149,452231,0,0,0,0,1,1,1784366409.223031
753,94,1,sentinel,down,50,47,0,2.120298333497111,1784366411.562859,1784366413.894259,1784366412.728559,1.2,-0.016613,-0.028528,-0.002489,0.004621,1,acq,20480,20480,0,16,True,False,1,1200000,8381618,False,-373641,542847,0,0,0,0,1,1,1784366411.562859
754,94,2,sentinel,down,50,47,0,2.120298333497111,1784366413.8944871,1784366416.227065,1784366415.0607762,1.2,-0.017202,-0.029596,-0.002478,0.004633,1,acq,20480,20480,0,16,True,False,1,1200000,8381618,False,-340190,480432,0,0,0,0,1,1,1784366413.8944871
755,94,3,sentinel,down,50,47,0,2.120298333497111,1784366416.227266,1784366418.568429,1784366417.3978477,1.2,-0.017786,-0.030644,-0.002477,0.004633,1,acq,20480,20480,0,16,True,False,1,1200000,8381618,False,-385159,461886,0,0,0,0,1,1,1784366416.227266
756,94,4,sentinel,down,50,47,0,2.120298333497111,1784366418.5687091,1784366420.8956769,1784366419.732193,1.2,-0.018356,-0.031485,-0.002479,0.00461,1,acq,20480,20480,0,16,True,False,1,1200000,8381618,False,-456550,524808,0,0,0,0,1,1,1784366418.5687091
757,94,5,sentinel,down,50,47,0,2.120298333497111,1784366420.8959968,1784366423.2375438,1784366422.0667703,1.2,-0.018774,-0.032366,-0.002478,0.004612,1,acq,20480,20480,0,16,True,False,1,1200000,8381618,False,-402689,505330,0,0,0,0,1,1,1784366420.8959968
758,94,6,sentinel,down,50,47,0,2.120298333497111,1784366423.238644,1784366425.576482,1784366424.407563,1.2,-0.019355,-0.033171,-0.002484,0.004604,1,acq,20480,20480,0,16,True,False,1,1200000,8381618,False,-371270,483820,0,0,0,0,1,1,1784366423.238644
759,94,7,sentinel,down,50,47,0,2.120298333497111,1784366425.576704,1784366427.912203,1784366426.7444534,1.2,-0.019752,-0.033996,-0.002483,0.004598,1,acq,20480,20480,0,16,True,False,1,1200000,8381618,False,-357212,484667,0,0,0,0,1,1,1784366425.576704
760,95,0,sentinel,up,50,47,1,2.120298333497111,1784366440.612298,1784366442.9566479,1784366441.784473,1.2,-0.022048,-0.038023,-0.002458,0.004585,1,acq,20480,20480,0,16,True,False,1,1200000,8381618,False,-454264,591119,0,0,0,0,1,1,1784366440.612298
761,95,1,sentinel,up,50,47,1,2.120298333497111,1784366442.957115,1784366445.28129,1784366444.1192026,1.2,-0.022435,-0.038574,-0.002435,0.004576,1,acq,20480,20480,0,16,True,False,1,1200000,8381618,False,-442407,526079,0,0,0,0,1,1,1784366442.957115
762,95,2,sentinel,up,50,47,1,2.120298333497111,1784366445.281522,1784366447.612303,1784366446.4469125,1.2,-0.022755,-0.03912,-0.002467,0.004585,1,acq,20480,20480,0,16,True,False,1,1200000,8381618,False,-478400,521506,0,0,0,0,1,1,1784366445.281522
763,95,3,sentinel,up,50,47,1,2.120298333497111,1784366447.612763,1784366449.953968,1784366448.7833655,1.2,-0.023039,-0.039664,-0.00246,0.00457,1,acq,20480,20480,0,16,True,False,1,1200000,8381618,False,-448336,537427,0,0,0,0,1,1,1784366447.612763
764,95,4,sentinel,up,50,47,1,2.120298333497111,1784366449.9544818,1784366452.2890701,1784366451.121776,1.2,-0.023335,-0.040161,-0.002457,0.004581,1,acq,20480,20480,0,16,True,False,1,1200000,8381618,False,-397692,609835,0,0,0,0,1,1,1784366449.9544818
765,95,5,sentinel,up,50,47,1,2.120298333497111,1784366452.289314,1784366454.638794,1784366453.464054,1.2,-0.023645,-0.040679,-0.002463,0.004603,1,acq,20480,20480,0,16,True,False,1,1200000,8381618,False,-497285,650231,0,0,0,0,1,1,1784366452.289314
766,95,6,sentinel,up,50,47,1,2.120298333497111,1784366454.639031,1784366456.9830751,1784366455.811053,1.2,-0.023921,-0.041167,-0.002456,0.004575,1,acq,20480,20480,0,16,True,False,1,1200000,8381618,False,-443508,577992,0,0,0,0,1,1,1784366454.639031
767,95,7,sentinel,up,50,47,1,2.120298333497111,1784366456.984124,1784366459.329004,1784366458.156564,1.2,-0.024195,-0.041624,-0.002461,0.004579,1,acq,20480,20480,0,16,True,False,1,1200000,8381618,False,-529043,713323,0,0,0,0,1,1,1784366456.984124
768,96,0,formal,up,54,48,0,2.6425122383015047,1784366473.505985,1784366475.845757,1784366474.675871,1.2,-0.113972,-0.195594,-0.001639,0.003758,1,acq,20480,20480,0,16,True,False,1,1200000,8381618,False,-1726016,1798339,0,0,0,0,1,1,1784366473.505985
769,96,1,formal,up,54,48,0,2.6425122383015047,1784366475.846055,1784366478.1848829,1784366477.015469,1.2,-0.114387,-0.196202,-0.001659,0.003707,1,acq,20480,20480,0,16,True,False,1,1200000,8381618,False,-1784281,1883450,0,0,0,0,1,1,1784366475.846055
770,96,2,formal,up,54,48,0,2.6425122383015047,1784366478.185121,1784366480.534391,1784366479.359756,1.2,-0.114738,-0.1969,-0.001633,0.003699,1,acq,20480,20480,0,16,True,False,1,1200000,8381618,False,-1673171,1818918,0,0,0,0,1,1,1784366478.185121
771,96,3,formal,up,54,48,0,2.6425122383015047,1784366480.5346,1784366482.862186,1784366481.6983929,1.2,-0.115047,-0.197594,-0.001593,0.003697,1,acq,20480,20480,0,16,True,False,1,1200000,8381618,False,-1715345,1842207,0,0,0,0,1,1,1784366480.5346
772,96,4,formal,up,54,48,0,2.6425122383015047,1784366482.862664,1784366485.195473,1784366484.0290685,1.2,-0.11547,-0.198267,-0.001623,0.003718,1,acq,20480,20480,0,16,True,False,1,1200000,8381618,False,-1738211,1869138,0,0,0,0,1,1,1784366482.862664
773,96,5,formal,up,54,48,0,2.6425122383015047,1784366485.195811,1784366487.527096,1784366486.3614535,1.2,-0.115805,-0.19887,-0.00161,0.003673,1,acq,20480,20480,0,16,True,False,1,1200000,8381618,False,-1755657,1829250,0,0,0,0,1,1,1784366485.195811
774,96,6,formal,up,54,48,0,2.6425122383015047,1784366487.527356,1784366489.860196,1784366488.6937761,1.2,-0.116233,-0.199494,-0.001619,0.003707,1,acq,20480,20480,0,16,True,False,1,1200000,8381618,False,-1704844,1847881,0,0,0,0,1,1,1784366487.527356
775,96,7,formal,up,54,48,0,2.6425122383015047,1784366489.861268,1784366492.2005498,1784366491.030909,1.2,-0.116424,-0.20004,-0.001594,0.003688,1,acq,20480,20480,0,16,True,False,1,1200000,8381618,False,-1699001,1896323,0,0,0,0,1,1,1784366489.861268
776,97,0,formal,down,54,48,1,2.6425122383015047,1784366504.9139142,1784366507.2466729,1784366506.0802937,1.2,-0.118293,-0.203402,-0.001576,0.003654,1,acq,20480,20480,0,16,True,False,1,1200000,8381618,False,-1738465,1918849,0,0,0,0,1,1,1784366504.9139142
777,97,1,formal,down,54,48,1,2.6425122383015047,1784366507.247743,1784366509.573468,1784366508.4106054,1.2,-0.118654,-0.20391,-0.001622,0.003632,1,acq,20480,20480,0,16,True,False,1,1200000,8381618,False,-1728726,1888108,0,0,0,0,1,1,1784366507.247743
778,97,2,formal,down,54,48,1,2.6425122383015047,1784366509.573685,1784366511.922034,1784366510.7478595,1.2,-0.118808,-0.204228,-0.001578,0.003645,1,acq,20480,20480,0,16,True,False,1,1200000,8381618,False,-1756757,1902759,0,0,0,0,1,1,1784366509.573685
779,97,3,formal,down,54,48,1,2.6425122383015047,1784366511.9223669,1784366514.253246,1784366513.0878065,1.2,-0.11906,-0.204657,-0.001591,0.003652,1,acq,20480,20480,0,16,True,False,1,1200000,8381618,False,-1760653,1872441,0,0,0,0,1,1,1784366511.9223669
780,97,4,formal,down,54,48,1,2.6425122383015047,1784366514.2540119,1784366516.60071,1784366515.427361,1.2,-0.119359,-0.20507,-0.001578,0.003635,1,acq,20480,20480,0,16,True,False,1,1200000,8381618,False,-1803336,1895560,0,0,0,0,1,1,1784366514.2540119
781,97,5,formal,down,54,48,1,2.6425122383015047,1784366516.6009521,1784366518.930145,1784366517.7655487,1.2,-0.11965,-0.205597,-0.001563,0.003646,1,acq,20480,20480,0,16,True,False,1,1200000,8381618,False,-1833484,1885483,0,0,0,0,1,1,1784366516.6009521
782,97,6,formal,down,54,48,1,2.6425122383015047,1784366518.93041,1784366521.258382,1784366520.094396,1.2,-0.119645,-0.205757,-0.001642,0.003644,1,acq,20480,20480,0,16,True,False,1,1200000,8381618,False,-1841868,1916478,0,0,0,0,1,1,1784366518.93041
783,97,7,formal,down,54,48,1,2.6425122383015047,1784366521.258694,1784366523.593478,1784366522.426086,1.2,-0.120107,-0.20648,-0.00156,0.003662,1,acq,20480,20480,0,16,True,False,1,1200000,8381618,False,-1810195,1896068,0,0,0,0,1,1,1784366521.258694
784,98,0,formal,down,26,49,0,-1.0129850953292583,1784366572.278971,1784366574.618603,1784366573.448787,0.6416,0.295425,0.504405,-0.000479,-0.000123,1,acq,20480,20480,0,16,True,False,1,1200000,8381618,False,-4205666,4210239,0,0,0,0,1,1,1784366572.278971
785,98,1,formal,down,26,49,0,-1.0129850953292583,1784366574.619667,1784366576.964551,1784366575.792109,0.639268,0.295283,0.504262,-0.000417,-0.000142,1,acq,20480,20480,0,16,True,False,1,1200000,8381618,False,-4243182,4202363,0,0,0,0,1,1,1784366574.619667
786,98,2,formal,down,26,49,0,-1.0129850953292583,1784366576.96478,1784366579.296756,1784366578.130768,0.637583,0.295275,0.504331,-0.000403,-0.000189,1,acq,20480,20480,0,16,True,False,1,1200000,8381618,False,-4198722,4194741,0,0,0,0,1,1,1784366576.96478
787,98,3,formal,down,26,49,0,-1.0129850953292583,1784366579.297038,1784366581.613009,1784366580.4550235,0.635262,0.29498,0.503824,-0.000427,-0.00014,1,acq,20480,20480,0,16,True,False,1,1200000,8381618,False,-4215066,4206513,0,0,0,0,1,1,1784366579.297038
788,98,4,formal,down,26,49,0,-1.0129850953292583,1784366581.6141021,1784366583.93558,1784366582.774841,0.633679,0.29492,0.503857,-0.000411,-0.00017,1,acq,20480,20480,0,16,True,False,1,1200000,8381618,False,-4176703,4184494,0,0,0,0,1,1,1784366581.6141021
789,98,5,formal,down,26,49,0,-1.0129850953292583,1784366583.935904,1784366586.252554,1784366585.094229,0.632,0.294782,0.503702,-0.000421,-0.00021,1,acq,20480,20480,0,16,True,False,1,1200000,8381618,False,-4196096,4165693,0,0,0,0,1,1,1784366583.935904
790,98,6,formal,down,26,49,0,-1.0129850953292583,1784366586.253029,1784366588.572914,1784366587.4129715,0.630744,0.29485,0.503827,-0.000439,-0.000196,1,acq,20480,20480,0,16,True,False,1,1200000,8381618,False,-4180006,4192285,0,0,0,0,1,1,1784366586.253029
791,98,7,formal,down,26,49,0,-1.0129850953292583,1784366588.573154,1784366590.8970308,1784366589.7350924,0.628424,0.294316,0.503003,-0.000357,-0.000229,1,acq,20480,20480,0,16,True,False,1,1200000,8381618,False,-4191692,4172468,0,0,0,0,1,1,1784366588.573154
792,99,0,formal,up,26,49,1,-1.0129850953292583,1784366603.468821,1784366605.791987,1784366604.630404,0.61979,0.293564,0.501852,-0.000341,-0.000253,1,acq,20480,20480,0,16,True,False,1,1200000,8381618,False,-4187035,4166794,0,0,0,0,1,1,1784366603.468821
793,99,1,formal,up,26,49,1,-1.0129850953292583,1784366605.7922208,1784366608.116523,1784366606.954372,0.618967,0.293529,0.501897,-0.000414,-0.000256,1,acq,20480,20480,0,16,True,False,1,1200000,8381618,False,-4183901,4203633,0,0,0,0,1,1,1784366605.7922208
794,99,2,formal,up,26,49,1,-1.0129850953292583,1784366608.11675,1784366610.440227,1784366609.2784886,0.618161,0.293631,0.502083,-0.000387,-0.000259,1,acq,20480,20480,0,16,True,False,1,1200000,8381618,False,-4208715,4160528,0,0,0,0,1,1,1784366608.11675
795,99,3,formal,up,26,49,1,-1.0129850953292583,1784366610.44046,1784366612.760295,1784366611.6003776,0.616738,0.293354,0.501596,-0.00041,-0.000237,1,acq,20480,20480,0,16,True,False,1,1200000,8381618,False,-4160189,4150958,0,0,0,0,1,1,1784366610.44046
796,99,4,formal,up,26,49,1,-1.0129850953292583,1784366612.760572,1784366615.08432,1784366613.922446,0.615589,0.29324,0.501407,-0.000354,-0.000282,1,acq,20480,20480,0,16,True,False,1,1200000,8381618,False,-4188474,4153244,0,0,0,0,1,1,1784366612.760572
797,99,5,formal,up,26,49,1,-1.0129850953292583,1784366615.084625,1784366617.401546,1784366616.2430854,0.615012,0.293305,0.50154,-0.000336,-0.000318,1,acq,20480,20480,0,16,True,False,1,1200000,8381618,False,-4200415,4159935,0,0,0,0,1,1,1784366615.084625
798,99,6,formal,up,26,49,1,-1.0129850953292583,1784366617.401814,1784366619.726818,1784366618.564316,0.613929,0.293121,0.501383,-0.000349,-0.000275,1,acq,20480,20480,0,16,True,False,1,1200000,8381618,False,-4182123,4155108,0,0,0,0,1,1,1784366617.401814
799,99,7,formal,up,26,49,1,-1.0129850953292583,1784366619.727058,1784366622.0499358,1784366620.8884969,0.612688,0.293007,0.500992,-0.00039,-0.000311,1,acq,20480,20480,0,16,True,False,1,1200000,8381618,False,-4182292,4159765,0,0,0,0,1,1,1784366619.727058
800,100,0,formal,up,13,50,0,-2.710180285943541,1784366651.686433,1784366654.010116,1784366652.8482747,0.038892,0.093995,0.160663,0.001715,-0.003528,1,acq,20480,20480,0,16,True,False,1,1200000,8381618,False,-1419617,1372446,0,0,0,0,1,1,1784366651.686433
801,100,1,formal,up,13,50,0,-2.710180285943541,1784366654.010345,1784366656.330275,1784366655.17031,0.038145,0.093101,0.159135,0.001717,-0.003544,1,acq,20480,20480,0,16,True,False,1,1200000,8381618,False,-1407930,1361690,0,0,0,0,1,1,1784366654.010345
802,100,2,formal,up,13,50,0,-2.710180285943541,1784366656.330505,1784366658.6567209,1784366657.4936128,0.037547,0.092448,0.158116,0.00174,-0.003544,1,acq,20480,20480,0,16,True,False,1,1200000,8381618,False,-1402002,1350173,0,0,0,0,1,1,1784366656.330505
803,100,3,formal,up,13,50,0,-2.710180285943541,1784366658.6569421,1784366660.9819,1784366659.819421,0.036958,0.09172,0.15694,0.001718,-0.003571,1,acq,20480,20480,0,16,True,False,1,1200000,8381618,False,-1388536,1348987,0,0,0,0,1,1,1784366658.6569421
804,100,4,formal,up,13,50,0,-2.710180285943541,1784366660.9821281,1784366663.304893,1784366662.1435106,0.036339,0.091017,0.155706,0.001754,-0.003589,1,acq,20480,20480,0,16,True,False,1,1200000,8381618,False,-1386758,1327815,0,0,0,0,1,1,1784366660.9821281
805,100,5,formal,up,13,50,0,-2.710180285943541,1784366663.305099,1784366665.6305652,1784366664.467832,0.035798,0.09034,0.154536,0.001765,-0.003578,1,acq,20480,20480,0,16,True,False,1,1200000,8381618,False,-1367618,1326545,0,0,0,0,1,1,1784366663.305099
806,100,6,formal,up,13,50,0,-2.710180285943541,1784366665.630796,1784366667.95355,1784366666.792173,0.035256,0.089726,0.153513,0.001761,-0.003603,1,acq,20480,20480,0,16,True,False,1,1200000,8381618,False,-1364908,1315536,0,0,0,0,1,1,1784366665.630796
807,100,7,formal,up,13,50,0,-2.710180285943541,1784366667.9537568,1784366670.2698529,1784366669.111805,0.034743,0.089062,0.152429,0.001786,-0.00362,1,acq,20480,20480,0,16,True,False,1,1200000,8381618,False,-1360081,1301562,0,0,0,0,1,1,1784366667.9537568
808,101,0,formal,down,13,50,1,-2.710180285943541,1784366682.843877,1784366685.163164,1784366684.0035205,0.031918,0.085537,0.146413,0.001815,-0.003673,1,acq,20480,20480,0,16,True,False,1,1200000,8381618,False,-1299699,1257440,0,0,0,0,1,1,1784366682.843877
809,101,1,formal,down,13,50,1,-2.710180285943541,1784366685.164267,1784366687.484359,1784366686.3243132,0.031528,0.085006,0.145553,0.001827,-0.003661,1,acq,20480,20480,0,16,True,False,1,1200000,8381618,False,-1303595,1247278,0,0,0,0,1,1,1784366685.164267
810,101,2,formal,down,13,50,1,-2.710180285943541,1784366687.484598,1784366689.807103,1784366688.6458504,0.03111,0.084508,0.144674,0.001838,-0.003675,1,acq,20480,20480,0,16,True,False,1,1200000,8381618,False,-1302324,1246854,0,0,0,0,1,1,1784366687.484598
811,101,3,formal,down,13,50,1,-2.710180285943541,1784366689.807337,1784366692.132051,1784366690.9696941,0.030771,0.084063,0.143945,0.001844,-0.003676,1,acq,20480,20480,0,16,True,False,1,1200000,8381618,False,-1293093,1239994,0,0,0,0,1,1,1784366689.807337
812,101,4,formal,down,13,50,1,-2.710180285943541,1784366692.132282,1784366694.451968,1784366693.292125,0.030353,0.083559,0.143071,0.001828,-0.003683,1,acq,20480,20480,0,16,True,False,1,1200000,8381618,False,-1286911,1224243,0,0,0,0,1,1,1784366692.132282
813,101,5,formal,down,13,50,1,-2.710180285943541,1784366694.452441,1784366696.776393,1784366695.614417,0.030058,0.083151,0.142365,0.001853,-0.003695,1,acq,20480,20480,0,16,True,False,1,1200000,8381618,False,-1275902,1220770,0,0,0,0,1,1,1784366694.452441
814,101,6,formal,down,13,50,1,-2.710180285943541,1784366696.77666,1784366699.0936801,1784366697.9351702,0.029677,0.082664,0.141559,0.001854,-0.003697,1,acq,20480,20480,0,16,True,False,1,1200000,8381618,False,-1264215,1215858,0,0,0,0,1,1,1784366696.77666
815,101,7,formal,down,13,50,1,-2.710180285943541,1784366699.093945,1784366701.415522,1784366700.2547336,0.029284,0.082118,0.14066,0.001851,-0.00371,1,acq,20480,20480,0,16,True,False,1,1200000,8381618,False,-1273785,1207644,0,0,0,0,1,1,1784366699.093945
816,102,0,formal,down,67,51,0,4.339707428915789,1784366790.820503,1784366793.1451762,1784366791.9828396,0.94899,-0.290828,-0.495774,0.002387,-0.002521,1,acq,20480,20480,0,16,True,False,1,1200000,8381618,False,-4142489,4190422,0,0,0,0,1,1,1784366790.820503
817,102,1,formal,down,67,51,0,4.339707428915789,1784366793.146244,1784366795.464376,1784366794.30531,0.945875,-0.290913,-0.496332,0.002475,-0.002517,1,acq,20480,20480,0,16,True,False,1,1200000,8381618,False,-4175263,4208799,0,0,0,0,1,1,1784366793.146244
818,102,2,formal,down,67,51,0,4.339707428915789,1784366795.464604,1784366797.781398,1784366796.623001,0.942792,-0.291087,-0.496525,0.002493,-0.002533,1,acq,20480,20480,0,16,True,False,1,1200000,8381618,False,-4130887,4226160,0,0,0,0,1,1,1784366795.464604
819,102,3,formal,down,67,51,0,4.339707428915789,1784366797.78164,1784366800.106457,1784366798.9440484,0.940493,-0.291476,-0.497298,0.002491,-0.002613,1,acq,20480,20480,0,16,True,False,1,1200000,8381618,False,-4122333,4197705,0,0,0,0,1,1,1784366797.78164
820,102,4,formal,down,67,51,0,4.339707428915789,1784366800.106702,1784366802.426168,1784366801.2664351,0.938132,-0.291734,-0.497773,0.002519,-0.002608,1,acq,20480,20480,0,16,True,False,1,1200000,8381618,False,-4225822,4215828,0,0,0,0,1,1,1784366800.106702
821,102,5,formal,down,67,51,0,4.339707428915789,1784366802.42641,1784366804.7481978,1784366803.5873039,0.935541,-0.291962,-0.498065,0.002529,-0.00264,1,acq,20480,20480,0,16,True,False,1,1200000,8381618,False,-4165947,4170690,0,0,0,0,1,1,1784366802.42641
822,102,6,formal,down,67,51,0,4.339707428915789,1784366804.748409,1784366807.066705,1784366805.907557,0.933202,-0.292027,-0.49841,0.002531,-0.002595,1,acq,20480,20480,0,16,True,False,1,1200000,8381618,False,-4184748,4211763,0,0,0,0,1,1,1784366804.748409
823,102,7,formal,down,67,51,0,4.339707428915789,1784366807.0674949,1784366809.381542,1784366808.2245183,0.929955,-0.292023,-0.498264,0.00253,-0.002673,1,acq,20480,20480,0,16,True,False,1,1200000,8381618,False,-4213881,4198976,0,0,0,0,1,1,1784366807.0674949
824,103,0,formal,up,67,51,1,4.339707428915789,1784366822.255579,1784366824.571766,1784366823.4136724,0.917138,-0.292964,-0.500098,0.002585,-0.002754,1,acq,20480,20480,0,16,True,False,1,1200000,8381618,False,-4219131,4202617,0,0,0,0,1,1,1784366822.255579
825,103,1,formal,up,67,51,1,4.339707428915789,1784366824.572277,1784366826.8931541,1784366825.7327156,0.915784,-0.293306,-0.500657,0.00266,-0.002779,1,acq,20480,20480,0,16,True,False,1,1200000,8381618,False,-4230479,4201940,0,0,0,0,1,1,1784366824.572277
826,103,2,formal,up,67,51,1,4.339707428915789,1784366826.893408,1784366829.217973,1784366828.0556905,0.913481,-0.293258,-0.500609,0.002638,-0.002783,1,acq,20480,20480,0,16,True,False,1,1200000,8381618,False,-4171283,4230479,0,0,0,0,1,1,1784366826.893408
827,103,3,formal,up,67,51,1,4.339707428915789,1784366829.218247,1784366831.532902,1784366830.3755746,0.911367,-0.293321,-0.500664,0.002622,-0.002745,1,acq,20480,20480,0,16,True,False,1,1200000,8381618,False,-4195419,4237000,0,0,0,0,1,1,1784366829.218247
828,103,4,formal,up,67,51,1,4.339707428915789,1784366831.533129,1784366833.8565938,1784366832.6948614,0.910422,-0.293681,-0.501274,0.002676,-0.002764,1,acq,20480,20480,0,16,True,False,1,1200000,8381618,False,-4216845,4206428,0,0,0,0,1,1,1784366831.533129
829,103,5,formal,up,67,51,1,4.339707428915789,1784366833.857067,1784366836.1783302,1784366835.0176988,0.908466,-0.293656,-0.501256,0.002695,-0.002768,1,acq,20480,20480,0,16,True,False,1,1200000,8381618,False,-4222857,4253345,0,0,0,0,1,1,1784366833.857067
830,103,6,formal,up,67,51,1,4.339707428915789,1784366836.178602,1784366838.494787,1784366837.3366945,0.90624,-0.293532,-0.501092,0.002663,-0.002808,1,acq,20480,20480,0,16,True,False,1,1200000,8381618,False,-4208799,4227854,0,0,0,0,1,1,1784366836.178602
831,103,7,formal,up,67,51,1,4.339707428915789,1784366838.4950411,1784366840.8148549,1784366839.654948,0.904767,-0.293765,-0.501476,0.002696,-0.002796,1,acq,20480,20480,0,16,True,False,1,1200000,8381618,False,-4207190,4226838,0,0,0,0,1,1,1784366838.4950411
832,104,0,formal,up,42,52,0,1.0758705238883213,1784366888.974679,1784366891.310061,1784366890.14237,1.2,0.141287,0.242633,-0.003218,0.005091,1,acq,20480,20480,0,16,True,False,1,1200000,8381618,False,-2174267,2217627,0,0,0,0,1,1,1784366888.974679
833,104,1,formal,up,42,52,0,1.0758705238883213,1784366891.311261,1784366893.654634,1784366892.4829473,1.2,0.141726,0.243405,-0.0032,0.005143,1,acq,20480,20480,0,16,True,False,1,1200000,8381618,False,-2164528,2193660,0,0,0,0,1,1,1784366891.311261
834,104,2,formal,up,42,52,0,1.0758705238883213,1784366893.654845,1784366895.9932191,1784366894.824032,1.2,0.142082,0.244007,-0.003218,0.00508,1,acq,20480,20480,0,16,True,False,1,1200000,8381618,False,-2122777,2290882,0,0,0,0,1,1,1784366893.654845
835,104,3,formal,up,42,52,0,1.0758705238883213,1784366895.9934661,1784366898.331376,1784366897.1624212,1.2,0.14242,0.244665,-0.003208,0.005087,1,acq,20480,20480,0,16,True,False,1,1200000,8381618,False,-2106771,2168423,0,0,0,0,1,1,1784366895.9934661
836,104,4,formal,up,42,52,0,1.0758705238883213,1784366898.331604,1784366900.667354,1784366899.499479,1.2,0.142651,0.245109,-0.003209,0.005083,1,acq,20480,20480,0,16,True,False,1,1200000,8381618,False,-2127858,2255990,0,0,0,0,1,1,1784366898.331604
837,104,5,formal,up,42,52,0,1.0758705238883213,1784366900.668472,1784366903.000292,1784366901.834382,1.2,0.143005,0.245715,-0.003212,0.005137,1,acq,20480,20480,0,16,True,False,1,1200000,8381618,False,-2082296,2177400,0,0,0,0,1,1,1784366900.668472
838,104,6,formal,up,42,52,0,1.0758705238883213,1784366903.000653,1784366905.333642,1784366904.1671476,1.2,0.14323,0.246127,-0.003199,0.005111,1,acq,20480,20480,0,16,True,False,1,1200000,8381618,False,-2139460,2172997,0,0,0,0,1,1,1784366903.000653
839,104,7,formal,up,42,52,0,1.0758705238883213,1784366905.333884,1784366907.676508,1784366906.505196,1.2,0.143234,0.246247,-0.003211,0.005049,1,acq,20480,20480,0,16,True,False,1,1200000,8381618,False,-2110243,2236682,0,0,0,0,1,1,1784366905.333884
840,105,0,formal,down,42,52,1,1.0758705238883213,1784366920.393583,1784366922.718197,1784366921.55589,1.2,0.144599,0.248645,-0.00324,0.00511,1,acq,20480,20480,0,16,True,False,1,1200000,8381618,False,-2145219,2242694,0,0,0,0,1,1,1784366920.393583
841,105,1,formal,down,42,52,1,1.0758705238883213,1784366922.718514,1784366925.056323,1784366923.8874185,1.2,0.144533,0.248629,-0.003219,0.005087,1,acq,20480,20480,0,16,True,False,1,1200000,8381618,False,-2202298,2224148,0,0,0,0,1,1,1784366922.718514
842,105,2,formal,down,42,52,1,1.0758705238883213,1784366925.056541,1784366927.389568,1784366926.2230544,1.2,0.144674,0.248835,-0.003212,0.005072,1,acq,20480,20480,0,16,True,False,1,1200000,8381618,False,-2241085,2326535,0,0,0,0,1,1,1784366925.056541
843,105,3,formal,down,42,52,1,1.0758705238883213,1784366927.389826,1784366929.7266738,1784366928.55825,1.2,0.144804,0.249042,-0.003233,0.005112,1,acq,20480,20480,0,16,True,False,1,1200000,8381618,False,-2131500,2233294,0,0,0,0,1,1,1784366927.389826
844,105,4,formal,down,42,52,1,1.0758705238883213,1784366929.727753,1784366932.05887,1784366930.8933115,1.2,0.144884,0.24927,-0.003222,0.005104,1,acq,20480,20480,0,16,True,False,1,1200000,8381618,False,-2167492,2292999,0,0,0,0,1,1,1784366929.727753
845,105,5,formal,down,42,52,1,1.0758705238883213,1784366932.059103,1784366934.401006,1784366933.2300544,1.2,0.144969,0.249398,-0.003225,0.00508,1,acq,20480,20480,0,16,True,False,1,1200000,8381618,False,-2159531,2223216,0,0,0,0,1,1,1784366932.059103
846,105,6,formal,down,42,52,1,1.0758705238883213,1784366934.401255,1784366936.7314408,1784366935.5663478,1.2,0.145039,0.249538,-0.003231,0.005082,1,acq,20480,20480,0,16,True,False,1,1200000,8381618,False,-2215679,2353042,0,0,0,0,1,1,1784366934.401255
847,105,7,formal,down,42,52,1,1.0758705238883213,1784366936.732548,1784366939.064522,1784366937.898535,1.2,0.145213,0.249765,-0.003189,0.005113,1,acq,20480,20480,0,16,True,False,1,1200000,8381618,False,-2144880,2270048,0,0,0,0,1,1,1784366936.732548
848,106,0,formal,down,38,53,0,0.5536566190839256,1784366954.694916,1784366957.0479329,1784366955.8714244,1.2,0.219635,0.376623,-0.002698,0.004113,1,acq,20480,20480,0,16,True,False,1,1200000,8381618,False,-3176289,3245818,0,0,0,0,1,1,1784366954.694916
849,106,1,formal,down,38,53,0,0.5536566190839256,1784366957.049035,1784366959.385003,1784366958.217019,1.2,0.220159,0.377489,-0.002667,0.004066,1,acq,20480,20480,0,16,True,False,1,1200000,8381618,False,-3214145,3250645,0,0,0,0,1,1,1784366957.049035
850,106,2,formal,down,38,53,0,0.5536566190839256,1784366959.385342,1784366961.712287,1784366960.5488143,1.2,0.220287,0.377791,-0.002655,0.004069,1,acq,20480,20480,0,16,True,False,1,1200000,8381618,False,-3188654,3315939,0,0,0,0,1,1,1784366959.385342
851,106,3,formal,down,38,53,0,0.5536566190839256,1784366961.712519,1784366964.038178,1784366962.8753486,1.2,0.220446,0.378228,-0.002648,0.004163,1,acq,20480,20480,0,16,True,False,1,1200000,8381618,False,-3142076,3205168,0,0,0,0,1,1,1784366961.712519
852,106,4,formal,down,38,53,0,0.5536566190839256,1784366964.0384388,1784366966.380596,1784366965.2095175,1.2,0.220631,0.378451,-0.002655,0.004089,1,acq,20480,20480,0,16,True,False,1,1200000,8381618,False,-3173241,3255557,0,0,0,0,1,1,1784366964.0384388
853,106,5,formal,down,38,53,0,0.5536566190839256,1784366966.380876,1784366968.7151911,1784366967.5480337,1.2,0.220698,0.378761,-0.002665,0.004065,1,acq,20480,20480,0,16,True,False,1,1200000,8381618,False,-3156981,3274866,0,0,0,0,1,1,1784366966.380876
854,106,6,formal,down,38,53,0,0.5536566190839256,1784366968.7162812,1784366971.0552242,1784366969.8857527,1.2,0.220606,0.378565,-0.002627,0.004106,1,acq,20480,20480,0,16,True,False,1,1200000,8381618,False,-3246072,3289008,0,0,0,0,1,1,1784366968.7162812
855,106,7,formal,down,38,53,0,0.5536566190839256,1784366971.055468,1784366973.3804228,1784366972.2179456,1.2,0.220805,0.379112,-0.002656,0.004099,1,acq,20480,20480,0,16,True,False,1,1200000,8381618,False,-3223714,3210249,0,0,0,0,1,1,1784366971.055468
856,107,0,formal,up,38,53,1,0.5536566190839256,1784366986.122475,1784366988.451767,1784366987.2871208,1.2,0.221644,0.380538,-0.002708,0.004101,1,acq,20480,20480,0,16,True,False,1,1200000,8381618,False,-3314753,3298070,0,0,0,0,1,1,1784366986.122475
857,107,1,formal,up,38,53,1,0.5536566190839256,1784366988.4528818,1784366990.7851489,1784366989.6190152,1.2,0.221862,0.380922,-0.002688,0.004097,1,acq,20480,20480,0,16,True,False,1,1200000,8381618,False,-3165788,3240821,0,0,0,0,1,1,1784366988.4528818
858,107,2,formal,up,38,53,1,0.5536566190839256,1784366990.7853818,1784366993.100597,1784366991.9429893,1.2,0.221653,0.380726,-0.002658,0.004059,1,acq,20480,20480,0,16,True,False,1,1200000,8381618,False,-3232014,3298578,0,0,0,0,1,1,1784366990.7853818
859,107,3,formal,up,38,53,1,0.5536566190839256,1784366993.1008902,1784366995.427899,1784366994.2643945,1.2,0.22184,0.381102,-0.002697,0.004112,1,acq,20480,20480,0,16,True,False,1,1200000,8381618,False,-3193904,3311535,0,0,0,0,1,1,1784366993.1008902
860,107,4,formal,up,38,53,1,0.5536566190839256,1784366995.428158,1784366997.7684631,1784366996.5983105,1.2,0.221874,0.381167,-0.002716,0.004114,1,acq,20480,20480,0,16,True,False,1,1200000,8381618,False,-3303236,3312467,0,0,0,0,1,1,1784366995.428158
861,107,5,formal,up,38,53,1,0.5536566190839256,1784366997.76878,1784367000.118048,1784366998.943414,1.2,0.222031,0.381505,-0.002672,0.004087,1,acq,20480,20480,0,16,True,False,1,1200000,8381618,False,-3224222,3256488,0,0,0,0,1,1,1784366997.76878
862,107,6,formal,up,38,53,1,0.5536566190839256,1784367000.118287,1784367002.451877,1784367001.285082,1.2,0.222212,0.381662,-0.002656,0.004077,1,acq,20480,20480,0,16,True,False,1,1200000,8381618,False,-3192380,3267328,0,0,0,0,1,1,1784367000.118287
863,107,7,formal,up,38,53,1,0.5536566190839256,1784367002.452095,1784367004.783309,1784367003.617702,1.2,0.222152,0.38171,-0.002738,0.004062,1,acq,20480,20480,0,16,True,False,1,1200000,8381618,False,-3242176,3291380,0,0,0,0,1,1,1784367002.452095
864,108,0,formal,up,6,54,0,-3.624054619351232,1784367420.892111,1784367423.235273,1784367422.063692,0.049077,-0.104349,-0.178631,0.003335,-0.005479,1,acq,20480,20480,0,16,True,False,1,1200000,8381618,False,-1595767,1514721,0,0,0,0,1,1,1784367420.892111
865,108,1,formal,up,6,54,0,-3.624054619351232,1784367423.2363331,1784367425.567323,1784367424.401828,0.049666,-0.104969,-0.179706,0.003351,-0.005468,1,acq,20480,20480,0,16,True,False,1,1200000,8381618,False,-1605506,1527847,0,0,0,0,1,1,1784367423.2363331
866,108,2,formal,up,6,54,0,-3.624054619351232,1784367425.567606,1784367427.908479,1784367426.7380424,0.050233,-0.105522,-0.180695,0.003351,-0.005471,1,acq,20480,20480,0,16,True,False,1,1200000,8381618,False,-1639465,1538518,0,0,0,0,1,1,1784367425.567606
867,108,3,formal,up,6,54,0,-3.624054619351232,1784367427.908749,1784367430.2505422,1784367429.0796456,0.050656,-0.106005,-0.181482,0.003347,-0.005497,1,acq,20480,20480,0,16,True,False,1,1200000,8381618,False,-1624476,1537586,0,0,0,0,1,1,1784367427.908749
868,108,4,formal,up,6,54,0,-3.624054619351232,1784367430.250779,1784367432.585852,1784367431.4183154,0.051179,-0.10646,-0.182421,0.00335,-0.005504,1,acq,20480,20480,0,16,True,False,1,1200000,8381618,False,-1646410,1550035,0,0,0,0,1,1,1784367430.250779
869,108,5,formal,up,6,54,0,-3.624054619351232,1784367432.5860832,1784367434.922036,1784367433.7540596,0.051591,-0.10683,-0.183014,0.00335,-0.005479,1,acq,20480,20480,0,16,True,False,1,1200000,8381618,False,-1659536,1543938,0,0,0,0,1,1,1784367432.5860832
870,108,6,formal,up,6,54,0,-3.624054619351232,1784367434.9222882,1784367437.249623,1784367436.0859556,0.052027,-0.107269,-0.18371,0.003373,-0.005492,1,acq,20480,20480,0,16,True,False,1,1200000,8381618,False,-1662331,1557318,0,0,0,0,1,1,1784367434.9222882
871,108,7,formal,up,6,54,0,-3.624054619351232,1784367437.24985,1784367439.602009,1784367438.4259295,0.052457,-0.107719,-0.184448,0.003342,-0.005503,1,acq,20480,20480,0,16,True,False,1,1200000,8381618,False,-1651660,1561214,0,0,0,0,1,1,1784367437.24985
872,109,0,formal,down,6,54,1,-3.624054619351232,1784367452.269044,1784367454.618495,1784367453.4437695,0.054843,-0.109945,-0.188401,0.003355,-0.005503,1,acq,20480,20480,0,16,True,False,1,1200000,8381618,False,-1668344,1599323,0,0,0,0,1,1,1784367452.269044
873,109,1,formal,down,6,54,1,-3.624054619351232,1784367454.618708,1784367456.959436,1784367455.789072,0.0552,-0.110357,-0.188951,0.003354,-0.005499,1,acq,20480,20480,0,16,True,False,1,1200000,8381618,False,-1700017,1609147,0,0,0,0,1,1,1784367454.618708
874,109,2,formal,down,6,54,1,-3.624054619351232,1784367456.9597702,1784367459.302594,1784367458.1311822,0.055581,-0.110675,-0.189622,0.003373,-0.005511,1,acq,20480,20480,0,16,True,False,1,1200000,8381618,False,-1675881,1612704,0,0,0,0,1,1,1784367456.9597702
875,109,3,formal,down,6,54,1,-3.624054619351232,1784367459.302987,1784367461.632923,1784367460.467955,0.055956,-0.110999,-0.190168,0.003384,-0.005499,1,acq,20480,20480,0,16,True,False,1,1200000,8381618,False,-1682656,1607708,0,0,0,0,1,1,1784367459.302987
876,109,4,formal,down,6,54,1,-3.624054619351232,1784367461.633148,1784367463.964245,1784367462.7986965,0.056204,-0.111176,-0.190557,0.003376,-0.005477,1,acq,20480,20480,0,16,True,False,1,1200000,8381618,False,-1700525,1621766,0,0,0,0,1,1,1784367461.633148
877,109,5,formal,down,6,54,1,-3.624054619351232,1784367463.9644852,1784367466.294227,1784367465.129356,0.056601,-0.11164,-0.191261,0.003363,-0.005503,1,acq,20480,20480,0,16,True,False,1,1200000,8381618,False,-1700356,1614821,0,0,0,0,1,1,1784367463.9644852
878,109,6,formal,down,6,54,1,-3.624054619351232,1784367466.294485,1784367468.621227,1784367467.4578562,0.056909,-0.111885,-0.191659,0.003368,-0.005515,1,acq,20480,20480,0,16,True,False,1,1200000,8381618,False,-1698069,1620495,0,0,0,0,1,1,1784367466.294485
879,109,7,formal,down,6,54,1,-3.624054619351232,1784367468.6215591,1784367470.9525602,1784367469.7870598,0.057231,-0.112222,-0.192296,0.003365,-0.005473,1,acq,20480,20480,0,16,True,False,1,1200000,8381618,False,-1727456,1632267,0,0,0,0,1,1,1784367468.6215591
880,110,0,formal,down,74,55,0,5.2535817623234795,1784367581.4876428,1784367583.8182888,1784367582.6529658,0.582926,-0.289488,-0.492682,0.003287,-0.004361,1,acq,20480,20480,0,16,True,False,1,1200000,8381618,False,-4083547,4127923,0,0,0,0,1,1,1784367581.4876428
881,110,1,formal,down,74,55,0,5.2535817623234795,1784367583.818557,1784367586.149568,1784367584.9840627,0.579409,-0.289123,-0.492119,0.003246,-0.004374,1,acq,20480,20480,0,16,True,False,1,1200000,8381618,False,-4106920,4118268,0,0,0,0,1,1,1784367583.818557
882,110,2,formal,down,74,55,0,5.2535817623234795,1784367586.149823,1784367588.488055,1784367587.318939,0.575284,-0.288507,-0.4912,0.003293,-0.004362,1,acq,20480,20480,0,16,True,False,1,1200000,8381618,False,-4119031,4072791,0,0,0,0,1,1,1784367586.149823
883,110,3,formal,down,74,55,0,5.2535817623234795,1784367588.4883132,1784367590.81855,1784367589.6534317,0.572372,-0.288392,-0.491038,0.003313,-0.004431,1,acq,20480,20480,0,16,True,False,1,1200000,8381618,False,-4099044,4115220,0,0,0,0,1,1,1784367588.4883132
884,110,4,formal,down,74,55,0,5.2535817623234795,1784367590.818787,1784367593.157683,1784367591.988235,0.568666,-0.287718,-0.490046,0.003317,-0.004446,1,acq,20480,20480,0,16,True,False,1,1200000,8381618,False,-4097097,4097520,0,0,0,0,1,1,1784367590.818787
885,110,5,formal,down,74,55,0,5.2535817623234795,1784367593.1579158,1784367595.498351,1784367594.3281336,0.565276,-0.287299,-0.489272,0.003362,-0.004416,1,acq,20480,20480,0,16,True,False,1,1200000,8381618,False,-4117506,4055938,0,0,0,0,1,1,1784367593.1579158
886,110,6,formal,down,74,55,0,5.2535817623234795,1784367595.498592,1784367597.843114,1784367596.670853,0.562319,-0.286982,-0.488787,0.003363,-0.004441,1,acq,20480,20480,0,16,True,False,1,1200000,8381618,False,-4087781,4056616,0,0,0,0,1,1,1784367595.498592
887,110,7,formal,down,74,55,0,5.2535817623234795,1784367597.843329,1784367600.186229,1784367599.014779,0.559708,-0.286888,-0.48848,0.003392,-0.004461,1,acq,20480,20480,0,16,True,False,1,1200000,8381618,False,-4072961,4060850,0,0,0,0,1,1,1784367597.843329
888,111,0,formal,up,74,55,1,5.2535817623234795,1784367612.8743849,1784367615.2208781,1784367614.0476315,0.542563,-0.284629,-0.484819,0.003405,-0.004556,1,acq,20480,20480,0,16,True,False,1,1200000,8381618,False,-4105481,4057039,0,0,0,0,1,1,1784367612.8743849
889,111,1,formal,up,74,55,1,5.2535817623234795,1784367615.22113,1784367617.566763,1784367616.3939464,0.540308,-0.284485,-0.484443,0.003459,-0.004579,1,acq,20480,20480,0,16,True,False,1,1200000,8381618,False,-4105142,4033920,0,0,0,0,1,1,1784367615.22113
890,111,2,formal,up,74,55,1,5.2535817623234795,1784367617.5670211,1784367619.906954,1784367618.7369876,0.538111,-0.284203,-0.48406,0.003417,-0.004598,1,acq,20480,20480,0,16,True,False,1,1200000,8381618,False,-4036206,4038069,0,0,0,0,1,1,1784367617.5670211
891,111,3,formal,up,74,55,1,5.2535817623234795,1784367619.907202,1784367622.2526212,1784367621.0799117,0.535907,-0.284012,-0.483631,0.00339,-0.004559,1,acq,20480,20480,0,16,True,False,1,1200000,8381618,False,-4046453,4007667,0,0,0,0,1,1,1784367619.907202
892,111,4,formal,up,74,55,1,5.2535817623234795,1784367622.2528481,1784367624.58261,1784367623.417729,0.533539,-0.283562,-0.483008,0.003446,-0.004557,1,acq,20480,20480,0,16,True,False,1,1200000,8381618,False,-4020200,4002416,0,0,0,0,1,1,1784367622.2528481
893,111,5,formal,up,74,55,1,5.2535817623234795,1784367624.5828888,1784367626.910559,1784367625.746724,0.531226,-0.283165,-0.482421,0.003437,-0.004607,1,acq,20480,20480,0,16,True,False,1,1200000,8381618,False,-4026891,4010123,0,0,0,0,1,1,1784367624.5828888
894,111,6,formal,up,74,55,1,5.2535817623234795,1784367626.9107919,1784367629.2345479,1784367628.07267,0.529204,-0.282999,-0.482105,0.003427,-0.004571,1,acq,20480,20480,0,16,True,False,1,1200000,8381618,False,-4021894,3995387,0,0,0,0,1,1,1784367626.9107919
895,111,7,formal,up,74,55,1,5.2535817623234795,1784367629.2348301,1784367631.5736058,1784367630.404218,0.526965,-0.282592,-0.481458,0.003419,-0.004595,1,acq,20480,20480,0,16,True,False,1,1200000,8381618,False,-4021132,4006312,0,0,0,0,1,1,1784367629.2348301
896,112,0,formal,up,44,56,0,1.3369774762905182,1784367687.4363232,1784367689.7744691,1784367688.6053963,1.2,0.113528,0.195018,-0.002873,0.0048,1,acq,20480,20480,0,16,True,False,1,1200000,8381618,False,-1672493,1791141,0,0,0,0,1,1,1784367687.4363232
897,112,1,formal,up,44,56,0,1.3369774762905182,1784367689.775808,1784367692.117776,1784367690.9467921,1.2,0.113937,0.195734,-0.002854,0.00478,1,acq,20480,20480,0,16,True,False,1,1200000,8381618,False,-1770223,1786991,0,0,0,0,1,1,1784367689.775808
898,112,2,formal,up,44,56,0,1.3369774762905182,1784367692.118013,1784367694.453148,1784367693.2855804,1.2,0.114804,0.197172,-0.002743,0.004869,1,acq,20480,20480,0,16,True,False,1,1200000,8381618,False,-4733947,1758028,0,0,0,0,1,1,1784367692.118013
899,112,3,formal,up,44,56,0,1.3369774762905182,1784367694.453436,1784367696.803392,1784367695.628414,1.2,0.11459,0.197046,-0.002895,0.004787,1,acq,20480,20480,0,16,True,False,1,1200000,8381618,False,-1719664,1785805,0,0,0,0,1,1,1784367694.453436
900,112,4,formal,up,44,56,0,1.3369774762905182,1784367696.803637,1784367699.1459599,1784367697.9747984,1.2,0.114902,0.197531,-0.002884,0.004772,1,acq,20480,20480,0,16,True,False,1,1200000,8381618,False,-1781910,1797323,0,0,0,0,1,1,1784367696.803637
901,112,5,formal,up,44,56,0,1.3369774762905182,1784367699.146218,1784367701.47429,1784367700.310254,1.2,0.115207,0.198035,-0.002872,0.004764,1,acq,20480,20480,0,16,True,False,1,1200000,8381618,False,-1716700,1862617,0,0,0,0,1,1,1784367699.146218
902,112,6,formal,up,44,56,0,1.3369774762905182,1784367701.474602,1784367703.803222,1784367702.638912,1.2,0.115367,0.1984,-0.00288,0.004766,1,acq,20480,20480,0,16,True,False,1,1200000,8381618,False,-1765396,1907925,0,0,0,0,1,1,1784367701.474602
903,112,7,formal,up,44,56,0,1.3369774762905182,1784367703.8034508,1784367706.1293812,1784367704.966416,1.2,0.115565,0.198819,-0.00287,0.004814,1,acq,20480,20480,0,16,True,False,1,1200000,8381618,False,-1732706,1829843,0,0,0,0,1,1,1784367703.8034508
904,113,0,formal,down,44,56,1,1.3369774762905182,1784367718.812638,1784367721.135642,1784367719.9741402,1.2,0.116362,0.200216,-0.002878,0.004752,1,acq,20480,20480,0,16,True,False,1,1200000,8381618,False,-1807231,1810026,0,0,0,0,1,1,1784367718.812638
905,113,1,formal,down,44,56,1,1.3369774762905182,1784367721.136961,1784367723.482777,1784367722.309869,1.2,0.11652,0.200447,-0.002857,0.004765,1,acq,20480,20480,0,16,True,False,1,1200000,8381618,False,-1759044,1827556,0,0,0,0,1,1,1784367721.136961
906,113,2,formal,down,44,56,1,1.3369774762905182,1784367723.483038,1784367725.8263109,1784367724.6546745,1.2,0.116487,0.200657,-0.002869,0.004799,1,acq,20480,20480,0,16,True,False,1,1200000,8381618,False,-1767259,1811550,0,0,0,0,1,1,1784367723.483038
907,113,3,formal,down,44,56,1,1.3369774762905182,1784367725.826841,1784367728.16578,1784367726.9963107,1.2,0.116555,0.200684,-0.002854,0.004794,1,acq,20480,20480,0,16,True,False,1,1200000,8381618,False,-1708232,1799863,0,0,0,0,1,1,1784367725.826841
908,113,4,formal,down,44,56,1,1.3369774762905182,1784367728.166076,1784367730.503148,1784367729.334612,1.2,0.116726,0.201037,-0.002862,0.004747,1,acq,20480,20480,0,16,True,False,1,1200000,8381618,False,-1738634,1884297,0,0,0,0,1,1,1784367728.166076
909,113,5,formal,down,44,56,1,1.3369774762905182,1784367730.5034828,1784367732.8304949,1784367731.6669888,1.2,0.116795,0.201127,-0.00283,0.004755,1,acq,20480,20480,0,16,True,False,1,1200000,8381618,False,-1726524,1841106,0,0,0,0,1,1,1784367730.5034828
910,113,6,formal,down,44,56,1,1.3369774762905182,1784367732.8307562,1784367735.1565251,1784367733.9936407,1.2,0.116799,0.201187,-0.00285,0.004783,1,acq,20480,20480,0,16,True,False,1,1200000,8381618,False,-1725762,1872610,0,0,0,0,1,1,1784367732.8307562
911,113,7,formal,down,44,56,1,1.3369774762905182,1784367735.1568,1784367737.486675,1784367736.3217375,1.2,0.116925,0.201358,-0.002872,0.004731,1,acq,20480,20480,0,16,True,False,1,1200000,8381618,False,-1781147,1841022,0,0,0,0,1,1,1784367735.1568
912,114,0,formal,down,36,57,0,0.29254966668172866,1784367757.393656,1784367759.723964,1784367758.55881,1.197268,0.252122,0.431477,-0.003305,0.004485,1,acq,20480,20480,0,16,True,False,1,1200000,8381618,False,-3617257,3709143,0,0,0,0,1,1,1784367757.393656
913,114,1,formal,down,36,57,0,0.29254966668172866,1784367759.724206,1784367762.056897,1784367760.8905516,1.196462,0.252325,0.432068,-0.003317,0.004489,1,acq,20480,20480,0,16,True,False,1,1200000,8381618,False,-3621237,3646051,0,0,0,0,1,1,1784367759.724206
914,114,2,formal,down,36,57,0,0.29254966668172866,1784367762.057209,1784367764.373455,1784367763.215332,1.195314,0.252419,0.432373,-0.003327,0.004539,1,acq,20480,20480,0,16,True,False,1,1200000,8381618,False,-3612345,3708635,0,0,0,0,1,1,1784367762.057209
915,114,3,formal,down,36,57,0,0.29254966668172866,1784367764.373715,1784367766.7105129,1784367765.5421138,1.19438,0.252622,0.43272,-0.003323,0.004457,1,acq,20480,20480,0,16,True,False,1,1200000,8381618,False,-3637243,3705840,0,0,0,0,1,1,1784367764.373715
916,114,4,formal,down,36,57,0,0.29254966668172866,1784367766.710891,1784367769.03969,1784367767.8752904,1.19434,0.252913,0.433302,-0.003333,0.004486,1,acq,20480,20480,0,16,True,False,1,1200000,8381618,False,-3638598,3743442,0,0,0,0,1,1,1784367766.710891
917,114,5,formal,down,36,57,0,0.29254966668172866,1784367769.0399082,1784367771.363374,1784367770.201641,1.192292,0.252714,0.433044,-0.003353,0.004522,1,acq,20480,20480,0,16,True,False,1,1200000,8381618,False,-3685685,3771727,0,0,0,0,1,1,1784367769.0399082
918,114,6,formal,down,36,57,0,0.29254966668172866,1784367771.3636029,1784367773.7026482,1784367772.5331254,1.192547,0.253035,0.433672,-0.003328,0.004501,1,acq,20480,20480,0,16,True,False,1,1200000,8381618,False,-3628182,3678910,0,0,0,0,1,1,1784367771.3636029
919,114,7,formal,down,36,57,0,0.29254966668172866,1784367773.70289,1784367776.048343,1784367774.8756166,1.190646,0.252963,0.433502,-0.003251,0.004461,1,acq,20480,20480,0,16,True,False,1,1200000,8381618,False,-3645543,3732432,0,0,0,0,1,1,1784367773.70289
920,115,0,formal,up,36,57,1,0.29254966668172866,1784367788.747893,1784367791.086706,1784367789.9172995,1.187145,0.25358,0.434818,-0.003344,0.004437,1,acq,20480,20480,0,16,True,False,1,1200000,8381618,False,-3658754,3784515,0,0,0,0,1,1,1784367788.747893
921,115,1,formal,up,36,57,1,0.29254966668172866,1784367791.086946,1784367793.415138,1784367792.251042,1.188342,0.254041,0.435576,-0.003299,0.004486,1,acq,20480,20480,0,16,True,False,1,1200000,8381618,False,-3682382,3696525,0,0,0,0,1,1,1784367791.086946
922,115,2,formal,up,36,57,1,0.29254966668172866,1784367793.415367,1784367795.757351,1784367794.586359,1.188333,0.254087,0.435824,-0.003312,0.004468,1,acq,20480,20480,0,16,True,False,1,1200000,8381618,False,-3647575,3742849,0,0,0,0,1,1,1784367793.415367
923,115,3,formal,up,36,57,1,0.29254966668172866,1784367795.757814,1784367798.088234,1784367796.923024,1.187308,0.254075,0.435796,-0.003321,0.004541,1,acq,20480,20480,0,16,True,False,1,1200000,8381618,False,-3639276,3742002,0,0,0,0,1,1,1784367795.757814
924,115,4,formal,up,36,57,1,0.29254966668172866,1784367798.088501,1784367800.429503,1784367799.259002,1.186074,0.253951,0.435538,-0.003309,0.004446,1,acq,20480,20480,0,16,True,False,1,1200000,8381618,False,-3674929,3790697,0,0,0,0,1,1,1784367798.088501
925,115,5,formal,up,36,57,1,0.29254966668172866,1784367800.429722,1784367802.7703402,1784367801.6000311,1.186559,0.254201,0.436051,-0.003322,0.004515,1,acq,20480,20480,0,16,True,False,1,1200000,8381618,False,-3728282,3744204,0,0,0,0,1,1,1784367800.429722
926,115,6,formal,up,36,57,1,0.29254966668172866,1784367802.77056,1784367805.104985,1784367803.9377725,1.186218,0.25424,0.436194,-0.003326,0.004445,1,acq,20480,20480,0,16,True,False,1,1200000,8381618,False,-3719221,3789596,0,0,0,0,1,1,1784367802.77056
927,115,7,formal,up,36,57,1,0.29254966668172866,1784367805.1052842,1784367807.4307709,1784367806.2680275,1.186094,0.254384,0.436448,-0.003319,0.0045,1,acq,20480,20480,0,16,True,False,1,1200000,8381618,False,-3679841,3706264,0,0,0,0,1,1,1784367805.1052842
928,116,0,formal,up,31,58,0,-0.36021771432376504,1784367827.3672729,1784367829.703307,1784367828.5352898,0.896684,0.295158,0.504406,-0.003428,0.004611,1,acq,20480,20480,0,16,True,False,1,1200000,8381618,False,-4205158,4269690,0,0,0,0,1,1,1784367827.3672729
929,116,1,formal,up,31,58,0,-0.36021771432376504,1784367829.704334,1784367832.040564,1784367830.872449,0.895518,0.295036,0.504389,-0.003408,0.00457,1,acq,20480,20480,0,16,True,False,1,1200000,8381618,False,-4216506,4269351,0,0,0,0,1,1,1784367829.704334
930,116,2,formal,up,31,58,0,-0.36021771432376504,1784367832.040809,1784367834.375104,1784367833.2079563,0.894973,0.295182,0.50468,-0.003406,0.004617,1,acq,20480,20480,0,16,True,False,1,1200000,8381618,False,-4156124,4247840,0,0,0,0,1,1,1784367832.040809
931,116,3,formal,up,31,58,0,-0.36021771432376504,1784367834.37536,1784367836.724254,1784367835.549807,0.894264,0.295183,0.504758,-0.003524,0.004552,1,acq,20480,20480,0,16,True,False,1,1200000,8381618,False,-4208122,4241065,0,0,0,0,1,1,1784367834.37536
932,116,4,formal,up,31,58,0,-0.36021771432376504,1784367836.724572,1784367839.056363,1784367837.8904676,0.892952,0.294947,0.504581,-0.003457,0.004626,1,acq,20480,20480,0,16,True,False,1,1200000,8381618,False,-4216337,4315675,0,0,0,0,1,1,1784367836.724572
933,116,5,formal,up,31,58,0,-0.36021771432376504,1784367839.056592,1784367841.390837,1784367840.2237144,0.892955,0.295182,0.505016,-0.003438,0.004645,1,acq,20480,20480,0,16,True,False,1,1200000,8381618,False,-4186611,4252329,0,0,0,0,1,1,1784367839.056592
934,116,6,formal,up,31,58,0,-0.36021771432376504,1784367841.3910809,1784367843.734349,1784367842.562715,0.89213,0.295259,0.505161,-0.003382,0.004625,1,acq,20480,20480,0,16,True,False,1,1200000,8381618,False,-4215151,4243098,0,0,0,0,1,1,1784367841.3910809
935,116,7,formal,up,31,58,0,-0.36021771432376504,1784367843.734575,1784367846.075994,1784367844.9052844,0.890916,0.29502,0.504816,-0.003417,0.004598,1,acq,20480,20480,0,16,True,False,1,1200000,8381618,False,-4188136,4277227,0,0,0,0,1,1,1784367843.734575
936,117,0,formal,down,31,58,1,-0.36021771432376504,1784367858.766211,1784367861.11753,1784367859.9418707,0.887537,0.295139,0.505271,-0.003411,0.004645,1,acq,20480,20480,0,16,True,False,1,1200000,8381618,False,-4175771,4289507,0,0,0,0,1,1,1784367858.766211
937,117,1,formal,down,31,58,1,-0.36021771432376504,1784367861.117758,1784367863.4670389,1784367862.2923985,0.886321,0.294972,0.504919,-0.003351,0.00454,1,acq,20480,20480,0,16,True,False,1,1200000,8381618,False,-4216082,4314151,0,0,0,0,1,1,1784367861.117758
938,117,2,formal,down,31,58,1,-0.36021771432376504,1784367863.467274,1784367865.7910452,1784367864.6291595,0.886994,0.295377,0.505709,-0.003351,0.004601,1,acq,20480,20480,0,16,True,False,1,1200000,8381618,False,-4193725,4284171,0,0,0,0,1,1,1784367863.467274
939,117,3,formal,down,31,58,1,-0.36021771432376504,1784367865.791292,1784367868.133966,1784367866.9626288,0.885928,0.295095,0.505333,-0.003372,0.004571,1,acq,20480,20480,0,16,True,False,1,1200000,8381618,False,-4173231,4217861,0,0,0,0,1,1,1784367865.791292
940,117,4,formal,down,31,58,1,-0.36021771432376504,1784367868.13426,1784367870.471871,1784367869.3030653,0.8857,0.295332,0.505649,-0.003422,0.004584,1,acq,20480,20480,0,16,True,False,1,1200000,8381618,False,-4185426,4241743,0,0,0,0,1,1,1784367868.13426
941,117,5,formal,down,31,58,1,-0.36021771432376504,1784367870.4721642,1784367872.812981,1784367871.6425724,0.885273,0.295307,0.50565,-0.00335,0.004552,1,acq,20480,20480,0,16,True,False,1,1200000,8381618,False,-4228023,4330919,0,0,0,0,1,1,1784367870.4721642
942,117,6,formal,down,31,58,1,-0.36021771432376504,1784367872.813233,1784367875.1504629,1784367873.9818478,0.885173,0.295449,0.505924,-0.003371,0.004588,1,acq,20480,20480,0,16,True,False,1,1200000,8381618,False,-4204480,4315675,0,0,0,0,1,1,1784367872.813233
943,117,7,formal,down,31,58,1,-0.36021771432376504,1784367875.150717,1784367877.474952,1784367876.3128345,0.883973,0.295185,0.505551,-0.003401,0.004546,1,acq,20480,20480,0,16,True,False,1,1200000,8381618,False,-4275025,4229463,0,0,0,0,1,1,1784367875.150717
944,118,0,formal,down,49,59,0,1.989744857296012,1784367915.997876,1784367918.329788,1784367917.163832,1.2,0.014755,0.025404,-0.002754,0.004907,1,acq,20480,20480,0,16,True,False,1,1200000,8381618,False,-370000,381348,0,0,0,0,1,1,1784367915.997876
945,118,1,formal,down,49,59,0,1.989744857296012,1784367918.3300831,1784367920.676126,1784367919.5031047,1.2,0.014133,0.024454,-0.002771,0.004867,1,acq,20480,20480,0,16,True,False,1,1200000,8381618,False,-371016,522522,0,0,0,0,1,1,1784367918.3300831
946,118,2,formal,down,49,59,0,1.989744857296012,1784367920.676359,1784367923.009753,1784367921.843056,1.2,0.013601,0.023501,-0.002738,0.004854,1,acq,20480,20480,0,16,True,False,1,1200000,8381618,False,-357042,425639,0,0,0,0,1,1,1784367920.676359
947,118,3,formal,down,49,59,0,1.989744857296012,1784367923.0099761,1784367925.3573189,1784367924.1836476,1.2,0.013116,0.022497,-0.002715,0.004873,1,acq,20480,20480,0,16,True,False,1,1200000,8381618,False,-443085,435124,0,0,0,0,1,1,1784367923.0099761
948,118,4,formal,down,49,59,0,1.989744857296012,1784367925.357547,1784367927.698432,1784367926.5279894,1.2,0.01261,0.0218,-0.002709,0.004843,1,acq,20480,20480,0,16,True,False,1,1200000,8381618,False,-352554,441815,0,0,0,0,1,1,1784367925.357547
949,118,5,formal,down,49,59,0,1.989744857296012,1784367927.698665,1784367930.018914,1784367928.8587894,1.2,0.012181,0.021026,-0.002722,0.004847,1,acq,20480,20480,0,16,True,False,1,1200000,8381618,False,-374488,571810,0,0,0,0,1,1,1784367927.698665
950,118,6,formal,down,49,59,0,1.989744857296012,1784367930.0191638,1784367932.357066,1784367931.188115,1.2,0.011719,0.020204,-0.002713,0.004818,1,acq,20480,20480,0,16,True,False,1,1200000,8381618,False,-311396,389732,0,0,0,0,1,1,1784367930.0191638
951,118,7,formal,down,49,59,0,1.989744857296012,1784367932.3573508,1784367934.6894689,1784367933.5234098,1.2,0.011374,0.019541,-0.002716,0.004887,1,acq,20480,20480,0,16,True,False,1,1200000,8381618,False,-290393,413106,0,0,0,0,1,1,1784367932.3573508
952,119,0,formal,up,49,59,1,1.989744857296012,1784367947.423542,1784367949.749156,1784367948.586349,1.2,0.009158,0.015815,-0.002698,0.004843,1,acq,20480,20480,0,16,True,False,1,1200000,8381618,False,-260499,417848,0,0,0,0,1,1,1784367947.423542
953,119,1,formal,up,49,59,1,1.989744857296012,1784367949.749442,1784367952.09184,1784367950.920641,1.2,0.008836,0.01523,-0.002688,0.004797,1,acq,20480,20480,0,16,True,False,1,1200000,8381618,False,-246017,394390,0,0,0,0,1,1,1784367949.749442
954,119,2,formal,up,49,59,1,1.989744857296012,1784367952.0924,1784367954.4258502,1784367953.2591252,1.2,0.008522,0.014705,-0.002685,0.004797,1,acq,20480,20480,0,16,True,False,1,1200000,8381618,False,-278622,385667,0,0,0,0,1,1,1784367952.0924
955,119,3,formal,up,49,59,1,1.989744857296012,1784367954.426412,1784367956.760472,1784367955.593442,1.2,0.008228,0.014293,-0.002701,0.00479,1,acq,20480,20480,0,16,True,False,1,1200000,8381618,False,-289462,332653,0,0,0,0,1,1,1784367954.426412
956,119,4,formal,up,49,59,1,1.989744857296012,1784367956.7606888,1784367958.9380322,1784367957.8493605,1.2,7e-06,1.2e-05,4e-06,1.7e-05,1,acq,20480,20480,0,16,True,False,1,1200000,8381618,False,-190039,176743,0,0,0,0,1,1,1784367956.7606888
957,119,5,formal,up,49,59,1,1.989744857296012,1784367958.938262,1784367961.131047,1784367960.0346546,1.2,3.6e-05,1e-05,5e-06,1.2e-05,1,acq,20480,20480,0,16,True,False,1,1200000,8381618,False,-203419,232975,0,0,0,0,1,1,1784367958.938262
958,119,6,formal,up,49,59,1,1.989744857296012,1784367961.131287,1784367963.3128939,1784367962.2220905,1.2,-2.3e-05,3.2e-05,-7e-06,7e-06,1,acq,20480,20480,0,16,True,False,1,1200000,8381618,False,-173948,239835,0,0,0,0,1,1,1784367961.131287
959,119,7,formal,up,49,59,1,1.989744857296012,1784367963.313104,1784367965.4971552,1784367964.4051294,1.2,-2.2e-05,1.4e-05,1.5e-05,1.7e-05,1,acq,20480,20480,0,16,True,False,1,1200000,8381618,False,-193765,200455,0,0,0,0,1,1,1784367963.313104
960,120,0,formal,up,66,60,0,4.20915395271469,1784367998.365452,1784368000.708928,1784367999.53719,0.991034,-0.286552,-0.488672,0.000913,0.000169,1,acq,20480,20480,0,16,True,False,1,1200000,8381618,False,-4056785,4137154,0,0,0,0,1,1,1784367998.365452
961,120,1,formal,up,66,60,0,4.20915395271469,1784368000.709997,1784368003.0422,1784368001.8760986,0.988486,-0.286769,-0.489149,0.000875,0.000202,1,acq,20480,20480,0,16,True,False,1,1200000,8381618,False,-4070589,4184748,0,0,0,0,1,1,1784368000.709997
962,120,2,formal,up,66,60,0,4.20915395271469,1784368003.04244,1784368005.367321,1784368004.2048805,0.985978,-0.286851,-0.489448,0.000892,0.000207,1,acq,20480,20480,0,16,True,False,1,1200000,8381618,False,-4077026,4180937,0,0,0,0,1,1,1784368003.04244
963,120,3,formal,up,66,60,0,4.20915395271469,1784368005.367608,1784368007.700493,1784368006.5340505,0.983828,-0.287089,-0.489906,0.000922,0.000159,1,acq,20480,20480,0,16,True,False,1,1200000,8381618,False,-4073723,4171706,0,0,0,0,1,1,1784368005.367608
964,120,4,formal,up,66,60,0,4.20915395271469,1784368007.700719,1784368010.0358279,1784368008.8682735,0.9817,-0.287231,-0.490235,0.000886,0.000188,1,acq,20480,20480,0,16,True,False,1,1200000,8381618,False,-4191015,4129363,0,0,0,0,1,1,1784368007.700719
965,120,5,formal,up,66,60,0,4.20915395271469,1784368010.0368419,1784368012.364078,1784368011.20046,0.980065,-0.28751,-0.490685,0.000922,0.000164,1,acq,20480,20480,0,16,True,False,1,1200000,8381618,False,-4095911,4178820,0,0,0,0,1,1,1784368010.0368419
966,120,6,formal,up,66,60,0,4.20915395271469,1784368012.364299,1784368014.702131,1784368013.533215,0.978508,-0.28776,-0.491109,0.000916,8.1e-05,1,acq,20480,20480,0,16,True,False,1,1200000,8381618,False,-4088712,4171622,0,0,0,0,1,1,1784368012.364299
967,120,7,formal,up,66,60,0,4.20915395271469,1784368014.7023768,1784368017.0337229,1784368015.8680499,0.976274,-0.287695,-0.4912,0.000992,0.000111,1,acq,20480,20480,0,16,True,False,1,1200000,8381618,False,-4097012,4188813,0,0,0,0,1,1,1784368014.7023768
968,121,0,formal,down,66,60,1,4.20915395271469,1784368029.736435,1784368032.0682728,1784368030.9023538,0.966042,-0.288709,-0.493087,0.000949,4.7e-05,1,acq,20480,20480,0,16,True,False,1,1200000,8381618,False,-4102601,4214304,0,0,0,0,1,1,1784368029.736435
969,121,1,formal,down,66,60,1,4.20915395271469,1784368032.068514,1784368034.4065769,1784368033.2375455,0.964384,-0.28869,-0.493091,0.000989,4.1e-05,1,acq,20480,20480,0,16,True,False,1,1200000,8381618,False,-4141981,4185172,0,0,0,0,1,1,1784368032.068514
970,121,2,formal,down,66,60,1,4.20915395271469,1784368034.4068851,1784368036.749815,1784368035.57835,0.964104,-0.289193,-0.493821,0.001019,1e-06,1,acq,20480,20480,0,16,True,False,1,1200000,8381618,False,-4174840,4171876,0,0,0,0,1,1,1784368034.4068851
971,121,3,formal,down,66,60,1,4.20915395271469,1784368036.7500522,1784368039.084348,1784368037.9172,0.961767,-0.289016,-0.493603,0.00103,1.7e-05,1,acq,20480,20480,0,16,True,False,1,1200000,8381618,False,-4113187,4174840,0,0,0,0,1,1,1784368036.7500522
972,121,4,formal,down,66,60,1,4.20915395271469,1784368039.0845592,1784368041.423027,1784368040.2537932,0.960376,-0.288977,-0.493827,0.001009,-4e-06,1,acq,20480,20480,0,16,True,False,1,1200000,8381618,False,-4153329,4188136,0,0,0,0,1,1,1784368039.0845592
973,121,5,formal,down,66,60,1,4.20915395271469,1784368041.423249,1784368043.766634,1784368042.5949416,0.959272,-0.289285,-0.494063,0.000992,-1.4e-05,1,acq,20480,20480,0,16,True,False,1,1200000,8381618,False,-4138085,4176788,0,0,0,0,1,1,1784368041.423249
974,121,6,formal,down,66,60,1,4.20915395271469,1784368043.766866,1784368046.104574,1784368044.93572,0.958211,-0.28937,-0.494344,0.00102,-0.0,1,acq,20480,20480,0,16,True,False,1,1200000,8381618,False,-4129955,4169166,0,0,0,0,1,1,1784368043.766866
975,121,7,formal,down,66,60,1,4.20915395271469,1784368046.1048262,1784368048.4307258,1784368047.267776,0.956238,-0.289328,-0.494155,0.001023,-1.3e-05,1,acq,20480,20480,0,16,True,False,1,1200000,8381618,False,-4142489,4191862,0,0,0,0,1,1,1784368046.1048262
976,122,0,formal,down,14,61,0,-2.5796268097424426,1784368133.132689,1784368135.469198,1784368134.3009434,0.072926,0.127625,0.218067,0.002274,-0.00447,1,acq,20480,20480,0,16,True,False,1,1200000,8381618,False,-1883111,1830436,0,0,0,0,1,1,1784368133.132689
977,122,1,formal,down,14,61,0,-2.5796268097424426,1784368135.469453,1784368137.799541,1784368136.6344972,0.071464,0.126348,0.215936,0.00225,-0.004467,1,acq,20480,20480,0,16,True,False,1,1200000,8381618,False,-1875828,1823322,0,0,0,0,1,1,1784368135.469453
978,122,2,formal,down,14,61,0,-2.5796268097424426,1784368137.799789,1784368140.1290638,1784368138.9644265,0.070205,0.125302,0.214187,0.002293,-0.004483,1,acq,20480,20480,0,16,True,False,1,1200000,8381618,False,-1860669,1794189,0,0,0,0,1,1,1784368137.799789
979,122,3,formal,down,14,61,0,-2.5796268097424426,1784368140.129298,1784368142.462098,1784368141.295698,0.069033,0.124417,0.212573,0.002296,-0.004505,1,acq,20480,20480,0,16,True,False,1,1200000,8381618,False,-1848389,1780639,0,0,0,0,1,1,1784368140.129298
980,122,4,formal,down,14,61,0,-2.5796268097424426,1784368142.462364,1784368144.795895,1784368143.6291294,0.067908,0.123486,0.21102,0.002293,-0.00453,1,acq,20480,20480,0,16,True,False,1,1200000,8381618,False,-1836872,1767682,0,0,0,0,1,1,1784368142.462364
981,122,5,formal,down,14,61,0,-2.5796268097424426,1784368144.796134,1784368147.137428,1784368145.9667811,0.06678,0.1225,0.209327,0.0023,-0.004536,1,acq,20480,20480,0,16,True,False,1,1200000,8381618,False,-1843732,1763617,0,0,0,0,1,1,1784368144.796134
982,122,6,formal,down,14,61,0,-2.5796268097424426,1784368147.137702,1784368149.4721751,1784368148.3049386,0.065773,0.121611,0.207837,0.002314,-0.00452,1,acq,20480,20480,0,16,True,False,1,1200000,8381618,False,-1816632,1738804,0,0,0,0,1,1,1784368147.137702
983,122,7,formal,down,14,61,0,-2.5796268097424426,1784368149.4724128,1784368151.820817,1784368150.646615,0.06483,0.120797,0.206527,0.00231,-0.004531,1,acq,20480,20480,0,16,True,False,1,1200000,8381618,False,-1801472,1731605,0,0,0,0,1,1,1784368149.4724128
984,123,0,formal,up,14,61,1,-2.5796268097424426,1784368164.539804,1784368166.871037,1784368165.7054205,0.059452,0.115946,0.198297,0.002321,-0.004558,1,acq,20480,20480,0,16,True,False,1,1200000,8381618,False,-1731012,1670546,0,0,0,0,1,1,1784368164.539804
985,123,1,formal,up,14,61,1,-2.5796268097424426,1784368166.871281,1784368169.203434,1784368168.0373573,0.058731,0.115194,0.197224,0.002326,-0.004533,1,acq,20480,20480,0,16,True,False,1,1200000,8381618,False,-1734400,1653269,0,0,0,0,1,1,1784368166.871281
986,123,2,formal,up,14,61,1,-2.5796268097424426,1784368169.203688,1784368171.5485718,1784368170.3761299,0.058055,0.114561,0.19612,0.002355,-0.004552,1,acq,20480,20480,0,16,True,False,1,1200000,8381618,False,-1716954,1637772,0,0,0,0,1,1,1784368169.203688
987,123,3,formal,up,14,61,1,-2.5796268097424426,1784368171.5488179,1784368173.882098,1784368172.715458,0.057417,0.114002,0.195111,0.002348,-0.004576,1,acq,20480,20480,0,16,True,False,1,1200000,8381618,False,-1705945,1642853,0,0,0,0,1,1,1784368171.5488179
988,123,4,formal,up,14,61,1,-2.5796268097424426,1784368173.8832262,1784368176.2301178,1784368175.056672,0.056824,0.113443,0.194079,0.002352,-0.00455,1,acq,20480,20480,0,16,True,False,1,1200000,8381618,False,-1702388,1633114,0,0,0,0,1,1,1784368173.8832262
989,123,5,formal,up,14,61,1,-2.5796268097424426,1784368176.2304482,1784368178.5652428,1784368177.3978455,0.056119,0.112834,0.193079,0.002364,-0.004566,1,acq,20480,20480,0,16,True,False,1,1200000,8381618,False,-1695020,1623375,0,0,0,0,1,1,1784368176.2304482
990,123,6,formal,up,14,61,1,-2.5796268097424426,1784368178.5654988,1784368180.8847291,1784368179.7251139,0.055492,0.112104,0.191988,0.00235,-0.00458,1,acq,20480,20480,0,16,True,False,1,1200000,8381618,False,-1684942,1611688,0,0,0,0,1,1,1784368178.5654988
991,123,7,formal,up,14,61,1,-2.5796268097424426,1784368180.8851259,1784368183.230277,1784368182.0577016,0.054919,0.111575,0.191071,0.00236,-0.004602,1,acq,20480,20480,0,16,True,False,1,1200000,8381618,False,-1678083,1605506,0,0,0,0,1,1,1784368180.8851259
992,124,0,formal,up,15,62,0,-2.449073333541344,1784368194.521572,1784368196.855568,1784368195.68857,0.075796,0.128603,0.22006,0.003092,-0.005927,1,acq,20480,20480,0,16,True,False,1,1200000,8381618,False,-1938073,1840768,0,0,0,0,1,1,1784368194.521572
993,124,1,formal,up,15,62,0,-2.449073333541344,1784368196.856621,1784368199.1851258,1784368198.0208735,0.075238,0.128146,0.219283,0.003116,-0.005937,1,acq,20480,20480,0,16,True,False,1,1200000,8381618,False,-1924100,1814430,0,0,0,0,1,1,1784368196.856621
994,124,2,formal,up,15,62,0,-2.449073333541344,1784368199.185366,1784368201.527301,1784368200.3563335,0.074777,0.127862,0.21872,0.003083,-0.005939,1,acq,20480,20480,0,16,True,False,1,1200000,8381618,False,-1922745,1819257,0,0,0,0,1,1,1784368199.185366
995,124,3,formal,up,15,62,0,-2.449073333541344,1784368201.527565,1784368203.872229,1784368202.699897,0.074281,0.12739,0.218003,0.003087,-0.005934,1,acq,20480,20480,0,16,True,False,1,1200000,8381618,False,-1913683,1814853,0,0,0,0,1,1,1784368201.527565
996,124,4,formal,up,15,62,0,-2.449073333541344,1784368203.872462,1784368206.208241,1784368205.0403514,0.07386,0.127113,0.2175,0.003115,-0.005914,1,acq,20480,20480,0,16,True,False,1,1200000,8381618,False,-1908856,1807993,0,0,0,0,1,1,1784368203.872462
997,124,5,formal,up,15,62,0,-2.449073333541344,1784368206.208481,1784368208.5342999,1784368207.3713903,0.073314,0.126587,0.216673,0.003126,-0.005941,1,acq,20480,20480,0,16,True,False,1,1200000,8381618,False,-1914615,1811889,0,0,0,0,1,1,1784368206.208481
998,124,6,formal,up,15,62,0,-2.449073333541344,1784368208.534604,1784368210.863437,1784368209.6990204,0.072823,0.126235,0.216,0.003104,-0.005925,1,acq,20480,20480,0,16,True,False,1,1200000,8381618,False,-1903860,1795121,0,0,0,0,1,1,1784368208.534604
999,124,7,formal,up,15,62,0,-2.449073333541344,1784368210.863719,1784368213.1929228,1784368212.0283208,0.072395,0.125915,0.215461,0.003094,-0.005924,1,acq,20480,20480,0,16,True,False,1,1200000,8381618,False,-1887261,1790548,0,0,0,0,1,1,1784368210.863719
1000,125,0,formal,down,15,62,1,-2.449073333541344,1784368225.952588,1784368228.279925,1784368227.1162567,0.069493,0.123481,0.211411,0.003149,-0.005911,1,acq,20480,20480,0,16,True,False,1,1200000,8381618,False,-1860076,1759552,0,0,0,0,1,1,1784368225.952588
1001,125,1,formal,down,15,62,1,-2.449073333541344,1784368228.2803478,1784368230.6051211,1784368229.4427345,0.069075,0.123129,0.210797,0.003133,-0.005896,1,acq,20480,20480,0,16,True,False,1,1200000,8381618,False,-1866428,1759806,0,0,0,0,1,1,1784368228.2803478
1002,125,2,formal,down,15,62,1,-2.449073333541344,1784368230.605342,1784368232.9354901,1784368231.770416,0.068651,0.12284,0.210223,0.003163,-0.005916,1,acq,20480,20480,0,16,True,False,1,1200000,8381618,False,-1852539,1761839,0,0,0,0,1,1,1784368230.605342
1003,125,3,formal,down,15,62,1,-2.449073333541344,1784368232.9357362,1784368235.272345,1784368234.1040406,0.06819,0.122392,0.209512,0.003148,-0.005894,1,acq,20480,20480,0,16,True,False,1,1200000,8381618,False,-1846103,1745325,0,0,0,0,1,1,1784368232.9357362
1004,125,4,formal,down,15,62,1,-2.449073333541344,1784368235.273032,1784368237.605672,1784368236.439352,0.067785,0.122047,0.208947,0.003123,-0.005891,1,acq,20480,20480,0,16,True,False,1,1200000,8381618,False,-1833992,1754556,0,0,0,0,1,1,1784368235.273032
1005,125,5,formal,down,15,62,1,-2.449073333541344,1784368237.605901,1784368239.950867,1784368238.778384,0.067407,0.121726,0.208387,0.003116,-0.005914,1,acq,20480,20480,0,16,True,False,1,1200000,8381618,False,-1844917,1739058,0,0,0,0,1,1,1784368237.605901
1006,125,6,formal,down,15,62,1,-2.449073333541344,1784368239.951085,1784368242.286316,1784368241.1187005,0.066959,0.121321,0.207698,0.003112,-0.00589,1,acq,20480,20480,0,16,True,False,1,1200000,8381618,False,-1835771,1736771,0,0,0,0,1,1,1784368239.951085
1007,125,7,formal,down,15,62,1,-2.449073333541344,1784368242.2865841,1784368244.630688,1784368243.458636,0.066642,0.121058,0.207245,0.003151,-0.005905,1,acq,20480,20480,0,16,True,False,1,1200000,8381618,False,-1824338,1731521,0,0,0,0,1,1,1784368242.2865841
1008,126,0,formal,down,65,63,0,4.078600476513591,1784368329.282502,1784368331.600586,1784368330.441544,1.079145,-0.274503,-0.468518,-0.001365,0.003831,1,acq,20480,20480,0,16,True,False,1,1200000,8381618,False,-3911716,4054668,0,0,0,0,1,1,1784368329.282502
1009,126,1,formal,down,65,63,0,4.078600476513591,1784368331.600847,1784368333.9396741,1784368332.7702606,1.077547,-0.275173,-0.469773,-0.001294,0.003871,1,acq,20480,20480,0,16,True,False,1,1200000,8381618,False,-3882837,4036037,0,0,0,0,1,1,1784368331.600847
1010,126,2,formal,down,65,63,0,4.078600476513591,1784368333.939896,1784368336.2733262,1784368335.1066113,1.073925,-0.275341,-0.470096,-0.001274,0.003797,1,acq,20480,20480,0,16,True,False,1,1200000,8381618,False,-3898166,3999875,0,0,0,0,1,1,1784368333.939896
1011,126,3,formal,down,65,63,0,4.078600476513591,1784368336.273522,1784368338.613417,1784368337.4434695,1.072196,-0.275984,-0.471124,-0.001304,0.003841,1,acq,20480,20480,0,16,True,False,1,1200000,8381618,False,-3904432,4012324,0,0,0,0,1,1,1784368336.273522
1012,126,4,formal,down,65,63,0,4.078600476513591,1784368338.613656,1784368340.9594061,1784368339.786531,1.068627,-0.275893,-0.47127,-0.001284,0.003797,1,acq,20480,20480,0,16,True,False,1,1200000,8381618,False,-3888511,4048655,0,0,0,0,1,1,1784368338.613656
1013,126,5,formal,down,65,63,0,4.078600476513591,1784368340.959638,1784368343.296736,1784368342.1281872,1.066262,-0.276206,-0.471855,-0.001246,0.003853,1,acq,20480,20480,0,16,True,False,1,1200000,8381618,False,-3905110,4041118,0,0,0,0,1,1,1784368340.959638
1014,126,6,formal,down,65,63,0,4.078600476513591,1784368343.296969,1784368345.629567,1784368344.4632678,1.063676,-0.276536,-0.47228,-0.001252,0.003803,1,acq,20480,20480,0,16,True,False,1,1200000,8381618,False,-3925096,4033835,0,0,0,0,1,1,1784368343.296969
1015,126,7,formal,down,65,63,0,4.078600476513591,1784368345.629825,1784368347.9535959,1784368346.7917104,1.061722,-0.276773,-0.472843,-0.00125,0.003791,1,acq,20480,20480,0,16,True,False,1,1200000,8381618,False,-3945760,4063052,0,0,0,0,1,1,1784368345.629825
1016,127,0,formal,up,65,63,1,4.078600476513591,1784368360.682297,1784368363.023942,1784368361.8531194,1.049745,-0.278626,-0.475803,-0.00119,0.003728,1,acq,20480,20480,0,16,True,False,1,1200000,8381618,False,-3950333,4069234,0,0,0,0,1,1,1784368360.682297
1017,127,1,formal,up,65,63,1,4.078600476513591,1784368363.024182,1784368365.3698938,1784368364.197038,1.048663,-0.278967,-0.476527,-0.001206,0.003674,1,acq,20480,20480,0,16,True,False,1,1200000,8381618,False,-3954229,4095233,0,0,0,0,1,1,1784368363.024182
1018,127,2,formal,up,65,63,1,4.078600476513591,1784368365.370112,1784368367.698667,1784368366.5343895,1.045751,-0.278899,-0.476473,-0.001201,0.003673,1,acq,20480,20480,0,16,True,False,1,1200000,8381618,False,-4021555,4137069,0,0,0,0,1,1,1784368365.370112
1019,127,3,formal,up,65,63,1,4.078600476513591,1784368367.6991,1784368370.0285308,1784368368.8638153,1.044452,-0.279095,-0.476921,-0.001121,0.003716,1,acq,20480,20480,0,16,True,False,1,1200000,8381618,False,-3939239,4059326,0,0,0,0,1,1,1784368367.6991
1020,127,4,formal,up,65,63,1,4.078600476513591,1784368370.028775,1784368372.3659189,1784368371.197347,1.043257,-0.279517,-0.477472,-0.001158,0.00371,1,acq,20480,20480,0,16,True,False,1,1200000,8381618,False,-3987342,4089221,0,0,0,0,1,1,1784368370.028775
1021,127,5,formal,up,65,63,1,4.078600476513591,1784368372.366146,1784368374.6955981,1784368373.530872,1.041442,-0.279614,-0.477691,-0.001172,0.003664,1,acq,20480,20480,0,16,True,False,1,1200000,8381618,False,-4021979,4072791,0,0,0,0,1,1,1784368372.366146
1022,127,6,formal,up,65,63,1,4.078600476513591,1784368374.695838,1784368377.032973,1784368375.8644056,1.040414,-0.279859,-0.478245,-0.001155,0.003676,1,acq,20480,20480,0,16,True,False,1,1200000,8381618,False,-3965407,4118692,0,0,0,0,1,1,1784368374.695838
1023,127,7,formal,up,65,63,1,4.078600476513591,1784368377.033198,1784368379.37215,1784368378.202674,1.038567,-0.280023,-0.478488,-0.001131,0.003691,1,acq,20480,20480,0,16,True,False,1,1200000,8381618,False,-3965492,4103702,0,0,0,0,1,1,1784368377.033198
1024,128,0,formal,up,72,64,0,4.992474809921282,1784368397.865072,1784368400.20486,1784368399.034966,0.60493,-0.288322,-0.49055,0.002056,-0.001923,1,acq,20480,20480,0,16,True,False,1,1200000,8381618,False,-4114627,4161374,0,0,0,0,1,1,1784368397.865072
1025,128,1,formal,up,72,64,0,4.992474809921282,1784368400.205299,1784368402.5377548,1784368401.3715267,0.602881,-0.288282,-0.490526,0.002122,-0.001878,1,acq,20480,20480,0,16,True,False,1,1200000,8381618,False,-4094387,4141134,0,0,0,0,1,1,1784368400.205299
1026,128,2,formal,up,72,64,0,4.992474809921282,1784368402.538134,1784368404.874905,1784368403.7065196,0.60047,-0.287987,-0.490009,0.002063,-0.001867,1,acq,20480,20480,0,16,True,False,1,1200000,8381618,False,-4123604,4147062,0,0,0,0,1,1,1784368402.538134
1027,128,3,formal,up,72,64,0,4.992474809921282,1784368404.8751922,1784368407.2133372,1784368406.0442648,0.598698,-0.287796,-0.490029,0.002042,-0.001875,1,acq,20480,20480,0,16,True,False,1,1200000,8381618,False,-4099214,4148248,0,0,0,0,1,1,1784368404.8751922
1028,128,4,formal,up,72,64,0,4.992474809921282,1784368407.2135758,1784368409.5452569,1784368408.3794165,0.596223,-0.287467,-0.489274,0.002065,-0.00195,1,acq,20480,20480,0,16,True,False,1,1200000,8381618,False,-4093878,4127838,0,0,0,0,1,1,1784368407.2135758
1029,128,5,formal,up,72,64,0,4.992474809921282,1784368409.545482,1784368411.882308,1784368410.7138948,0.595003,-0.287498,-0.489596,0.002129,-0.00193,1,acq,20480,20480,0,16,True,False,1,1200000,8381618,False,-4098706,4138170,0,0,0,0,1,1,1784368409.545482
1030,128,6,formal,up,72,64,0,4.992474809921282,1784368411.882606,1784368414.213055,1784368413.0478306,0.592643,-0.287143,-0.488876,0.002122,-0.001892,1,acq,20480,20480,0,16,True,False,1,1200000,8381618,False,-4093455,4153160,0,0,0,0,1,1,1784368411.882606
1031,128,7,formal,up,72,64,0,4.992474809921282,1784368414.21328,1784368416.538767,1784368415.3760235,0.590948,-0.28699,-0.488784,0.002121,-0.001975,1,acq,20480,20480,0,16,True,False,1,1200000,8381618,False,-4115050,4132835,0,0,0,0,1,1,1784368414.21328
1032,129,0,formal,down,72,64,1,4.992474809921282,1784368429.297309,1784368431.632268,1784368430.4647884,0.580618,-0.286102,-0.4873,0.002152,-0.002024,1,acq,20480,20480,0,16,True,False,1,1200000,8381618,False,-4073892,4096250,0,0,0,0,1,1,1784368429.297309
1033,129,1,formal,down,72,64,1,4.992474809921282,1784368431.63251,1784368433.9740238,1784368432.803267,0.579287,-0.286017,-0.48719,0.002148,-0.002027,1,acq,20480,20480,0,16,True,False,1,1200000,8381618,False,-4080244,4110901,0,0,0,0,1,1,1784368431.63251
1034,129,2,formal,down,72,64,1,4.992474809921282,1784368433.97429,1784368436.312854,1784368435.1435719,0.577651,-0.285746,-0.486752,0.002139,-0.002049,1,acq,20480,20480,0,16,True,False,1,1200000,8381618,False,-4080667,4082276,0,0,0,0,1,1,1784368433.97429
1035,129,3,formal,down,72,64,1,4.992474809921282,1784368436.313088,1784368438.646904,1784368437.479996,0.576278,-0.285572,-0.486633,0.002171,-0.002018,1,acq,20480,20480,0,16,True,False,1,1200000,8381618,False,-4115982,4100230,0,0,0,0,1,1,1784368436.313088
1036,129,4,formal,down,72,64,1,4.992474809921282,1784368438.647224,1784368440.98879,1784368439.818007,0.574288,-0.285143,-0.485903,0.002175,-0.002063,1,acq,20480,20480,0,16,True,False,1,1200000,8381618,False,-4075755,4132835,0,0,0,0,1,1,1784368438.647224
1037,129,5,formal,down,72,64,1,4.992474809921282,1784368440.9890401,1784368443.314006,1784368442.151523,0.573557,-0.28533,-0.486224,0.002144,-0.002085,1,acq,20480,20480,0,16,True,False,1,1200000,8381618,False,-4059495,4118268,0,0,0,0,1,1,1784368440.9890401
1038,129,6,formal,down,72,64,1,4.992474809921282,1784368443.314325,1784368445.653496,1784368444.4839106,0.571957,-0.285084,-0.485776,0.002232,-0.002055,1,acq,20480,20480,0,16,True,False,1,1200000,8381618,False,-4079820,4085325,0,0,0,0,1,1,1784368443.314325
1039,129,7,formal,down,72,64,1,4.992474809921282,1784368445.653725,1784368447.988827,1784368446.821276,0.570144,-0.284686,-0.485109,0.002188,-0.002072,1,acq,20480,20480,0,16,True,False,1,1200000,8381618,False,-4052043,4090914,0,0,0,0,1,1,1784368445.653725
1040,130,0,formal,down,8,65,0,-3.362947666949035,1784368548.307127,1784368550.643564,1784368549.4753456,-0.000936,-0.005438,-0.009283,0.002649,-0.004748,1,acq,20480,20480,0,16,True,False,1,1200000,8381618,False,-215953,169544,0,0,0,0,1,1,1784368548.307127
1041,130,1,formal,down,8,65,0,-3.362947666949035,1784368550.64466,1784368552.980125,1784368551.8123925,-0.00086,-0.006847,-0.011729,0.002634,-0.004778,1,acq,20480,20480,0,16,True,False,1,1200000,8381618,False,-242206,185550,0,0,0,0,1,1,1784368550.64466
1042,130,2,formal,down,8,65,0,-3.362947666949035,1784368552.980417,1784368555.309174,1784368554.1447954,-0.00077,-0.00821,-0.014076,0.002649,-0.00478,1,acq,20480,20480,0,16,True,False,1,1200000,8381618,False,-250167,204774,0,0,0,0,1,1,1784368552.980417
1043,130,3,formal,down,8,65,0,-3.362947666949035,1784368555.3093781,1784368557.638151,1784368556.4737644,-0.000684,-0.009481,-0.016253,0.00266,-0.004768,1,acq,20480,20480,0,16,True,False,1,1200000,8381618,False,-281840,222474,0,0,0,0,1,1,1784368555.3093781
1044,130,4,formal,down,8,65,0,-3.362947666949035,1784368557.638495,1784368559.9699562,1784368558.8042254,-0.000577,-0.010673,-0.018322,0.002657,-0.00475,1,acq,20480,20480,0,16,True,False,1,1200000,8381618,False,-294628,234584,0,0,0,0,1,1,1784368557.638495
1045,130,5,formal,down,8,65,0,-3.362947666949035,1784368559.970243,1784368562.296543,1784368561.1333928,-0.000466,-0.011825,-0.020295,0.002668,-0.004746,1,acq,20480,20480,0,16,True,False,1,1200000,8381618,False,-307754,247033,0,0,0,0,1,1,1784368559.970243
1046,130,6,formal,down,8,65,0,-3.362947666949035,1784368562.2968068,1784368564.630145,1784368563.463476,-0.000344,-0.012961,-0.022198,0.002656,-0.004766,1,acq,20480,20480,0,16,True,False,1,1200000,8381618,False,-312666,264056,0,0,0,0,1,1,1784368562.2968068
1047,130,7,formal,down,8,65,0,-3.362947666949035,1784368564.630523,1784368566.968283,1784368565.799403,-0.000226,-0.013975,-0.023994,0.002661,-0.004743,1,acq,20480,20480,0,16,True,False,1,1200000,8381618,False,-336717,272270,0,0,0,0,1,1,1784368564.630523
1048,131,0,formal,up,8,65,1,-3.362947666949035,1784368579.6845388,1784368582.0178711,1784368580.8512049,0.000687,-0.020145,-0.03447,0.00264,-0.00472,1,acq,20480,20480,0,16,True,False,1,1200000,8381618,False,-423522,357043,0,0,0,0,1,1,1784368579.6845388
1049,131,1,formal,up,8,65,1,-3.362947666949035,1784368582.018125,1784368584.3509681,1784368583.1845465,0.000837,-0.020879,-0.035864,0.002653,-0.004719,1,acq,20480,20480,0,16,True,False,1,1200000,8381618,False,-430636,369153,0,0,0,0,1,1,1784368582.018125
1050,131,2,formal,up,8,65,1,-3.362947666949035,1784368584.3512142,1784368586.680385,1784368585.5157995,0.000981,-0.021774,-0.03728,0.002636,-0.004709,1,acq,20480,20480,0,16,True,False,1,1200000,8381618,False,-440798,376182,0,0,0,0,1,1,1784368584.3512142
1051,131,3,formal,up,8,65,1,-3.362947666949035,1784368586.680814,1784368589.013364,1784368587.847089,0.001128,-0.022542,-0.038644,0.002637,-0.00471,1,acq,20480,20480,0,16,True,False,1,1200000,8381618,False,-459514,390663,0,0,0,0,1,1,1784368586.680814
1052,131,4,formal,up,8,65,1,-3.362947666949035,1784368589.013622,1784368591.3633122,1784368590.188467,0.001296,-0.023317,-0.040016,0.002649,-0.004704,1,acq,20480,20480,0,16,True,False,1,1200000,8381618,False,-464596,404637,0,0,0,0,1,1,1784368589.013622
1053,131,5,formal,up,8,65,1,-3.362947666949035,1784368591.363585,1784368593.696312,1784368592.5299485,0.00146,-0.024083,-0.041245,0.002631,-0.004709,1,acq,20480,20480,0,16,True,False,1,1200000,8381618,False,-486784,406246,0,0,0,0,1,1,1784368591.363585
1054,131,6,formal,up,8,65,1,-3.362947666949035,1784368593.6966,1784368596.021206,1784368594.858903,0.001598,-0.024818,-0.042532,0.002644,-0.004709,1,acq,20480,20480,0,16,True,False,1,1200000,8381618,False,-498386,417594,0,0,0,0,1,1,1784368593.6966
1055,131,7,formal,up,8,65,1,-3.362947666949035,1784368596.021438,1784368598.350385,1784368597.1859114,0.001763,-0.025518,-0.043703,0.002649,-0.004701,1,acq,20480,20480,0,16,True,False,1,1200000,8381618,False,-515239,425555,0,0,0,0,1,1,1784368596.021438
1056,132,0,formal,up,9,66,0,-3.232394190747936,1784368609.599893,1784368611.928921,1784368610.7644072,-0.00093,-0.006249,-0.010715,0.002588,-0.004635,1,acq,20480,20480,0,16,True,False,1,1200000,8381618,False,-225862,178860,0,0,0,0,1,1,1784368609.599893
1057,132,1,formal,up,9,66,0,-3.232394190747936,1784368611.929457,1784368614.2537029,1784368613.09158,-0.000901,-0.006771,-0.01164,0.002591,-0.004633,1,acq,20480,20480,0,16,True,False,1,1200000,8381618,False,-235347,180977,0,0,0,0,1,1,1784368611.929457
1058,132,2,formal,up,9,66,0,-3.232394190747936,1784368614.2539468,1784368616.585912,1784368615.4199295,-0.000861,-0.007358,-0.012619,0.002594,-0.004625,1,acq,20480,20480,0,16,True,False,1,1200000,8381618,False,-261684,200794,0,0,0,0,1,1,1784368614.2539468
1059,132,3,formal,up,9,66,0,-3.232394190747936,1784368616.5861518,1784368618.914342,1784368617.750247,-0.000819,-0.007898,-0.013518,0.002576,-0.004623,1,acq,20480,20480,0,16,True,False,1,1200000,8381618,False,-248219,204520,0,0,0,0,1,1,1784368616.5861518
1060,132,4,formal,up,9,66,0,-3.232394190747936,1784368618.91457,1784368621.255282,1784368620.0849261,-0.000775,-0.008446,-0.014452,0.002578,-0.004612,1,acq,20480,20480,0,16,True,False,1,1200000,8381618,False,-266596,201726,0,0,0,0,1,1,1784368618.91457
1061,132,5,formal,up,9,66,0,-3.232394190747936,1784368621.255544,1784368623.599277,1784368622.4274106,-0.000744,-0.00896,-0.015393,0.002585,-0.004616,1,acq,20480,20480,0,16,True,False,1,1200000,8381618,False,-267358,202149,0,0,0,0,1,1,1784368621.255544
1062,132,6,formal,up,9,66,0,-3.232394190747936,1784368623.59951,1784368625.932692,1784368624.766101,-0.000703,-0.009515,-0.01628,0.00257,-0.004591,1,acq,20480,20480,0,16,True,False,1,1200000,8381618,False,-275488,215953,0,0,0,0,1,1,1784368623.59951
1063,132,7,formal,up,9,66,0,-3.232394190747936,1784368625.932926,1784368628.2625,1784368627.097713,-0.000631,-0.009991,-0.017209,0.002567,-0.004588,1,acq,20480,20480,0,16,True,False,1,1200000,8381618,False,-273541,224422,0,0,0,0,1,1,1784368625.932926
1064,133,0,formal,down,9,66,1,-3.232394190747936,1784368640.9903722,1784368643.323067,1784368642.1567197,-0.000326,-0.013217,-0.022742,0.002556,-0.004561,1,acq,20480,20480,0,16,True,False,1,1200000,8381618,False,-321389,263039,0,0,0,0,1,1,1784368640.9903722
1065,133,1,formal,down,9,66,1,-3.232394190747936,1784368643.32413,1784368645.654947,1784368644.4895387,-0.000263,-0.013729,-0.023574,0.002531,-0.004545,1,acq,20480,20480,0,16,True,False,1,1200000,8381618,False,-344001,261261,0,0,0,0,1,1,1784368643.32413
1066,133,2,formal,down,9,66,1,-3.232394190747936,1784368645.655169,1784368647.997374,1784368646.8262715,-0.000195,-0.014155,-0.024375,0.002554,-0.004543,1,acq,20480,20480,0,16,True,False,1,1200000,8381618,False,-329519,269306,0,0,0,0,1,1,1784368645.655169
1067,133,3,formal,down,9,66,1,-3.232394190747936,1784368647.9976058,1784368650.329299,1784368649.1634524,-0.000144,-0.014659,-0.025225,0.00254,-0.00454,1,acq,20480,20480,0,16,True,False,1,1200000,8381618,False,-335701,282602,0,0,0,0,1,1,1784368647.9976058
1068,133,4,formal,down,9,66,1,-3.232394190747936,1784368650.32953,1784368652.65538,1784368651.492455,-7.5e-05,-0.01512,-0.025998,0.002524,-0.004521,1,acq,20480,20480,0,16,True,False,1,1200000,8381618,False,-342900,281925,0,0,0,0,1,1,1784368650.32953
1069,133,5,formal,down,9,66,1,-3.232394190747936,1784368652.655622,1784368655.009693,1784368653.8326573,-1.9e-05,-0.015597,-0.026806,0.002537,-0.004529,1,acq,20480,20480,0,16,True,False,1,1200000,8381618,False,-351792,292595,0,0,0,0,1,1,1784368652.655622
1070,133,6,formal,down,9,66,1,-3.232394190747936,1784368655.009908,1784368657.337883,1784368656.1738954,5.3e-05,-0.016059,-0.027579,0.00253,-0.004515,1,acq,20480,20480,0,16,True,False,1,1200000,8381618,False,-366782,294204,0,0,0,0,1,1,1784368655.009908
1071,133,7,formal,down,9,66,1,-3.232394190747936,1784368657.338251,1784368659.6795352,1784368658.508893,0.000108,-0.016519,-0.028303,0.002523,-0.004501,1,acq,20480,20480,0,16,True,False,1,1200000,8381618,False,-358059,311904,0,0,0,0,1,1,1784368657.338251
1072,134,0,formal,down,71,67,0,4.861921333720183,1784368760.1127932,1784368762.456162,1784368761.2844777,0.712533,-0.295906,-0.50392,-0.000301,0.002043,1,acq,20480,20480,0,16,True,False,1,1200000,8381618,False,-4202956,4278158,0,0,0,0,1,1,1784368760.1127932
1073,134,1,formal,down,71,67,0,4.861921333720183,1784368762.4565508,1784368764.7731771,1784368763.6148639,0.709456,-0.295969,-0.504002,-0.000277,0.002001,1,acq,20480,20480,0,16,True,False,1,1200000,8381618,False,-4156124,4292217,0,0,0,0,1,1,1784368762.4565508
1074,134,2,formal,down,71,67,0,4.861921333720183,1784368764.773432,1784368767.103925,1784368765.9386785,0.705678,-0.295679,-0.503383,-0.000212,0.002028,1,acq,20480,20480,0,16,True,False,1,1200000,8381618,False,-4157733,4286627,0,0,0,0,1,1,1784368764.773432
1075,134,3,formal,down,71,67,0,4.861921333720183,1784368767.104172,1784368769.436691,1784368768.2704315,0.703059,-0.295588,-0.503571,-0.000239,0.002029,1,acq,20480,20480,0,16,True,False,1,1200000,8381618,False,-4133258,4291285,0,0,0,0,1,1,1784368767.104172
1076,134,4,formal,down,71,67,0,4.861921333720183,1784368769.4369578,1784368771.770689,1784368770.6038234,0.699642,-0.295328,-0.50315,-0.000227,0.002008,1,acq,20480,20480,0,16,True,False,1,1200000,8381618,False,-4204650,4263677,0,0,0,0,1,1,1784368769.4369578
1077,134,5,formal,down,71,67,0,4.861921333720183,1784368771.771013,1784368774.101633,1784368772.9363232,0.697002,-0.295359,-0.503115,-0.00024,0.001945,1,acq,20480,20480,0,16,True,False,1,1200000,8381618,False,-4149010,4249619,0,0,0,0,1,1,1784368771.771013
1078,134,6,formal,down,71,67,0,4.861921333720183,1784368774.101891,1784368776.436991,1784368775.2694411,0.693973,-0.294994,-0.502662,-0.000156,0.00201,1,acq,20480,20480,0,16,True,False,1,1200000,8381618,False,-4167726,4262745,0,0,0,0,1,1,1784368774.101891
1079,134,7,formal,down,71,67,0,4.861921333720183,1784368776.4372811,1784368778.763338,1784368777.6003096,0.69119,-0.29491,-0.502409,-0.000168,0.001941,1,acq,20480,20480,0,16,True,False,1,1200000,8381618,False,-4183647,4231580,0,0,0,0,1,1,1784368776.4372811
1080,135,0,formal,up,71,67,1,4.861921333720183,1784368791.453992,1784368793.780907,1784368792.6174493,0.677158,-0.294502,-0.501848,-6.2e-05,0.001847,1,acq,20480,20480,0,16,True,False,1,1200000,8381618,False,-4150196,4253599,0,0,0,0,1,1,1784368791.453992
1081,135,1,formal,up,71,67,1,4.861921333720183,1784368793.781302,1784368796.122198,1784368794.95175,0.674749,-0.294205,-0.501386,-0.000109,0.001824,1,acq,20480,20480,0,16,True,False,1,1200000,8381618,False,-4119369,4253853,0,0,0,0,1,1,1784368793.781302
1082,135,2,formal,up,71,67,1,4.861921333720183,1784368796.122414,1784368798.444479,1784368797.2834466,0.67259,-0.294079,-0.501263,-9.7e-05,0.001804,1,acq,20480,20480,0,16,True,False,1,1200000,8381618,False,-4151297,4250212,0,0,0,0,1,1,1784368796.122414
1083,135,3,formal,up,71,67,1,4.861921333720183,1784368798.444736,1784368800.7723362,1784368799.6085362,0.671003,-0.294247,-0.501409,-0.0001,0.001827,1,acq,20480,20480,0,16,True,False,1,1200000,8381618,False,-4172468,4230733,0,0,0,0,1,1,1784368798.444736
1084,135,4,formal,up,71,67,1,4.861921333720183,1784368800.772757,1784368803.110645,1784368801.941701,0.668847,-0.293922,-0.501061,-8.4e-05,0.001809,1,acq,20480,20480,0,16,True,False,1,1200000,8381618,False,-4169928,4250974,0,0,0,0,1,1,1784368800.772757
1085,135,5,formal,up,71,67,1,4.861921333720183,1784368803.1108851,1784368805.44374,1784368804.2773125,0.666692,-0.293755,-0.5006,-8.9e-05,0.001778,1,acq,20480,20480,0,16,True,False,1,1200000,8381618,False,-4116321,4229124,0,0,0,0,1,1,1784368803.1108851
1086,135,6,formal,up,71,67,1,4.861921333720183,1784368805.443973,1784368807.769011,1784368806.606492,0.664576,-0.293573,-0.500364,-5e-05,0.001758,1,acq,20480,20480,0,16,True,False,1,1200000,8381618,False,-4142150,4248094,0,0,0,0,1,1,1784368805.443973
1087,135,7,formal,up,71,67,1,4.861921333720183,1784368807.769265,1784368810.106795,1784368808.93803,0.662748,-0.293426,-0.500226,1.1e-05,0.001719,1,acq,20480,20480,0,16,True,False,1,1200000,8381618,False,-4136730,4206598,0,0,0,0,1,1,1784368807.769265
1088,136,0,formal,up,51,68,0,2.250851809698209,1784368850.1861582,1784368852.520558,1784368851.3533583,1.2,-0.060335,-0.103646,-0.002764,0.005148,1,acq,20480,20480,0,16,True,False,1,1200000,8381618,False,-973229,1034458,0,0,0,0,1,1,1784368850.1861582
1089,136,1,formal,up,51,68,0,2.250851809698209,1784368852.521112,1784368854.8696918,1784368853.695402,1.2,-0.06005,-0.10318,-0.002763,0.005158,1,acq,20480,20480,0,16,True,False,1,1200000,8381618,False,-945536,1156408,0,0,0,0,1,1,1784368852.521112
1090,136,2,formal,up,51,68,0,2.250851809698209,1784368854.870074,1784368857.210757,1784368856.0404155,1.2,-0.059785,-0.102803,-0.002747,0.005161,1,acq,20480,20480,0,16,True,False,1,1200000,8381618,False,-989404,1073245,0,0,0,0,1,1,1784368854.870074
1091,136,3,formal,up,51,68,0,2.250851809698209,1784368857.2110012,1784368859.5462232,1784368858.378612,1.2,-0.059592,-0.10239,-0.002771,0.005165,1,acq,20480,20480,0,16,True,False,1,1200000,8381618,False,-909374,1106612,0,0,0,0,1,1,1784368857.2110012
1092,136,4,formal,up,51,68,0,2.250851809698209,1784368859.546464,1784368861.888511,1784368860.7174873,1.2,-0.05944,-0.102184,-0.002748,0.005152,1,acq,20480,20480,0,16,True,False,1,1200000,8381618,False,-919029,1013879,0,0,0,0,1,1,1784368859.546464
1093,136,5,formal,up,51,68,0,2.250851809698209,1784368861.888767,1784368864.230845,1784368863.0598059,1.2,-0.059365,-0.102046,-0.00275,0.00519,1,acq,20480,20480,0,16,True,False,1,1200000,8381618,False,-953835,1054021,0,0,0,0,1,1,1784368861.888767
1094,136,6,formal,up,51,68,0,2.250851809698209,1784368864.231104,1784368866.562367,1784368865.3967354,1.2,-0.059238,-0.101901,-0.002757,0.005175,1,acq,20480,20480,0,16,True,False,1,1200000,8381618,False,-971112,1138031,0,0,0,0,1,1,1784368864.231104
1095,136,7,formal,up,51,68,0,2.250851809698209,1784368866.562654,1784368868.89567,1784368867.729162,1.2,-0.059138,-0.10169,-0.002754,0.005169,1,acq,20480,20480,0,16,True,False,1,1200000,8381618,False,-989912,1082899,0,0,0,0,1,1,1784368866.562654
1096,137,0,formal,down,51,68,1,2.250851809698209,1784368881.603575,1784368883.9424121,1784368882.7729936,1.2,-0.058943,-0.101393,-0.002761,0.005199,1,acq,20480,20480,0,16,True,False,1,1200000,8381618,False,-921315,1131425,0,0,0,0,1,1,1784368881.603575
1097,137,1,formal,down,51,68,1,2.250851809698209,1784368883.942879,1784368886.2605839,1784368885.1017313,1.2,-0.058989,-0.101527,-0.002766,0.005152,1,acq,20480,20480,0,16,True,False,1,1200000,8381618,False,-920638,1039454,0,0,0,0,1,1,1784368883.942879
1098,137,2,formal,down,51,68,1,2.250851809698209,1784368886.2610009,1784368888.595263,1784368887.428132,1.2,-0.058976,-0.101455,-0.002751,0.00517,1,acq,20480,20480,0,16,True,False,1,1200000,8381618,False,-1006511,1075023,0,0,0,0,1,1,1784368886.2610009
1099,137,3,formal,down,51,68,1,2.250851809698209,1784368888.595521,1784368890.9323158,1784368889.7639184,1.2,-0.058995,-0.101532,-0.002774,0.005175,1,acq,20480,20480,0,16,True,False,1,1200000,8381618,False,-931139,1098651,0,0,0,0,1,1,1784368888.595521
1100,137,4,formal,down,51,68,1,2.250851809698209,1784368890.93343,1784368893.2654002,1784368892.099415,1.2,-0.058947,-0.101498,-0.002778,0.005153,1,acq,20480,20480,0,16,True,False,1,1200000,8381618,False,-953666,1046229,0,0,0,0,1,1,1784368890.93343
1101,137,5,formal,down,51,68,1,2.250851809698209,1784368893.265666,1784368895.60623,1784368894.435948,1.2,-0.059039,-0.101557,-0.00274,0.005183,1,acq,20480,20480,0,16,True,False,1,1200000,8381618,False,-940539,1030139,0,0,0,0,1,1,1784368893.265666
1102,137,6,formal,down,51,68,1,2.250851809698209,1784368895.606474,1784368897.9510221,1784368896.778748,1.2,-0.059024,-0.101566,-0.002752,0.005196,1,acq,20480,20480,0,16,True,False,1,1200000,8381618,False,-946467,1056477,0,0,0,0,1,1,1784368895.606474
1103,137,7,formal,down,51,68,1,2.250851809698209,1784368897.951311,1784368900.293047,1784368899.122179,1.2,-0.058952,-0.101593,-0.00276,0.005146,1,acq,20480,20480,0,16,True,False,1,1200000,8381618,False,-945875,1120670,0,0,0,0,1,1,1784368897.951311
1104,138,0,formal,down,29,69,0,-0.621324666725962,1784368940.3596532,1784368942.704433,1784368941.532043,0.832231,0.295181,0.504056,-0.000445,-0.000535,1,acq,20480,20480,0,16,True,False,1,1200000,8381618,False,-4238694,4255123,0,0,0,0,1,1,1784368940.3596532
1105,138,1,formal,down,29,69,0,-0.621324666725962,1784368942.7055612,1784368945.0484989,1784368943.87703,0.829903,0.295204,0.504139,-0.000493,-0.000533,1,acq,20480,20480,0,16,True,False,1,1200000,8381618,False,-4278158,4264608,0,0,0,0,1,1,1784368942.7055612
1106,138,2,formal,down,29,69,0,-0.621324666725962,1784368945.048738,1784368947.3944361,1784368946.2215872,0.828327,0.295386,0.504553,-0.00047,-0.000552,1,acq,20480,20480,0,16,True,False,1,1200000,8381618,False,-4239287,4235307,0,0,0,0,1,1,1784368945.048738
1107,138,3,formal,down,29,69,0,-0.621324666725962,1784368947.394665,1784368949.728284,1784368948.5614743,0.826242,0.295361,0.504652,-0.000459,-0.00057,1,acq,20480,20480,0,16,True,False,1,1200000,8381618,False,-4246231,4279429,0,0,0,0,1,1,1784368947.394665
1108,138,4,formal,down,29,69,0,-0.621324666725962,1784368949.728586,1784368952.0536242,1784368950.8911052,0.824847,0.295494,0.50498,-0.000471,-0.000512,1,acq,20480,20480,0,16,True,False,1,1200000,8381618,False,-4230395,4221503,0,0,0,0,1,1,1784368949.728586
1109,138,5,formal,down,29,69,0,-0.621324666725962,1784368952.0539289,1784368954.386703,1784368953.220316,0.822518,0.295295,0.504731,-0.00045,-0.000577,1,acq,20480,20480,0,16,True,False,1,1200000,8381618,False,-4280614,4241658,0,0,0,0,1,1,1784368952.0539289
1110,138,6,formal,down,29,69,0,-0.621324666725962,1784368954.386966,1784368956.7385302,1784368955.562748,0.82038,0.29508,0.504329,-0.000418,-0.000629,1,acq,20480,20480,0,16,True,False,1,1200000,8381618,False,-4288575,4337778,0,0,0,0,1,1,1784368954.386966
1111,138,7,formal,down,29,69,0,-0.621324666725962,1784368956.73887,1784368959.07833,1784368957.9085999,0.818924,0.295136,0.504491,-0.000464,-0.00067,1,acq,20480,20480,0,16,True,False,1,1200000,8381618,False,-4243691,4200246,0,0,0,0,1,1,1784368956.73887
1112,139,0,formal,up,29,69,1,-0.621324666725962,1784368971.7677839,1784368974.102975,1784368972.9353795,0.810935,0.295292,0.504889,-0.000437,-0.000656,1,acq,20480,20480,0,16,True,False,1,1200000,8381618,False,-4274771,4227007,0,0,0,0,1,1,1784368971.7677839
1113,139,1,formal,up,29,69,1,-0.621324666725962,1784368974.1041138,1784368976.436737,1784368975.2704253,0.810241,0.295489,0.505237,-0.000407,-0.000686,1,acq,20480,20480,0,16,True,False,1,1200000,8381618,False,-4256055,4232343,0,0,0,0,1,1,1784368974.1041138
1114,139,2,formal,up,29,69,1,-0.621324666725962,1784368976.4370759,1784368978.7785869,1784368977.6078315,0.80913,0.295503,0.50521,-0.000432,-0.000657,1,acq,20480,20480,0,16,True,False,1,1200000,8381618,False,-4226753,4234714,0,0,0,0,1,1,1784368976.4370759
1115,139,3,formal,up,29,69,1,-0.621324666725962,1784368978.778848,1784368981.111776,1784368979.945312,0.808048,0.295359,0.505319,-0.000451,-0.000699,1,acq,20480,20480,0,16,True,False,1,1200000,8381618,False,-4293317,4233189,0,0,0,0,1,1,1784368978.778848
1116,139,4,formal,up,29,69,1,-0.621324666725962,1784368981.112152,1784368983.455214,1784368982.283683,0.807031,0.295409,0.50528,-0.000442,-0.000721,1,acq,20480,20480,0,16,True,False,1,1200000,8381618,False,-4252667,4226330,0,0,0,0,1,1,1784368981.112152
1117,139,5,formal,up,29,69,1,-0.621324666725962,1784368983.45629,1784368985.796439,1784368984.6263645,0.806197,0.29544,0.505326,-0.000422,-0.000649,1,acq,20480,20480,0,16,True,False,1,1200000,8381618,False,-4247332,4242674,0,0,0,0,1,1,1784368983.45629
1118,139,6,formal,up,29,69,1,-0.621324666725962,1784368985.7966871,1784368988.1289332,1784368986.96281,0.805197,0.295434,0.50539,-0.000412,-0.000734,1,acq,20480,20480,0,16,True,False,1,1200000,8381618,False,-4264524,4268589,0,0,0,0,1,1,1784368985.7966871
1119,139,7,formal,up,29,69,1,-0.621324666725962,1784368988.12919,1784368990.468802,1784368989.298996,0.804014,0.295366,0.50524,-0.000412,-0.000724,1,acq,20480,20480,0,16,True,False,1,1200000,8381618,False,-4259527,4229463,0,0,0,0,1,1,1784368988.12919
1120,140,0,formal,up,4,70,0,-3.8851615717534296,1784369039.1111932,1784369041.444803,1784369040.277998,0.057669,-0.112571,-0.192497,0.002064,-0.003258,1,acq,20480,20480,0,16,True,False,1,1200000,8381618,False,-1693750,1658689,0,0,0,0,1,1,1784369039.1111932
1121,140,1,formal,up,4,70,0,-3.8851615717534296,1784369041.445972,1784369043.786238,1784369042.616105,0.058789,-0.113645,-0.194289,0.00204,-0.003246,1,acq,20480,20480,0,16,True,False,1,1200000,8381618,False,-1700356,1655471,0,0,0,0,1,1,1784369041.445972
1122,140,2,formal,up,4,70,0,-3.8851615717534296,1784369043.786519,1784369046.134803,1784369044.960661,0.05985,-0.114547,-0.195895,0.00202,-0.003243,1,acq,20480,20480,0,16,True,False,1,1200000,8381618,False,-1710518,1681047,0,0,0,0,1,1,1784369043.786519
1123,140,3,formal,up,4,70,0,-3.8851615717534296,1784369046.1353312,1784369048.4683251,1784369047.3018281,0.06093,-0.115507,-0.197604,0.00203,-0.003235,1,acq,20480,20480,0,16,True,False,1,1200000,8381618,False,-1725592,1689008,0,0,0,0,1,1,1784369046.1353312
1124,140,4,formal,up,4,70,0,-3.8851615717534296,1784369048.469405,1784369050.806155,1784369049.63778,0.061919,-0.116441,-0.199166,0.001992,-0.003212,1,acq,20480,20480,0,16,True,False,1,1200000,8381618,False,-1748119,1702049,0,0,0,0,1,1,1784369048.469405
1125,140,5,formal,up,4,70,0,-3.8851615717534296,1784369050.806396,1784369053.150584,1784369051.9784899,0.062894,-0.117267,-0.200639,0.001997,-0.003196,1,acq,20480,20480,0,16,True,False,1,1200000,8381618,False,-1771324,1707808,0,0,0,0,1,1,1784369050.806396
1126,140,6,formal,up,4,70,0,-3.8851615717534296,1784369053.150812,1784369055.4865222,1784369054.318667,0.063875,-0.118141,-0.20218,0.00199,-0.00318,1,acq,20480,20480,0,16,True,False,1,1200000,8381618,False,-1779792,1720511,0,0,0,0,1,1,1784369053.150812
1127,140,7,formal,up,4,70,0,-3.8851615717534296,1784369055.4867861,1784369057.816065,1784369056.6514256,0.064766,-0.118857,-0.203424,0.002016,-0.003177,1,acq,20480,20480,0,16,True,False,1,1200000,8381618,False,-1772509,1742699,0,0,0,0,1,1,1784369055.4867861
1128,141,0,formal,down,4,70,1,-3.8851615717534296,1784369070.56745,1784369072.904709,1784369071.7360797,0.07011,-0.123332,-0.211127,0.001959,-0.003086,1,acq,20480,20480,0,16,True,False,1,1200000,8381618,False,-1834331,1800880,0,0,0,0,1,1,1784369070.56745
1129,141,1,formal,down,4,70,1,-3.8851615717534296,1784369072.9057658,1784369075.23338,1784369074.069573,0.070916,-0.124094,-0.212364,0.001951,-0.003063,1,acq,20480,20480,0,16,True,False,1,1200000,8381618,False,-1859483,1811635,0,0,0,0,1,1,1784369072.9057658
1130,141,2,formal,down,4,70,1,-3.8851615717534296,1784369075.233619,1784369077.566127,1784369076.399873,0.071639,-0.124625,-0.213253,0.001935,-0.003048,1,acq,20480,20480,0,16,True,False,1,1200000,8381618,False,-1863887,1827048,0,0,0,0,1,1,1784369075.233619
1131,141,3,formal,down,4,70,1,-3.8851615717534296,1784369077.5663512,1784369079.900845,1784369078.7335982,0.072416,-0.125363,-0.2145,0.001942,-0.003077,1,acq,20480,20480,0,16,True,False,1,1200000,8381618,False,-1878792,1823407,0,0,0,0,1,1,1784369077.5663512
1132,141,4,formal,down,4,70,1,-3.8851615717534296,1784369079.901091,1784369082.2478578,1784369081.0744743,0.073118,-0.125856,-0.215388,0.001902,-0.003061,1,acq,20480,20480,0,16,True,False,1,1200000,8381618,False,-1884297,1842546,0,0,0,0,1,1,1784369079.901091
1133,141,5,formal,down,4,70,1,-3.8851615717534296,1784369082.248089,1784369084.583204,1784369083.4156466,0.073914,-0.126518,-0.216465,0.001918,-0.003031,1,acq,20480,20480,0,16,True,False,1,1200000,8381618,False,-1890225,1856181,0,0,0,0,1,1,1784369082.248089
1134,141,6,formal,down,4,70,1,-3.8851615717534296,1784369084.583442,1784369086.91111,1784369085.7472758,0.074606,-0.127024,-0.217393,0.001909,-0.003014,1,acq,20480,20480,0,16,True,False,1,1200000,8381618,False,-1872187,1857028,0,0,0,0,1,1,1784369084.583442
1135,141,7,formal,down,4,70,1,-3.8851615717534296,1784369086.9113731,1784369089.2360902,1784369088.0737317,0.075346,-0.127605,-0.218451,0.00191,-0.003003,1,acq,20480,20480,0,16,True,False,1,1200000,8381618,False,-1897000,1852878,0,0,0,0,1,1,1784369086.9113731
1136,142,0,formal,down,76,71,0,5.514688714725676,1784369204.056981,1784369206.389657,1784369205.223319,0.415091,-0.263355,-0.447963,-0.00021,0.001385,1,acq,20480,20480,0,16,True,False,1,1200000,8381618,False,-3684668,3768255,0,0,0,0,1,1,1784369204.056981
1137,142,1,formal,down,76,71,0,5.514688714725676,1784369206.39084,1784369208.7198431,1784369207.5553417,0.411772,-0.262607,-0.446614,-0.000168,0.001373,1,acq,20480,20480,0,16,True,False,1,1200000,8381618,False,-3672643,3786632,0,0,0,0,1,1,1784369206.39084
1138,142,2,formal,down,76,71,0,5.514688714725676,1784369208.7201228,1784369211.053081,1784369209.886602,0.408681,-0.262054,-0.445725,-0.000175,0.00136,1,acq,20480,20480,0,16,True,False,1,1200000,8381618,False,-3681366,3773929,0,0,0,0,1,1,1784369208.7201228
1139,142,3,formal,down,76,71,0,5.514688714725676,1784369211.0533388,1784369213.384023,1784369212.2186809,0.405669,-0.261375,-0.44469,-0.000129,0.001258,1,acq,20480,20480,0,16,True,False,1,1200000,8381618,False,-3672473,3751318,0,0,0,0,1,1,1784369211.0533388
1140,142,4,formal,down,76,71,0,5.514688714725676,1784369213.3843489,1784369215.7210681,1784369214.5527086,0.402918,-0.260791,-0.443781,-0.000117,0.001291,1,acq,20480,20480,0,16,True,False,1,1200000,8381618,False,-3665106,3750640,0,0,0,0,1,1,1784369213.3843489
1141,142,5,formal,down,76,71,0,5.514688714725676,1784369215.721347,1784369218.044179,1784369216.882763,0.400226,-0.260191,-0.442788,-0.000128,0.001243,1,acq,20480,20480,0,16,True,False,1,1200000,8381618,False,-3656637,3776046,0,0,0,0,1,1,1784369215.721347
1142,142,6,formal,down,76,71,0,5.514688714725676,1784369218.044502,1784369220.38731,1784369219.2159061,0.397658,-0.259619,-0.44191,-0.00013,0.001201,1,acq,20480,20480,0,16,True,False,1,1200000,8381618,False,-3639445,3732178,0,0,0,0,1,1,1784369218.044502
1143,142,7,formal,down,76,71,0,5.514688714725676,1784369220.387557,1784369222.726785,1784369221.5571709,0.395151,-0.259167,-0.441015,-0.000113,0.001193,1,acq,20480,20480,0,16,True,False,1,1200000,8381618,False,-3644950,3708804,0,0,0,0,1,1,1784369220.387557
1144,143,0,formal,up,76,71,1,5.514688714725676,1784369235.454956,1784369237.794352,1784369236.624654,0.380768,-0.255859,-0.435491,-3e-06,0.001104,1,acq,20480,20480,0,16,True,False,1,1200000,8381618,False,-3608450,3683822,0,0,0,0,1,1,1784369235.454956
1145,143,1,formal,up,76,71,1,5.514688714725676,1784369237.794631,1784369240.136155,1784369238.965393,0.378688,-0.255376,-0.434722,4.9e-05,0.001082,1,acq,20480,20480,0,16,True,False,1,1200000,8381618,False,-3614039,3687463,0,0,0,0,1,1,1784369237.794631
1146,143,2,formal,up,76,71,1,5.514688714725676,1784369240.136428,1784369242.4675589,1784369241.3019934,0.37687,-0.254924,-0.434021,9e-06,0.001051,1,acq,20480,20480,0,16,True,False,1,1200000,8381618,False,-3595662,3694662,0,0,0,0,1,1,1784369240.136428
1147,143,3,formal,up,76,71,1,5.514688714725676,1784369242.467794,1784369244.801572,1784369243.6346831,0.374802,-0.254476,-0.433222,-2e-06,0.001016,1,acq,20480,20480,0,16,True,False,1,1200000,8381618,False,-3585076,3650116,0,0,0,0,1,1,1784369242.467794
1148,143,4,formal,up,76,71,1,5.514688714725676,1784369244.8017979,1784369247.1360111,1784369245.9689045,0.372856,-0.254045,-0.432379,3e-05,0.001041,1,acq,20480,20480,0,16,True,False,1,1200000,8381618,False,-3572712,3645373,0,0,0,0,1,1,1784369244.8017979
1149,143,5,formal,up,76,71,1,5.514688714725676,1784369247.1365418,1784369249.45854,1784369248.297541,0.371331,-0.253716,-0.431914,1.5e-05,0.000992,1,acq,20480,20480,0,16,True,False,1,1200000,8381618,False,-3585584,3694577,0,0,0,0,1,1,1784369247.1365418
1150,143,6,formal,up,76,71,1,5.514688714725676,1784369249.458773,1784369251.787562,1784369250.6231675,0.369831,-0.253563,-0.43152,4.9e-05,0.000956,1,acq,20480,20480,0,16,True,False,1,1200000,8381618,False,-3570848,3647406,0,0,0,0,1,1,1784369249.458773
1151,143,7,formal,up,76,71,1,5.514688714725676,1784369251.7878091,1784369254.129497,1784369252.958653,0.367499,-0.252659,-0.430173,9.2e-05,0.000961,1,acq,20480,20480,0,16,True,False,1,1200000,8381618,False,-3563142,3670526,0,0,0,0,1,1,1784369251.7878091
1152,144,0,formal,up,68,72,0,4.470260905116888,1784369276.9033952,1784369279.227515,1784369278.065455,0.814725,-0.299951,-0.510904,0.00196,-0.002022,1,acq,20480,20480,0,16,True,False,1,1200000,8381618,False,-4228108,4276211,0,0,0,0,1,1,1784369276.9033952
1153,144,1,formal,up,68,72,0,4.470260905116888,1784369279.2277682,1784369281.561188,1784369280.394478,0.812964,-0.299537,-0.510321,0.001982,-0.002071,1,acq,20480,20480,0,16,True,False,1,1200000,8381618,False,-4261983,4280614,0,0,0,0,1,1,1784369279.2277682
1154,144,2,formal,up,68,72,0,4.470260905116888,1784369281.561553,1784369283.895801,1784369282.728677,0.812746,-0.299596,-0.510644,0.001942,-0.002086,1,acq,20480,20480,0,16,True,False,1,1200000,8381618,False,-4266133,4333459,0,0,0,0,1,1,1784369281.561553
1155,144,3,formal,up,68,72,0,4.470260905116888,1784369283.8960588,1784369286.238955,1784369285.0675068,0.812037,-0.299659,-0.5109,0.001961,-0.002034,1,acq,20480,20480,0,16,True,False,1,1200000,8381618,False,-4266302,4282308,0,0,0,0,1,1,1784369283.8960588
1156,144,4,formal,up,68,72,0,4.470260905116888,1784369286.239251,1784369288.579411,1784369287.4093308,0.810724,-0.299488,-0.510604,0.001904,-0.002079,1,acq,20480,20480,0,16,True,False,1,1200000,8381618,False,-4251397,4260628,0,0,0,0,1,1,1784369286.239251
1157,144,5,formal,up,68,72,0,4.470260905116888,1784369288.579655,1784369290.9292958,1784369289.7544754,0.810319,-0.299649,-0.510885,0.001946,-0.002113,1,acq,20480,20480,0,16,True,False,1,1200000,8381618,False,-4261221,4286373,0,0,0,0,1,1,1784369288.579655
1158,144,6,formal,up,68,72,0,4.470260905116888,1784369290.9295518,1784369293.2615008,1784369292.0955262,0.809555,-0.299578,-0.510971,0.001958,-0.002122,1,acq,20480,20480,0,16,True,False,1,1200000,8381618,False,-4266133,4264439,0,0,0,0,1,1,1784369290.9295518
1159,144,7,formal,up,68,72,0,4.470260905116888,1784369293.261724,1784369295.602589,1784369294.4321566,0.809321,-0.299837,-0.511335,0.001939,-0.002097,1,acq,20480,20480,0,16,True,False,1,1200000,8381618,False,-4283155,4354547,0,0,0,0,1,1,1784369293.261724
1160,145,0,formal,down,68,72,1,4.470260905116888,1784369308.350909,1784369310.6920881,1784369309.5214987,0.803008,-0.299672,-0.51121,0.002001,-0.002115,1,acq,20480,20480,0,16,True,False,1,1200000,8381618,False,-4226245,4319655,0,0,0,0,1,1,1784369308.350909
1161,145,1,formal,down,68,72,1,4.470260905116888,1784369310.693165,1784369313.037164,1784369311.8651645,0.80197,-0.299629,-0.511205,0.002034,-0.002089,1,acq,20480,20480,0,16,True,False,1,1200000,8381618,False,-4279683,4293487,0,0,0,0,1,1,1784369310.693165
1162,145,2,formal,down,68,72,1,4.470260905116888,1784369313.03742,1784369315.360503,1784369314.1989615,0.800797,-0.299505,-0.51094,0.001948,-0.002139,1,acq,20480,20480,0,16,True,False,1,1200000,8381618,False,-4289676,4284849,0,0,0,0,1,1,1784369313.03742
1163,145,3,formal,down,68,72,1,4.470260905116888,1784369315.360736,1784369317.692822,1784369316.526779,0.800466,-0.299717,-0.511451,0.002057,-0.002129,1,acq,20480,20480,0,16,True,False,1,1200000,8381618,False,-4285696,4273585,0,0,0,0,1,1,1784369315.360736
1164,145,4,formal,down,68,72,1,4.470260905116888,1784369317.693287,1784369320.017995,1784369318.855641,0.799128,-0.29949,-0.5111,0.00209,-0.002192,1,acq,20480,20480,0,16,True,False,1,1200000,8381618,False,-4236069,4256733,0,0,0,0,1,1,1784369317.693287
1165,145,5,formal,down,68,72,1,4.470260905116888,1784369320.0182452,1784369322.357028,1784369321.1876366,0.79812,-0.299378,-0.51107,0.002107,-0.002139,1,acq,20480,20480,0,16,True,False,1,1200000,8381618,False,-4222180,4291624,0,0,0,0,1,1,1784369320.0182452
1166,145,6,formal,down,68,72,1,4.470260905116888,1784369322.357313,1784369324.688148,1784369323.5227304,0.797776,-0.299662,-0.511459,0.002014,-0.002198,1,acq,20480,20480,0,16,True,False,1,1200000,8381618,False,-4226753,4246655,0,0,0,0,1,1,1784369322.357313
1167,145,7,formal,down,68,72,1,4.470260905116888,1784369324.6883981,1784369327.019414,1784369325.8539062,0.797432,-0.299889,-0.511871,0.002031,-0.00218,1,acq,20480,20480,0,16,True,False,1,1200000,8381618,False,-4301109,4272400,0,0,0,0,1,1,1784369324.6883981
1168,146,0,formal,down,12,73,0,-2.84073376214464,1784369417.439557,1784369419.778833,1784369418.609195,0.037338,0.091492,0.156353,0.001643,-0.003517,1,acq,20480,20480,0,16,True,False,1,1200000,8381618,False,-1377950,1343991,0,0,0,0,1,1,1784369417.439557
1169,146,1,formal,down,12,73,0,-2.84073376214464,1784369419.779063,1784369422.1170712,1784369420.9480672,0.03624,0.090196,0.154233,0.001659,-0.003526,1,acq,20480,20480,0,16,True,False,1,1200000,8381618,False,-1383963,1329340,0,0,0,0,1,1,1784369419.779063
1170,146,2,formal,down,12,73,0,-2.84073376214464,1784369422.117383,1784369424.4441102,1784369423.2807465,0.035249,0.089047,0.152246,0.001693,-0.003549,1,acq,20480,20480,0,16,True,False,1,1200000,8381618,False,-1359404,1315959,0,0,0,0,1,1,1784369422.117383
1171,146,3,formal,down,12,73,0,-2.84073376214464,1784369424.4443982,1784369426.7711911,1784369425.6077948,0.034297,0.087896,0.150298,0.001693,-0.003583,1,acq,20480,20480,0,16,True,False,1,1200000,8381618,False,-1332219,1293856,0,0,0,0,1,1,1784369424.4443982
1172,146,4,formal,down,12,73,0,-2.84073376214464,1784369426.771424,1784369429.108227,1784369427.9398255,0.033445,0.086899,0.148607,0.001714,-0.0036,1,acq,20480,20480,0,16,True,False,1,1200000,8381618,False,-1329424,1277342,0,0,0,0,1,1,1784369426.771424
1173,146,5,formal,down,12,73,0,-2.84073376214464,1784369429.108469,1784369431.461664,1784369430.2850666,0.032558,0.085741,0.146695,0.001725,-0.003593,1,acq,20480,20480,0,16,True,False,1,1200000,8381618,False,-1308930,1267687,0,0,0,0,1,1,1784369429.108469
1174,146,6,formal,down,12,73,0,-2.84073376214464,1784369431.462187,1784369433.793269,1784369432.627728,0.031793,0.084825,0.14507,0.001742,-0.003645,1,acq,20480,20480,0,16,True,False,1,1200000,8381618,False,-1295295,1246769,0,0,0,0,1,1,1784369431.462187
1175,146,7,formal,down,12,73,0,-2.84073376214464,1784369433.793516,1784369436.136938,1784369434.9652271,0.031033,0.083818,0.143328,0.001743,-0.003652,1,acq,20480,20480,0,16,True,False,1,1200000,8381618,False,-1293093,1241688,0,0,0,0,1,1,1784369433.793516
1176,147,0,formal,up,12,73,1,-2.84073376214464,1784369448.894303,1784369451.231411,1784369450.0628572,0.026851,0.078318,0.134036,0.001806,-0.003727,1,acq,20480,20480,0,16,True,False,1,1200000,8381618,False,-1210692,1152428,0,0,0,0,1,1,1784369448.894303
1177,147,1,formal,up,12,73,1,-2.84073376214464,1784369451.2324932,1784369453.566704,1784369452.3995986,0.026309,0.077515,0.132675,0.0018,-0.003727,1,acq,20480,20480,0,16,True,False,1,1200000,8381618,False,-1202986,1145314,0,0,0,0,1,1,1784369451.2324932
1178,147,2,formal,up,12,73,1,-2.84073376214464,1784369453.5669591,1784369455.904178,1784369454.7355685,0.025807,0.076798,0.131432,0.001824,-0.003716,1,acq,20480,20480,0,16,True,False,1,1200000,8381618,False,-1188674,1143959,0,0,0,0,1,1,1784369453.5669591
1179,147,3,formal,up,12,73,1,-2.84073376214464,1784369455.904414,1784369458.242975,1784369457.0736945,0.025309,0.076134,0.130346,0.00183,-0.003761,1,acq,20480,20480,0,16,True,False,1,1200000,8381618,False,-1195957,1127614,0,0,0,0,1,1,1784369455.904414
1180,147,4,formal,up,12,73,1,-2.84073376214464,1784369458.243202,1784369460.5793018,1784369459.411252,0.024795,0.075404,0.129123,0.001837,-0.003776,1,acq,20480,20480,0,16,True,False,1,1200000,8381618,False,-1177834,1115927,0,0,0,0,1,1,1784369458.243202
1181,147,5,formal,up,12,73,1,-2.84073376214464,1784369460.579757,1784369462.910517,1784369461.745137,0.02432,0.074692,0.127894,0.001839,-0.003785,1,acq,20480,20480,0,16,True,False,1,1200000,8381618,False,-1177834,1106866,0,0,0,0,1,1,1784369460.579757
1182,147,6,formal,up,12,73,1,-2.84073376214464,1784369462.9107609,1784369465.248189,1784369464.079475,0.023874,0.074083,0.1269,0.001858,-0.003781,1,acq,20480,20480,0,16,True,False,1,1200000,8381618,False,-1161320,1098058,0,0,0,0,1,1,1784369462.9107609
1183,147,7,formal,up,12,73,1,-2.84073376214464,1784369465.2484128,1784369467.577228,1784369466.4128203,0.023429,0.073414,0.125722,0.001867,-0.003792,1,acq,20480,20480,0,16,True,False,1,1200000,8381618,False,-1152936,1086033,0,0,0,0,1,1,1784369465.2484128
1184,148,0,formal,up,19,74,0,-1.9268594287369494,1784369486.0541708,1784369488.402441,1784369487.2283058,0.223577,0.20899,0.356469,-0.000367,-0.000616,1,acq,20480,20480,0,16,True,False,1,1200000,8381618,False,-3004289,2994973,0,0,0,0,1,1,1784369486.0541708
1185,148,1,formal,up,19,74,0,-1.9268594287369494,1784369488.4026828,1784369490.733004,1784369489.5678434,0.223335,0.208871,0.356335,-0.000351,-0.00065,1,acq,20480,20480,0,16,True,False,1,1200000,8381618,False,-3002426,2975665,0,0,0,0,1,1,1784369488.4026828
1186,148,2,formal,up,19,74,0,-1.9268594287369494,1784369490.733473,1784369493.061138,1784369491.8973055,0.222961,0.208697,0.356061,-0.000345,-0.000656,1,acq,20480,20480,0,16,True,False,1,1200000,8381618,False,-3003103,2972616,0,0,0,0,1,1,1784369490.733473
1187,148,3,formal,up,19,74,0,-1.9268594287369494,1784369493.061364,1784369495.404088,1784369494.232726,0.2226,0.208505,0.355909,-0.000344,-0.000627,1,acq,20480,20480,0,16,True,False,1,1200000,8381618,False,-2991162,2987944,0,0,0,0,1,1,1784369493.061364
1188,148,4,formal,up,19,74,0,-1.9268594287369494,1784369495.40431,1784369497.7442188,1784369496.5742645,0.222077,0.208185,0.355517,-0.000337,-0.000663,1,acq,20480,20480,0,16,True,False,1,1200000,8381618,False,-2993788,2961014,0,0,0,0,1,1,1784369495.40431
1189,148,5,formal,up,19,74,0,-1.9268594287369494,1784369497.744731,1784369500.084859,1784369498.914795,0.22178,0.208166,0.355355,-0.000306,-0.00067,1,acq,20480,20480,0,16,True,False,1,1200000,8381618,False,-2992433,2979560,0,0,0,0,1,1,1784369497.744731
1190,148,6,formal,up,19,74,0,-1.9268594287369494,1784369500.085071,1784369502.421056,1784369501.2530637,0.221235,0.207902,0.354888,-0.000291,-0.000651,1,acq,20480,20480,0,16,True,False,1,1200000,8381618,False,-2982863,2963639,0,0,0,0,1,1,1784369500.085071
1191,148,7,formal,up,19,74,0,-1.9268594287369494,1784369502.42129,1784369504.7681541,1784369503.594722,0.220819,0.207713,0.354808,-0.000283,-0.000656,1,acq,20480,20480,0,16,True,False,1,1200000,8381618,False,-2993788,2975072,0,0,0,0,1,1,1784369502.42129
1192,149,0,formal,down,19,74,1,-1.9268594287369494,1784369517.51518,1784369519.849108,1784369518.6821442,0.217791,0.206493,0.352693,-0.00026,-0.000704,1,acq,20480,20480,0,16,True,False,1,1200000,8381618,False,-2967111,2957542,0,0,0,0,1,1,1784369517.51518
1193,149,1,formal,down,19,74,1,-1.9268594287369494,1784369519.850146,1784369522.188401,1784369521.0192735,0.217152,0.206215,0.352383,-0.000252,-0.000726,1,acq,20480,20480,0,16,True,False,1,1200000,8381618,False,-2952884,2949666,0,0,0,0,1,1,1784369519.850146
1194,149,2,formal,down,19,74,1,-1.9268594287369494,1784369522.188649,1784369524.5016809,1784369523.3451648,0.216725,0.206026,0.351981,-0.000198,-0.000724,1,acq,20480,20480,0,16,True,False,1,1200000,8381618,False,-2976088,2943907,0,0,0,0,1,1,1784369522.188649
1195,149,3,formal,down,19,74,1,-1.9268594287369494,1784369524.5019252,1784369526.8334222,1784369525.6676736,0.216166,0.205815,0.351681,-0.000271,-0.000712,1,acq,20480,20480,0,16,True,False,1,1200000,8381618,False,-2950258,2943145,0,0,0,0,1,1,1784369524.5019252
1196,149,4,formal,down,19,74,1,-1.9268594287369494,1784369526.8338351,1784369529.158986,1784369527.9964106,0.215595,0.205537,0.351229,-0.000237,-0.000718,1,acq,20480,20480,0,16,True,False,1,1200000,8381618,False,-2959320,2937640,0,0,0,0,1,1,1784369526.8338351
1197,149,5,formal,down,19,74,1,-1.9268594287369494,1784369529.159383,1784369531.5020428,1784369530.3307128,0.215169,0.205435,0.350996,-0.000228,-0.000757,1,acq,20480,20480,0,16,True,False,1,1200000,8381618,False,-2960844,2923328,0,0,0,0,1,1,1784369529.159383
1198,149,6,formal,down,19,74,1,-1.9268594287369494,1784369531.50227,1784369533.834763,1784369532.6685166,0.214619,0.205051,0.350494,-0.000236,-0.000741,1,acq,20480,20480,0,16,True,False,1,1200000,8381618,False,-2947294,2931966,0,0,0,0,1,1,1784369531.50227
1199,149,7,formal,down,19,74,1,-1.9268594287369494,1784369533.835063,1784369536.17041,1784369535.0027366,0.214288,0.205043,0.350418,-0.00024,-0.000736,1,acq,20480,20480,0,16,True,False,1,1200000,8381618,False,-2950174,2954154,0,0,0,0,1,1,1784369533.835063
1200,150,0,formal,down,61,75,0,3.5563865717091963,1784369609.319672,1784369611.661152,1784369610.490412,1.2,-0.23282,-0.398168,0.000634,0.00035,1,acq,20480,20480,0,16,True,False,1,1200000,8381618,False,-3337534,3389363,0,0,0,0,1,1,1784369609.319672
1201,150,1,formal,down,61,75,0,3.5563865717091963,1784369611.662265,1784369613.992737,1784369612.827501,1.2,-0.233233,-0.398983,0.000575,0.000299,1,acq,20480,20480,0,16,True,False,1,1200000,8381618,False,-3396307,3448475,0,0,0,0,1,1,1784369611.662265
1202,150,2,formal,down,61,75,0,3.5563865717091963,1784369613.9933581,1784369616.324472,1784369615.158915,1.2,-0.234009,-0.400309,0.000599,0.000279,1,acq,20480,20480,0,16,True,False,1,1200000,8381618,False,-3362178,3433739,0,0,0,0,1,1,1784369613.9933581
1203,150,3,formal,down,61,75,0,3.5563865717091963,1784369616.324694,1784369618.655246,1784369617.48997,1.2,-0.234426,-0.40095,0.000657,0.000278,1,acq,20480,20480,0,16,True,False,1,1200000,8381618,False,-3365142,3450169,0,0,0,0,1,1,1784369616.324694
1204,150,4,formal,down,61,75,0,3.5563865717091963,1784369618.6554801,1784369620.992718,1784369619.824099,1.2,-0.235088,-0.402223,0.000615,0.000256,1,acq,20480,20480,0,16,True,False,1,1200000,8381618,False,-3362432,3468377,0,0,0,0,1,1,1784369618.6554801
1205,150,5,formal,down,61,75,0,3.5563865717091963,1784369620.9932811,1784369623.335092,1784369622.1641865,1.2,-0.235623,-0.403194,0.000644,0.000216,1,acq,20480,20480,0,16,True,False,1,1200000,8381618,False,-3404607,3451439,0,0,0,0,1,1,1784369620.9932811
1206,150,6,formal,down,61,75,0,3.5563865717091963,1784369623.335328,1784369625.6767192,1784369624.5060236,1.2,-0.23602,-0.403897,0.000677,0.000211,1,acq,20480,20480,0,16,True,False,1,1200000,8381618,False,-3370224,3440514,0,0,0,0,1,1,1784369623.335328
1207,150,7,formal,down,61,75,0,3.5563865717091963,1784369625.67696,1784369628.010923,1784369626.8439415,1.2,-0.236458,-0.404646,0.000694,0.00019,1,acq,20480,20480,0,16,True,False,1,1200000,8381618,False,-3403252,3475829,0,0,0,0,1,1,1784369625.67696
1208,151,0,formal,up,61,75,1,3.5563865717091963,1784369641.053479,1784369643.386691,1784369642.2200851,1.2,-0.239056,-0.409222,0.000716,0.000112,1,acq,20480,20480,0,16,True,False,1,1200000,8381618,False,-3428489,3546289,0,0,0,0,1,1,1784369641.053479
1209,151,1,formal,up,61,75,1,3.5563865717091963,1784369643.3869472,1784369645.725209,1784369644.556078,1.2,-0.239521,-0.409931,0.000753,0.000116,1,acq,20480,20480,0,16,True,False,1,1200000,8381618,False,-3446019,3516648,0,0,0,0,1,1,1784369643.3869472
1210,151,2,formal,up,61,75,1,3.5563865717091963,1784369645.7258399,1784369648.055845,1784369646.8908424,1.2,-0.239784,-0.410588,0.000785,9.1e-05,1,acq,20480,20480,0,16,True,False,1,1200000,8381618,False,-3463888,3561956,0,0,0,0,1,1,1784369645.7258399
1211,151,3,formal,up,61,75,1,3.5563865717091963,1784369648.056095,1784369650.379331,1784369649.2177129,1.2,-0.240254,-0.411343,0.000804,6.8e-05,1,acq,20480,20480,0,16,True,False,1,1200000,8381618,False,-3468715,3567376,0,0,0,0,1,1,1784369648.056095
1212,151,4,formal,up,61,75,1,3.5563865717091963,1784369650.379663,1784369652.697002,1784369651.5383325,1.2,-0.240393,-0.41158,0.000794,4.4e-05,1,acq,20480,20480,0,16,True,False,1,1200000,8381618,False,-3517834,3546713,0,0,0,0,1,1,1784369650.379663
1213,151,5,formal,up,61,75,1,3.5563865717091963,1784369652.698106,1784369655.011441,1784369653.8547735,1.2,-0.240725,-0.412062,0.00081,4.3e-05,1,acq,20480,20480,0,16,True,False,1,1200000,8381618,False,-3577539,3515463,0,0,0,0,1,1,1784369652.698106
1214,151,6,formal,up,61,75,1,3.5563865717091963,1784369655.011752,1784369657.3335118,1784369656.1726317,1.2,-0.240913,-0.412727,0.000789,1.5e-05,1,acq,20480,20480,0,16,True,False,1,1200000,8381618,False,-3496069,3540954,0,0,0,0,1,1,1784369655.011752
1215,151,7,formal,up,61,75,1,3.5563865717091963,1784369657.333737,1784369659.650811,1784369658.4922738,1.2,-0.241466,-0.413369,0.000803,3e-06,1,acq,20480,20480,0,16,True,False,1,1200000,8381618,False,-3471087,3540107,0,0,0,0,1,1,1784369657.333737
1216,152,0,formal,up,53,76,0,2.5119587621004067,1784369683.574124,1784369685.897044,1784369684.735584,1.2,-0.100023,-0.171478,-0.002472,0.00503,1,acq,20480,20480,0,16,True,False,1,1200000,8381618,False,-1520225,1705183,0,0,0,0,1,1,1784369683.574124
1217,152,1,formal,up,53,76,0,2.5119587621004067,1784369685.898093,1784369688.221451,1784369687.059772,1.2,-0.100194,-0.171874,-0.002518,0.005045,1,acq,20480,20480,0,16,True,False,1,1200000,8381618,False,-1511502,1645817,0,0,0,0,1,1,1784369685.898093
1218,152,2,formal,up,53,76,0,2.5119587621004067,1784369688.221687,1784369690.548854,1784369689.3852706,1.2,-0.100251,-0.171931,-0.002477,0.005019,1,acq,20480,20480,0,16,True,False,1,1200000,8381618,False,-1628625,1662754,0,0,0,0,1,1,1784369688.221687
1219,152,3,formal,up,53,76,0,2.5119587621004067,1784369690.549097,1784369692.8753211,1784369691.7122092,1.2,-0.100371,-0.172152,-0.002502,0.005039,1,acq,20480,20480,0,16,True,False,1,1200000,8381618,False,-1598646,1620495,0,0,0,0,1,1,1784369690.549097
1220,152,4,formal,up,53,76,0,2.5119587621004067,1784369692.8763661,1784369695.191961,1784369694.0341635,1.2,-0.100273,-0.172117,-0.002494,0.00505,1,acq,20480,20480,0,16,True,False,1,1200000,8381618,False,-1494057,1624391,0,0,0,0,1,1,1784369692.8763661
1221,152,5,formal,up,53,76,0,2.5119587621004067,1784369695.192443,1784369697.520139,1784369696.3562908,1.2,-0.10041,-0.172406,-0.002475,0.005037,1,acq,20480,20480,0,16,True,False,1,1200000,8381618,False,-1562654,1686806,0,0,0,0,1,1,1784369695.192443
1222,152,6,formal,up,53,76,0,2.5119587621004067,1784369697.5203772,1784369699.841724,1784369698.6810505,1.2,-0.100559,-0.172569,-0.002545,0.005052,1,acq,20480,20480,0,16,True,False,1,1200000,8381618,False,-1537586,1655810,0,0,0,0,1,1,1784369697.5203772
1223,152,7,formal,up,53,76,0,2.5119587621004067,1784369699.8428302,1784369702.1678941,1784369701.005362,1.2,-0.100707,-0.172819,-0.002491,0.005019,1,acq,20480,20480,0,16,True,False,1,1200000,8381618,False,-1485080,1625407,0,0,0,0,1,1,1784369699.8428302
1224,153,0,formal,down,53,76,1,2.5119587621004067,1784369714.737052,1784369717.0562382,1784369715.896645,1.2,-0.101289,-0.174129,-0.002506,0.00503,1,acq,20480,20480,0,16,True,False,1,1200000,8381618,False,-1493379,1731182,0,0,0,0,1,1,1784369714.737052
1225,153,1,formal,down,53,76,1,2.5119587621004067,1784369717.057317,1784369719.3712718,1784369718.2142944,1.2,-0.101486,-0.174364,-0.002506,0.005025,1,acq,20480,20480,0,16,True,False,1,1200000,8381618,False,-1533945,1631674,0,0,0,0,1,1,1784369717.057317
1226,153,2,formal,down,53,76,1,2.5119587621004067,1784369719.371593,1784369721.697191,1784369720.5343919,1.2,-0.101626,-0.174542,-0.002488,0.005046,1,acq,20480,20480,0,16,True,False,1,1200000,8381618,False,-1538687,1641498,0,0,0,0,1,1,1784369719.371593
1227,153,3,formal,down,53,76,1,2.5119587621004067,1784369721.697422,1784369724.016901,1784369722.8571615,1.2,-0.101771,-0.174831,-0.002483,0.005024,1,acq,20480,20480,0,16,True,False,1,1200000,8381618,False,-1549019,1771917,0,0,0,0,1,1,1784369721.697422
1228,153,4,formal,down,53,76,1,2.5119587621004067,1784369724.018079,1784369726.3374798,1784369725.1777794,1.2,-0.10178,-0.174987,-0.002493,0.00504,1,acq,20480,20480,0,16,True,False,1,1200000,8381618,False,-1577220,1671901,0,0,0,0,1,1,1784369724.018079
1229,153,5,formal,down,53,76,1,2.5119587621004067,1784369726.337711,1784369728.6567109,1784369727.497211,1.2,-0.102009,-0.175413,-0.002517,0.005035,1,acq,20480,20480,0,16,True,False,1,1200000,8381618,False,-1557911,1649458,0,0,0,0,1,1,1784369726.337711
1230,153,6,formal,down,53,76,1,2.5119587621004067,1784369728.656938,1784369730.980578,1784369729.818758,1.2,-0.102193,-0.175611,-0.00246,0.00507,1,acq,20480,20480,0,16,True,False,1,1200000,8381618,False,-1631505,1680200,0,0,0,0,1,1,1784369728.656938
1231,153,7,formal,down,53,76,1,2.5119587621004067,1784369730.981627,1784369733.297212,1784369732.1394196,1.2,-0.102295,-0.175765,-0.002511,0.005019,1,acq,20480,20480,0,16,True,False,1,1200000,8381618,False,-1584588,1760060,0,0,0,0,1,1,1784369730.981627
1232,154,0,formal,down,27,77,0,-0.8824316191281598,1784369778.572,1784369780.8856761,1784369779.728838,0.711139,0.29736,0.507288,0.001866,-0.00408,1,acq,20480,20480,0,16,True,False,1,1200000,8381618,False,-4281631,4162391,0,0,0,0,1,1,1784369778.572
1233,154,1,formal,down,27,77,0,-0.8824316191281598,1784369780.886115,1784369783.207973,1784369782.047044,0.709016,0.297281,0.507291,0.001889,-0.004061,1,acq,20480,20480,0,16,True,False,1,1200000,8381618,False,-4263084,4189406,0,0,0,0,1,1,1784369780.886115
1234,154,2,formal,down,27,77,0,-0.8824316191281598,1784369783.208213,1784369785.5315552,1784369784.369884,0.707086,0.297292,0.507395,0.001878,-0.004062,1,acq,20480,20480,0,16,True,False,1,1200000,8381618,False,-4258342,4178566,0,0,0,0,1,1,1784369783.208213
1235,154,3,formal,down,27,77,0,-0.8824316191281598,1784369785.531785,1784369787.853645,1784369786.6927152,0.704676,0.296996,0.507064,0.001928,-0.004061,1,acq,20480,20480,0,16,True,False,1,1200000,8381618,False,-4282732,4182292,0,0,0,0,1,1,1784369785.531785
1236,154,4,formal,down,27,77,0,-0.8824316191281598,1784369787.853879,1784369790.1588988,1784369789.006389,0.702832,0.296905,0.506981,0.001962,-0.004111,1,acq,20480,20480,0,16,True,False,1,1200000,8381618,False,-4259951,4173061,0,0,0,0,1,1,1784369787.853879
1237,154,5,formal,down,27,77,0,-0.8824316191281598,1784369790.159175,1784369792.484527,1784369791.321851,0.701424,0.297028,0.507137,0.002003,-0.004071,1,acq,20480,20480,0,16,True,False,1,1200000,8381618,False,-4256648,4158749,0,0,0,0,1,1,1784369790.159175
1238,154,6,formal,down,27,77,0,-0.8824316191281598,1784369792.48479,1784369794.81309,1784369793.64894,0.699483,0.296771,0.506817,0.00193,-0.004131,1,acq,20480,20480,0,16,True,False,1,1200000,8381618,False,-4271468,4156039,0,0,0,0,1,1,1784369792.48479
1239,154,7,formal,down,27,77,0,-0.8824316191281598,1784369794.813312,1784369797.134141,1784369795.9737265,0.697814,0.296654,0.506657,0.001924,-0.004106,1,acq,20480,20480,0,16,True,False,1,1200000,8381618,False,-4278158,4165270,0,0,0,0,1,1,1784369794.813312
1240,155,0,formal,up,27,77,1,-0.8824316191281598,1784369809.686383,1784369812.0071208,1784369810.846752,0.688198,0.295839,0.505332,0.001957,-0.004208,1,acq,20480,20480,0,16,True,False,1,1200000,8381618,False,-4269012,4169843,0,0,0,0,1,1,1784369809.686383
1241,155,1,formal,up,27,77,1,-0.8824316191281598,1784369812.00757,1784369814.3309991,1784369813.1692846,0.687765,0.296026,0.505715,0.001971,-0.004197,1,acq,20480,20480,0,16,True,False,1,1200000,8381618,False,-4282647,4176788,0,0,0,0,1,1,1784369812.00757
1242,155,2,formal,up,27,77,1,-0.8824316191281598,1784369814.331228,1784369816.654783,1784369815.4930055,0.686184,0.295844,0.505318,0.001913,-0.004199,1,acq,20480,20480,0,16,True,False,1,1200000,8381618,False,-4312626,4202024,0,0,0,0,1,1,1784369814.331228
1243,155,3,formal,up,27,77,1,-0.8824316191281598,1784369816.6550322,1784369818.971679,1784369817.8133554,0.685631,0.295907,0.505612,0.001996,-0.004196,1,acq,20480,20480,0,16,True,False,1,1200000,8381618,False,-4270706,4179582,0,0,0,0,1,1,1784369816.6550322
1244,155,4,formal,up,27,77,1,-0.8824316191281598,1784369818.9719381,1784369821.291507,1784369820.1317225,0.684669,0.295849,0.505544,0.001981,-0.004255,1,acq,20480,20480,0,16,True,False,1,1200000,8381618,False,-4251228,4182123,0,0,0,0,1,1,1784369818.9719381
1245,155,5,formal,up,27,77,1,-0.8824316191281598,1784369821.291834,1784369823.6190689,1784369822.4554515,0.683756,0.295808,0.50551,0.002021,-0.004214,1,acq,20480,20480,0,16,True,False,1,1200000,8381618,False,-4255123,4153668,0,0,0,0,1,1,1784369821.291834
1246,155,6,formal,up,27,77,1,-0.8824316191281598,1784369823.6193368,1784369825.939696,1784369824.7795165,0.682463,0.295627,0.505175,0.002043,-0.004253,1,acq,20480,20480,0,16,True,False,1,1200000,8381618,False,-4243267,4183224,0,0,0,0,1,1,1784369823.6193368
1247,155,7,formal,up,27,77,1,-0.8824316191281598,1784369825.939944,1784369828.2649899,1784369827.102467,0.681552,0.295538,0.505199,0.002017,-0.00423,1,acq,20480,20480,0,16,True,False,1,1200000,8381618,False,-4228108,4145792,0,0,0,0,1,1,1784369825.939944
1248,156,0,formal,up,23,78,0,-1.4046455239325546,1784369846.533474,1784369848.859491,1784369847.6964827,0.441207,0.26672,0.454869,0.000726,-0.002562,1,acq,20480,20480,0,16,True,False,1,1200000,8381618,False,-3871997,3787140,0,0,0,0,1,1,1784369846.533474
1249,156,1,formal,up,23,78,0,-1.4046455239325546,1784369848.860534,1784369851.18828,1784369850.024407,0.440125,0.266475,0.45462,0.000683,-0.002557,1,acq,20480,20480,0,16,True,False,1,1200000,8381618,False,-3845490,3782483,0,0,0,0,1,1,1784369848.860534
1250,156,2,formal,up,23,78,0,-1.4046455239325546,1784369851.188511,1784369853.5133052,1784369852.350908,0.438965,0.26633,0.454206,0.000692,-0.002548,1,acq,20480,20480,0,16,True,False,1,1200000,8381618,False,-3864460,3816866,0,0,0,0,1,1,1784369851.188511
1251,156,3,formal,up,23,78,0,-1.4046455239325546,1784369853.513561,1784369855.824977,1784369854.669269,0.438035,0.266212,0.454145,0.00073,-0.002587,1,acq,20480,20480,0,16,True,False,1,1200000,8381618,False,-3844897,3773844,0,0,0,0,1,1,1784369853.513561
1252,156,4,formal,up,23,78,0,-1.4046455239325546,1784369855.825301,1784369858.147923,1784369856.9866118,0.436777,0.265768,0.453483,0.000739,-0.002608,1,acq,20480,20480,0,16,True,False,1,1200000,8381618,False,-3831093,3778418,0,0,0,0,1,1,1784369855.825301
1253,156,5,formal,up,23,78,0,-1.4046455239325546,1784369858.148153,1784369860.4582558,1784369859.3032045,0.436029,0.265703,0.453554,0.000705,-0.002547,1,acq,20480,20480,0,16,True,False,1,1200000,8381618,False,-3857262,3771897,0,0,0,0,1,1,1784369858.148153
1254,156,6,formal,up,23,78,0,-1.4046455239325546,1784369860.4586828,1784369862.783146,1784369861.6209145,0.43498,0.265398,0.45299,0.000728,-0.002583,1,acq,20480,20480,0,16,True,False,1,1200000,8381618,False,-3806364,3779857,0,0,0,0,1,1,1784369860.4586828
1255,156,7,formal,up,23,78,0,-1.4046455239325546,1784369862.783425,1784369865.101349,1784369863.942387,0.434191,0.26535,0.452981,0.000739,-0.0026,1,acq,20480,20480,0,16,True,False,1,1200000,8381618,False,-3834735,3768763,0,0,0,0,1,1,1784369862.783425
1256,157,0,formal,down,23,78,1,-1.4046455239325546,1784369877.6794848,1784369879.9986508,1784369878.839068,0.429095,0.264334,0.451443,0.000841,-0.002645,1,acq,20480,20480,0,16,True,False,1,1200000,8381618,False,-3817797,3751148,0,0,0,0,1,1,1784369877.6794848
1257,157,1,formal,down,23,78,1,-1.4046455239325546,1784369879.999757,1784369882.3218591,1784369881.160808,0.428224,0.264126,0.451015,0.000779,-0.002634,1,acq,20480,20480,0,16,True,False,1,1200000,8381618,False,-3837445,3776216,0,0,0,0,1,1,1784369879.999757
1258,157,2,formal,down,23,78,1,-1.4046455239325546,1784369882.322103,1784369884.646794,1784369883.4844484,0.427577,0.26401,0.451049,0.000797,-0.002625,1,acq,20480,20480,0,16,True,False,1,1200000,8381618,False,-3808905,3759532,0,0,0,0,1,1,1784369882.322103
1259,157,3,formal,down,23,78,1,-1.4046455239325546,1784369884.646993,1784369886.9727879,1784369885.8098903,0.426621,0.263835,0.450703,0.000807,-0.002622,1,acq,20480,20480,0,16,True,False,1,1200000,8381618,False,-3820677,3760040,0,0,0,0,1,1,1784369884.646993
1260,157,4,formal,down,23,78,1,-1.4046455239325546,1784369886.973053,1784369889.295535,1784369888.134294,0.425841,0.263671,0.450347,0.000788,-0.002657,1,acq,20480,20480,0,16,True,False,1,1200000,8381618,False,-3864629,3746998,0,0,0,0,1,1,1784369886.973053
1261,157,5,formal,down,23,78,1,-1.4046455239325546,1784369889.295746,1784369891.6235788,1784369890.4596624,0.425348,0.263609,0.450248,0.000803,-0.002666,1,acq,20480,20480,0,16,True,False,1,1200000,8381618,False,-3801961,3764868,0,0,0,0,1,1,1784369889.295746
1262,157,6,formal,down,23,78,1,-1.4046455239325546,1784369891.6238232,1784369893.9403,1784369892.7820616,0.424653,0.263599,0.450189,0.000806,-0.002619,1,acq,20480,20480,0,16,True,False,1,1200000,8381618,False,-3826266,3743865,0,0,0,0,1,1,1784369891.6238232
1263,157,7,formal,down,23,78,1,-1.4046455239325546,1784369893.940555,1784369896.262232,1784369895.1013937,0.423922,0.263292,0.449843,0.00085,-0.00263,1,acq,20480,20480,0,16,True,False,1,1200000,8381618,False,-3816781,3747422,0,0,0,0,1,1,1784369893.940555
1264,158,0,formal,down,57,79,0,3.0341726669048015,1784369957.180541,1784369959.501687,1784369958.341114,1.2,-0.168999,-0.289795,-0.002521,0.005125,1,acq,20480,20480,0,16,True,False,1,1200000,8381618,False,-2460680,2583053,0,0,0,0,1,1,1784369957.180541
1265,158,1,formal,down,57,79,0,3.0341726669048015,1784369959.502122,1784369961.826454,1784369960.664288,1.2,-0.169594,-0.29084,-0.002491,0.005147,1,acq,20480,20480,0,16,True,False,1,1200000,8381618,False,-2492438,2596180,0,0,0,0,1,1,1784369959.502122
1266,158,2,formal,down,57,79,0,3.0341726669048015,1784369961.8270469,1784369964.150152,1784369962.9885993,1.2,-0.170372,-0.292016,-0.002505,0.005131,1,acq,20480,20480,0,16,True,False,1,1200000,8381618,False,-2455429,2614727,0,0,0,0,1,1,1784369961.8270469
1267,158,3,formal,down,57,79,0,3.0341726669048015,1784369964.150398,1784369966.471166,1784369965.310782,1.2,-0.170972,-0.293156,-0.002452,0.005151,1,acq,20480,20480,0,16,True,False,1,1200000,8381618,False,-2491930,2600584,0,0,0,0,1,1,1784369964.150398
1268,158,4,formal,down,57,79,0,3.0341726669048015,1784369966.4714,1784369968.799969,1784369967.6356845,1.2,-0.171439,-0.294031,-0.002479,0.005164,1,acq,20480,20480,0,16,True,False,1,1200000,8381618,False,-2446791,2601346,0,0,0,0,1,1,1784369966.4714
1269,158,5,formal,down,57,79,0,3.0341726669048015,1784369968.800268,1784369971.134038,1784369969.967153,1.2,-0.172017,-0.295125,-0.002513,0.005143,1,acq,20480,20480,0,16,True,False,1,1200000,8381618,False,-2499467,2613541,0,0,0,0,1,1,1784369968.800268
1270,158,6,formal,down,57,79,0,3.0341726669048015,1784369971.13452,1784369973.4765792,1784369972.3055496,1.2,-0.17282,-0.296481,-0.002491,0.005177,1,acq,20480,20480,0,16,True,False,1,1200000,8381618,False,-2533765,2629801,0,0,0,0,1,1,1784369971.13452
1271,158,7,formal,down,57,79,0,3.0341726669048015,1784369973.476842,1784369975.812771,1784369974.6448064,1.2,-0.17332,-0.297403,-0.002486,0.005119,1,acq,20480,20480,0,16,True,False,1,1200000,8381618,False,-2471774,2681376,0,0,0,0,1,1,1784369973.476842
1272,159,0,formal,up,57,79,1,3.0341726669048015,1784369988.5517719,1784369990.883341,1784369989.7175565,1.2,-0.176079,-0.302223,-0.002434,0.005128,1,acq,20480,20480,0,16,True,False,1,1200000,8381618,False,-2545452,2682392,0,0,0,0,1,1,1784369988.5517719
1273,159,1,formal,up,57,79,1,3.0341726669048015,1784369990.8844612,1784369993.220272,1784369992.0523667,1.2,-0.176565,-0.303093,-0.002455,0.005111,1,acq,20480,20480,0,16,True,False,1,1200000,8381618,False,-2522587,2645892,0,0,0,0,1,1,1784369990.8844612
1274,159,2,formal,up,57,79,1,3.0341726669048015,1784369993.2205079,1784369995.555598,1784369994.388053,1.2,-0.176914,-0.303509,-0.002466,0.00511,1,acq,20480,20480,0,16,True,False,1,1200000,8381618,False,-2579835,2672653,0,0,0,0,1,1,1784369993.2205079
1275,159,3,formal,up,57,79,1,3.0341726669048015,1784369995.555824,1784369997.8983629,1784369996.7270935,1.2,-0.177367,-0.304396,-0.002476,0.005096,1,acq,20480,20480,0,16,True,False,1,1200000,8381618,False,-2557986,2704411,0,0,0,0,1,1,1784369995.555824
1276,159,4,formal,up,57,79,1,3.0341726669048015,1784369997.898598,1784370000.225039,1784369999.0618186,1.2,-0.177821,-0.305234,-0.002417,0.005154,1,acq,20480,20480,0,16,True,False,1,1200000,8381618,False,-2607359,2723550,0,0,0,0,1,1,1784369997.898598
1277,159,5,formal,up,57,79,1,3.0341726669048015,1784370000.225369,1784370002.5665421,1784370001.3959556,1.2,-0.178147,-0.305634,-0.002457,0.00511,1,acq,20480,20480,0,16,True,False,1,1200000,8381618,False,-2553413,2678750,0,0,0,0,1,1,1784370000.225369
1278,159,6,formal,up,57,79,1,3.0341726669048015,1784370002.567654,1784370004.9097788,1784370003.7387164,1.2,-0.178379,-0.30624,-0.002401,0.00514,1,acq,20480,20480,0,16,True,False,1,1200000,8381618,False,-2628022,2757510,0,0,0,0,1,1,1784370002.567654
1279,159,7,formal,up,57,79,1,3.0341726669048015,1784370004.910045,1784370007.251538,1784370006.0807915,1.2,-0.178781,-0.306782,-0.002502,0.005166,1,acq,20480,20480,0,16,True,False,1,1200000,8381618,False,-2586526,2711186,0,0,0,0,1,1,1784370004.910045
1280,160,0,sentinel,up,40,80,0,0.8147635714861234,1784370044.426073,1784370046.7700639,1784370045.5980685,1.2,0.183001,0.313803,-0.001161,0.00151,1,acq,20480,20480,0,16,True,False,1,1200000,8381618,False,-2733204,2788251,0,0,0,0,1,1,1784370044.426073
1281,160,1,sentinel,up,40,80,0,0.8147635714861234,1784370046.77115,1784370049.106167,1784370047.9386587,1.2,0.183441,0.314563,-0.001171,0.001489,1,acq,20480,20480,0,16,True,False,1,1200000,8381618,False,-2693486,2785372,0,0,0,0,1,1,1784370046.77115
1282,160,2,sentinel,up,40,80,0,0.8147635714861234,1784370049.106441,1784370051.4420469,1784370050.2742438,1.2,0.183465,0.314778,-0.001172,0.001532,1,acq,20480,20480,0,16,True,False,1,1200000,8381618,False,-2712795,2774617,0,0,0,0,1,1,1784370049.106441
1283,160,3,sentinel,up,40,80,0,0.8147635714861234,1784370051.442268,1784370053.787173,1784370052.6147203,1.2,0.183618,0.315121,-0.001135,0.001496,1,acq,20480,20480,0,16,True,False,1,1200000,8381618,False,-2689252,2793925,0,0,0,0,1,1,1784370051.442268
1284,160,4,sentinel,up,40,80,0,0.8147635714861234,1784370053.787395,1784370056.1222,1784370054.9547975,1.2,0.184024,0.315707,-0.001181,0.001495,1,acq,20480,20480,0,16,True,False,1,1200000,8381618,False,-2719908,2684763,0,0,0,0,1,1,1784370053.787395
1285,160,5,sentinel,up,40,80,0,0.8147635714861234,1784370056.122863,1784370058.459924,1784370057.2913935,1.2,0.184324,0.316266,-0.001133,0.001523,1,acq,20480,20480,0,16,True,False,1,1200000,8381618,False,-2703140,2759034,0,0,0,0,1,1,1784370056.122863
1286,160,6,sentinel,up,40,80,0,0.8147635714861234,1784370058.460163,1784370060.7976809,1784370059.628922,1.2,0.184437,0.316551,-0.001159,0.001492,1,acq,20480,20480,0,16,True,False,1,1200000,8381618,False,-2708645,2724228,0,0,0,0,1,1,1784370058.460163
1287,160,7,sentinel,up,40,80,0,0.8147635714861234,1784370060.797919,1784370063.1187992,1784370061.9583592,1.2,0.184557,0.316785,-0.001167,0.001485,1,acq,20480,20480,0,16,True,False,1,1200000,8381618,False,-2751327,2832289,0,0,0,0,1,1,1784370060.797919
1288,161,0,sentinel,down,40,80,1,0.8147635714861234,1784370075.812788,1784370078.1425228,1784370076.9776554,1.2,0.185283,0.31828,-0.001175,0.001477,1,acq,20480,20480,0,16,True,False,1,1200000,8381618,False,-2730494,2753783,0,0,0,0,1,1,1784370075.812788
1289,161,1,sentinel,down,40,80,1,0.8147635714861234,1784370078.143656,1784370080.4855611,1784370079.3146086,1.2,0.185254,0.318321,-0.001177,0.001492,1,acq,20480,20480,0,16,True,False,1,1200000,8381618,False,-2748025,2738878,0,0,0,0,1,1,1784370078.143656
1290,161,2,sentinel,down,40,80,1,0.8147635714861234,1784370080.485787,1784370082.817272,1784370081.6515293,1.2,0.185344,0.318367,-0.001111,0.001456,1,acq,20480,20480,0,16,True,False,1,1200000,8381618,False,-2771398,2743113,0,0,0,0,1,1,1784370080.485787
1291,161,3,sentinel,down,40,80,1,0.8147635714861234,1784370082.817527,1784370085.1463811,1784370083.981954,1.2,0.185252,0.318416,-0.001116,0.001466,1,acq,20480,20480,0,16,True,False,1,1200000,8381618,False,-2729817,2785033,0,0,0,0,1,1,1784370082.817527
1292,161,4,sentinel,down,40,80,1,0.8147635714861234,1784370085.1465971,1784370087.4802501,1784370086.3134236,1.2,0.185437,0.318687,-0.001153,0.001471,1,acq,20480,20480,0,16,True,False,1,1200000,8381618,False,-2768519,2809084,0,0,0,0,1,1,1784370085.1465971
1293,161,5,sentinel,down,40,80,1,0.8147635714861234,1784370087.480475,1784370089.812449,1784370088.646462,1.2,0.185652,0.319115,-0.001125,0.001487,1,acq,20480,20480,0,16,True,False,1,1200000,8381618,False,-2764454,2781646,0,0,0,0,1,1,1784370087.480475
1294,161,6,sentinel,down,40,80,1,0.8147635714861234,1784370089.812683,1784370092.137547,1784370090.975115,1.2,0.185731,0.319237,-0.001147,0.001481,1,acq,20480,20480,0,16,True,False,1,1200000,8381618,False,-2698991,2743282,0,0,0,0,1,1,1784370089.812683
1295,161,7,sentinel,down,40,80,1,0.8147635714861234,1784370092.1386461,1784370094.4786189,1784370093.3086324,1.2,0.185791,0.319227,-0.001122,0.0015,1,acq,20480,20480,0,16,True,False,1,1200000,8381618,False,-2721772,2743452,0,0,0,0,1,1,1784370092.1386461
