sequence_index,observation_sequence_index,bridge_step_index,from_bias,bias,delta_bias,t_start_unix,t_end_unix,t_mid_unix,dc_dmm,dac_response
0,0,0,0.0,-0.12965511293596924,-0.12965511293596924,1784276235.511415,1784276236.936855,1784276236.224135,1.10751627,"[dac] CH_A set to -0.130 V (code=32343)
"
1,0,1,-0.12965511293596924,-0.25931022587193847,-0.12965511293596924,1784276236.937768,1784276238.3650749,1784276237.6514215,1.04718856,"[dac] CH_A set to -0.259 V (code=31918)
"
2,0,2,-0.25931022587193847,-0.38896533880790773,-0.12965511293596926,1784276238.36531,1784276239.7857249,1784276239.0755174,1.03110117,"[dac] CH_A set to -0.389 V (code=31493)
"
3,0,3,-0.38896533880790773,-0.5186204517438769,-0.1296551129359692,1784276239.7859242,1784276241.210834,1784276240.4983792,0.946642372,"[dac] CH_A set to -0.519 V (code=31068)
"
4,0,4,-0.5186204517438769,-0.6482755646798462,-0.1296551129359692,1784276241.211217,1784276242.63578,1784276241.9234986,0.902402048,"[dac] CH_A set to -0.648 V (code=30643)
"
5,0,5,-0.6482755646798462,-0.7779306776158155,-0.12965511293596932,1784276242.635998,1784276244.060552,1784276243.348275,0.852799262,"[dac] CH_A set to -0.778 V (code=30219)
"
6,0,6,-0.7779306776158155,-0.9075857905517847,-0.1296551129359692,1784276244.060829,1784276245.4908988,1784276244.775864,0.783087237,"[dac] CH_A set to -0.908 V (code=29794)
"
7,0,7,-0.9075857905517847,-1.0372409034877539,-0.1296551129359692,1784276245.491114,1784276246.9255319,1784276246.208323,0.698628438,"[dac] CH_A set to -1.037 V (code=29369)
"
8,0,8,-1.0372409034877539,-1.1668960164237232,-0.12965511293596932,1784276246.925784,1784276248.3537621,1784276247.6397731,0.708012749,"[dac] CH_A set to -1.167 V (code=28944)
"
9,0,9,-1.1668960164237232,-1.2965511293596923,-0.1296551129359691,1784276248.354021,1784276249.7801,1784276249.0670605,0.626235182,"[dac] CH_A set to -1.297 V (code=28519)
"
10,0,10,-1.2965511293596923,-1.4262062422956616,-0.12965511293596932,1784276249.78032,1784276251.217995,1784276250.4991574,0.567248084,"[dac] CH_A set to -1.426 V (code=28094)
"
11,0,11,-1.4262062422956616,-1.555861355231631,-0.12965511293596932,1784276251.2181911,1784276252.654241,1784276251.936216,0.528370224,"[dac] CH_A set to -1.556 V (code=27669)
"
12,0,12,-1.555861355231631,-1.6855164681676,-0.1296551129359691,1784276252.654448,1784276254.106708,1784276253.380578,0.4586582,"[dac] CH_A set to -1.686 V (code=27245)
"
13,0,13,-1.6855164681676,-1.8151715811035694,-0.12965511293596932,1784276254.106914,1784276255.5474079,1784276254.8271608,0.401011718,"[dac] CH_A set to -1.815 V (code=26820)
"
14,0,14,-1.8151715811035694,-1.9448266940395385,-0.1296551129359691,1784276255.547626,1784276256.975608,1784276256.2616172,0.332640309,"[dac] CH_A set to -1.945 V (code=26395)
"
15,0,15,-1.9448266940395385,-2.0744818069755078,-0.12965511293596932,1784276256.9758248,1784276258.401328,1784276257.6885765,0.323255998,"[dac] CH_A set to -2.075 V (code=25970)
"
16,0,16,-2.0744818069755078,-2.204136919911477,-0.1296551129359691,1784276258.401532,1784276259.8416069,1784276259.1215694,0.25488459,"[dac] CH_A set to -2.204 V (code=25545)
"
17,0,17,-2.204136919911477,-2.3337920328474464,-0.12965511293596954,1784276259.841789,1784276261.276991,1784276260.55939,0.21600673,"[dac] CH_A set to -2.334 V (code=25120)
"
18,0,18,-2.3337920328474464,-2.4634471457834155,-0.1296551129359691,1784276261.277187,1784276262.732146,1784276262.0046666,0.187853797,"[dac] CH_A set to -2.463 V (code=24696)
"
19,0,19,-2.4634471457834155,-2.5931022587193846,-0.1296551129359691,1784276262.732362,1784276264.178785,1784276263.4555736,0.190535029,"[dac] CH_A set to -2.593 V (code=24271)
"
20,0,20,-2.5931022587193846,-2.722757371655354,-0.12965511293596954,1784276264.179001,1784276265.620706,1784276264.8998537,0.142272858,"[dac] CH_A set to -2.723 V (code=23846)
"
21,0,21,-2.722757371655354,-2.8524124845913232,-0.1296551129359691,1784276265.620863,1784276267.060744,1784276266.3408036,0.107416846,"[dac] CH_A set to -2.852 V (code=23421)
"
22,0,22,-2.8524124845913232,-2.9820675975272923,-0.1296551129359691,1784276267.060936,1784276268.503197,1784276267.7820663,0.0712202174,"[dac] CH_A set to -2.982 V (code=22996)
"
23,0,23,-2.9820675975272923,-3.111722710463262,-0.12965511293596954,1784276268.50348,1784276269.948361,1784276269.2259204,0.037704821,"[dac] CH_A set to -3.112 V (code=22571)
"
24,0,24,-3.111722710463262,-3.241377823399231,-0.1296551129359691,1784276269.948589,1784276271.3829162,1784276270.6657526,0.0175955831,"[dac] CH_A set to -3.241 V (code=22146)
"
25,0,25,-3.241377823399231,-3.3710329363352,-0.1296551129359691,1784276271.3831198,1784276272.8145359,1784276272.0988278,0.02832051,"[dac] CH_A set to -3.371 V (code=21722)
"
26,0,26,-3.3710329363352,-3.500688049271169,-0.1296551129359691,1784276272.8147469,1784276274.263985,1784276273.5393658,0.0216174307,"[dac] CH_A set to -3.501 V (code=21297)
"
27,0,27,-3.500688049271169,-3.6303431622071387,-0.12965511293596954,1784276274.264228,1784276275.7044969,1784276274.9843626,-0.00653491133,"[dac] CH_A set to -3.630 V (code=20872)
"
28,0,28,-3.6303431622071387,-3.759998275143108,-0.1296551129359691,1784276275.704715,1784276277.1469052,1784276276.42581,-0.00787561855,"[dac] CH_A set to -3.760 V (code=20447)
"
29,0,29,-3.759998275143108,-3.889653388079077,-0.1296551129359691,1784276277.147139,1784276278.586529,1784276277.8668342,0.0149143514,"[dac] CH_A set to -3.890 V (code=20022)
"
30,0,30,-3.889653388079077,-4.019308501015046,-0.1296551129359691,1784276278.586756,1784276280.016047,1784276279.3014016,0.0108925038,"[dac] CH_A set to -4.019 V (code=19597)
"
31,0,31,-4.019308501015046,-4.1489636139510155,-0.12965511293596954,1784276280.016279,1784276281.449543,1784276280.732911,0.0363642051,"[dac] CH_A set to -4.149 V (code=19172)
"
32,0,32,-4.1489636139510155,-4.278618726886985,-0.12965511293596954,1784276281.4497468,1784276282.888438,1784276282.1690924,0.0671983698,"[dac] CH_A set to -4.279 V (code=18748)
"
33,0,33,-4.278618726886985,-4.408273839822954,-0.12965511293596865,1784276282.88874,1784276284.3239648,1784276283.6063523,0.0524515954,"[dac] CH_A set to -4.408 V (code=18323)
"
34,0,34,-4.408273839822954,-4.537928952758923,-0.12965511293596954,1784276284.3242712,1784276285.772289,1784276285.0482802,0.0953513028,"[dac] CH_A set to -4.538 V (code=17898)
"
35,1,0,-4.407375476557824,-4.342098738457275,0.06527673810054946,1784276296.011893,1784276297.4436932,1784276296.7277932,0.0604952905,"[dac] CH_A set to -4.342 V (code=18540)
"
36,1,1,-4.342098738457275,-4.276822000356725,0.06527673810054946,1784276297.443913,1784276298.878906,1784276298.1614094,0.037704821,"[dac] CH_A set to -4.277 V (code=18753)
"
37,2,0,-4.407375476557824,-4.276822000356725,0.13055347620109892,1784276309.1767092,1784276310.619519,1784276309.8981142,0.0671983698,"[dac] CH_A set to -4.277 V (code=18753)
"
38,2,1,-4.276822000356725,-4.1462685241556265,0.13055347620109892,1784276310.619704,1784276312.056511,1784276311.3381076,0.0457485161,"[dac] CH_A set to -4.146 V (code=19181)
"
39,2,2,-4.1462685241556265,-4.0157150479545285,0.13055347620109803,1784276312.05671,1784276313.4862359,1784276312.771473,0.00821154334,"[dac] CH_A set to -4.016 V (code=19609)
"
40,2,3,-4.0157150479545285,-3.8851615717534296,0.13055347620109892,1784276313.4865012,1784276314.9202728,1784276314.203387,0.00955206784,"[dac] CH_A set to -3.885 V (code=20037)
"
41,2,4,-3.8851615717534296,-3.7546080955523307,0.13055347620109892,1784276314.920484,1784276316.353387,1784276315.6369357,-0.00653527962,"[dac] CH_A set to -3.755 V (code=20465)
"
42,2,5,-3.7546080955523307,-3.624054619351232,0.13055347620109847,1784276316.353646,1784276317.789454,1784276317.07155,-0.00653527676,"[dac] CH_A set to -3.624 V (code=20892)
"
43,2,6,-3.624054619351232,-3.4935011431501337,0.13055347620109847,1784276317.789639,1784276319.211616,1784276318.5006275,0.00150832702,"[dac] CH_A set to -3.493 V (code=21320)
"
44,2,7,-3.4935011431501337,-3.362947666949035,0.13055347620109892,1784276319.211858,1784276320.658379,1784276319.9351187,-0.00519470944,"[dac] CH_A set to -3.363 V (code=21748)
"
45,2,8,-3.362947666949035,-3.232394190747936,0.13055347620109892,1784276320.658675,1784276322.096683,1784276321.3776789,0.02832051,"[dac] CH_A set to -3.232 V (code=22176)
"
46,2,9,-3.232394190747936,-3.1018407145468374,0.13055347620109847,1784276322.096906,1784276323.545374,1784276322.8211398,0.0310017417,"[dac] CH_A set to -3.102 V (code=22604)
"
47,2,10,-3.1018407145468374,-2.971287238345739,0.13055347620109847,1784276323.545585,1784276324.9893398,1784276324.2674623,0.0671983698,"[dac] CH_A set to -2.971 V (code=23031)
"
48,2,11,-2.971287238345739,-2.84073376214464,0.13055347620109892,1784276324.989525,1784276326.424582,1784276325.7070537,0.0417266685,"[dac] CH_A set to -2.841 V (code=23459)
"
49,2,12,-2.84073376214464,-2.710180285943541,0.13055347620109892,1784276326.424799,1784276327.844983,1784276327.134891,0.065857754,"[dac] CH_A set to -2.710 V (code=23887)
"
50,2,13,-2.710180285943541,-2.5796268097424426,0.13055347620109847,1784276327.8452501,1784276329.288044,1784276328.566647,0.118141772,"[dac] CH_A set to -2.580 V (code=24315)
"
51,2,14,-2.5796268097424426,-2.449073333541344,0.13055347620109847,1784276329.288304,1784276330.720351,1784276330.0043275,0.163722711,"[dac] CH_A set to -2.449 V (code=24742)
"
52,2,15,-2.449073333541344,-2.3185198573402452,0.13055347620109892,1784276330.7205708,1784276332.161653,1784276331.441112,0.179810102,"[dac] CH_A set to -2.319 V (code=25170)
"
53,2,16,-2.3185198573402452,-2.1879663811391463,0.13055347620109892,1784276332.161851,1784276333.588421,1784276332.875136,0.250862742,"[dac] CH_A set to -2.188 V (code=25598)
"
54,2,17,-2.1879663811391463,-2.057412904938048,0.13055347620109847,1784276333.588638,1784276335.036953,1784276334.3127956,0.262928285,"[dac] CH_A set to -2.057 V (code=26026)
"
55,2,18,-2.057412904938048,-1.9268594287369494,0.13055347620109847,1784276335.037209,1784276336.474896,1784276335.7560525,0.313871687,"[dac] CH_A set to -1.927 V (code=26454)
"
56,2,19,-1.9268594287369494,-1.7963059525358505,0.13055347620109892,1784276336.475178,1784276337.9022138,1784276337.188696,0.356771395,"[dac] CH_A set to -1.796 V (code=26881)
"
57,2,20,-1.7963059525358505,-1.6657524763347515,0.13055347620109892,1784276337.902457,1784276339.345098,1784276338.6237774,0.388946175,"[dac] CH_A set to -1.666 V (code=27309)
"
58,2,21,-1.6657524763347515,-1.535199000133653,0.13055347620109847,1784276339.34537,1784276340.785364,1784276340.065367,0.462680048,"[dac] CH_A set to -1.535 V (code=27737)
"
59,2,22,-1.535199000133653,-1.4046455239325546,0.13055347620109847,1784276340.785507,1784276342.239725,1784276341.5126162,0.539095151,"[dac] CH_A set to -1.405 V (code=28165)
"
60,2,23,-1.4046455239325546,-1.2740920477314557,0.13055347620109892,1784276342.2399318,1784276343.685108,1784276342.96252,0.573951164,"[dac] CH_A set to -1.274 V (code=28593)
"
61,2,24,-1.2740920477314557,-1.1435385715303568,0.13055347620109892,1784276343.685292,1784276345.114789,1784276344.4000406,0.62355395,"[dac] CH_A set to -1.143 V (code=29021)
"
62,2,25,-1.1435385715303568,-1.0129850953292583,0.13055347620109847,1784276345.114997,1784276346.553473,1784276345.834235,0.673156737,"[dac] CH_A set to -1.013 V (code=29448)
"
63,2,26,-1.0129850953292583,-0.8824316191281598,0.13055347620109847,1784276346.553689,1784276347.9888818,1784276347.2712855,0.737506298,"[dac] CH_A set to -0.882 V (code=29876)
"
64,2,27,-0.8824316191281598,-0.7518781429270609,0.13055347620109892,1784276347.98909,1784276349.439757,1784276348.7144237,0.817943249,"[dac] CH_A set to -0.752 V (code=30304)
"
65,2,28,-0.7518781429270609,-0.621324666725962,0.13055347620109892,1784276349.439979,1784276350.87287,1784276350.1564245,0.8729085,"[dac] CH_A set to -0.621 V (code=30732)
"
66,2,29,-0.621324666725962,-0.4907711905248635,0.13055347620109847,1784276350.873075,1784276352.3020449,1784276351.58756,0.898380201,"[dac] CH_A set to -0.491 V (code=31159)
"
67,2,30,-0.4907711905248635,-0.36021771432376504,0.13055347620109847,1784276352.302232,1784276353.7283552,1784276353.0152936,0.952004835,"[dac] CH_A set to -0.360 V (code=31587)
"
68,2,31,-0.36021771432376504,-0.22966423812266612,0.13055347620109892,1784276353.728599,1784276355.1688478,1784276354.4487233,1.02037624,"[dac] CH_A set to -0.230 V (code=32015)
"
69,2,32,-0.22966423812266612,-0.0991107619215672,0.13055347620109892,1784276355.169136,1784276356.596877,1784276355.8830066,1.07534149,"[dac] CH_A set to -0.099 V (code=32443)
"
70,2,33,-0.0991107619215672,0.031442714279531714,0.13055347620109892,1784276356.597149,1784276358.020458,1784276357.3088036,1.1437129,"[dac] CH_A set to +0.031 V (code=32870)
"
71,2,34,0.031442714279531714,0.16199619048062974,0.13055347620109803,1784276358.02071,1784276359.4521852,1784276358.7364476,1.20940308,"[dac] CH_A set to +0.162 V (code=33298)
"
72,2,35,0.16199619048062974,0.29254966668172866,0.13055347620109892,1784276359.452451,1784276360.904614,1784276360.1785326,1.21610616,"[dac] CH_A set to +0.292 V (code=33726)
"
73,2,36,0.29254966668172866,0.4231031428828276,0.13055347620109892,1784276360.90485,1784276362.344239,1784276361.6245446,1.2362154,"[dac] CH_A set to +0.423 V (code=34154)
"
74,2,37,0.4231031428828276,0.5536566190839256,0.13055347620109803,1784276362.344546,1784276363.78718,1784276363.0658631,1.29118065,"[dac] CH_A set to +0.554 V (code=34582)
"
75,2,38,0.5536566190839256,0.6842100952850245,0.13055347620109892,1784276363.7874181,1784276365.225388,1784276364.506403,1.32201481,"[dac] CH_A set to +0.684 V (code=35009)
"
76,2,39,0.6842100952850245,0.8147635714861234,0.13055347620109892,1784276365.225625,1784276366.664841,1784276365.9452329,1.35821144,"[dac] CH_A set to +0.815 V (code=35437)
"
77,2,40,0.8147635714861234,0.9453170476872224,0.13055347620109892,1784276366.66508,1784276368.100405,1784276367.3827424,1.39038622,"[dac] CH_A set to +0.945 V (code=35865)
"
78,2,41,0.9453170476872224,1.0758705238883213,0.13055347620109892,1784276368.100656,1784276369.542071,1784276368.8213634,1.43864839,"[dac] CH_A set to +1.076 V (code=36293)
"
79,2,42,1.0758705238883213,1.2064240000894193,0.13055347620109803,1784276369.5423172,1784276370.96991,1784276370.2561135,1.4306047,"[dac] CH_A set to +1.206 V (code=36721)
"
80,2,43,1.2064240000894193,1.3369774762905182,0.13055347620109892,1784276370.970142,1784276372.403465,1784276371.6868033,1.43998901,"[dac] CH_A set to +1.337 V (code=37149)
"
81,2,44,1.3369774762905182,1.4675309524916171,0.13055347620109892,1784276372.403662,1784276373.8437572,1784276373.1237097,1.43462654,"[dac] CH_A set to +1.467 V (code=37576)
"
82,2,45,1.4675309524916171,1.5980844286927152,0.13055347620109803,1784276373.843977,1784276375.295386,1784276374.5696816,1.48691056,"[dac] CH_A set to +1.598 V (code=38004)
"
83,2,46,1.5980844286927152,1.728637904893814,0.13055347620109892,1784276375.2955709,1784276376.7473862,1784276376.0214787,1.47618564,"[dac] CH_A set to +1.729 V (code=38432)
"
84,2,47,1.728637904893814,1.859191381094913,0.13055347620109892,1784276376.747596,1784276378.193816,1784276377.470706,1.46009824,"[dac] CH_A set to +1.859 V (code=38860)
"
85,2,48,1.859191381094913,1.989744857296012,0.13055347620109892,1784276378.194004,1784276379.6301398,1784276378.912072,1.46143886,"[dac] CH_A set to +1.990 V (code=39287)
"
86,2,49,1.989744857296012,2.120298333497111,0.13055347620109892,1784276379.630365,1784276381.060565,1784276380.345465,1.4735044,"[dac] CH_A set to +2.120 V (code=39715)
"
87,2,50,2.120298333497111,2.250851809698209,0.13055347620109803,1784276381.0607748,1784276382.502147,1784276381.7814608,1.4306047,"[dac] CH_A set to +2.251 V (code=40143)
"
88,2,51,2.250851809698209,2.3814052858993078,0.13055347620109892,1784276382.502358,1784276383.935433,1784276383.2188954,1.40781423,"[dac] CH_A set to +2.381 V (code=40571)
"
89,2,52,2.3814052858993078,2.5119587621004067,0.13055347620109892,1784276383.935652,1784276385.3714712,1784276384.6535616,1.42926408,"[dac] CH_A set to +2.512 V (code=40999)
"
90,2,53,2.5119587621004067,2.6425122383015047,0.13055347620109803,1784276385.3716888,1784276386.8042712,1784276386.08798,1.37832068,"[dac] CH_A set to +2.642 V (code=41426)
"
91,2,54,2.6425122383015047,2.7730657145026036,0.13055347620109892,1784276386.804518,1784276388.245456,1784276387.524987,1.31799296,"[dac] CH_A set to +2.773 V (code=41854)
"
92,2,55,2.7730657145026036,2.9036191907037026,0.13055347620109892,1784276388.245694,1784276389.68364,1784276388.9646668,1.29654311,"[dac] CH_A set to +2.904 V (code=42282)
"
93,2,56,2.9036191907037026,3.0341726669048015,0.13055347620109892,1784276389.6838741,1784276391.118794,1784276390.401334,1.26839018,"[dac] CH_A set to +3.034 V (code=42710)
"
94,2,57,3.0341726669048015,3.1647261431059004,0.13055347620109892,1784276391.118987,1784276392.54492,1784276391.8319535,1.2027,"[dac] CH_A set to +3.165 V (code=43137)
"
95,2,58,3.1647261431059004,3.2952796193069984,0.13055347620109803,1784276392.545141,1784276393.9955468,1784276393.2703438,1.17454707,"[dac] CH_A set to +3.295 V (code=43565)
"
96,2,59,3.2952796193069984,3.4258330955080973,0.13055347620109892,1784276393.995713,1784276395.4336798,1784276394.7146964,1.12092243,"[dac] CH_A set to +3.426 V (code=43993)
"
97,2,60,3.4258330955080973,3.5563865717091963,0.13055347620109892,1784276395.433918,1784276396.862335,1784276396.1481266,1.06863841,"[dac] CH_A set to +3.556 V (code=44421)
"
98,2,61,3.5563865717091963,3.6869400479102943,0.13055347620109803,1784276396.862554,1784276398.292109,1784276397.5773315,1.01233255,"[dac] CH_A set to +3.687 V (code=44849)
"
99,2,62,3.6869400479102943,3.817493524111393,0.13055347620109892,1784276398.292361,1784276399.728477,1784276399.010419,0.953345451,"[dac] CH_A set to +3.818 V (code=45276)
"
100,2,63,3.817493524111393,3.948047000312492,0.13055347620109892,1784276399.728683,1784276401.1648178,1784276400.4467504,0.907764512,"[dac] CH_A set to +3.948 V (code=45704)
"
101,2,64,3.948047000312492,4.078600476513591,0.13055347620109892,1784276401.165013,1784276402.58993,1784276401.8774714,0.839393103,"[dac] CH_A set to +4.079 V (code=46132)
"
102,2,65,4.078600476513591,4.20915395271469,0.13055347620109892,1784276402.590162,1784276404.0314612,1784276403.3108115,0.784427853,"[dac] CH_A set to +4.209 V (code=46560)
"
103,2,66,4.20915395271469,4.339707428915789,0.13055347620109892,1784276404.031668,1784276405.468809,1784276404.7502384,0.754934304,"[dac] CH_A set to +4.340 V (code=46988)
"
104,2,67,4.339707428915789,4.470260905116888,0.13055347620109892,1784276405.469022,1784276406.892067,1784276406.1805444,0.710693981,"[dac] CH_A set to +4.470 V (code=47416)
"
105,2,68,4.470260905116888,4.600814381317985,0.13055347620109714,1784276406.892298,1784276408.3304892,1784276407.6113935,0.618191487,"[dac] CH_A set to +4.601 V (code=47843)
"
106,2,69,4.600814381317985,4.731367857519084,0.13055347620109892,1784276408.330687,1784276409.7621682,1784276409.0464277,0.55250131,"[dac] CH_A set to +4.731 V (code=48271)
"
107,2,70,4.731367857519084,4.861921333720183,0.13055347620109892,1784276409.762364,1784276411.2034812,1784276410.4829226,0.523007761,"[dac] CH_A set to +4.862 V (code=48699)
"
108,2,71,4.861921333720183,4.992474809921282,0.13055347620109892,1784276411.2036722,1784276412.6535091,1784276411.9285908,0.484129901,"[dac] CH_A set to +4.992 V (code=49127)
"
109,2,72,4.992474809921282,5.123028286122381,0.13055347620109892,1784276412.653785,1784276414.093481,1784276413.373633,0.409055413,"[dac] CH_A set to +5.123 V (code=49554)
"
110,2,73,5.123028286122381,5.2535817623234795,0.13055347620109892,1784276414.093676,1784276415.531017,1784276414.8123465,0.344705852,"[dac] CH_A set to +5.254 V (code=49982)
"
111,2,74,5.2535817623234795,5.384135238524578,0.13055347620109892,1784276415.5312572,1784276416.9667861,1784276416.2490215,0.313871687,"[dac] CH_A set to +5.384 V (code=50410)
"
112,2,75,5.384135238524578,5.514688714725676,0.13055347620109714,1784276416.967048,1784276418.402009,1784276417.6845284,0.257565821,"[dac] CH_A set to +5.515 V (code=50838)
"
113,2,76,5.514688714725676,5.6452421909267745,0.13055347620109892,1784276418.4021919,1784276419.827928,1784276419.1150599,0.202600571,"[dac] CH_A set to +5.645 V (code=51265)
"
114,2,77,5.6452421909267745,5.775795667127873,0.13055347620109892,1784276419.828413,1784276421.270463,1784276420.549438,0.157019632,"[dac] CH_A set to +5.776 V (code=51693)
"
115,2,78,5.775795667127873,5.906349143328972,0.13055347620109892,1784276421.270821,1784276422.714349,1784276421.9925852,0.112779309,"[dac] CH_A set to +5.906 V (code=52121)
"
116,2,79,5.906349143328972,6.036902619530071,0.13055347620109892,1784276422.7145832,1784276424.1451252,1784276423.4298542,0.12216362,"[dac] CH_A set to +6.037 V (code=52549)
"
117,2,80,6.036902619530071,6.16745609573117,0.13055347620109892,1784276424.145344,1784276425.57847,1784276424.861907,0.0537922112,"[dac] CH_A set to +6.168 V (code=52977)
"
118,3,0,6.036902619530071,5.971625881429522,-0.06527673810054946,1784276435.868435,1784276437.2937212,1784276436.581078,0.0913294552,"[dac] CH_A set to +5.972 V (code=52335)
"
119,3,1,5.971625881429522,5.906349143328972,-0.06527673810054946,1784276437.293917,1784276438.7171872,1784276438.005552,0.147635321,"[dac] CH_A set to +5.906 V (code=52121)
"
120,4,0,6.036902619530071,5.906349143328972,-0.13055347620109892,1784276448.951427,1784276450.3850298,1784276449.6682284,0.0966919187,"[dac] CH_A set to +5.906 V (code=52121)
"
121,4,1,5.906349143328972,5.775795667127873,-0.13055347620109892,1784276450.385227,1784276451.820449,1784276451.102838,0.162382096,"[dac] CH_A set to +5.776 V (code=51693)
"
122,4,2,5.775795667127873,5.645242190926775,-0.13055347620109803,1784276451.820645,1784276453.255548,1784276452.5380964,0.187853797,"[dac] CH_A set to +5.645 V (code=51265)
"
123,4,3,5.645242190926775,5.5146887147256765,-0.13055347620109892,1784276453.255769,1784276454.690194,1784276453.9729815,0.234775352,"[dac] CH_A set to +5.515 V (code=50838)
"
124,4,4,5.5146887147256765,5.3841352385245775,-0.13055347620109892,1784276454.690432,1784276456.1345541,1784276455.4124932,0.244159663,"[dac] CH_A set to +5.384 V (code=50410)
"
125,4,5,5.3841352385245775,5.2535817623234795,-0.13055347620109803,1784276456.134746,1784276457.567617,1784276456.8511815,0.331299694,"[dac] CH_A set to +5.254 V (code=49982)
"
126,4,6,5.2535817623234795,5.123028286122381,-0.13055347620109892,1784276457.567856,1784276459.00462,1784276458.2862382,0.332640309,"[dac] CH_A set to +5.123 V (code=49554)
"
127,4,7,5.123028286122381,4.992474809921282,-0.13055347620109892,1784276459.004817,1784276460.450859,1784276459.727838,0.406374182,"[dac] CH_A set to +4.992 V (code=49127)
"
128,4,8,4.992474809921282,4.861921333720183,-0.13055347620109892,1784276460.451072,1784276461.886959,1784276461.1690154,0.464020663,"[dac] CH_A set to +4.862 V (code=48699)
"
129,4,9,4.861921333720183,4.731367857519084,-0.13055347620109892,1784276461.887145,1784276463.329783,1784276462.608464,0.506920371,"[dac] CH_A set to +4.731 V (code=48271)
"
130,4,10,4.731367857519084,4.600814381317986,-0.13055347620109803,1784276463.330011,1784276464.768776,1784276464.0493934,0.52971084,"[dac] CH_A set to +4.601 V (code=47843)
"
131,4,11,4.600814381317986,4.470260905116887,-0.13055347620109892,1784276464.7689931,1784276466.200675,1784276465.4848342,0.612829023,"[dac] CH_A set to +4.470 V (code=47416)
"
132,4,12,4.470260905116887,4.339707428915788,-0.13055347620109892,1784276466.200879,1784276467.6478999,1784276466.9243894,0.671816121,"[dac] CH_A set to +4.340 V (code=46988)
"
133,4,13,4.339707428915788,4.20915395271469,-0.13055347620109803,1784276467.648133,1784276469.087379,1784276468.367756,0.753593688,"[dac] CH_A set to +4.209 V (code=46560)
"
134,4,14,4.20915395271469,4.078600476513591,-0.13055347620109892,1784276469.087599,1784276470.5080588,1784276469.797829,0.769681079,"[dac] CH_A set to +4.079 V (code=46132)
"
135,4,15,4.078600476513591,3.948047000312492,-0.13055347620109892,1784276470.508288,1784276471.954102,1784276471.231195,0.828668176,"[dac] CH_A set to +3.948 V (code=45704)
"
136,4,16,3.948047000312492,3.817493524111393,-0.13055347620109892,1784276471.954303,1784276473.384589,1784276472.669446,0.894358353,"[dac] CH_A set to +3.818 V (code=45276)
"
137,4,17,3.817493524111393,3.6869400479102947,-0.13055347620109847,1784276473.3847911,1784276474.825095,1784276474.104943,0.952004835,"[dac] CH_A set to +3.687 V (code=44849)
"
138,4,18,3.6869400479102947,3.5563865717091963,-0.13055347620109847,1784276474.825325,1784276476.2584388,1784276475.541882,0.989542079,"[dac] CH_A set to +3.556 V (code=44421)
"
139,4,19,3.5563865717091963,3.4258330955080973,-0.13055347620109892,1784276476.258722,1784276477.700407,1784276476.9795647,1.03780425,"[dac] CH_A set to +3.426 V (code=43993)
"
140,4,20,3.4258330955080973,3.2952796193069984,-0.13055347620109892,1784276477.700611,1784276479.138454,1784276478.4195325,1.08740704,"[dac] CH_A set to +3.295 V (code=43565)
"
141,4,21,3.2952796193069984,3.1647261431059,-0.13055347620109847,1784276479.1386502,1784276480.5611,1784276479.849875,1.14907537,"[dac] CH_A set to +3.165 V (code=43137)
"
142,4,22,3.1647261431059,3.0341726669048015,-0.13055347620109847,1784276480.561313,1784276481.9854112,1784276481.2733622,1.19867815,"[dac] CH_A set to +3.034 V (code=42710)
"
143,4,23,3.0341726669048015,2.9036191907037026,-0.13055347620109892,1784276481.985613,1784276483.421067,1784276482.70334,1.2362154,"[dac] CH_A set to +2.904 V (code=42282)
"
144,4,24,2.9036191907037026,2.7730657145026036,-0.13055347620109892,1784276483.421269,1784276484.852622,1784276484.1369455,1.2871588,"[dac] CH_A set to +2.773 V (code=41854)
"
145,4,25,2.7730657145026036,2.642512238301505,-0.13055347620109847,1784276484.852831,1784276486.297504,1784276485.5751674,1.34212405,"[dac] CH_A set to +2.642 V (code=41426)
"
146,4,26,2.642512238301505,2.5119587621004067,-0.13055347620109847,1784276486.2977269,1784276487.743783,1784276487.0207548,1.35016774,"[dac] CH_A set to +2.512 V (code=40999)
"
147,4,27,2.5119587621004067,2.3814052858993078,-0.13055347620109892,1784276487.7440808,1784276489.177784,1784276488.4609323,1.37563945,"[dac] CH_A set to +2.381 V (code=40571)
"
148,4,28,2.3814052858993078,2.250851809698209,-0.13055347620109892,1784276489.177991,1784276490.6101398,1784276489.8940654,1.38636437,"[dac] CH_A set to +2.251 V (code=40143)
"
149,4,29,2.250851809698209,2.1202983334971104,-0.13055347620109847,1784276490.610404,1784276492.044286,1784276491.327345,1.39977053,"[dac] CH_A set to +2.120 V (code=39715)
"
150,4,30,2.1202983334971104,1.989744857296012,-0.13055347620109847,1784276492.0444841,1784276493.484715,1784276492.7645996,1.43328593,"[dac] CH_A set to +1.990 V (code=39287)
"
151,4,31,1.989744857296012,1.859191381094913,-0.13055347620109892,1784276493.4849138,1784276494.909657,1784276494.1972854,1.46277948,"[dac] CH_A set to +1.859 V (code=38860)
"
152,4,32,1.859191381094913,1.728637904893814,-0.13055347620109892,1784276494.909866,1784276496.353065,1784276495.6314654,1.46546071,"[dac] CH_A set to +1.729 V (code=38432)
"
153,4,33,1.728637904893814,1.5980844286927152,-0.13055347620109892,1784276496.353277,1784276497.803661,1784276497.078469,1.47886687,"[dac] CH_A set to +1.598 V (code=38004)
"
154,4,34,1.5980844286927152,1.4675309524916171,-0.13055347620109803,1784276497.80404,1784276499.238496,1784276498.521268,1.5070198,"[dac] CH_A set to +1.467 V (code=37576)
"
155,4,35,1.4675309524916171,1.3369774762905182,-0.13055347620109892,1784276499.238699,1784276500.668235,1784276499.953467,1.46412009,"[dac] CH_A set to +1.337 V (code=37149)
"
156,4,36,1.3369774762905182,1.2064240000894193,-0.13055347620109892,1784276500.6684742,1784276502.1057642,1784276501.3871193,1.45339517,"[dac] CH_A set to +1.206 V (code=36721)
"
157,4,37,1.2064240000894193,1.0758705238883213,-0.13055347620109803,1784276502.105974,1784276503.53326,1784276502.819617,1.4480327,"[dac] CH_A set to +1.076 V (code=36293)
"
158,4,38,1.0758705238883213,0.9453170476872224,-0.13055347620109892,1784276503.5335438,1784276504.968958,1784276504.2512507,1.41585792,"[dac] CH_A set to +0.945 V (code=35865)
"
159,4,39,0.9453170476872224,0.8147635714861234,-0.13055347620109892,1784276504.969244,1784276506.407715,1784276505.6884794,1.40647361,"[dac] CH_A set to +0.815 V (code=35437)
"
160,4,40,0.8147635714861234,0.6842100952850245,-0.13055347620109892,1784276506.407983,1784276507.8444679,1784276507.1262255,1.38100191,"[dac] CH_A set to +0.684 V (code=35009)
"
161,4,41,0.6842100952850245,0.5536566190839256,-0.13055347620109892,1784276507.844776,1784276509.284224,1784276508.5644999,1.3635739,"[dac] CH_A set to +0.554 V (code=34582)
"
162,4,42,0.5536566190839256,0.4231031428828276,-0.13055347620109803,1784276509.284467,1784276510.716639,1784276510.0005531,1.32335543,"[dac] CH_A set to +0.423 V (code=34154)
"
163,4,43,0.4231031428828276,0.29254966668172866,-0.13055347620109892,1784276510.7169018,1784276512.156993,1784276511.4369473,1.29922434,"[dac] CH_A set to +0.292 V (code=33726)
"
164,4,44,0.29254966668172866,0.16199619048062974,-0.13055347620109892,1784276512.1572092,1784276513.591646,1784276512.8744276,1.2281717,"[dac] CH_A set to +0.162 V (code=33298)
"
165,4,45,0.16199619048062974,0.031442714279531714,-0.13055347620109803,1784276513.591896,1784276515.028068,1784276514.309982,1.21342493,"[dac] CH_A set to +0.031 V (code=32870)
"
166,4,46,0.031442714279531714,-0.0991107619215672,-0.13055347620109892,1784276515.028346,1784276516.455282,1784276515.7418141,1.17856891,"[dac] CH_A set to -0.099 V (code=32443)
"
167,4,47,-0.0991107619215672,-0.22966423812266612,-0.13055347620109892,1784276516.455478,1784276517.900023,1784276517.1777506,1.1182412,"[dac] CH_A set to -0.230 V (code=32015)
"
168,4,48,-0.22966423812266612,-0.36021771432376504,-0.13055347620109892,1784276517.900266,1784276519.3450282,1784276518.622647,1.08338519,"[dac] CH_A set to -0.360 V (code=31587)
"
169,4,49,-0.36021771432376504,-0.49077119052486395,-0.13055347620109892,1784276519.345241,1784276520.7859368,1784276520.065589,1.02439809,"[dac] CH_A set to -0.491 V (code=31159)
"
170,4,50,-0.49077119052486395,-0.621324666725962,-0.13055347620109803,1784276520.78615,1784276522.2172081,1784276521.501679,0.962729762,"[dac] CH_A set to -0.621 V (code=30732)
"
171,4,51,-0.621324666725962,-0.7518781429270609,-0.13055347620109892,1784276522.217431,1784276523.644816,1784276522.9311235,0.903742664,"[dac] CH_A set to -0.752 V (code=30304)
"
172,4,52,-0.7518781429270609,-0.8824316191281598,-0.13055347620109892,1784276523.645084,1784276525.078072,1784276524.361578,0.816602634,"[dac] CH_A set to -0.882 V (code=29876)
"
173,4,53,-0.8824316191281598,-1.0129850953292578,-0.13055347620109803,1784276525.078318,1784276526.511468,1784276525.794893,0.789790317,"[dac] CH_A set to -1.013 V (code=29448)
"
174,4,54,-1.0129850953292578,-1.1435385715303568,-0.13055347620109892,1784276526.511669,1784276527.9561448,1784276527.2339067,0.74018753,"[dac] CH_A set to -1.143 V (code=29021)
"
175,4,55,-1.1435385715303568,-1.2740920477314557,-0.13055347620109892,1784276527.956369,1784276529.3936121,1784276528.6749907,0.699969054,"[dac] CH_A set to -1.274 V (code=28593)
"
176,4,56,-1.2740920477314557,-1.4046455239325546,-0.13055347620109892,1784276529.393855,1784276530.844546,1784276530.1192007,0.616850871,"[dac] CH_A set to -1.405 V (code=28165)
"
177,4,57,-1.4046455239325546,-1.5351990001336535,-0.13055347620109892,1784276530.84478,1784276532.279223,1784276531.5620015,0.540435767,"[dac] CH_A set to -1.535 V (code=27737)
"
178,4,58,-1.5351990001336535,-1.6657524763347515,-0.13055347620109803,1784276532.279428,1784276533.71037,1784276532.994899,0.545798231,"[dac] CH_A set to -1.666 V (code=27309)
"
179,4,59,-1.6657524763347515,-1.7963059525358505,-0.13055347620109892,1784276533.7105658,1784276535.1351418,1784276534.422854,0.464020663,"[dac] CH_A set to -1.796 V (code=26881)
"
180,4,60,-1.7963059525358505,-1.9268594287369494,-0.13055347620109892,1784276535.135359,1784276536.5552619,1784276535.8453104,0.411736645,"[dac] CH_A set to -1.927 V (code=26454)
"
181,4,61,-1.9268594287369494,-2.0574129049380474,-0.13055347620109803,1784276536.555498,1784276537.985193,1784276537.2703454,0.370177553,"[dac] CH_A set to -2.057 V (code=26026)
"
182,4,62,-2.0574129049380474,-2.1879663811391468,-0.13055347620109936,1784276537.9853828,1784276539.418504,1784276538.7019434,0.295103065,"[dac] CH_A set to -2.188 V (code=25598)
"
183,5,0,-2.057412904938048,-1.9921361668374984,0.06527673810054946,1784276549.639542,1784276551.060106,1784276550.349824,0.343365236,"[dac] CH_A set to -1.992 V (code=26240)
"
184,5,1,-1.9921361668374984,-1.926859428736949,0.06527673810054946,1784276551.060299,1784276552.494847,1784276551.777573,0.372858785,"[dac] CH_A set to -1.927 V (code=26454)
"
185,6,0,-2.057412904938048,-1.9268594287369492,0.1305534762010987,1784276562.769223,1784276564.204458,1784276563.4868405,0.359452627,"[dac] CH_A set to -1.927 V (code=26454)
"
186,6,1,-1.9268594287369492,-1.7963059525358505,0.1305534762010987,1784276564.204695,1784276565.653151,1784276564.9289231,0.447933273,"[dac] CH_A set to -1.796 V (code=26881)
"
187,6,2,-1.7963059525358505,-1.665752476334752,0.13055347620109847,1784276565.653356,1784276567.102693,1784276566.3780246,0.477426822,"[dac] CH_A set to -1.666 V (code=27309)
"
188,6,3,-1.665752476334752,-1.535199000133653,0.13055347620109892,1784276567.102893,1784276568.534878,1784276567.8188856,0.508260987,"[dac] CH_A set to -1.535 V (code=27737)
"
189,6,4,-1.535199000133653,-1.4046455239325546,0.13055347620109847,1784276568.535087,1784276569.969839,1784276569.252463,0.580654243,"[dac] CH_A set to -1.405 V (code=28165)
"
190,6,5,-1.4046455239325546,-1.274092047731456,0.1305534762010987,1784276569.970058,1784276571.3985019,1784276570.68428,0.64634442,"[dac] CH_A set to -1.274 V (code=28593)
"
191,6,6,-1.274092047731456,-1.1435385715303572,0.1305534762010987,1784276571.398696,1784276572.8352342,1784276572.116965,0.695947207,"[dac] CH_A set to -1.143 V (code=29021)
"
192,6,7,-1.1435385715303572,-1.0129850953292585,0.1305534762010987,1784276572.8354418,1784276574.2762141,1784276573.555828,0.761637384,"[dac] CH_A set to -1.013 V (code=29448)
"
193,6,8,-1.0129850953292585,-0.8824316191281598,0.1305534762010987,1784276574.276423,1784276575.7018209,1784276574.989122,0.821965097,"[dac] CH_A set to -0.882 V (code=29876)
"
194,6,9,-0.8824316191281598,-0.7518781429270611,0.1305534762010987,1784276575.702004,1784276577.1382232,1784276576.4201136,0.868886652,"[dac] CH_A set to -0.752 V (code=30304)
"
195,6,10,-0.7518781429270611,-0.6213246667259624,0.1305534762010987,1784276577.138454,1784276578.5850308,1784276577.8617425,0.911786359,"[dac] CH_A set to -0.621 V (code=30732)
"
196,6,11,-0.6213246667259624,-0.49077119052486395,0.13055347620109847,1784276578.585223,1784276580.018547,1784276579.3018851,0.965410994,"[dac] CH_A set to -0.491 V (code=31159)
"
197,6,12,-0.49077119052486395,-0.36021771432376526,0.1305534762010987,1784276580.0187352,1784276581.4604511,1784276580.739593,1.00294824,"[dac] CH_A set to -0.360 V (code=31587)
"
198,6,13,-0.36021771432376526,-0.22966423812266656,0.1305534762010987,1784276581.4606621,1784276582.903191,1784276582.1819267,1.07668211,"[dac] CH_A set to -0.230 V (code=32015)
"
199,6,14,-0.22966423812266656,-0.09911076192156787,0.1305534762010987,1784276582.903426,1784276584.354939,1784276583.6291823,1.14237229,"[dac] CH_A set to -0.099 V (code=32443)
"
200,6,15,-0.09911076192156787,0.031442714279530826,0.1305534762010987,1784276584.355137,1784276585.793382,1784276585.0742595,1.19465631,"[dac] CH_A set to +0.031 V (code=32870)
"
201,6,16,0.031442714279530826,0.1619961904806293,0.13055347620109847,1784276585.793592,1784276587.228179,1784276586.5108855,1.22549047,"[dac] CH_A set to +0.162 V (code=33298)
"
202,6,17,0.1619961904806293,0.2925496666817282,0.13055347620109892,1784276587.2283862,1784276588.665092,1784276587.9467392,1.27375264,"[dac] CH_A set to +0.292 V (code=33726)
"
203,6,18,0.2925496666817282,0.4231031428828267,0.13055347620109847,1784276588.665308,1784276590.111496,1784276589.388402,1.30726804,"[dac] CH_A set to +0.423 V (code=34154)
"
204,6,19,0.4231031428828267,0.5536566190839256,0.13055347620109892,1784276590.111708,1784276591.565085,1784276590.8383965,1.30592742,"[dac] CH_A set to +0.554 V (code=34582)
"
205,6,20,0.5536566190839256,0.6842100952850241,0.13055347620109847,1784276591.5652978,1784276592.994831,1784276592.2800646,1.35418959,"[dac] CH_A set to +0.684 V (code=35009)
"
206,6,21,0.6842100952850241,0.814763571486123,0.13055347620109892,1784276592.995142,1784276594.425799,1784276593.7104704,1.41317669,"[dac] CH_A set to +0.815 V (code=35437)
"
207,6,22,0.814763571486123,0.9453170476872215,0.13055347620109847,1784276594.425994,1784276595.851926,1784276595.13896,1.42122038,"[dac] CH_A set to +0.945 V (code=35865)
"
208,6,23,0.9453170476872215,1.07587052388832,0.13055347620109847,1784276595.852143,1784276597.278719,1784276596.565431,1.43998901,"[dac] CH_A set to +1.076 V (code=36293)
"
209,6,24,1.07587052388832,1.2064240000894189,0.13055347620109892,1784276597.278937,1784276598.721626,1784276598.0002816,1.44669209,"[dac] CH_A set to +1.206 V (code=36721)
"
210,6,25,1.2064240000894189,1.3369774762905173,0.13055347620109847,1784276598.721834,1784276600.168523,1784276599.4451785,1.45205455,"[dac] CH_A set to +1.337 V (code=37149)
"
211,6,26,1.3369774762905173,1.4675309524916162,0.13055347620109892,1784276600.1687691,1784276601.61099,1784276600.8898797,1.46009824,"[dac] CH_A set to +1.467 V (code=37576)
"
212,6,27,1.4675309524916162,1.5980844286927147,0.13055347620109847,1784276601.611182,1784276603.032185,1784276602.3216834,1.48691056,"[dac] CH_A set to +1.598 V (code=38004)
"
213,6,28,1.5980844286927147,1.7286379048938136,0.13055347620109892,1784276603.032385,1784276604.4598699,1784276603.7461276,1.45339517,"[dac] CH_A set to +1.729 V (code=38432)
"
214,6,29,1.7286379048938136,1.859191381094912,0.13055347620109847,1784276604.4600708,1784276605.904992,1784276605.1825314,1.47618564,"[dac] CH_A set to +1.859 V (code=38860)
"
215,6,30,1.859191381094912,1.9897448572960106,0.13055347620109847,1784276605.9052002,1784276607.336352,1784276606.6207762,1.4480327,"[dac] CH_A set to +1.990 V (code=39287)
"
216,6,31,1.9897448572960106,2.1202983334971095,0.13055347620109892,1784276607.3365629,1784276608.77245,1784276608.0545063,1.43998901,"[dac] CH_A set to +2.120 V (code=39715)
"
217,6,32,2.1202983334971095,2.2508518096982084,0.13055347620109892,1784276608.772701,1784276610.203161,1784276609.487931,1.43864839,"[dac] CH_A set to +2.251 V (code=40143)
"
218,6,33,2.2508518096982084,2.3814052858993064,0.13055347620109803,1784276610.20343,1784276611.643871,1784276610.9236505,1.40111115,"[dac] CH_A set to +2.381 V (code=40571)
"
219,6,34,2.3814052858993064,2.5119587621004054,0.13055347620109892,1784276611.644059,1784276613.0852349,1784276612.364647,1.37429883,"[dac] CH_A set to +2.512 V (code=40999)
"
220,6,35,2.5119587621004054,2.6425122383015043,0.13055347620109892,1784276613.0854242,1784276614.5311491,1784276613.8082867,1.34346467,"[dac] CH_A set to +2.642 V (code=41426)
"
221,6,36,2.6425122383015043,2.773065714502603,0.13055347620109892,1784276614.5313568,1784276615.9600441,1784276615.2457004,1.32335543,"[dac] CH_A set to +2.773 V (code=41854)
"
222,6,37,2.773065714502603,2.9036191907037012,0.13055347620109803,1784276615.9602509,1784276617.406611,1784276616.683431,1.29386188,"[dac] CH_A set to +2.904 V (code=42282)
"
223,6,38,2.9036191907037012,3.0341726669048,0.13055347620109892,1784276617.4068391,1784276618.844691,1784276618.125765,1.22951232,"[dac] CH_A set to +3.034 V (code=42710)
"
224,6,39,3.0341726669048,3.164726143105899,0.13055347620109892,1784276618.844903,1784276620.292292,1784276619.5685976,1.19867815,"[dac] CH_A set to +3.165 V (code=43137)
"
225,6,40,3.164726143105899,3.295279619306997,0.13055347620109803,1784276620.2925298,1784276621.7289321,1784276621.010731,1.13835044,"[dac] CH_A set to +3.295 V (code=43565)
"
226,6,41,3.295279619306997,3.425833095508096,0.13055347620109892,1784276621.729119,1784276623.1584058,1784276622.4437623,1.12226305,"[dac] CH_A set to +3.426 V (code=43993)
"
227,6,42,3.425833095508096,3.556386571709195,0.13055347620109892,1784276623.158632,1784276624.595149,1784276623.8768907,1.06461657,"[dac] CH_A set to +3.556 V (code=44421)
"
228,6,43,3.556386571709195,3.686940047910294,0.13055347620109892,1784276624.595333,1784276626.031054,1784276625.3131936,1.00294824,"[dac] CH_A set to +3.687 V (code=44849)
"
229,6,44,3.686940047910294,3.817493524111393,0.13055347620109936,1784276626.031321,1784276627.472044,1784276626.7516825,0.930554981,"[dac] CH_A set to +3.818 V (code=45276)
"
230,7,0,3.6869400479102943,3.621663309809745,-0.06527673810054946,1784276637.6974452,1784276639.13296,1784276638.4152026,1.02841994,"[dac] CH_A set to +3.622 V (code=44635)
"
231,7,1,3.621663309809745,3.5563865717091954,-0.06527673810054946,1784276639.133196,1784276640.573678,1784276639.853437,1.0337824,"[dac] CH_A set to +3.556 V (code=44421)
"
232,8,0,3.6869400479102943,3.8174935241113928,0.13055347620109847,1784276650.821711,1784276652.26569,1784276651.5437007,0.919830055,"[dac] CH_A set to +3.818 V (code=45276)
"
233,8,1,3.8174935241113928,3.9480470003124917,0.13055347620109892,1784276652.265922,1784276653.711395,1784276652.9886584,0.851458646,"[dac] CH_A set to +3.948 V (code=45704)
"
234,8,2,3.9480470003124917,4.07860047651359,0.13055347620109847,1784276653.711669,1784276655.1548119,1784276654.4332404,0.828668176,"[dac] CH_A set to +4.079 V (code=46132)
"
235,8,3,4.07860047651359,4.209153952714689,0.13055347620109892,1784276655.1550112,1784276656.587571,1784276655.8712912,0.730803219,"[dac] CH_A set to +4.209 V (code=46560)
"
236,8,4,4.209153952714689,4.339707428915788,0.13055347620109892,1784276656.587784,1784276658.018044,1784276657.3029141,0.64634442,"[dac] CH_A set to +4.340 V (code=46988)
"
237,8,5,4.339707428915788,4.470260905116886,0.13055347620109803,1784276658.01826,1784276659.462114,1784276658.7401872,0.638300725,"[dac] CH_A set to +4.470 V (code=47416)
"
238,8,6,4.470260905116886,4.600814381317985,0.13055347620109892,1784276659.46232,1784276660.897144,1784276660.179732,0.541776383,"[dac] CH_A set to +4.601 V (code=47843)
"
239,8,7,4.600814381317985,4.731367857519084,0.13055347620109892,1784276660.897392,1784276662.327245,1784276661.6123185,0.514964066,"[dac] CH_A set to +4.731 V (code=48271)
"
240,8,8,4.731367857519084,4.861921333720183,0.13055347620109892,1784276662.327511,1784276663.760383,1784276663.043947,0.453295737,"[dac] CH_A set to +4.862 V (code=48699)
"
241,8,9,4.861921333720183,4.992474809921281,0.13055347620109803,1784276663.760587,1784276665.19404,1784276664.4773135,0.395649255,"[dac] CH_A set to +4.992 V (code=49127)
"
242,8,10,4.992474809921281,5.12302828612238,0.13055347620109892,1784276665.194273,1784276666.6255429,1784276665.9099078,0.362133858,"[dac] CH_A set to +5.123 V (code=49554)
"
243,8,11,5.12302828612238,5.253581762323478,0.13055347620109803,1784276666.6257448,1784276668.057384,1784276667.3415644,0.299124913,"[dac] CH_A set to +5.254 V (code=49982)
"
244,8,12,5.253581762323478,5.384135238524577,0.13055347620109892,1784276668.0576599,1784276669.506882,1784276668.782271,0.241478431,"[dac] CH_A set to +5.384 V (code=50410)
"
245,8,13,5.384135238524577,5.514688714725676,0.13055347620109892,1784276669.507123,1784276670.952117,1784276670.22962,0.220028577,"[dac] CH_A set to +5.515 V (code=50838)
"
246,8,14,5.514688714725676,5.6452421909267745,0.13055347620109892,1784276670.9523442,1784276672.4006069,1784276671.6764755,0.182491333,"[dac] CH_A set to +5.645 V (code=51265)
"
247,9,0,5.775795667127873,5.841072405228423,0.06527673810054946,1784276682.643527,1784276684.0865622,1784276683.3650446,0.142272858,"[dac] CH_A set to +5.841 V (code=51907)
"
248,9,1,5.841072405228423,5.906349143328972,0.06527673810054946,1784276684.086832,1784276685.524443,1784276684.8056374,0.0886482235,"[dac] CH_A set to +5.906 V (code=52121)
"
249,10,0,5.775795667127873,5.6452421909267745,-0.13055347620109892,1784276695.787353,1784276697.2181919,1784276696.5027723,0.171766407,"[dac] CH_A set to +5.645 V (code=51265)
"
250,10,1,5.6452421909267745,5.5146887147256765,-0.13055347620109803,1784276697.218405,1784276698.654772,1784276697.9365885,0.214666114,"[dac] CH_A set to +5.515 V (code=50838)
"
251,10,2,5.5146887147256765,5.3841352385245775,-0.13055347620109892,1784276698.6550038,1784276700.0941172,1784276699.3745604,0.256225206,"[dac] CH_A set to +5.384 V (code=50410)
"
252,10,3,5.3841352385245775,5.253581762323479,-0.13055347620109892,1784276700.094364,1784276701.546966,1784276700.820665,0.266950132,"[dac] CH_A set to +5.254 V (code=49982)
"
253,10,4,5.253581762323479,5.12302828612238,-0.13055347620109892,1784276701.547199,1784276702.995275,1784276702.271237,0.305827992,"[dac] CH_A set to +5.123 V (code=49554)
"
254,10,5,5.12302828612238,4.992474809921282,-0.13055347620109803,1784276702.995497,1784276704.431112,1784276703.7133045,0.351408931,"[dac] CH_A set to +4.992 V (code=49127)
"
255,10,6,4.992474809921282,4.861921333720183,-0.13055347620109892,1784276704.431332,1784276705.8546188,1784276705.1429753,0.414417877,"[dac] CH_A set to +4.862 V (code=48699)
"
256,10,7,4.861921333720183,4.731367857519084,-0.13055347620109892,1784276705.854867,1784276707.284954,1784276706.5699105,0.480108054,"[dac] CH_A set to +4.731 V (code=48271)
"
257,10,8,4.731367857519084,4.600814381317985,-0.13055347620109892,1784276707.285193,1784276708.721214,1784276708.0032034,0.532392072,"[dac] CH_A set to +4.601 V (code=47843)
"
258,10,9,4.600814381317985,4.470260905116887,-0.13055347620109803,1784276708.721451,1784276710.1462002,1784276709.4338255,0.587357322,"[dac] CH_A set to +4.470 V (code=47416)
"
259,10,10,4.470260905116887,4.339707428915788,-0.13055347620109892,1784276710.1464498,1784276711.5874429,1784276710.8669462,0.640981956,"[dac] CH_A set to +4.340 V (code=46988)
"
260,10,11,4.339707428915788,4.20915395271469,-0.13055347620109803,1784276711.587672,1784276713.027627,1784276712.3076496,0.71739706,"[dac] CH_A set to +4.209 V (code=46560)
"
261,10,12,4.20915395271469,4.078600476513591,-0.13055347620109892,1784276713.0278609,1784276714.4799712,1784276713.753916,0.776384158,"[dac] CH_A set to +4.079 V (code=46132)
"
262,10,13,4.078600476513591,3.948047000312492,-0.13055347620109892,1784276714.4802,1784276715.919446,1784276715.199823,0.803196475,"[dac] CH_A set to +3.948 V (code=45704)
"
263,10,14,3.948047000312492,3.817493524111393,-0.13055347620109892,1784276715.91965,1784276717.359933,1784276716.6397915,0.882292811,"[dac] CH_A set to +3.818 V (code=45276)
"
264,10,15,3.817493524111393,3.6869400479102947,-0.13055347620109847,1784276717.360142,1784276718.79134,1784276718.075741,0.919830055,"[dac] CH_A set to +3.687 V (code=44849)
"
265,10,16,3.6869400479102947,3.5563865717091963,-0.13055347620109847,1784276718.791571,1784276720.224731,1784276719.508151,0.976135921,"[dac] CH_A set to +3.556 V (code=44421)
"
266,10,17,3.5563865717091963,3.4258330955080973,-0.13055347620109892,1784276720.224986,1784276721.6533499,1784276720.939168,1.00160762,"[dac] CH_A set to +3.426 V (code=43993)
"
267,10,18,3.4258330955080973,3.295279619306999,-0.13055347620109847,1784276721.6535769,1784276723.089055,1784276722.371316,1.0592541,"[dac] CH_A set to +3.295 V (code=43565)
"
268,10,19,3.295279619306999,3.1647261431059,-0.13055347620109892,1784276723.0892758,1784276724.536153,1784276723.8127146,1.12360366,"[dac] CH_A set to +3.165 V (code=43137)
"
269,10,20,3.1647261431059,3.0341726669048015,-0.13055347620109847,1784276724.536374,1784276725.9695091,1784276725.2529416,1.14907537,"[dac] CH_A set to +3.034 V (code=42710)
"
270,10,21,3.0341726669048015,2.9036191907037026,-0.13055347620109892,1784276725.969785,1784276727.394479,1784276726.682132,1.21342493,"[dac] CH_A set to +2.904 V (code=42282)
"
271,10,22,2.9036191907037026,2.773065714502604,-0.13055347620109847,1784276727.3946822,1784276728.827702,1784276728.1111922,1.24425909,"[dac] CH_A set to +2.773 V (code=41854)
"
272,10,23,2.773065714502604,2.6425122383015056,-0.13055347620109847,1784276728.827903,1784276730.271606,1784276729.5497546,1.26839018,"[dac] CH_A set to +2.642 V (code=41426)
"
273,10,24,2.6425122383015056,2.5119587621004067,-0.13055347620109892,1784276730.271845,1784276731.7195,1784276730.9956727,1.34078343,"[dac] CH_A set to +2.512 V (code=40999)
"
274,10,25,2.5119587621004067,2.381405285899308,-0.13055347620109847,1784276731.719794,1784276733.168819,1784276732.4443064,1.38100191,"[dac] CH_A set to +2.381 V (code=40571)
"
275,10,26,2.381405285899308,2.2508518096982093,-0.13055347620109892,1784276733.169078,1784276734.609836,1784276733.8894572,1.41987977,"[dac] CH_A set to +2.251 V (code=40143)
"
276,10,27,2.2508518096982093,2.120298333497111,-0.13055347620109847,1784276734.610004,1784276736.064138,1784276735.337071,1.41049546,"[dac] CH_A set to +2.120 V (code=39715)
"
277,10,28,2.120298333497111,1.989744857296012,-0.13055347620109892,1784276736.0643709,1784276737.50144,1784276736.7829056,1.41853915,"[dac] CH_A set to +1.990 V (code=39287)
"
278,10,29,1.989744857296012,1.8591913810949134,-0.13055347620109847,1784276737.501643,1784276738.952817,1784276738.22723,1.45339517,"[dac] CH_A set to +1.859 V (code=38860)
"
279,10,30,1.8591913810949134,1.728637904893815,-0.13055347620109847,1784276738.953069,1784276740.374449,1784276739.663759,1.4735044,"[dac] CH_A set to +1.729 V (code=38432)
"
280,10,31,1.728637904893815,1.598084428692716,-0.13055347620109892,1784276740.374701,1784276741.8109682,1784276741.0928345,1.48288871,"[dac] CH_A set to +1.598 V (code=38004)
"
281,10,32,1.598084428692716,1.4675309524916171,-0.13055347620109892,1784276741.8111858,1784276743.25272,1784276742.5319529,1.49629487,"[dac] CH_A set to +1.467 V (code=37576)
"
282,10,33,1.4675309524916171,1.336977476290519,-0.13055347620109803,1784276743.252935,1784276744.693259,1784276743.9730968,1.47082317,"[dac] CH_A set to +1.337 V (code=37149)
"
283,10,34,1.336977476290519,1.2064240000894202,-0.13055347620109892,1784276744.6936388,1784276746.1327739,1784276745.4132063,1.46948256,"[dac] CH_A set to +1.206 V (code=36721)
"
284,10,35,1.2064240000894202,1.0758705238883213,-0.13055347620109892,1784276746.13303,1784276747.561141,1784276746.8470855,1.44132962,"[dac] CH_A set to +1.076 V (code=36293)
"
285,10,36,1.0758705238883213,0.9453170476872224,-0.13055347620109892,1784276747.561335,1784276749.0146718,1784276748.2880034,1.44535147,"[dac] CH_A set to +0.945 V (code=35865)
"
286,10,37,0.9453170476872224,0.8147635714861243,-0.13055347620109803,1784276749.014921,1784276750.455511,1784276749.7352161,1.43730778,"[dac] CH_A set to +0.815 V (code=35437)
"
287,10,38,0.8147635714861243,0.6842100952850254,-0.13055347620109892,1784276750.45572,1784276751.8946419,1784276751.175181,1.41451731,"[dac] CH_A set to +0.684 V (code=35009)
"
288,10,39,0.6842100952850254,0.5536566190839265,-0.13055347620109892,1784276751.8948631,1784276753.326345,1784276752.610604,1.38368314,"[dac] CH_A set to +0.554 V (code=34582)
"
289,10,40,0.5536566190839265,0.42310314288282846,-0.13055347620109803,1784276753.326559,1784276754.752821,1784276754.03969,1.33676159,"[dac] CH_A set to +0.423 V (code=34154)
"
290,10,41,0.42310314288282846,0.29254966668172955,-0.13055347620109892,1784276754.7530088,1784276756.1680472,1784276755.460528,1.32603666,"[dac] CH_A set to +0.292 V (code=33726)
"
291,10,42,0.29254966668172955,0.16199619048063063,-0.13055347620109892,1784276756.168223,1784276757.609858,1784276756.8890405,1.26570895,"[dac] CH_A set to +0.162 V (code=33298)
"
292,10,43,0.16199619048063063,0.031442714279531714,-0.13055347620109892,1784276757.6100721,1784276759.0535302,1784276758.3318012,1.23755601,"[dac] CH_A set to +0.031 V (code=32870)
"
293,10,44,0.031442714279531714,-0.09911076192156631,-0.13055347620109803,1784276759.053725,1784276760.4962602,1784276759.7749925,1.18795323,"[dac] CH_A set to -0.099 V (code=32443)
"
294,10,45,-0.09911076192156631,-0.22966423812266523,-0.13055347620109892,1784276760.496512,1784276761.933098,1784276761.2148051,1.15980029,"[dac] CH_A set to -0.230 V (code=32015)
"
295,10,46,-0.22966423812266523,-0.36021771432376415,-0.13055347620109892,1784276761.933341,1784276763.366207,1784276762.649774,1.09679135,"[dac] CH_A set to -0.360 V (code=31587)
"
296,10,47,-0.36021771432376415,-0.4907711905248622,-0.13055347620109803,1784276763.366464,1784276764.784697,1784276764.0755806,1.07802273,"[dac] CH_A set to -0.491 V (code=31159)
"
297,10,48,-0.4907711905248622,-0.6213246667259611,-0.13055347620109892,1784276764.7848902,1784276766.222199,1784276765.5035446,1.02171686,"[dac] CH_A set to -0.621 V (code=30732)
"
298,10,49,-0.6213246667259611,-0.75187814292706,-0.13055347620109892,1784276766.2225,1784276767.657992,1784276766.940246,0.933236213,"[dac] CH_A set to -0.752 V (code=30304)
"
299,10,50,-0.75187814292706,-0.8824316191281589,-0.13055347620109892,1784276767.6582348,1784276769.094218,1784276768.3762264,0.92117067,"[dac] CH_A set to -0.882 V (code=29876)
"
300,10,51,-0.8824316191281589,-1.012985095329257,-0.13055347620109803,1784276769.094406,1784276770.527807,1784276769.8111064,0.823305713,"[dac] CH_A set to -1.013 V (code=29448)
"
301,10,52,-1.012985095329257,-1.1435385715303559,-0.13055347620109892,1784276770.5280352,1784276771.978098,1784276771.2530665,0.784427853,"[dac] CH_A set to -1.143 V (code=29021)
"
302,10,53,-1.1435385715303559,-1.2740920477314548,-0.13055347620109892,1784276771.9783108,1784276773.426359,1784276772.702335,0.675837969,"[dac] CH_A set to -1.274 V (code=28593)
"
303,10,54,-1.2740920477314548,-1.4046455239325537,-0.13055347620109892,1784276773.426553,1784276774.869395,1784276774.147974,0.635619493,"[dac] CH_A set to -1.405 V (code=28165)
"
304,10,55,-1.4046455239325537,-1.5351990001336517,-0.13055347620109803,1784276774.869596,1784276776.301147,1784276775.5853715,0.572610548,"[dac] CH_A set to -1.535 V (code=27737)
"
305,10,56,-1.5351990001336517,-1.6657524763347507,-0.13055347620109892,1784276776.3013601,1784276777.742033,1784276777.0216966,0.509601602,"[dac] CH_A set to -1.666 V (code=27309)
"
306,10,57,-1.6657524763347507,-1.7963059525358496,-0.13055347620109892,1784276777.742269,1784276779.186133,1784276778.464201,0.47474559,"[dac] CH_A set to -1.796 V (code=26881)
"
307,10,58,-1.7963059525358496,-1.9268594287369476,-0.13055347620109803,1784276779.18635,1784276780.6309068,1784276779.9086285,0.423802188,"[dac] CH_A set to -1.927 V (code=26454)
"
308,10,59,-1.9268594287369476,-2.0574129049380465,-0.13055347620109892,1784276780.631131,1784276782.06948,1784276781.3503056,0.382243096,"[dac] CH_A set to -2.057 V (code=26026)
"
309,10,60,-2.0574129049380465,-2.1879663811391454,-0.13055347620109892,1784276782.0697548,1784276783.5114722,1784276782.7906137,0.308509224,"[dac] CH_A set to -2.188 V (code=25598)
"
310,10,61,-2.1879663811391454,-2.3185198573402435,-0.13055347620109803,1784276783.511699,1784276784.962035,1784276784.236867,0.272312596,"[dac] CH_A set to -2.319 V (code=25170)
"
311,10,62,-2.3185198573402435,-2.4490733335413424,-0.13055347620109892,1784276784.962243,1784276786.403386,1784276785.6828146,0.218687962,"[dac] CH_A set to -2.449 V (code=24742)
"
312,10,63,-2.4490733335413424,-2.5796268097424413,-0.13055347620109892,1784276786.4036071,1784276787.83643,1784276787.1200185,0.170425791,"[dac] CH_A set to -2.580 V (code=24315)
"
313,10,64,-2.5796268097424413,-2.71018028594354,-0.13055347620109892,1784276787.836642,1784276789.276347,1784276788.5564945,0.135569778,"[dac] CH_A set to -2.710 V (code=23887)
"
314,10,65,-2.71018028594354,-2.840733762144639,-0.13055347620109892,1784276789.276577,1784276790.692707,1784276789.984642,0.135569778,"[dac] CH_A set to -2.841 V (code=23459)
"
315,10,66,-2.840733762144639,-2.971287238345738,-0.13055347620109892,1784276790.6929338,1784276792.121217,1784276791.4070754,0.102054382,"[dac] CH_A set to -2.971 V (code=23031)
"
316,10,67,-2.971287238345738,-3.101840714546835,-0.13055347620109714,1784276792.121428,1784276793.552799,1784276792.8371134,0.0725608332,"[dac] CH_A set to -3.102 V (code=22604)
"
317,10,68,-3.101840714546835,-3.232394190747934,-0.13055347620109892,1784276793.5530229,1784276794.9944708,1784276794.273747,0.0537922112,"[dac] CH_A set to -3.232 V (code=22176)
"
318,10,69,-3.232394190747934,-3.362947666949033,-0.13055347620109892,1784276794.9947698,1784276796.4219708,1784276795.7083702,0.0390454368,"[dac] CH_A set to -3.363 V (code=21748)
"
319,10,70,-3.362947666949033,-3.493501143150132,-0.13055347620109892,1784276796.422165,1784276797.847043,1784276797.134604,-0.017259841,"[dac] CH_A set to -3.493 V (code=21320)
"
320,10,71,-3.493501143150132,-3.624054619351231,-0.13055347620109892,1784276797.847237,1784276799.270391,1784276798.558814,-0.0360278235,"[dac] CH_A set to -3.624 V (code=20892)
"
321,10,72,-3.624054619351231,-3.7546080955523298,-0.13055347620109892,1784276799.270656,1784276800.70798,1784276799.989318,-0.00385386234,"[dac] CH_A set to -3.755 V (code=20465)
"
322,10,73,-3.7546080955523298,-3.8851615717534287,-0.13055347620109892,1784276800.708228,1784276802.15583,1784276801.432029,0.00150846406,"[dac] CH_A set to -3.885 V (code=20037)
"
323,10,74,-3.8851615717534287,-4.015715047954528,-0.13055347620109892,1784276802.1560378,1784276803.5778198,1784276802.8669288,0.0108925923,"[dac] CH_A set to -4.016 V (code=19609)
"
324,11,0,-4.1462685241556265,-4.211545262256176,-0.06527673810054946,1784276813.868549,1784276815.2878962,1784276814.5782228,0.0363642051,"[dac] CH_A set to -4.212 V (code=18967)
"
325,11,1,-4.211545262256176,-4.276822000356725,-0.06527673810054946,1784276815.288095,1784276816.721384,1784276816.0047395,0.0122331197,"[dac] CH_A set to -4.277 V (code=18753)
"
326,12,0,-4.1462685241556265,-4.015715047954528,0.13055347620109892,1784276826.981216,1784276828.423249,1784276827.7022324,0.0162549673,"[dac] CH_A set to -4.016 V (code=19609)
"
327,12,1,-4.015715047954528,-3.885161571753429,0.13055347620109847,1784276828.4234629,1784276829.8683379,1784276829.1459002,0.0444079002,"[dac] CH_A set to -3.885 V (code=20037)
"
328,12,2,-3.885161571753429,-3.7546080955523307,0.13055347620109847,1784276829.868566,1784276831.298512,1784276830.583539,-0.00519470944,"[dac] CH_A set to -3.755 V (code=20465)
"
329,12,3,-3.7546080955523307,-3.6240546193512317,0.13055347620109892,1784276831.298759,1784276832.7339158,1784276832.0163374,0.0162549673,"[dac] CH_A set to -3.624 V (code=20892)
"
330,12,4,-3.6240546193512317,-3.493501143150133,0.13055347620109892,1784276832.734137,1784276834.170558,1784276833.4523475,0.018936199,"[dac] CH_A set to -3.493 V (code=21320)
"
331,12,5,-3.493501143150133,-3.3629476669490344,0.13055347620109847,1784276834.170814,1784276835.6005309,1784276834.8856726,-0.00519461523,"[dac] CH_A set to -3.363 V (code=21748)
"
332,12,6,-3.3629476669490344,-3.232394190747936,0.13055347620109847,1784276835.600723,1784276837.042432,1784276836.3215775,0.0390454368,"[dac] CH_A set to -3.232 V (code=22176)
"
333,12,7,-3.232394190747936,-3.101840714546837,0.13055347620109892,1784276837.042649,1784276838.474263,1784276837.758456,0.0202768148,"[dac] CH_A set to -3.102 V (code=22604)
"
334,12,8,-3.101840714546837,-2.971287238345738,0.13055347620109892,1784276838.474483,1784276839.9194088,1784276839.196946,0.075242065,"[dac] CH_A set to -2.971 V (code=23031)
"
335,12,9,-2.971287238345738,-2.8407337621446396,0.13055347620109847,1784276839.919948,1784276841.3611798,1784276840.640564,0.128866699,"[dac] CH_A set to -2.841 V (code=23459)
"
336,12,10,-2.8407337621446396,-2.710180285943541,0.13055347620109847,1784276841.361452,1784276842.784619,1784276842.0730357,0.116801157,"[dac] CH_A set to -2.710 V (code=23887)
"
337,12,11,-2.710180285943541,-2.579626809742442,0.13055347620109892,1784276842.784835,1784276844.2144241,1784276843.4996295,0.126185468,"[dac] CH_A set to -2.580 V (code=24315)
"
338,12,12,-2.579626809742442,-2.4490733335413433,0.13055347620109892,1784276844.214627,1784276845.659168,1784276844.9368975,0.211984882,"[dac] CH_A set to -2.449 V (code=24742)
"
339,12,13,-2.4490733335413433,-2.318519857340245,0.13055347620109847,1784276845.659431,1784276847.100127,1784276846.3797789,0.230753504,"[dac] CH_A set to -2.319 V (code=25170)
"
340,12,14,-2.318519857340245,-2.1879663811391463,0.13055347620109847,1784276847.100359,1784276848.541874,1784276847.8211164,0.279015675,"[dac] CH_A set to -2.188 V (code=25598)
"
341,12,15,-2.1879663811391463,-2.0574129049380474,0.13055347620109892,1784276848.5420768,1784276849.9667242,1784276849.2544005,0.295103065,"[dac] CH_A set to -2.057 V (code=26026)
"
342,12,16,-2.0574129049380474,-1.9268594287369485,0.13055347620109892,1784276849.966971,1784276851.4110022,1784276850.6889865,0.3487277,"[dac] CH_A set to -1.927 V (code=26454)
"
343,12,17,-1.9268594287369485,-1.79630595253585,0.13055347620109847,1784276851.411263,1784276852.847785,1784276852.129524,0.401011718,"[dac] CH_A set to -1.796 V (code=26881)
"
344,12,18,-1.79630595253585,-1.6657524763347515,0.13055347620109847,1784276852.848022,1784276854.293824,1784276853.5709229,0.461339432,"[dac] CH_A set to -1.666 V (code=27309)
"
345,12,19,-1.6657524763347515,-1.5351990001336526,0.13055347620109892,1784276854.294038,1784276855.710537,1784276855.0022874,0.498876676,"[dac] CH_A set to -1.535 V (code=27737)
"
346,12,20,-1.5351990001336526,-1.4046455239325537,0.13055347620109892,1784276855.710759,1784276857.164074,1784276856.4374166,0.573951164,"[dac] CH_A set to -1.405 V (code=28165)
"
347,12,21,-1.4046455239325537,-1.2740920477314552,0.13055347620109847,1784276857.164324,1784276858.585375,1784276857.8748496,0.616850871,"[dac] CH_A set to -1.274 V (code=28593)
"
348,12,22,-1.2740920477314552,-1.1435385715303568,0.13055347620109847,1784276858.585661,1784276860.0189152,1784276859.302288,0.66243181,"[dac] CH_A set to -1.143 V (code=29021)
"
349,12,23,-1.1435385715303568,-1.0129850953292578,0.13055347620109892,1784276860.019134,1784276861.468705,1784276860.7439194,0.725440755,"[dac] CH_A set to -1.013 V (code=29448)
"
350,12,24,-1.0129850953292578,-0.8824316191281589,0.13055347620109892,1784276861.468962,1784276862.9109251,1784276862.1899436,0.79515278,"[dac] CH_A set to -0.882 V (code=29876)
"
351,12,25,-0.8824316191281589,-0.7518781429270605,0.13055347620109847,1784276862.911165,1784276864.344693,1784276863.627929,0.862183573,"[dac] CH_A set to -0.752 V (code=30304)
"
352,12,26,-0.7518781429270605,-0.621324666725962,0.13055347620109847,1784276864.347939,1784276865.785559,1784276865.066749,0.883633426,"[dac] CH_A set to -0.621 V (code=30732)
"
353,12,27,-0.621324666725962,-0.49077119052486307,0.13055347620109892,1784276865.785768,1784276867.2358232,1784276866.5107956,0.956026683,"[dac] CH_A set to -0.491 V (code=31159)
"
354,12,28,-0.49077119052486307,-0.36021771432376415,0.13055347620109892,1784276867.236088,1784276868.662761,1784276867.9494245,1.00697009,"[dac] CH_A set to -0.360 V (code=31587)
"
355,12,29,-0.36021771432376415,-0.22966423812266568,0.13055347620109847,1784276868.6629918,1784276870.104388,1784276869.3836899,1.04986979,"[dac] CH_A set to -0.230 V (code=32015)
"
356,12,30,-0.22966423812266568,-0.0991107619215672,0.13055347620109847,1784276870.104604,1784276871.546319,1784276870.8254614,1.11421935,"[dac] CH_A set to -0.099 V (code=32443)
"
357,12,31,-0.0991107619215672,0.031442714279531714,0.13055347620109892,1784276871.546582,1784276872.9688141,1784276872.257698,1.17588768,"[dac] CH_A set to +0.031 V (code=32870)
"
358,12,32,0.031442714279531714,0.16199619048063063,0.13055347620109892,1784276872.969069,1784276874.4103339,1784276873.6897016,1.20538123,"[dac] CH_A set to +0.162 V (code=33298)
"
359,12,33,0.16199619048063063,0.29254966668172866,0.13055347620109803,1784276874.4105759,1784276875.8608902,1784276875.1357331,1.24962156,"[dac] CH_A set to +0.292 V (code=33726)
"
360,13,0,0.4231031428828276,0.48837988098337703,0.06527673810054946,1784276886.1325839,1784276887.5694919,1784276886.851038,1.31128988,"[dac] CH_A set to +0.488 V (code=34368)
"
361,13,1,0.48837988098337703,0.5536566190839265,0.06527673810054946,1784276887.56971,1784276888.9906838,1784276888.280197,1.33408035,"[dac] CH_A set to +0.554 V (code=34582)
"
362,14,0,0.4231031428828276,0.5536566190839263,0.1305534762010987,1784276899.2124128,1784276900.64297,1784276899.9276915,1.31531173,"[dac] CH_A set to +0.554 V (code=34582)
"
363,14,1,0.5536566190839263,0.684210095285025,0.1305534762010987,1784276900.643229,1784276902.06515,1784276901.3541894,1.36223329,"[dac] CH_A set to +0.684 V (code=35009)
"
364,14,2,0.684210095285025,0.8147635714861236,0.13055347620109858,1784276902.0653372,1784276903.510657,1784276902.7879972,1.37295821,"[dac] CH_A set to +0.815 V (code=35437)
"
365,14,3,0.8147635714861236,0.9453170476872222,0.1305534762010987,1784276903.510876,1784276904.950706,1784276904.230791,1.45741701,"[dac] CH_A set to +0.945 V (code=35865)
"
366,14,4,0.9453170476872222,1.0758705238883208,0.13055347620109858,1784276904.951157,1784276906.400963,1784276905.6760602,1.42122038,"[dac] CH_A set to +1.076 V (code=36293)
"
367,14,5,1.0758705238883208,1.2064240000894195,0.1305534762010987,1784276906.401268,1784276907.850713,1784276907.1259904,1.44937332,"[dac] CH_A set to +1.206 V (code=36721)
"
368,14,6,1.2064240000894195,1.3369774762905182,0.1305534762010987,1784276907.850923,1784276909.2840478,1784276908.5674853,1.47886687,"[dac] CH_A set to +1.337 V (code=37149)
"
369,15,0,1.2064240000894193,1.1411472619888698,-0.06527673810054946,1784276919.568928,1784276921.0158238,1784276920.292376,1.43998901,"[dac] CH_A set to +1.141 V (code=36507)
"
370,15,1,1.1411472619888698,1.0758705238883204,-0.06527673810054946,1784276921.0160909,1784276922.4509492,1784276921.73352,1.43998901,"[dac] CH_A set to +1.076 V (code=36293)
"
371,16,0,1.2064240000894193,1.336977476290518,0.1305534762010987,1784276932.738042,1784276934.169007,1784276933.4535246,1.44535147,"[dac] CH_A set to +1.337 V (code=37149)
"
372,16,1,1.336977476290518,1.4675309524916167,0.1305534762010987,1784276934.169199,1784276935.6023371,1784276934.885768,1.46143886,"[dac] CH_A set to +1.467 V (code=37576)
"
373,16,2,1.4675309524916167,1.5980844286927154,0.1305534762010987,1784276935.602527,1784276937.0276868,1784276936.3151069,1.43730778,"[dac] CH_A set to +1.598 V (code=38004)
"
374,16,3,1.5980844286927154,1.728637904893814,0.1305534762010987,1784276937.027922,1784276938.457522,1784276937.742722,1.46814194,"[dac] CH_A set to +1.729 V (code=38432)
"
375,17,0,1.859191381094913,1.9244681191954625,0.06527673810054946,1784276948.727377,1784276950.151167,1784276949.439272,1.46948256,"[dac] CH_A set to +1.924 V (code=39074)
"
376,17,1,1.9244681191954625,1.989744857296012,0.06527673810054946,1784276950.151392,1784276951.5832162,1784276950.867304,1.44267024,"[dac] CH_A set to +1.990 V (code=39287)
"
377,18,0,1.859191381094913,1.7286379048938143,-0.1305534762010987,1784276961.838188,1784276963.269398,1784276962.553793,1.47886687,"[dac] CH_A set to +1.729 V (code=38432)
"
378,18,1,1.7286379048938143,1.5980844286927156,-0.1305534762010987,1784276963.269612,1784276964.7015302,1784276963.9855711,1.48825118,"[dac] CH_A set to +1.598 V (code=38004)
"
379,18,2,1.5980844286927156,1.4675309524916171,-0.13055347620109847,1784276964.701801,1784276966.144011,1784276965.422906,1.47752625,"[dac] CH_A set to +1.467 V (code=37576)
"
380,18,3,1.4675309524916171,1.3369774762905182,-0.13055347620109892,1784276966.1442099,1784276967.5874372,1784276966.8658235,1.49227303,"[dac] CH_A set to +1.337 V (code=37149)
"
381,18,4,1.3369774762905182,1.2064240000894197,-0.13055347620109847,1784276967.587667,1784276969.027325,1784276968.307496,1.46412009,"[dac] CH_A set to +1.206 V (code=36721)
"
382,18,5,1.2064240000894197,1.075870523888321,-0.1305534762010987,1784276969.0275252,1784276970.460702,1784276969.7441134,1.43730778,"[dac] CH_A set to +1.076 V (code=36293)
"
383,18,6,1.075870523888321,0.9453170476872224,-0.1305534762010987,1784276970.4609761,1784276971.89434,1784276971.177658,1.40111115,"[dac] CH_A set to +0.945 V (code=35865)
"
384,18,7,0.9453170476872224,0.8147635714861237,-0.1305534762010987,1784276971.894538,1784276973.332466,1784276972.613502,1.41853915,"[dac] CH_A set to +0.815 V (code=35437)
"
385,18,8,0.8147635714861237,0.684210095285025,-0.1305534762010987,1784276973.332685,1784276974.765325,1784276974.049005,1.38234253,"[dac] CH_A set to +0.684 V (code=35009)
"
386,18,9,0.684210095285025,0.5536566190839263,-0.1305534762010987,1784276974.765548,1784276976.194907,1784276975.4802275,1.34346467,"[dac] CH_A set to +0.554 V (code=34582)
"
387,18,10,0.5536566190839263,0.4231031428828276,-0.1305534762010987,1784276976.1951091,1784276977.6221251,1784276976.908617,1.29386188,"[dac] CH_A set to +0.423 V (code=34154)
"
388,18,11,0.4231031428828276,0.2925496666817291,-0.13055347620109847,1784276977.6223931,1784276979.0710468,1784276978.34672,1.29118065,"[dac] CH_A set to +0.292 V (code=33726)
"
389,18,12,0.2925496666817291,0.1619961904806304,-0.1305534762010987,1784276979.071334,1784276980.510717,1784276979.7910254,1.26839018,"[dac] CH_A set to +0.162 V (code=33298)
"
390,18,13,0.1619961904806304,0.031442714279531714,-0.1305534762010987,1784276980.51092,1784276981.959425,1784276981.2351725,1.19063446,"[dac] CH_A set to +0.031 V (code=32870)
"
391,18,14,0.031442714279531714,-0.0991107619215672,-0.13055347620109892,1784276981.9596648,1784276983.394964,1784276982.6773143,1.1691846,"[dac] CH_A set to -0.099 V (code=32443)
"
392,19,0,-0.22966423812266612,-0.2949409762232156,-0.06527673810054946,1784276993.664879,1784276995.112244,1784276994.3885615,1.04986979,"[dac] CH_A set to -0.295 V (code=31801)
"
393,19,1,-0.2949409762232156,-0.36021771432376504,-0.06527673810054946,1784276995.1124759,1784276996.55954,1784276995.836008,1.04048548,"[dac] CH_A set to -0.360 V (code=31587)
"
394,20,0,-0.22966423812266612,-0.35454147622806487,-0.12487723810539875,1784277006.7727702,1784277008.1935282,1784277007.483149,1.05791349,"[dac] CH_A set to -0.354 V (code=31606)
"
395,20,1,-0.35454147622806487,-0.47941871433346367,-0.1248772381053988,1784277008.193727,1784277009.624696,1784277008.9092116,0.985520232,"[dac] CH_A set to -0.479 V (code=31197)
"
396,20,2,-0.47941871433346367,-0.6042959524388625,-0.1248772381053988,1784277009.624963,1784277011.076501,1784277010.3507318,0.926533134,"[dac] CH_A set to -0.604 V (code=30787)
"
397,20,3,-0.6042959524388625,-0.7291731905442612,-0.12487723810539875,1784277011.076755,1784277012.513142,1784277011.7949486,0.894358353,"[dac] CH_A set to -0.729 V (code=30378)
"
398,20,4,-0.7291731905442612,-0.85405042864966,-0.12487723810539875,1784277012.513366,1784277013.949724,1784277013.231545,0.848777414,"[dac] CH_A set to -0.854 V (code=29969)
"
399,20,5,-0.85405042864966,-0.9789276667550588,-0.12487723810539886,1784277013.9499378,1784277015.383483,1784277014.6667104,0.801855859,"[dac] CH_A set to -0.979 V (code=29560)
"
400,20,6,-0.9789276667550588,-1.1038049048604575,-0.12487723810539864,1784277015.3837,1784277016.826519,1784277016.1051095,0.726781371,"[dac] CH_A set to -1.104 V (code=29151)
"
401,20,7,-1.1038049048604575,-1.2286821429658563,-0.12487723810539886,1784277016.8267992,1784277018.2588,1784277017.5427995,0.661091194,"[dac] CH_A set to -1.229 V (code=28741)
"
402,20,8,-1.2286821429658563,-1.3535593810712552,-0.12487723810539886,1784277018.2590048,1784277019.6937642,1784277018.9763846,0.62355395,"[dac] CH_A set to -1.354 V (code=28332)
"
403,20,9,-1.3535593810712552,-1.4784366191766538,-0.12487723810539864,1784277019.693985,1784277021.1257012,1784277020.409843,0.590038554,"[dac] CH_A set to -1.478 V (code=27923)
"
404,20,10,-1.4784366191766538,-1.6033138572820527,-0.12487723810539886,1784277021.12592,1784277022.5674949,1784277021.8467073,0.531051456,"[dac] CH_A set to -1.603 V (code=27514)
"
405,20,11,-1.6033138572820527,-1.7281910953874515,-0.12487723810539886,1784277022.56771,1784277023.991214,1784277023.2794619,0.44257081,"[dac] CH_A set to -1.728 V (code=27105)
"
406,20,12,-1.7281910953874515,-1.8530683334928502,-0.12487723810539864,1784277023.991422,1784277025.432064,1784277024.7117429,0.43586773,"[dac] CH_A set to -1.853 V (code=26695)
"
407,20,13,-1.8530683334928502,-1.977945571598249,-0.12487723810539886,1784277025.4322639,1784277026.859384,1784277026.145824,0.370177553,"[dac] CH_A set to -1.978 V (code=26286)
"
408,20,14,-1.977945571598249,-2.102822809703648,-0.12487723810539886,1784277026.859723,1784277028.308209,1784277027.583966,0.301806145,"[dac] CH_A set to -2.103 V (code=25877)
"
409,20,15,-2.102822809703648,-2.2277000478090465,-0.12487723810539864,1784277028.3084311,1784277029.733131,1784277029.020781,0.25488459,"[dac] CH_A set to -2.228 V (code=25468)
"
410,20,16,-2.2277000478090465,-2.352577285914445,-0.12487723810539864,1784277029.733349,1784277031.1737359,1784277030.4535425,0.242819047,"[dac] CH_A set to -2.353 V (code=25059)
"
411,20,17,-2.352577285914445,-2.4774545240198442,-0.12487723810539908,1784277031.173892,1784277032.615681,1784277031.8947864,0.205281803,"[dac] CH_A set to -2.477 V (code=24649)
"
412,20,18,-2.4774545240198442,-2.602331762125243,-0.12487723810539864,1784277032.615907,1784277034.051392,1784277033.3336496,0.17712887,"[dac] CH_A set to -2.602 V (code=24240)
"
413,20,19,-2.602331762125243,-2.7272090002306415,-0.12487723810539864,1784277034.0516071,1784277035.49173,1784277034.7716684,0.115460541,"[dac] CH_A set to -2.727 V (code=23831)
"
414,20,20,-2.7272090002306415,-2.8520862383360406,-0.12487723810539908,1784277035.491928,1784277036.939904,1784277036.2159162,0.0913294552,"[dac] CH_A set to -2.852 V (code=23422)
"
415,20,21,-2.8520862383360406,-2.976963476441439,-0.12487723810539864,1784277036.940149,1784277038.376508,1784277037.6583285,0.0765826808,"[dac] CH_A set to -2.977 V (code=23013)
"
416,20,22,-2.976963476441439,-3.101840714546838,-0.12487723810539864,1784277038.3767118,1784277039.818063,1784277039.0973873,0.0310017417,"[dac] CH_A set to -3.102 V (code=22604)
"
417,21,0,-2.971287238345739,-2.9060105002451895,0.06527673810054946,1784277050.064824,1784277051.504726,1784277050.784775,0.10607623,"[dac] CH_A set to -2.906 V (code=23245)
"
418,21,1,-2.9060105002451895,-2.84073376214464,0.06527673810054946,1784277051.504951,1784277052.943349,1784277052.22415,0.0953513028,"[dac] CH_A set to -2.841 V (code=23459)
"
419,22,0,-2.971287238345739,-2.84073376214464,0.13055347620109892,1784277063.182237,1784277064.612281,1784277063.897259,0.0765826808,"[dac] CH_A set to -2.841 V (code=23459)
"
420,22,1,-2.84073376214464,-2.7101802859435415,0.13055347620109847,1784277064.61258,1784277066.0435,1784277065.3280401,0.124844852,"[dac] CH_A set to -2.710 V (code=23887)
"
421,22,2,-2.7101802859435415,-2.579626809742443,0.13055347620109847,1784277066.0437162,1784277067.477103,1784277066.7604096,0.158360248,"[dac] CH_A set to -2.580 V (code=24315)
"
422,22,3,-2.579626809742443,-2.449073333541344,0.13055347620109892,1784277067.477403,1784277068.9286442,1784277068.2030234,0.206622419,"[dac] CH_A set to -2.449 V (code=24742)
"
423,22,4,-2.449073333541344,-2.3185198573402452,0.13055347620109892,1784277068.9288561,1784277070.3644102,1784277069.6466331,0.209303651,"[dac] CH_A set to -2.319 V (code=25170)
"
424,22,5,-2.3185198573402452,-2.1879663811391468,0.13055347620109847,1784277070.364609,1784277071.79214,1784277071.0783744,0.261587669,"[dac] CH_A set to -2.188 V (code=25598)
"
425,22,6,-2.1879663811391468,-2.0574129049380483,0.13055347620109847,1784277071.792366,1784277073.235206,1784277072.5137858,0.316552919,"[dac] CH_A set to -2.057 V (code=26026)
"
426,22,7,-2.0574129049380483,-1.9268594287369494,0.13055347620109892,1784277073.235438,1784277074.675447,1784277073.9554424,0.356771395,"[dac] CH_A set to -1.927 V (code=26454)
"
427,22,8,-1.9268594287369494,-1.7963059525358507,0.1305534762010987,1784277074.675668,1784277076.1154618,1784277075.395565,0.394308639,"[dac] CH_A set to -1.796 V (code=26881)
"
428,22,9,-1.7963059525358507,-1.665752476334752,0.1305534762010987,1784277076.115699,1784277077.550378,1784277076.8330386,0.422461572,"[dac] CH_A set to -1.666 V (code=27309)
"
429,22,10,-1.665752476334752,-1.5351990001336533,0.1305534762010987,1784277077.550596,1784277078.985226,1784277078.267911,0.478767438,"[dac] CH_A set to -1.535 V (code=27737)
"
430,22,11,-1.5351990001336533,-1.4046455239325546,0.1305534762010987,1784277078.985567,1784277080.411558,1784277079.6985626,0.547138846,"[dac] CH_A set to -1.405 V (code=28165)
"
431,22,12,-1.4046455239325546,-1.274092047731456,0.1305534762010987,1784277080.4117792,1784277081.8367949,1784277081.1242871,0.620872719,"[dac] CH_A set to -1.274 V (code=28593)
"
432,22,13,-1.274092047731456,-1.1435385715303572,0.1305534762010987,1784277081.837024,1784277083.2768419,1784277082.556933,0.647685036,"[dac] CH_A set to -1.143 V (code=29021)
"
433,22,14,-1.1435385715303572,-1.0129850953292585,0.1305534762010987,1784277083.277052,1784277084.7102349,1784277083.9936433,0.730803219,"[dac] CH_A set to -1.013 V (code=29448)
"
434,22,15,-1.0129850953292585,-0.8824316191281598,0.1305534762010987,1784277084.710455,1784277086.1602402,1784277085.4353476,0.785768469,"[dac] CH_A set to -0.882 V (code=29876)
"
435,22,16,-0.8824316191281598,-0.7518781429270609,0.13055347620109892,1784277086.160448,1784277087.59528,1784277086.877864,0.807218323,"[dac] CH_A set to -0.752 V (code=30304)
"
436,22,17,-0.7518781429270609,-0.6213246667259624,0.13055347620109847,1784277087.5955288,1784277089.033526,1784277088.3145275,0.890336506,"[dac] CH_A set to -0.621 V (code=30732)
"
437,22,18,-0.6213246667259624,-0.49077119052486395,0.13055347620109847,1784277089.0337431,1784277090.468881,1784277089.751312,0.954686067,"[dac] CH_A set to -0.491 V (code=31159)
"
438,22,19,-0.49077119052486395,-0.36021771432376504,0.13055347620109892,1784277090.469101,1784277091.904885,1784277091.1869931,0.985520232,"[dac] CH_A set to -0.360 V (code=31587)
"
439,22,20,-0.36021771432376504,-0.22966423812266612,0.13055347620109892,1784277091.905143,1784277093.340333,1784277092.622738,1.06863841,"[dac] CH_A set to -0.230 V (code=32015)
"
440,22,21,-0.22966423812266612,-0.09911076192156765,0.13055347620109847,1784277093.340574,1784277094.7843242,1784277094.062449,1.11019751,"[dac] CH_A set to -0.099 V (code=32443)
"
441,22,22,-0.09911076192156765,0.031442714279530826,0.13055347620109847,1784277094.784537,1784277096.228841,1784277095.506689,1.1517566,"[dac] CH_A set to +0.031 V (code=32870)
"
442,22,23,0.031442714279530826,0.16199619048062974,0.13055347620109892,1784277096.229099,1784277097.660448,1784277096.9447737,1.22549047,"[dac] CH_A set to +0.162 V (code=33298)
"
443,22,24,0.16199619048062974,0.29254966668172866,0.13055347620109892,1784277097.660665,1784277099.102273,1784277098.381469,1.22414985,"[dac] CH_A set to +0.292 V (code=33726)
"
444,22,25,0.29254966668172866,0.42310314288282713,0.13055347620109847,1784277099.102489,1784277100.549113,1784277099.825801,1.28984003,"[dac] CH_A set to +0.423 V (code=34154)
"
445,22,26,0.42310314288282713,0.5536566190839256,0.13055347620109847,1784277100.5493581,1784277101.9965608,1784277101.2729595,1.32335543,"[dac] CH_A set to +0.554 V (code=34582)
"
446,22,27,0.5536566190839256,0.6842100952850245,0.13055347620109892,1784277101.9967968,1784277103.438257,1784277102.717527,1.37832068,"[dac] CH_A set to +0.684 V (code=35009)
"
447,22,28,0.6842100952850245,0.8147635714861234,0.13055347620109892,1784277103.438488,1784277104.892266,1784277104.1653771,1.38770499,"[dac] CH_A set to +0.815 V (code=35437)
"
448,22,29,0.8147635714861234,0.9453170476872219,0.13055347620109847,1784277104.892469,1784277106.335755,1784277105.614112,1.41451731,"[dac] CH_A set to +0.945 V (code=35865)
"
449,22,30,0.9453170476872219,1.0758705238883204,0.13055347620109847,1784277106.3360288,1784277107.785262,1784277107.0606456,1.44669209,"[dac] CH_A set to +1.076 V (code=36293)
"
450,22,31,1.0758705238883204,1.2064240000894193,0.13055347620109892,1784277107.7854562,1784277109.224555,1784277108.5050056,1.44401085,"[dac] CH_A set to +1.206 V (code=36721)
"
451,22,32,1.2064240000894193,1.3369774762905182,0.13055347620109892,1784277109.2247941,1784277110.6559339,1784277109.940364,1.45473578,"[dac] CH_A set to +1.337 V (code=37149)
"
452,22,33,1.3369774762905182,1.4675309524916171,0.13055347620109892,1784277110.656119,1784277112.085215,1784277111.370667,1.48020748,"[dac] CH_A set to +1.467 V (code=37576)
"
453,22,34,1.4675309524916171,1.5980844286927152,0.13055347620109803,1784277112.085427,1784277113.527561,1784277112.806494,1.50299795,"[dac] CH_A set to +1.598 V (code=38004)
"
454,22,35,1.5980844286927152,1.728637904893814,0.13055347620109892,1784277113.527771,1784277114.954066,1784277114.2409186,1.47618564,"[dac] CH_A set to +1.729 V (code=38432)
"
455,22,36,1.728637904893814,1.859191381094913,0.13055347620109892,1784277114.9542809,1784277116.389554,1784277115.6719174,1.47484502,"[dac] CH_A set to +1.859 V (code=38860)
"
456,22,37,1.859191381094913,1.989744857296011,0.13055347620109803,1784277116.389775,1784277117.82209,1784277117.1059325,1.46412009,"[dac] CH_A set to +1.990 V (code=39287)
"
457,22,38,1.989744857296011,2.12029833349711,0.13055347620109892,1784277117.822311,1784277119.258952,1784277118.5406313,1.45473578,"[dac] CH_A set to +2.120 V (code=39715)
"
458,22,39,2.12029833349711,2.250851809698209,0.13055347620109892,1784277119.259177,1784277120.6961138,1784277119.9776454,1.43462654,"[dac] CH_A set to +2.251 V (code=40143)
"
459,22,40,2.250851809698209,2.3814052858993078,0.13055347620109892,1784277120.696311,1784277122.1286778,1784277121.4124944,1.41317669,"[dac] CH_A set to +2.381 V (code=40571)
"
460,22,41,2.3814052858993078,2.5119587621004067,0.13055347620109892,1784277122.128903,1784277123.5790741,1784277122.8539886,1.43194531,"[dac] CH_A set to +2.512 V (code=40999)
"
461,22,42,2.5119587621004067,2.6425122383015047,0.13055347620109803,1784277123.579308,1784277125.0088902,1784277124.294099,1.36089267,"[dac] CH_A set to +2.642 V (code=41426)
"
462,22,43,2.6425122383015047,2.7730657145026036,0.13055347620109892,1784277125.0111098,1784277126.4588952,1784277125.7350025,1.3381022,"[dac] CH_A set to +2.773 V (code=41854)
"
463,22,44,2.7730657145026036,2.9036191907037026,0.13055347620109892,1784277126.459093,1784277127.9021351,1784277127.180614,1.30190557,"[dac] CH_A set to +2.904 V (code=42282)
"
464,22,45,2.9036191907037026,3.0341726669048006,0.13055347620109803,1784277127.9024398,1784277129.352146,1784277128.6272929,1.24962156,"[dac] CH_A set to +3.034 V (code=42710)
"
465,22,46,3.0341726669048006,3.1647261431058995,0.13055347620109892,1784277129.3524501,1784277130.793586,1784277130.073018,1.23085293,"[dac] CH_A set to +3.165 V (code=43137)
"
466,22,47,3.1647261431058995,3.2952796193069984,0.13055347620109892,1784277130.793809,1784277132.235161,1784277131.514485,1.15845968,"[dac] CH_A set to +3.295 V (code=43565)
"
467,22,48,3.2952796193069984,3.4258330955080973,0.13055347620109892,1784277132.23537,1784277133.685405,1784277132.9603875,1.14907537,"[dac] CH_A set to +3.426 V (code=43993)
"
468,22,49,3.4258330955080973,3.5563865717091963,0.13055347620109892,1784277133.685597,1784277135.125397,1784277134.405497,1.0672978,"[dac] CH_A set to +3.556 V (code=44421)
"
469,22,50,3.5563865717091963,3.6869400479102943,0.13055347620109803,1784277135.1256268,1784277136.55557,1784277135.8405983,0.997585774,"[dac] CH_A set to +3.687 V (code=44849)
"
470,22,51,3.6869400479102943,3.817493524111393,0.13055347620109892,1784277136.555775,1784277137.9988532,1784277137.2773142,0.956026683,"[dac] CH_A set to +3.818 V (code=45276)
"
471,22,52,3.817493524111393,3.948047000312492,0.13055347620109892,1784277137.999111,1784277139.4423199,1784277138.7207155,0.893017737,"[dac] CH_A set to +3.948 V (code=45704)
"
472,22,53,3.948047000312492,4.07860047651359,0.13055347620109803,1784277139.4425468,1784277140.8705559,1784277140.1565514,0.862183573,"[dac] CH_A set to +4.079 V (code=46132)
"
473,22,54,4.07860047651359,4.209153952714689,0.13055347620109892,1784277140.8707561,1784277142.302766,1784277141.586761,0.758956152,"[dac] CH_A set to +4.209 V (code=46560)
"
474,22,55,4.209153952714689,4.339707428915788,0.13055347620109892,1784277142.302971,1784277143.74224,1784277143.0226054,0.72410014,"[dac] CH_A set to +4.340 V (code=46988)
"
475,22,56,4.339707428915788,4.470260905116887,0.13055347620109892,1784277143.742456,1784277145.189784,1784277144.46612,0.655728731,"[dac] CH_A set to +4.470 V (code=47416)
"
476,22,57,4.470260905116887,4.600814381317986,0.13055347620109892,1784277145.189971,1784277146.6263611,1784277145.908166,0.60746656,"[dac] CH_A set to +4.601 V (code=47843)
"
477,22,58,4.600814381317986,4.731367857519084,0.13055347620109803,1784277146.626576,1784277148.067345,1784277147.3469605,0.544457615,"[dac] CH_A set to +4.731 V (code=48271)
"
478,23,0,4.600814381317985,4.5355376432174355,-0.06527673810054946,1784277158.3172412,1784277159.767285,1784277159.042263,0.636960109,"[dac] CH_A set to +4.536 V (code=47629)
"
479,23,1,4.5355376432174355,4.470260905116886,-0.06527673810054946,1784277159.767464,1784277161.201965,1784277160.4847145,0.632938261,"[dac] CH_A set to +4.470 V (code=47416)
"
480,24,0,4.600814381317985,4.470260905116886,-0.13055347620109892,1784277171.765409,1784277173.2090611,1784277172.487235,0.635619493,"[dac] CH_A set to +4.470 V (code=47416)
"
481,24,1,4.470260905116886,4.339707428915788,-0.13055347620109803,1784277173.209253,1784277174.644728,1784277173.9269905,0.687903511,"[dac] CH_A set to +4.340 V (code=46988)
"
482,24,2,4.339707428915788,4.209153952714689,-0.13055347620109892,1784277174.64492,1784277176.086986,1784277175.365953,0.745549993,"[dac] CH_A set to +4.209 V (code=46560)
"
483,24,3,4.209153952714689,4.07860047651359,-0.13055347620109892,1784277176.087191,1784277177.5205739,1784277176.8038826,0.805877707,"[dac] CH_A set to +4.079 V (code=46132)
[gen] bias: (none)
[gen] pilots: 0
[acq] freqs: 2
  f=1000.0Hz
  f=2000.0Hz
"
484,24,4,4.07860047651359,3.9480470003124917,-0.13055347620109847,1784277177.5208058,1784277178.9734411,1784277178.2471235,0.831349408,"[dac] CH_A set to +3.948 V (code=45704)
"
485,24,5,3.9480470003124917,3.817493524111393,-0.13055347620109847,1784277178.97365,1784277180.4054341,1784277179.689542,0.906423896,"[dac] CH_A set to +3.818 V (code=45276)
"
486,24,6,3.817493524111393,3.6869400479102943,-0.13055347620109892,1784277180.405656,1784277181.845323,1784277181.1254897,0.952004835,"[dac] CH_A set to +3.687 V (code=44849)
"
487,24,7,3.6869400479102943,3.5563865717091954,-0.13055347620109892,1784277181.845547,1784277183.2777312,1784277182.561639,1.0083107,"[dac] CH_A set to +3.556 V (code=44421)
"
488,24,8,3.5563865717091954,3.425833095508097,-0.13055347620109847,1784277183.277997,1784277184.7115872,1784277183.994792,1.0592541,"[dac] CH_A set to +3.426 V (code=43993)
"
489,24,9,3.425833095508097,3.2952796193069984,-0.13055347620109847,1784277184.711841,1784277186.155956,1784277185.4338984,1.11421935,"[dac] CH_A set to +3.295 V (code=43565)
"
490,24,10,3.2952796193069984,3.1647261431058995,-0.13055347620109892,1784277186.156172,1784277187.598428,1784277186.8773,1.12226305,"[dac] CH_A set to +3.165 V (code=43137)
"
491,24,11,3.1647261431058995,3.034172666904801,-0.13055347620109847,1784277187.5986109,1784277189.035871,1784277188.317241,1.22414985,"[dac] CH_A set to +3.034 V (code=42710)
"
492,24,12,3.034172666904801,2.9036191907037026,-0.13055347620109847,1784277189.0360901,1784277190.459866,1784277189.7479782,1.2616871,"[dac] CH_A set to +2.904 V (code=42282)
"
493,24,13,2.9036191907037026,2.7730657145026036,-0.13055347620109892,1784277190.460055,1784277191.8944461,1784277191.1772506,1.28984003,"[dac] CH_A set to +2.773 V (code=41854)
"
494,25,0,2.9036191907037026,2.968895928804252,0.06527673810054946,1784277202.125213,1784277203.567728,1784277202.8464704,1.24023724,"[dac] CH_A set to +2.969 V (code=42496)
"
495,25,1,2.968895928804252,3.0341726669048015,0.06527673810054946,1784277203.5679219,1784277205.008838,1784277204.28838,1.22414985,"[dac] CH_A set to +3.034 V (code=42710)
"
496,26,0,2.9036191907037026,2.7730657145026036,-0.13055347620109892,1784277215.281636,1784277216.709734,1784277215.995685,1.29118065,"[dac] CH_A set to +2.773 V (code=41854)
"
497,26,1,2.7730657145026036,2.642512238301505,-0.13055347620109847,1784277216.709944,1784277218.163189,1784277217.4365664,1.33944282,"[dac] CH_A set to +2.642 V (code=41426)
"
498,26,2,2.642512238301505,2.5119587621004067,-0.13055347620109847,1784277218.163382,1784277219.612724,1784277218.888053,1.39172684,"[dac] CH_A set to +2.512 V (code=40999)
"
499,26,3,2.5119587621004067,2.3814052858993078,-0.13055347620109892,1784277219.61294,1784277221.05231,1784277220.332625,1.42658285,"[dac] CH_A set to +2.381 V (code=40571)
"
500,26,4,2.3814052858993078,2.250851809698209,-0.13055347620109892,1784277221.0525172,1784277222.486287,1784277221.769402,1.42524223,"[dac] CH_A set to +2.251 V (code=40143)
"
501,26,5,2.250851809698209,2.1202983334971104,-0.13055347620109847,1784277222.486518,1784277223.923051,1784277223.2047844,1.41853915,"[dac] CH_A set to +2.120 V (code=39715)
"
502,26,6,2.1202983334971104,1.9897448572960117,-0.1305534762010987,1784277223.923288,1784277225.359563,1784277224.6414256,1.45473578,"[dac] CH_A set to +1.990 V (code=39287)
"
503,26,7,1.9897448572960117,1.859191381094913,-0.1305534762010987,1784277225.359776,1784277226.8012009,1784277226.0804884,1.47886687,"[dac] CH_A set to +1.859 V (code=38860)
"
504,26,8,1.859191381094913,1.7286379048938143,-0.1305534762010987,1784277226.8014069,1784277228.238629,1784277227.520018,1.48691056,"[dac] CH_A set to +1.729 V (code=38432)
"
505,26,9,1.7286379048938143,1.5980844286927156,-0.1305534762010987,1784277228.238861,1784277229.675822,1784277228.9573417,1.47484502,"[dac] CH_A set to +1.598 V (code=38004)
"
506,26,10,1.5980844286927156,1.467530952491617,-0.1305534762010987,1784277229.676018,1784277231.101013,1784277230.3885155,1.5070198,"[dac] CH_A set to +1.467 V (code=37576)
"
507,26,11,1.467530952491617,1.3369774762905182,-0.1305534762010987,1784277231.101253,1784277232.5429819,1784277231.8221173,1.49361364,"[dac] CH_A set to +1.337 V (code=37149)
"
508,26,12,1.3369774762905182,1.2064240000894195,-0.1305534762010987,1784277232.5431838,1784277233.983132,1784277233.2631578,1.46009824,"[dac] CH_A set to +1.206 V (code=36721)
"
509,26,13,1.2064240000894195,1.0758705238883208,-0.1305534762010987,1784277233.983327,1784277235.4333591,1784277234.708343,1.47886687,"[dac] CH_A set to +1.076 V (code=36293)
"
510,26,14,1.0758705238883208,0.9453170476872221,-0.1305534762010987,1784277235.433603,1784277236.8681831,1784277236.1508932,1.46680132,"[dac] CH_A set to +0.945 V (code=35865)
"
511,26,15,0.9453170476872221,0.8147635714861234,-0.1305534762010987,1784277236.8683882,1784277238.3180742,1784277237.5932312,1.44267024,"[dac] CH_A set to +0.815 V (code=35437)
"
512,26,16,0.8147635714861234,0.6842100952850245,-0.13055347620109892,1784277238.318353,1784277239.752981,1784277239.035667,1.39440807,"[dac] CH_A set to +0.684 V (code=35009)
"
513,26,17,0.6842100952850245,0.553656619083926,-0.13055347620109847,1784277239.753205,1784277241.189811,1784277240.471508,1.35687082,"[dac] CH_A set to +0.554 V (code=34582)
"
514,26,18,0.553656619083926,0.4231031428828276,-0.13055347620109847,1784277241.1900659,1784277242.6267679,1784277241.9084167,1.35687082,"[dac] CH_A set to +0.423 V (code=34154)
"
515,26,19,0.4231031428828276,0.29254966668172866,-0.13055347620109892,1784277242.626961,1784277244.07987,1784277243.3534155,1.30324619,"[dac] CH_A set to +0.292 V (code=33726)
"
516,26,20,0.29254966668172866,0.16199619048062974,-0.13055347620109892,1784277244.080081,1784277245.515208,1784277244.7976446,1.27643387,"[dac] CH_A set to +0.162 V (code=33298)
"
517,26,21,0.16199619048062974,0.03144271427953127,-0.13055347620109847,1784277245.515452,1784277246.958175,1784277246.2368135,1.21342493,"[dac] CH_A set to +0.031 V (code=32870)
"
518,26,22,0.03144271427953127,-0.0991107619215672,-0.13055347620109847,1784277246.958403,1784277248.39401,1784277247.6762066,1.18125015,"[dac] CH_A set to -0.099 V (code=32443)
"
519,26,23,-0.0991107619215672,-0.22966423812266612,-0.13055347620109892,1784277248.3942258,1784277249.820199,1784277249.1072125,1.13566921,"[dac] CH_A set to -0.230 V (code=32015)
"
520,26,24,-0.22966423812266612,-0.36021771432376504,-0.13055347620109892,1784277249.8204181,1784277251.259742,1784277250.54008,1.07400088,"[dac] CH_A set to -0.360 V (code=31587)
"
521,26,25,-0.36021771432376504,-0.4907711905248635,-0.13055347620109847,1784277251.259954,1784277252.691742,1784277251.975848,1.02707932,"[dac] CH_A set to -0.491 V (code=31159)
"
522,26,26,-0.4907711905248635,-0.621324666725962,-0.13055347620109847,1784277252.6919382,1784277254.124754,1784277253.4083462,0.941279908,"[dac] CH_A set to -0.621 V (code=30732)
"
523,26,27,-0.621324666725962,-0.7518781429270609,-0.13055347620109892,1784277254.125068,1784277255.559792,1784277254.84243,0.911786359,"[dac] CH_A set to -0.752 V (code=30304)
"
524,26,28,-0.7518781429270609,-0.8824316191281598,-0.13055347620109892,1784277255.559975,1784277257.0031948,1784277256.2815847,0.852799262,"[dac] CH_A set to -0.882 V (code=29876)
"
525,26,29,-0.8824316191281598,-1.0129850953292583,-0.13055347620109847,1784277257.003436,1784277258.440062,1784277257.721749,0.808558939,"[dac] CH_A set to -1.013 V (code=29448)
"
526,26,30,-1.0129850953292583,-1.1435385715303568,-0.13055347620109847,1784277258.4403222,1784277259.874971,1784277259.1576467,0.744209377,"[dac] CH_A set to -1.143 V (code=29021)
"
527,27,0,-1.2740920477314557,-1.3393687858320051,-0.06527673810054946,1784277270.147467,1784277271.5952032,1784277270.871335,0.6785192,"[dac] CH_A set to -1.339 V (code=28379)
"
528,27,1,-1.3393687858320051,-1.4046455239325546,-0.06527673810054946,1784277271.5954251,1784277273.044209,1784277272.319817,0.60746656,"[dac] CH_A set to -1.405 V (code=28165)
"
529,28,0,-1.2740920477314557,-1.2740920477314557,0.0,1784277283.3181398,1784277284.76411,1784277284.0411248,0.675837969,"[dac] CH_A set to -1.274 V (code=28593)
"
530,29,0,-1.1435385715303568,-1.0782618334298073,0.06527673810054946,1784277295.003812,1784277296.4348328,1784277295.7193224,0.74018753,"[dac] CH_A set to -1.078 V (code=29234)
"
531,29,1,-1.0782618334298073,-1.0129850953292578,0.06527673810054946,1784277296.4350688,1784277297.8643079,1784277297.1496882,0.733484451,"[dac] CH_A set to -1.013 V (code=29448)
"
532,30,0,-1.1435385715303568,-1.012985095329258,0.1305534762010987,1784277308.154499,1784277309.585397,1784277308.869948,0.789790317,"[dac] CH_A set to -1.013 V (code=29448)
"
533,30,1,-1.012985095329258,-0.8824316191281594,0.1305534762010987,1784277309.5856,1784277311.025075,1784277310.3053374,0.819283865,"[dac] CH_A set to -0.882 V (code=29876)
"
534,30,2,-0.8824316191281594,-0.7518781429270607,0.1305534762010987,1784277311.025291,1784277312.450068,1784277311.7376795,0.894358353,"[dac] CH_A set to -0.752 V (code=30304)
"
535,30,3,-0.7518781429270607,-0.621324666725962,0.1305534762010987,1784277312.45025,1784277313.884712,1784277313.167481,0.947982988,"[dac] CH_A set to -0.621 V (code=30732)
"
536,30,4,-0.621324666725962,-0.4907711905248633,0.1305534762010987,1784277313.884932,1784277315.3348138,1784277314.6098728,1.00160762,"[dac] CH_A set to -0.491 V (code=31159)
"
537,30,5,-0.4907711905248633,-0.3602177143237646,0.1305534762010987,1784277315.3349912,1784277316.775161,1784277316.0550761,1.04048548,"[dac] CH_A set to -0.360 V (code=31587)
"
538,30,6,-0.3602177143237646,-0.2296642381226659,0.1305534762010987,1784277316.7753432,1784277318.2181828,1784277317.496763,1.11555997,"[dac] CH_A set to -0.230 V (code=32015)
"
539,30,7,-0.2296642381226659,-0.0991107619215672,0.1305534762010987,1784277318.21838,1784277319.6434329,1784277318.9309063,1.12360366,"[dac] CH_A set to -0.099 V (code=32443)
"
540,30,8,-0.0991107619215672,0.03144271427953149,0.1305534762010987,1784277319.64366,1784277321.083164,1784277320.363412,1.19197507,"[dac] CH_A set to +0.031 V (code=32870)
"
541,30,9,0.03144271427953149,0.1619961904806302,0.1305534762010987,1784277321.083372,1784277322.5141041,1784277321.798738,1.2536434,"[dac] CH_A set to +0.162 V (code=33298)
"
542,30,10,0.1619961904806302,0.2925496666817289,0.1305534762010987,1784277322.514318,1784277323.9636328,1784277323.2389755,1.3126305,"[dac] CH_A set to +0.292 V (code=33726)
"
543,30,11,0.2925496666817289,0.4231031428828276,0.1305534762010987,1784277323.9638112,1784277325.4024708,1784277324.683141,1.3206742,"[dac] CH_A set to +0.423 V (code=34154)
"
544,30,12,0.4231031428828276,0.5536566190839263,0.1305534762010987,1784277325.402687,1784277326.8498392,1784277326.1262631,1.32469604,"[dac] CH_A set to +0.554 V (code=34582)
"
545,30,13,0.5536566190839263,0.684210095285025,0.1305534762010987,1784277326.850039,1784277328.28482,1784277327.5674295,1.38636437,"[dac] CH_A set to +0.684 V (code=35009)
"
546,30,14,0.684210095285025,0.8147635714861237,0.1305534762010987,1784277328.285023,1784277329.723349,1784277329.0041862,1.41585792,"[dac] CH_A set to +0.815 V (code=35437)
"
547,30,15,0.8147635714861237,0.9453170476872224,0.1305534762010987,1784277329.7236009,1784277331.174827,1784277330.449214,1.42122038,"[dac] CH_A set to +0.945 V (code=35865)
"
548,30,16,0.9453170476872224,1.0758705238883213,0.13055347620109892,1784277331.17505,1784277332.593508,1784277331.884279,1.44132962,"[dac] CH_A set to +1.076 V (code=36293)
"
549,30,17,1.0758705238883213,1.2064240000894197,0.13055347620109847,1784277332.593764,1784277334.021158,1784277333.307461,1.45339517,"[dac] CH_A set to +1.206 V (code=36721)
"
550,30,18,1.2064240000894197,1.3369774762905182,0.13055347620109847,1784277334.0213718,1784277335.463561,1784277334.7424664,1.44401085,"[dac] CH_A set to +1.337 V (code=37149)
"
551,30,19,1.3369774762905182,1.4675309524916171,0.13055347620109892,1784277335.4637709,1784277336.901511,1784277336.182641,1.45339517,"[dac] CH_A set to +1.467 V (code=37576)
"
552,30,20,1.4675309524916171,1.598084428692716,0.13055347620109892,1784277336.901723,1784277338.3465269,1784277337.624125,1.51640411,"[dac] CH_A set to +1.598 V (code=38004)
"
553,30,21,1.598084428692716,1.7286379048938145,0.13055347620109847,1784277338.346741,1784277339.776396,1784277339.0615685,1.47484502,"[dac] CH_A set to +1.729 V (code=38432)
"
554,30,22,1.7286379048938145,1.859191381094913,0.13055347620109847,1784277339.776591,1784277341.220573,1784277340.498582,1.48422933,"[dac] CH_A set to +1.859 V (code=38860)
"
555,30,23,1.859191381094913,1.989744857296012,0.13055347620109892,1784277341.2207842,1784277342.65643,1784277341.9386072,1.46277948,"[dac] CH_A set to +1.990 V (code=39287)
"
556,30,24,1.989744857296012,2.120298333497111,0.13055347620109892,1784277342.656662,1784277344.091533,1784277343.3740973,1.45205455,"[dac] CH_A set to +2.120 V (code=39715)
"
557,30,25,2.120298333497111,2.2508518096982093,0.13055347620109847,1784277344.091743,1784277345.534753,1784277344.8132482,1.43194531,"[dac] CH_A set to +2.251 V (code=40143)
"
558,30,26,2.2508518096982093,2.3814052858993078,0.13055347620109847,1784277345.534976,1784277346.962143,1784277346.2485595,1.43998901,"[dac] CH_A set to +2.381 V (code=40571)
"
559,30,27,2.3814052858993078,2.5119587621004067,0.13055347620109892,1784277346.9623501,1784277348.400258,1784277347.681304,1.3970893,"[dac] CH_A set to +2.512 V (code=40999)
"
560,30,28,2.5119587621004067,2.6425122383015056,0.13055347620109892,1784277348.400474,1784277349.821223,1784277349.1108484,1.3461459,"[dac] CH_A set to +2.642 V (code=41426)
"
561,30,29,2.6425122383015056,2.773065714502604,0.13055347620109847,1784277349.82144,1784277351.254426,1784277350.5379329,1.33944282,"[dac] CH_A set to +2.773 V (code=41854)
"
562,30,30,2.773065714502604,2.9036191907037026,0.13055347620109847,1784277351.254668,1784277352.705019,1784277351.9798436,1.26034648,"[dac] CH_A set to +2.904 V (code=42282)
"
563,31,0,2.7730657145026036,2.707788976402054,-0.06527673810054946,1784277362.951412,1784277364.389166,1784277363.670289,1.30860865,"[dac] CH_A set to +2.708 V (code=41640)
"
564,31,1,2.707788976402054,2.6425122383015047,-0.06527673810054946,1784277364.3895,1784277365.83094,1784277365.11022,1.34882713,"[dac] CH_A set to +2.642 V (code=41426)
"
565,32,0,2.7730657145026036,2.9036191907037026,0.13055347620109892,1784277376.117923,1784277377.551163,1784277376.834543,1.26839018,"[dac] CH_A set to +2.904 V (code=42282)
"
566,32,1,2.9036191907037026,3.034172666904801,0.13055347620109847,1784277377.5513878,1784277378.9895198,1784277378.270454,1.23085293,"[dac] CH_A set to +3.034 V (code=42710)
"
567,32,2,3.034172666904801,3.1647261431058995,0.13055347620109847,1784277378.9897459,1784277380.424544,1784277379.707145,1.18527199,"[dac] CH_A set to +3.165 V (code=43137)
"
568,32,3,3.1647261431058995,3.2952796193069984,0.13055347620109892,1784277380.4247758,1784277381.8500102,1784277381.137393,1.12226305,"[dac] CH_A set to +3.295 V (code=43565)
"
569,32,4,3.2952796193069984,3.4258330955080973,0.13055347620109892,1784277381.850239,1784277383.273686,1784277382.5619626,1.09813196,"[dac] CH_A set to +3.426 V (code=43993)
"
570,32,5,3.4258330955080973,3.556386571709196,0.13055347620109847,1784277383.273895,1784277384.715831,1784277383.994863,1.01367316,"[dac] CH_A set to +3.556 V (code=44421)
"
571,32,6,3.556386571709196,3.6869400479102943,0.13055347620109847,1784277384.716047,1784277386.1583512,1784277385.437199,0.965410994,"[dac] CH_A set to +3.687 V (code=44849)
"
572,32,7,3.6869400479102943,3.817493524111393,0.13055347620109892,1784277386.1585438,1784277387.5996292,1784277386.8790865,0.92117067,"[dac] CH_A set to +3.818 V (code=45276)
"
573,33,0,3.948047000312492,4.013323738413042,0.06527673810054946,1784277397.820169,1784277399.259131,1784277398.53965,0.856821109,"[dac] CH_A set to +4.013 V (code=45918)
"
574,33,1,4.013323738413042,4.078600476513591,0.06527673810054946,1784277399.259349,1784277400.701133,1784277399.980241,0.800515243,"[dac] CH_A set to +4.079 V (code=46132)
"
575,34,0,3.948047000312492,3.817493524111393,-0.13055347620109892,1784277410.97587,1784277412.39952,1784277411.687695,0.899720817,"[dac] CH_A set to +3.818 V (code=45276)
"
576,34,1,3.817493524111393,3.6869400479102947,-0.13055347620109847,1784277412.399793,1784277413.830879,1784277413.115336,0.962729762,"[dac] CH_A set to +3.687 V (code=44849)
"
577,34,2,3.6869400479102947,3.5563865717091963,-0.13055347620109847,1784277413.831126,1784277415.2746,1784277414.5528631,1.02707932,"[dac] CH_A set to +3.556 V (code=44421)
"
578,34,3,3.5563865717091963,3.4258330955080973,-0.13055347620109892,1784277415.274878,1784277416.7061372,1784277415.9905076,1.07266026,"[dac] CH_A set to +3.426 V (code=43993)
"
579,34,4,3.4258330955080973,3.2952796193069984,-0.13055347620109892,1784277416.706382,1784277418.142486,1784277417.4244342,1.0927695,"[dac] CH_A set to +3.295 V (code=43565)
"
580,34,5,3.2952796193069984,3.1647261431059,-0.13055347620109847,1784277418.1427011,1784277419.582832,1784277418.8627667,1.15980029,"[dac] CH_A set to +3.165 V (code=43137)
"
581,34,6,3.1647261431059,3.0341726669048015,-0.13055347620109847,1784277419.5831811,1784277421.000857,1784277420.2920191,1.18527199,"[dac] CH_A set to +3.034 V (code=42710)
"
582,34,7,3.0341726669048015,2.9036191907037026,-0.13055347620109892,1784277421.0011158,1784277422.432893,1784277421.7170043,1.23889663,"[dac] CH_A set to +2.904 V (code=42282)
"
583,34,8,2.9036191907037026,2.7730657145026036,-0.13055347620109892,1784277422.433084,1784277423.867559,1784277423.1503215,1.28984003,"[dac] CH_A set to +2.773 V (code=41854)
"
584,34,9,2.7730657145026036,2.642512238301505,-0.13055347620109847,1784277423.86782,1784277425.300517,1784277424.5841684,1.3206742,"[dac] CH_A set to +2.642 V (code=41426)
"
585,34,10,2.642512238301505,2.5119587621004067,-0.13055347620109847,1784277425.300724,1784277426.7259,1784277426.0133119,1.34882713,"[dac] CH_A set to +2.512 V (code=40999)
"
586,34,11,2.5119587621004067,2.3814052858993078,-0.13055347620109892,1784277426.72607,1784277428.157546,1784277427.441808,1.42792346,"[dac] CH_A set to +2.381 V (code=40571)
"
587,34,12,2.3814052858993078,2.250851809698209,-0.13055347620109892,1784277428.157789,1784277429.591191,1784277428.87449,1.41853915,"[dac] CH_A set to +2.251 V (code=40143)
"
588,34,13,2.250851809698209,2.1202983334971104,-0.13055347620109847,1784277429.5913658,1784277431.0139909,1784277430.3026783,1.43998901,"[dac] CH_A set to +2.120 V (code=39715)
"
589,34,14,2.1202983334971104,1.9897448572960117,-0.1305534762010987,1784277431.014258,1784277432.447901,1784277431.7310796,1.47082317,"[dac] CH_A set to +1.990 V (code=39287)
"
590,34,15,1.9897448572960117,1.859191381094913,-0.1305534762010987,1784277432.448155,1784277433.886889,1784277433.167522,1.46412009,"[dac] CH_A set to +1.859 V (code=38860)
"
591,34,16,1.859191381094913,1.728637904893814,-0.13055347620109892,1784277433.887122,1784277435.325876,1784277434.606499,1.48556995,"[dac] CH_A set to +1.729 V (code=38432)
"
592,34,17,1.728637904893814,1.5980844286927156,-0.13055347620109847,1784277435.326057,1784277436.766407,1784277436.046232,1.46009824,"[dac] CH_A set to +1.598 V (code=38004)
"
593,34,18,1.5980844286927156,1.4675309524916171,-0.13055347620109847,1784277436.7666,1784277438.192589,1784277437.4795945,1.46680132,"[dac] CH_A set to +1.467 V (code=37576)
"
594,34,19,1.4675309524916171,1.3369774762905182,-0.13055347620109892,1784277438.1928608,1784277439.6283898,1784277438.9106255,1.51372288,"[dac] CH_A set to +1.337 V (code=37149)
"
595,34,20,1.3369774762905182,1.2064240000894193,-0.13055347620109892,1784277439.628593,1784277441.05387,1784277440.3412313,1.49361364,"[dac] CH_A set to +1.206 V (code=36721)
"
596,34,21,1.2064240000894193,1.0758705238883208,-0.13055347620109847,1784277441.054087,1784277442.484153,1784277441.76912,1.4735044,"[dac] CH_A set to +1.076 V (code=36293)
"
597,34,22,1.0758705238883208,0.9453170476872224,-0.13055347620109847,1784277442.484365,1784277443.911925,1784277443.198145,1.43864839,"[dac] CH_A set to +0.945 V (code=35865)
"
598,34,23,0.9453170476872224,0.8147635714861234,-0.13055347620109892,1784277443.912101,1784277445.3506088,1784277444.6313548,1.44669209,"[dac] CH_A set to +0.815 V (code=35437)
"
599,34,24,0.8147635714861234,0.6842100952850245,-0.13055347620109892,1784277445.35085,1784277446.777936,1784277446.064393,1.41183607,"[dac] CH_A set to +0.684 V (code=35009)
"
600,34,25,0.6842100952850245,0.553656619083926,-0.13055347620109847,1784277446.778154,1784277448.199541,1784277447.4888475,1.36759575,"[dac] CH_A set to +0.554 V (code=34582)
"
601,34,26,0.553656619083926,0.4231031428828276,-0.13055347620109847,1784277448.1997561,1784277449.641162,1784277448.920459,1.32737727,"[dac] CH_A set to +0.423 V (code=34154)
"
602,34,27,0.4231031428828276,0.29254966668172866,-0.13055347620109892,1784277449.641387,1784277451.070593,1784277450.35599,1.34480528,"[dac] CH_A set to +0.292 V (code=33726)
"
603,34,28,0.29254966668172866,0.16199619048062974,-0.13055347620109892,1784277451.070796,1784277452.516093,1784277451.7934446,1.2791151,"[dac] CH_A set to +0.162 V (code=33298)
"
604,34,29,0.16199619048062974,0.03144271427953127,-0.13055347620109847,1784277452.5163,1784277453.950934,1784277453.2336168,1.20940308,"[dac] CH_A set to +0.031 V (code=32870)
"
605,34,30,0.03144271427953127,-0.0991107619215672,-0.13055347620109847,1784277453.951126,1784277455.388308,1784277454.669717,1.19599692,"[dac] CH_A set to -0.099 V (code=32443)
"
606,34,31,-0.0991107619215672,-0.22966423812266612,-0.13055347620109892,1784277455.3885162,1784277456.810453,1784277456.0994844,1.1437129,"[dac] CH_A set to -0.230 V (code=32015)
"
607,34,32,-0.22966423812266612,-0.36021771432376504,-0.13055347620109892,1784277456.8107111,1784277458.246793,1784277457.528752,1.0927695,"[dac] CH_A set to -0.360 V (code=31587)
"
608,34,33,-0.36021771432376504,-0.49077119052486395,-0.13055347620109892,1784277458.2469912,1784277459.69296,1784277458.9699755,1.00160762,"[dac] CH_A set to -0.491 V (code=31159)
"
609,34,34,-0.49077119052486395,-0.621324666725962,-0.13055347620109803,1784277459.6931598,1784277461.124542,1784277460.408851,0.965410994,"[dac] CH_A set to -0.621 V (code=30732)
"
610,34,35,-0.621324666725962,-0.7518781429270609,-0.13055347620109892,1784277461.124741,1784277462.5622778,1784277461.8435094,0.94396114,"[dac] CH_A set to -0.752 V (code=30304)
"
611,34,36,-0.7518781429270609,-0.8824316191281598,-0.13055347620109892,1784277462.5625138,1784277464.000927,1784277463.2817204,0.874249115,"[dac] CH_A set to -0.882 V (code=29876)
"
612,34,37,-0.8824316191281598,-1.0129850953292578,-0.13055347620109803,1784277464.0012019,1784277465.445627,1784277464.7234144,0.804537091,"[dac] CH_A set to -1.013 V (code=29448)
"
613,34,38,-1.0129850953292578,-1.1435385715303568,-0.13055347620109892,1784277465.4458199,1784277466.8882701,1784277466.167045,0.745549993,"[dac] CH_A set to -1.143 V (code=29021)
"
614,34,39,-1.1435385715303568,-1.2740920477314557,-0.13055347620109892,1784277466.888464,1784277468.332339,1784277467.6104016,0.722759524,"[dac] CH_A set to -1.274 V (code=28593)
"
615,34,40,-1.2740920477314557,-1.4046455239325546,-0.13055347620109892,1784277468.332532,1784277469.7701492,1784277469.0513406,0.642322572,"[dac] CH_A set to -1.405 V (code=28165)
"
616,34,41,-1.4046455239325546,-1.5351990001336535,-0.13055347620109892,1784277469.770405,1784277471.207895,1784277470.48915,0.543116999,"[dac] CH_A set to -1.535 V (code=27737)
"
617,34,42,-1.5351990001336535,-1.6657524763347515,-0.13055347620109803,1784277471.208116,1784277472.654447,1784277471.9312816,0.506920371,"[dac] CH_A set to -1.666 V (code=27309)
"
618,34,43,-1.6657524763347515,-1.7963059525358505,-0.13055347620109892,1784277472.654658,1784277474.102763,1784277473.3787105,0.464020663,"[dac] CH_A set to -1.796 V (code=26881)
"
619,34,44,-1.7963059525358505,-1.9268594287369494,-0.13055347620109892,1784277474.1029499,1784277475.526282,1784277474.814616,0.386264944,"[dac] CH_A set to -1.927 V (code=26454)
"
620,34,45,-1.9268594287369494,-2.0574129049380474,-0.13055347620109803,1784277475.52654,1784277476.960948,1784277476.243744,0.366155706,"[dac] CH_A set to -2.057 V (code=26026)
"
621,34,46,-2.0574129049380474,-2.1879663811391463,-0.13055347620109892,1784277476.961161,1784277478.392616,1784277477.6768885,0.29376245,"[dac] CH_A set to -2.188 V (code=25598)
"
622,35,0,-2.3185198573402452,-2.3837965954407947,-0.06527673810054946,1784277488.684319,1784277490.130878,1784277489.4075985,0.230753504,"[dac] CH_A set to -2.384 V (code=24956)
"
623,35,1,-2.3837965954407947,-2.449073333541344,-0.06527673810054946,1784277490.1310441,1784277491.5734,1784277490.852222,0.217347346,"[dac] CH_A set to -2.449 V (code=24742)
"
624,36,0,-2.3185198573402452,-2.1879663811391468,0.13055347620109847,1784277501.842983,1784277503.284503,1784277502.563743,0.292421834,"[dac] CH_A set to -2.188 V (code=25598)
"
625,36,1,-2.1879663811391468,-2.057412904938048,0.13055347620109892,1784277503.284798,1784277504.716297,1784277504.0005474,0.312531072,"[dac] CH_A set to -2.057 V (code=26026)
"
626,36,2,-2.057412904938048,-1.9268594287369494,0.13055347620109847,1784277504.716506,1784277506.155467,1784277505.4359865,0.388946175,"[dac] CH_A set to -1.927 V (code=26454)
"
627,36,3,-1.9268594287369494,-1.7963059525358505,0.13055347620109892,1784277506.1556742,1784277507.599379,1784277506.8775268,0.441230194,"[dac] CH_A set to -1.796 V (code=26881)
"
628,36,4,-1.7963059525358505,-1.665752476334752,0.13055347620109847,1784277507.5995672,1784277509.042651,1784277508.321109,0.481448669,"[dac] CH_A set to -1.666 V (code=27309)
"
629,36,5,-1.665752476334752,-1.5351990001336533,0.1305534762010987,1784277509.0428421,1784277510.491402,1784277509.767122,0.543116999,"[dac] CH_A set to -1.535 V (code=27737)
"
630,36,6,-1.5351990001336533,-1.4046455239325546,0.1305534762010987,1784277510.491601,1784277511.9176471,1784277511.2046242,0.598082249,"[dac] CH_A set to -1.405 V (code=28165)
"
631,36,7,-1.4046455239325546,-1.274092047731456,0.1305534762010987,1784277511.9178612,1784277513.3594282,1784277512.6386447,0.635619493,"[dac] CH_A set to -1.274 V (code=28593)
"
632,36,8,-1.274092047731456,-1.1435385715303572,0.1305534762010987,1784277513.3596401,1784277514.7969432,1784277514.0782917,0.702650286,"[dac] CH_A set to -1.143 V (code=29021)
"
633,36,9,-1.1435385715303572,-1.0129850953292585,0.1305534762010987,1784277514.797179,1784277516.228208,1784277515.5126934,0.764318615,"[dac] CH_A set to -1.013 V (code=29448)
"
634,36,10,-1.0129850953292585,-0.8824316191281598,0.1305534762010987,1784277516.228467,1784277517.660966,1784277516.9447165,0.809899554,"[dac] CH_A set to -0.882 V (code=29876)
"
635,36,11,-0.8824316191281598,-0.7518781429270613,0.13055347620109847,1784277517.661171,1784277519.097813,1784277518.3794918,0.879611579,"[dac] CH_A set to -0.752 V (code=30304)
"
636,36,12,-0.7518781429270613,-0.6213246667259626,0.1305534762010987,1784277519.098041,1784277520.5396202,1784277519.8188305,0.922511286,"[dac] CH_A set to -0.621 V (code=30732)
"
637,36,13,-0.6213246667259626,-0.49077119052486395,0.1305534762010987,1784277520.539843,1784277521.9644842,1784277521.2521636,0.99892639,"[dac] CH_A set to -0.491 V (code=31159)
"
638,36,14,-0.49077119052486395,-0.36021771432376526,0.1305534762010987,1784277521.964733,1784277523.404046,1784277522.6843896,1.04450733,"[dac] CH_A set to -0.360 V (code=31587)
"
639,36,15,-0.36021771432376526,-0.22966423812266656,0.1305534762010987,1784277523.4042702,1784277524.847488,1784277524.125879,1.09411012,"[dac] CH_A set to -0.230 V (code=32015)
"
640,36,16,-0.22966423812266656,-0.09911076192156809,0.13055347620109847,1784277524.847717,1784277526.286561,1784277525.5671391,1.12360366,"[dac] CH_A set to -0.099 V (code=32443)
"
641,36,17,-0.09911076192156809,0.031442714279530826,0.13055347620109892,1784277526.2868102,1784277527.7169778,1784277527.001894,1.2027,"[dac] CH_A set to +0.031 V (code=32870)
"
642,37,0,0.16199619048062974,0.2272729285811792,0.06527673810054946,1784277537.930228,1784277539.370303,1784277538.6502655,1.2536434,"[dac] CH_A set to +0.227 V (code=33512)
"
643,37,1,0.2272729285811792,0.29254966668172866,0.06527673810054946,1784277539.3705752,1784277540.8110862,1784277540.0908308,1.28447757,"[dac] CH_A set to +0.292 V (code=33726)
"
644,38,0,0.16199619048062974,0.2816702103316369,0.11967401985100717,1784277551.075563,1784277552.517856,1784277551.7967095,1.27375264,"[dac] CH_A set to +0.282 V (code=33691)
"
645,38,1,0.2816702103316369,0.4013442301826441,0.11967401985100717,1784277552.518065,1784277553.942587,1784277553.230326,1.30726804,"[dac] CH_A set to +0.401 V (code=34082)
"
646,38,2,0.4013442301826441,0.5210182500336513,0.11967401985100723,1784277553.9428391,1784277555.384036,1784277554.6634376,1.3461459,"[dac] CH_A set to +0.521 V (code=34475)
"
647,38,3,0.5210182500336513,0.6406922698846584,0.11967401985100712,1784277555.384274,1784277556.8237581,1784277556.104016,1.37027698,"[dac] CH_A set to +0.641 V (code=34867)
"
648,38,4,0.6406922698846584,0.7603662897356657,0.11967401985100723,1784277556.8239639,1784277558.2742631,1784277557.5491135,1.41987977,"[dac] CH_A set to +0.760 V (code=35259)
"
649,38,5,0.7603662897356657,0.8800403095866729,0.11967401985100723,1784277558.274461,1784277559.7126331,1784277558.993547,1.43194531,"[dac] CH_A set to +0.880 V (code=35651)
"
650,38,6,0.8800403095866729,0.99971432943768,0.11967401985100712,1784277559.712866,1784277561.1574762,1784277560.4351711,1.44267024,"[dac] CH_A set to +1.000 V (code=36043)
"
651,38,7,0.99971432943768,1.1193883492886871,0.11967401985100712,1784277561.1577148,1784277562.601033,1784277561.879374,1.45071393,"[dac] CH_A set to +1.119 V (code=36435)
"
652,38,8,1.1193883492886871,1.2390623691396945,0.11967401985100734,1784277562.601238,1784277564.031209,1784277563.3162236,1.47886687,"[dac] CH_A set to +1.239 V (code=36828)
"
653,38,9,1.2390623691396945,1.3587363889907016,0.11967401985100712,1784277564.031403,1784277565.472764,1784277564.7520835,1.47886687,"[dac] CH_A set to +1.359 V (code=37220)
"
654,38,10,1.3587363889907016,1.4784104088417087,0.11967401985100712,1784277565.472973,1784277566.914531,1784277566.193752,1.4815481,"[dac] CH_A set to +1.478 V (code=37612)
"
655,38,11,1.4784104088417087,1.598084428692716,0.11967401985100734,1784277566.914738,1784277568.360532,1784277567.637635,1.48020748,"[dac] CH_A set to +1.598 V (code=38004)
"
656,39,0,1.4675309524916171,1.4022542143910677,-0.06527673810054946,1784277578.624989,1784277580.060127,1784277579.342558,1.47484502,"[dac] CH_A set to +1.402 V (code=37362)
"
657,39,1,1.4022542143910677,1.3369774762905182,-0.06527673810054946,1784277580.060321,1784277581.488278,1784277580.7742996,1.48020748,"[dac] CH_A set to +1.337 V (code=37149)
"
658,40,0,1.4675309524916171,1.5980844286927158,0.1305534762010987,1784277591.7602959,1784277593.201254,1784277592.4807749,1.46546071,"[dac] CH_A set to +1.598 V (code=38004)
"
659,40,1,1.5980844286927158,1.7286379048938145,0.1305534762010987,1784277593.201458,1784277594.640587,1784277593.9210224,1.47484502,"[dac] CH_A set to +1.729 V (code=38432)
"
660,40,2,1.7286379048938145,1.8591913810949132,0.1305534762010987,1784277594.64077,1784277596.082022,1784277595.3613958,1.46948256,"[dac] CH_A set to +1.859 V (code=38860)
"
661,40,3,1.8591913810949132,1.989744857296012,0.1305534762010987,1784277596.0822148,1784277597.5182111,1784277596.8002129,1.43998901,"[dac] CH_A set to +1.990 V (code=39287)
"
662,40,4,1.989744857296012,2.120298333497111,0.13055347620109892,1784277597.51841,1784277598.951173,1784277598.2347915,1.45205455,"[dac] CH_A set to +2.120 V (code=39715)
"
663,40,5,2.120298333497111,2.2508518096982093,0.13055347620109847,1784277598.95138,1784277600.399086,1784277599.675233,1.44132962,"[dac] CH_A set to +2.251 V (code=40143)
"
664,40,6,2.2508518096982093,2.3814052858993078,0.13055347620109847,1784277600.399332,1784277601.836703,1784277601.1180177,1.39440807,"[dac] CH_A set to +2.381 V (code=40571)
"
665,40,7,2.3814052858993078,2.5119587621004067,0.13055347620109892,1784277601.8369431,1784277603.2835221,1784277602.5602326,1.37698006,"[dac] CH_A set to +2.512 V (code=40999)
"
666,40,8,2.5119587621004067,2.6425122383015056,0.13055347620109892,1784277603.283722,1784277604.7085829,1784277603.9961524,1.33944282,"[dac] CH_A set to +2.642 V (code=41426)
"
667,40,9,2.6425122383015056,2.773065714502604,0.13055347620109847,1784277604.708777,1784277606.1365702,1784277605.4226737,1.30860865,"[dac] CH_A set to +2.773 V (code=41854)
"
668,40,10,2.773065714502604,2.9036191907037026,0.13055347620109847,1784277606.1367931,1784277607.566963,1784277606.8518782,1.24694032,"[dac] CH_A set to +2.904 V (code=42282)
"
669,40,11,2.9036191907037026,3.0341726669048015,0.13055347620109892,1784277607.567195,1784277609.016951,1784277608.292073,1.22280924,"[dac] CH_A set to +3.034 V (code=42710)
"
670,41,0,3.1647261431059004,3.23000288120645,0.06527673810054946,1784277619.274085,1784277620.7173681,1784277619.9957266,1.1772283,"[dac] CH_A set to +3.230 V (code=43351)
"
671,41,1,3.23000288120645,3.2952796193069993,0.06527673810054946,1784277620.717624,1784277622.163796,1784277621.44071,1.13700982,"[dac] CH_A set to +3.295 V (code=43565)
"
672,42,0,3.1647261431059004,3.037799152354832,-0.1269269907510684,1784277632.6939058,1784277634.128375,1784277633.4111404,1.22146862,"[dac] CH_A set to +3.038 V (code=42722)
"
673,42,1,3.037799152354832,2.910872161603764,-0.12692699075106795,1784277634.128594,1784277635.565705,1784277634.8471494,1.27509326,"[dac] CH_A set to +2.911 V (code=42306)
"
674,42,2,2.910872161603764,2.7839451708526957,-0.1269269907510684,1784277635.5658948,1784277637.008251,1784277636.287073,1.32469604,"[dac] CH_A set to +2.784 V (code=41890)
"
675,42,3,2.7839451708526957,2.6570181801016277,-0.12692699075106795,1784277637.008471,1784277638.4524329,1784277637.730452,1.3381022,"[dac] CH_A set to +2.657 V (code=41474)
[gen] bias: (none)
[gen] pilots: 0
[acq] freqs: 2
  f=1000.0Hz
  f=2000.0Hz
"
676,42,4,2.6570181801016277,2.5300911893505593,-0.1269269907510684,1784277638.452651,1784277639.8739588,1784277639.1633048,1.36759575,"[dac] CH_A set to +2.530 V (code=41058)
"
677,42,5,2.5300911893505593,2.403164198599491,-0.1269269907510684,1784277639.87427,1784277641.299063,1784277640.5866666,1.37295821,"[dac] CH_A set to +2.403 V (code=40642)
"
678,42,6,2.403164198599491,2.276237207848423,-0.12692699075106795,1784277641.299249,1784277642.738323,1784277642.018786,1.41987977,"[dac] CH_A set to +2.276 V (code=40226)
"
679,42,7,2.276237207848423,2.149310217097355,-0.12692699075106795,1784277642.73854,1784277644.149023,1784277643.4437814,1.42122038,"[dac] CH_A set to +2.149 V (code=39810)
"
680,42,8,2.149310217097355,2.0223832263462866,-0.1269269907510684,1784277644.1492631,1784277645.592261,1784277644.870762,1.45205455,"[dac] CH_A set to +2.022 V (code=39394)
"
681,42,9,2.0223832263462866,1.8954562355952185,-0.12692699075106817,1784277645.5924559,1784277647.020952,1784277646.306704,1.45875763,"[dac] CH_A set to +1.895 V (code=38979)
"
682,42,10,1.8954562355952185,1.7685292448441503,-0.12692699075106817,1784277647.021143,1784277648.4423199,1784277647.7317314,1.46814194,"[dac] CH_A set to +1.768 V (code=38562)
"
683,42,11,1.7685292448441503,1.641602254093082,-0.1269269907510684,1784277648.4425511,1784277649.874037,1784277649.1582942,1.50970103,"[dac] CH_A set to +1.642 V (code=38147)
"
684,42,12,1.641602254093082,1.5146752633420137,-0.12692699075106817,1784277649.874232,1784277651.308772,1784277650.5915022,1.47886687,"[dac] CH_A set to +1.515 V (code=37731)
"
685,42,13,1.5146752633420137,1.3877482725909456,-0.12692699075106817,1784277651.3089652,1784277652.74195,1784277652.0254576,1.48959179,"[dac] CH_A set to +1.388 V (code=37315)
"
686,42,14,1.3877482725909456,1.2608212818398774,-0.12692699075106817,1784277652.742173,1784277654.18896,1784277653.4655666,1.48691056,"[dac] CH_A set to +1.261 V (code=36899)
"
687,42,15,1.2608212818398774,1.1338942910888092,-0.12692699075106817,1784277654.189153,1784277655.625418,1784277654.9072855,1.47216379,"[dac] CH_A set to +1.134 V (code=36483)
"
688,42,16,1.1338942910888092,1.0069673003377408,-0.1269269907510684,1784277655.625675,1784277657.067591,1784277656.346633,1.4989761,"[dac] CH_A set to +1.007 V (code=36067)
"
689,42,17,1.0069673003377408,0.8800403095866729,-0.12692699075106795,1784277657.067792,1784277658.51886,1784277657.793326,1.42390162,"[dac] CH_A set to +0.880 V (code=35651)
"
690,42,18,0.8800403095866729,0.7531133188356045,-0.1269269907510684,1784277658.519087,1784277659.94559,1784277659.2323384,1.43462654,"[dac] CH_A set to +0.753 V (code=35235)
"
691,42,19,0.7531133188356045,0.6261863280845366,-0.12692699075106795,1784277659.945838,1784277661.382376,1784277660.6641068,1.38234253,"[dac] CH_A set to +0.626 V (code=34819)
"
692,42,20,0.6261863280845366,0.49925933733346817,-0.1269269907510684,1784277661.38259,1784277662.834089,1784277662.1083395,1.36759575,"[dac] CH_A set to +0.499 V (code=34404)
"
693,42,21,0.49925933733346817,0.3723323465824002,-0.12692699075106795,1784277662.834304,1784277664.270087,1784277663.5521955,1.30458681,"[dac] CH_A set to +0.372 V (code=33987)
"
694,42,22,0.3723323465824002,0.24540535583133183,-0.1269269907510684,1784277664.2703118,1784277665.700162,1784277664.985237,1.30324619,"[dac] CH_A set to +0.245 V (code=33572)
"
695,42,23,0.24540535583133183,0.11847836508026344,-0.1269269907510684,1784277665.700355,1784277667.142267,1784277666.421311,1.23755601,"[dac] CH_A set to +0.119 V (code=33156)
"
696,42,24,0.11847836508026344,-0.00844862567080451,-0.12692699075106795,1784277667.142465,1784277668.590753,1784277667.866609,1.21744677,"[dac] CH_A set to -0.008 V (code=32740)
"
697,42,25,-0.00844862567080451,-0.1353756164218729,-0.1269269907510684,1784277668.59089,1784277670.048429,1784277669.3196595,1.17186584,"[dac] CH_A set to -0.135 V (code=32324)
"
698,42,26,-0.1353756164218729,-0.26230260717294085,-0.12692699075106795,1784277670.048646,1784277671.475766,1784277670.762206,1.11690059,"[dac] CH_A set to -0.262 V (code=31908)
"
699,42,27,-0.26230260717294085,-0.38922959792400924,-0.1269269907510684,1784277671.475979,1784277672.917095,1784277672.196537,1.06059472,"[dac] CH_A set to -0.389 V (code=31492)
"
700,42,28,-0.38922959792400924,-0.5161565886750772,-0.12692699075106795,1784277672.9173381,1784277674.3503518,1784277673.6338449,0.980157768,"[dac] CH_A set to -0.516 V (code=31076)
"
701,42,29,-0.5161565886750772,-0.6430835794261456,-0.1269269907510684,1784277674.3505821,1784277675.802197,1784277675.0763896,0.96004853,"[dac] CH_A set to -0.643 V (code=30660)
"
702,42,30,-0.6430835794261456,-0.7700105701772135,-0.12692699075106795,1784277675.802424,1784277677.230869,1784277676.5166464,0.919830055,"[dac] CH_A set to -0.770 V (code=30244)
"
703,42,31,-0.7700105701772135,-0.8969375609282819,-0.1269269907510684,1784277677.2311502,1784277678.6723268,1784277677.9517384,0.858161725,"[dac] CH_A set to -0.897 V (code=29829)
"
704,42,32,-0.8969375609282819,-1.0238645516793499,-0.12692699075106795,1784277678.672582,1784277680.103436,1784277679.388009,0.791130932,"[dac] CH_A set to -1.024 V (code=29412)
"
705,42,33,-1.0238645516793499,-1.1507915424304187,-0.12692699075106884,1784277680.1036339,1784277681.550983,1784277680.8273084,0.757615536,"[dac] CH_A set to -1.151 V (code=28997)
"
706,42,34,-1.1507915424304187,-1.2777185331814866,-0.12692699075106795,1784277681.551182,1784277682.9841049,1784277682.2676435,0.667794274,"[dac] CH_A set to -1.278 V (code=28581)
"
707,42,35,-1.2777185331814866,-1.4046455239325542,-0.1269269907510675,1784277682.984384,1784277684.425814,1784277683.705099,0.636960109,"[dac] CH_A set to -1.405 V (code=28165)
"
708,43,0,-1.535199000133653,-1.6004757382342025,-0.06527673810054946,1784277694.742448,1784277696.177362,1784277695.4599051,0.555182542,"[dac] CH_A set to -1.600 V (code=27523)
"
709,43,1,-1.6004757382342025,-1.665752476334752,-0.06527673810054946,1784277696.17757,1784277697.612874,1784277696.8952222,0.506920371,"[dac] CH_A set to -1.666 V (code=27309)
"
710,44,0,-1.535199000133653,-1.4046455239325544,0.1305534762010987,1784277707.827109,1784277709.277538,1784277708.5523236,0.598082249,"[dac] CH_A set to -1.405 V (code=28165)
"
711,44,1,-1.4046455239325544,-1.2740920477314557,0.1305534762010987,1784277709.277754,1784277710.697344,1784277709.987549,0.681200432,"[dac] CH_A set to -1.274 V (code=28593)
"
712,44,2,-1.2740920477314557,-1.1435385715303572,0.13055347620109847,1784277710.697579,1784277712.128195,1784277711.412887,0.721418908,"[dac] CH_A set to -1.143 V (code=29021)
"
713,44,3,-1.1435385715303572,-1.0129850953292583,0.13055347620109892,1784277712.128386,1784277713.569243,1784277712.8488145,0.781746621,"[dac] CH_A set to -1.013 V (code=29448)
"
714,44,4,-1.0129850953292583,-0.8824316191281597,0.13055347620109858,1784277713.56945,1784277715.004724,1784277714.287087,0.821965097,"[dac] CH_A set to -0.882 V (code=29876)
"
715,44,5,-0.8824316191281597,-0.7518781429270611,0.13055347620109858,1784277715.0049212,1784277716.435071,1784277715.719996,0.867546036,"[dac] CH_A set to -0.752 V (code=30304)
"
716,44,6,-0.7518781429270611,-0.6213246667259624,0.1305534762010987,1784277716.435276,1784277717.872424,1784277717.15385,0.935917445,"[dac] CH_A set to -0.621 V (code=30732)
"
717,44,7,-0.6213246667259624,-0.49077119052486373,0.1305534762010987,1784277717.8726149,1784277719.333013,1784277718.602814,0.997585774,"[dac] CH_A set to -0.491 V (code=31159)
"
718,44,8,-0.49077119052486373,-0.36021771432376504,0.1305534762010987,1784277719.33322,1784277720.769809,1784277720.0515146,1.04986979,"[dac] CH_A set to -0.360 V (code=31587)
"
719,44,9,-0.36021771432376504,-0.22966423812266634,0.1305534762010987,1784277720.7699971,1784277722.214229,1784277721.492113,1.10617566,"[dac] CH_A set to -0.230 V (code=32015)
"
720,44,10,-0.22966423812266634,-0.09911076192156765,0.1305534762010987,1784277722.214462,1784277723.6373918,1784277722.925927,1.17856891,"[dac] CH_A set to -0.099 V (code=32443)
"
721,44,11,-0.09911076192156765,0.031442714279530826,0.13055347620109847,1784277723.6376839,1784277725.081287,1784277724.3594854,1.19733754,"[dac] CH_A set to +0.031 V (code=32870)
"
722,44,12,0.031442714279530826,0.16199619048062952,0.1305534762010987,1784277725.081488,1784277726.501686,1784277725.7915869,1.22280924,"[dac] CH_A set to +0.162 V (code=33298)
"
723,44,13,0.16199619048062952,0.2925496666817282,0.1305534762010987,1784277726.501909,1784277727.941341,1784277727.2216249,1.29922434,"[dac] CH_A set to +0.292 V (code=33726)
"
724,44,14,0.2925496666817282,0.4231031428828269,0.1305534762010987,1784277727.941548,1784277729.380311,1784277728.6609297,1.31665235,"[dac] CH_A set to +0.423 V (code=34154)
"
725,44,15,0.4231031428828269,0.5536566190839256,0.1305534762010987,1784277729.380495,1784277730.820931,1784277730.100713,1.34882713,"[dac] CH_A set to +0.554 V (code=34582)
"
726,45,0,0.6842100952850245,0.749486833385574,0.06527673810054946,1784277741.113866,1784277742.534537,1784277741.8242016,1.41853915,"[dac] CH_A set to +0.749 V (code=35223)
"
727,45,1,0.749486833385574,0.8147635714861234,0.06527673810054946,1784277742.534729,1784277743.973373,1784277743.254051,1.42390162,"[dac] CH_A set to +0.815 V (code=35437)
"
728,46,0,0.6842100952850245,0.7821252024358487,0.09791510715082419,1784277754.249152,1784277755.6825972,1784277754.9658747,1.42792346,"[dac] CH_A set to +0.782 V (code=35330)
"
729,46,1,0.7821252024358487,0.8800403095866729,0.09791510715082419,1784277755.682789,1784277757.121241,1784277756.4020152,1.41853915,"[dac] CH_A set to +0.880 V (code=35651)
"
730,46,2,0.8800403095866729,0.9779554167374971,0.09791510715082419,1784277757.121454,1784277758.554601,1784277757.8380275,1.44132962,"[dac] CH_A set to +0.978 V (code=35972)
"
731,46,3,0.9779554167374971,1.0758705238883213,0.09791510715082419,1784277758.554846,1784277759.982995,1784277759.2689204,1.46814194,"[dac] CH_A set to +1.076 V (code=36293)
"
732,47,0,0.9453170476872224,0.8800403095866729,-0.06527673810054946,1784277770.291255,1784277771.719841,1784277771.005548,1.41987977,"[dac] CH_A set to +0.880 V (code=35651)
"
733,47,1,0.8800403095866729,0.8147635714861234,-0.06527673810054946,1784277771.720047,1784277773.149934,1784277772.4349904,1.43998901,"[dac] CH_A set to +0.815 V (code=35437)
"
734,48,0,0.9453170476872224,1.075870523888321,0.1305534762010987,1784277783.4135199,1784277784.833948,1784277784.123734,1.45071393,"[dac] CH_A set to +1.076 V (code=36293)
"
735,48,1,1.075870523888321,1.2064240000894197,0.1305534762010987,1784277784.8341582,1784277786.262553,1784277785.5483556,1.44937332,"[dac] CH_A set to +1.206 V (code=36721)
"
736,48,2,1.2064240000894197,1.3369774762905182,0.13055347620109847,1784277786.262777,1784277787.696682,1784277786.9797297,1.4735044,"[dac] CH_A set to +1.337 V (code=37149)
"
737,48,3,1.3369774762905182,1.4675309524916171,0.13055347620109892,1784277787.696911,1784277789.1330712,1784277788.4149911,1.48691056,"[dac] CH_A set to +1.467 V (code=37576)
"
738,48,4,1.4675309524916171,1.5980844286927156,0.13055347620109847,1784277789.133318,1784277790.558082,1784277789.8457,1.50299795,"[dac] CH_A set to +1.598 V (code=38004)
"
739,48,5,1.5980844286927156,1.7286379048938143,0.1305534762010987,1784277790.5583339,1784277792.00014,1784277791.2792368,1.48556995,"[dac] CH_A set to +1.729 V (code=38432)
"
740,48,6,1.7286379048938143,1.859191381094913,0.1305534762010987,1784277792.00042,1784277793.436148,1784277792.7182841,1.48288871,"[dac] CH_A set to +1.859 V (code=38860)
"
741,48,7,1.859191381094913,1.9897448572960117,0.1305534762010987,1784277793.436345,1784277794.866389,1784277794.1513672,1.48020748,"[dac] CH_A set to +1.990 V (code=39287)
"
742,48,8,1.9897448572960117,2.1202983334971104,0.1305534762010987,1784277794.8666,1784277796.3072362,1784277795.586918,1.45339517,"[dac] CH_A set to +2.120 V (code=39715)
"
743,48,9,2.1202983334971104,2.250851809698209,0.13055347620109847,1784277796.3074229,1784277797.74979,1784277797.0286064,1.43194531,"[dac] CH_A set to +2.251 V (code=40143)
"
744,48,10,2.250851809698209,2.3814052858993078,0.13055347620109892,1784277797.749999,1784277799.1903381,1784277798.4701686,1.42524223,"[dac] CH_A set to +2.381 V (code=40571)
"
745,48,11,2.3814052858993078,2.5119587621004063,0.13055347620109847,1784277799.1905558,1784277800.641441,1784277799.9159985,1.37832068,"[dac] CH_A set to +2.512 V (code=40999)
"
746,48,12,2.5119587621004063,2.6425122383015047,0.13055347620109847,1784277800.641669,1784277802.0814312,1784277801.36155,1.36491452,"[dac] CH_A set to +2.642 V (code=41426)
"
747,48,13,2.6425122383015047,2.7730657145026036,0.13055347620109892,1784277802.08164,1784277803.524794,1784277802.803217,1.32737727,"[dac] CH_A set to +2.773 V (code=41854)
"
748,48,14,2.7730657145026036,2.9036191907037026,0.13055347620109892,1784277803.525166,1784277804.965125,1784277804.2451456,1.26839018,"[dac] CH_A set to +2.904 V (code=42282)
"
749,48,15,2.9036191907037026,3.034172666904801,0.13055347620109847,1784277804.965324,1784277806.407202,1784277805.686263,1.21744677,"[dac] CH_A set to +3.034 V (code=42710)
"
750,48,16,3.034172666904801,3.1647261431058995,0.13055347620109847,1784277806.407404,1784277807.849036,1784277807.12822,1.19063446,"[dac] CH_A set to +3.165 V (code=43137)
"
751,48,17,3.1647261431058995,3.2952796193069984,0.13055347620109892,1784277807.8492339,1784277809.2817721,1784277808.5655031,1.15309721,"[dac] CH_A set to +3.295 V (code=43565)
"
752,48,18,3.2952796193069984,3.425833095508097,0.13055347620109847,1784277809.2819939,1784277810.710463,1784277809.9962285,1.1008132,"[dac] CH_A set to +3.426 V (code=43993)
"
753,48,19,3.425833095508097,3.556386571709196,0.13055347620109892,1784277810.710701,1784277812.149535,1784277811.430118,1.03646363,"[dac] CH_A set to +3.556 V (code=44421)
"
754,48,20,3.556386571709196,3.6869400479102943,0.13055347620109847,1784277812.1497338,1784277813.5852668,1784277812.8675003,0.961389146,"[dac] CH_A set to +3.687 V (code=44849)
"
755,48,21,3.6869400479102943,3.817493524111393,0.13055347620109892,1784277813.585475,1784277815.0314639,1784277814.3084693,0.926533134,"[dac] CH_A set to +3.818 V (code=45276)
"
756,48,22,3.817493524111393,3.9480470003124917,0.13055347620109847,1784277815.031672,1784277816.461534,1784277815.746603,0.862183573,"[dac] CH_A set to +3.948 V (code=45704)
"
757,48,23,3.9480470003124917,4.07860047651359,0.13055347620109847,1784277816.461747,1784277817.881949,1784277817.1718478,0.79515278,"[dac] CH_A set to +4.079 V (code=46132)
"
758,48,24,4.07860047651359,4.209153952714689,0.13055347620109892,1784277817.8821728,1784277819.333514,1784277818.6078434,0.773702926,"[dac] CH_A set to +4.209 V (code=46560)
"
759,48,25,4.209153952714689,4.339707428915787,0.13055347620109803,1784277819.333735,1784277820.765752,1784277820.0497437,0.705331518,"[dac] CH_A set to +4.340 V (code=46988)
"
760,48,26,4.339707428915787,4.470260905116886,0.13055347620109892,1784277820.765999,1784277822.208044,1784277821.4870214,0.63025703,"[dac] CH_A set to +4.470 V (code=47416)
"
761,48,27,4.470260905116886,4.600814381317985,0.13055347620109892,1784277822.2082691,1784277823.653259,1784277822.9307642,0.561885621,"[dac] CH_A set to +4.601 V (code=47843)
"
762,48,28,4.600814381317985,4.731367857519084,0.13055347620109892,1784277823.653492,1784277825.0861812,1784277824.3698366,0.547138846,"[dac] CH_A set to +4.731 V (code=48271)
"
763,48,29,4.731367857519084,4.861921333720183,0.13055347620109892,1784277825.0864232,1784277826.5251951,1784277825.805809,0.469383127,"[dac] CH_A set to +4.862 V (code=48699)
"
764,48,30,4.861921333720183,4.992474809921281,0.13055347620109803,1784277826.525399,1784277827.965183,1784277827.245291,0.415758493,"[dac] CH_A set to +4.992 V (code=49127)
"
765,48,31,4.992474809921281,5.12302828612238,0.13055347620109892,1784277827.965388,1784277829.38833,1784277828.676859,0.358112011,"[dac] CH_A set to +5.123 V (code=49554)
"
766,48,32,5.12302828612238,5.253581762323479,0.13055347620109892,1784277829.388643,1784277830.8332212,1784277830.110932,0.332640309,"[dac] CH_A set to +5.254 V (code=49982)
"
767,48,33,5.253581762323479,5.384135238524577,0.13055347620109803,1784277830.8334851,1784277832.267151,1784277831.5503182,0.253543974,"[dac] CH_A set to +5.384 V (code=50410)
"
768,48,34,5.384135238524577,5.514688714725676,0.13055347620109892,1784277832.267335,1784277833.706856,1784277832.9870954,0.234775352,"[dac] CH_A set to +5.515 V (code=50838)
"
769,48,35,5.514688714725676,5.6452421909267745,0.13055347620109892,1784277833.7070458,1784277835.141524,1784277834.424285,0.182491333,"[dac] CH_A set to +5.645 V (code=51265)
"
770,48,36,5.6452421909267745,5.775795667127873,0.13055347620109892,1784277835.1417658,1784277836.575745,1784277835.8587556,0.163722711,"[dac] CH_A set to +5.776 V (code=51693)
"
771,49,0,5.906349143328972,5.971625881429522,0.06527673810054946,1784277846.8153899,1784277848.258243,1784277847.5368166,0.116801157,"[dac] CH_A set to +5.972 V (code=52335)
"
772,49,1,5.971625881429522,6.036902619530071,0.06527673810054946,1784277848.258427,1784277849.698543,1784277848.978485,0.0940106869,"[dac] CH_A set to +6.037 V (code=52549)
"
773,50,0,5.906349143328972,5.775795667127873,-0.13055347620109892,1784277859.979439,1784277861.416555,1784277860.697997,0.134229163,"[dac] CH_A set to +5.776 V (code=51693)
"
774,50,1,5.775795667127873,5.6452421909267745,-0.13055347620109892,1784277861.416855,1784277862.8703942,1784277862.1436248,0.166403943,"[dac] CH_A set to +5.645 V (code=51265)
"
775,50,2,5.6452421909267745,5.5146887147256765,-0.13055347620109803,1784277862.8706071,1784277864.312955,1784277863.5917811,0.253543974,"[dac] CH_A set to +5.515 V (code=50838)
"
776,50,3,5.5146887147256765,5.3841352385245775,-0.13055347620109892,1784277864.313215,1784277865.737647,1784277865.0254312,0.209303651,"[dac] CH_A set to +5.384 V (code=50410)
"
777,50,4,5.3841352385245775,5.253581762323479,-0.13055347620109892,1784277865.737854,1784277867.184993,1784277866.4614234,0.279015675,"[dac] CH_A set to +5.254 V (code=49982)
"
778,50,5,5.253581762323479,5.123028286122381,-0.13055347620109803,1784277867.1852002,1784277868.623615,1784277867.9044075,0.332640309,"[dac] CH_A set to +5.123 V (code=49554)
"
779,50,6,5.123028286122381,4.992474809921282,-0.13055347620109892,1784277868.623818,1784277870.071033,1784277869.3474255,0.367496322,"[dac] CH_A set to +4.992 V (code=49127)
"
780,50,7,4.992474809921282,4.861921333720183,-0.13055347620109892,1784277870.071258,1784277871.504569,1784277870.7879136,0.421120956,"[dac] CH_A set to +4.862 V (code=48699)
"
781,50,8,4.861921333720183,4.731367857519084,-0.13055347620109892,1784277871.5047638,1784277872.940223,1784277872.2224934,0.477426822,"[dac] CH_A set to +4.731 V (code=48271)
"
782,50,9,4.731367857519084,4.600814381317985,-0.13055347620109892,1784277872.9404092,1784277874.393156,1784277873.6667826,0.528370224,"[dac] CH_A set to +4.601 V (code=47843)
"
783,50,10,4.600814381317985,4.470260905116887,-0.13055347620109803,1784277874.393373,1784277875.841562,1784277875.1174674,0.575291779,"[dac] CH_A set to +4.470 V (code=47416)
"
784,50,11,4.470260905116887,4.339707428915788,-0.13055347620109892,1784277875.8418062,1784277877.28009,1784277876.5609481,0.635619493,"[dac] CH_A set to +4.340 V (code=46988)
"
785,50,12,4.339707428915788,4.209153952714689,-0.13055347620109892,1784277877.280341,1784277878.716906,1784277877.9986234,0.669134889,"[dac] CH_A set to +4.209 V (code=46560)
"
786,50,13,4.209153952714689,4.078600476513591,-0.13055347620109803,1784277878.717165,1784277880.1516511,1784277879.4344082,0.749571841,"[dac] CH_A set to +4.079 V (code=46132)
"
787,50,14,4.078600476513591,3.948047000312492,-0.13055347620109892,1784277880.151873,1784277881.573668,1784277880.8627706,0.820624481,"[dac] CH_A set to +3.948 V (code=45704)
"
788,50,15,3.948047000312492,3.817493524111393,-0.13055347620109892,1784277881.573869,1784277883.01585,1784277882.2948594,0.876930347,"[dac] CH_A set to +3.818 V (code=45276)
"
789,50,16,3.817493524111393,3.6869400479102943,-0.13055347620109892,1784277883.016073,1784277884.4497862,1784277883.7329297,0.895698969,"[dac] CH_A set to +3.687 V (code=44849)
"
790,50,17,3.6869400479102943,3.556386571709196,-0.13055347620109847,1784277884.44998,1784277885.873112,1784277885.161546,0.958707914,"[dac] CH_A set to +3.556 V (code=44421)
"
791,50,18,3.556386571709196,3.4258330955080973,-0.13055347620109847,1784277885.873321,1784277887.306825,1784277886.590073,1.01367316,"[dac] CH_A set to +3.426 V (code=43993)
"
792,50,19,3.4258330955080973,3.2952796193069984,-0.13055347620109892,1784277887.307034,1784277888.748443,1784277888.0277386,1.07266026,"[dac] CH_A set to +3.295 V (code=43565)
"
793,50,20,3.2952796193069984,3.1647261431058995,-0.13055347620109892,1784277888.748676,1784277890.183223,1784277889.4659495,1.10617566,"[dac] CH_A set to +3.165 V (code=43137)
"
794,50,21,3.1647261431058995,3.034172666904801,-0.13055347620109847,1784277890.183417,1784277891.625261,1784277890.904339,1.17588768,"[dac] CH_A set to +3.034 V (code=42710)
"
795,50,22,3.034172666904801,2.9036191907037026,-0.13055347620109847,1784277891.62546,1784277893.056737,1784277892.3410983,1.21610616,"[dac] CH_A set to +2.904 V (code=42282)
"
796,50,23,2.9036191907037026,2.7730657145026036,-0.13055347620109892,1784277893.056926,1784277894.502143,1784277893.7795343,1.30056496,"[dac] CH_A set to +2.773 V (code=41854)
"
797,50,24,2.7730657145026036,2.6425122383015047,-0.13055347620109892,1784277894.502395,1784277895.9308429,1784277895.216619,1.3206742,"[dac] CH_A set to +2.642 V (code=41426)
"
798,50,25,2.6425122383015047,2.5119587621004063,-0.13055347620109847,1784277895.931062,1784277897.341732,1784277896.636397,1.34480528,"[dac] CH_A set to +2.512 V (code=40999)
"
799,50,26,2.5119587621004063,2.3814052858993078,-0.13055347620109847,1784277897.34195,1784277898.767255,1784277898.0546026,1.34748651,"[dac] CH_A set to +2.381 V (code=40571)
"
800,50,27,2.3814052858993078,2.250851809698209,-0.13055347620109892,1784277898.7674549,1784277900.200841,1784277899.484148,1.41049546,"[dac] CH_A set to +2.251 V (code=40143)
"
801,50,28,2.250851809698209,2.12029833349711,-0.13055347620109892,1784277900.201074,1784277901.6343439,1784277900.9177089,1.41987977,"[dac] CH_A set to +2.120 V (code=39715)
"
802,50,29,2.12029833349711,1.9897448572960115,-0.13055347620109847,1784277901.634552,1784277903.068667,1784277902.3516095,1.42792346,"[dac] CH_A set to +1.990 V (code=39287)
"
803,50,30,1.9897448572960115,1.859191381094913,-0.13055347620109847,1784277903.0688589,1784277904.520326,1784277903.7945924,1.47752625,"[dac] CH_A set to +1.859 V (code=38860)
"
804,50,31,1.859191381094913,1.728637904893814,-0.13055347620109892,1784277904.5205288,1784277905.9706628,1784277905.245596,1.47886687,"[dac] CH_A set to +1.729 V (code=38432)
"
805,50,32,1.728637904893814,1.5980844286927152,-0.13055347620109892,1784277905.970847,1784277907.411274,1784277906.6910605,1.46009824,"[dac] CH_A set to +1.598 V (code=38004)
"
806,50,33,1.5980844286927152,1.4675309524916162,-0.13055347620109892,1784277907.411482,1784277908.84873,1784277908.130106,1.48020748,"[dac] CH_A set to +1.467 V (code=37576)
"
807,50,34,1.4675309524916162,1.3369774762905182,-0.13055347620109803,1784277908.8489401,1784277910.28998,1784277909.56946,1.49093241,"[dac] CH_A set to +1.337 V (code=37149)
"
808,50,35,1.3369774762905182,1.2064240000894193,-0.13055347620109892,1784277910.290194,1784277911.7402098,1784277911.015202,1.50433857,"[dac] CH_A set to +1.206 V (code=36721)
"
809,50,36,1.2064240000894193,1.0758705238883204,-0.13055347620109892,1784277911.7404191,1784277913.164918,1784277912.4526687,1.45875763,"[dac] CH_A set to +1.076 V (code=36293)
"
810,50,37,1.0758705238883204,0.9453170476872224,-0.13055347620109803,1784277913.1651351,1784277914.5996969,1784277913.882416,1.47886687,"[dac] CH_A set to +0.945 V (code=35865)
"
811,50,38,0.9453170476872224,0.8147635714861234,-0.13055347620109892,1784277914.5999281,1784277916.033279,1784277915.3166037,1.4560764,"[dac] CH_A set to +0.815 V (code=35437)
"
812,50,39,0.8147635714861234,0.6842100952850245,-0.13055347620109892,1784277916.033481,1784277917.480823,1784277916.757152,1.41451731,"[dac] CH_A set to +0.684 V (code=35009)
"
813,50,40,0.6842100952850245,0.5536566190839256,-0.13055347620109892,1784277917.481062,1784277918.925604,1784277918.203333,1.41853915,"[dac] CH_A set to +0.554 V (code=34582)
"
814,50,41,0.5536566190839256,0.4231031428828267,-0.13055347620109892,1784277918.925815,1784277920.3644621,1784277919.6451387,1.35284898,"[dac] CH_A set to +0.423 V (code=34154)
"
815,50,42,0.4231031428828267,0.29254966668172866,-0.13055347620109803,1784277920.364671,1784277921.804831,1784277921.0847511,1.29922434,"[dac] CH_A set to +0.292 V (code=33726)
"
816,50,43,0.29254966668172866,0.16199619048062974,-0.13055347620109892,1784277921.805053,1784277923.2417479,1784277922.5234003,1.29788373,"[dac] CH_A set to +0.162 V (code=33298)
"
817,50,44,0.16199619048062974,0.031442714279530826,-0.13055347620109892,1784277923.2419531,1784277924.670143,1784277923.956048,1.24694032,"[dac] CH_A set to +0.031 V (code=32870)
"
818,50,45,0.031442714279530826,-0.0991107619215672,-0.13055347620109803,1784277924.670368,1784277926.114841,1784277925.3926044,1.17454707,"[dac] CH_A set to -0.099 V (code=32443)
"
819,50,46,-0.0991107619215672,-0.22966423812266612,-0.13055347620109892,1784277926.115051,1784277927.55074,1784277926.8328955,1.1772283,"[dac] CH_A set to -0.230 V (code=32015)
"
820,50,47,-0.22966423812266612,-0.36021771432376504,-0.13055347620109892,1784277927.551004,1784277928.9957252,1784277928.2733645,1.12226305,"[dac] CH_A set to -0.360 V (code=31587)
"
821,50,48,-0.36021771432376504,-0.49077119052486395,-0.13055347620109892,1784277928.995946,1784277930.436975,1784277929.7164605,1.04718856,"[dac] CH_A set to -0.491 V (code=31159)
"
822,50,49,-0.49077119052486395,-0.6213246667259629,-0.13055347620109892,1784277930.437242,1784277931.872149,1784277931.1546955,1.00026701,"[dac] CH_A set to -0.621 V (code=30732)
"
823,50,50,-0.6213246667259629,-0.7518781429270609,-0.13055347620109803,1784277931.872343,1784277933.3135622,1784277932.5929527,0.947982988,"[dac] CH_A set to -0.752 V (code=30304)
"
824,50,51,-0.7518781429270609,-0.8824316191281598,-0.13055347620109892,1784277933.313848,1784277934.7556338,1784277934.034741,0.878270963,"[dac] CH_A set to -0.882 V (code=29876)
"
825,50,52,-0.8824316191281598,-1.0129850953292587,-0.13055347620109892,1784277934.755842,1784277936.197004,1784277935.476423,0.815262018,"[dac] CH_A set to -1.013 V (code=29448)
"
826,50,53,-1.0129850953292587,-1.1435385715303568,-0.13055347620109803,1784277936.19722,1784277937.64037,1784277936.918795,0.776384158,"[dac] CH_A set to -1.143 V (code=29021)
"
827,50,54,-1.1435385715303568,-1.2740920477314557,-0.13055347620109892,1784277937.6405709,1784277939.079107,1784277938.359839,0.691925359,"[dac] CH_A set to -1.274 V (code=28593)
"
828,50,55,-1.2740920477314557,-1.4046455239325546,-0.13055347620109892,1784277939.079356,1784277940.515779,1784277939.7975674,0.665113042,"[dac] CH_A set to -1.405 V (code=28165)
"
829,50,56,-1.4046455239325546,-1.5351990001336535,-0.13055347620109892,1784277940.516001,1784277941.95716,1784277941.2365804,0.603444712,"[dac] CH_A set to -1.535 V (code=27737)
"
830,50,57,-1.5351990001336535,-1.6657524763347524,-0.13055347620109892,1784277941.957348,1784277943.401512,1784277942.67943,0.549820078,"[dac] CH_A set to -1.666 V (code=27309)
"
831,50,58,-1.6657524763347524,-1.7963059525358505,-0.13055347620109803,1784277943.4017248,1784277944.8291059,1784277944.1154153,0.494854828,"[dac] CH_A set to -1.796 V (code=26881)
"
832,50,59,-1.7963059525358505,-1.9268594287369494,-0.13055347620109892,1784277944.829345,1784277946.273899,1784277945.551622,0.44257081,"[dac] CH_A set to -1.927 V (code=26454)
"
833,50,60,-1.9268594287369494,-2.0574129049380483,-0.13055347620109892,1784277946.274104,1784277947.715928,1784277946.995016,0.394308639,"[dac] CH_A set to -2.057 V (code=26026)
"
834,50,61,-2.0574129049380483,-2.1879663811391463,-0.13055347620109803,1784277947.7162108,1784277949.157044,1784277948.4366274,0.351408931,"[dac] CH_A set to -2.188 V (code=25598)
"
835,50,62,-2.1879663811391463,-2.3185198573402452,-0.13055347620109892,1784277949.157265,1784277950.589401,1784277949.873333,0.288399986,"[dac] CH_A set to -2.319 V (code=25170)
"
836,50,63,-2.3185198573402452,-2.449073333541344,-0.13055347620109892,1784277950.589612,1784277952.0310762,1784277951.3103442,0.241478431,"[dac] CH_A set to -2.449 V (code=24742)
"
837,50,64,-2.449073333541344,-2.579626809742443,-0.13055347620109892,1784277952.031293,1784277953.467412,1784277952.7493525,0.214666114,"[dac] CH_A set to -2.580 V (code=24315)
"
838,50,65,-2.579626809742443,-2.710180285943542,-0.13055347620109892,1784277953.4676428,1784277954.904219,1784277954.1859307,0.150316553,"[dac] CH_A set to -2.710 V (code=23887)
"
839,50,66,-2.710180285943542,-2.840733762144641,-0.13055347620109892,1784277954.904448,1784277956.34935,1784277955.626899,0.135569778,"[dac] CH_A set to -2.841 V (code=23459)
"
840,50,67,-2.840733762144641,-2.97128723834574,-0.13055347620109892,1784277956.349577,1784277957.782964,1784277957.0662704,0.102054382,"[dac] CH_A set to -2.971 V (code=23031)
"
841,50,68,-2.97128723834574,-3.101840714546837,-0.13055347620109714,1784277957.783154,1784277959.2060301,1784277958.4945922,0.0926700711,"[dac] CH_A set to -3.102 V (code=22604)
"
842,50,69,-3.101840714546837,-3.232394190747936,-0.13055347620109892,1784277959.206243,1784277960.6559858,1784277959.9311144,0.0537922112,"[dac] CH_A set to -3.232 V (code=22176)
"
843,50,70,-3.232394190747936,-3.362947666949035,-0.13055347620109892,1784277960.656193,1784277962.090754,1784277961.3734736,0.037704821,"[dac] CH_A set to -3.363 V (code=21748)
"
844,50,71,-3.362947666949035,-3.4935011431501337,-0.13055347620109892,1784277962.0909498,1784277963.532753,1784277962.8118515,0.0229580465,"[dac] CH_A set to -3.493 V (code=21320)
"
845,50,72,-3.4935011431501337,-3.6240546193512326,-0.13055347620109892,1784277963.53302,1784277964.969645,1784277964.2513325,0.000167619806,"[dac] CH_A set to -3.624 V (code=20892)
"
846,50,73,-3.6240546193512326,-3.7546080955523315,-0.13055347620109892,1784277964.969839,1784277966.3996,1784277965.6847196,0.0363642051,"[dac] CH_A set to -3.755 V (code=20465)
"
847,50,74,-3.7546080955523315,-3.8851615717534305,-0.13055347620109892,1784277966.3998048,1784277967.846678,1784277967.1232414,-0.00251352055,"[dac] CH_A set to -3.885 V (code=20037)
"
848,50,75,-3.8851615717534305,-4.015715047954528,-0.13055347620109714,1784277967.846872,1784277969.2810838,1784277968.563978,-0.0346872534,"[dac] CH_A set to -4.016 V (code=19609)
"
849,50,76,-4.015715047954528,-4.1462685241556265,-0.13055347620109892,1784277969.281286,1784277970.699092,1784277969.990189,0.037704821,"[dac] CH_A set to -4.146 V (code=19181)
"
850,51,0,-4.276822000356725,-4.342098738457275,-0.06527673810054946,1784277980.922928,1784277982.3667278,1784277981.6448278,0.037704821,"[dac] CH_A set to -4.342 V (code=18540)
"
851,51,1,-4.342098738457275,-4.407375476557824,-0.06527673810054946,1784277982.366941,1784277983.807626,1784277983.0872836,0.0269798941,"[dac] CH_A set to -4.407 V (code=18326)
"
852,52,0,-4.276822000356725,-4.1462685241556265,0.13055347620109892,1784277994.026367,1784277995.456697,1784277994.7415318,0.0269798941,"[dac] CH_A set to -4.146 V (code=19181)
"
853,52,1,-4.1462685241556265,-4.0157150479545285,0.13055347620109803,1784277995.4568992,1784277996.897701,1784277996.1773,-0.0159192709,"[dac] CH_A set to -4.016 V (code=19609)
"
854,52,2,-4.0157150479545285,-3.8851615717534296,0.13055347620109892,1784277996.897899,1784277998.34115,1784277997.6195245,0.0229580465,"[dac] CH_A set to -3.885 V (code=20037)
"
855,52,3,-3.8851615717534296,-3.7546080955523307,0.13055347620109892,1784277998.341415,1784277999.759146,1784277999.0502806,0.000167756841,"[dac] CH_A set to -3.755 V (code=20465)
"
856,52,4,-3.7546080955523307,-3.624054619351232,0.13055347620109847,1784277999.75936,1784278001.197533,1784278000.4784465,-0.00653527962,"[dac] CH_A set to -3.624 V (code=20892)
"
857,52,5,-3.624054619351232,-3.4935011431501337,0.13055347620109847,1784278001.1978931,1784278002.628577,1784278001.9132352,0.018936199,"[dac] CH_A set to -3.493 V (code=21320)
"
858,52,6,-3.4935011431501337,-3.362947666949035,0.13055347620109892,1784278002.6287732,1784278004.059207,1784278003.34399,0.00955188798,"[dac] CH_A set to -3.363 V (code=21748)
"
859,52,7,-3.362947666949035,-3.232394190747936,0.13055347620109892,1784278004.059408,1784278005.507521,1784278004.7834644,0.0444079002,"[dac] CH_A set to -3.232 V (code=22176)
"
860,52,8,-3.232394190747936,-3.1018407145468374,0.13055347620109847,1784278005.507763,1784278006.9592829,1784278006.233523,0.0511109795,"[dac] CH_A set to -3.102 V (code=22604)
"
861,52,9,-3.1018407145468374,-2.971287238345739,0.13055347620109847,1784278006.9595368,1784278008.4074528,1784278007.6834948,0.0497703637,"[dac] CH_A set to -2.971 V (code=23031)
"
862,52,10,-2.971287238345739,-2.84073376214464,0.13055347620109892,1784278008.407682,1784278009.848971,1784278009.1283264,0.0698796015,"[dac] CH_A set to -2.841 V (code=23459)
"
863,52,11,-2.84073376214464,-2.7101802859435415,0.13055347620109847,1784278009.8492212,1784278011.281479,1784278010.56535,0.116801157,"[dac] CH_A set to -2.710 V (code=23887)
"
864,52,12,-2.7101802859435415,-2.579626809742443,0.13055347620109847,1784278011.2816792,1784278012.7246091,1784278012.0031443,0.152997785,"[dac] CH_A set to -2.580 V (code=24315)
"
865,52,13,-2.579626809742443,-2.449073333541344,0.13055347620109892,1784278012.7247949,1784278014.149803,1784278013.4372988,0.201259955,"[dac] CH_A set to -2.449 V (code=24742)
"
866,52,14,-2.449073333541344,-2.3185198573402452,0.13055347620109892,1784278014.150027,1784278015.579372,1784278014.8646994,0.240137815,"[dac] CH_A set to -2.319 V (code=25170)
"
867,52,15,-2.3185198573402452,-2.1879663811391468,0.13055347620109847,1784278015.5796149,1784278017.024246,1784278016.3019304,0.246840895,"[dac] CH_A set to -2.188 V (code=25598)
"
868,52,16,-2.1879663811391468,-2.0574129049380483,0.13055347620109847,1784278017.0244532,1784278018.4669251,1784278017.7456892,0.313871687,"[dac] CH_A set to -2.057 V (code=26026)
"
869,52,17,-2.0574129049380483,-1.9268594287369494,0.13055347620109892,1784278018.4671638,1784278019.899473,1784278019.1833184,0.372858785,"[dac] CH_A set to -1.927 V (code=26454)
"
870,53,0,-1.7963059525358505,-1.731029214435301,0.06527673810054946,1784278030.185533,1784278031.627079,1784278030.906306,0.459998816,"[dac] CH_A set to -1.731 V (code=27095)
"
871,53,1,-1.731029214435301,-1.6657524763347515,0.06527673810054946,1784278031.627291,1784278033.074574,1784278032.3509326,0.468042511,"[dac] CH_A set to -1.666 V (code=27309)
"
