sequence_index,observation_sequence_index,bridge_step_index,from_bias,bias,delta_bias,t_start_unix,t_end_unix,t_mid_unix,dc_dmm,dac_response
0,54,0,0.0,0.1270138061324713,0.1270138061324713,1784364336.6450229,1784364338.069694,1784364337.3573585,1.09679135,"[dac] CH_A set to +0.127 V (code=33184)
"
1,54,1,0.1270138061324713,0.2540276122649426,0.1270138061324713,1784364338.069927,1784364339.495451,1784364338.782689,1.14103167,"[dac] CH_A set to +0.254 V (code=33600)
"
2,54,2,0.2540276122649426,0.3810414183974139,0.12701380613247132,1784364339.4956858,1784364340.9237561,1784364340.209721,1.19867815,"[dac] CH_A set to +0.381 V (code=34016)
"
3,54,3,0.3810414183974139,0.5080552245298852,0.12701380613247126,1784364340.923937,1784364342.345367,1784364341.6346521,1.24425909,"[dac] CH_A set to +0.508 V (code=34432)
"
4,54,4,0.5080552245298852,0.6350690306623564,0.12701380613247126,1784364342.3455622,1784364343.76449,1784364343.055026,1.29922434,"[dac] CH_A set to +0.635 V (code=34849)
"
5,54,5,0.6350690306623564,0.7620828367948278,0.12701380613247137,1784364343.764674,1784364345.189882,1784364344.477278,1.33005851,"[dac] CH_A set to +0.762 V (code=35265)
"
6,54,6,0.7620828367948278,0.8890966429272991,0.12701380613247126,1784364345.190094,1784364346.6102772,1784364345.9001856,1.36893637,"[dac] CH_A set to +0.889 V (code=35681)
"
7,54,7,0.8890966429272991,1.0161104490597703,0.12701380613247126,1784364346.6104681,1784364348.0231612,1784364347.3168147,1.44535147,"[dac] CH_A set to +1.016 V (code=36097)
"
8,54,8,1.0161104490597703,1.1431242551922416,0.12701380613247126,1784364348.023343,1784364349.443529,1784364348.733436,1.46009824,"[dac] CH_A set to +1.143 V (code=36513)
"
9,54,9,1.1431242551922416,1.2701380613247129,0.12701380613247126,1784364349.44402,1784364350.861229,1784364350.1526246,1.48556995,"[dac] CH_A set to +1.270 V (code=36929)
"
10,54,10,1.2701380613247129,1.3971518674571841,0.12701380613247126,1784364350.861475,1784364352.286649,1784364351.5740619,1.50836042,"[dac] CH_A set to +1.397 V (code=37346)
"
11,54,11,1.3971518674571841,1.5241656735896556,0.12701380613247149,1784364352.286838,1784364353.707724,1784364352.997281,1.54321643,"[dac] CH_A set to +1.524 V (code=37762)
"
12,54,12,1.5241656735896556,1.6511794797221269,0.12701380613247126,1784364353.707988,1784364355.129527,1784364354.4187574,1.57002875,"[dac] CH_A set to +1.651 V (code=38178)
"
13,54,13,1.6511794797221269,1.7781932858545981,0.12701380613247126,1784364355.129718,1784364356.548932,1784364355.839325,1.57807244,"[dac] CH_A set to +1.778 V (code=38594)
"
14,54,14,1.7781932858545981,1.9052070919870694,0.12701380613247126,1784364356.549124,1784364357.9676218,1784364357.2583728,1.58477552,"[dac] CH_A set to +1.905 V (code=39010)
"
15,54,15,1.9052070919870694,2.0322208981195407,0.12701380613247126,1784364357.967817,1784364359.386932,1784364358.6773744,1.59952229,"[dac] CH_A set to +2.032 V (code=39427)
"
16,54,16,2.0322208981195407,2.159234704252012,0.12701380613247126,1784364359.3871381,1784364360.815596,1784364360.101367,1.64912508,"[dac] CH_A set to +2.159 V (code=39843)
"
17,54,17,2.159234704252012,2.286248510384483,0.12701380613247126,1784364360.8158028,1784364362.235144,1784364361.5254734,1.59818168,"[dac] CH_A set to +2.286 V (code=40259)
"
18,54,18,2.286248510384483,2.4132623165169544,0.12701380613247126,1784364362.235401,1784364363.652359,1784364362.94388,1.6089066,"[dac] CH_A set to +2.413 V (code=40675)
"
19,54,19,2.4132623165169544,2.5402761226494257,0.12701380613247126,1784364363.6525629,1784364365.073954,1784364364.3632584,1.56064443,"[dac] CH_A set to +2.540 V (code=41091)
"
20,54,20,2.5402761226494257,2.667289928781897,0.12701380613247126,1784364365.074142,1784364366.493577,1784364365.7838595,1.56332567,"[dac] CH_A set to +2.667 V (code=41508)
"
21,54,21,2.667289928781897,2.7943037349143682,0.12701380613247126,1784364366.493823,1784364367.9103732,1784364367.2020981,1.53919458,"[dac] CH_A set to +2.794 V (code=41924)
"
22,54,22,2.7943037349143682,2.9213175410468395,0.12701380613247126,1784364367.910592,1784364369.331389,1784364368.6209905,1.50433857,"[dac] CH_A set to +2.921 V (code=42340)
"
23,54,23,2.9213175410468395,3.048331347179311,0.1270138061324717,1784364369.3316429,1784364370.751149,1784364370.041396,1.50433857,"[dac] CH_A set to +3.048 V (code=42756)
"
24,54,24,3.048331347179311,3.1753451533117825,0.12701380613247126,1784364370.7513258,1784364372.181164,1784364371.466245,1.44669209,"[dac] CH_A set to +3.175 V (code=43172)
"
25,54,25,3.1753451533117825,3.3023589594442537,0.12701380613247126,1784364372.181452,1784364373.598444,1784364372.889948,1.42390162,"[dac] CH_A set to +3.302 V (code=43589)
"
26,54,26,3.3023589594442537,3.429372765576725,0.12701380613247126,1784364373.598662,1784364375.019501,1784364374.3090816,1.38234253,"[dac] CH_A set to +3.429 V (code=44005)
"
27,54,27,3.429372765576725,3.5563865717091963,0.12701380613247126,1784364375.01971,1784364376.4323509,1784364375.7260303,1.32469604,"[dac] CH_A set to +3.556 V (code=44421)
"
28,55,0,3.4258330955080973,3.360556357407548,-0.06527673810054946,1784364404.716374,1784364406.14114,1784364405.428757,1.37832068,"[dac] CH_A set to +3.361 V (code=43779)
"
29,55,1,3.360556357407548,3.2952796193069984,-0.06527673810054946,1784364406.1413288,1784364407.565918,1784364406.8536234,1.37832068,"[dac] CH_A set to +3.295 V (code=43565)
"
30,56,0,3.4258330955080973,3.5563865717091963,0.13055347620109892,1784364435.860204,1784364437.283296,1784364436.5717502,1.29386188,"[dac] CH_A set to +3.556 V (code=44421)
"
31,56,1,3.5563865717091963,3.6869400479102947,0.13055347620109847,1784364437.283694,1784364438.701376,1784364437.992535,1.24425909,"[dac] CH_A set to +3.687 V (code=44849)
"
32,56,2,3.6869400479102947,3.817493524111393,0.13055347620109847,1784364438.7017012,1784364440.125292,1784364439.4134965,1.16248152,"[dac] CH_A set to +3.818 V (code=45276)
"
33,56,3,3.817493524111393,3.948047000312492,0.13055347620109892,1784364440.12551,1784364441.551628,1784364440.8385692,1.12226305,"[dac] CH_A set to +3.948 V (code=45704)
"
34,56,4,3.948047000312492,4.078600476513591,0.13055347620109892,1784364441.5518441,1784364442.97353,1784364442.2626872,1.05657287,"[dac] CH_A set to +4.079 V (code=46132)
"
35,56,5,4.078600476513591,4.20915395271469,0.13055347620109892,1784364442.974549,1784364444.392412,1784364443.6834805,1.01769501,"[dac] CH_A set to +4.209 V (code=46560)
"
36,56,6,4.20915395271469,4.339707428915788,0.13055347620109803,1784364444.3926852,1784364445.817089,1784364445.104887,0.961389146,"[dac] CH_A set to +4.340 V (code=46988)
"
37,56,7,4.339707428915788,4.470260905116887,0.13055347620109892,1784364445.817278,1784364447.2327838,1784364446.5250309,0.899720817,"[dac] CH_A set to +4.470 V (code=47416)
"
38,56,8,4.470260905116887,4.600814381317986,0.13055347620109892,1784364447.232979,1784364448.655051,1784364447.944015,0.823305713,"[dac] CH_A set to +4.601 V (code=47843)
"
39,56,9,4.600814381317986,4.731367857519084,0.13055347620109803,1784364448.655235,1784364450.075166,1784364449.3652005,0.764318615,"[dac] CH_A set to +4.731 V (code=48271)
"
40,56,10,4.731367857519084,4.861921333720183,0.13055347620109892,1784364450.0753632,1784364451.4979148,1784364450.786639,0.710693981,"[dac] CH_A set to +4.862 V (code=48699)
"
41,56,11,4.861921333720183,4.992474809921282,0.13055347620109892,1784364451.4989681,1784364452.919148,1784364452.209058,0.635619493,"[dac] CH_A set to +4.992 V (code=49127)
"
42,57,0,5.123028286122381,5.18830502422293,0.06527673810054946,1784364481.197889,1784364482.621027,1784364481.9094582,0.512282834,"[dac] CH_A set to +5.188 V (code=49768)
"
43,57,1,5.18830502422293,5.2535817623234795,0.06527673810054946,1784364482.621475,1784364484.043371,1784364483.332423,0.485470517,"[dac] CH_A set to +5.254 V (code=49982)
"
44,58,0,5.123028286122381,4.992474809921282,-0.13055347620109892,1784364512.487827,1784364513.923729,1784364513.2057781,0.596741633,"[dac] CH_A set to +4.992 V (code=49127)
"
45,58,1,4.992474809921282,4.861921333720183,-0.13055347620109892,1784364513.924783,1784364515.351982,1784364514.6383824,0.639641341,"[dac] CH_A set to +4.862 V (code=48699)
"
46,58,2,4.861921333720183,4.731367857519085,-0.13055347620109803,1784364515.352312,1784364516.792507,1784364516.0724096,0.691925359,"[dac] CH_A set to +4.731 V (code=48271)
"
47,58,3,4.731367857519085,4.600814381317986,-0.13055347620109892,1784364516.792695,1784364518.233532,1784364517.5131135,0.766999847,"[dac] CH_A set to +4.601 V (code=47843)
"
48,58,4,4.600814381317986,4.470260905116887,-0.13055347620109892,1784364518.233732,1784364519.6854458,1784364518.959589,0.813921402,"[dac] CH_A set to +4.470 V (code=47416)
"
49,58,5,4.470260905116887,4.339707428915789,-0.13055347620109803,1784364519.6858659,1784364521.1186838,1784364520.4022748,0.864864804,"[dac] CH_A set to +4.340 V (code=46988)
"
50,58,6,4.339707428915789,4.20915395271469,-0.13055347620109892,1784364521.118881,1784364522.548987,1784364521.8339338,0.945301756,"[dac] CH_A set to +4.209 V (code=46560)
"
51,58,7,4.20915395271469,4.078600476513591,-0.13055347620109892,1784364522.549186,1784364523.9854321,1784364523.2673092,1.00026701,"[dac] CH_A set to +4.079 V (code=46132)
"
52,58,8,4.078600476513591,3.948047000312492,-0.13055347620109892,1784364523.985676,1784364525.435371,1784364524.7105236,1.08070396,"[dac] CH_A set to +3.948 V (code=45704)
"
53,58,9,3.948047000312492,3.8174935241113936,-0.13055347620109847,1784364525.436393,1784364526.875735,1784364526.156064,1.11153812,"[dac] CH_A set to +3.818 V (code=45276)
"
54,58,10,3.8174935241113936,3.686940047910295,-0.13055347620109847,1784364526.87593,1784364528.321067,1784364527.5984986,1.17588768,"[dac] CH_A set to +3.687 V (code=44849)
"
55,58,11,3.686940047910295,3.5563865717091963,-0.13055347620109892,1784364528.321311,1784364529.760718,1784364529.0410147,1.22549047,"[dac] CH_A set to +3.556 V (code=44421)
"
56,58,12,3.5563865717091963,3.4258330955080973,-0.13055347620109892,1784364529.760981,1784364531.193162,1784364530.4770715,1.28313695,"[dac] CH_A set to +3.426 V (code=43993)
"
57,58,13,3.4258330955080973,3.295279619306999,-0.13055347620109847,1784364531.193377,1784364532.6375911,1784364531.915484,1.31397112,"[dac] CH_A set to +3.295 V (code=43565)
"
58,58,14,3.295279619306999,3.1647261431059004,-0.13055347620109847,1784364532.6386392,1784364534.078165,1784364533.3584023,1.3970893,"[dac] CH_A set to +3.165 V (code=43137)
"
59,58,15,3.1647261431059004,3.0341726669048015,-0.13055347620109892,1784364534.078398,1784364535.524207,1784364534.8013024,1.41719854,"[dac] CH_A set to +3.034 V (code=42710)
"
60,58,16,3.0341726669048015,2.9036191907037026,-0.13055347620109892,1784364535.524399,1784364536.961816,1784364536.2431076,1.43462654,"[dac] CH_A set to +2.904 V (code=42282)
"
61,58,17,2.9036191907037026,2.773065714502604,-0.13055347620109847,1784364536.962003,1784364538.393111,1784364537.677557,1.4815481,"[dac] CH_A set to +2.773 V (code=41854)
"
62,58,18,2.773065714502604,2.6425122383015056,-0.13055347620109847,1784364538.393366,1784364539.8309,1784364539.112133,1.50567918,"[dac] CH_A set to +2.642 V (code=41426)
"
63,58,19,2.6425122383015056,2.5119587621004067,-0.13055347620109892,1784364539.831797,1784364541.270102,1784364540.5509496,1.54589766,"[dac] CH_A set to +2.512 V (code=40999)
"
64,58,20,2.5119587621004067,2.3814052858993078,-0.13055347620109892,1784364541.270293,1784364542.702205,1784364541.986249,1.5405352,"[dac] CH_A set to +2.381 V (code=40571)
"
65,58,21,2.3814052858993078,2.2508518096982093,-0.13055347620109847,1784364542.702398,1784364544.1377048,1784364543.4200516,1.61426907,"[dac] CH_A set to +2.251 V (code=40143)
"
66,58,22,2.2508518096982093,2.120298333497111,-0.13055347620109847,1784364544.137929,1784364545.5854971,1784364544.861713,1.61560968,"[dac] CH_A set to +2.120 V (code=39715)
"
67,58,23,2.120298333497111,1.989744857296012,-0.13055347620109892,1784364545.5858319,1784364547.030732,1784364546.308282,1.57941306,"[dac] CH_A set to +1.990 V (code=39287)
"
68,58,24,1.989744857296012,1.859191381094913,-0.13055347620109892,1784364547.031728,1784364548.4658601,1784364547.748794,1.58477552,"[dac] CH_A set to +1.859 V (code=38860)
"
69,58,25,1.859191381094913,1.7286379048938145,-0.13055347620109847,1784364548.466101,1784364549.903983,1784364549.185042,1.57270998,"[dac] CH_A set to +1.729 V (code=38432)
"
70,58,26,1.7286379048938145,1.598084428692716,-0.13055347620109847,1784364549.904224,1784364551.350637,1784364550.6274304,1.59684106,"[dac] CH_A set to +1.598 V (code=38004)
"
71,58,27,1.598084428692716,1.4675309524916171,-0.13055347620109892,1784364551.350858,1784364552.7737758,1784364552.062317,1.60086291,"[dac] CH_A set to +1.467 V (code=37576)
"
72,58,28,1.4675309524916171,1.3369774762905182,-0.13055347620109892,1784364552.773977,1784364554.2175481,1784364553.4957626,1.5660069,"[dac] CH_A set to +1.337 V (code=37149)
"
73,58,29,1.3369774762905182,1.2064240000894197,-0.13055347620109847,1784364554.2177799,1784364555.6607811,1784364554.9392805,1.54589766,"[dac] CH_A set to +1.206 V (code=36721)
"
74,58,30,1.2064240000894197,1.0758705238883213,-0.13055347620109847,1784364555.661092,1784364557.098688,1784364556.37989,1.53517273,"[dac] CH_A set to +1.076 V (code=36293)
"
75,58,31,1.0758705238883213,0.9453170476872224,-0.13055347620109892,1784364557.09973,1784364558.540988,1784364557.820359,1.46948256,"[dac] CH_A set to +0.945 V (code=35865)
"
76,58,32,0.9453170476872224,0.8147635714861234,-0.13055347620109892,1784364558.541182,1784364559.977591,1784364559.2593865,1.43864839,"[dac] CH_A set to +0.815 V (code=35437)
"
77,58,33,0.8147635714861234,0.6842100952850245,-0.13055347620109892,1784364559.977816,1784364561.418842,1784364560.698329,1.38770499,"[dac] CH_A set to +0.684 V (code=35009)
"
78,58,34,0.6842100952850245,0.5536566190839265,-0.13055347620109803,1784364561.419109,1784364562.8657181,1784364562.1424136,1.39038622,"[dac] CH_A set to +0.554 V (code=34582)
"
79,58,35,0.5536566190839265,0.4231031428828276,-0.13055347620109892,1784364562.8667772,1784364564.2983801,1784364563.5825787,1.3461459,"[dac] CH_A set to +0.423 V (code=34154)
"
80,58,36,0.4231031428828276,0.29254966668172866,-0.13055347620109892,1784364564.298597,1784364565.718534,1784364565.0085654,1.27107141,"[dac] CH_A set to +0.292 V (code=33726)
"
81,58,37,0.29254966668172866,0.16199619048063063,-0.13055347620109803,1784364565.7188091,1784364567.148226,1784364566.4335175,1.22683109,"[dac] CH_A set to +0.162 V (code=33298)
"
82,58,38,0.16199619048063063,0.031442714279531714,-0.13055347620109892,1784364567.148434,1784364568.575372,1784364567.861903,1.16114091,"[dac] CH_A set to +0.031 V (code=32870)
"
83,58,39,0.031442714279531714,-0.0991107619215672,-0.13055347620109892,1784364568.575795,1784364570.001701,1784364569.288748,1.12360366,"[dac] CH_A set to -0.099 V (code=32443)
"
84,58,40,-0.0991107619215672,-0.22966423812266612,-0.13055347620109892,1784364570.001905,1784364571.428551,1784364570.715228,1.06327595,"[dac] CH_A set to -0.230 V (code=32015)
"
85,58,41,-0.22966423812266612,-0.36021771432376504,-0.13055347620109892,1784364571.428983,1784364572.866944,1784364572.1479635,1.00160762,"[dac] CH_A set to -0.360 V (code=31587)
"
86,58,42,-0.36021771432376504,-0.49077119052486307,-0.13055347620109803,1784364572.867129,1784364574.296488,1784364573.5818086,0.939939292,"[dac] CH_A set to -0.491 V (code=31159)
"
87,58,43,-0.49077119052486307,-0.621324666725962,-0.13055347620109892,1784364574.29689,1784364575.7479732,1784364575.0224316,0.85011803,"[dac] CH_A set to -0.621 V (code=30732)
"
88,58,44,-0.621324666725962,-0.7518781429270609,-0.13055347620109892,1784364575.748262,1784364577.181847,1784364576.4650545,0.825986945,"[dac] CH_A set to -0.752 V (code=30304)
"
89,58,45,-0.7518781429270609,-0.8824316191281589,-0.13055347620109803,1784364577.182071,1784364578.626453,1784364577.904262,0.745549993,"[dac] CH_A set to -0.882 V (code=29876)
"
90,58,46,-0.8824316191281589,-1.0129850953292578,-0.13055347620109892,1784364578.6266549,1784364580.0438101,1784364579.3352325,0.674497353,"[dac] CH_A set to -1.013 V (code=29448)
"
91,58,47,-1.0129850953292578,-1.1435385715303568,-0.13055347620109892,1784364580.044009,1784364581.472843,1784364580.758426,0.640981956,"[dac] CH_A set to -1.143 V (code=29021)
"
92,58,48,-1.1435385715303568,-1.2740920477314557,-0.13055347620109892,1784364581.473325,1784364582.909709,1784364582.1915169,0.563226237,"[dac] CH_A set to -1.274 V (code=28593)
"
93,58,49,-1.2740920477314557,-1.4046455239325546,-0.13055347620109892,1784364582.909961,1784364584.358523,1784364583.634242,0.494854828,"[dac] CH_A set to -1.405 V (code=28165)
"
94,58,50,-1.4046455239325546,-1.5351990001336526,-0.13055347620109803,1784364584.3589199,1784364585.803275,1784364585.0810976,0.447933273,"[dac] CH_A set to -1.535 V (code=27737)
"
95,58,51,-1.5351990001336526,-1.6657524763347515,-0.13055347620109892,1784364585.803492,1784364587.250473,1784364586.5269825,0.388946175,"[dac] CH_A set to -1.666 V (code=27309)
"
96,58,52,-1.6657524763347515,-1.7963059525358505,-0.13055347620109892,1784364587.250837,1784364588.6913888,1784364587.971113,0.362133858,"[dac] CH_A set to -1.796 V (code=26881)
"
97,58,53,-1.7963059525358505,-1.9268594287369485,-0.13055347620109803,1784364588.6918359,1784364590.1244018,1784364589.4081187,0.272312596,"[dac] CH_A set to -1.927 V (code=26454)
"
98,58,54,-1.9268594287369485,-2.0574129049380474,-0.13055347620109892,1784364590.124629,1784364591.566973,1784364590.8458009,0.229412888,"[dac] CH_A set to -2.057 V (code=26026)
"
99,58,55,-2.0574129049380474,-2.1879663811391463,-0.13055347620109892,1784364591.567183,1784364593.009624,1784364592.2884035,0.179810102,"[dac] CH_A set to -2.188 V (code=25598)
"
100,58,56,-2.1879663811391463,-2.3185198573402452,-0.13055347620109892,1784364593.009823,1784364594.447795,1784364593.7288089,0.150316553,"[dac] CH_A set to -2.319 V (code=25170)
"
101,58,57,-2.3185198573402452,-2.449073333541344,-0.13055347620109892,1784364594.447985,1784364595.879683,1784364595.163834,0.131547931,"[dac] CH_A set to -2.449 V (code=24742)
"
102,58,58,-2.449073333541344,-2.579626809742442,-0.13055347620109803,1784364595.880618,1784364597.315027,1784364596.5978227,0.0685389857,"[dac] CH_A set to -2.580 V (code=24315)
"
103,58,59,-2.579626809742442,-2.710180285943541,-0.13055347620109892,1784364597.315238,1784364598.752736,1784364598.033987,0.0698796015,"[dac] CH_A set to -2.710 V (code=23887)
"
104,58,60,-2.710180285943541,-2.84073376214464,-0.13055347620109892,1784364598.752924,1784364600.1834571,1784364599.4681907,0.0739014491,"[dac] CH_A set to -2.841 V (code=23459)
"
105,58,61,-2.84073376214464,-2.971287238345738,-0.13055347620109803,1784364600.183695,1784364601.620079,1784364600.901887,0.0403860527,"[dac] CH_A set to -2.971 V (code=23031)
"
106,58,62,-2.971287238345738,-3.101840714546837,-0.13055347620109892,1784364601.6202939,1784364603.063987,1784364602.3421404,0.0256392783,"[dac] CH_A set to -3.102 V (code=22604)
"
107,58,63,-3.101840714546837,-3.232394190747936,-0.13055347620109892,1784364603.064356,1784364604.501295,1784364603.7828255,0.0028488087,"[dac] CH_A set to -3.232 V (code=22176)
"
108,58,64,-3.232394190747936,-3.362947666949035,-0.13055347620109892,1784364604.501479,1784364605.942084,1784364605.2217815,0.0242986624,"[dac] CH_A set to -3.363 V (code=21748)
"
109,59,0,-3.4935011431501337,-3.558777881250683,-0.06527673810054946,1784364634.441417,1784364635.87623,1784364635.1588235,0.00955188798,"[dac] CH_A set to -3.559 V (code=21106)
"
110,59,1,-3.558777881250683,-3.6240546193512326,-0.06527673810054946,1784364635.877268,1784364637.3181171,1784364636.5976925,0.0457485161,"[dac] CH_A set to -3.624 V (code=20892)
"
111,60,0,-3.4935011431501337,-3.367782980882409,0.1257181622677246,1784364665.876641,1784364667.320351,1784364666.598496,0.00016780252,"[dac] CH_A set to -3.368 V (code=21732)
"
112,60,1,-3.367782980882409,-3.2420648186146845,0.1257181622677246,1784364667.3207512,1784364668.753279,1784364668.037015,0.018936199,"[dac] CH_A set to -3.242 V (code=22144)
"
113,60,2,-3.2420648186146845,-3.1163466563469595,0.12571816226772503,1784364668.753493,1784364670.178348,1784364669.4659204,-0.00385409073,"[dac] CH_A set to -3.116 V (code=22556)
"
114,60,3,-3.1163466563469595,-2.990628494079235,0.1257181622677246,1784364670.178561,1784364671.614391,1784364670.896476,0.0108925038,"[dac] CH_A set to -2.991 V (code=22968)
"
115,60,4,-2.990628494079235,-2.8649103318115103,0.1257181622677246,1784364671.61465,1784364673.0445728,1784364672.3296113,0.02832051,"[dac] CH_A set to -2.865 V (code=23380)
"
116,60,5,-2.8649103318115103,-2.7391921695437853,0.12571816226772503,1784364673.0447721,1784364674.476952,1784364673.760862,0.018936199,"[dac] CH_A set to -2.739 V (code=23792)
"
117,60,6,-2.7391921695437853,-2.6134740072760607,0.1257181622677246,1784364674.477194,1784364675.9138439,1784364675.195519,0.0712202174,"[dac] CH_A set to -2.614 V (code=24204)
"
118,60,7,-2.6134740072760607,-2.487755845008336,0.1257181622677246,1784364675.914923,1784364677.355051,1784364676.6349869,0.0739014491,"[dac] CH_A set to -2.488 V (code=24616)
"
119,60,8,-2.487755845008336,-2.3620376827406115,0.1257181622677246,1784364677.355396,1784364678.784933,1784364678.0701647,0.131547931,"[dac] CH_A set to -2.362 V (code=25028)
"
120,60,9,-2.3620376827406115,-2.236319520472887,0.1257181622677246,1784364678.785333,1784364680.2220879,1784364679.5037103,0.104735614,"[dac] CH_A set to -2.236 V (code=25440)
"
121,60,10,-2.236319520472887,-2.110601358205162,0.12571816226772503,1784364680.2222972,1784364681.656113,1784364680.9392052,0.162382096,"[dac] CH_A set to -2.111 V (code=25852)
"
122,60,11,-2.110601358205162,-1.9848831959374373,0.1257181622677246,1784364681.6562932,1784364683.101705,1784364682.3789992,0.195897492,"[dac] CH_A set to -1.985 V (code=26263)
"
123,60,12,-1.9848831959374373,-1.8591650336697128,0.1257181622677246,1784364683.1019468,1784364684.543282,1784364683.8226144,0.24818151,"[dac] CH_A set to -1.859 V (code=26675)
"
124,60,13,-1.8591650336697128,-1.733446871401988,0.1257181622677248,1784364684.544425,1784364685.9830568,1784364685.263741,0.279015675,"[dac] CH_A set to -1.733 V (code=27088)
"
125,60,14,-1.733446871401988,-1.6077287091342631,0.1257181622677248,1784364685.983271,1784364687.4184692,1784364686.70087,0.335321541,"[dac] CH_A set to -1.608 V (code=27499)
"
126,60,15,-1.6077287091342631,-1.4820105468665385,0.1257181622677246,1784364687.418741,1784364688.868337,1784364688.143539,0.378221249,"[dac] CH_A set to -1.482 V (code=27911)
"
127,60,16,-1.4820105468665385,-1.356292384598814,0.1257181622677246,1784364688.868543,1784364690.2917702,1784364689.5801566,0.430505267,"[dac] CH_A set to -1.356 V (code=28323)
"
128,60,17,-1.356292384598814,-1.2305742223310894,0.1257181622677246,1784364690.29199,1784364691.734981,1784364691.0134854,0.478767438,"[dac] CH_A set to -1.231 V (code=28735)
"
129,60,18,-1.2305742223310894,-1.1048560600633643,0.12571816226772503,1784364691.736076,1784364693.164526,1784364692.4503012,0.544457615,"[dac] CH_A set to -1.105 V (code=29147)
"
130,60,19,-1.1048560600633643,-0.9791378977956398,0.1257181622677246,1784364693.164719,1784364694.6114151,1784364693.8880672,0.594060401,"[dac] CH_A set to -0.979 V (code=29559)
"
131,60,20,-0.9791378977956398,-0.8534197355279152,0.1257181622677246,1784364694.611598,1784364696.04478,1784364695.328189,0.643663188,"[dac] CH_A set to -0.853 V (code=29971)
"
132,60,21,-0.8534197355279152,-0.7277015732601901,0.12571816226772503,1784364696.04499,1784364697.478212,1784364696.761601,0.712034597,"[dac] CH_A set to -0.728 V (code=30383)
"
133,60,22,-0.7277015732601901,-0.6019834109924656,0.1257181622677246,1784364697.478406,1784364698.9098518,1784364698.194129,0.764318615,"[dac] CH_A set to -0.602 V (code=30795)
"
134,60,23,-0.6019834109924656,-0.47626524872474096,0.1257181622677246,1784364698.9100878,1784364700.34291,1784364699.626499,0.824646329,"[dac] CH_A set to -0.476 V (code=31207)
"
135,60,24,-0.47626524872474096,-0.3505470864570164,0.1257181622677246,1784364700.3439639,1784364701.762379,1784364701.0531714,0.895698969,"[dac] CH_A set to -0.350 V (code=31619)
"
136,60,25,-0.3505470864570164,-0.2248289241892918,0.1257181622677246,1784364701.762586,1784364703.192796,1784364702.4776912,0.92787375,"[dac] CH_A set to -0.225 V (code=32031)
"
137,60,26,-0.2248289241892918,-0.0991107619215672,0.1257181622677246,1784364703.193103,1784364704.646206,1784364703.9196544,0.985520232,"[dac] CH_A set to -0.099 V (code=32443)
"
138,61,0,0.031442714279531714,0.09671945238008117,0.06527673810054946,1784364733.167936,1784364734.6045399,1784364733.886238,1.08204457,"[dac] CH_A set to +0.097 V (code=33084)
"
139,61,1,0.09671945238008117,0.16199619048063063,0.06527673810054946,1784364734.604823,1784364736.032772,1784364735.3187976,1.14907537,"[dac] CH_A set to +0.162 V (code=33298)
"
140,62,0,0.031442714279531714,0.16199619048063035,0.13055347620109864,1784364764.559526,1784364766.003946,1784364765.281736,1.16114091,"[dac] CH_A set to +0.162 V (code=33298)
"
141,62,1,0.16199619048063035,0.292549666681729,0.13055347620109864,1784364766.004998,1784364767.439544,1784364766.722271,1.18527199,"[dac] CH_A set to +0.292 V (code=33726)
"
142,62,2,0.292549666681729,0.42310314288282763,0.13055347620109864,1784364767.439741,1784364768.884205,1784364768.161973,1.23353417,"[dac] CH_A set to +0.423 V (code=34154)
"
143,62,3,0.42310314288282763,0.5536566190839263,0.13055347620109864,1784364768.884405,1784364770.326234,1784364769.6053195,1.2871588,"[dac] CH_A set to +0.554 V (code=34582)
"
144,62,4,0.5536566190839263,0.684210095285025,0.1305534762010987,1784364770.326456,1784364771.766651,1784364771.0465536,1.34748651,"[dac] CH_A set to +0.684 V (code=35009)
"
145,62,5,0.684210095285025,0.8147635714861236,0.13055347620109858,1784364771.767699,1784364773.203767,1784364772.485733,1.38100191,"[dac] CH_A set to +0.815 V (code=35437)
"
146,62,6,0.8147635714861236,0.9453170476872221,0.13055347620109858,1784364773.203958,1784364774.6326342,1784364773.918296,1.41987977,"[dac] CH_A set to +0.945 V (code=35865)
"
147,62,7,0.9453170476872221,1.0758705238883208,0.1305534762010987,1784364774.6328151,1784364776.0659258,1784364775.3493705,1.46277948,"[dac] CH_A set to +1.076 V (code=36293)
"
148,62,8,1.0758705238883208,1.2064240000894195,0.1305534762010987,1784364776.0662458,1784364777.50176,1784364776.7840028,1.48691056,"[dac] CH_A set to +1.206 V (code=36721)
"
149,62,9,1.2064240000894195,1.3369774762905182,0.1305534762010987,1784364777.501983,1784364778.934311,1784364778.2181468,1.5405352,"[dac] CH_A set to +1.337 V (code=37149)
"
150,62,10,1.3369774762905182,1.4675309524916167,0.13055347620109847,1784364778.93452,1784364780.381094,1784364779.6578069,1.56332567,"[dac] CH_A set to +1.467 V (code=37576)
"
151,62,11,1.4675309524916167,1.5980844286927154,0.1305534762010987,1784364780.382143,1784364781.81859,1784364781.1003666,1.53919458,"[dac] CH_A set to +1.598 V (code=38004)
"
152,62,12,1.5980844286927154,1.728637904893814,0.1305534762010987,1784364781.818801,1784364783.255809,1784364782.5373049,1.56868813,"[dac] CH_A set to +1.729 V (code=38432)
"
153,63,0,1.5980844286927152,1.5328076905921657,-0.06527673810054946,1784364811.795775,1784364813.251117,1784364812.523446,1.56064443,"[dac] CH_A set to +1.533 V (code=37790)
"
154,63,1,1.5328076905921657,1.4675309524916162,-0.06527673810054946,1784364813.252206,1784364814.694537,1784364813.9733715,1.55528197,"[dac] CH_A set to +1.467 V (code=37576)
"
155,64,0,1.5980844286927152,1.7286379048938139,0.1305534762010987,1784364843.1597471,1784364844.5845819,1784364843.8721645,1.57941306,"[dac] CH_A set to +1.729 V (code=38432)
"
156,64,1,1.7286379048938139,1.8591913810949126,0.1305534762010987,1784364844.5850172,1784364846.0329869,1784364845.309002,1.59818168,"[dac] CH_A set to +1.859 V (code=38860)
"
157,64,2,1.8591913810949126,1.989744857296011,0.13055347620109847,1784364846.033192,1784364847.459025,1784364846.7461085,1.60622537,"[dac] CH_A set to +1.990 V (code=39287)
"
158,64,3,1.989744857296011,2.12029833349711,0.13055347620109892,1784364847.4592361,1784364848.889465,1784364848.1743507,1.58477552,"[dac] CH_A set to +2.120 V (code=39715)
"
159,64,4,2.12029833349711,2.2508518096982084,0.13055347620109847,1784364848.889672,1784364850.3227289,1784364849.6062005,1.6169503,"[dac] CH_A set to +2.251 V (code=40143)
"
160,64,5,2.2508518096982084,2.381405285899307,0.13055347620109847,1784364850.323831,1784364851.764318,1784364851.0440745,1.60086291,"[dac] CH_A set to +2.381 V (code=40571)
"
161,64,6,2.381405285899307,2.511958762100406,0.13055347620109892,1784364851.7645178,1784364853.201317,1784364852.4829173,1.56868813,"[dac] CH_A set to +2.512 V (code=40999)
"
162,64,7,2.511958762100406,2.6425122383015047,0.13055347620109892,1784364853.201649,1784364854.642987,1784364853.922318,1.54187581,"[dac] CH_A set to +2.642 V (code=41426)
"
163,64,8,2.6425122383015047,2.773065714502603,0.13055347620109847,1784364854.6432052,1784364856.068109,1784364855.355657,1.52042596,"[dac] CH_A set to +2.773 V (code=41854)
"
164,64,9,2.773065714502603,2.9036191907037017,0.13055347620109847,1784364856.068311,1784364857.4999528,1784364856.784132,1.50836042,"[dac] CH_A set to +2.904 V (code=42282)
"
165,64,10,2.9036191907037017,3.0341726669048006,0.13055347620109892,1784364857.501004,1784364858.9420521,1784364858.221528,1.48288871,"[dac] CH_A set to +3.034 V (code=42710)
"
166,64,11,3.0341726669048006,3.164726143105899,0.13055347620109847,1784364858.942283,1784364860.385965,1784364859.664124,1.42926408,"[dac] CH_A set to +3.165 V (code=43137)
"
167,64,12,3.164726143105899,3.2952796193069975,0.13055347620109847,1784364860.386219,1784364861.8264909,1784364861.106355,1.40647361,"[dac] CH_A set to +3.295 V (code=43565)
"
168,64,13,3.2952796193069975,3.4258330955080964,0.13055347620109892,1784364861.8267121,1784364863.2603898,1784364862.543551,1.37832068,"[dac] CH_A set to +3.426 V (code=43993)
"
169,64,14,3.4258330955080964,3.5563865717091954,0.13055347620109892,1784364863.261547,1784364864.710552,1784364863.9860497,1.32201481,"[dac] CH_A set to +3.556 V (code=44421)
"
170,64,15,3.5563865717091954,3.686940047910294,0.13055347620109847,1784364864.710773,1784364866.139457,1784364865.425115,1.25498402,"[dac] CH_A set to +3.687 V (code=44849)
"
171,64,16,3.686940047910294,3.8174935241113923,0.13055347620109847,1784364866.139665,1784364867.566286,1784364866.8529754,1.17588768,"[dac] CH_A set to +3.818 V (code=45276)
"
172,64,17,3.8174935241113923,3.9480470003124912,0.13055347620109892,1784364867.566561,1784364869.0161731,1784364868.291367,1.13969106,"[dac] CH_A set to +3.948 V (code=45704)
"
173,64,18,3.9480470003124912,4.078600476513589,0.13055347620109803,1784364869.0164149,1784364870.464567,1784364869.740491,1.07400088,"[dac] CH_A set to +4.079 V (code=46132)
"
174,64,19,4.078600476513589,4.209153952714688,0.13055347620109892,1784364870.465575,1784364871.905209,1784364871.185392,1.04048548,"[dac] CH_A set to +4.209 V (code=46560)
"
175,64,20,4.209153952714688,4.339707428915787,0.13055347620109892,1784364871.905466,1784364873.337235,1784364872.6213505,0.942620524,"[dac] CH_A set to +4.340 V (code=46988)
"
176,64,21,4.339707428915787,4.470260905116886,0.13055347620109892,1784364873.337522,1784364874.78387,1784364874.0606961,0.902402048,"[dac] CH_A set to +4.470 V (code=47416)
"
177,64,22,4.470260905116886,4.600814381317985,0.13055347620109892,1784364874.78419,1784364876.205601,1784364875.4948955,0.824646329,"[dac] CH_A set to +4.601 V (code=47843)
"
178,64,23,4.600814381317985,4.731367857519083,0.13055347620109803,1784364876.2058141,1784364877.640861,1784364876.9233375,0.761637384,"[dac] CH_A set to +4.731 V (code=48271)
"
179,64,24,4.731367857519083,4.861921333720182,0.13055347620109892,1784364877.641906,1784364879.084345,1784364878.3631256,0.721418908,"[dac] CH_A set to +4.862 V (code=48699)
"
180,64,25,4.861921333720182,4.99247480992128,0.13055347620109803,1784364879.084637,1784364880.53148,1784364879.8080585,0.669134889,"[dac] CH_A set to +4.992 V (code=49127)
"
181,64,26,4.99247480992128,5.123028286122379,0.13055347620109892,1784364880.53169,1784364881.97429,1784364881.2529898,0.586016706,"[dac] CH_A set to +5.123 V (code=49554)
"
182,64,27,5.123028286122379,5.253581762323478,0.13055347620109892,1784364881.97448,1784364883.409173,1784364882.6918263,0.523007761,"[dac] CH_A set to +5.254 V (code=49982)
"
183,64,28,5.253581762323478,5.384135238524577,0.13055347620109892,1784364883.410282,1784364884.849422,1784364884.1298518,0.462680048,"[dac] CH_A set to +5.384 V (code=50410)
"
184,64,29,5.384135238524577,5.514688714725676,0.13055347620109892,1784364884.849629,1784364886.277649,1784364885.563639,0.406374182,"[dac] CH_A set to +5.515 V (code=50838)
"
185,65,0,5.6452421909267745,5.710518929027324,0.06527673810054946,1784364914.7800908,1784364916.217232,1784364915.4986615,0.277675059,"[dac] CH_A set to +5.710 V (code=51479)
"
186,65,1,5.710518929027324,5.775795667127873,0.06527673810054946,1784364916.217438,1784364917.6606772,1784364916.9390576,0.289740602,"[dac] CH_A set to +5.776 V (code=51693)
"
187,66,0,5.6452421909267745,5.514688714725676,-0.13055347620109892,1784364946.19667,1784364947.618486,1784364946.907578,0.371518169,"[dac] CH_A set to +5.515 V (code=50838)
"
188,66,1,5.514688714725676,5.384135238524577,-0.13055347620109892,1784364947.618902,1784364949.0569332,1784364948.3379176,0.422461572,"[dac] CH_A set to +5.384 V (code=50410)
"
189,66,2,5.384135238524577,5.253581762323479,-0.13055347620109803,1784364949.0571039,1784364950.492266,1784364949.774685,0.445252041,"[dac] CH_A set to +5.254 V (code=49982)
"
190,66,3,5.253581762323479,5.12302828612238,-0.13055347620109892,1784364950.4926221,1784364951.935199,1784364951.2139106,0.492173596,"[dac] CH_A set to +5.123 V (code=49554)
"
191,66,4,5.12302828612238,4.992474809921281,-0.13055347620109892,1784364951.9354901,1784364953.374204,1784364952.6548471,0.551160694,"[dac] CH_A set to +4.992 V (code=49127)
"
192,66,5,4.992474809921281,4.861921333720183,-0.13055347620109803,1784364953.374382,1784364954.805377,1784364954.0898795,0.640981956,"[dac] CH_A set to +4.862 V (code=48699)
"
193,66,6,4.861921333720183,4.731367857519084,-0.13055347620109892,1784364954.8055701,1784364956.226172,1784364955.515871,0.687903511,"[dac] CH_A set to +4.731 V (code=48271)
"
194,66,7,4.731367857519084,4.600814381317985,-0.13055347620109892,1784364956.226382,1784364957.665131,1784364956.9457564,0.791130932,"[dac] CH_A set to +4.601 V (code=47843)
"
195,66,8,4.600814381317985,4.470260905116886,-0.13055347620109892,1784364957.666137,1784364959.1213582,1784364958.3937476,0.813921402,"[dac] CH_A set to +4.470 V (code=47416)
"
196,66,9,4.470260905116886,4.339707428915787,-0.13055347620109892,1784364959.121623,1784364960.561344,1784364959.8414836,0.882292811,"[dac] CH_A set to +4.340 V (code=46988)
"
197,66,10,4.339707428915787,4.209153952714689,-0.13055347620109803,1784364960.561526,1784364962.000653,1784364961.2810895,0.914467591,"[dac] CH_A set to +4.209 V (code=46560)
"
198,66,11,4.209153952714689,4.07860047651359,-0.13055347620109892,1784364962.000853,1784364963.4195242,1784364962.7101886,0.985520232,"[dac] CH_A set to +4.079 V (code=46132)
"
199,66,12,4.07860047651359,3.9480470003124912,-0.13055347620109892,1784364963.419698,1784364964.85103,1784364964.135364,1.03646363,"[dac] CH_A set to +3.948 V (code=45704)
"
200,66,13,3.9480470003124912,3.8174935241113928,-0.13055347620109847,1784364964.851237,1784364966.277438,1784364965.5643375,1.09813196,"[dac] CH_A set to +3.818 V (code=45276)
"
201,66,14,3.8174935241113928,3.6869400479102943,-0.13055347620109847,1784364966.278476,1784364967.710712,1784364966.994594,1.13566921,"[dac] CH_A set to +3.687 V (code=44849)
"
202,66,15,3.6869400479102943,3.5563865717091954,-0.13055347620109892,1784364967.7108989,1784364969.151339,1784364968.431119,1.22280924,"[dac] CH_A set to +3.556 V (code=44421)
"
203,66,16,3.5563865717091954,3.4258330955080964,-0.13055347620109892,1784364969.151573,1784364970.594908,1784364969.8732405,1.25632463,"[dac] CH_A set to +3.426 V (code=43993)
"
204,66,17,3.4258330955080964,3.295279619306998,-0.13055347620109847,1784364970.595092,1784364972.035085,1784364971.3150885,1.31665235,"[dac] CH_A set to +3.295 V (code=43565)
"
205,66,18,3.295279619306998,3.1647261431058995,-0.13055347620109847,1784364972.03529,1784364973.484056,1784364972.759673,1.34346467,"[dac] CH_A set to +3.165 V (code=43137)
"
206,66,19,3.1647261431058995,3.0341726669048006,-0.13055347620109892,1784364973.4851499,1784364974.925791,1784364974.2054706,1.40647361,"[dac] CH_A set to +3.034 V (code=42710)
"
207,66,20,3.0341726669048006,2.9036191907037017,-0.13055347620109892,1784364974.925977,1784364976.359097,1784364975.642537,1.42122038,"[dac] CH_A set to +2.904 V (code=42282)
"
208,66,21,2.9036191907037017,2.773065714502603,-0.13055347620109847,1784364976.3593678,1784364977.786541,1784364977.0729544,1.4735044,"[dac] CH_A set to +2.773 V (code=41854)
"
209,66,22,2.773065714502603,2.6425122383015047,-0.13055347620109847,1784364977.786711,1784364979.223845,1784364978.505278,1.49495426,"[dac] CH_A set to +2.642 V (code=41426)
"
210,66,23,2.6425122383015047,2.511958762100406,-0.13055347620109892,1784364979.2240472,1784364980.669804,1784364979.9469256,1.50836042,"[dac] CH_A set to +2.512 V (code=40999)
"
211,66,24,2.511958762100406,2.381405285899307,-0.13055347620109892,1784364980.670079,1784364982.1157608,1784364981.39292,1.57002875,"[dac] CH_A set to +2.381 V (code=40571)
"
212,66,25,2.381405285899307,2.2508518096982084,-0.13055347620109847,1784364982.1167638,1784364983.5516381,1784364982.8342009,1.56868813,"[dac] CH_A set to +2.251 V (code=40143)
"
213,66,26,2.2508518096982084,2.12029833349711,-0.13055347620109847,1784364983.55182,1784364984.987465,1784364984.2696424,1.58611614,"[dac] CH_A set to +2.120 V (code=39715)
"
214,66,27,2.12029833349711,1.989744857296011,-0.13055347620109892,1784364984.9876952,1784364986.417469,1784364985.7025821,1.59684106,"[dac] CH_A set to +1.990 V (code=39287)
"
215,66,28,1.989744857296011,1.859191381094912,-0.13055347620109892,1784364986.417753,1784364987.851716,1784364987.1347346,1.59281921,"[dac] CH_A set to +1.859 V (code=38860)
"
216,66,29,1.859191381094912,1.7286379048938136,-0.13055347620109847,1784364987.851916,1784364989.284131,1784364988.5680237,1.61292845,"[dac] CH_A set to +1.729 V (code=38432)
"
217,66,30,1.7286379048938136,1.5980844286927152,-0.13055347620109847,1784364989.2843149,1784364990.710638,1784364989.9974766,1.60354414,"[dac] CH_A set to +1.598 V (code=38004)
"
218,66,31,1.5980844286927152,1.4675309524916162,-0.13055347620109892,1784364990.7108731,1784364992.149744,1784364991.4303086,1.59952229,"[dac] CH_A set to +1.467 V (code=37576)
"
219,66,32,1.4675309524916162,1.3369774762905173,-0.13055347620109892,1784364992.14996,1784364993.5717702,1784364992.860865,1.58209429,"[dac] CH_A set to +1.337 V (code=37149)
"
220,66,33,1.3369774762905173,1.2064240000894184,-0.13055347620109892,1784364993.572802,1784364995.009231,1784364994.2910166,1.54455704,"[dac] CH_A set to +1.206 V (code=36721)
"
221,66,34,1.2064240000894184,1.0758705238883204,-0.13055347620109803,1784364995.0096269,1784364996.442525,1784364995.726076,1.50836042,"[dac] CH_A set to +1.076 V (code=36293)
"
222,66,35,1.0758705238883204,0.9453170476872215,-0.13055347620109892,1784364996.4427671,1784364997.894282,1784364997.1685247,1.51640411,"[dac] CH_A set to +0.945 V (code=35865)
"
223,66,36,0.9453170476872215,0.8147635714861226,-0.13055347620109892,1784364997.894478,1784364999.337174,1784364998.6158261,1.45205455,"[dac] CH_A set to +0.815 V (code=35437)
"
224,66,37,0.8147635714861226,0.6842100952850245,-0.13055347620109803,1784364999.338165,1784365000.782261,1784365000.060213,1.43194531,"[dac] CH_A set to +0.684 V (code=35009)
"
225,66,38,0.6842100952850245,0.5536566190839256,-0.13055347620109892,1784365000.78256,1784365002.218603,1784365001.5005815,1.40915484,"[dac] CH_A set to +0.554 V (code=34582)
"
226,66,39,0.5536566190839256,0.4231031428828267,-0.13055347620109892,1784365002.2188852,1784365003.6477041,1784365002.9332948,1.35955206,"[dac] CH_A set to +0.423 V (code=34154)
"
227,66,40,0.4231031428828267,0.29254966668172777,-0.13055347620109892,1784365003.647892,1784365005.077651,1784365004.3627715,1.30994927,"[dac] CH_A set to +0.292 V (code=33726)
"
228,66,41,0.29254966668172777,0.16199619048062885,-0.13055347620109892,1784365005.077858,1784365006.516299,1784365005.7970786,1.23085293,"[dac] CH_A set to +0.162 V (code=33298)
"
229,66,42,0.16199619048062885,0.031442714279530826,-0.13055347620109803,1784365006.516604,1784365007.941313,1784365007.2289586,1.18527199,"[dac] CH_A set to +0.031 V (code=32870)
"
230,66,43,0.031442714279530826,-0.09911076192156809,-0.13055347620109892,1784365007.941519,1784365009.375915,1784365008.6587172,1.13298798,"[dac] CH_A set to -0.099 V (code=32443)
"
231,66,44,-0.09911076192156809,-0.229664238122667,-0.13055347620109892,1784365009.376201,1784365010.8187919,1784365010.0974965,1.08204457,"[dac] CH_A set to -0.230 V (code=32015)
"
232,66,45,-0.229664238122667,-0.36021771432376504,-0.13055347620109803,1784365010.8198621,1784365012.2592902,1784365011.539576,1.00160762,"[dac] CH_A set to -0.360 V (code=31587)
"
233,66,46,-0.36021771432376504,-0.49077119052486395,-0.13055347620109892,1784365012.25952,1784365013.693784,1784365012.9766521,0.930554981,"[dac] CH_A set to -0.491 V (code=31159)
"
234,66,47,-0.49077119052486395,-0.6213246667259629,-0.13055347620109892,1784365013.69402,1784365015.1259289,1784365014.4099746,0.878270963,"[dac] CH_A set to -0.621 V (code=30732)
"
235,66,48,-0.6213246667259629,-0.7518781429270618,-0.13055347620109892,1784365015.126129,1784365016.567929,1784365015.847029,0.824646329,"[dac] CH_A set to -0.752 V (code=30304)
"
236,66,49,-0.7518781429270618,-0.8824316191281607,-0.13055347620109892,1784365016.568127,1784365018.005795,1784365017.286961,0.773702926,"[dac] CH_A set to -0.882 V (code=29876)
"
237,66,50,-0.8824316191281607,-1.0129850953292587,-0.13055347620109803,1784365018.0059981,1784365019.429763,1784365018.7178807,0.675837969,"[dac] CH_A set to -1.013 V (code=29448)
"
238,66,51,-1.0129850953292587,-1.1435385715303577,-0.13055347620109892,1784365019.431286,1784365020.8747158,1784365020.1530008,0.643663188,"[dac] CH_A set to -1.143 V (code=29021)
"
239,66,52,-1.1435385715303577,-1.2740920477314566,-0.13055347620109892,1784365020.874908,1784365022.307594,1784365021.591251,0.5685887,"[dac] CH_A set to -1.274 V (code=28593)
"
240,66,53,-1.2740920477314566,-1.4046455239325546,-0.13055347620109803,1784365022.30775,1784365023.744477,1784365023.0261135,0.509601602,"[dac] CH_A set to -1.405 V (code=28165)
"
241,66,54,-1.4046455239325546,-1.5351990001336535,-0.13055347620109892,1784365023.7446861,1784365025.178143,1784365024.4614146,0.441230194,"[dac] CH_A set to -1.535 V (code=27737)
"
242,66,55,-1.5351990001336535,-1.6657524763347524,-0.13055347620109892,1784365025.17835,1784365026.6180422,1784365025.8981962,0.394308639,"[dac] CH_A set to -1.666 V (code=27309)
"
243,66,56,-1.6657524763347524,-1.7963059525358513,-0.13055347620109892,1784365026.6182349,1784365028.067918,1784365027.3430765,0.363474474,"[dac] CH_A set to -1.796 V (code=26881)
"
244,66,57,-1.7963059525358513,-1.9268594287369503,-0.13055347620109892,1784365028.068167,1784365029.509799,1784365028.7889829,0.312531072,"[dac] CH_A set to -1.927 V (code=26454)
"
245,66,58,-1.9268594287369503,-2.0574129049380483,-0.13055347620109803,1784365029.510025,1784365030.9525352,1784365030.23128,0.24818151,"[dac] CH_A set to -2.057 V (code=26026)
"
246,66,59,-2.0574129049380483,-2.187966381139147,-0.13055347620109892,1784365030.952738,1784365032.377716,1784365031.665227,0.203941187,"[dac] CH_A set to -2.188 V (code=25598)
"
247,66,60,-2.187966381139147,-2.318519857340246,-0.13055347620109892,1784365032.377911,1784365033.808053,1784365033.092982,0.181150718,"[dac] CH_A set to -2.319 V (code=25170)
"
248,66,61,-2.318519857340246,-2.449073333541344,-0.13055347620109803,1784365033.808224,1784365035.259394,1784365034.533809,0.134229163,"[dac] CH_A set to -2.449 V (code=24742)
"
249,66,62,-2.449073333541344,-2.579626809742443,-0.13055347620109892,1784365035.25969,1784365036.6910589,1784365035.9753745,0.0993731504,"[dac] CH_A set to -2.580 V (code=24315)
"
250,66,63,-2.579626809742443,-2.710180285943542,-0.13055347620109892,1784365036.6912482,1784365038.126058,1784365037.4086533,0.075242065,"[dac] CH_A set to -2.710 V (code=23887)
"
251,66,64,-2.710180285943542,-2.840733762144641,-0.13055347620109892,1784365038.126272,1784365039.574411,1784365038.8503413,0.0591546747,"[dac] CH_A set to -2.841 V (code=23459)
"
252,66,65,-2.840733762144641,-2.97128723834574,-0.13055347620109892,1784365039.575459,1784365041.016024,1784365040.2957416,0.0202768148,"[dac] CH_A set to -2.971 V (code=23031)
"
253,66,66,-2.97128723834574,-3.1018407145468387,-0.13055347620109892,1784365041.016224,1784365042.448917,1784365041.7325704,0.0122331197,"[dac] CH_A set to -3.102 V (code=22604)
"
254,66,67,-3.1018407145468387,-3.2323941907479377,-0.13055347620109892,1784365042.449174,1784365043.89205,1784365043.1706119,-0.00519470658,"[dac] CH_A set to -3.232 V (code=22176)
"
255,66,68,-3.2323941907479377,-3.362947666949035,-0.13055347620109714,1784365043.892565,1784365045.317722,1784365044.6051435,-0.00653527962,"[dac] CH_A set to -3.363 V (code=21748)
"
256,66,69,-3.362947666949035,-3.4935011431501337,-0.13055347620109892,1784365045.317914,1784365046.744991,1784365046.0314527,0.0216174735,"[dac] CH_A set to -3.493 V (code=21320)
"
257,66,70,-3.4935011431501337,-3.6240546193512326,-0.13055347620109892,1784365046.745209,1784365048.175786,1784365047.4604974,0.0296611258,"[dac] CH_A set to -3.624 V (code=20892)
"
258,66,71,-3.6240546193512326,-3.7546080955523315,-0.13055347620109892,1784365048.176865,1784365049.6254458,1784365048.9011555,0.0430672844,"[dac] CH_A set to -3.755 V (code=20465)
"
259,66,72,-3.7546080955523315,-3.8851615717534296,-0.13055347620109803,1784365049.6256661,1784365051.058485,1784365050.3420756,0.0417266685,"[dac] CH_A set to -3.885 V (code=20037)
"
260,67,0,-4.0157150479545285,-4.080991786055078,-0.06527673810054946,1784365079.640501,1784365081.0632598,1784365080.3518806,0.0873076077,"[dac] CH_A set to -4.081 V (code=19395)
"
261,67,1,-4.080991786055078,-4.146268524155627,-0.06527673810054946,1784365081.063448,1784365082.501943,1784365081.7826955,0.0926700711,"[dac] CH_A set to -4.146 V (code=19181)
"
262,68,0,-4.0157150479545285,-3.8944868200535083,0.12122822790102017,1784365111.048718,1784365112.477202,1784365111.76296,0.0980325345,"[dac] CH_A set to -3.895 V (code=20006)
"
263,68,1,-3.8944868200535083,-3.773258592152488,0.12122822790102017,1784365112.477685,1784365113.916619,1784365113.1971521,0.0671983698,"[dac] CH_A set to -3.773 V (code=20403)
"
264,68,2,-3.773258592152488,-3.652030364251468,0.12122822790102017,1784365113.916846,1784365115.3554611,1784365114.6361537,0.0537922112,"[dac] CH_A set to -3.652 V (code=20801)
"
265,68,3,-3.652030364251468,-3.5308021363504474,0.12122822790102061,1784365115.355686,1784365116.80015,1784365116.077918,0.0296611258,"[dac] CH_A set to -3.531 V (code=21198)
"
266,68,4,-3.5308021363504474,-3.409573908449427,0.12122822790102017,1784365116.800427,1784365118.239905,1784365117.520166,0.0149143514,"[dac] CH_A set to -3.410 V (code=21595)
"
267,68,5,-3.409573908449427,-3.288345680548407,0.12122822790102017,1784365118.2401311,1784365119.6716669,1784365118.955899,0.00150819284,"[dac] CH_A set to -3.288 V (code=21993)
"
268,68,6,-3.288345680548407,-3.167117452647387,0.12122822790102017,1784365119.672812,1784365121.120672,1784365120.3967419,0.02832051,"[dac] CH_A set to -3.167 V (code=22390)
"
269,68,7,-3.167117452647387,-3.0458892247463667,0.12122822790102017,1784365121.120854,1784365122.552015,1784365121.8364344,0.0122332082,"[dac] CH_A set to -3.046 V (code=22787)
"
270,68,8,-3.0458892247463667,-2.924660996845346,0.12122822790102061,1784365122.5522099,1784365123.9831161,1784365123.267663,0.0296611258,"[dac] CH_A set to -2.925 V (code=23184)
"
271,68,9,-2.924660996845346,-2.803432768944326,0.12122822790102017,1784365123.983349,1784365125.416932,1784365124.7001405,-0.00921632576,"[dac] CH_A set to -2.803 V (code=23581)
"
272,68,10,-2.803432768944326,-2.6822045410433057,0.12122822790102017,1784365125.417196,1784365126.8613172,1784365126.1392565,0.0310017417,"[dac] CH_A set to -2.682 V (code=23979)
"
273,68,11,-2.6822045410433057,-2.5609763131422856,0.12122822790102017,1784365126.861603,1784365128.30435,1784365127.5829763,0.0698796015,"[dac] CH_A set to -2.561 V (code=24376)
"
274,68,12,-2.5609763131422856,-2.4397480852412654,0.12122822790102017,1784365128.3047318,1784365129.746464,1784365129.025598,0.0779232967,"[dac] CH_A set to -2.440 V (code=24773)
"
275,68,13,-2.4397480852412654,-2.3185198573402452,0.12122822790102017,1784365129.74666,1784365131.1833558,1784365130.4650078,0.0873076077,"[dac] CH_A set to -2.319 V (code=25170)
"
276,69,0,-2.1879663811391463,-2.122689643038597,0.06527673810054946,1784365159.754326,1784365161.184128,1784365160.469227,0.170425791,"[dac] CH_A set to -2.123 V (code=25812)
"
277,69,1,-2.122689643038597,-2.0574129049380474,0.06527673810054946,1784365161.184319,1784365162.622112,1784365161.9032154,0.179810102,"[dac] CH_A set to -2.057 V (code=26026)
"
278,70,0,-2.1879663811391463,-2.0574129049380474,0.13055347620109892,1784365191.154284,1784365192.5913339,1784365191.872809,0.181150718,"[dac] CH_A set to -2.057 V (code=26026)
"
279,70,1,-2.0574129049380474,-1.926859428736949,0.13055347620109847,1784365192.591841,1784365194.016116,1784365193.3039784,0.211984882,"[dac] CH_A set to -1.927 V (code=26454)
"
280,70,2,-1.926859428736949,-1.7963059525358502,0.1305534762010987,1784365194.016298,1784365195.4405718,1784365194.728435,0.24818151,"[dac] CH_A set to -1.796 V (code=26881)
"
281,70,3,-1.7963059525358502,-1.6657524763347515,0.1305534762010987,1784365195.440771,1784365196.880821,1784365196.1607962,0.285718754,"[dac] CH_A set to -1.666 V (code=27309)
"
282,70,4,-1.6657524763347515,-1.5351990001336528,0.1305534762010987,1784365196.881002,1784365198.3163588,1784365197.5986805,0.321915383,"[dac] CH_A set to -1.535 V (code=27737)
"
283,70,5,-1.5351990001336528,-1.4046455239325542,0.1305534762010987,1784365198.317537,1784365199.747638,1784365199.0325875,0.378221249,"[dac] CH_A set to -1.405 V (code=28165)
"
284,70,6,-1.4046455239325542,-1.2740920477314555,0.1305534762010987,1784365199.747835,1784365201.182771,1784365200.465303,0.429164651,"[dac] CH_A set to -1.274 V (code=28593)
"
285,70,7,-1.2740920477314555,-1.1435385715303568,0.1305534762010987,1784365201.182956,1784365202.631119,1784365201.9070375,0.49753606,"[dac] CH_A set to -1.143 V (code=29021)
"
286,70,8,-1.1435385715303568,-1.012985095329258,0.1305534762010987,1784365202.6313002,1784365204.0662122,1784365203.3487563,0.533732688,"[dac] CH_A set to -1.013 V (code=29448)
"
287,70,9,-1.012985095329258,-0.8824316191281594,0.1305534762010987,1784365204.066731,1784365205.507781,1784365204.787256,0.610147792,"[dac] CH_A set to -0.882 V (code=29876)
"
288,70,10,-0.8824316191281594,-0.7518781429270607,0.1305534762010987,1784365205.50797,1784365206.940535,1784365206.2242527,0.674497353,"[dac] CH_A set to -0.752 V (code=30304)
"
289,70,11,-0.7518781429270607,-0.621324666725962,0.1305534762010987,1784365206.940736,1784365208.369278,1784365207.655007,0.744209377,"[dac] CH_A set to -0.621 V (code=30732)
"
290,70,12,-0.621324666725962,-0.4907711905248633,0.1305534762010987,1784365208.369455,1784365209.806634,1784365209.0880446,0.789790317,"[dac] CH_A set to -0.491 V (code=31159)
"
291,70,13,-0.4907711905248633,-0.3602177143237646,0.1305534762010987,1784365209.807641,1784365211.241386,1784365210.5245135,0.864864804,"[dac] CH_A set to -0.360 V (code=31587)
"
292,70,14,-0.3602177143237646,-0.2296642381226659,0.1305534762010987,1784365211.241583,1784365212.687882,1784365211.9647326,0.929214366,"[dac] CH_A set to -0.230 V (code=32015)
"
293,70,15,-0.2296642381226659,-0.0991107619215672,0.1305534762010987,1784365212.688072,1784365214.138029,1784365213.4130507,0.980157768,"[dac] CH_A set to -0.099 V (code=32443)
"
294,70,16,-0.0991107619215672,0.031442714279531714,0.13055347620109892,1784365214.1382241,1784365215.5828831,1784365214.8605537,1.04048548,"[dac] CH_A set to +0.031 V (code=32870)
"
295,70,17,0.031442714279531714,0.1619961904806302,0.13055347620109847,1784365215.5839272,1784365217.019566,1784365216.3017466,1.11153812,"[dac] CH_A set to +0.162 V (code=33298)
"
296,70,18,0.1619961904806302,0.29254966668172866,0.13055347620109847,1784365217.0197299,1784365218.464288,1784365217.742009,0.608807176,"[dac] CH_A set to +0.292 V (code=33726)
[dac] CH_A set to -0.882 V (code=29876)
"
297,70,19,0.29254966668172866,0.4231031428828276,0.13055347620109892,1784365218.4645498,1784365219.901338,1784365219.1829438,1.19465631,"[dac] CH_A set to +0.423 V (code=34154)
"
298,70,20,0.4231031428828276,0.5536566190839265,0.13055347620109892,1784365219.901553,1784365221.342763,1784365220.622158,1.26704956,"[dac] CH_A set to +0.554 V (code=34582)
"
299,70,21,0.5536566190839265,0.684210095285025,0.13055347620109847,1784365221.3429718,1784365222.777026,1784365222.059999,1.30994927,"[dac] CH_A set to +0.684 V (code=35009)
"
300,70,22,0.684210095285025,0.8147635714861234,0.13055347620109847,1784365222.777441,1784365224.1995652,1784365223.488503,1.34748651,"[dac] CH_A set to +0.815 V (code=35437)
"
301,70,23,0.8147635714861234,0.9453170476872224,0.13055347620109892,1784365224.1997929,1784365225.6304362,1784365224.9151144,1.3890456,"[dac] CH_A set to +0.945 V (code=35865)
"
302,70,24,0.9453170476872224,1.0758705238883213,0.13055347620109892,1784365225.630625,1784365227.076282,1784365226.3534536,1.42122038,"[dac] CH_A set to +1.076 V (code=36293)
"
303,70,25,1.0758705238883213,1.2064240000894197,0.13055347620109847,1784365227.076467,1784365228.511531,1784365227.7939992,1.47216379,"[dac] CH_A set to +1.206 V (code=36721)
"
304,70,26,1.2064240000894197,1.3369774762905182,0.13055347620109847,1784365228.511754,1784365229.957749,1784365229.2347515,1.49227303,"[dac] CH_A set to +1.337 V (code=37149)
"
305,70,27,1.3369774762905182,1.4675309524916171,0.13055347620109892,1784365229.9582431,1784365231.393077,1784365230.6756601,1.55260074,"[dac] CH_A set to +1.467 V (code=37576)
"
306,70,28,1.4675309524916171,1.598084428692716,0.13055347620109892,1784365231.393263,1784365232.8322198,1784365232.1127415,1.56734751,"[dac] CH_A set to +1.598 V (code=38004)
"
307,70,29,1.598084428692716,1.7286379048938145,0.13055347620109847,1784365232.832395,1784365234.279396,1784365233.5558956,1.56466628,"[dac] CH_A set to +1.729 V (code=38432)
"
308,70,30,1.7286379048938145,1.859191381094913,0.13055347620109847,1784365234.279582,1784365235.7097542,1784365234.994668,1.58745675,"[dac] CH_A set to +1.859 V (code=38860)
"
309,70,31,1.859191381094913,1.989744857296012,0.13055347620109892,1784365235.7099771,1784365237.146965,1784365236.428471,1.5834349,"[dac] CH_A set to +1.990 V (code=39287)
"
310,70,32,1.989744857296012,2.120298333497111,0.13055347620109892,1784365237.147145,1784365238.56811,1784365237.8576274,1.58075367,"[dac] CH_A set to +2.120 V (code=39715)
"
311,70,33,2.120298333497111,2.2508518096982097,0.13055347620109892,1784365238.56834,1784365240.0069828,1784365239.2876616,1.60354414,"[dac] CH_A set to +2.251 V (code=40143)
"
312,70,34,2.2508518096982097,2.3814052858993078,0.13055347620109803,1784365240.0071979,1784365241.44177,1784365240.724484,1.60756599,"[dac] CH_A set to +2.381 V (code=40571)
"
313,70,35,2.3814052858993078,2.5119587621004067,0.13055347620109892,1784365241.441966,1784365242.88337,1784365242.162668,1.56868813,"[dac] CH_A set to +2.512 V (code=40999)
"
314,70,36,2.5119587621004067,2.6425122383015056,0.13055347620109892,1784365242.884419,1784365244.316331,1784365243.600375,1.58209429,"[dac] CH_A set to +2.642 V (code=41426)
"
315,70,37,2.6425122383015056,2.7730657145026036,0.13055347620109803,1784365244.316577,1784365245.7633228,1784365245.03995,1.55126012,"[dac] CH_A set to +2.773 V (code=41854)
"
316,70,38,2.7730657145026036,2.9036191907037026,0.13055347620109892,1784365245.763513,1784365247.189742,1784365246.4766276,1.52176657,"[dac] CH_A set to +2.904 V (code=42282)
"
317,70,39,2.9036191907037026,3.0341726669048015,0.13055347620109892,1784365247.189918,1784365248.631456,1784365247.910687,1.50970103,"[dac] CH_A set to +3.034 V (code=42710)
"
318,70,40,3.0341726669048015,3.1647261431059004,0.13055347620109892,1784365248.6324868,1784365250.064796,1784365249.3486414,1.42926408,"[dac] CH_A set to +3.165 V (code=43137)
"
319,70,41,3.1647261431059004,3.2952796193069993,0.13055347620109892,1784365250.0651011,1784365251.501487,1784365250.7832942,1.43328593,"[dac] CH_A set to +3.295 V (code=43565)
"
320,70,42,3.2952796193069993,3.4258330955080973,0.13055347620109803,1784365251.501676,1784365252.933104,1784365252.21739,1.40111115,"[dac] CH_A set to +3.426 V (code=43993)
"
321,70,43,3.4258330955080973,3.5563865717091963,0.13055347620109892,1784365252.933302,1784365254.374688,1784365253.653995,1.32469604,"[dac] CH_A set to +3.556 V (code=44421)
"
322,70,44,3.5563865717091963,3.686940047910295,0.13055347620109892,1784365254.375127,1784365255.805584,1784365255.0903554,1.30056496,"[dac] CH_A set to +3.687 V (code=44849)
"
323,70,45,3.686940047910295,3.817493524111393,0.13055347620109803,1784365255.805791,1784365257.2609448,1784365256.5333679,1.20806246,"[dac] CH_A set to +3.818 V (code=45276)
"
324,70,46,3.817493524111393,3.948047000312492,0.13055347620109892,1784365257.261133,1784365258.690536,1784365257.9758344,1.16248152,"[dac] CH_A set to +3.948 V (code=45704)
"
325,71,0,3.817493524111393,3.7522167860108437,-0.06527673810054946,1784365287.201705,1784365288.644508,1784365287.9231064,1.22280924,"[dac] CH_A set to +3.752 V (code=45063)
"
326,71,1,3.7522167860108437,3.6869400479102943,-0.06527673810054946,1784365288.6455638,1784365290.0867012,1784365289.3661325,1.24023724,"[dac] CH_A set to +3.687 V (code=44849)
"
327,72,0,3.817493524111393,3.6869400479102943,-0.13055347620109892,1784365318.602677,1784365320.050106,1784365319.3263917,1.21878739,"[dac] CH_A set to +3.687 V (code=44849)
"
328,72,1,3.6869400479102943,3.556386571709196,-0.13055347620109847,1784365320.051179,1784365321.474287,1784365320.762733,1.26570895,"[dac] CH_A set to +3.556 V (code=44421)
"
329,72,2,3.556386571709196,3.4258330955080973,-0.13055347620109847,1784365321.4745128,1784365322.907284,1784365322.1908984,1.31933358,"[dac] CH_A set to +3.426 V (code=43993)
"
330,72,3,3.4258330955080973,3.2952796193069984,-0.13055347620109892,1784365322.907489,1784365324.345381,1784365323.626435,1.36625513,"[dac] CH_A set to +3.295 V (code=43565)
"
331,72,4,3.2952796193069984,3.1647261431058995,-0.13055347620109892,1784365324.345561,1784365325.760899,1784365325.05323,1.40513299,"[dac] CH_A set to +3.165 V (code=43137)
"
332,72,5,3.1647261431058995,3.034172666904801,-0.13055347620109847,1784365325.76109,1784365327.2072918,1784365326.484191,1.41987977,"[dac] CH_A set to +3.034 V (code=42710)
"
333,72,6,3.034172666904801,2.9036191907037026,-0.13055347620109847,1784365327.208371,1784365328.642729,1784365327.92555,1.4815481,"[dac] CH_A set to +2.904 V (code=42282)
"
334,72,7,2.9036191907037026,2.7730657145026036,-0.13055347620109892,1784365328.642952,1784365330.085272,1784365329.364112,1.48288871,"[dac] CH_A set to +2.773 V (code=41854)
"
335,72,8,2.7730657145026036,2.6425122383015047,-0.13055347620109892,1784365330.085461,1784365331.524648,1784365330.8050544,1.52444781,"[dac] CH_A set to +2.642 V (code=41426)
"
336,72,9,2.6425122383015047,2.5119587621004063,-0.13055347620109847,1784365331.524896,1784365332.96695,1784365332.245923,1.5834349,"[dac] CH_A set to +2.512 V (code=40999)
"
337,72,10,2.5119587621004063,2.3814052858993078,-0.13055347620109847,1784365332.967961,1784365334.400605,1784365333.684283,1.56466628,"[dac] CH_A set to +2.381 V (code=40571)
"
338,72,11,2.3814052858993078,2.250851809698209,-0.13055347620109892,1784365334.400823,1784365335.8385532,1784365335.119688,1.59415983,"[dac] CH_A set to +2.251 V (code=40143)
"
339,73,0,2.3814052858993078,2.4466820239998572,0.06527673810054946,1784365364.426076,1784365365.8569942,1784365365.141535,1.56332567,"[dac] CH_A set to +2.447 V (code=40785)
"
340,73,1,2.4466820239998572,2.5119587621004067,0.06527673810054946,1784365365.858145,1784365367.2907898,1784365366.5744674,1.53383212,"[dac] CH_A set to +2.512 V (code=40999)
"
341,74,0,2.3814052858993078,2.250851809698209,-0.13055347620109892,1784365395.8063948,1784365397.2334342,1784365396.5199146,1.59684106,"[dac] CH_A set to +2.251 V (code=40143)
"
342,74,1,2.250851809698209,2.1202983334971104,-0.13055347620109847,1784365397.233681,1784365398.659034,1784365397.9463575,1.61426907,"[dac] CH_A set to +2.120 V (code=39715)
"
343,74,2,2.1202983334971104,1.9897448572960117,-0.1305534762010987,1784365398.659229,1784365400.08963,1784365399.3744295,1.59281921,"[dac] CH_A set to +1.990 V (code=39287)
"
344,74,3,1.9897448572960117,1.859191381094913,-0.1305534762010987,1784365400.0898519,1784365401.529727,1784365400.8097894,1.61292845,"[dac] CH_A set to +1.859 V (code=38860)
"
345,74,4,1.859191381094913,1.7286379048938143,-0.1305534762010987,1784365401.529932,1784365402.9694982,1784365402.249715,1.59818168,"[dac] CH_A set to +1.729 V (code=38432)
"
346,74,5,1.7286379048938143,1.5980844286927156,-0.1305534762010987,1784365402.969714,1784365404.406399,1784365403.6880565,1.57941306,"[dac] CH_A set to +1.598 V (code=38004)
"
347,74,6,1.5980844286927156,1.467530952491617,-0.1305534762010987,1784365404.406728,1784365405.832633,1784365405.1196804,1.56868813,"[dac] CH_A set to +1.467 V (code=37576)
"
348,74,7,1.467530952491617,1.3369774762905182,-0.1305534762010987,1784365405.83283,1784365407.280972,1784365406.556901,1.54723828,"[dac] CH_A set to +1.337 V (code=37149)
"
349,74,8,1.3369774762905182,1.2064240000894195,-0.1305534762010987,1784365407.282033,1784365408.732587,1784365408.00731,1.53785396,"[dac] CH_A set to +1.206 V (code=36721)
"
350,74,9,1.2064240000894195,1.0758705238883208,-0.1305534762010987,1784365408.732833,1784365410.172247,1784365409.45254,1.49361364,"[dac] CH_A set to +1.076 V (code=36293)
"
351,74,10,1.0758705238883208,0.9453170476872221,-0.1305534762010987,1784365410.172429,1784365411.6010911,1784365410.8867602,1.47216379,"[dac] CH_A set to +0.945 V (code=35865)
"
352,74,11,0.9453170476872221,0.8147635714861234,-0.1305534762010987,1784365411.601297,1784365413.033848,1784365412.3175726,1.43328593,"[dac] CH_A set to +0.815 V (code=35437)
"
353,74,12,0.8147635714861234,0.6842100952850247,-0.1305534762010987,1784365413.0340428,1784365414.487127,1784365413.7605848,1.37027698,"[dac] CH_A set to +0.684 V (code=35009)
"
354,74,13,0.6842100952850247,0.553656619083926,-0.1305534762010987,1784365414.487332,1784365415.924793,1784365415.2060626,1.34882713,"[dac] CH_A set to +0.554 V (code=34582)
"
355,74,14,0.553656619083926,0.42310314288282735,-0.1305534762010987,1784365415.9252129,1784365417.367886,1784365416.6465495,1.31531173,"[dac] CH_A set to +0.423 V (code=34154)
"
356,74,15,0.42310314288282735,0.29254966668172866,-0.1305534762010987,1784365417.368068,1784365418.799024,1784365418.0835462,1.2281717,"[dac] CH_A set to +0.292 V (code=33726)
"
357,74,16,0.29254966668172866,0.16199619048062974,-0.13055347620109892,1784365418.79921,1784365420.2324831,1784365419.5158467,1.19867815,"[dac] CH_A set to +0.162 V (code=33298)
"
358,74,17,0.16199619048062974,0.03144271427953127,-0.13055347620109847,1784365420.2328188,1784365421.6537821,1784365420.9433005,1.13835044,"[dac] CH_A set to +0.031 V (code=32870)
"
359,74,18,0.03144271427953127,-0.0991107619215672,-0.13055347620109847,1784365421.653984,1784365423.081503,1784365422.3677435,1.1008132,"[dac] CH_A set to -0.099 V (code=32443)
"
360,74,19,-0.0991107619215672,-0.22966423812266612,-0.13055347620109892,1784365423.081685,1784365424.523766,1784365423.8027256,1.03244179,"[dac] CH_A set to -0.230 V (code=32015)
"
361,74,20,-0.22966423812266612,-0.36021771432376504,-0.13055347620109892,1784365424.52426,1784365425.951705,1784365425.2379825,0.942620524,"[dac] CH_A set to -0.360 V (code=31587)
"
362,74,21,-0.36021771432376504,-0.4907711905248635,-0.13055347620109847,1784365425.951926,1784365427.3848162,1784365426.6683712,0.946642372,"[dac] CH_A set to -0.491 V (code=31159)
"
363,74,22,-0.4907711905248635,-0.621324666725962,-0.13055347620109847,1784365427.385043,1784365428.81718,1784365428.1011114,0.832690024,"[dac] CH_A set to -0.621 V (code=30732)
"
364,75,0,-0.7518781429270609,-0.8171548810276104,-0.06527673810054946,1784365457.381665,1784365458.81751,1784365458.0995874,0.728121987,"[dac] CH_A set to -0.817 V (code=30090)
"
365,75,1,-0.8171548810276104,-0.8824316191281598,-0.06527673810054946,1784365458.818789,1784365460.256716,1784365459.5377526,0.698628438,"[dac] CH_A set to -0.882 V (code=29876)
"
366,76,0,-0.7518781429270609,-0.8824316191281596,-0.1305534762010987,1784365488.784111,1784365490.231833,1784365489.507972,0.70130967,"[dac] CH_A set to -0.882 V (code=29876)
"
367,76,1,-0.8824316191281596,-1.0129850953292583,-0.1305534762010987,1784365490.232206,1784365491.6654232,1784365490.9488146,0.649025652,"[dac] CH_A set to -1.013 V (code=29448)
"
368,76,2,-1.0129850953292583,-1.143538571530357,-0.1305534762010987,1784365491.665621,1784365493.098835,1784365492.382228,0.555182542,"[dac] CH_A set to -1.143 V (code=29021)
"
369,76,3,-1.143538571530357,-1.2740920477314557,-0.1305534762010987,1784365493.099023,1784365494.538059,1784365493.818541,0.508260987,"[dac] CH_A set to -1.274 V (code=28593)
"
370,76,4,-1.2740920477314557,-1.4046455239325544,-0.1305534762010987,1784365494.538236,1784365495.970604,1784365495.2544198,0.427824035,"[dac] CH_A set to -1.405 V (code=28165)
"
371,76,5,-1.4046455239325544,-1.535199000133653,-0.1305534762010987,1784365495.970779,1784365497.4068532,1784365496.688816,0.402352334,"[dac] CH_A set to -1.535 V (code=27737)
"
372,76,6,-1.535199000133653,-1.6657524763347518,-0.1305534762010987,1784365497.407043,1784365498.997461,1784365498.202252,0.354090163,"[dac] CH_A set to -1.666 V (code=27309)
[acq] n=16 win=320.0ms dc=+0.343430V
  f=1000.0 mag=0.000881 ph=-1.614 i=-0.000038 q=-0.000880
  f=2000.0 mag=0.000441 ph=-1.624 i=-0.000023 q=-0.000441
ACQ n=16 dc=+0.343430 | 1000.0,-0.000038,-0.000880 2000.0,-0.000023,-0.000441
RAWADC v=1 scope=acq expected=20480 used=20480 read_fail=0 blocks=16 complete=1 timeout=0 gain=1 fs_uv=1200000 guard=8381618 crc=0
RAWADC_CH v=1 scope=acq ch=0 min=21934 max=6449715 rail_lo=0 rail_hi=0 guard_lo=0 guard_hi=0
"
373,76,7,-1.6657524763347518,-1.7963059525358505,-0.1305534762010987,1784365498.9976408,1784365500.4318268,1784365499.7147338,0.313871687,"[dac] CH_A set to -1.796 V (code=26881)
"
374,76,8,-1.7963059525358505,-1.9268594287369492,-0.1305534762010987,1784365500.432097,1784365501.874061,1784365501.153079,0.240137815,"[dac] CH_A set to -1.927 V (code=26454)
"
375,76,9,-1.9268594287369492,-2.057412904938048,-0.1305534762010987,1784365501.875099,1784365503.3064058,1784365502.5907524,0.205281803,"[dac] CH_A set to -2.057 V (code=26026)
"
376,76,10,-2.057412904938048,-2.1879663811391463,-0.13055347620109847,1784365503.306748,1784365504.7521238,1784365504.0294359,0.136910394,"[dac] CH_A set to -2.188 V (code=25598)
"
377,76,11,-2.1879663811391463,-2.3185198573402452,-0.13055347620109892,1784365504.752481,1784365506.1986089,1784365505.475545,0.134229163,"[dac] CH_A set to -2.319 V (code=25170)
"
378,76,12,-2.3185198573402452,-2.449073333541344,-0.13055347620109892,1784365506.198784,1784365507.6403358,1784365506.91956,0.116801157,"[dac] CH_A set to -2.449 V (code=24742)
"
379,76,13,-2.449073333541344,-2.5796268097424426,-0.13055347620109847,1784365507.640629,1784365509.0741088,1784365508.357369,0.075242065,"[dac] CH_A set to -2.580 V (code=24315)
"
380,76,14,-2.5796268097424426,-2.710180285943541,-0.13055347620109847,1784365509.074311,1784365510.506473,1784365509.790392,0.02832051,"[dac] CH_A set to -2.710 V (code=23887)
"
381,76,15,-2.710180285943541,-2.84073376214464,-0.13055347620109892,1784365510.5067048,1784365511.9402628,1784365511.2234838,0.0323424004,"[dac] CH_A set to -2.841 V (code=23459)
"
382,76,16,-2.84073376214464,-2.971287238345739,-0.13055347620109892,1784365511.94045,1784365513.372857,1784365512.6566534,0.018936199,"[dac] CH_A set to -2.971 V (code=23031)
"
383,76,17,-2.971287238345739,-3.1018407145468374,-0.13055347620109847,1784365513.373065,1784365514.8112378,1784365514.0921514,0.0269798941,"[dac] CH_A set to -3.102 V (code=22604)
"
384,76,18,-3.1018407145468374,-3.2323941907479363,-0.13055347620109892,1784365514.811462,1784365516.240607,1784365515.5260344,-0.0132381277,"[dac] CH_A set to -3.232 V (code=22176)
"
385,77,0,-3.1018407145468374,-3.036563976446288,0.06527673810054946,1784365544.779834,1784365546.214303,1784365545.4970684,-0.00653527676,"[dac] CH_A set to -3.037 V (code=22817)
"
386,77,1,-3.036563976446288,-2.9712872383457385,0.06527673810054946,1784365546.2154949,1784365547.6589131,1784365546.937204,0.00150823566,"[dac] CH_A set to -2.971 V (code=23031)
"
387,78,0,-3.1018407145468374,-2.971287238345739,0.13055347620109847,1784365576.1739242,1784365577.6094668,1784365576.8916955,0.018936199,"[dac] CH_A set to -2.971 V (code=23031)
"
388,78,1,-2.971287238345739,-2.84073376214464,0.13055347620109892,1784365577.609899,1784365579.057645,1784365578.3337722,0.0296611258,"[dac] CH_A set to -2.841 V (code=23459)
"
389,78,2,-2.84073376214464,-2.710180285943541,0.13055347620109892,1784365579.057902,1784365580.4992142,1784365579.7785583,0.047089132,"[dac] CH_A set to -2.710 V (code=23887)
"
390,78,3,-2.710180285943541,-2.5796268097424426,0.13055347620109847,1784365580.49948,1784365581.93397,1784365581.2167249,0.0604952905,"[dac] CH_A set to -2.580 V (code=24315)
"
391,78,4,-2.5796268097424426,-2.449073333541344,0.13055347620109847,1784365581.934185,1784365583.349331,1784365582.641758,0.0725608332,"[dac] CH_A set to -2.449 V (code=24742)
"
392,78,5,-2.449073333541344,-2.3185198573402452,0.13055347620109892,1784365583.350388,1784365584.790783,1784365584.0705855,0.0993731504,"[dac] CH_A set to -2.319 V (code=25170)
"
393,78,6,-2.3185198573402452,-2.1879663811391463,0.13055347620109892,1784365584.791028,1784365586.234698,1784365585.5128632,0.142272858,"[dac] CH_A set to -2.188 V (code=25598)
"
394,78,7,-2.1879663811391463,-2.057412904938048,0.13055347620109847,1784365586.234913,1784365587.674131,1784365586.9545221,0.1543384,"[dac] CH_A set to -2.057 V (code=26026)
"
395,78,8,-2.057412904938048,-1.9268594287369492,0.1305534762010987,1784365587.674334,1784365589.104718,1784365588.389526,0.245500279,"[dac] CH_A set to -1.927 V (code=26454)
"
396,78,9,-1.9268594287369492,-1.7963059525358505,0.1305534762010987,1784365589.104959,1784365590.533356,1784365589.8191576,0.252203358,"[dac] CH_A set to -1.796 V (code=26881)
"
397,78,10,-1.7963059525358505,-1.6657524763347518,0.1305534762010987,1784365590.533561,1784365591.9774652,1784365591.2555132,0.281696907,"[dac] CH_A set to -1.666 V (code=27309)
"
398,78,11,-1.6657524763347518,-1.535199000133653,0.1305534762010987,1784365591.977643,1784365593.4080782,1784365592.6928606,0.319234151,"[dac] CH_A set to -1.535 V (code=27737)
"
399,78,12,-1.535199000133653,-1.4046455239325544,0.1305534762010987,1784365593.4082692,1784365594.838287,1784365594.1232781,0.374199401,"[dac] CH_A set to -1.405 V (code=28165)
"
400,78,13,-1.4046455239325544,-1.2740920477314557,0.1305534762010987,1784365594.838498,1784365596.274378,1784365595.556438,0.410396029,"[dac] CH_A set to -1.274 V (code=28593)
"
401,78,14,-1.2740920477314557,-1.143538571530357,0.1305534762010987,1784365596.274576,1784365597.715704,1784365596.99514,0.492173596,"[dac] CH_A set to -1.143 V (code=29021)
"
402,78,15,-1.143538571530357,-1.0129850953292583,0.1305534762010987,1784365597.715918,1784365599.144341,1784365598.4301295,0.559204389,"[dac] CH_A set to -1.013 V (code=29448)
"
403,78,16,-1.0129850953292583,-0.8824316191281594,0.13055347620109892,1784365599.144556,1784365600.571788,1784365599.858172,0.620872719,"[dac] CH_A set to -0.882 V (code=29876)
"
404,78,17,-0.8824316191281594,-0.7518781429270609,0.13055347620109847,1784365600.5720131,1784365601.993114,1784365601.2825637,0.690584743,"[dac] CH_A set to -0.752 V (code=30304)
"
405,78,18,-0.7518781429270609,-0.6213246667259624,0.13055347620109847,1784365601.993314,1784365603.415009,1784365602.7041616,0.74018753,"[dac] CH_A set to -0.621 V (code=30732)
"
406,78,19,-0.6213246667259624,-0.4907711905248635,0.13055347620109892,1784365603.4155269,1784365604.839159,1784365604.127343,0.758956152,"[dac] CH_A set to -0.491 V (code=31159)
"
407,78,20,-0.4907711905248635,-0.3602177143237646,0.13055347620109892,1784365604.839375,1784365606.256524,1784365605.5479496,0.859502341,"[dac] CH_A set to -0.360 V (code=31587)
"
408,78,21,-0.3602177143237646,-0.22966423812266612,0.13055347620109847,1784365606.256753,1784365607.702917,1784365606.979835,0.945301756,"[dac] CH_A set to -0.230 V (code=32015)
"
409,78,22,-0.22966423812266612,-0.09911076192156765,0.13055347620109847,1784365607.70309,1784365609.148273,1784365608.4256816,0.993563927,"[dac] CH_A set to -0.099 V (code=32443)
"
410,78,23,-0.09911076192156765,0.03144271427953127,0.13055347620109892,1784365609.1485472,1784365610.5747972,1784365609.8616722,1.02976055,"[dac] CH_A set to +0.031 V (code=32870)
"
411,78,24,0.03144271427953127,0.1619961904806302,0.13055347620109892,1784365610.575068,1784365612.001651,1784365611.2883596,1.07936334,"[dac] CH_A set to +0.162 V (code=33298)
"
412,78,25,0.1619961904806302,0.29254966668172866,0.13055347620109847,1784365612.001919,1784365613.4501,1784365612.7260094,1.13298798,"[dac] CH_A set to +0.292 V (code=33726)
"
413,78,26,0.29254966668172866,0.42310314288282713,0.13055347620109847,1784365613.450288,1784365614.897876,1784365614.174082,1.22012801,"[dac] CH_A set to +0.423 V (code=34154)
"
414,78,27,0.42310314288282713,0.553656619083926,0.13055347620109892,1784365614.899007,1784365616.342685,1784365615.620846,1.29520249,"[dac] CH_A set to +0.554 V (code=34582)
"
415,78,28,0.553656619083926,0.684210095285025,0.13055347620109892,1784365616.342865,1784365617.772821,1784365617.057843,1.30056496,"[dac] CH_A set to +0.684 V (code=35009)
"
416,78,29,0.684210095285025,0.8147635714861234,0.13055347620109847,1784365617.773021,1784365619.198842,1784365618.4859314,1.35418959,"[dac] CH_A set to +0.815 V (code=35437)
"
417,78,30,0.8147635714861234,0.9453170476872219,0.13055347620109847,1784365619.199036,1784365620.6478238,1784365619.92343,1.40245176,"[dac] CH_A set to +0.945 V (code=35865)
"
418,78,31,0.9453170476872219,1.0758705238883208,0.13055347620109892,1784365620.650411,1784365622.089432,1784365621.3699214,1.42792346,"[dac] CH_A set to +1.076 V (code=36293)
"
419,78,32,1.0758705238883208,1.2064240000894197,0.13055347620109892,1784365622.089688,1784365623.513433,1784365622.8015604,1.49093241,"[dac] CH_A set to +1.206 V (code=36721)
"
420,78,33,1.2064240000894197,1.3369774762905187,0.13055347620109892,1784365623.5139258,1784365624.966173,1784365624.2400494,1.53383212,"[dac] CH_A set to +1.337 V (code=37149)
"
421,78,34,1.3369774762905187,1.4675309524916167,0.13055347620109803,1784365624.9663548,1784365626.4063082,1784365625.6863315,1.54187581,"[dac] CH_A set to +1.467 V (code=37576)
"
422,78,35,1.4675309524916167,1.5980844286927156,0.13055347620109892,1784365626.406496,1784365627.849694,1784365627.1280951,1.56868813,"[dac] CH_A set to +1.598 V (code=38004)
"
423,78,36,1.5980844286927156,1.7286379048938145,0.13055347620109892,1784365627.849898,1784365629.274139,1784365628.5620184,1.58209429,"[dac] CH_A set to +1.729 V (code=38432)
"
424,78,37,1.7286379048938145,1.8591913810949126,0.13055347620109803,1784365629.274344,1784365630.6988292,1784365629.9865866,1.58075367,"[dac] CH_A set to +1.859 V (code=38860)
"
425,78,38,1.8591913810949126,1.9897448572960115,0.13055347620109892,1784365630.699025,1784365632.1395142,1784365631.4192696,1.5834349,"[dac] CH_A set to +1.990 V (code=39287)
"
426,78,39,1.9897448572960115,2.1202983334971104,0.13055347620109892,1784365632.1397681,1784365633.5858188,1784365632.8627934,1.61158784,"[dac] CH_A set to +2.120 V (code=39715)
"
427,78,40,2.1202983334971104,2.2508518096982093,0.13055347620109892,1784365633.586018,1784365635.0225909,1784365634.3043046,1.59818168,"[dac] CH_A set to +2.251 V (code=40143)
"
428,78,41,2.2508518096982093,2.381405285899308,0.13055347620109892,1784365635.0228732,1784365636.4643672,1784365635.7436202,1.57807244,"[dac] CH_A set to +2.381 V (code=40571)
"
429,78,42,2.381405285899308,2.5119587621004063,0.13055347620109803,1784365636.464587,1784365637.9142442,1784365637.1894155,1.59415983,"[dac] CH_A set to +2.512 V (code=40999)
"
430,78,43,2.5119587621004063,2.642512238301505,0.13055347620109892,1784365637.914509,1784365639.3460648,1784365638.630287,1.5579632,"[dac] CH_A set to +2.642 V (code=41426)
"
431,78,44,2.642512238301505,2.773065714502604,0.13055347620109892,1784365639.3464892,1784365640.76041,1784365640.0534496,1.55260074,"[dac] CH_A set to +2.773 V (code=41854)
"
432,78,45,2.773065714502604,2.903619190703702,0.13055347620109803,1784365640.760635,1784365642.1756139,1784365641.4681244,1.52310719,"[dac] CH_A set to +2.904 V (code=42282)
"
433,78,46,2.903619190703702,3.034172666904801,0.13055347620109892,1784365642.175814,1784365643.588573,1784365642.8821936,1.50299795,"[dac] CH_A set to +3.034 V (code=42710)
"
434,78,47,3.034172666904801,3.1647261431059,0.13055347620109892,1784365643.5887659,1784365645.0080519,1784365644.298409,1.43596716,"[dac] CH_A set to +3.165 V (code=43137)
"
435,78,48,3.1647261431059,3.295279619306999,0.13055347620109892,1784365645.008249,1784365646.4332108,1784365645.7207298,1.42524223,"[dac] CH_A set to +3.295 V (code=43565)
"
436,78,49,3.295279619306999,3.425833095508098,0.13055347620109892,1784365646.433651,1784365647.845927,1784365647.139789,1.35150836,"[dac] CH_A set to +3.426 V (code=43993)
"
437,78,50,3.425833095508098,3.556386571709196,0.13055347620109803,1784365647.846134,1784365649.2683861,1784365648.55726,1.31665235,"[dac] CH_A set to +3.556 V (code=44421)
"
438,78,51,3.556386571709196,3.6869400479102947,0.13055347620109892,1784365649.268611,1784365650.688585,1784365649.978598,1.28447757,"[dac] CH_A set to +3.687 V (code=44849)
"
439,78,52,3.6869400479102947,3.8174935241113936,0.13055347620109892,1784365650.688789,1784365652.110479,1784365651.399634,1.21744677,"[dac] CH_A set to +3.818 V (code=45276)
"
440,78,53,3.8174935241113936,3.9480470003124917,0.13055347620109803,1784365652.110681,1784365653.532951,1784365652.821816,1.17052522,"[dac] CH_A set to +3.948 V (code=45704)
"
441,78,54,3.9480470003124917,4.078600476513591,0.13055347620109936,1784365653.533171,1784365654.949774,1784365654.2414725,1.12360366,"[dac] CH_A set to +4.079 V (code=46132)
"
442,78,55,4.078600476513591,4.20915395271469,0.13055347620109892,1784365654.949976,1784365656.37182,1784365655.660898,1.06863841,"[dac] CH_A set to +4.209 V (code=46560)
"
443,78,56,4.20915395271469,4.339707428915789,0.13055347620109892,1784365656.372052,1784365657.7911859,1784365657.0816188,1.00160762,"[dac] CH_A set to +4.340 V (code=46988)
"
444,78,57,4.339707428915789,4.470260905116888,0.13055347620109892,1784365657.791643,1784365659.220654,1784365658.5061483,0.96004853,"[dac] CH_A set to +4.470 V (code=47416)
"
445,78,58,4.470260905116888,4.600814381317985,0.13055347620109714,1784365659.220837,1784365660.6387389,1784365659.929788,0.8729085,"[dac] CH_A set to +4.601 V (code=47843)
"
446,78,59,4.600814381317985,4.731367857519084,0.13055347620109892,1784365660.639096,1784365662.063807,1784365661.3514514,0.812580786,"[dac] CH_A set to +4.731 V (code=48271)
"
447,78,60,4.731367857519084,4.861921333720183,0.13055347620109892,1784365662.0641978,1784365663.484027,1784365662.7741122,0.738846914,"[dac] CH_A set to +4.862 V (code=48699)
"
448,79,0,4.731367857519084,4.666091119418534,-0.06527673810054946,1784365691.7705631,1784365693.191905,1784365692.481234,0.796493396,"[dac] CH_A set to +4.666 V (code=48057)
"
449,79,1,4.666091119418534,4.600814381317985,-0.06527673810054946,1784365693.192086,1784365694.607884,1784365693.8999848,0.817943249,"[dac] CH_A set to +4.601 V (code=47843)
"
450,80,0,4.731367857519084,4.835810638479963,0.10444278096087878,1784365722.905581,1784365724.330583,1784365723.618082,0.702650286,"[dac] CH_A set to +4.836 V (code=48613)
"
451,80,1,4.835810638479963,4.940253419440842,0.10444278096087967,1784365724.330772,1784365725.74704,1784365725.038906,0.632938261,"[dac] CH_A set to +4.940 V (code=48956)
"
452,80,2,4.940253419440842,5.044696200401721,0.10444278096087878,1784365725.747293,1784365727.172349,1784365726.459821,0.610147792,"[dac] CH_A set to +5.045 V (code=49298)
"
453,80,3,5.044696200401721,5.149138981362601,0.10444278096087967,1784365727.1726148,1784365728.599809,1784365727.8862119,0.523007761,"[dac] CH_A set to +5.149 V (code=49640)
"
454,80,4,5.149138981362601,5.2535817623234795,0.10444278096087878,1784365728.6000051,1784365730.025485,1784365729.312745,0.496195444,"[dac] CH_A set to +5.254 V (code=49982)
"
455,81,0,5.384135238524578,5.449411976625128,0.06527673810054946,1784365758.314121,1784365759.7307599,1784365759.0224404,0.396989871,"[dac] CH_A set to +5.449 V (code=50624)
"
456,81,1,5.449411976625128,5.514688714725677,0.06527673810054946,1784365759.731832,1784365761.15072,1784365760.441276,0.362133858,"[dac] CH_A set to +5.515 V (code=50838)
"
457,82,0,5.384135238524578,5.2535817623234795,-0.13055347620109892,1784365789.449394,1784365790.874984,1784365790.162189,0.453295737,"[dac] CH_A set to +5.254 V (code=49982)
"
458,82,1,5.2535817623234795,5.123028286122381,-0.13055347620109892,1784365790.875991,1784365792.300268,1784365791.5881295,0.485470517,"[dac] CH_A set to +5.123 V (code=49554)
"
459,82,2,5.123028286122381,4.992474809921283,-0.13055347620109803,1784365792.3004491,1784365793.720723,1784365793.010586,0.567248084,"[dac] CH_A set to +4.992 V (code=49127)
"
460,82,3,4.992474809921283,4.861921333720184,-0.13055347620109892,1784365793.720906,1784365795.1298492,1784365794.4253776,0.619532103,"[dac] CH_A set to +4.862 V (code=48699)
"
461,82,4,4.861921333720184,4.731367857519085,-0.13055347620109892,1784365795.130055,1784365796.547057,1784365795.8385558,0.632938261,"[dac] CH_A set to +4.731 V (code=48271)
"
462,82,5,4.731367857519085,4.600814381317987,-0.13055347620109803,1784365796.547353,1784365797.9733381,1784365797.2603455,0.726781371,"[dac] CH_A set to +4.601 V (code=47843)
"
463,82,6,4.600814381317987,4.470260905116888,-0.13055347620109892,1784365797.974407,1784365799.395038,1784365798.6847224,0.801855859,"[dac] CH_A set to +4.470 V (code=47416)
"
464,82,7,4.470260905116888,4.339707428915789,-0.13055347620109892,1784365799.395225,1784365800.814859,1784365800.105042,0.8729085,"[dac] CH_A set to +4.340 V (code=46988)
"
465,82,8,4.339707428915789,4.20915395271469,-0.13055347620109892,1784365800.8151522,1784365802.2352011,1784365801.5251765,0.910445744,"[dac] CH_A set to +4.209 V (code=46560)
"
466,82,9,4.20915395271469,4.078600476513591,-0.13055347620109892,1784365802.23539,1784365803.659949,1784365802.9476695,1.00697009,"[dac] CH_A set to +4.079 V (code=46132)
"
467,82,10,4.078600476513591,3.948047000312493,-0.13055347620109803,1784365803.6601589,1784365805.079861,1784365804.37001,1.0163544,"[dac] CH_A set to +3.948 V (code=45704)
"
468,82,11,3.948047000312493,3.817493524111394,-0.13055347620109892,1784365805.080929,1784365806.5016189,1784365805.791274,1.10617566,"[dac] CH_A set to +3.818 V (code=45276)
"
469,82,12,3.817493524111394,3.686940047910295,-0.13055347620109892,1784365806.501782,1784365807.9223628,1784365807.2120724,1.17186584,"[dac] CH_A set to +3.687 V (code=44849)
"
470,82,13,3.686940047910295,3.5563865717091967,-0.13055347620109847,1784365807.92256,1784365809.3497448,1784365808.6361523,1.20672185,"[dac] CH_A set to +3.556 V (code=44421)
"
471,82,14,3.5563865717091967,3.4258330955080982,-0.13055347620109847,1784365809.349943,1784365810.76479,1784365810.0573664,1.25096217,"[dac] CH_A set to +3.426 V (code=43993)
"
472,82,15,3.4258330955080982,3.2952796193069993,-0.13055347620109892,1784365810.764986,1784365812.179997,1784365811.4724915,1.29788373,"[dac] CH_A set to +3.295 V (code=43565)
"
473,82,16,3.2952796193069993,3.1647261431059004,-0.13055347620109892,1784365812.181313,1784365813.602624,1784365812.8919685,1.36223329,"[dac] CH_A set to +3.165 V (code=43137)
"
474,82,17,3.1647261431059004,3.034172666904802,-0.13055347620109847,1784365813.602818,1784365815.026654,1784365814.314736,1.40111115,"[dac] CH_A set to +3.034 V (code=42710)
"
475,82,18,3.034172666904802,2.9036191907037034,-0.13055347620109847,1784365815.02691,1784365816.4505322,1784365815.7387211,1.42658285,"[dac] CH_A set to +2.904 V (code=42282)
"
476,82,19,2.9036191907037034,2.7730657145026045,-0.13055347620109892,1784365816.4507132,1784365817.868845,1784365817.159779,1.48959179,"[dac] CH_A set to +2.773 V (code=41854)
"
477,82,20,2.7730657145026045,2.6425122383015056,-0.13055347620109892,1784365817.869866,1784365819.2882628,1784365818.5790644,1.52176657,"[dac] CH_A set to +2.642 V (code=41426)
"
478,82,21,2.6425122383015056,2.511958762100407,-0.13055347620109847,1784365819.288548,1784365820.707009,1784365819.9977784,1.53651335,"[dac] CH_A set to +2.512 V (code=40999)
"
479,82,22,2.511958762100407,2.3814052858993087,-0.13055347620109847,1784365820.707227,1784365822.128143,1784365821.417685,1.52846965,"[dac] CH_A set to +2.381 V (code=40571)
"
480,82,23,2.3814052858993087,2.2508518096982097,-0.13055347620109892,1784365822.128342,1784365823.551669,1784365822.8400054,1.59415983,"[dac] CH_A set to +2.251 V (code=40143)
"
481,82,24,2.2508518096982097,2.120298333497111,-0.13055347620109892,1784365823.551876,1784365824.9699042,1784365824.26089,1.58209429,"[dac] CH_A set to +2.120 V (code=39715)
"
482,82,25,2.120298333497111,1.9897448572960124,-0.13055347620109847,1784365824.970129,1784365826.3981462,1784365825.6841376,1.59818168,"[dac] CH_A set to +1.990 V (code=39287)
"
483,82,26,1.9897448572960124,1.8591913810949139,-0.13055347620109847,1784365826.3985898,1784365827.82355,1784365827.11107,1.59281921,"[dac] CH_A set to +1.859 V (code=38860)
"
484,82,27,1.8591913810949139,1.728637904893815,-0.13055347620109892,1784365827.823744,1784365829.243395,1784365828.5335696,1.57807244,"[dac] CH_A set to +1.729 V (code=38432)
"
485,82,28,1.728637904893815,1.598084428692716,-0.13055347620109892,1784365829.2435951,1784365830.666882,1784365829.9552386,1.59952229,"[dac] CH_A set to +1.598 V (code=38004)
"
486,82,29,1.598084428692716,1.4675309524916176,-0.13055347620109847,1784365830.66708,1784365832.0814888,1784365831.3742843,1.58879737,"[dac] CH_A set to +1.467 V (code=37576)
"
487,82,30,1.4675309524916176,1.336977476290519,-0.13055347620109847,1784365832.081685,1784365833.506764,1784365832.7942245,1.55528197,"[dac] CH_A set to +1.337 V (code=37149)
"
488,82,31,1.336977476290519,1.2064240000894202,-0.13055347620109892,1784365833.506955,1784365834.925163,1784365834.216059,1.54857889,"[dac] CH_A set to +1.206 V (code=36721)
"
489,82,32,1.2064240000894202,1.0758705238883213,-0.13055347620109892,1784365834.926262,1784365836.351719,1784365835.6389904,1.50567918,"[dac] CH_A set to +1.076 V (code=36293)
"
490,82,33,1.0758705238883213,0.9453170476872224,-0.13055347620109892,1784365836.351904,1784365837.774111,1784365837.0630074,1.48020748,"[dac] CH_A set to +0.945 V (code=35865)
"
491,82,34,0.9453170476872224,0.8147635714861243,-0.13055347620109803,1784365837.774303,1784365839.1971562,1784365838.4857297,1.46143886,"[dac] CH_A set to +0.815 V (code=35437)
"
492,82,35,0.8147635714861243,0.6842100952850254,-0.13055347620109892,1784365839.197373,1784365840.621187,1784365839.9092798,1.43596716,"[dac] CH_A set to +0.684 V (code=35009)
"
493,82,36,0.6842100952850254,0.5536566190839265,-0.13055347620109892,1784365840.6213918,1784365842.0424588,1784365841.3319254,1.39977053,"[dac] CH_A set to +0.554 V (code=34582)
"
494,82,37,0.5536566190839265,0.42310314288282846,-0.13055347620109803,1784365842.042666,1784365843.46453,1784365842.753598,1.35016774,"[dac] CH_A set to +0.423 V (code=34154)
"
495,82,38,0.42310314288282846,0.29254966668172955,-0.13055347620109892,1784365843.4647481,1784365844.888695,1784365844.1767216,1.30324619,"[dac] CH_A set to +0.292 V (code=33726)
"
496,82,39,0.29254966668172955,0.16199619048063063,-0.13055347620109892,1784365844.8897998,1784365846.317438,1784365845.6036189,1.23889663,"[dac] CH_A set to +0.162 V (code=33298)
"
497,82,40,0.16199619048063063,0.031442714279531714,-0.13055347620109892,1784365846.3176441,1784365847.739876,1784365847.02876,1.1772283,"[dac] CH_A set to +0.031 V (code=32870)
"
498,82,41,0.031442714279531714,-0.0991107619215672,-0.13055347620109892,1784365847.740072,1784365849.158308,1784365848.4491901,1.15309721,"[dac] CH_A set to -0.099 V (code=32443)
"
499,82,42,-0.0991107619215672,-0.22966423812266523,-0.13055347620109803,1784365849.158485,1784365850.5880802,1784365849.8732824,1.07534149,"[dac] CH_A set to -0.230 V (code=32015)
"
500,82,43,-0.22966423812266523,-0.36021771432376415,-0.13055347620109892,1784365850.588293,1784365852.011842,1784365851.3000674,1.01099193,"[dac] CH_A set to -0.360 V (code=31587)
"
501,82,44,-0.36021771432376415,-0.49077119052486307,-0.13055347620109892,1784365852.012071,1784365853.4353049,1784365852.723688,0.942620524,"[dac] CH_A set to -0.491 V (code=31159)
"
502,82,45,-0.49077119052486307,-0.6213246667259611,-0.13055347620109803,1784365853.436335,1784365854.8568242,1784365854.1465797,0.907764512,"[dac] CH_A set to -0.621 V (code=30732)
"
503,82,46,-0.6213246667259611,-0.75187814292706,-0.13055347620109892,1784365854.8570151,1784365856.285467,1784365855.571241,0.843414951,"[dac] CH_A set to -0.752 V (code=30304)
"
504,82,47,-0.75187814292706,-0.8824316191281589,-0.13055347620109892,1784365856.285824,1784365857.706083,1784365856.9959536,0.766999847,"[dac] CH_A set to -0.882 V (code=29876)
"
505,82,48,-0.8824316191281589,-1.0129850953292578,-0.13055347620109892,1784365857.706302,1784365859.1318789,1784365858.4190903,0.702650286,"[dac] CH_A set to -1.013 V (code=29448)
"
506,82,49,-1.0129850953292578,-1.1435385715303568,-0.13055347620109892,1784365859.1320682,1784365860.555095,1784365859.8435817,0.661091194,"[dac] CH_A set to -1.143 V (code=29021)
"
507,82,50,-1.1435385715303568,-1.2740920477314548,-0.13055347620109803,1784365860.555329,1784365861.980164,1784365861.2677464,0.569929316,"[dac] CH_A set to -1.274 V (code=28593)
"
508,82,51,-1.2740920477314548,-1.4046455239325537,-0.13055347620109892,1784365861.981206,1784365863.39677,1784365862.688988,0.508260987,"[dac] CH_A set to -1.405 V (code=28165)
"
509,82,52,-1.4046455239325537,-1.5351990001336526,-0.13055347620109892,1784365863.396993,1784365864.818492,1784365864.1077423,0.485470517,"[dac] CH_A set to -1.535 V (code=27737)
"
510,82,53,-1.5351990001336526,-1.6657524763347507,-0.13055347620109803,1784365864.818675,1784365866.240278,1784365865.5294766,0.415758493,"[dac] CH_A set to -1.666 V (code=27309)
"
511,82,54,-1.6657524763347507,-1.7963059525358496,-0.13055347620109892,1784365866.2404559,1784365867.6580749,1784365866.9492655,0.378221249,"[dac] CH_A set to -1.796 V (code=26881)
"
512,82,55,-1.7963059525358496,-1.9268594287369485,-0.13055347620109892,1784365867.658296,1784365869.0849202,1784365868.3716083,0.311190456,"[dac] CH_A set to -1.927 V (code=26454)
"
513,82,56,-1.9268594287369485,-2.0574129049380474,-0.13055347620109892,1784365869.0851011,1784365870.506646,1784365869.7958736,0.261587669,"[dac] CH_A set to -2.057 V (code=26026)
"
514,82,57,-2.0574129049380474,-2.1879663811391463,-0.13055347620109892,1784365870.506846,1784365871.928328,1784365871.217587,0.21600673,"[dac] CH_A set to -2.188 V (code=25598)
"
515,82,58,-2.1879663811391463,-2.3185198573402444,-0.13055347620109803,1784365871.928535,1784365873.350015,1784365872.639275,0.183831949,"[dac] CH_A set to -2.319 V (code=25170)
"
516,82,59,-2.3185198573402444,-2.4490733335413433,-0.13055347620109892,1784365873.350185,1784365874.771318,1784365874.0607514,0.139591626,"[dac] CH_A set to -2.449 V (code=24742)
"
517,82,60,-2.4490733335413433,-2.579626809742442,-0.13055347620109892,1784365874.771795,1784365876.192917,1784365875.482356,0.0846263759,"[dac] CH_A set to -2.580 V (code=24315)
"
518,82,61,-2.579626809742442,-2.71018028594354,-0.13055347620109803,1784365876.193103,1784365877.621144,1784365876.9071236,0.0792639125,"[dac] CH_A set to -2.710 V (code=23887)
"
519,82,62,-2.71018028594354,-2.840733762144639,-0.13055347620109892,1784365877.621332,1784365879.044481,1784365878.3329065,0.0604952905,"[dac] CH_A set to -2.841 V (code=23459)
"
520,82,63,-2.840733762144639,-2.971287238345738,-0.13055347620109892,1784365879.044746,1784365880.462922,1784365879.753834,0.0202768148,"[dac] CH_A set to -2.971 V (code=23031)
"
521,82,64,-2.971287238345738,-3.101840714546837,-0.13055347620109892,1784365880.463213,1784365881.88902,1784365881.1761165,-0.00251356908,"[dac] CH_A set to -3.102 V (code=22604)
"
522,82,65,-3.101840714546837,-3.232394190747936,-0.13055347620109892,1784365881.889237,1784365883.3128169,1784365882.601027,0.018936199,"[dac] CH_A set to -3.232 V (code=22176)
"
523,82,66,-3.232394190747936,-3.362947666949035,-0.13055347620109892,1784365883.313341,1784365884.737704,1784365884.0255225,0.00553017459,"[dac] CH_A set to -3.363 V (code=21748)
"
524,82,67,-3.362947666949035,-3.4935011431501337,-0.13055347620109892,1784365884.73791,1784365886.162067,1784365885.4499884,0.00553004041,"[dac] CH_A set to -3.493 V (code=21320)
"
525,82,68,-3.4935011431501337,-3.6240546193512317,-0.13055347620109803,1784365886.162247,1784365887.579179,1784365886.870713,0.0162549673,"[dac] CH_A set to -3.624 V (code=20892)
"
526,83,0,-3.7546080955523307,-3.81988483365288,-0.06527673810054946,1784365915.8860989,1784365917.301054,1784365916.5935764,0.0430672844,"[dac] CH_A set to -3.820 V (code=20251)
"
527,83,1,-3.81988483365288,-3.8851615717534296,-0.06527673810054946,1784365917.301512,1784365918.726012,1784365918.013762,0.0940106869,"[dac] CH_A set to -3.885 V (code=20037)
"
528,84,0,-3.7546080955523307,-3.624054619351232,0.13055347620109847,1784365947.030679,1784365948.458005,1784365947.7443419,0.00687065626,"[dac] CH_A set to -3.624 V (code=20892)
"
529,84,1,-3.624054619351232,-3.4935011431501333,0.13055347620109892,1784365948.4590259,1784365949.876158,1784365949.167592,0.0202768148,"[dac] CH_A set to -3.493 V (code=21320)
"
530,84,2,-3.4935011431501333,-3.362947666949035,0.13055347620109847,1784365949.8763032,1784365951.302737,1784365950.58952,0.00284907991,"[dac] CH_A set to -3.363 V (code=21748)
"
531,84,3,-3.362947666949035,-3.232394190747936,0.13055347620109892,1784365951.3029718,1784365952.730154,1784365952.016563,0.0537922112,"[dac] CH_A set to -3.232 V (code=22176)
"
532,84,4,-3.232394190747936,-3.1018407145468374,0.13055347620109847,1784365952.730356,1784365954.149602,1784365953.439979,0.00284894288,"[dac] CH_A set to -3.102 V (code=22604)
"
533,84,5,-3.1018407145468374,-2.971287238345739,0.13055347620109847,1784365954.150044,1784365955.5700312,1784365954.8600376,0.0323423575,"[dac] CH_A set to -2.971 V (code=23031)
"
534,84,6,-2.971287238345739,-2.84073376214464,0.13055347620109892,1784365955.5702322,1784365956.996783,1784365956.2835076,0.0216174307,"[dac] CH_A set to -2.841 V (code=23459)
"
535,84,7,-2.84073376214464,-2.710180285943541,0.13055347620109892,1784365956.9969962,1784365958.418468,1784365957.7077322,0.0524515954,"[dac] CH_A set to -2.710 V (code=23887)
"
536,84,8,-2.710180285943541,-2.5796268097424426,0.13055347620109847,1784365958.418658,1784365959.851806,1784365959.135232,0.0618359064,"[dac] CH_A set to -2.580 V (code=24315)
"
537,84,9,-2.5796268097424426,-2.449073333541344,0.13055347620109847,1784365959.8520179,1784365961.2802691,1784365960.5661435,0.110098077,"[dac] CH_A set to -2.449 V (code=24742)
"
538,84,10,-2.449073333541344,-2.3185198573402452,0.13055347620109892,1784365961.280452,1784365962.715838,1784365961.998145,0.0953513028,"[dac] CH_A set to -2.319 V (code=25170)
"
539,84,11,-2.3185198573402452,-2.1879663811391468,0.13055347620109847,1784365962.716885,1784365964.164599,1784365963.440742,0.139591626,"[dac] CH_A set to -2.188 V (code=25598)
"
540,84,12,-2.1879663811391468,-2.0574129049380483,0.13055347620109847,1784365964.1647968,1784365965.5944371,1784365964.879617,0.190535029,"[dac] CH_A set to -2.057 V (code=26026)
"
541,84,13,-2.0574129049380483,-1.9268594287369494,0.13055347620109892,1784365965.5946329,1784365967.021445,1784365966.308039,0.217347346,"[dac] CH_A set to -1.927 V (code=26454)
"
542,84,14,-1.9268594287369494,-1.7963059525358505,0.13055347620109892,1784365967.0216691,1784365968.46353,1784365967.7425995,0.280356291,"[dac] CH_A set to -1.796 V (code=26881)
"
543,85,0,-1.6657524763347515,-1.600475738234202,0.06527673810054946,1784365996.997181,1784365998.438686,1784365997.7179334,0.340684005,"[dac] CH_A set to -1.600 V (code=27523)
"
544,85,1,-1.600475738234202,-1.5351990001336526,0.06527673810054946,1784365998.4391549,1784365999.883816,1784365999.1614854,0.34202462,"[dac] CH_A set to -1.535 V (code=27737)
"
545,86,0,-1.6657524763347515,-1.5351990001336528,0.1305534762010987,1784366028.4145129,1784366029.8386948,1784366029.1266038,0.363474474,"[dac] CH_A set to -1.535 V (code=27737)
"
546,86,1,-1.5351990001336528,-1.4046455239325542,0.1305534762010987,1784366029.839757,1784366031.2792509,1784366030.559504,0.399671102,"[dac] CH_A set to -1.405 V (code=28165)
"
547,86,2,-1.4046455239325542,-1.2740920477314555,0.1305534762010987,1784366031.2794821,1784366032.722553,1784366032.0010176,0.439889578,"[dac] CH_A set to -1.274 V (code=28593)
"
548,86,3,-1.2740920477314555,-1.1435385715303568,0.1305534762010987,1784366032.722778,1784366034.152181,1784366033.4374795,0.509601602,"[dac] CH_A set to -1.143 V (code=29021)
"
549,86,4,-1.1435385715303568,-1.012985095329258,0.1305534762010987,1784366034.152373,1784366035.593892,1784366034.8731327,0.547138846,"[dac] CH_A set to -1.013 V (code=29448)
"
550,86,5,-1.012985095329258,-0.8824316191281594,0.1305534762010987,1784366035.594099,1784366037.014045,1784366036.304072,0.622213334,"[dac] CH_A set to -0.882 V (code=29876)
"
551,86,6,-0.8824316191281594,-0.7518781429270607,0.1305534762010987,1784366037.01426,1784366038.446528,1784366037.730394,0.683881664,"[dac] CH_A set to -0.752 V (code=30304)
"
552,86,7,-0.7518781429270607,-0.621324666725962,0.1305534762010987,1784366038.447576,1784366039.877464,1784366039.16252,0.750912457,"[dac] CH_A set to -0.621 V (code=30732)
"
553,86,8,-0.621324666725962,-0.4907711905248633,0.1305534762010987,1784366039.877654,1784366041.304963,1784366040.5913086,0.812580786,"[dac] CH_A set to -0.491 V (code=31159)
"
554,86,9,-0.4907711905248633,-0.3602177143237646,0.1305534762010987,1784366041.3051589,1784366042.737762,1784366042.0214605,0.862183573,"[dac] CH_A set to -0.360 V (code=31587)
"
555,86,10,-0.3602177143237646,-0.2296642381226659,0.1305534762010987,1784366042.737996,1784366044.187716,1784366043.462856,0.946642372,"[dac] CH_A set to -0.230 V (code=32015)
"
556,86,11,-0.2296642381226659,-0.0991107619215672,0.1305534762010987,1784366044.1882439,1784366045.631211,1784366044.9097276,0.989542079,"[dac] CH_A set to -0.099 V (code=32443)
"
557,86,12,-0.0991107619215672,0.03144271427953149,0.1305534762010987,1784366045.632281,1784366047.076154,1784366046.3542175,1.03914487,"[dac] CH_A set to +0.031 V (code=32870)
"
558,86,13,0.03144271427953149,0.1619961904806302,0.1305534762010987,1784366047.076331,1784366048.507769,1784366047.79205,1.11555997,"[dac] CH_A set to +0.162 V (code=33298)
"
559,86,14,0.1619961904806302,0.2925496666817289,0.1305534762010987,1784366048.5079439,1784366049.9336588,1784366049.2208014,1.17856891,"[dac] CH_A set to +0.292 V (code=33726)
"
560,86,15,0.2925496666817289,0.4231031428828276,0.1305534762010987,1784366049.9338582,1784366051.371101,1784366050.6524796,1.22146862,"[dac] CH_A set to +0.423 V (code=34154)
"
561,86,16,0.4231031428828276,0.5536566190839265,0.13055347620109892,1784366051.372239,1784366052.798979,1784366052.085609,1.28179634,"[dac] CH_A set to +0.554 V (code=34582)
"
562,86,17,0.5536566190839265,0.684210095285025,0.13055347620109847,1784366052.7991722,1784366054.239867,1784366053.5195196,1.31933358,"[dac] CH_A set to +0.684 V (code=35009)
"
563,86,18,0.684210095285025,0.8147635714861234,0.13055347620109847,1784366054.240133,1784366055.687299,1784366054.963716,1.37429883,"[dac] CH_A set to +0.815 V (code=35437)
"
564,86,19,0.8147635714861234,0.9453170476872224,0.13055347620109892,1784366055.687507,1784366057.115906,1784366056.4017065,1.40513299,"[dac] CH_A set to +0.945 V (code=35865)
"
565,86,20,0.9453170476872224,1.0758705238883213,0.13055347620109892,1784366057.116255,1784366058.553393,1784366057.834824,1.46814194,"[dac] CH_A set to +1.076 V (code=36293)
"
566,86,21,1.0758705238883213,1.2064240000894197,0.13055347620109847,1784366058.5544279,1784366060.00794,1784366059.281184,1.49093241,"[dac] CH_A set to +1.206 V (code=36721)
"
567,86,22,1.2064240000894197,1.3369774762905182,0.13055347620109847,1784366060.0081291,1784366061.4456599,1784366060.7268944,1.5070198,"[dac] CH_A set to +1.337 V (code=37149)
"
568,86,23,1.3369774762905182,1.4675309524916171,0.13055347620109892,1784366061.4458811,1784366062.8811479,1784366062.1635146,1.56198505,"[dac] CH_A set to +1.467 V (code=37576)
"
569,86,24,1.4675309524916171,1.598084428692716,0.13055347620109892,1784366062.881336,1784366064.328925,1784366063.6051304,1.55394135,"[dac] CH_A set to +1.598 V (code=38004)
"
570,86,25,1.598084428692716,1.7286379048938145,0.13055347620109847,1784366064.329139,1784366065.76976,1784366065.0494494,1.58209429,"[dac] CH_A set to +1.729 V (code=38432)
"
571,86,26,1.7286379048938145,1.859191381094913,0.13055347620109847,1784366065.769957,1784366067.1966112,1784366066.483284,1.57136936,"[dac] CH_A set to +1.859 V (code=38860)
"
572,86,27,1.859191381094913,1.989744857296012,0.13055347620109892,1784366067.197669,1784366068.637923,1784366067.9177961,1.61158784,"[dac] CH_A set to +1.990 V (code=39287)
"
573,86,28,1.989744857296012,2.120298333497111,0.13055347620109892,1784366068.6383848,1784366070.062263,1784366069.350324,1.61426907,"[dac] CH_A set to +2.120 V (code=39715)
"
574,86,29,2.120298333497111,2.2508518096982093,0.13055347620109847,1784366070.06248,1784366071.506351,1784366070.7844155,1.59684106,"[dac] CH_A set to +2.251 V (code=40143)
"
575,86,30,2.2508518096982093,2.3814052858993078,0.13055347620109847,1784366071.506544,1784366072.951353,1784366072.2289486,1.55930382,"[dac] CH_A set to +2.381 V (code=40571)
"
576,86,31,2.3814052858993078,2.5119587621004067,0.13055347620109892,1784366072.951584,1784366074.387855,1784366073.6697197,1.59550045,"[dac] CH_A set to +2.512 V (code=40999)
"
577,86,32,2.5119587621004067,2.6425122383015056,0.13055347620109892,1784366074.3880682,1784366075.819592,1784366075.10383,1.56466628,"[dac] CH_A set to +2.642 V (code=41426)
"
578,86,33,2.6425122383015056,2.7730657145026045,0.13055347620109892,1784366075.8206599,1784366077.261882,1784366076.541271,1.55126012,"[dac] CH_A set to +2.773 V (code=41854)
"
579,86,34,2.7730657145026045,2.9036191907037026,0.13055347620109803,1784366077.2620869,1784366078.6958652,1784366077.978976,1.52578842,"[dac] CH_A set to +2.904 V (code=42282)
"
580,86,35,2.9036191907037026,3.0341726669048015,0.13055347620109892,1784366078.69607,1784366080.1302688,1784366079.4131694,1.46680132,"[dac] CH_A set to +3.034 V (code=42710)
"
581,86,36,3.0341726669048015,3.1647261431059004,0.13055347620109892,1784366080.130489,1784366081.558265,1784366080.844377,1.47886687,"[dac] CH_A set to +3.165 V (code=43137)
"
582,86,37,3.1647261431059004,3.2952796193069984,0.13055347620109803,1784366081.558671,1784366083.000793,1784366082.279732,1.4306047,"[dac] CH_A set to +3.295 V (code=43565)
"
583,86,38,3.2952796193069984,3.4258330955080973,0.13055347620109892,1784366083.000989,1784366084.445552,1784366083.7232704,1.34882713,"[dac] CH_A set to +3.426 V (code=43993)
"
584,87,0,3.2952796193069984,3.230002881206449,-0.06527673810054946,1784366112.957217,1784366114.39421,1784366113.6757135,1.43194531,"[dac] CH_A set to +3.230 V (code=43351)
"
585,87,1,3.230002881206449,3.1647261431058995,-0.06527673810054946,1784366114.394402,1784366115.821609,1784366115.1080055,1.3970893,"[dac] CH_A set to +3.165 V (code=43137)
"
586,88,0,3.2952796193069984,3.1740513914059783,-0.12122822790102017,1784366144.3959942,1784366145.829501,1784366145.1127477,1.41853915,"[dac] CH_A set to +3.174 V (code=43168)
"
587,88,1,3.1740513914059783,3.052823163504958,-0.12122822790102017,1784366145.830337,1784366147.261885,1784366146.546111,1.4560764,"[dac] CH_A set to +3.053 V (code=42771)
"
588,88,2,3.052823163504958,2.931594935603938,-0.12122822790102017,1784366147.262078,1784366148.695824,1784366147.978951,1.48020748,"[dac] CH_A set to +2.932 V (code=42374)
"
589,88,3,2.931594935603938,2.8103667077029173,-0.12122822790102061,1784366148.696059,1784366150.142596,1784366149.4193275,1.48020748,"[dac] CH_A set to +2.810 V (code=41976)
"
590,88,4,2.8103667077029173,2.689138479801897,-0.12122822790102017,1784366150.1427982,1784366151.587708,1784366150.865253,1.53383212,"[dac] CH_A set to +2.689 V (code=41579)
"
591,88,5,2.689138479801897,2.567910251900877,-0.12122822790102017,1784366151.588873,1784366153.029731,1784366152.3093019,1.53115089,"[dac] CH_A set to +2.568 V (code=41182)
"
592,88,6,2.567910251900877,2.446682023999857,-0.12122822790102017,1784366153.0299258,1784366154.467992,1784366153.748959,1.56332567,"[dac] CH_A set to +2.447 V (code=40785)
"
593,88,7,2.446682023999857,2.3254537960988366,-0.12122822790102017,1784366154.468183,1784366155.895689,1784366155.181936,1.56198505,"[dac] CH_A set to +2.326 V (code=40388)
"
594,88,8,2.3254537960988366,2.204225568197816,-0.12122822790102061,1784366155.8958778,1784366157.337329,1784366156.6166034,1.59684106,"[dac] CH_A set to +2.204 V (code=39990)
"
595,88,9,2.204225568197816,2.082997340296796,-0.12122822790102017,1784366157.3384058,1784366158.769984,1784366158.054195,1.61426907,"[dac] CH_A set to +2.083 V (code=39593)
"
596,88,10,2.082997340296796,1.961769112395776,-0.12122822790101995,1784366158.77019,1784366160.203985,1784366159.4870875,1.60488476,"[dac] CH_A set to +1.962 V (code=39196)
"
597,88,11,1.961769112395776,1.8405408844947555,-0.12122822790102039,1784366160.204203,1784366161.6381829,1784366160.921193,1.59818168,"[dac] CH_A set to +1.840 V (code=38798)
"
598,88,12,1.8405408844947555,1.7193126565937353,-0.12122822790102017,1784366161.638502,1784366163.081843,1784366162.3601723,1.59684106,"[dac] CH_A set to +1.719 V (code=38401)
"
599,88,13,1.7193126565937353,1.5980844286927152,-0.12122822790102017,1784366163.08203,1784366164.512325,1784366163.7971776,1.58075367,"[dac] CH_A set to +1.598 V (code=38004)
"
600,89,0,1.728637904893814,1.7939146429943635,0.06527673810054946,1784366193.089022,1784366194.5335958,1784366193.8113089,1.58209429,"[dac] CH_A set to +1.794 V (code=38646)
"
601,89,1,1.7939146429943635,1.859191381094913,0.06527673810054946,1784366194.534604,1784366195.970546,1784366195.252575,1.62365338,"[dac] CH_A set to +1.859 V (code=38860)
"
602,90,0,1.728637904893814,1.5980844286927154,-0.1305534762010987,1784366224.4791849,1784366225.912402,1784366225.1957934,1.57136936,"[dac] CH_A set to +1.598 V (code=38004)
"
603,90,1,1.5980844286927154,1.4675309524916167,-0.1305534762010987,1784366225.91352,1784366227.35528,1784366226.6344,1.57539121,"[dac] CH_A set to +1.467 V (code=37576)
"
604,90,2,1.4675309524916167,1.3369774762905182,-0.13055347620109847,1784366227.35549,1784366228.7991989,1784366228.0773444,1.55394135,"[dac] CH_A set to +1.337 V (code=37149)
"
605,90,3,1.3369774762905182,1.2064240000894195,-0.1305534762010987,1784366228.799398,1784366230.241706,1784366229.520552,1.53651335,"[dac] CH_A set to +1.206 V (code=36721)
"
606,90,4,1.2064240000894195,1.0758705238883208,-0.1305534762010987,1784366230.241882,1784366231.6800141,1784366230.960948,1.48556995,"[dac] CH_A set to +1.076 V (code=36293)
"
607,90,5,1.0758705238883208,0.9453170476872222,-0.13055347620109858,1784366231.680207,1784366233.119918,1784366232.4000626,1.48691056,"[dac] CH_A set to +0.945 V (code=35865)
"
608,90,6,0.9453170476872222,0.8147635714861237,-0.13055347620109858,1784366233.1201642,1784366234.5610812,1784366233.8406227,1.41317669,"[dac] CH_A set to +0.815 V (code=35437)
"
609,90,7,0.8147635714861237,0.684210095285025,-0.1305534762010987,1784366234.561279,1784366235.995816,1784366235.2785475,1.36759575,"[dac] CH_A set to +0.684 V (code=35009)
"
610,90,8,0.684210095285025,0.5536566190839263,-0.1305534762010987,1784366235.996149,1784366237.429104,1784366236.7126265,1.31397112,"[dac] CH_A set to +0.554 V (code=34582)
"
611,90,9,0.5536566190839263,0.4231031428828276,-0.1305534762010987,1784366237.429318,1784366238.866273,1784366238.1477954,1.30994927,"[dac] CH_A set to +0.423 V (code=34154)
"
612,90,10,0.4231031428828276,0.2925496666817291,-0.13055347620109847,1784366238.8673222,1784366240.2955918,1784366239.5814571,1.23889663,"[dac] CH_A set to +0.292 V (code=33726)
"
613,90,11,0.2925496666817291,0.1619961904806304,-0.1305534762010987,1784366240.295792,1784366241.729082,1784366241.012437,1.1691846,"[dac] CH_A set to +0.162 V (code=33298)
"
614,90,12,0.1619961904806304,0.031442714279531714,-0.1305534762010987,1784366241.7292988,1784366243.1595688,1784366242.4444337,1.15309721,"[dac] CH_A set to +0.031 V (code=32870)
"
615,91,0,-0.0991107619215672,-0.16438750002211666,-0.06527673810054946,1784366271.677152,1784366273.111676,1784366272.394414,1.02037624,"[dac] CH_A set to -0.164 V (code=32229)
"
616,91,1,-0.16438750002211666,-0.22966423812266612,-0.06527673810054946,1784366273.112131,1784366274.5544598,1784366273.8332953,0.996245158,"[dac] CH_A set to -0.230 V (code=32015)
"
617,92,0,-0.0991107619215672,-0.20355354288244626,-0.10444278096087906,1784366303.037504,1784366304.4706419,1784366303.754073,0.994904543,"[dac] CH_A set to -0.204 V (code=32100)
"
618,92,1,-0.20355354288244626,-0.3079963238433253,-0.10444278096087906,1784366304.471793,1784366305.9045498,1784366305.1881714,0.956026683,"[dac] CH_A set to -0.308 V (code=31758)
"
619,92,2,-0.3079963238433253,-0.4124391048042043,-0.104442780960879,1784366305.904774,1784366307.340895,1784366306.6228344,0.935917445,"[dac] CH_A set to -0.412 V (code=31416)
"
620,92,3,-0.4124391048042043,-0.5168818857650834,-0.10444278096087911,1784366307.341098,1784366308.783819,1784366308.0624585,0.893017737,"[dac] CH_A set to -0.517 V (code=31074)
"
621,92,4,-0.5168818857650834,-0.6213246667259624,-0.104442780960879,1784366308.7840629,1784366310.220858,1784366309.5024605,0.82732756,"[dac] CH_A set to -0.621 V (code=30732)
"
622,93,0,-0.4907711905248635,-0.42549445242431405,0.06527673810054946,1784366338.740714,1784366340.166954,1784366339.453834,0.899720817,"[dac] CH_A set to -0.426 V (code=31373)
"
623,93,1,-0.42549445242431405,-0.3602177143237646,0.06527673810054946,1784366340.1673741,1784366341.6015759,1784366340.884475,0.937258061,"[dac] CH_A set to -0.360 V (code=31587)
"
624,94,0,-0.4907711905248635,-0.36615196324199656,0.12461922728286695,1784366370.157981,1784366371.588416,1784366370.8731985,0.894358353,"[dac] CH_A set to -0.366 V (code=31568)
"
625,94,1,-0.36615196324199656,-0.24153273595912958,0.12461922728286698,1784366371.588846,1784366373.0188549,1784366372.3038504,0.964070378,"[dac] CH_A set to -0.242 V (code=31976)
"
626,94,2,-0.24153273595912958,-0.1169135086762626,0.12461922728286698,1784366373.019045,1784366374.4512,1784366373.7351227,1.06193534,"[dac] CH_A set to -0.117 V (code=32384)
"
627,94,3,-0.1169135086762626,0.00770571860660435,0.12461922728286695,1784366374.451402,1784366375.897701,1784366375.1745515,1.10349443,"[dac] CH_A set to +0.008 V (code=32793)
"
628,94,4,0.00770571860660435,0.1323249458894713,0.12461922728286695,1784366375.897968,1784366377.328654,1784366376.613311,1.12226305,"[dac] CH_A set to +0.132 V (code=33201)
"
629,94,5,0.1323249458894713,0.2569441731723383,0.124619227282867,1784366377.329739,1784366378.753819,1784366378.041779,1.18393138,"[dac] CH_A set to +0.257 V (code=33609)
"
630,94,6,0.2569441731723383,0.3815634004552052,0.1246192272828669,1784366378.754016,1784366380.19013,1784366379.472073,1.2281717,"[dac] CH_A set to +0.382 V (code=34018)
"
631,94,7,0.3815634004552052,0.5061826277380722,0.124619227282867,1784366380.190309,1784366381.62741,1784366380.9088595,1.28849942,"[dac] CH_A set to +0.506 V (code=34426)
"
632,94,8,0.5061826277380722,0.6308018550209391,0.1246192272828669,1784366381.627646,1784366383.060283,1784366382.3439646,1.3381022,"[dac] CH_A set to +0.631 V (code=34834)
"
633,94,9,0.6308018550209391,0.7554210823038061,0.124619227282867,1784366383.060481,1784366384.500849,1784366383.780665,1.38100191,"[dac] CH_A set to +0.755 V (code=35243)
"
634,94,10,0.7554210823038061,0.8800403095866731,0.124619227282867,1784366384.5010629,1784366385.9454038,1784366385.2232332,1.43462654,"[dac] CH_A set to +0.880 V (code=35651)
"
635,94,11,0.8800403095866731,1.0046595368695401,0.124619227282867,1784366385.945823,1784366387.378912,1784366386.6623673,1.46277948,"[dac] CH_A set to +1.005 V (code=36060)
"
636,94,12,1.0046595368695401,1.1292787641524071,0.124619227282867,1784366387.379242,1784366388.8271549,1784366388.1031985,1.47484502,"[dac] CH_A set to +1.129 V (code=36468)
"
637,94,13,1.1292787641524071,1.253897991435274,0.12461922728286678,1784366388.827405,1784366390.25038,1784366389.5388925,1.50165734,"[dac] CH_A set to +1.254 V (code=36876)
"
638,94,14,1.253897991435274,1.378517218718141,0.124619227282867,1784366390.2505732,1784366391.6870642,1784366390.9688187,1.54857889,"[dac] CH_A set to +1.378 V (code=37285)
"
639,94,15,1.378517218718141,1.503136446001008,0.124619227282867,1784366391.687258,1784366393.134063,1784366392.4106605,1.5660069,"[dac] CH_A set to +1.503 V (code=37693)
"
640,94,16,1.503136446001008,1.627755673283875,0.124619227282867,1784366393.1342468,1784366394.577156,1784366393.8557014,1.57270998,"[dac] CH_A set to +1.628 V (code=38101)
"
641,94,17,1.627755673283875,1.7523749005667417,0.12461922728286678,1784366394.577346,1784366396.012098,1784366395.294722,1.61292845,"[dac] CH_A set to +1.752 V (code=38510)
"
642,94,18,1.7523749005667417,1.876994127849609,0.12461922728286723,1784366396.0124009,1784366397.455437,1784366396.733919,1.58879737,"[dac] CH_A set to +1.877 V (code=38918)
"
643,94,19,1.876994127849609,2.0016133551324757,0.12461922728286678,1784366397.455631,1784366398.887445,1784366398.1715379,1.58879737,"[dac] CH_A set to +2.002 V (code=39326)
"
644,94,20,2.0016133551324757,2.126232582415343,0.12461922728286723,1784366398.8877509,1784366400.328755,1784366399.608253,1.59281921,"[dac] CH_A set to +2.126 V (code=39735)
"
645,94,21,2.126232582415343,2.2508518096982097,0.12461922728286678,1784366400.3298602,1784366401.7537842,1784366401.0418222,1.58745675,"[dac] CH_A set to +2.251 V (code=40143)
"
646,95,0,2.120298333497111,2.0550215953965614,-0.06527673810054946,1784366430.30193,1784366431.741386,1784366431.021658,1.60756599,"[dac] CH_A set to +2.055 V (code=39501)
"
647,95,1,2.0550215953965614,1.989744857296012,-0.06527673810054946,1784366431.742424,1784366433.1621702,1784366432.4522972,1.60622537,"[dac] CH_A set to +1.990 V (code=39287)
"
648,96,0,2.120298333497111,2.2508518096982093,0.13055347620109847,1784366461.7145011,1784366463.152074,1784366462.4332876,1.60622537,"[dac] CH_A set to +2.251 V (code=40143)
"
649,96,1,2.2508518096982093,2.3814052858993073,0.13055347620109803,1784366463.1526961,1784366464.589237,1784366463.8709664,1.62767523,"[dac] CH_A set to +2.381 V (code=40571)
"
650,96,2,2.3814052858993073,2.511958762100406,0.13055347620109847,1784366464.5894248,1784366466.0302029,1784366465.309814,1.55662259,"[dac] CH_A set to +2.512 V (code=40999)
"
651,97,0,2.6425122383015047,2.707788976402054,0.06527673810054946,1784366494.5840929,1784366496.011359,1784366495.297726,1.51908534,"[dac] CH_A set to +2.708 V (code=41640)
"
652,97,1,2.707788976402054,2.7730657145026036,0.06527673810054946,1784366496.012429,1784366497.452665,1784366496.732547,1.51238226,"[dac] CH_A set to +2.773 V (code=41854)
"
653,98,0,2.6425122383015047,2.5119587621004063,-0.13055347620109847,1784366525.963569,1784366527.4116118,1784366526.6875904,1.55126012,"[dac] CH_A set to +2.512 V (code=40999)
"
654,98,1,2.5119587621004063,2.3814052858993073,-0.13055347620109892,1784366527.412645,1784366528.834801,1784366528.123723,1.55528197,"[dac] CH_A set to +2.381 V (code=40571)
"
655,98,2,2.3814052858993073,2.250851809698209,-0.13055347620109847,1784366528.8349981,1784366530.290093,1784366529.5625455,1.58745675,"[dac] CH_A set to +2.251 V (code=40143)
"
656,98,3,2.250851809698209,2.12029833349711,-0.13055347620109892,1784366530.290273,1784366531.736131,1784366531.013202,1.60220353,"[dac] CH_A set to +2.120 V (code=39715)
"
657,98,4,2.12029833349711,1.9897448572960115,-0.13055347620109847,1784366531.736363,1784366533.1854641,1784366532.4609137,1.58075367,"[dac] CH_A set to +1.990 V (code=39287)
"
658,98,5,1.9897448572960115,1.8591913810949128,-0.1305534762010987,1784366533.185659,1784366534.616708,1784366533.9011836,1.60086291,"[dac] CH_A set to +1.859 V (code=38860)
"
659,98,6,1.8591913810949128,1.728637904893814,-0.1305534762010987,1784366534.6169012,1784366536.053538,1784366535.3352196,1.60622537,"[dac] CH_A set to +1.729 V (code=38432)
"
660,98,7,1.728637904893814,1.5980844286927154,-0.1305534762010987,1784366536.05408,1784366537.486665,1784366536.7703724,1.5834349,"[dac] CH_A set to +1.598 V (code=38004)
"
661,98,8,1.5980844286927154,1.4675309524916167,-0.1305534762010987,1784366537.486884,1784366538.936574,1784366538.211729,1.57673182,"[dac] CH_A set to +1.467 V (code=37576)
"
662,98,9,1.4675309524916167,1.336977476290518,-0.1305534762010987,1784366538.9367838,1784366540.366123,1784366539.6514535,1.56198505,"[dac] CH_A set to +1.337 V (code=37149)
"
663,98,10,1.336977476290518,1.2064240000894193,-0.1305534762010987,1784366540.366349,1784366541.808612,1784366541.0874805,1.53383212,"[dac] CH_A set to +1.206 V (code=36721)
"
664,98,11,1.2064240000894193,1.0758705238883208,-0.13055347620109847,1784366541.808814,1784366543.24668,1784366542.5277472,1.49093241,"[dac] CH_A set to +1.076 V (code=36293)
"
665,98,12,1.0758705238883208,0.9453170476872221,-0.1305534762010987,1784366543.247158,1784366544.678657,1784366543.9629076,1.44937332,"[dac] CH_A set to +0.945 V (code=35865)
"
666,98,13,0.9453170476872221,0.8147635714861234,-0.1305534762010987,1784366544.678854,1784366546.1010509,1784366545.3899524,1.43194531,"[dac] CH_A set to +0.815 V (code=35437)
"
667,98,14,0.8147635714861234,0.6842100952850247,-0.1305534762010987,1784366546.101239,1784366547.5298471,1784366546.8155432,1.41049546,"[dac] CH_A set to +0.684 V (code=35009)
"
668,98,15,0.6842100952850247,0.553656619083926,-0.1305534762010987,1784366547.530057,1784366548.958124,1784366548.2440906,1.33139912,"[dac] CH_A set to +0.554 V (code=34582)
"
669,98,16,0.553656619083926,0.4231031428828276,-0.13055347620109847,1784366548.9583209,1784366550.4035141,1784366549.6809175,1.29654311,"[dac] CH_A set to +0.423 V (code=34154)
"
670,98,17,0.4231031428828276,0.29254966668172866,-0.13055347620109892,1784366550.403699,1784366551.848414,1784366551.1260564,1.30190557,"[dac] CH_A set to +0.292 V (code=33726)
"
671,98,18,0.29254966668172866,0.1619961904806302,-0.13055347620109847,1784366551.848608,1784366553.2777019,1784366552.563155,1.18929384,"[dac] CH_A set to +0.162 V (code=33298)
"
672,98,19,0.1619961904806302,0.03144271427953127,-0.13055347620109892,1784366553.2779038,1784366554.711807,1784366553.9948554,1.14639413,"[dac] CH_A set to +0.031 V (code=32870)
"
673,98,20,0.03144271427953127,-0.0991107619215672,-0.13055347620109847,1784366554.7128682,1784366556.145067,1784366555.4289675,1.10215381,"[dac] CH_A set to -0.099 V (code=32443)
"
674,98,21,-0.0991107619215672,-0.22966423812266612,-0.13055347620109892,1784366556.145426,1784366557.586089,1784366556.8657575,1.03914487,"[dac] CH_A set to -0.230 V (code=32015)
"
675,98,22,-0.22966423812266612,-0.3602177143237646,-0.13055347620109847,1784366557.586279,1784366559.032436,1784366558.3093574,0.986860847,"[dac] CH_A set to -0.360 V (code=31587)
"
676,98,23,-0.3602177143237646,-0.49077119052486307,-0.13055347620109847,1784366559.032646,1784366560.468299,1784366559.7504725,0.891677122,"[dac] CH_A set to -0.491 V (code=31159)
"
677,98,24,-0.49077119052486307,-0.621324666725962,-0.13055347620109892,1784366560.469326,1784366561.9080992,1784366561.1887126,0.874249115,"[dac] CH_A set to -0.621 V (code=30732)
"
678,98,25,-0.621324666725962,-0.7518781429270605,-0.13055347620109847,1784366561.908322,1784366563.347153,1784366562.6277375,0.775043542,"[dac] CH_A set to -0.752 V (code=30304)
"
679,98,26,-0.7518781429270605,-0.8824316191281594,-0.13055347620109892,1784366563.347376,1784366564.780608,1784366564.063992,0.754934304,"[dac] CH_A set to -0.882 V (code=29876)
"
680,99,0,-1.0129850953292583,-1.0782618334298077,-0.06527673810054946,1784366593.252324,1784366594.671173,1784366593.9617486,0.624894566,"[dac] CH_A set to -1.078 V (code=29234)
"
681,99,1,-1.0782618334298077,-1.1435385715303572,-0.06527673810054946,1784366594.671361,1784366596.100698,1784366595.3860295,0.575291779,"[dac] CH_A set to -1.143 V (code=29021)
"
682,100,0,-1.0129850953292583,-1.143538571530357,-0.1305534762010987,1784366624.408577,1784366625.828355,1784366625.118466,0.588697938,"[dac] CH_A set to -1.143 V (code=29021)
"
683,100,1,-1.143538571530357,-1.2740920477314557,-0.1305534762010987,1784366625.828653,1784366627.250616,1784366626.5396347,0.544457615,"[dac] CH_A set to -1.274 V (code=28593)
"
684,100,2,-1.2740920477314557,-1.4046455239325544,-0.1305534762010987,1784366627.2508109,1784366628.667776,1784366627.9592934,0.47474559,"[dac] CH_A set to -1.405 V (code=28165)
"
685,100,3,-1.4046455239325544,-1.535199000133653,-0.1305534762010987,1784366628.667976,1784366630.08511,1784366629.376543,0.38090248,"[dac] CH_A set to -1.535 V (code=27737)
"
686,100,4,-1.535199000133653,-1.6657524763347518,-0.1305534762010987,1784366630.085332,1784366631.5086231,1784366630.7969775,0.343365236,"[dac] CH_A set to -1.666 V (code=27309)
"
687,100,5,-1.6657524763347518,-1.7963059525358505,-0.1305534762010987,1784366631.508838,1784366632.9295108,1784366632.2191744,0.303146761,"[dac] CH_A set to -1.796 V (code=26881)
"
688,100,6,-1.7963059525358505,-1.9268594287369492,-0.1305534762010987,1784366632.9297762,1784366634.356894,1784366633.643335,0.261587669,"[dac] CH_A set to -1.927 V (code=26454)
"
689,100,7,-1.9268594287369492,-2.057412904938048,-0.1305534762010987,1784366634.357095,1784366635.78657,1784366635.0718327,0.207963035,"[dac] CH_A set to -2.057 V (code=26026)
"
690,100,8,-2.057412904938048,-2.1879663811391463,-0.13055347620109847,1784366635.786759,1784366637.210104,1784366636.4984314,0.16104148,"[dac] CH_A set to -2.188 V (code=25598)
"
691,100,9,-2.1879663811391463,-2.3185198573402452,-0.13055347620109892,1784366637.2103071,1784366638.6276622,1784366637.9189847,0.152997785,"[dac] CH_A set to -2.319 V (code=25170)
"
692,100,10,-2.3185198573402452,-2.449073333541344,-0.13055347620109892,1784366638.6278982,1784366640.048552,1784366639.3382251,0.0886482235,"[dac] CH_A set to -2.449 V (code=24742)
"
693,100,11,-2.449073333541344,-2.5796268097424426,-0.13055347620109847,1784366640.048736,1784366641.4723232,1784366640.7605295,0.0940106869,"[dac] CH_A set to -2.580 V (code=24315)
"
694,100,12,-2.5796268097424426,-2.710180285943541,-0.13055347620109847,1784366641.47254,1784366642.90166,1784366642.1871,0.0685389857,"[dac] CH_A set to -2.710 V (code=23887)
"
695,100,13,-2.710180285943541,-2.84073376214464,-0.13055347620109892,1784366642.901991,1784366644.3235788,1784366643.6127849,0.0296611258,"[dac] CH_A set to -2.841 V (code=23459)
"
696,101,0,-2.710180285943541,-2.6449035478429916,0.06527673810054946,1784366672.6182,1784366674.0451221,1784366673.3316612,0.0631765222,"[dac] CH_A set to -2.645 V (code=24101)
"
697,101,1,-2.6449035478429916,-2.579626809742442,0.06527673810054946,1784366674.045355,1784366675.465379,1784366674.755367,0.0926700711,"[dac] CH_A set to -2.580 V (code=24315)
"
698,102,0,-2.710180285943541,-2.581958121817462,0.128222164126079,1784366703.767298,1784366705.1937249,1784366704.4805114,0.0390454368,"[dac] CH_A set to -2.582 V (code=24307)
"
699,102,1,-2.581958121817462,-2.453735957691383,0.128222164126079,1784366705.194807,1784366706.6171122,1784366705.9059596,0.0806045284,"[dac] CH_A set to -2.454 V (code=24727)
"
700,102,2,-2.453735957691383,-2.325513793565304,0.128222164126079,1784366706.617324,1784366708.036552,1784366707.3269382,0.111438693,"[dac] CH_A set to -2.326 V (code=25147)
"
701,102,3,-2.325513793565304,-2.1972916294392246,0.12822216412607945,1784366708.036834,1784366709.462315,1784366708.7495747,0.155679016,"[dac] CH_A set to -2.197 V (code=25567)
"
702,102,4,-2.1972916294392246,-2.0690694653131456,0.128222164126079,1784366709.462482,1784366710.877343,1784366710.1699123,0.17712887,"[dac] CH_A set to -2.069 V (code=25988)
"
703,102,5,-2.0690694653131456,-1.9408473011870666,0.128222164126079,1784366710.8775659,1784366712.302096,1784366711.5898309,0.221369193,"[dac] CH_A set to -1.941 V (code=26408)
"
704,102,6,-1.9408473011870666,-1.8126251370609876,0.128222164126079,1784366712.302279,1784366713.73228,1784366713.0172796,0.244159663,"[dac] CH_A set to -1.813 V (code=26828)
"
705,102,7,-1.8126251370609876,-1.6844029729349084,0.12822216412607923,1784366713.7324958,1784366715.1526961,1784366714.442596,0.281696907,"[dac] CH_A set to -1.684 V (code=27248)
"
706,102,8,-1.6844029729349084,-1.5561808088088294,0.128222164126079,1784366715.152867,1784366716.577462,1784366715.8651645,0.340684005,"[dac] CH_A set to -1.556 V (code=27668)
"
707,102,9,-1.5561808088088294,-1.4279586446827501,0.12822216412607923,1784366716.5776892,1784366718.0013068,1784366717.2894979,0.383583712,"[dac] CH_A set to -1.428 V (code=28088)
"
708,102,10,-1.4279586446827501,-1.2997364805566711,0.128222164126079,1784366718.0025759,1784366719.4257169,1784366718.7141464,0.425142804,"[dac] CH_A set to -1.300 V (code=28509)
"
709,102,11,-1.2997364805566711,-1.1715143164305921,0.128222164126079,1784366719.4259279,1784366720.84833,1784366720.1371288,0.496195444,"[dac] CH_A set to -1.171 V (code=28929)
"
710,102,12,-1.1715143164305921,-1.0432921523045129,0.12822216412607923,1784366720.848512,1784366722.2683709,1784366721.5584414,0.541776383,"[dac] CH_A set to -1.043 V (code=29349)
"
711,102,13,-1.0432921523045129,-0.9150699881784339,0.128222164126079,1784366722.2685518,1784366723.693584,1784366722.981068,0.603444712,"[dac] CH_A set to -0.915 V (code=29769)
"
712,102,14,-0.9150699881784339,-0.7868478240523546,0.12822216412607923,1784366723.69387,1784366725.115566,1784366724.404718,0.675837969,"[dac] CH_A set to -0.787 V (code=30189)
"
713,102,15,-0.7868478240523546,-0.6586256599262756,0.128222164126079,1784366725.116023,1784366726.535667,1784366725.825845,0.737506298,"[dac] CH_A set to -0.659 V (code=30609)
"
714,102,16,-0.6586256599262756,-0.5304034958001966,0.128222164126079,1784366726.535892,1784366727.960047,1784366727.2479696,0.783087237,"[dac] CH_A set to -0.530 V (code=31030)
"
715,102,17,-0.5304034958001966,-0.4021813316741176,0.128222164126079,1784366727.9605398,1784366729.377839,1784366728.6691895,0.847436798,"[dac] CH_A set to -0.402 V (code=31450)
"
716,102,18,-0.4021813316741176,-0.2739591675480382,0.12822216412607945,1784366729.3780422,1784366730.797512,1784366730.0877771,0.901061433,"[dac] CH_A set to -0.274 V (code=31870)
"
717,102,19,-0.2739591675480382,-0.14573700342195917,0.128222164126079,1784366730.797795,1784366732.218976,1784366731.5083857,0.990882695,"[dac] CH_A set to -0.146 V (code=32290)
"
718,102,20,-0.14573700342195917,-0.017514839295880158,0.128222164126079,1784366732.219189,1784366733.6450088,1784366732.9320989,1.04048548,"[dac] CH_A set to -0.018 V (code=32710)
"
719,102,21,-0.017514839295880158,0.11070732483019885,0.128222164126079,1784366733.646024,1784366735.071584,1784366734.358804,1.10751627,"[dac] CH_A set to +0.111 V (code=33130)
"
720,102,22,0.11070732483019885,0.23892948895627786,0.128222164126079,1784366735.071799,1784366736.485918,1784366735.7788587,1.14103167,"[dac] CH_A set to +0.239 V (code=33550)
"
721,102,23,0.23892948895627786,0.36715165308235687,0.128222164126079,1784366736.486134,1784366737.906579,1784366737.1963565,1.20538123,"[dac] CH_A set to +0.367 V (code=33971)
"
722,102,24,0.36715165308235687,0.4953738172084363,0.12822216412607945,1784366737.906773,1784366739.331435,1784366738.619104,1.25766525,"[dac] CH_A set to +0.495 V (code=34391)
"
723,102,25,0.4953738172084363,0.6235959813345153,0.128222164126079,1784366739.3316019,1784366740.751414,1784366740.041508,1.28849942,"[dac] CH_A set to +0.624 V (code=34811)
"
724,102,26,0.6235959813345153,0.7518181454605943,0.128222164126079,1784366740.752537,1784366742.1816168,1784366741.4670768,1.33273974,"[dac] CH_A set to +0.752 V (code=35231)
"
725,102,27,0.7518181454605943,0.8800403095866733,0.128222164126079,1784366742.181834,1784366743.608042,1784366742.894938,1.39977053,"[dac] CH_A set to +0.880 V (code=35651)
"
726,102,28,0.8800403095866733,1.0082624737127523,0.128222164126079,1784366743.6082509,1784366745.0314791,1784366744.319865,1.44401085,"[dac] CH_A set to +1.008 V (code=36071)
"
727,102,29,1.0082624737127523,1.1364846378388318,0.12822216412607945,1784366745.031709,1784366746.456476,1784366745.7440925,1.47216379,"[dac] CH_A set to +1.137 V (code=36492)
"
728,102,30,1.1364846378388318,1.2647068019649108,0.128222164126079,1784366746.456667,1784366747.881045,1784366747.1688561,1.49227303,"[dac] CH_A set to +1.265 V (code=36912)
"
729,102,31,1.2647068019649108,1.3929289660909898,0.128222164126079,1784366747.88122,1784366749.301347,1784366748.5912836,1.51506349,"[dac] CH_A set to +1.393 V (code=37332)
"
730,102,32,1.3929289660909898,1.5211511302170688,0.128222164126079,1784366749.301541,1784366750.723047,1784366750.012294,1.54187581,"[dac] CH_A set to +1.521 V (code=37752)
"
731,102,33,1.5211511302170688,1.6493732943431478,0.128222164126079,1784366750.723237,1784366752.145867,1784366751.4345522,1.57673182,"[dac] CH_A set to +1.649 V (code=38172)
"
732,102,34,1.6493732943431478,1.7775954584692268,0.128222164126079,1784366752.1460679,1784366753.5697558,1784366752.8579118,1.58745675,"[dac] CH_A set to +1.778 V (code=38592)
"
733,102,35,1.7775954584692268,1.9058176225953058,0.128222164126079,1784366753.570796,1784366754.992966,1784366754.2818809,1.59550045,"[dac] CH_A set to +1.906 V (code=39012)
"
734,102,36,1.9058176225953058,2.034039786721385,0.128222164126079,1784366754.9931588,1784366756.406771,1784366755.699965,1.58745675,"[dac] CH_A set to +2.034 V (code=39432)
"
735,102,37,2.034039786721385,2.1622619508474648,0.1282221641260799,1784366756.406983,1784366757.831451,1784366757.119217,1.58477552,"[dac] CH_A set to +2.162 V (code=39853)
"
736,102,38,2.1622619508474648,2.2904841149735438,0.128222164126079,1784366757.83165,1784366759.2477398,1784366758.5396948,1.58611614,"[dac] CH_A set to +2.290 V (code=40273)
"
737,102,39,2.2904841149735438,2.4187062790996228,0.128222164126079,1784366759.247953,1784366760.676449,1784366759.962201,1.59281921,"[dac] CH_A set to +2.419 V (code=40693)
"
738,102,40,2.4187062790996228,2.5469284432257018,0.128222164126079,1784366760.677027,1784366762.1012611,1784366761.389144,1.56064443,"[dac] CH_A set to +2.547 V (code=41113)
"
739,102,41,2.5469284432257018,2.675150607351781,0.128222164126079,1784366762.101443,1784366763.5179389,1784366762.809691,1.56868813,"[dac] CH_A set to +2.675 V (code=41533)
"
740,102,42,2.675150607351781,2.80337277147786,0.128222164126079,1784366763.518152,1784366764.9400141,1784366764.229083,1.52310719,"[dac] CH_A set to +2.803 V (code=41954)
"
741,102,43,2.80337277147786,2.931594935603939,0.128222164126079,1784366764.940254,1784366766.3647108,1784366765.6524825,1.51506349,"[dac] CH_A set to +2.932 V (code=42374)
"
742,102,44,2.931594935603939,3.059817099730018,0.128222164126079,1784366766.3649092,1784366767.787361,1784366767.0761352,1.47752625,"[dac] CH_A set to +3.060 V (code=42794)
"
743,102,45,3.059817099730018,3.188039263856097,0.128222164126079,1784366767.787563,1784366769.2031481,1784366768.4953556,1.46009824,"[dac] CH_A set to +3.188 V (code=43214)
"
744,102,46,3.188039263856097,3.316261427982176,0.128222164126079,1784366769.2041512,1784366770.6262798,1784366769.9152155,1.37966129,"[dac] CH_A set to +3.316 V (code=43634)
"
745,102,47,3.316261427982176,3.444483592108255,0.128222164126079,1784366770.626501,1784366772.0461981,1784366771.3363495,1.34748651,"[dac] CH_A set to +3.444 V (code=44054)
"
746,102,48,3.444483592108255,3.5727057562343347,0.1282221641260799,1784366772.046409,1784366773.4767501,1784366772.7615795,1.30994927,"[dac] CH_A set to +3.573 V (code=44474)
"
747,102,49,3.5727057562343347,3.7009279203604137,0.128222164126079,1784366773.476982,1784366774.898901,1784366774.1879416,1.28313695,"[dac] CH_A set to +3.701 V (code=44894)
"
748,102,50,3.7009279203604137,3.8291500844864927,0.128222164126079,1784366774.899067,1784366776.323541,1784366775.6113038,1.20135938,"[dac] CH_A set to +3.829 V (code=45315)
"
749,102,51,3.8291500844864927,3.9573722486125718,0.128222164126079,1784366776.323715,1784366777.7478578,1784366777.0357864,1.15711906,"[dac] CH_A set to +3.957 V (code=45735)
"
750,102,52,3.9573722486125718,4.085594412738651,0.128222164126079,1784366777.748141,1784366779.17326,1784366778.4607005,1.10751627,"[dac] CH_A set to +4.086 V (code=46155)
"
751,102,53,4.085594412738651,4.21381657686473,0.128222164126079,1784366779.1736572,1784366780.592971,1784366779.8833141,1.04450733,"[dac] CH_A set to +4.214 V (code=46575)
"
752,102,54,4.21381657686473,4.342038740990809,0.128222164126079,1784366780.593183,1784366782.012523,1784366781.302853,0.978817152,"[dac] CH_A set to +4.342 V (code=46995)
"
753,102,55,4.342038740990809,4.470260905116888,0.128222164126079,1784366782.012749,1784366783.4380422,1784366782.7253957,0.913126975,"[dac] CH_A set to +4.470 V (code=47416)
"
754,103,0,4.339707428915789,4.274430690815239,-0.06527673810054946,1784366811.732138,1784366813.149468,1784366812.440803,0.956026683,"[dac] CH_A set to +4.274 V (code=46774)
"
755,103,1,4.274430690815239,4.20915395271469,-0.06527673810054946,1784366813.149882,1784366814.570168,1784366813.860025,1.00697009,"[dac] CH_A set to +4.209 V (code=46560)
"
756,104,0,4.339707428915789,4.213989266648064,-0.1257181622677246,1784366843.168289,1784366844.593287,1784366843.8807878,0.981498384,"[dac] CH_A set to +4.214 V (code=46576)
"
757,104,1,4.213989266648064,4.08827110438034,-0.1257181622677246,1784366844.5943522,1784366846.018541,1784366845.3064466,1.06059472,"[dac] CH_A set to +4.088 V (code=46164)
"
758,104,2,4.08827110438034,3.9625529421126147,-0.12571816226772503,1784366846.019107,1784366847.440233,1784366846.72967,1.08874765,"[dac] CH_A set to +3.963 V (code=45752)
"
759,104,3,3.9625529421126147,3.83683477984489,-0.1257181622677246,1784366847.440431,1784366848.8601658,1784366848.1502986,1.1262849,"[dac] CH_A set to +3.837 V (code=45340)
"
760,104,4,3.83683477984489,3.7111166175771655,-0.1257181622677246,1784366848.860364,1784366850.276605,1784366849.5684843,1.2362154,"[dac] CH_A set to +3.711 V (code=44928)
"
761,104,5,3.7111166175771655,3.5853984553094405,-0.12571816226772503,1784366850.276834,1784366851.7016509,1784366850.9892426,1.22951232,"[dac] CH_A set to +3.585 V (code=44516)
"
762,104,6,3.5853984553094405,3.459680293041716,-0.1257181622677246,1784366851.701913,1784366853.123428,1784366852.4126706,1.30056496,"[dac] CH_A set to +3.460 V (code=44104)
"
763,104,7,3.459680293041716,3.3339621307739913,-0.1257181622677246,1784366853.1244428,1784366854.541623,1784366853.833033,1.33542097,"[dac] CH_A set to +3.334 V (code=43692)
"
764,104,8,3.3339621307739913,3.2082439685062667,-0.1257181622677246,1784366854.541815,1784366855.9620328,1784366855.251924,1.37832068,"[dac] CH_A set to +3.208 V (code=43280)
"
765,104,9,3.2082439685062667,3.082525806238542,-0.1257181622677246,1784366855.962274,1784366857.3856041,1784366856.6739392,1.44669209,"[dac] CH_A set to +3.082 V (code=42868)
"
766,104,10,3.082525806238542,2.956807643970817,-0.12571816226772503,1784366857.385848,1784366858.80937,1784366858.097609,1.45205455,"[dac] CH_A set to +2.957 V (code=42456)
"
767,104,11,2.956807643970817,2.8310894817030925,-0.1257181622677246,1784366858.809563,1784366860.231463,1784366859.520513,1.50165734,"[dac] CH_A set to +2.831 V (code=42044)
"
768,104,12,2.8310894817030925,2.705371319435368,-0.1257181622677246,1784366860.231889,1784366861.6458209,1784366860.938855,1.50165734,"[dac] CH_A set to +2.705 V (code=41632)
"
769,104,13,2.705371319435368,2.579653157167643,-0.12571816226772503,1784366861.6460228,1784366863.0668402,1784366862.3564315,1.52981027,"[dac] CH_A set to +2.580 V (code=41221)
"
770,104,14,2.579653157167643,2.4539349948999183,-0.1257181622677246,1784366863.067022,1784366864.48557,1784366863.7762961,1.56332567,"[dac] CH_A set to +2.454 V (code=40808)
"
771,104,15,2.4539349948999183,2.3282168326321937,-0.1257181622677246,1784366864.485798,1784366865.9062169,1784366865.1960073,1.5834349,"[dac] CH_A set to +2.328 V (code=40396)
"
772,104,16,2.3282168326321937,2.202498670364469,-0.1257181622677246,1784366865.906403,1784366867.328105,1784366866.617254,1.5914786,"[dac] CH_A set to +2.203 V (code=39985)
"
773,104,17,2.202498670364469,2.0767805080967445,-0.1257181622677246,1784366867.328296,1784366868.74446,1784366868.036378,1.5660069,"[dac] CH_A set to +2.077 V (code=39573)
"
774,104,18,2.0767805080967445,1.9510623458290195,-0.12571816226772503,1784366868.7446568,1784366870.167737,1784366869.4561968,1.57405059,"[dac] CH_A set to +1.951 V (code=39161)
"
775,104,19,1.9510623458290195,1.825344183561295,-0.1257181622677246,1784366870.168875,1784366871.59779,1784366870.8833325,1.60622537,"[dac] CH_A set to +1.825 V (code=38749)
"
776,104,20,1.825344183561295,1.6996260212935703,-0.1257181622677246,1784366871.597984,1784366873.017636,1784366872.30781,1.62231276,"[dac] CH_A set to +1.700 V (code=38337)
"
777,104,21,1.6996260212935703,1.5739078590258453,-0.12571816226772503,1784366873.0181508,1784366874.4393501,1784366873.7287505,1.59281921,"[dac] CH_A set to +1.574 V (code=37925)
"
778,104,22,1.5739078590258453,1.4481896967581207,-0.1257181622677246,1784366874.439523,1784366875.862962,1784366875.1512425,1.57941306,"[dac] CH_A set to +1.448 V (code=37513)
"
779,104,23,1.4481896967581207,1.3224715344903961,-0.1257181622677246,1784366875.8639958,1784366877.283665,1784366876.5738304,1.60622537,"[dac] CH_A set to +1.322 V (code=37101)
"
780,104,24,1.3224715344903961,1.1967533722226715,-0.1257181622677246,1784366877.283863,1784366878.707635,1784366877.995749,1.52846965,"[dac] CH_A set to +1.197 V (code=36689)
"
781,104,25,1.1967533722226715,1.071035209954947,-0.1257181622677246,1784366878.70785,1784366880.125331,1784366879.4165905,1.50433857,"[dac] CH_A set to +1.071 V (code=36277)
"
782,104,26,1.071035209954947,0.9453170476872224,-0.1257181622677246,1784366880.1255538,1784366881.54592,1784366880.8357368,1.48825118,"[dac] CH_A set to +0.945 V (code=35865)
"
783,105,0,1.0758705238883213,1.1411472619888707,0.06527673810054946,1784366910.05152,1784366911.491552,1784366910.771536,1.50567918,"[dac] CH_A set to +1.141 V (code=36507)
"
784,105,1,1.1411472619888707,1.2064240000894202,0.06527673810054946,1784366911.492587,1784366912.936574,1784366912.2145805,1.51774473,"[dac] CH_A set to +1.206 V (code=36721)
"
785,106,0,1.0758705238883213,0.9779554167374971,-0.09791510715082419,1784366941.429287,1784366942.868438,1784366942.1488624,1.46546071,"[dac] CH_A set to +0.978 V (code=35972)
"
786,106,1,0.9779554167374971,0.8800403095866729,-0.09791510715082419,1784366942.8695118,1784366944.311884,1784366943.5906978,1.46680132,"[dac] CH_A set to +0.880 V (code=35651)
"
787,106,2,0.8800403095866729,0.7821252024358487,-0.09791510715082419,1784366944.312224,1784366945.760125,1784366945.0361743,1.42524223,"[dac] CH_A set to +0.782 V (code=35330)
"
788,106,3,0.7821252024358487,0.6842100952850245,-0.09791510715082419,1784366945.7603462,1784366947.202255,1784366946.4813006,1.39977053,"[dac] CH_A set to +0.684 V (code=35009)
"
789,107,0,0.5536566190839256,0.48837988098337615,-0.06527673810054946,1784366975.753066,1784366977.1936052,1784366976.4733357,1.32201481,"[dac] CH_A set to +0.488 V (code=34368)
"
790,107,1,0.48837988098337615,0.4231031428828267,-0.06527673810054946,1784366977.1947489,1784366978.635849,1784366977.915299,1.28984003,"[dac] CH_A set to +0.423 V (code=34154)
"
