window_sequence_index,source_sequence_index,window_index,role,direction,grid_index,target_ordinal,pair_position,bias,t_start_unix,t_end_unix,t_mid_unix,dc_board,I1,Q1,I2,Q2,rawadc_version,rawadc_scope,rawadc_expected,rawadc_used,rawadc_read_fail,rawadc_blocks,rawadc_complete,rawadc_timeout,rawadc_gain,rawadc_fs_uv,rawadc_guard,rawadc_crc,rawadc_ch0_min,rawadc_ch0_max,rawadc_ch0_rail_lo,rawadc_ch0_rail_hi,rawadc_ch0_guard_lo,rawadc_ch0_guard_hi,rawadc_windows,read_attempt_count,t_first_attempt_start_unix
0,54,0,sentinel,down,60,27,0,3.4258330955080973,1784364383.793729,1784364386.121429,1784364384.9575791,1.2,-0.211857,-0.362384,-0.000354,0.002186,1,acq,20480,20480,0,16,True,False,1,1200000,8381618,False,-3073902,3161554,0,0,0,0,1,1,1784364383.793729
1,54,1,sentinel,down,60,27,0,3.4258330955080973,1784364386.1224608,1784364388.444206,1784364387.2833333,1.2,-0.212375,-0.363294,-0.000371,0.002169,1,acq,20480,20480,0,16,True,False,1,1200000,8381618,False,-3152577,3188993,0,0,0,0,1,1,1784364386.1224608
2,54,2,sentinel,down,60,27,0,3.4258330955080973,1784364388.444493,1784364390.761014,1784364389.6027536,1.2,-0.213109,-0.364647,-0.000348,0.002151,1,acq,20480,20480,0,16,True,False,1,1200000,8381618,False,-3106507,3230489,0,0,0,0,1,1,1784364388.444493
3,54,3,sentinel,down,60,27,0,3.4258330955080973,1784364390.761268,1784364393.0858839,1784364391.9235759,1.2,-0.213715,-0.365729,-0.000349,0.002146,1,acq,20480,20480,0,16,True,False,1,1200000,8381618,False,-3071023,3186198,0,0,0,0,1,1,1784364390.761268
4,54,4,sentinel,down,60,27,0,3.4258330955080973,1784364393.086101,1784364395.401877,1784364394.243989,1.2,-0.214283,-0.366608,-0.000279,0.002161,1,acq,20480,20480,0,16,True,False,1,1200000,8381618,False,-3059759,3230320,0,0,0,0,1,1,1784364393.086101
5,54,5,sentinel,down,60,27,0,3.4258330955080973,1784364395.402122,1784364397.725384,1784364396.5637531,1.2,-0.214676,-0.367474,-0.0003,0.00214,1,acq,20480,20480,0,16,True,False,1,1200000,8381618,False,-3118363,3203305,0,0,0,0,1,1,1784364395.402122
6,54,6,sentinel,down,60,27,0,3.4258330955080973,1784364397.7256289,1784364400.048277,1784364398.8869529,1.2,-0.215134,-0.368303,-0.000307,0.002098,1,acq,20480,20480,0,16,True,False,1,1200000,8381618,False,-3087791,3218972,0,0,0,0,1,1,1784364397.7256289
7,54,7,sentinel,down,60,27,0,3.4258330955080973,1784364400.04928,1784364402.36866,1784364401.20897,1.2,-0.215682,-0.369071,-0.000308,0.002078,1,acq,20480,20480,0,16,True,False,1,1200000,8381618,False,-3123783,3286807,0,0,0,0,1,1,1784364400.04928
8,55,0,sentinel,up,60,27,1,3.4258330955080973,1784364414.9342022,1784364417.26218,1784364416.0981913,1.2,-0.218327,-0.37369,-0.000254,0.002064,1,acq,20480,20480,0,16,True,False,1,1200000,8381618,False,-3162655,3281387,0,0,0,0,1,1,1784364414.9342022
9,55,1,sentinel,up,60,27,1,3.4258330955080973,1784364417.263238,1784364419.587513,1784364418.4253755,1.2,-0.218782,-0.374498,-0.000229,0.001996,1,acq,20480,20480,0,16,True,False,1,1200000,8381618,False,-3142330,3206015,0,0,0,0,1,1,1784364417.263238
10,55,2,sentinel,up,60,27,1,3.4258330955080973,1784364419.587892,1784364421.910327,1784364420.7491095,1.2,-0.219008,-0.375019,-0.000228,0.001987,1,acq,20480,20480,0,16,True,False,1,1200000,8381618,False,-3202204,3258944,0,0,0,0,1,1,1784364419.587892
11,55,3,sentinel,up,60,27,1,3.4258330955080973,1784364421.9105449,1784364424.231989,1784364423.071267,1.2,-0.21943,-0.375701,-0.000265,0.002001,1,acq,20480,20480,0,16,True,False,1,1200000,8381618,False,-3170107,3296038,0,0,0,0,1,1,1784364421.9105449
12,55,4,sentinel,up,60,27,1,3.4258330955080973,1784364424.233091,1784364426.546638,1784364425.3898644,1.2,-0.219508,-0.375854,-0.000234,0.002011,1,acq,20480,20480,0,16,True,False,1,1200000,8381618,False,-3192973,3260808,0,0,0,0,1,1,1784364424.233091
13,55,5,sentinel,up,60,27,1,3.4258330955080973,1784364426.546936,1784364428.865014,1784364427.705975,1.2,-0.220129,-0.377125,-0.000165,0.001964,1,acq,20480,20480,0,16,True,False,1,1200000,8381618,False,-3149274,3266651,0,0,0,0,1,1,1784364426.546936
14,55,6,sentinel,up,60,27,1,3.4258330955080973,1784364428.865571,1784364431.186667,1784364430.026119,1.2,-0.220516,-0.377569,-0.000237,0.001956,1,acq,20480,20480,0,16,True,False,1,1200000,8381618,False,-3192803,3279608,0,0,0,0,1,1,1784364428.865571
15,55,7,sentinel,up,60,27,1,3.4258330955080973,1784364431.1871018,1784364433.5155132,1784364432.3513074,1.2,-0.220703,-0.377975,-0.000215,0.001993,1,acq,20480,20480,0,16,True,False,1,1200000,8381618,False,-3225747,3301542,0,0,0,0,1,1,1784364431.1871018
16,56,0,formal,up,73,28,0,5.123028286122381,1784364460.287199,1784364462.608882,1784364461.4480405,0.551584,-0.284244,-0.483558,0.003549,-0.004658,1,acq,20480,20480,0,16,True,False,1,1200000,8381618,False,-4057209,4050095,0,0,0,0,1,1,1784364460.287199
17,56,1,formal,up,73,28,0,5.123028286122381,1784364462.609588,1784364464.9341938,1784364463.7718909,0.549274,-0.284021,-0.483222,0.003575,-0.004687,1,acq,20480,20480,0,16,True,False,1,1200000,8381618,False,-4073723,4063052,0,0,0,0,1,1,1784364462.609588
18,56,2,formal,up,73,28,0,5.123028286122381,1784364464.9344609,1784364467.257004,1784364466.0957325,0.547023,-0.283822,-0.483039,0.003548,-0.004676,1,acq,20480,20480,0,16,True,False,1,1200000,8381618,False,-4073977,4048486,0,0,0,0,1,1,1784364464.9344609
19,56,3,formal,up,73,28,0,5.123028286122381,1784364467.257216,1784364469.576115,1784364468.4166656,0.544787,-0.283635,-0.482721,0.00355,-0.004663,1,acq,20480,20480,0,16,True,False,1,1200000,8381618,False,-4073977,4041457,0,0,0,0,1,1,1784364467.257216
20,56,4,formal,up,73,28,0,5.123028286122381,1784364469.5775309,1784364471.892742,1784364470.7351365,0.542243,-0.283077,-0.481986,0.003589,-0.004756,1,acq,20480,20480,0,16,True,False,1,1200000,8381618,False,-4053737,4040017,0,0,0,0,1,1,1784364469.5775309
21,56,5,formal,up,73,28,0,5.123028286122381,1784364471.892986,1784364474.214551,1784364473.0537686,0.540559,-0.283076,-0.481938,0.003574,-0.004712,1,acq,20480,20480,0,16,True,False,1,1200000,8381618,False,-4059411,4040187,0,0,0,0,1,1,1784364471.892986
22,56,6,formal,up,73,28,0,5.123028286122381,1784364474.214869,1784364476.5337338,1784364475.3743014,0.538397,-0.282749,-0.481465,0.003569,-0.004725,1,acq,20480,20480,0,16,True,False,1,1200000,8381618,False,-4073553,4023164,0,0,0,0,1,1,1784364474.214869
23,56,7,formal,up,73,28,0,5.123028286122381,1784364476.534847,1784364478.850823,1784364477.6928349,0.536265,-0.282285,-0.480697,0.00361,-0.004785,1,acq,20480,20480,0,16,True,False,1,1200000,8381618,False,-4023080,4037223,0,0,0,0,1,1,1784364476.534847
24,57,0,formal,down,73,28,1,5.123028286122381,1784364491.433523,1784364493.760768,1784364492.5971456,0.524896,-0.28081,-0.478289,0.00359,-0.004809,1,acq,20480,20480,0,16,True,False,1,1200000,8381618,False,-4008683,4014950,0,0,0,0,1,1,1784364491.433523
25,57,1,formal,down,73,28,1,5.123028286122381,1784364493.761106,1784364496.092858,1784364494.926982,0.523485,-0.280641,-0.478041,0.003575,-0.004788,1,acq,20480,20480,0,16,True,False,1,1200000,8381618,False,-4027483,4009022,0,0,0,0,1,1,1784364493.761106
26,57,2,formal,down,73,28,1,5.123028286122381,1784364496.093123,1784364498.413204,1784364497.2531633,0.521872,-0.280335,-0.477657,0.003615,-0.004823,1,acq,20480,20480,0,16,True,False,1,1200000,8381618,False,-4052805,3985733,0,0,0,0,1,1,1784364496.093123
27,57,3,formal,down,73,28,1,5.123028286122381,1784364498.413455,1784364500.7504692,1784364499.581962,0.520307,-0.280165,-0.477262,0.003593,-0.004799,1,acq,20480,20480,0,16,True,False,1,1200000,8381618,False,-4027822,3974723,0,0,0,0,1,1,1784364498.413455
28,57,4,formal,down,73,28,1,5.123028286122381,1784364500.751497,1784364503.080458,1784364501.9159775,0.519031,-0.280053,-0.477126,0.003624,-0.004846,1,acq,20480,20480,0,16,True,False,1,1200000,8381618,False,-4010122,3995387,0,0,0,0,1,1,1784364500.751497
29,57,5,formal,down,73,28,1,5.123028286122381,1784364503.080676,1784364505.4179358,1784364504.249306,0.517534,-0.279796,-0.47669,0.003606,-0.004843,1,acq,20480,20480,0,16,True,False,1,1200000,8381618,False,-3999537,3985394,0,0,0,0,1,1,1784364503.080676
30,57,6,formal,down,73,28,1,5.123028286122381,1784364505.4181619,1784364507.745331,1784364506.5817466,0.516383,-0.279777,-0.476703,0.003597,-0.004832,1,acq,20480,20480,0,16,True,False,1,1200000,8381618,False,-4028754,3970150,0,0,0,0,1,1,1784364505.4181619
31,57,7,formal,down,73,28,1,5.123028286122381,1784364507.746398,1784364510.0854259,1784364508.915912,0.514749,-0.279413,-0.476097,0.003642,-0.004813,1,acq,20480,20480,0,16,True,False,1,1200000,8381618,False,-4029770,4049333,0,0,0,0,1,1,1784364507.746398
32,58,0,formal,down,7,29,0,-3.4935011431501337,1784364613.395333,1784364615.727971,1784364614.5616522,0.002958,-0.030112,-0.051639,0.002886,-0.005095,1,acq,20480,20480,0,16,True,False,1,1200000,8381618,False,-558091,490510,0,0,0,0,1,1,1784364613.395333
33,58,1,formal,down,7,29,0,-3.4935011431501337,1784364615.729135,1784364618.054288,1784364616.8917115,0.003348,-0.031609,-0.054058,0.002898,-0.005103,1,acq,20480,20480,0,16,True,False,1,1200000,8381618,False,-576129,509141,0,0,0,0,1,1,1784364615.729135
34,58,2,formal,down,7,29,0,-3.4935011431501337,1784364618.054587,1784364620.403042,1784364619.2288146,0.003755,-0.032981,-0.056491,0.002912,-0.005114,1,acq,20480,20480,0,16,True,False,1,1200000,8381618,False,-601789,524300,0,0,0,0,1,1,1784364618.054587
35,58,3,formal,down,7,29,0,-3.4935011431501337,1784364620.403269,1784364622.734623,1784364621.568946,0.004124,-0.034211,-0.058576,0.00294,-0.005113,1,acq,20480,20480,0,16,True,False,1,1200000,8381618,False,-615255,547251,0,0,0,0,1,1,1784364620.403269
36,58,4,formal,down,7,29,0,-3.4935011431501337,1784364622.7349381,1784364625.061847,1784364623.8983927,0.004517,-0.035392,-0.060594,0.002927,-0.005129,1,acq,20480,20480,0,16,True,False,1,1200000,8381618,False,-625756,569269,0,0,0,0,1,1,1784364622.7349381
37,58,5,formal,down,7,29,0,-3.4935011431501337,1784364625.0620701,1784364627.401603,1784364626.2318366,0.004846,-0.0366,-0.062643,0.002946,-0.005145,1,acq,20480,20480,0,16,True,False,1,1200000,8381618,False,-671657,584767,0,0,0,0,1,1,1784364625.0620701
38,58,6,formal,down,7,29,0,-3.4935011431501337,1784364627.4018939,1784364629.738139,1784364628.5700164,0.005236,-0.03763,-0.06455,0.002957,-0.005155,1,acq,20480,20480,0,16,True,False,1,1200000,8381618,False,-667337,590780,0,0,0,0,1,1,1784364627.4018939
39,58,7,formal,down,7,29,0,-3.4935011431501337,1784364629.7392378,1784364632.076264,1784364630.9077508,0.005563,-0.03875,-0.066422,0.002977,-0.005178,1,acq,20480,20480,0,16,True,False,1,1200000,8381618,False,-687493,596962,0,0,0,0,1,1,1784364629.7392378
40,59,0,formal,up,7,29,1,-3.4935011431501337,1784364644.772641,1784364647.101377,1784364645.9370089,0.007886,-0.044886,-0.076939,0.003029,-0.005228,1,acq,20480,20480,0,16,True,False,1,1200000,8381618,False,-773112,690881,0,0,0,0,1,1,1784364644.772641
41,59,1,formal,up,7,29,1,-3.4935011431501337,1784364647.102582,1784364649.453503,1784364648.2780423,0.008213,-0.045725,-0.078348,0.003019,-0.005247,1,acq,20480,20480,0,16,True,False,1,1200000,8381618,False,-772773,701890,0,0,0,0,1,1,1784364647.102582
42,59,2,formal,up,7,29,1,-3.4935011431501337,1784364649.45373,1784364651.788355,1784364650.6210427,0.008518,-0.046522,-0.079684,0.003021,-0.005246,1,acq,20480,20480,0,16,True,False,1,1200000,8381618,False,-790981,702059,0,0,0,0,1,1,1784364649.45373
43,59,3,formal,up,7,29,1,-3.4935011431501337,1784364651.788637,1784364654.137774,1784364652.9632053,0.008852,-0.047311,-0.081059,0.003046,-0.005268,1,acq,20480,20480,0,16,True,False,1,1200000,8381618,False,-786408,722554,0,0,0,0,1,1,1784364651.788637
44,59,4,formal,up,7,29,1,-3.4935011431501337,1784364654.1392179,1784364656.4850519,1784364655.3121347,0.009187,-0.048084,-0.082381,0.003049,-0.005271,1,acq,20480,20480,0,16,True,False,1,1200000,8381618,False,-804447,731954,0,0,0,0,1,1,1784364654.1392179
45,59,5,formal,up,7,29,1,-3.4935011431501337,1784364656.4853172,1784364658.818136,1784364657.6517267,0.009531,-0.048848,-0.083683,0.003043,-0.005285,1,acq,20480,20480,0,16,True,False,1,1200000,8381618,False,-811730,743810,0,0,0,0,1,1,1784364656.4853172
46,59,6,formal,up,7,29,1,-3.4935011431501337,1784364658.818536,1784364661.172904,1784364659.99572,0.009872,-0.049634,-0.085007,0.00306,-0.005282,1,acq,20480,20480,0,16,True,False,1,1200000,8381618,False,-817658,750670,0,0,0,0,1,1,1784364658.818536
47,59,7,formal,up,7,29,1,-3.4935011431501337,1784364661.174089,1784364663.518144,1784364662.3461165,0.010188,-0.050324,-0.086248,0.003051,-0.005291,1,acq,20480,20480,0,16,True,False,1,1200000,8381618,False,-846875,770487,0,0,0,0,1,1,1784364661.174089
48,60,0,formal,up,34,30,0,0.031442714279531714,1784364712.117816,1784364714.451784,1784364713.2848,1.041644,0.280123,0.478758,0.00039,-0.001784,1,acq,20480,20480,0,16,True,False,1,1200000,8381618,False,-4069234,4053906,0,0,0,0,1,1,1784364712.117816
49,60,1,formal,up,34,30,0,0.031442714279531714,1784364714.453494,1784364716.787589,1784364715.6205416,1.042956,0.27982,0.478393,0.000405,-0.001825,1,acq,20480,20480,0,16,True,False,1,1200000,8381618,False,-4087188,4046877,0,0,0,0,1,1,1784364714.453494
50,60,2,formal,up,34,30,0,0.031442714279531714,1784364716.787821,1784364719.1249049,1784364717.956363,1.044852,0.279941,0.478592,0.000371,-0.001766,1,acq,20480,20480,0,16,True,False,1,1200000,8381618,False,-4091084,4012833,0,0,0,0,1,1,1784364716.787821
51,60,3,formal,up,34,30,0,0.031442714279531714,1784364719.125151,1784364721.467705,1784364720.296428,1.045562,0.279634,0.478161,0.000364,-0.001828,1,acq,20480,20480,0,16,True,False,1,1200000,8381618,False,-4052974,4025790,0,0,0,0,1,1,1784364719.125151
52,60,4,formal,up,34,30,0,0.031442714279531714,1784364721.468022,1784364723.801291,1784364722.6346564,1.046699,0.279514,0.478066,0.000408,-0.001787,1,acq,20480,20480,0,16,True,False,1,1200000,8381618,False,-4054668,4070335,0,0,0,0,1,1,1784364721.468022
53,60,5,formal,up,34,30,0,0.031442714279531714,1784364723.801537,1784364726.1171079,1784364724.9593225,1.048216,0.27949,0.478195,0.000362,-0.001763,1,acq,20480,20480,0,16,True,False,1,1200000,8381618,False,-4092608,4051704,0,0,0,0,1,1,1784364723.801537
54,60,6,formal,up,34,30,0,0.031442714279531714,1784364726.117424,1784364728.4492428,1784364727.2833333,1.048575,0.279314,0.477979,0.000282,-0.00172,1,acq,20480,20480,0,16,True,False,1,1200000,8381618,False,-4056531,3999367,0,0,0,0,1,1,1784364726.117424
55,60,7,formal,up,34,30,0,0.031442714279531714,1784364728.4495082,1784364730.78638,1784364729.6179442,1.04908,0.279188,0.477759,0.000368,-0.001781,1,acq,20480,20480,0,16,True,False,1,1200000,8381618,False,-4098028,4019862,0,0,0,0,1,1,1784364728.4495082
56,61,0,formal,down,34,30,1,0.031442714279531714,1784364743.475991,1784364745.81792,1784364744.6469555,1.052956,0.278722,0.477217,0.000381,-0.001768,1,acq,20480,20480,0,16,True,False,1,1200000,8381618,False,-4046199,4050942,0,0,0,0,1,1,1784364743.475991
57,61,1,formal,down,34,30,1,0.031442714279531714,1784364745.819573,1784364748.141239,1784364746.9804058,1.052431,0.278358,0.476812,0.000375,-0.001707,1,acq,20480,20480,0,16,True,False,1,1200000,8381618,False,-4065593,3984716,0,0,0,0,1,1,1784364745.819573
58,61,2,formal,down,34,30,1,0.031442714279531714,1784364748.1414678,1784364750.4775171,1784364749.3094926,1.053381,0.278544,0.477079,0.000391,-0.001659,1,acq,20480,20480,0,16,True,False,1,1200000,8381618,False,-4076179,3969981,0,0,0,0,1,1,1784364748.1414678
59,61,3,formal,down,34,30,1,0.031442714279531714,1784364750.477771,1784364752.815215,1784364751.646493,1.053122,0.278393,0.47673,0.000365,-0.001695,1,acq,20480,20480,0,16,True,False,1,1200000,8381618,False,-4068642,4001061,0,0,0,0,1,1,1784364750.477771
60,61,4,formal,down,34,30,1,0.031442714279531714,1784364752.81686,1784364755.159105,1784364753.9879825,1.05405,0.278356,0.47689,0.000357,-0.00171,1,acq,20480,20480,0,16,True,False,1,1200000,8381618,False,-3999113,3945845,0,0,0,0,1,1,1784364752.81686
61,61,5,formal,down,34,30,1,0.031442714279531714,1784364755.159352,1784364757.490005,1784364756.3246784,1.053821,0.278189,0.476667,0.000352,-0.001667,1,acq,20480,20480,0,16,True,False,1,1200000,8381618,False,-4048401,4001146,0,0,0,0,1,1,1784364755.159352
62,61,6,formal,down,34,30,1,0.031442714279531714,1784364757.490252,1784364759.825902,1784364758.658077,1.053923,0.278163,0.476522,0.00037,-0.001669,1,acq,20480,20480,0,16,True,False,1,1200000,8381618,False,-4096927,3985055,0,0,0,0,1,1,1784364757.490252
63,61,7,formal,down,34,30,1,0.031442714279531714,1784364759.827662,1784364762.1650271,1784364760.9963446,1.0546,0.278204,0.476733,0.000345,-0.001674,1,acq,20480,20480,0,16,True,False,1,1200000,8381618,False,-4050857,3980736,0,0,0,0,1,1,1784364759.827662
64,62,0,formal,down,46,31,0,1.5980844286927152,1784364790.711663,1784364793.042615,1784364791.877139,1.2,0.083374,0.143102,-0.002038,0.003368,1,acq,20480,20480,0,16,True,False,1,1200000,8381618,False,-1396497,1394464,0,0,0,0,1,1,1784364790.711663
65,62,1,formal,down,46,31,0,1.5980844286927152,1784364793.0431411,1784364795.384931,1784364794.214036,1.2,0.082879,0.142359,-0.001991,0.003415,1,acq,20480,20480,0,16,True,False,1,1200000,8381618,False,-1298344,1362537,0,0,0,0,1,1,1784364793.0431411
66,62,2,formal,down,46,31,0,1.5980844286927152,1784364795.385186,1784364797.726229,1784364796.5557075,1.2,0.082251,0.141259,-0.002039,0.003418,1,acq,20480,20480,0,16,True,False,1,1200000,8381618,False,-1436300,1554863,0,0,0,0,1,1,1784364795.385186
67,62,3,formal,down,46,31,0,1.5980844286927152,1784364797.726557,1784364800.0627022,1784364798.8946295,1.2,0.081885,0.140698,-0.002027,0.003399,1,acq,20480,20480,0,16,True,False,1,1200000,8381618,False,-1270821,1318246,0,0,0,0,1,1,1784364797.726557
68,62,4,formal,down,46,31,0,1.5980844286927152,1784364800.063722,1784364802.3927438,1784364801.2282329,1.2,0.081369,0.139817,-0.002013,0.003423,1,acq,20480,20480,0,16,True,False,1,1200000,8381618,False,-1264977,1384725,0,0,0,0,1,1,1784364800.063722
69,62,5,formal,down,46,31,0,1.5980844286927152,1784364802.3930109,1784364804.7343402,1784364803.5636754,1.2,0.080969,0.139204,-0.002049,0.003438,1,acq,20480,20480,0,16,True,False,1,1200000,8381618,False,-1254476,1374224,0,0,0,0,1,1,1784364802.3930109
70,62,6,formal,down,46,31,0,1.5980844286927152,1784364804.734569,1784364807.0699031,1784364805.902236,1.2,0.080497,0.138416,-0.002033,0.003431,1,acq,20480,20480,0,16,True,False,1,1200000,8381618,False,-1306982,1334082,0,0,0,0,1,1,1784364804.734569
71,62,7,formal,down,46,31,0,1.5980844286927152,1784364807.0701592,1784364809.407983,1784364808.2390711,1.2,0.080139,0.137813,-0.002097,0.00345,1,acq,20480,20480,0,16,True,False,1,1200000,8381618,False,-1277765,1350173,0,0,0,0,1,1,1784364807.0701592
72,63,0,formal,up,46,31,1,1.5980844286927152,1784364822.126715,1784364824.4664068,1784364823.2965608,1.2,0.078064,0.134379,-0.002087,0.003473,1,acq,20480,20480,0,16,True,False,1,1200000,8381618,False,-1261759,1325868,0,0,0,0,1,1,1784364822.126715
73,63,1,formal,up,46,31,1,1.5980844286927152,1784364824.466629,1784364826.7928052,1784364825.629717,1.2,0.077842,0.133996,-0.00206,0.003489,1,acq,20480,20480,0,16,True,False,1,1200000,8381618,False,-1237454,1316637,0,0,0,0,1,1,1784364824.466629
74,63,2,formal,up,46,31,1,1.5980844286927152,1784364826.793081,1784364829.130296,1784364827.9616885,1.2,0.077541,0.133461,-0.002089,0.003454,1,acq,20480,20480,0,16,True,False,1,1200000,8381618,False,-1267687,1281576,0,0,0,0,1,1,1784364826.793081
75,63,3,formal,up,46,31,1,1.5980844286927152,1784364829.131305,1784364831.4560032,1784364830.293654,1.2,0.077293,0.133026,-0.002088,0.003502,1,acq,20480,20480,0,16,True,False,1,1200000,8381618,False,-1283608,1389553,0,0,0,0,1,1,1784364829.131305
76,63,4,formal,up,46,31,1,1.5980844286927152,1784364831.45628,1784364833.796834,1784364832.6265569,1.2,0.077032,0.132447,-0.002069,0.00349,1,acq,20480,20480,0,16,True,False,1,1200000,8381618,False,-1238301,1333659,0,0,0,0,1,1,1784364831.45628
77,63,5,formal,up,46,31,1,1.5980844286927152,1784364833.797135,1784364836.136425,1784364834.9667802,1.2,0.076755,0.132192,-0.002061,0.003496,1,acq,20480,20480,0,16,True,False,1,1200000,8381618,False,-1207136,1313249,0,0,0,0,1,1,1784364833.797135
78,63,6,formal,up,46,31,1,1.5980844286927152,1784364836.137494,1784364838.467857,1784364837.3026755,1.2,0.076511,0.131624,-0.002093,0.003468,1,acq,20480,20480,0,16,True,False,1,1200000,8381618,False,-1254730,1361521,0,0,0,0,1,1,1784364836.137494
79,63,7,formal,up,46,31,1,1.5980844286927152,1784364838.468168,1784364840.802422,1784364839.635295,1.2,0.076291,0.131277,-0.002115,0.003518,1,acq,20480,20480,0,16,True,False,1,1200000,8381618,False,-1227461,1251512,0,0,0,0,1,1,1784364838.468168
80,64,0,formal,up,77,32,0,5.6452421909267745,1784364893.745846,1784364896.084074,1784364894.91496,0.335546,-0.24319,-0.413228,0.000967,-0.000531,1,acq,20480,20480,0,16,True,False,1,1200000,8381618,False,-3430267,3506740,0,0,0,0,1,1,1784364893.745846
81,64,1,formal,up,77,32,0,5.6452421909267745,1784364896.085349,1784364898.419348,1784364897.2523484,0.34532,-0.228904,-0.38854,0.003416,-0.005942,1,acq,20480,20480,0,16,True,False,1,1200000,8381618,False,-3370393,8388607,0,1276,0,1277,1,1,1784364896.085349
82,64,2,formal,up,77,32,0,5.6452421909267745,1784364898.4195688,1784364900.7517881,1784364899.5856786,0.329985,-0.241532,-0.410383,0.000999,-0.000557,1,acq,20480,20480,0,16,True,False,1,1200000,8381618,False,-3432215,3499796,0,0,0,0,1,1,1784364898.4195688
83,64,3,formal,up,77,32,0,5.6452421909267745,1784364900.7520242,1784364903.08379,1784364901.9179072,0.327664,-0.241019,-0.409702,0.000989,-0.000579,1,acq,20480,20480,0,16,True,False,1,1200000,8381618,False,-3405284,3477269,0,0,0,0,1,1,1784364900.7520242
84,64,4,formal,up,77,32,0,5.6452421909267745,1784364903.0848901,1784364905.406404,1784364904.245647,0.325224,-0.240329,-0.408423,0.001021,-0.000597,1,acq,20480,20480,0,16,True,False,1,1200000,8381618,False,-3398255,3451693,0,0,0,0,1,1,1784364903.0848901
85,64,5,formal,up,77,32,0,5.6452421909267745,1784364905.4066281,1784364907.738194,1784364906.572411,0.322941,-0.239682,-0.40735,0.001012,-0.000637,1,acq,20480,20480,0,16,True,False,1,1200000,8381618,False,-3378692,3463295,0,0,0,0,1,1,1784364905.4066281
86,64,6,formal,up,77,32,0,5.6452421909267745,1784364907.738397,1784364910.0726569,1784364908.9055269,0.320749,-0.23898,-0.406499,0.00107,-0.000614,1,acq,20480,20480,0,16,True,False,1,1200000,8381618,False,-3416632,3442886,0,0,0,0,1,1,1784364907.738397
87,64,7,formal,up,77,32,0,5.6452421909267745,1784364910.073132,1784364912.4021819,1784364911.237657,0.319059,-0.238818,-0.406037,0.001008,-0.000648,1,acq,20480,20480,0,16,True,False,1,1200000,8381618,False,-3390295,3425186,0,0,0,0,1,1,1784364910.073132
88,65,0,formal,down,77,32,1,5.6452421909267745,1784364925.136729,1784364927.467461,1784364926.302095,0.306668,-0.235066,-0.399782,0.001098,-0.000774,1,acq,20480,20480,0,16,True,False,1,1200000,8381618,False,-3339652,3363195,0,0,0,0,1,1,1784364925.136729
89,65,1,formal,down,77,32,1,5.6452421909267745,1784364927.46858,1784364929.812415,1784364928.6404974,0.304973,-0.234546,-0.398941,0.001057,-0.000761,1,acq,20480,20480,0,16,True,False,1,1200000,8381618,False,-3339143,3380640,0,0,0,0,1,1,1784364927.46858
90,65,2,formal,down,77,32,1,5.6452421909267745,1784364929.81263,1784364932.139242,1784364930.975936,0.30343,-0.234128,-0.398277,0.001091,-0.00081,1,acq,20480,20480,0,16,True,False,1,1200000,8381618,False,-3352439,3359977,0,0,0,0,1,1,1784364929.81263
91,65,3,formal,down,77,32,1,5.6452421909267745,1784364932.139458,1784364934.477399,1784364933.3084285,0.302019,-0.233725,-0.397664,0.00109,-0.000795,1,acq,20480,20480,0,16,True,False,1,1200000,8381618,False,-3321359,3355149,0,0,0,0,1,1,1784364932.139458
92,65,4,formal,down,77,32,1,5.6452421909267745,1784364934.478464,1784364936.813545,1784364935.6460044,0.300514,-0.233268,-0.396871,0.001109,-0.000794,1,acq,20480,20480,0,16,True,False,1,1200000,8381618,False,-3317463,3362687,0,0,0,0,1,1,1784364934.478464
93,65,5,formal,down,77,32,1,5.6452421909267745,1784364936.813762,1784364939.150615,1784364937.9821885,0.298988,-0.23284,-0.396177,0.001121,-0.000818,1,acq,20480,20480,0,16,True,False,1,1200000,8381618,False,-3340160,3349137,0,0,0,0,1,1,1784364936.813762
94,65,6,formal,down,77,32,1,5.6452421909267745,1784364939.150866,1784364941.4940841,1784364940.322475,0.297677,-0.232486,-0.395597,0.001119,-0.000833,1,acq,20480,20480,0,16,True,False,1,1200000,8381618,False,-3320343,3344140,0,0,0,0,1,1,1784364939.150866
95,65,7,formal,down,77,32,1,5.6452421909267745,1784364941.4943202,1784364943.836014,1784364942.665167,0.295754,-0.231618,-0.394141,0.001143,-0.000827,1,acq,20480,20480,0,16,True,False,1,1200000,8381618,False,-3301288,3346088,0,0,0,0,1,1,1784364941.4943202
96,66,0,formal,down,3,33,0,-4.0157150479545285,1784365058.5651178,1784365060.9052758,1784365059.7351968,0.064234,-0.118724,-0.202736,0.001612,-0.002633,1,acq,20480,20480,0,16,True,False,1,1200000,8381618,False,-1760399,1723137,0,0,0,0,1,1,1784365058.5651178
97,66,1,formal,down,3,33,0,-4.0157150479545285,1784365060.906394,1784365063.255372,1784365062.080883,0.06586,-0.120091,-0.205153,0.001599,-0.002623,1,acq,20480,20480,0,16,True,False,1,1200000,8381618,False,-1767005,1746172,0,0,0,0,1,1,1784365060.906394
98,66,2,formal,down,3,33,0,-4.0157150479545285,1784365063.255606,1784365065.598112,1784365064.426859,0.067352,-0.121308,-0.207303,0.001583,-0.002582,1,acq,20480,20480,0,16,True,False,1,1200000,8381618,False,-1800626,1759044,0,0,0,0,1,1,1784365063.255606
99,66,3,formal,down,3,33,0,-4.0157150479545285,1784365065.598569,1784365067.943172,1784365066.7708704,0.06886,-0.122599,-0.209555,0.001591,-0.002565,1,acq,20480,20480,0,16,True,False,1,1200000,8381618,False,-1814514,1781825,0,0,0,0,1,1,1784365065.598569
100,66,4,formal,down,3,33,0,-4.0157150479545285,1784365067.94344,1784365070.28002,1784365069.11173,0.070292,-0.123828,-0.211571,0.001572,-0.00254,1,acq,20480,20480,0,16,True,False,1,1200000,8381618,False,-1824931,1796391,0,0,0,0,1,1,1784365067.94344
101,66,5,formal,down,3,33,0,-4.0157150479545285,1784365070.280237,1784365072.611278,1784365071.4457574,0.07165,-0.124894,-0.213471,0.001546,-0.002512,1,acq,20480,20480,0,16,True,False,1,1200000,8381618,False,-1842377,1819257,0,0,0,0,1,1,1784365070.280237
102,66,6,formal,down,3,33,0,-4.0157150479545285,1784365072.611493,1784365074.945624,1784365073.7785587,0.072966,-0.126015,-0.215308,0.001543,-0.002493,1,acq,20480,20480,0,16,True,False,1,1200000,8381618,False,-1865157,1823491,0,0,0,0,1,1,1784365072.611493
103,66,7,formal,down,3,33,0,-4.0157150479545285,1784365074.9459999,1784365077.275394,1784365076.1106968,0.074346,-0.1272,-0.217275,0.001529,-0.002455,1,acq,20480,20480,0,16,True,False,1,1200000,8381618,False,-1877776,1844240,0,0,0,0,1,1,1784365074.9459999
104,67,0,formal,up,3,33,1,-4.0157150479545285,1784365089.952947,1784365092.2872162,1784365091.1200814,0.081928,-0.13295,-0.227343,0.001501,-0.002322,1,acq,20480,20480,0,16,True,False,1,1200000,8381618,False,-1959838,1929520,0,0,0,0,1,1,1784365089.952947
105,67,1,formal,up,3,33,1,-4.0157150479545285,1784365092.28769,1784365094.617356,1784365093.452523,0.083008,-0.133751,-0.228809,0.001495,-0.002334,1,acq,20480,20480,0,16,True,False,1,1200000,8381618,False,-1970509,1937735,0,0,0,0,1,1,1784365092.28769
106,67,2,formal,up,3,33,1,-4.0157150479545285,1784365094.617575,1784365096.950186,1784365095.7838805,0.084122,-0.134666,-0.230238,0.001451,-0.002307,1,acq,20480,20480,0,16,True,False,1,1200000,8381618,False,-1984906,1947982,0,0,0,0,1,1,1784365094.617575
107,67,3,formal,up,3,33,1,-4.0157150479545285,1784365096.9506419,1784365099.2838368,1784365098.1172395,0.085141,-0.135381,-0.231599,0.001438,-0.002277,1,acq,20480,20480,0,16,True,False,1,1200000,8381618,False,-1996592,1961871,0,0,0,0,1,1,1784365096.9506419
108,67,4,formal,up,3,33,1,-4.0157150479545285,1784365099.28496,1784365101.625688,1784365100.4553242,0.086047,-0.135918,-0.23258,0.001422,-0.002245,1,acq,20480,20480,0,16,True,False,1,1200000,8381618,False,-1987870,1965512,0,0,0,0,1,1,1784365099.28496
109,67,5,formal,up,3,33,1,-4.0157150479545285,1784365101.625924,1784365103.9735072,1784365102.7997155,0.087133,-0.13689,-0.234036,0.001413,-0.002271,1,acq,20480,20480,0,16,True,False,1,1200000,8381618,False,-2014292,1991427,0,0,0,0,1,1,1784365101.625924
110,67,6,formal,up,3,33,1,-4.0157150479545285,1784365103.973841,1784365106.3152761,1784365105.1445584,0.088102,-0.137459,-0.235133,0.001406,-0.002211,1,acq,20480,20480,0,16,True,False,1,1200000,8381618,False,-2006501,1990410,0,0,0,0,1,1,1784365103.973841
111,67,7,formal,up,3,33,1,-4.0157150479545285,1784365106.3155699,1784365108.6593611,1784365107.4874654,0.089075,-0.138209,-0.236345,0.001419,-0.002204,1,acq,20480,20480,0,16,True,False,1,1200000,8381618,False,-2021999,1998710,0,0,0,0,1,1,1784365106.3155699
112,68,0,formal,up,17,34,0,-2.1879663811391463,1784365138.679879,1784365141.009053,1784365139.844466,0.125433,0.160965,0.2745,0.001706,-0.004066,1,acq,20480,20480,0,16,True,False,1,1200000,8381618,False,-2365745,2294354,0,0,0,0,1,1,1784365138.679879
113,68,1,formal,up,17,34,0,-2.1879663811391463,1784365141.009578,1784365143.345828,1784365142.177703,0.125595,0.161031,0.274795,0.001715,-0.004068,1,acq,20480,20480,0,16,True,False,1,1200000,8381618,False,-2375400,2303839,0,0,0,0,1,1,1784365141.009578
114,68,2,formal,up,17,34,0,-2.1879663811391463,1784365143.346088,1784365145.692308,1784365144.519198,0.125565,0.161021,0.274787,0.001744,-0.004016,1,acq,20480,20480,0,16,True,False,1,1200000,8381618,False,-2370572,2303839,0,0,0,0,1,1,1784365143.346088
115,68,3,formal,up,17,34,0,-2.1879663811391463,1784365145.69258,1784365148.026337,1784365146.8594584,0.125528,0.160953,0.274725,0.001714,-0.00408,1,acq,20480,20480,0,16,True,False,1,1200000,8381618,False,-2377940,2303500,0,0,0,0,1,1,1784365145.69258
116,68,4,formal,up,17,34,0,-2.1879663811391463,1784365148.027404,1784365150.3745248,1784365149.2009645,0.125278,0.16069,0.274288,0.00173,-0.004051,1,acq,20480,20480,0,16,True,False,1,1200000,8381618,False,-2368455,2314255,0,0,0,0,1,1,1784365148.027404
117,68,5,formal,up,17,34,0,-2.1879663811391463,1784365150.374772,1784365152.708045,1784365151.5414085,0.125204,0.16068,0.274322,0.001751,-0.004039,1,acq,20480,20480,0,16,True,False,1,1200000,8381618,False,-2376247,2301722,0,0,0,0,1,1,1784365150.374772
118,68,6,formal,up,17,34,0,-2.1879663811391463,1784365152.7083058,1784365155.046078,1784365153.877192,0.125172,0.160796,0.274436,0.001737,-0.004092,1,acq,20480,20480,0,16,True,False,1,1200000,8381618,False,-2367524,2295793,0,0,0,0,1,1,1784365152.7083058
119,68,7,formal,up,17,34,0,-2.1879663811391463,1784365155.046335,1784365157.3656352,1784365156.205985,0.124952,0.160557,0.274191,0.001712,-0.004064,1,acq,20480,20480,0,16,True,False,1,1200000,8381618,False,-2370572,2285631,0,0,0,0,1,1,1784365155.046335
120,69,0,formal,down,17,34,1,-2.1879663811391463,1784365170.082015,1784365172.429536,1784365171.2557755,0.12364,0.159848,0.273144,0.001778,-0.004087,1,acq,20480,20480,0,16,True,False,1,1200000,8381618,False,-2357615,2281058,0,0,0,0,1,1,1784365170.082015
121,69,1,formal,down,17,34,1,-2.1879663811391463,1784365172.4305952,1784365174.762869,1784365173.5967321,0.123227,0.1595,0.272515,0.001786,-0.004081,1,acq,20480,20480,0,16,True,False,1,1200000,8381618,False,-2363035,2274283,0,0,0,0,1,1,1784365172.4305952
122,69,2,formal,down,17,34,1,-2.1879663811391463,1784365174.763159,1784365177.0993862,1784365175.9312725,0.122899,0.159231,0.272142,0.001763,-0.004067,1,acq,20480,20480,0,16,True,False,1,1200000,8381618,False,-2348977,2276739,0,0,0,0,1,1,1784365174.763159
123,69,3,formal,down,17,34,1,-2.1879663811391463,1784365177.099673,1784365179.433064,1784365178.2663684,0.122682,0.159176,0.272024,0.001785,-0.004052,1,acq,20480,20480,0,16,True,False,1,1200000,8381618,False,-2348808,2267423,0,0,0,0,1,1,1784365177.099673
124,69,4,formal,down,17,34,1,-2.1879663811391463,1784365179.4333131,1784365181.774405,1784365180.603859,0.122455,0.15902,0.271856,0.00177,-0.0041,1,acq,20480,20480,0,16,True,False,1,1200000,8381618,False,-2364814,2269964,0,0,0,0,1,1,1784365179.4333131
125,69,5,formal,down,17,34,1,-2.1879663811391463,1784365181.774702,1784365184.101069,1784365182.9378855,0.12222,0.158974,0.271675,0.001819,-0.004063,1,acq,20480,20480,0,16,True,False,1,1200000,8381618,False,-2349824,2266661,0,0,0,0,1,1,1784365181.774702
126,69,6,formal,down,17,34,1,-2.1879663811391463,1784365184.101374,1784365186.441089,1784365185.2712314,0.12178,0.158577,0.27106,0.00176,-0.004087,1,acq,20480,20480,0,16,True,False,1,1200000,8381618,False,-2335342,2260733,0,0,0,0,1,1,1784365184.101374
127,69,7,formal,down,17,34,1,-2.1879663811391463,1784365186.442286,1784365188.767696,1784365187.604991,0.121522,0.158475,0.270875,0.0018,-0.00407,1,acq,20480,20480,0,16,True,False,1,1200000,8381618,False,-2344319,2267423,0,0,0,0,1,1,1784365186.442286
128,70,0,formal,down,63,35,0,3.817493524111393,1784365266.126983,1784365268.477001,1784365267.301992,1.192326,-0.256807,-0.43869,-0.001841,0.004288,1,acq,20480,20480,0,16,True,False,1,1200000,8381618,False,-3610990,3742595,0,0,0,0,1,1,1784365266.126983
129,70,1,formal,down,63,35,0,3.817493524111393,1784365268.477243,1784365270.816992,1784365269.6471176,1.189509,-0.257344,-0.439709,-0.001881,0.004325,1,acq,20480,20480,0,16,True,False,1,1200000,8381618,False,-3662480,3789596,0,0,0,0,1,1,1784365268.477243
130,70,2,formal,down,63,35,0,3.817493524111393,1784365270.8172212,1784365273.145237,1784365271.981229,1.186605,-0.257741,-0.440458,-0.001832,0.00427,1,acq,20480,20480,0,16,True,False,1,1200000,8381618,False,-3658246,3829992,0,0,0,0,1,1,1784365270.8172212
131,70,3,formal,down,63,35,0,3.817493524111393,1784365273.1454751,1784365275.459612,1784365274.3025436,1.184534,-0.258385,-0.441523,-0.001842,0.004299,1,acq,20480,20480,0,16,True,False,1,1200000,8381618,False,-3702453,3764698,0,0,0,0,1,1,1784365273.1454751
132,70,4,formal,down,63,35,0,3.817493524111393,1784365275.4598558,1784365277.799792,1784365276.629824,1.18275,-0.258973,-0.442528,-0.001818,0.0043,1,acq,20480,20480,0,16,True,False,1,1200000,8381618,False,-3660956,3783075,0,0,0,0,1,1,1784365275.4598558
133,70,5,formal,down,63,35,0,3.817493524111393,1784365277.80003,1784365280.1396449,1784365278.9698374,1.180301,-0.259347,-0.443149,-0.001845,0.004283,1,acq,20480,20480,0,16,True,False,1,1200000,8381618,False,-3648930,3779095,0,0,0,0,1,1,1784365277.80003
134,70,6,formal,down,63,35,0,3.817493524111393,1784365280.139869,1784365282.4765859,1784365281.3082275,1.177988,-0.259744,-0.443902,-0.001795,0.004315,1,acq,20480,20480,0,16,True,False,1,1200000,8381618,False,-3644781,3819068,0,0,0,0,1,1,1784365280.139869
135,70,7,formal,down,63,35,0,3.817493524111393,1784365282.476809,1784365284.826659,1784365283.6517339,1.176113,-0.26023,-0.444695,-0.001808,0.00423,1,acq,20480,20480,0,16,True,False,1,1200000,8381618,False,-3673490,3816442,0,0,0,0,1,1,1784365282.476809
136,71,0,formal,up,63,35,1,3.817493524111393,1784365297.523927,1784365299.868543,1784365298.696235,1.164536,-0.262496,-0.448783,-0.001735,0.004194,1,acq,20480,20480,0,16,True,False,1,1200000,8381618,False,-3736243,3848031,0,0,0,0,1,1,1784365297.523927
137,71,1,formal,up,63,35,1,3.817493524111393,1784365299.869005,1784365302.207613,1784365301.038309,1.163754,-0.263018,-0.449704,-0.001793,0.004206,1,acq,20480,20480,0,16,True,False,1,1200000,8381618,False,-3732093,3897488,0,0,0,0,1,1,1784365299.869005
138,71,2,formal,up,63,35,1,3.817493524111393,1784365302.2079182,1784365304.5436218,1784365303.37577,1.162315,-0.263418,-0.4503,-0.001708,0.004165,1,acq,20480,20480,0,16,True,False,1,1200000,8381618,False,-3707788,3839477,0,0,0,0,1,1,1784365302.2079182
139,71,3,formal,up,63,35,1,3.817493524111393,1784365304.543849,1784365306.878324,1784365305.7110865,1.160544,-0.263647,-0.450825,-0.001714,0.004145,1,acq,20480,20480,0,16,True,False,1,1200000,8381618,False,-3766646,3881143,0,0,0,0,1,1,1784365304.543849
140,71,4,formal,up,63,35,1,3.817493524111393,1784365306.878539,1784365309.2145221,1784365308.0465307,1.158824,-0.263925,-0.451161,-0.001711,0.004189,1,acq,20480,20480,0,16,True,False,1,1200000,8381618,False,-3735735,3884362,0,0,0,0,1,1,1784365306.878539
141,71,5,formal,up,63,35,1,3.817493524111393,1784365309.214755,1784365311.547028,1784365310.3808916,1.15779,-0.264257,-0.451838,-0.001733,0.004198,1,acq,20480,20480,0,16,True,False,1,1200000,8381618,False,-3744966,3887410,0,0,0,0,1,1,1784365309.214755
142,71,6,formal,up,63,35,1,3.817493524111393,1784365311.547265,1784365313.887189,1784365312.717227,1.156096,-0.264489,-0.452303,-0.001701,0.004168,1,acq,20480,20480,0,16,True,False,1,1200000,8381618,False,-3758939,3848200,0,0,0,0,1,1,1784365311.547265
143,71,7,formal,up,63,35,1,3.817493524111393,1784365313.887404,1784365316.222089,1784365315.0547466,1.154282,-0.264586,-0.452563,-0.001686,0.00413,1,acq,20480,20480,0,16,True,False,1,1200000,8381618,False,-3702453,3839223,0,0,0,0,1,1,1784365313.887404
144,72,0,formal,up,52,36,0,2.3814052858993078,1784365343.326607,1784365345.661206,1784365344.4939065,1.2,-0.07414,-0.127156,-0.002906,0.005553,1,acq,20480,20480,0,16,True,False,1,1200000,8381618,False,-1196042,1316721,0,0,0,0,1,1,1784365343.326607
145,72,1,formal,up,52,36,0,2.3814052858993078,1784365345.662251,1784365348.0037289,1784365346.83299,1.2,-0.074094,-0.127174,-0.002915,0.005522,1,acq,20480,20480,0,16,True,False,1,1200000,8381618,False,-1146499,1273869,0,0,0,0,1,1,1784365345.662251
146,72,2,formal,up,52,36,0,2.3814052858993078,1784365348.003968,1784365350.3407092,1784365349.1723385,1.2,-0.07399,-0.127055,-0.002891,0.005565,1,acq,20480,20480,0,16,True,False,1,1200000,8381618,False,-1157424,1240926,0,0,0,0,1,1,1784365348.003968
147,72,3,formal,up,52,36,0,2.3814052858993078,1784365350.341024,1784365352.685353,1784365351.5131884,1.2,-0.073977,-0.127084,-0.002907,0.005551,1,acq,20480,20480,0,16,True,False,1,1200000,8381618,False,-1143620,1262352,0,0,0,0,1,1,1784365350.341024
148,72,4,formal,up,52,36,0,2.3814052858993078,1784365352.689449,1784365355.0333629,1784365353.8614058,1.2,-0.074015,-0.127091,-0.002876,0.005561,1,acq,20480,20480,0,16,True,False,1,1200000,8381618,False,-1152004,1231272,0,0,0,0,1,1,1784365352.689449
149,72,5,formal,up,52,36,0,2.3814052858993078,1784365355.033623,1784365357.37442,1784365356.2040215,1.2,-0.074064,-0.12725,-0.002895,0.005544,1,acq,20480,20480,0,16,True,False,1,1200000,8381618,False,-1116943,1290553,0,0,0,0,1,1,1784365355.033623
150,72,6,formal,up,52,36,0,2.3814052858993078,1784365357.374651,1784365359.7224169,1784365358.548534,1.2,-0.074196,-0.127391,-0.002915,0.005561,1,acq,20480,20480,0,16,True,False,1,1200000,8381618,False,-1175886,1297243,0,0,0,0,1,1,1784365357.374651
151,72,7,formal,up,52,36,0,2.3814052858993078,1784365359.722831,1784365362.060353,1784365360.891592,1.2,-0.07419,-0.127448,-0.002898,0.005581,1,acq,20480,20480,0,16,True,False,1,1200000,8381618,False,-1165639,1286996,0,0,0,0,1,1,1784365359.722831
152,73,0,formal,down,52,36,1,2.3814052858993078,1784365374.749335,1784365377.088474,1784365375.9189045,1.2,-0.074864,-0.128659,-0.002887,0.005555,1,acq,20480,20480,0,16,True,False,1,1200000,8381618,False,-1180036,1296735,0,0,0,0,1,1,1784365374.749335
153,73,1,formal,down,52,36,1,2.3814052858993078,1784365377.089576,1784365379.4096398,1784365378.249608,1.2,-0.07501,-0.1289,-0.002908,0.005569,1,acq,20480,20480,0,16,True,False,1,1200000,8381618,False,-1135744,1231949,0,0,0,0,1,1,1784365377.089576
154,73,2,formal,down,52,36,1,2.3814052858993078,1784365379.409935,1784365381.7505438,1784365380.5802393,1.2,-0.075152,-0.129194,-0.002905,0.005583,1,acq,20480,20480,0,16,True,False,1,1200000,8381618,False,-1184524,1264808,0,0,0,0,1,1,1784365379.409935
155,73,3,formal,down,52,36,1,2.3814052858993078,1784365381.750773,1784365384.092563,1784365382.921668,1.2,-0.075221,-0.129344,-0.002911,0.005578,1,acq,20480,20480,0,16,True,False,1,1200000,8381618,False,-1165808,1304780,0,0,0,0,1,1,1784365381.750773
156,73,4,formal,down,52,36,1,2.3814052858993078,1784365384.093596,1784365386.4408278,1784365385.267212,1.2,-0.075313,-0.129525,-0.002901,0.005514,1,acq,20480,20480,0,16,True,False,1,1200000,8381618,False,-1186726,1340688,0,0,0,0,1,1,1784365384.093596
157,73,5,formal,down,52,36,1,2.3814052858993078,1784365386.441065,1784365388.765592,1784365387.6033287,1.2,-0.075435,-0.129757,-0.0029,0.005537,1,acq,20480,20480,0,16,True,False,1,1200000,8381618,False,-1265739,1330949,0,0,0,0,1,1,1784365386.441065
158,73,6,formal,down,52,36,1,2.3814052858993078,1784365388.765792,1784365391.0908318,1784365389.9283118,1.2,-0.075553,-0.129945,-0.0029,0.005565,1,acq,20480,20480,0,16,True,False,1,1200000,8381618,False,-1166994,1303510,0,0,0,0,1,1,1784365388.765792
159,73,7,formal,down,52,36,1,2.3814052858993078,1784365391.0910652,1784365393.43234,1784365392.2617025,1.2,-0.075683,-0.130259,-0.002908,0.005567,1,acq,20480,20480,0,16,True,False,1,1200000,8381618,False,-1188335,1293432,0,0,0,0,1,1,1784365391.0910652
160,74,0,formal,down,28,37,0,-0.7518781429270609,1784365436.314826,1784365438.643091,1784365437.4789586,0.758174,0.297219,0.507217,0.001362,-0.003584,1,acq,20480,20480,0,16,True,False,1,1200000,8381618,False,-4312118,4236408,0,0,0,0,1,1,1784365436.314826
161,74,1,formal,down,28,37,0,-0.7518781429270609,1784365438.644446,1784365440.973757,1784365439.8091016,0.756209,0.297186,0.507461,0.001353,-0.003583,1,acq,20480,20480,0,16,True,False,1,1200000,8381618,False,-4282562,4220825,0,0,0,0,1,1,1784365438.644446
162,74,2,formal,down,28,37,0,-0.7518781429270609,1784365440.974043,1784365443.308523,1784365442.141283,0.753397,0.296864,0.506762,0.001351,-0.003625,1,acq,20480,20480,0,16,True,False,1,1200000,8381618,False,-4309323,4253938,0,0,0,0,1,1,1784365440.974043
163,74,3,formal,down,28,37,0,-0.7518781429270609,1784365443.308754,1784365445.650141,1784365444.4794474,0.751161,0.296617,0.506679,0.001369,-0.003595,1,acq,20480,20480,0,16,True,False,1,1200000,8381618,False,-4293233,4230733,0,0,0,0,1,1,1784365443.308754
164,74,4,formal,down,28,37,0,-0.7518781429270609,1784365445.6505659,1784365447.9871879,1784365446.8188767,0.750108,0.296854,0.507058,0.001365,-0.003683,1,acq,20480,20480,0,16,True,False,1,1200000,8381618,False,-4287559,4206513,0,0,0,0,1,1,1784365445.6505659
165,74,5,formal,down,28,37,0,-0.7518781429270609,1784365447.987415,1784365450.332004,1784365449.1597095,0.7487,0.296908,0.507155,0.00143,-0.00364,1,acq,20480,20480,0,16,True,False,1,1200000,8381618,False,-4267149,4198806,0,0,0,0,1,1,1784365447.987415
166,74,6,formal,down,28,37,0,-0.7518781429270609,1784365450.332335,1784365452.6638248,1784365451.4980798,0.746756,0.296758,0.506853,0.001422,-0.003669,1,acq,20480,20480,0,16,True,False,1,1200000,8381618,False,-4270452,4219385,0,0,0,0,1,1,1784365450.332335
167,74,7,formal,down,28,37,0,-0.7518781429270609,1784365452.664077,1784365454.9983401,1784365453.8312087,0.745124,0.296632,0.506768,0.001328,-0.003654,1,acq,20480,20480,0,16,True,False,1,1200000,8381618,False,-4288152,4227769,0,0,0,0,1,1,1784365452.664077
168,75,0,formal,up,28,37,1,-0.7518781429270609,1784365467.708441,1784365470.040067,1784365468.874254,0.737128,0.296543,0.506625,0.00138,-0.003676,1,acq,20480,20480,0,16,True,False,1,1200000,8381618,False,-4281122,4253684,0,0,0,0,1,1,1784365467.708441
169,75,1,formal,up,28,37,1,-0.7518781429270609,1784365470.040499,1784365472.379293,1784365471.209896,0.736397,0.296595,0.506981,0.001401,-0.00374,1,acq,20480,20480,0,16,True,False,1,1200000,8381618,False,-4303649,4202533,0,0,0,0,1,1,1784365470.040499
170,75,2,formal,up,28,37,1,-0.7518781429270609,1784365472.3794718,1784365474.707068,1784365473.5432699,0.73515,0.296512,0.506729,0.001465,-0.003748,1,acq,20480,20480,0,16,True,False,1,1200000,8381618,False,-4303649,4194064,0,0,0,0,1,1,1784365472.3794718
171,75,3,formal,up,28,37,1,-0.7518781429270609,1784365474.707368,1784365477.0450869,1784365475.8762274,0.734056,0.296319,0.506568,0.001449,-0.003719,1,acq,20480,20480,0,16,True,False,1,1200000,8381618,False,-4283155,4272400,0,0,0,0,1,1,1784365474.707368
172,75,4,formal,up,28,37,1,-0.7518781429270609,1784365477.0461178,1784365479.389076,1784365478.217597,0.733257,0.296418,0.506734,0.001405,-0.00374,1,acq,20480,20480,0,16,True,False,1,1200000,8381618,False,-4282732,4213881,0,0,0,0,1,1,1784365477.0461178
173,75,5,formal,up,28,37,1,-0.7518781429270609,1784365479.38935,1784365481.732665,1784365480.5610075,0.732164,0.296232,0.506514,0.00148,-0.00379,1,acq,20480,20480,0,16,True,False,1,1200000,8381618,False,-4282986,4215151,0,0,0,0,1,1,1784365479.38935
174,75,6,formal,up,28,37,1,-0.7518781429270609,1784365481.732883,1784365484.05677,1784365482.8948264,0.731091,0.296204,0.506429,0.001446,-0.003757,1,acq,20480,20480,0,16,True,False,1,1200000,8381618,False,-4281969,4225568,0,0,0,0,1,1,1784365481.732883
175,75,7,formal,up,28,37,1,-0.7518781429270609,1784365484.057009,1784365486.397254,1784365485.2271314,0.730627,0.296343,0.506638,0.001435,-0.003759,1,acq,20480,20480,0,16,True,False,1,1200000,8381618,False,-4263423,4221333,0,0,0,0,1,1,1784365484.057009
176,76,0,sentinel,up,10,38,0,-3.1018407145468374,1784365523.705583,1784365526.0349,1784365524.8702416,0.00125,0.022691,0.038844,0.002692,-0.004932,1,acq,20480,20480,0,16,True,False,1,1200000,8381618,False,-459430,386344,0,0,0,0,1,1,1784365523.705583
177,76,1,sentinel,up,10,38,0,-3.1018407145468374,1784365526.035987,1784365528.376849,1784365527.206418,0.001059,0.021782,0.037255,0.002697,-0.004933,1,acq,20480,20480,0,16,True,False,1,1200000,8381618,False,-431737,379061,0,0,0,0,1,1,1784365526.035987
178,76,2,sentinel,up,10,38,0,-3.1018407145468374,1784365528.37709,1784365530.709207,1784365529.5431485,0.000862,0.020911,0.035742,0.002674,-0.004921,1,acq,20480,20480,0,16,True,False,1,1200000,8381618,False,-431906,360261,0,0,0,0,1,1,1784365528.37709
179,76,3,sentinel,up,10,38,0,-3.1018407145468374,1784365530.709434,1784365533.05535,1784365531.882392,0.00074,0.020046,0.03433,0.002686,-0.004911,1,acq,20480,20480,0,16,True,False,1,1200000,8381618,False,-426656,353316,0,0,0,0,1,1,1784365530.709434
180,76,4,sentinel,up,10,38,0,-3.1018407145468374,1784365533.0557902,1784365535.3823428,1784365534.2190666,0.000575,0.019238,0.032868,0.00268,-0.004901,1,acq,20480,20480,0,16,True,False,1,1200000,8381618,False,-407262,338919,0,0,0,0,1,1,1784365533.0557902
181,76,5,sentinel,up,10,38,0,-3.1018407145468374,1784365535.38258,1784365537.711763,1784365536.5471716,0.00045,0.018406,0.031535,0.002685,-0.004919,1,acq,20480,20480,0,16,True,False,1,1200000,8381618,False,-394136,321897,0,0,0,0,1,1,1784365535.38258
182,76,6,sentinel,up,10,38,0,-3.1018407145468374,1784365537.7120278,1784365540.050427,1784365538.8812275,0.000317,0.017688,0.030235,0.002674,-0.004892,1,acq,20480,20480,0,16,True,False,1,1200000,8381618,False,-373811,311819,0,0,0,0,1,1,1784365537.7120278
183,76,7,sentinel,up,10,38,0,-3.1018407145468374,1784365540.0515509,1784365542.3988638,1784365541.2252073,0.000201,0.01695,0.029093,0.002671,-0.004878,1,acq,20480,20480,0,16,True,False,1,1200000,8381618,False,-392272,303012,0,0,0,0,1,1,1784365540.0515509
184,77,0,sentinel,down,10,38,1,-3.1018407145468374,1784365555.1097012,1784365557.4394119,1784365556.2745566,-0.000347,0.012881,0.022035,0.002642,-0.004859,1,acq,20480,20480,0,16,True,False,1,1200000,8381618,False,-331043,254063,0,0,0,0,1,1,1784365555.1097012
185,77,1,sentinel,down,10,38,1,-3.1018407145468374,1784365557.440492,1784365559.7641118,1784365558.6023018,-0.000416,0.012301,0.021072,0.002654,-0.004853,1,acq,20480,20480,0,16,True,False,1,1200000,8381618,False,-311904,238649,0,0,0,0,1,1,1784365557.440492
186,77,2,sentinel,down,10,38,1,-3.1018407145468374,1784365559.764352,1784365562.098998,1784365560.931675,-0.000479,0.01172,0.020056,0.002664,-0.004852,1,acq,20480,20480,0,16,True,False,1,1200000,8381618,False,-311650,230943,0,0,0,0,1,1,1784365559.764352
187,77,3,sentinel,down,10,38,1,-3.1018407145468374,1784365562.099257,1784365564.4250739,1784365563.2621655,-0.000529,0.011129,0.01911,0.002655,-0.004845,1,acq,20480,20480,0,16,True,False,1,1200000,8381618,False,-298523,227047,0,0,0,0,1,1,1784365562.099257
188,77,4,sentinel,down,10,38,1,-3.1018407145468374,1784365564.425615,1784365566.761882,1784365565.5937486,-0.000584,0.010613,0.018159,0.002648,-0.004827,1,acq,20480,20480,0,16,True,False,1,1200000,8381618,False,-292595,219425,0,0,0,0,1,1,1784365564.425615
189,77,5,sentinel,down,10,38,1,-3.1018407145468374,1784365566.7621608,1784365569.10716,1784365567.9346604,-0.000643,0.010032,0.017212,0.002658,-0.004825,1,acq,20480,20480,0,16,True,False,1,1200000,8381618,False,-274133,209348,0,0,0,0,1,1,1784365566.7621608
190,77,6,sentinel,down,10,38,1,-3.1018407145468374,1784365569.1074271,1784365571.450651,1784365570.279039,-0.000678,0.009558,0.01632,0.002651,-0.004811,1,acq,20480,20480,0,16,True,False,1,1200000,8381618,False,-281840,212904,0,0,0,0,1,1,1784365569.1074271
191,77,7,sentinel,down,10,38,1,-3.1018407145468374,1784365571.451189,1784365573.795264,1784365572.6232266,-0.000716,0.008989,0.015473,0.002661,-0.004815,1,acq,20480,20480,0,16,True,False,1,1200000,8381618,False,-262277,202573,0,0,0,0,1,1,1784365571.451189
192,78,0,sentinel,down,70,39,0,4.731367857519084,1784365670.860933,1784365673.179858,1784365672.0203955,0.773802,-0.297755,-0.506927,-0.001608,0.004028,1,acq,20480,20480,0,16,True,False,1,1200000,8381618,False,-4171198,4313643,0,0,0,0,1,1,1784365670.860933
193,78,1,sentinel,down,70,39,0,4.731367857519084,1784365673.180456,1784365675.5021381,1784365674.3412971,0.770833,-0.297893,-0.507195,-0.001637,0.004049,1,acq,20480,20480,0,16,True,False,1,1200000,8381618,False,-4167133,4298483,0,0,0,0,1,1,1784365673.180456
194,78,2,sentinel,down,70,39,0,4.731367857519084,1784365675.502346,1784365677.821984,1784365676.6621652,0.76773,-0.297837,-0.50721,-0.001619,0.003972,1,acq,20480,20480,0,16,True,False,1,1200000,8381618,False,-4156293,4301617,0,0,0,0,1,1,1784365675.502346
195,78,3,sentinel,down,70,39,0,4.731367857519084,1784365677.822228,1784365680.13837,1784365678.980299,0.764084,-0.29755,-0.506783,-0.001613,0.004005,1,acq,20480,20480,0,16,True,False,1,1200000,8381618,False,-4204057,4337270,0,0,0,0,1,1,1784365677.822228
196,78,4,sentinel,down,70,39,0,4.731367857519084,1784365680.138605,1784365682.461121,1784365681.299863,0.76176,-0.297705,-0.50708,-0.00155,0.003937,1,acq,20480,20480,0,16,True,False,1,1200000,8381618,False,-4157733,4364709,0,0,0,0,1,1,1784365680.138605
197,78,5,sentinel,down,70,39,0,4.731367857519084,1784365682.4613519,1784365684.783592,1784365683.6224718,0.758849,-0.297711,-0.506973,-0.001531,0.003955,1,acq,20480,20480,0,16,True,False,1,1200000,8381618,False,-4183478,4303226,0,0,0,0,1,1,1784365682.4613519
198,78,6,sentinel,down,70,39,0,4.731367857519084,1784365684.7838452,1784365687.102149,1784365685.942997,0.755818,-0.297491,-0.506761,-0.001544,0.003883,1,acq,20480,20480,0,16,True,False,1,1200000,8381618,False,-4159427,4307037,0,0,0,0,1,1,1784365684.7838452
199,78,7,sentinel,down,70,39,0,4.731367857519084,1784365687.102357,1784365689.423991,1784365688.263174,0.753608,-0.297535,-0.506814,-0.001546,0.003939,1,acq,20480,20480,0,16,True,False,1,1200000,8381618,False,-4160527,4314489,0,0,0,0,1,1,1784365687.102357
200,79,0,sentinel,up,70,39,1,4.731367857519084,1784365701.980814,1784365704.305446,1784365703.1431298,0.738973,-0.297256,-0.50644,-0.001489,0.003819,1,acq,20480,20480,0,16,True,False,1,1200000,8381618,False,-4177804,4276888,0,0,0,0,1,1,1784365701.980814
201,79,1,sentinel,up,70,39,1,4.731367857519084,1784365704.305689,1784365706.622304,1784365705.4639964,0.736473,-0.297042,-0.506069,-0.001454,0.00383,1,acq,20480,20480,0,16,True,False,1,1200000,8381618,False,-4176449,4290353,0,0,0,0,1,1,1784365704.305689
202,79,2,sentinel,up,70,39,1,4.731367857519084,1784365706.62253,1784365708.940371,1784365707.7814505,0.734597,-0.297091,-0.506026,-0.001443,0.003831,1,acq,20480,20480,0,16,True,False,1,1200000,8381618,False,-4163237,4310424,0,0,0,0,1,1,1784365706.62253
203,79,3,sentinel,up,70,39,1,4.731367857519084,1784365708.940625,1784365711.2622368,1784365710.101431,0.732679,-0.296954,-0.505997,-0.00137,0.003776,1,acq,20480,20480,0,16,True,False,1,1200000,8381618,False,-4165609,4284764,0,0,0,0,1,1,1784365708.940625
204,79,4,sentinel,up,70,39,1,4.731367857519084,1784365711.262469,1784365713.577388,1784365712.4199286,0.730851,-0.297015,-0.506032,-0.001403,0.003756,1,acq,20480,20480,0,16,True,False,1,1200000,8381618,False,-4182885,4303311,0,0,0,0,1,1,1784365711.262469
205,79,5,sentinel,up,70,39,1,4.731367857519084,1784365713.5776,1784365715.89974,1784365714.7386699,0.728468,-0.296771,-0.50563,-0.001402,0.003714,1,acq,20480,20480,0,16,True,False,1,1200000,8381618,False,-4179497,4300601,0,0,0,0,1,1,1784365713.5776
206,79,6,sentinel,up,70,39,1,4.731367857519084,1784365715.8999732,1784365718.2250712,1784365717.0625222,0.726889,-0.296741,-0.505698,-0.001405,0.003737,1,acq,20480,20480,0,16,True,False,1,1200000,8381618,False,-4152482,4296620,0,0,0,0,1,1,1784365715.8999732
207,79,7,sentinel,up,70,39,1,4.731367857519084,1784365718.225377,1784365720.5523992,1784365719.3888881,0.725147,-0.296771,-0.505669,-0.001439,0.003757,1,acq,20480,20480,0,16,True,False,1,1200000,8381618,False,-4176703,4307630,0,0,0,0,1,1,1784365718.225377
208,80,0,formal,up,75,40,0,5.384135238524578,1784365737.39325,1784365739.712328,1784365738.552789,0.421928,-0.266664,-0.453405,0.000997,-0.000643,1,acq,20480,20480,0,16,True,False,1,1200000,8381618,False,-3757584,3828298,0,0,0,0,1,1,1784365737.39325
209,80,1,formal,up,75,40,0,5.384135238524578,1784365739.7134662,1784365742.026602,1784365740.8700342,0.419895,-0.266267,-0.452711,0.000976,-0.00073,1,acq,20480,20480,0,16,True,False,1,1200000,8381618,False,-3754027,3824826,0,0,0,0,1,1,1784365739.7134662
210,80,2,formal,up,75,40,0,5.384135238524578,1784365742.026835,1784365744.347342,1784365743.1870885,0.417425,-0.265489,-0.451616,0.000963,-0.000765,1,acq,20480,20480,0,16,True,False,1,1200000,8381618,False,-3742341,3789003,0,0,0,0,1,1,1784365742.026835
211,80,3,formal,up,75,40,0,5.384135238524578,1784365744.3475819,1784365746.6702652,1784365745.5089235,0.415955,-0.265372,-0.451374,0.001002,-0.0007,1,acq,20480,20480,0,16,True,False,1,1200000,8381618,False,-3747337,3830924,0,0,0,0,1,1,1784365744.3475819
212,80,4,formal,up,75,40,0,5.384135238524578,1784365746.670733,1784365748.998467,1784365747.8346,0.41397,-0.264868,-0.450538,0.001001,-0.000723,1,acq,20480,20480,0,16,True,False,1,1200000,8381618,False,-3772405,3799928,0,0,0,0,1,1,1784365746.670733
213,80,5,formal,up,75,40,0,5.384135238524578,1784365748.999508,1784365751.329273,1784365750.1643906,0.412063,-0.264411,-0.449906,0.000989,-0.00077,1,acq,20480,20480,0,16,True,False,1,1200000,8381618,False,-3725064,3779010,0,0,0,0,1,1,1784365748.999508
214,80,6,formal,up,75,40,0,5.384135238524578,1784365751.329512,1784365753.651009,1784365752.4902606,0.410335,-0.263992,-0.449236,0.001026,-0.000769,1,acq,20480,20480,0,16,True,False,1,1200000,8381618,False,-3734126,3804671,0,0,0,0,1,1,1784365751.329512
215,80,7,formal,up,75,40,0,5.384135238524578,1784365753.651219,1784365755.969333,1784365754.810276,0.409202,-0.263966,-0.449226,0.001015,-0.000747,1,acq,20480,20480,0,16,True,False,1,1200000,8381618,False,-3736243,3772574,0,0,0,0,1,1,1784365753.651219
216,81,0,formal,down,75,40,1,5.384135238524578,1784365768.535297,1784365770.855175,1784365769.695236,0.398963,-0.261496,-0.445257,0.001029,-0.000871,1,acq,20480,20480,0,16,True,False,1,1200000,8381618,False,-3685515,3751741,0,0,0,0,1,1,1784365768.535297
217,81,1,formal,down,75,40,1,5.384135238524578,1784365770.856263,1784365773.1779761,1784365772.0171194,0.397489,-0.261138,-0.444586,0.001021,-0.000837,1,acq,20480,20480,0,16,True,False,1,1200000,8381618,False,-3675099,3736836,0,0,0,0,1,1,1784365770.856263
218,81,2,formal,down,75,40,1,5.384135238524578,1784365773.178219,1784365775.493518,1784365774.3358686,0.395991,-0.260788,-0.444093,0.001048,-0.000831,1,acq,20480,20480,0,16,True,False,1,1200000,8381618,False,-3703469,3756822,0,0,0,0,1,1,1784365773.178219
219,81,3,formal,down,75,40,1,5.384135238524578,1784365775.4937332,1784365777.8133068,1784365776.65352,0.395105,-0.260795,-0.44401,0.001038,-0.000868,1,acq,20480,20480,0,16,True,False,1,1200000,8381618,False,-3705332,3731670,0,0,0,0,1,1,1784365775.4937332
220,81,4,formal,down,75,40,1,5.384135238524578,1784365777.813536,1784365780.134007,1784365778.9737716,0.393764,-0.260452,-0.44343,0.001063,-0.000886,1,acq,20480,20480,0,16,True,False,1,1200000,8381618,False,-3707280,3721423,0,0,0,0,1,1,1784365777.813536
221,81,5,formal,down,75,40,1,5.384135238524578,1784365780.134221,1784365782.4548988,1784365781.29456,0.392054,-0.259774,-0.44253,0.001052,-0.000938,1,acq,20480,20480,0,16,True,False,1,1200000,8381618,False,-3684414,3747253,0,0,0,0,1,1,1784365780.134221
222,81,6,formal,down,75,40,1,5.384135238524578,1784365782.455173,1784365784.779861,1784365783.617517,0.391208,-0.259869,-0.442519,0.001111,-0.000918,1,acq,20480,20480,0,16,True,False,1,1200000,8381618,False,-3692883,3704739,0,0,0,0,1,1,1784365782.455173
223,81,7,formal,down,75,40,1,5.384135238524578,1784365784.7800992,1784365787.101631,1784365785.940865,0.389733,-0.259426,-0.441875,0.001064,-0.00093,1,acq,20480,20480,0,16,True,False,1,1200000,8381618,False,-3654181,3725827,0,0,0,0,1,1,1784365784.7800992
224,82,0,formal,down,5,41,0,-3.7546080955523307,1784365894.968134,1784365897.290375,1784365896.1292543,0.022435,-0.071748,-0.1227,0.002787,-0.004686,1,acq,20480,20480,0,16,True,False,1,1200000,8381618,False,-1148871,1076039,0,0,0,0,1,1,1784365894.968134
225,82,1,formal,down,5,41,0,-3.7546080955523307,1784365897.2915719,1784365899.617633,1784365898.4546025,0.023407,-0.073228,-0.125202,0.002792,-0.00468,1,acq,20480,20480,0,16,True,False,1,1200000,8381618,False,-1152766,1099074,0,0,0,0,1,1,1784365897.2915719
226,82,2,formal,down,5,41,0,-3.7546080955523307,1784365899.6178272,1784365901.9401228,1784365900.778975,0.024306,-0.074544,-0.12745,0.002794,-0.004678,1,acq,20480,20480,0,16,True,False,1,1200000,8381618,False,-1193332,1113810,0,0,0,0,1,1,1784365899.6178272
227,82,3,formal,down,5,41,0,-3.7546080955523307,1784365901.940421,1784365904.255944,1784365903.0981827,0.025195,-0.075746,-0.129599,0.002818,-0.004671,1,acq,20480,20480,0,16,True,False,1,1200000,8381618,False,-1199683,1125243,0,0,0,0,1,1,1784365901.940421
228,82,4,formal,down,5,41,0,-3.7546080955523307,1784365904.256194,1784365906.5762382,1784365905.4162161,0.026045,-0.076983,-0.13176,0.002823,-0.004671,1,acq,20480,20480,0,16,True,False,1,1200000,8381618,False,-1218399,1146161,0,0,0,0,1,1,1784365904.256194
229,82,5,formal,down,5,41,0,-3.7546080955523307,1784365906.5764768,1784365908.8961978,1784365907.7363372,0.026932,-0.078245,-0.133887,0.002805,-0.004646,1,acq,20480,20480,0,16,True,False,1,1200000,8381618,False,-1246261,1160896,0,0,0,0,1,1,1784365906.5764768
230,82,6,formal,down,5,41,0,-3.7546080955523307,1784365908.896437,1784365911.212718,1784365910.0545774,0.027714,-0.079276,-0.135622,0.002793,-0.004658,1,acq,20480,20480,0,16,True,False,1,1200000,8381618,False,-1245668,1167502,0,0,0,0,1,1,1784365908.896437
231,82,7,formal,down,5,41,0,-3.7546080955523307,1784365911.213027,1784365913.5361521,1784365912.3745894,0.028527,-0.080298,-0.137458,0.002801,-0.004649,1,acq,20480,20480,0,16,True,False,1,1200000,8381618,False,-1262098,1195364,0,0,0,0,1,1,1784365911.213027
232,83,0,formal,up,5,41,1,-3.7546080955523307,1784365926.0963929,1784365928.4208949,1784365927.2586439,0.033382,-0.086627,-0.148205,0.002815,-0.00463,1,acq,20480,20480,0,16,True,False,1,1200000,8381618,False,-1344245,1278866,0,0,0,0,1,1,1784365926.0963929
233,83,1,formal,up,5,41,1,-3.7546080955523307,1784365928.421995,1784365930.7373009,1784365929.579648,0.034018,-0.087265,-0.149373,0.002811,-0.004627,1,acq,20480,20480,0,16,True,False,1,1200000,8381618,False,-1358472,1296227,0,0,0,0,1,1,1784365928.421995
234,83,2,formal,up,5,41,1,-3.7546080955523307,1784365930.737555,1784365933.059438,1784365931.8984966,0.034763,-0.08825,-0.151055,0.002818,-0.004632,1,acq,20480,20480,0,16,True,False,1,1200000,8381618,False,-1376002,1306728,0,0,0,0,1,1,1784365930.737555
235,83,3,formal,up,5,41,1,-3.7546080955523307,1784365933.059778,1784365935.382987,1784365934.2213826,0.035419,-0.089062,-0.152416,0.002835,-0.004623,1,acq,20480,20480,0,16,True,False,1,1200000,8381618,False,-1380406,1313588,0,0,0,0,1,1,1784365933.059778
236,83,4,formal,up,5,41,1,-3.7546080955523307,1784365935.384017,1784365937.704129,1784365936.544073,0.036093,-0.089885,-0.153803,0.00283,-0.004638,1,acq,20480,20480,0,16,True,False,1,1200000,8381618,False,-1419701,1324258,0,0,0,0,1,1,1784365935.384017
237,83,5,formal,up,5,41,1,-3.7546080955523307,1784365937.704391,1784365940.028849,1784365938.86662,0.036774,-0.090645,-0.155195,0.002833,-0.004629,1,acq,20480,20480,0,16,True,False,1,1200000,8381618,False,-1414197,1335183,0,0,0,0,1,1,1784365937.704391
238,83,6,formal,up,5,41,1,-3.7546080955523307,1784365940.029153,1784365942.3497128,1784365941.189433,0.037391,-0.091239,-0.156274,0.002812,-0.004621,1,acq,20480,20480,0,16,True,False,1,1200000,8381618,False,-1418770,1344245,0,0,0,0,1,1,1784365940.029153
239,83,7,formal,up,5,41,1,-3.7546080955523307,1784365942.3508322,1784365944.677869,1784365943.5143507,0.038026,-0.092096,-0.157634,0.002822,-0.004602,1,acq,20480,20480,0,16,True,False,1,1200000,8381618,False,-1431981,1356694,0,0,0,0,1,1,1784365942.3508322
240,84,0,formal,up,21,42,0,-1.6657524763347515,1784365975.9306722,1784365978.2653508,1784365977.0980115,0.295404,0.233763,0.398502,0.002772,-0.005637,1,acq,20480,20480,0,16,True,False,1,1200000,8381618,False,-3394360,3278423,0,0,0,0,1,1,1784365975.9306722
241,84,1,formal,up,21,42,0,-1.6657524763347515,1784365978.266413,1784365980.5927129,1784365979.429563,0.295516,0.233782,0.398441,0.002757,-0.005646,1,acq,20480,20480,0,16,True,False,1,1200000,8381618,False,-3403760,3251661,0,0,0,0,1,1,1784365978.266413
242,84,2,formal,up,21,42,0,-1.6657524763347515,1784365980.5929658,1784365982.927957,1784365981.7604613,0.295757,0.233767,0.39858,0.002749,-0.005647,1,acq,20480,20480,0,16,True,False,1,1200000,8381618,False,-3399949,3258944,0,0,0,0,1,1,1784365980.5929658
243,84,3,formal,up,21,42,0,-1.6657524763347515,1784365982.9283872,1784365985.26764,1784365984.0980136,0.296084,0.233915,0.399074,0.002764,-0.005656,1,acq,20480,20480,0,16,True,False,1,1200000,8381618,False,-3399187,3280370,0,0,0,0,1,1,1784365982.9283872
244,84,4,formal,up,21,42,0,-1.6657524763347515,1784365985.267849,1784365987.603502,1784365986.4356756,0.296312,0.23405,0.399254,0.002777,-0.005698,1,acq,20480,20480,0,16,True,False,1,1200000,8381618,False,-3405030,3280370,0,0,0,0,1,1,1784365985.267849
245,84,5,formal,up,21,42,0,-1.6657524763347515,1784365987.6046112,1784365989.9309309,1784365988.767771,0.296225,0.234021,0.399318,0.002776,-0.005629,1,acq,20480,20480,0,16,True,False,1,1200000,8381618,False,-3387077,3262586,0,0,0,0,1,1,1784365987.6046112
246,84,6,formal,up,21,42,0,-1.6657524763347515,1784365989.931189,1784365992.271575,1784365991.101382,0.295899,0.23374,0.398908,0.002732,-0.00568,1,acq,20480,20480,0,16,True,False,1,1200000,8381618,False,-3406639,3284689,0,0,0,0,1,1,1784365989.931189
247,84,7,formal,up,21,42,0,-1.6657524763347515,1784365992.271829,1784365994.6116228,1784365993.4417257,0.295891,0.233771,0.398963,0.002781,-0.005643,1,acq,20480,20480,0,16,True,False,1,1200000,8381618,False,-3399695,3295360,0,0,0,0,1,1,1784365992.271829
248,85,0,formal,down,21,42,1,-1.6657524763347515,1784366007.3647091,1784366009.683548,1784366008.5241284,0.294821,0.233384,0.398578,0.002799,-0.005651,1,acq,20480,20480,0,16,True,False,1,1200000,8381618,False,-3417987,3277491,0,0,0,0,1,1,1784366007.3647091
249,85,1,formal,down,21,42,1,-1.6657524763347515,1784366009.6846778,1784366012.0269802,1784366010.855829,0.294545,0.233212,0.398454,0.002806,-0.005658,1,acq,20480,20480,0,16,True,False,1,1200000,8381618,False,-3392327,3273003,0,0,0,0,1,1,1784366009.6846778
250,85,2,formal,down,21,42,1,-1.6657524763347515,1784366012.027201,1784366014.370839,1784366013.19902,0.294382,0.233225,0.398409,0.002789,-0.005648,1,acq,20480,20480,0,16,True,False,1,1200000,8381618,False,-3390887,3289686,0,0,0,0,1,1,1784366012.027201
251,85,3,formal,down,21,42,1,-1.6657524763347515,1784366014.37109,1784366016.714752,1784366015.542921,0.293951,0.232995,0.398073,0.002788,-0.00566,1,acq,20480,20480,0,16,True,False,1,1200000,8381618,False,-3370224,3273003,0,0,0,0,1,1,1784366014.37109
252,85,4,formal,down,21,42,1,-1.6657524763347515,1784366016.714984,1784366019.046193,1784366017.8805885,0.293674,0.232952,0.397894,0.002857,-0.005639,1,acq,20480,20480,0,16,True,False,1,1200000,8381618,False,-3366667,3276813,0,0,0,0,1,1,1784366016.714984
253,85,5,formal,down,21,42,1,-1.6657524763347515,1784366019.046504,1784366021.37118,1784366020.208842,0.293158,0.232722,0.397559,0.002774,-0.005664,1,acq,20480,20480,0,16,True,False,1,1200000,8381618,False,-3391396,3274950,0,0,0,0,1,1,1784366019.046504
254,85,6,formal,down,21,42,1,-1.6657524763347515,1784366021.371503,1784366023.696175,1784366022.5338392,0.292947,0.23264,0.397476,0.002792,-0.005632,1,acq,20480,20480,0,16,True,False,1,1200000,8381618,False,-3364888,3258775,0,0,0,0,1,1,1784366021.371503
255,85,7,formal,down,21,42,1,-1.6657524763347515,1784366023.696424,1784366026.02949,1784366024.862957,0.292873,0.23265,0.397563,0.002833,-0.005631,1,acq,20480,20480,0,16,True,False,1,1200000,8381618,False,-3384197,3276390,0,0,0,0,1,1,1784366023.696424
256,86,0,formal,down,59,43,0,3.2952796193069984,1784366091.904585,1784366094.230293,1784366093.067439,1.2,-0.196842,-0.336955,-0.002043,0.004791,1,acq,20480,20480,0,16,True,False,1,1200000,8381618,False,-2852529,3013351,0,0,0,0,1,1,1784366091.904585
257,86,1,formal,down,59,43,0,3.2952796193069984,1784366094.230835,1784366096.562937,1784366095.3968859,1.2,-0.197563,-0.338138,-0.002021,0.00477,1,acq,20480,20480,0,16,True,False,1,1200000,8381618,False,-2852444,2980577,0,0,0,0,1,1,1784366094.230835
258,86,2,formal,down,59,43,0,3.2952796193069984,1784366096.563176,1784366098.892661,1784366097.7279186,1.2,-0.198262,-0.339338,-0.002,0.004817,1,acq,20480,20480,0,16,True,False,1,1200000,8381618,False,-2889368,3004289,0,0,0,0,1,1,1784366096.563176
259,86,3,formal,down,59,43,0,3.2952796193069984,1784366098.892975,1784366101.243621,1784366100.068298,1.2,-0.198948,-0.340679,-0.001991,0.00475,1,acq,20480,20480,0,16,True,False,1,1200000,8381618,False,-2911641,3020295,0,0,0,0,1,1,1784366098.892975
260,86,4,formal,down,59,43,0,3.2952796193069984,1784366101.243995,1784366103.584743,1784366102.414369,1.2,-0.199662,-0.341814,-0.002014,0.004781,1,acq,20480,20480,0,16,True,False,1,1200000,8381618,False,-2896312,2998192,0,0,0,0,1,1,1784366101.243995
261,86,5,formal,down,59,43,0,3.2952796193069984,1784366103.58577,1784366105.91295,1784366104.74936,1.2,-0.200197,-0.342801,-0.002012,0.004772,1,acq,20480,20480,0,16,True,False,1,1200000,8381618,False,-2850242,3022158,0,0,0,0,1,1,1784366103.58577
262,86,6,formal,down,59,43,0,3.2952796193069984,1784366105.913259,1784366108.24634,1784366107.0797997,1.2,-0.200824,-0.343915,-0.002008,0.004754,1,acq,20480,20480,0,16,True,False,1,1200000,8381618,False,-2884710,3017500,0,0,0,0,1,1,1784366105.913259
263,86,7,formal,down,59,43,0,3.2952796193069984,1784366108.2465699,1784366110.5816488,1784366109.4141092,1.2,-0.201311,-0.344883,-0.001965,0.004734,1,acq,20480,20480,0,16,True,False,1,1200000,8381618,False,-2873532,3041213,0,0,0,0,1,1,1784366108.2465699
264,87,0,formal,up,59,43,1,3.2952796193069984,1784366123.2847512,1784366125.621403,1784366124.453077,1.2,-0.204323,-0.35014,-0.001976,0.004684,1,acq,20480,20480,0,16,True,False,1,1200000,8381618,False,-2997683,3057303,0,0,0,0,1,1,1784366123.2847512
265,87,1,formal,up,59,43,1,3.2952796193069984,1784366125.6225028,1784366127.96454,1784366126.7935214,1.2,-0.204614,-0.350651,-0.001932,0.004747,1,acq,20480,20480,0,16,True,False,1,1200000,8381618,False,-2919432,3123614,0,0,0,0,1,1,1784366125.6225028
266,87,2,formal,up,59,43,1,3.2952796193069984,1784366127.964743,1784366130.3124669,1784366129.1386049,1.2,-0.205101,-0.351415,-0.001946,0.004678,1,acq,20480,20480,0,16,True,False,1,1200000,8381618,False,-2958219,3060860,0,0,0,0,1,1,1784366127.964743
267,87,3,formal,up,59,43,1,3.2952796193069984,1784366130.312694,1784366132.645531,1784366131.4791126,1.2,-0.205694,-0.352493,-0.001947,0.004704,1,acq,20480,20480,0,16,True,False,1,1200000,8381618,False,-2954832,3153339,0,0,0,0,1,1,1784366130.312694
268,87,4,formal,up,59,43,1,3.2952796193069984,1784366132.645974,1784366134.982764,1784366133.814369,1.2,-0.205822,-0.352649,-0.00194,0.004709,1,acq,20480,20480,0,16,True,False,1,1200000,8381618,False,-2977443,3081778,0,0,0,0,1,1,1784366132.645974
269,87,5,formal,up,59,43,1,3.2952796193069984,1784366134.983008,1784366137.32572,1784366136.154364,1.2,-0.206305,-0.353428,-0.00197,0.004721,1,acq,20480,20480,0,16,True,False,1,1200000,8381618,False,-2977782,3052476,0,0,0,0,1,1,1784366134.983008
270,87,6,formal,up,59,43,1,3.2952796193069984,1784366137.325953,1784366139.668851,1784366138.497402,1.2,-0.206906,-0.35445,-0.001952,0.004687,1,acq,20480,20480,0,16,True,False,1,1200000,8381618,False,-2998361,3115060,0,0,0,0,1,1,1784366137.325953
271,87,7,formal,up,59,43,1,3.2952796193069984,1784366139.6692832,1784366142.001046,1784366140.8351645,1.2,-0.207232,-0.355011,-0.001916,0.004715,1,acq,20480,20480,0,16,True,False,1,1200000,8381618,False,-2985065,3110741,0,0,0,0,1,1,1784366139.6692832
272,88,0,formal,up,47,44,0,1.728637904893814,1784366171.981437,1784366174.323033,1784366173.152235,1.2,0.040636,0.069964,-0.002546,0.004441,1,acq,20480,20480,0,16,True,False,1,1200000,8381618,False,-695284,839507,0,0,0,0,1,1,1784366171.981437
273,88,1,formal,up,47,44,0,1.728637904893814,1784366174.324165,1784366176.662169,1784366175.493167,1.2,0.040807,0.070217,-0.002546,0.004454,1,acq,20480,20480,0,16,True,False,1,1200000,8381618,False,-706971,847807,0,0,0,0,1,1,1784366174.324165
274,88,2,formal,up,47,44,0,1.728637904893814,1784366176.6625888,1784366178.989408,1784366177.8259983,1.2,0.040855,0.0704,-0.002614,0.004445,1,acq,20480,20480,0,16,True,False,1,1200000,8381618,False,-666829,811730,0,0,0,0,1,1,1784366176.6625888
275,88,3,formal,up,47,44,0,1.728637904893814,1784366178.989627,1784366181.329494,1784366180.1595604,1.2,0.040884,0.070517,-0.002564,0.004472,1,acq,20480,20480,0,16,True,False,1,1200000,8381618,False,-746859,818420,0,0,0,0,1,1,1784366178.989627
276,88,4,formal,up,47,44,0,1.728637904893814,1784366181.329869,1784366183.6724322,1784366182.5011506,1.2,0.041013,0.070547,-0.002571,0.004479,1,acq,20480,20480,0,16,True,False,1,1200000,8381618,False,-724332,811645,0,0,0,0,1,1,1784366181.329869
277,88,5,formal,up,47,44,0,1.728637904893814,1784366183.673773,1784366186.005187,1784366184.83948,1.2,0.041074,0.070671,-0.002539,0.004502,1,acq,20480,20480,0,16,True,False,1,1200000,8381618,False,-713153,787255,0,0,0,0,1,1,1784366183.673773
278,88,6,formal,up,47,44,0,1.728637904893814,1784366186.0054889,1784366188.339058,1784366187.1722734,1.2,0.040986,0.07068,-0.002576,0.004427,1,acq,20480,20480,0,16,True,False,1,1200000,8381618,False,-710443,877024,0,0,0,0,1,1,1784366186.0054889
279,88,7,formal,up,47,44,0,1.728637904893814,1784366188.339509,1784366190.692024,1784366189.5157666,1.2,0.041009,0.070795,-0.002536,0.004456,1,acq,20480,20480,0,16,True,False,1,1200000,8381618,False,-705108,806394,0,0,0,0,1,1,1784366188.339509
280,89,0,formal,down,47,44,1,1.728637904893814,1784366203.437172,1784366205.765822,1784366204.601497,1.2,0.040825,0.070469,-0.00258,0.004457,1,acq,20480,20480,0,16,True,False,1,1200000,8381618,False,-683343,797079,0,0,0,0,1,1,1784366203.437172
281,89,1,formal,down,47,44,1,1.728637904893814,1784366205.766067,1784366208.1056461,1784366206.9358566,1.2,0.04082,0.070398,-0.002559,0.00448,1,acq,20480,20480,0,16,True,False,1,1200000,8381618,False,-706802,882274,0,0,0,0,1,1,1784366205.766067
282,89,2,formal,down,47,44,1,1.728637904893814,1784366208.105886,1784366210.4307258,1784366209.2683058,1.2,0.040773,0.070312,-0.002544,0.004428,1,acq,20480,20480,0,16,True,False,1,1200000,8381618,False,-708580,815371,0,0,0,0,1,1,1784366208.105886
283,89,3,formal,down,47,44,1,1.728637904893814,1784366210.431015,1784366212.753921,1784366211.592468,1.2,0.040705,0.070252,-0.002552,0.004508,1,acq,20480,20480,0,16,True,False,1,1200000,8381618,False,-691643,824941,0,0,0,0,1,1,1784366210.431015
284,89,4,formal,down,47,44,1,1.728637904893814,1784366212.7541811,1784366215.084051,1784366213.919116,1.2,0.040668,0.070118,-0.002569,0.004448,1,acq,20480,20480,0,16,True,False,1,1200000,8381618,False,-703160,842641,0,0,0,0,1,1,1784366212.7541811
285,89,5,formal,down,47,44,1,1.728637904893814,1784366215.0842738,1784366217.415993,1784366216.2501335,1.2,0.040701,0.07004,-0.00258,0.004439,1,acq,20480,20480,0,16,True,False,1,1200000,8381618,False,-677585,773282,0,0,0,0,1,1,1784366215.0842738
286,89,6,formal,down,47,44,1,1.728637904893814,1784366217.4170618,1784366219.745606,1784366218.5813339,1.2,0.040631,0.070027,-0.002572,0.004468,1,acq,20480,20480,0,16,True,False,1,1200000,8381618,False,-666237,762780,0,0,0,0,1,1,1784366217.4170618
287,89,7,formal,down,47,44,1,1.728637904893814,1784366219.745864,1784366222.0932422,1784366220.919553,1.2,0.040577,0.069963,-0.002571,0.004474,1,acq,20480,20480,0,16,True,False,1,1200000,8381618,False,-706209,796486,0,0,0,0,1,1,1784366219.745864
288,90,0,formal,down,33,45,0,-0.0991107619215672,1784366250.6176279,1784366252.953651,1784366251.7856393,1.055627,0.280941,0.480673,0.000421,-0.001498,1,acq,20480,20480,0,16,True,False,1,1200000,8381618,False,-4048909,4042897,0,0,0,0,1,1,1784366250.6176279
289,90,1,formal,down,33,45,0,-0.0991107619215672,1784366252.954751,1784366255.2862,1784366254.1204755,1.054579,0.281273,0.481226,0.000463,-0.001465,1,acq,20480,20480,0,16,True,False,1,1200000,8381618,False,-4030617,4029431,0,0,0,0,1,1,1784366252.954751
290,90,2,formal,down,33,45,0,-0.0991107619215672,1784366255.286437,1784366257.614621,1784366256.450529,1.052273,0.281167,0.481171,0.000453,-0.001476,1,acq,20480,20480,0,16,True,False,1,1200000,8381618,False,-4063306,3990898,0,0,0,0,1,1,1784366255.286437
291,90,3,formal,down,33,45,0,-0.0991107619215672,1784366257.615073,1784366259.939668,1784366258.7773705,1.051601,0.28147,0.481779,0.000482,-0.001513,1,acq,20480,20480,0,16,True,False,1,1200000,8381618,False,-4042050,3999452,0,0,0,0,1,1,1784366257.615073
292,90,4,formal,down,33,45,0,-0.0991107619215672,1784366259.940326,1784366262.278031,1784366261.1091785,1.050576,0.281683,0.482186,0.000446,-0.001525,1,acq,20480,20480,0,16,True,False,1,1200000,8381618,False,-4038154,3998859,0,0,0,0,1,1,1784366259.940326
293,90,5,formal,down,33,45,0,-0.0991107619215672,1784366262.2782578,1784366264.612753,1784366263.4455054,1.049212,0.281699,0.482273,0.000475,-0.001548,1,acq,20480,20480,0,16,True,False,1,1200000,8381618,False,-4090914,4016051,0,0,0,0,1,1,1784366262.2782578
294,90,6,formal,down,33,45,0,-0.0991107619215672,1784366264.613079,1784366266.9492779,1784366265.7811785,1.047982,0.281739,0.482368,0.000507,-0.001573,1,acq,20480,20480,0,16,True,False,1,1200000,8381618,False,-4057802,4026044,0,0,0,0,1,1,1784366264.613079
295,90,7,formal,down,33,45,0,-0.0991107619215672,1784366266.949515,1784366269.290595,1784366268.1200552,1.04729,0.28191,0.482731,0.000498,-0.001531,1,acq,20480,20480,0,16,True,False,1,1200000,8381618,False,-4093032,4033496,0,0,0,0,1,1,1784366266.949515
296,91,0,formal,up,33,45,1,-0.0991107619215672,1784366281.9959009,1784366284.327938,1784366283.1619196,1.042452,0.282617,0.484136,0.000482,-0.001636,1,acq,20480,20480,0,16,True,False,1,1200000,8381618,False,-4060596,4014865,0,0,0,0,1,1,1784366281.9959009
297,91,1,formal,up,33,45,1,-0.0991107619215672,1784366284.329082,1784366286.6613498,1784366285.495216,1.042,0.282761,0.484433,0.000529,-0.001527,1,acq,20480,20480,0,16,True,False,1,1200000,8381618,False,-4070928,4020708,0,0,0,0,1,1,1784366284.329082
298,91,2,formal,up,33,45,1,-0.0991107619215672,1784366286.661661,1784366288.995084,1784366287.8283725,1.040852,0.282641,0.48428,0.000493,-0.001596,1,acq,20480,20480,0,16,True,False,1,1200000,8381618,False,-4045522,4067117,0,0,0,0,1,1,1784366286.661661
299,91,3,formal,up,33,45,1,-0.0991107619215672,1784366288.9955,1784366291.329342,1784366290.162421,1.040554,0.282832,0.484632,0.000522,-0.001593,1,acq,20480,20480,0,16,True,False,1,1200000,8381618,False,-4118268,4049079,0,0,0,0,1,1,1784366288.9955
300,91,4,formal,up,33,45,1,-0.0991107619215672,1784366291.32962,1784366293.6543639,1784366292.491992,1.039545,0.282789,0.484583,0.000508,-0.001619,1,acq,20480,20480,0,16,True,False,1,1200000,8381618,False,-4101077,4026637,0,0,0,0,1,1,1784366291.32962
301,91,5,formal,up,33,45,1,-0.0991107619215672,1784366293.6546109,1784366295.998398,1784366294.8265045,1.03929,0.282908,0.484847,0.000503,-0.001636,1,acq,20480,20480,0,16,True,False,1,1200000,8381618,False,-4097689,4016643,0,0,0,0,1,1,1784366293.6546109
302,91,6,formal,up,33,45,1,-0.0991107619215672,1784366295.998614,1784366298.3351848,1784366297.1668994,1.038327,0.282851,0.48473,0.00047,-0.001582,1,acq,20480,20480,0,16,True,False,1,1200000,8381618,False,-4083462,4087612,0,0,0,0,1,1,1784366295.998614
303,91,7,formal,up,33,45,1,-0.0991107619215672,1784366298.335413,1784366300.654784,1784366299.4950986,1.038036,0.282975,0.484977,0.000499,-0.001558,1,acq,20480,20480,0,16,True,False,1,1200000,8381618,False,-4106158,4043659,0,0,0,0,1,1,1784366298.335413
304,92,0,sentinel,up,30,46,0,-0.4907711905248635,1784366317.676586,1784366320.0124822,1784366318.844534,0.855837,0.29575,0.505581,-0.002366,0.002894,1,acq,20480,20480,0,16,True,False,1,1200000,8381618,False,-4217353,4256055,0,0,0,0,1,1,1784366317.676586
305,92,1,sentinel,up,30,46,0,-0.4907711905248635,1784366320.013,1784366322.345313,1784366321.1791565,0.854101,0.29554,0.50511,-0.002352,0.002812,1,acq,20480,20480,0,16,True,False,1,1200000,8381618,False,-4260374,4276211,0,0,0,0,1,1,1784366320.013
306,92,2,sentinel,up,30,46,0,-0.4907711905248635,1784366322.3456068,1784366324.677888,1784366323.5117474,0.85316,0.295502,0.505167,-0.002313,0.002811,1,acq,20480,20480,0,16,True,False,1,1200000,8381618,False,-4266641,4327870,0,0,0,0,1,1,1784366322.3456068
307,92,3,sentinel,up,30,46,0,-0.4907711905248635,1784366324.678136,1784366327.012279,1784366325.8452077,0.853134,0.295635,0.505646,-0.002395,0.002789,1,acq,20480,20480,0,16,True,False,1,1200000,8381618,False,-4218284,4263508,0,0,0,0,1,1,1784366324.678136
308,92,4,sentinel,up,30,46,0,-0.4907711905248635,1784366327.013356,1784366329.345799,1784366328.1795774,0.851304,0.295362,0.505131,-0.002335,0.002794,1,acq,20480,20480,0,16,True,False,1,1200000,8381618,False,-4288660,4258680,0,0,0,0,1,1,1784366327.013356
309,92,5,sentinel,up,30,46,0,-0.4907711905248635,1784366329.346096,1784366331.6932428,1784366330.5196695,0.851122,0.295544,0.50534,-0.002329,0.002746,1,acq,20480,20480,0,16,True,False,1,1200000,8381618,False,-4251058,4267657,0,0,0,0,1,1,1784366329.346096
310,92,6,sentinel,up,30,46,0,-0.4907711905248635,1784366331.6935198,1784366334.030736,1784366332.8621278,0.850281,0.295479,0.505477,-0.002453,0.002781,1,acq,20480,20480,0,16,True,False,1,1200000,8381618,False,-4273585,4245215,0,0,0,0,1,1,1784366331.6935198
311,92,7,sentinel,up,30,46,0,-0.4907711905248635,1784366334.031786,1784366336.378625,1784366335.2052054,0.849639,0.295332,0.505507,-0.00236,0.002771,1,acq,20480,20480,0,16,True,False,1,1200000,8381618,False,-4264270,4275279,0,0,0,0,1,1,1784366334.031786
312,93,0,sentinel,down,30,46,1,-0.4907711905248635,1784366349.0812721,1784366351.430839,1784366350.2560556,0.845908,0.295451,0.505693,-0.002287,0.002796,1,acq,20480,20480,0,16,True,False,1,1200000,8381618,False,-4289083,4336678,0,0,0,0,1,1,1784366349.0812721
313,93,1,sentinel,down,30,46,1,-0.4907711905248635,1784366351.431073,1784366353.773857,1784366352.6024652,0.845507,0.29549,0.505766,-0.002312,0.002722,1,acq,20480,20480,0,16,True,False,1,1200000,8381618,False,-4246993,4270960,0,0,0,0,1,1,1784366351.431073
314,93,2,sentinel,down,30,46,1,-0.4907711905248635,1784366353.774098,1784366356.107167,1784366354.9406323,0.845228,0.295529,0.505935,-0.002315,0.002767,1,acq,20480,20480,0,16,True,False,1,1200000,8381618,False,-4228447,4253430,0,0,0,0,1,1,1784366353.774098
315,93,3,sentinel,down,30,46,1,-0.4907711905248635,1784366356.107394,1784366358.4452748,1784366357.2763343,0.844661,0.295579,0.505853,-0.002258,0.002755,1,acq,20480,20480,0,16,True,False,1,1200000,8381618,False,-4233697,4249703,0,0,0,0,1,1,1784366356.107394
316,93,4,sentinel,down,30,46,1,-0.4907711905248635,1784366358.4464011,1784366360.7974012,1784366359.621901,0.844446,0.295671,0.506082,-0.002335,0.002758,1,acq,20480,20480,0,16,True,False,1,1200000,8381618,False,-4250804,4283324,0,0,0,0,1,1,1784366358.4464011
317,93,5,sentinel,down,30,46,1,-0.4907711905248635,1784366360.797654,1784366363.129195,1784366361.9634244,0.843052,0.295283,0.505546,-0.002291,0.002763,1,acq,20480,20480,0,16,True,False,1,1200000,8381618,False,-4250804,4263677,0,0,0,0,1,1,1784366360.797654
318,93,6,sentinel,down,30,46,1,-0.4907711905248635,1784366363.129428,1784366365.462987,1784366364.2962074,0.843973,0.295807,0.506447,-0.002268,0.002735,1,acq,20480,20480,0,16,True,False,1,1200000,8381618,False,-4258257,4276973,0,0,0,0,1,1,1784366363.129428
319,93,7,sentinel,down,30,46,1,-0.4907711905248635,1784366365.4640498,1784366367.79365,1784366366.62885,0.84235,0.295581,0.50577,-0.002279,0.002692,1,acq,20480,20480,0,16,True,False,1,1200000,8381618,False,-4277142,4263508,0,0,0,0,1,1,1784366365.4640498
320,94,0,sentinel,down,50,47,0,2.120298333497111,1784366409.223031,1784366411.56169,1784366410.3923607,1.2,-0.015765,-0.027071,-0.002486,0.004637,1,acq,20480,20480,0,16,True,False,1,1200000,8381618,False,-374149,452231,0,0,0,0,1,1,1784366409.223031
321,94,1,sentinel,down,50,47,0,2.120298333497111,1784366411.562859,1784366413.894259,1784366412.728559,1.2,-0.016613,-0.028528,-0.002489,0.004621,1,acq,20480,20480,0,16,True,False,1,1200000,8381618,False,-373641,542847,0,0,0,0,1,1,1784366411.562859
322,94,2,sentinel,down,50,47,0,2.120298333497111,1784366413.8944871,1784366416.227065,1784366415.0607762,1.2,-0.017202,-0.029596,-0.002478,0.004633,1,acq,20480,20480,0,16,True,False,1,1200000,8381618,False,-340190,480432,0,0,0,0,1,1,1784366413.8944871
323,94,3,sentinel,down,50,47,0,2.120298333497111,1784366416.227266,1784366418.568429,1784366417.3978477,1.2,-0.017786,-0.030644,-0.002477,0.004633,1,acq,20480,20480,0,16,True,False,1,1200000,8381618,False,-385159,461886,0,0,0,0,1,1,1784366416.227266
324,94,4,sentinel,down,50,47,0,2.120298333497111,1784366418.5687091,1784366420.8956769,1784366419.732193,1.2,-0.018356,-0.031485,-0.002479,0.00461,1,acq,20480,20480,0,16,True,False,1,1200000,8381618,False,-456550,524808,0,0,0,0,1,1,1784366418.5687091
325,94,5,sentinel,down,50,47,0,2.120298333497111,1784366420.8959968,1784366423.2375438,1784366422.0667703,1.2,-0.018774,-0.032366,-0.002478,0.004612,1,acq,20480,20480,0,16,True,False,1,1200000,8381618,False,-402689,505330,0,0,0,0,1,1,1784366420.8959968
326,94,6,sentinel,down,50,47,0,2.120298333497111,1784366423.238644,1784366425.576482,1784366424.407563,1.2,-0.019355,-0.033171,-0.002484,0.004604,1,acq,20480,20480,0,16,True,False,1,1200000,8381618,False,-371270,483820,0,0,0,0,1,1,1784366423.238644
327,94,7,sentinel,down,50,47,0,2.120298333497111,1784366425.576704,1784366427.912203,1784366426.7444534,1.2,-0.019752,-0.033996,-0.002483,0.004598,1,acq,20480,20480,0,16,True,False,1,1200000,8381618,False,-357212,484667,0,0,0,0,1,1,1784366425.576704
328,95,0,sentinel,up,50,47,1,2.120298333497111,1784366440.612298,1784366442.9566479,1784366441.784473,1.2,-0.022048,-0.038023,-0.002458,0.004585,1,acq,20480,20480,0,16,True,False,1,1200000,8381618,False,-454264,591119,0,0,0,0,1,1,1784366440.612298
329,95,1,sentinel,up,50,47,1,2.120298333497111,1784366442.957115,1784366445.28129,1784366444.1192026,1.2,-0.022435,-0.038574,-0.002435,0.004576,1,acq,20480,20480,0,16,True,False,1,1200000,8381618,False,-442407,526079,0,0,0,0,1,1,1784366442.957115
330,95,2,sentinel,up,50,47,1,2.120298333497111,1784366445.281522,1784366447.612303,1784366446.4469125,1.2,-0.022755,-0.03912,-0.002467,0.004585,1,acq,20480,20480,0,16,True,False,1,1200000,8381618,False,-478400,521506,0,0,0,0,1,1,1784366445.281522
331,95,3,sentinel,up,50,47,1,2.120298333497111,1784366447.612763,1784366449.953968,1784366448.7833655,1.2,-0.023039,-0.039664,-0.00246,0.00457,1,acq,20480,20480,0,16,True,False,1,1200000,8381618,False,-448336,537427,0,0,0,0,1,1,1784366447.612763
332,95,4,sentinel,up,50,47,1,2.120298333497111,1784366449.9544818,1784366452.2890701,1784366451.121776,1.2,-0.023335,-0.040161,-0.002457,0.004581,1,acq,20480,20480,0,16,True,False,1,1200000,8381618,False,-397692,609835,0,0,0,0,1,1,1784366449.9544818
333,95,5,sentinel,up,50,47,1,2.120298333497111,1784366452.289314,1784366454.638794,1784366453.464054,1.2,-0.023645,-0.040679,-0.002463,0.004603,1,acq,20480,20480,0,16,True,False,1,1200000,8381618,False,-497285,650231,0,0,0,0,1,1,1784366452.289314
334,95,6,sentinel,up,50,47,1,2.120298333497111,1784366454.639031,1784366456.9830751,1784366455.811053,1.2,-0.023921,-0.041167,-0.002456,0.004575,1,acq,20480,20480,0,16,True,False,1,1200000,8381618,False,-443508,577992,0,0,0,0,1,1,1784366454.639031
335,95,7,sentinel,up,50,47,1,2.120298333497111,1784366456.984124,1784366459.329004,1784366458.156564,1.2,-0.024195,-0.041624,-0.002461,0.004579,1,acq,20480,20480,0,16,True,False,1,1200000,8381618,False,-529043,713323,0,0,0,0,1,1,1784366456.984124
336,96,0,formal,up,54,48,0,2.6425122383015047,1784366473.505985,1784366475.845757,1784366474.675871,1.2,-0.113972,-0.195594,-0.001639,0.003758,1,acq,20480,20480,0,16,True,False,1,1200000,8381618,False,-1726016,1798339,0,0,0,0,1,1,1784366473.505985
337,96,1,formal,up,54,48,0,2.6425122383015047,1784366475.846055,1784366478.1848829,1784366477.015469,1.2,-0.114387,-0.196202,-0.001659,0.003707,1,acq,20480,20480,0,16,True,False,1,1200000,8381618,False,-1784281,1883450,0,0,0,0,1,1,1784366475.846055
338,96,2,formal,up,54,48,0,2.6425122383015047,1784366478.185121,1784366480.534391,1784366479.359756,1.2,-0.114738,-0.1969,-0.001633,0.003699,1,acq,20480,20480,0,16,True,False,1,1200000,8381618,False,-1673171,1818918,0,0,0,0,1,1,1784366478.185121
339,96,3,formal,up,54,48,0,2.6425122383015047,1784366480.5346,1784366482.862186,1784366481.6983929,1.2,-0.115047,-0.197594,-0.001593,0.003697,1,acq,20480,20480,0,16,True,False,1,1200000,8381618,False,-1715345,1842207,0,0,0,0,1,1,1784366480.5346
340,96,4,formal,up,54,48,0,2.6425122383015047,1784366482.862664,1784366485.195473,1784366484.0290685,1.2,-0.11547,-0.198267,-0.001623,0.003718,1,acq,20480,20480,0,16,True,False,1,1200000,8381618,False,-1738211,1869138,0,0,0,0,1,1,1784366482.862664
341,96,5,formal,up,54,48,0,2.6425122383015047,1784366485.195811,1784366487.527096,1784366486.3614535,1.2,-0.115805,-0.19887,-0.00161,0.003673,1,acq,20480,20480,0,16,True,False,1,1200000,8381618,False,-1755657,1829250,0,0,0,0,1,1,1784366485.195811
342,96,6,formal,up,54,48,0,2.6425122383015047,1784366487.527356,1784366489.860196,1784366488.6937761,1.2,-0.116233,-0.199494,-0.001619,0.003707,1,acq,20480,20480,0,16,True,False,1,1200000,8381618,False,-1704844,1847881,0,0,0,0,1,1,1784366487.527356
343,96,7,formal,up,54,48,0,2.6425122383015047,1784366489.861268,1784366492.2005498,1784366491.030909,1.2,-0.116424,-0.20004,-0.001594,0.003688,1,acq,20480,20480,0,16,True,False,1,1200000,8381618,False,-1699001,1896323,0,0,0,0,1,1,1784366489.861268
344,97,0,formal,down,54,48,1,2.6425122383015047,1784366504.9139142,1784366507.2466729,1784366506.0802937,1.2,-0.118293,-0.203402,-0.001576,0.003654,1,acq,20480,20480,0,16,True,False,1,1200000,8381618,False,-1738465,1918849,0,0,0,0,1,1,1784366504.9139142
345,97,1,formal,down,54,48,1,2.6425122383015047,1784366507.247743,1784366509.573468,1784366508.4106054,1.2,-0.118654,-0.20391,-0.001622,0.003632,1,acq,20480,20480,0,16,True,False,1,1200000,8381618,False,-1728726,1888108,0,0,0,0,1,1,1784366507.247743
346,97,2,formal,down,54,48,1,2.6425122383015047,1784366509.573685,1784366511.922034,1784366510.7478595,1.2,-0.118808,-0.204228,-0.001578,0.003645,1,acq,20480,20480,0,16,True,False,1,1200000,8381618,False,-1756757,1902759,0,0,0,0,1,1,1784366509.573685
347,97,3,formal,down,54,48,1,2.6425122383015047,1784366511.9223669,1784366514.253246,1784366513.0878065,1.2,-0.11906,-0.204657,-0.001591,0.003652,1,acq,20480,20480,0,16,True,False,1,1200000,8381618,False,-1760653,1872441,0,0,0,0,1,1,1784366511.9223669
348,97,4,formal,down,54,48,1,2.6425122383015047,1784366514.2540119,1784366516.60071,1784366515.427361,1.2,-0.119359,-0.20507,-0.001578,0.003635,1,acq,20480,20480,0,16,True,False,1,1200000,8381618,False,-1803336,1895560,0,0,0,0,1,1,1784366514.2540119
349,97,5,formal,down,54,48,1,2.6425122383015047,1784366516.6009521,1784366518.930145,1784366517.7655487,1.2,-0.11965,-0.205597,-0.001563,0.003646,1,acq,20480,20480,0,16,True,False,1,1200000,8381618,False,-1833484,1885483,0,0,0,0,1,1,1784366516.6009521
350,97,6,formal,down,54,48,1,2.6425122383015047,1784366518.93041,1784366521.258382,1784366520.094396,1.2,-0.119645,-0.205757,-0.001642,0.003644,1,acq,20480,20480,0,16,True,False,1,1200000,8381618,False,-1841868,1916478,0,0,0,0,1,1,1784366518.93041
351,97,7,formal,down,54,48,1,2.6425122383015047,1784366521.258694,1784366523.593478,1784366522.426086,1.2,-0.120107,-0.20648,-0.00156,0.003662,1,acq,20480,20480,0,16,True,False,1,1200000,8381618,False,-1810195,1896068,0,0,0,0,1,1,1784366521.258694
352,98,0,formal,down,26,49,0,-1.0129850953292583,1784366572.278971,1784366574.618603,1784366573.448787,0.6416,0.295425,0.504405,-0.000479,-0.000123,1,acq,20480,20480,0,16,True,False,1,1200000,8381618,False,-4205666,4210239,0,0,0,0,1,1,1784366572.278971
353,98,1,formal,down,26,49,0,-1.0129850953292583,1784366574.619667,1784366576.964551,1784366575.792109,0.639268,0.295283,0.504262,-0.000417,-0.000142,1,acq,20480,20480,0,16,True,False,1,1200000,8381618,False,-4243182,4202363,0,0,0,0,1,1,1784366574.619667
354,98,2,formal,down,26,49,0,-1.0129850953292583,1784366576.96478,1784366579.296756,1784366578.130768,0.637583,0.295275,0.504331,-0.000403,-0.000189,1,acq,20480,20480,0,16,True,False,1,1200000,8381618,False,-4198722,4194741,0,0,0,0,1,1,1784366576.96478
355,98,3,formal,down,26,49,0,-1.0129850953292583,1784366579.297038,1784366581.613009,1784366580.4550235,0.635262,0.29498,0.503824,-0.000427,-0.00014,1,acq,20480,20480,0,16,True,False,1,1200000,8381618,False,-4215066,4206513,0,0,0,0,1,1,1784366579.297038
356,98,4,formal,down,26,49,0,-1.0129850953292583,1784366581.6141021,1784366583.93558,1784366582.774841,0.633679,0.29492,0.503857,-0.000411,-0.00017,1,acq,20480,20480,0,16,True,False,1,1200000,8381618,False,-4176703,4184494,0,0,0,0,1,1,1784366581.6141021
357,98,5,formal,down,26,49,0,-1.0129850953292583,1784366583.935904,1784366586.252554,1784366585.094229,0.632,0.294782,0.503702,-0.000421,-0.00021,1,acq,20480,20480,0,16,True,False,1,1200000,8381618,False,-4196096,4165693,0,0,0,0,1,1,1784366583.935904
358,98,6,formal,down,26,49,0,-1.0129850953292583,1784366586.253029,1784366588.572914,1784366587.4129715,0.630744,0.29485,0.503827,-0.000439,-0.000196,1,acq,20480,20480,0,16,True,False,1,1200000,8381618,False,-4180006,4192285,0,0,0,0,1,1,1784366586.253029
359,98,7,formal,down,26,49,0,-1.0129850953292583,1784366588.573154,1784366590.8970308,1784366589.7350924,0.628424,0.294316,0.503003,-0.000357,-0.000229,1,acq,20480,20480,0,16,True,False,1,1200000,8381618,False,-4191692,4172468,0,0,0,0,1,1,1784366588.573154
360,99,0,formal,up,26,49,1,-1.0129850953292583,1784366603.468821,1784366605.791987,1784366604.630404,0.61979,0.293564,0.501852,-0.000341,-0.000253,1,acq,20480,20480,0,16,True,False,1,1200000,8381618,False,-4187035,4166794,0,0,0,0,1,1,1784366603.468821
361,99,1,formal,up,26,49,1,-1.0129850953292583,1784366605.7922208,1784366608.116523,1784366606.954372,0.618967,0.293529,0.501897,-0.000414,-0.000256,1,acq,20480,20480,0,16,True,False,1,1200000,8381618,False,-4183901,4203633,0,0,0,0,1,1,1784366605.7922208
362,99,2,formal,up,26,49,1,-1.0129850953292583,1784366608.11675,1784366610.440227,1784366609.2784886,0.618161,0.293631,0.502083,-0.000387,-0.000259,1,acq,20480,20480,0,16,True,False,1,1200000,8381618,False,-4208715,4160528,0,0,0,0,1,1,1784366608.11675
363,99,3,formal,up,26,49,1,-1.0129850953292583,1784366610.44046,1784366612.760295,1784366611.6003776,0.616738,0.293354,0.501596,-0.00041,-0.000237,1,acq,20480,20480,0,16,True,False,1,1200000,8381618,False,-4160189,4150958,0,0,0,0,1,1,1784366610.44046
364,99,4,formal,up,26,49,1,-1.0129850953292583,1784366612.760572,1784366615.08432,1784366613.922446,0.615589,0.29324,0.501407,-0.000354,-0.000282,1,acq,20480,20480,0,16,True,False,1,1200000,8381618,False,-4188474,4153244,0,0,0,0,1,1,1784366612.760572
365,99,5,formal,up,26,49,1,-1.0129850953292583,1784366615.084625,1784366617.401546,1784366616.2430854,0.615012,0.293305,0.50154,-0.000336,-0.000318,1,acq,20480,20480,0,16,True,False,1,1200000,8381618,False,-4200415,4159935,0,0,0,0,1,1,1784366615.084625
366,99,6,formal,up,26,49,1,-1.0129850953292583,1784366617.401814,1784366619.726818,1784366618.564316,0.613929,0.293121,0.501383,-0.000349,-0.000275,1,acq,20480,20480,0,16,True,False,1,1200000,8381618,False,-4182123,4155108,0,0,0,0,1,1,1784366617.401814
367,99,7,formal,up,26,49,1,-1.0129850953292583,1784366619.727058,1784366622.0499358,1784366620.8884969,0.612688,0.293007,0.500992,-0.00039,-0.000311,1,acq,20480,20480,0,16,True,False,1,1200000,8381618,False,-4182292,4159765,0,0,0,0,1,1,1784366619.727058
368,100,0,formal,up,13,50,0,-2.710180285943541,1784366651.686433,1784366654.010116,1784366652.8482747,0.038892,0.093995,0.160663,0.001715,-0.003528,1,acq,20480,20480,0,16,True,False,1,1200000,8381618,False,-1419617,1372446,0,0,0,0,1,1,1784366651.686433
369,100,1,formal,up,13,50,0,-2.710180285943541,1784366654.010345,1784366656.330275,1784366655.17031,0.038145,0.093101,0.159135,0.001717,-0.003544,1,acq,20480,20480,0,16,True,False,1,1200000,8381618,False,-1407930,1361690,0,0,0,0,1,1,1784366654.010345
370,100,2,formal,up,13,50,0,-2.710180285943541,1784366656.330505,1784366658.6567209,1784366657.4936128,0.037547,0.092448,0.158116,0.00174,-0.003544,1,acq,20480,20480,0,16,True,False,1,1200000,8381618,False,-1402002,1350173,0,0,0,0,1,1,1784366656.330505
371,100,3,formal,up,13,50,0,-2.710180285943541,1784366658.6569421,1784366660.9819,1784366659.819421,0.036958,0.09172,0.15694,0.001718,-0.003571,1,acq,20480,20480,0,16,True,False,1,1200000,8381618,False,-1388536,1348987,0,0,0,0,1,1,1784366658.6569421
372,100,4,formal,up,13,50,0,-2.710180285943541,1784366660.9821281,1784366663.304893,1784366662.1435106,0.036339,0.091017,0.155706,0.001754,-0.003589,1,acq,20480,20480,0,16,True,False,1,1200000,8381618,False,-1386758,1327815,0,0,0,0,1,1,1784366660.9821281
373,100,5,formal,up,13,50,0,-2.710180285943541,1784366663.305099,1784366665.6305652,1784366664.467832,0.035798,0.09034,0.154536,0.001765,-0.003578,1,acq,20480,20480,0,16,True,False,1,1200000,8381618,False,-1367618,1326545,0,0,0,0,1,1,1784366663.305099
374,100,6,formal,up,13,50,0,-2.710180285943541,1784366665.630796,1784366667.95355,1784366666.792173,0.035256,0.089726,0.153513,0.001761,-0.003603,1,acq,20480,20480,0,16,True,False,1,1200000,8381618,False,-1364908,1315536,0,0,0,0,1,1,1784366665.630796
375,100,7,formal,up,13,50,0,-2.710180285943541,1784366667.9537568,1784366670.2698529,1784366669.111805,0.034743,0.089062,0.152429,0.001786,-0.00362,1,acq,20480,20480,0,16,True,False,1,1200000,8381618,False,-1360081,1301562,0,0,0,0,1,1,1784366667.9537568
376,101,0,formal,down,13,50,1,-2.710180285943541,1784366682.843877,1784366685.163164,1784366684.0035205,0.031918,0.085537,0.146413,0.001815,-0.003673,1,acq,20480,20480,0,16,True,False,1,1200000,8381618,False,-1299699,1257440,0,0,0,0,1,1,1784366682.843877
377,101,1,formal,down,13,50,1,-2.710180285943541,1784366685.164267,1784366687.484359,1784366686.3243132,0.031528,0.085006,0.145553,0.001827,-0.003661,1,acq,20480,20480,0,16,True,False,1,1200000,8381618,False,-1303595,1247278,0,0,0,0,1,1,1784366685.164267
378,101,2,formal,down,13,50,1,-2.710180285943541,1784366687.484598,1784366689.807103,1784366688.6458504,0.03111,0.084508,0.144674,0.001838,-0.003675,1,acq,20480,20480,0,16,True,False,1,1200000,8381618,False,-1302324,1246854,0,0,0,0,1,1,1784366687.484598
379,101,3,formal,down,13,50,1,-2.710180285943541,1784366689.807337,1784366692.132051,1784366690.9696941,0.030771,0.084063,0.143945,0.001844,-0.003676,1,acq,20480,20480,0,16,True,False,1,1200000,8381618,False,-1293093,1239994,0,0,0,0,1,1,1784366689.807337
380,101,4,formal,down,13,50,1,-2.710180285943541,1784366692.132282,1784366694.451968,1784366693.292125,0.030353,0.083559,0.143071,0.001828,-0.003683,1,acq,20480,20480,0,16,True,False,1,1200000,8381618,False,-1286911,1224243,0,0,0,0,1,1,1784366692.132282
381,101,5,formal,down,13,50,1,-2.710180285943541,1784366694.452441,1784366696.776393,1784366695.614417,0.030058,0.083151,0.142365,0.001853,-0.003695,1,acq,20480,20480,0,16,True,False,1,1200000,8381618,False,-1275902,1220770,0,0,0,0,1,1,1784366694.452441
382,101,6,formal,down,13,50,1,-2.710180285943541,1784366696.77666,1784366699.0936801,1784366697.9351702,0.029677,0.082664,0.141559,0.001854,-0.003697,1,acq,20480,20480,0,16,True,False,1,1200000,8381618,False,-1264215,1215858,0,0,0,0,1,1,1784366696.77666
383,101,7,formal,down,13,50,1,-2.710180285943541,1784366699.093945,1784366701.415522,1784366700.2547336,0.029284,0.082118,0.14066,0.001851,-0.00371,1,acq,20480,20480,0,16,True,False,1,1200000,8381618,False,-1273785,1207644,0,0,0,0,1,1,1784366699.093945
384,102,0,formal,down,67,51,0,4.339707428915789,1784366790.820503,1784366793.1451762,1784366791.9828396,0.94899,-0.290828,-0.495774,0.002387,-0.002521,1,acq,20480,20480,0,16,True,False,1,1200000,8381618,False,-4142489,4190422,0,0,0,0,1,1,1784366790.820503
385,102,1,formal,down,67,51,0,4.339707428915789,1784366793.146244,1784366795.464376,1784366794.30531,0.945875,-0.290913,-0.496332,0.002475,-0.002517,1,acq,20480,20480,0,16,True,False,1,1200000,8381618,False,-4175263,4208799,0,0,0,0,1,1,1784366793.146244
386,102,2,formal,down,67,51,0,4.339707428915789,1784366795.464604,1784366797.781398,1784366796.623001,0.942792,-0.291087,-0.496525,0.002493,-0.002533,1,acq,20480,20480,0,16,True,False,1,1200000,8381618,False,-4130887,4226160,0,0,0,0,1,1,1784366795.464604
387,102,3,formal,down,67,51,0,4.339707428915789,1784366797.78164,1784366800.106457,1784366798.9440484,0.940493,-0.291476,-0.497298,0.002491,-0.002613,1,acq,20480,20480,0,16,True,False,1,1200000,8381618,False,-4122333,4197705,0,0,0,0,1,1,1784366797.78164
388,102,4,formal,down,67,51,0,4.339707428915789,1784366800.106702,1784366802.426168,1784366801.2664351,0.938132,-0.291734,-0.497773,0.002519,-0.002608,1,acq,20480,20480,0,16,True,False,1,1200000,8381618,False,-4225822,4215828,0,0,0,0,1,1,1784366800.106702
389,102,5,formal,down,67,51,0,4.339707428915789,1784366802.42641,1784366804.7481978,1784366803.5873039,0.935541,-0.291962,-0.498065,0.002529,-0.00264,1,acq,20480,20480,0,16,True,False,1,1200000,8381618,False,-4165947,4170690,0,0,0,0,1,1,1784366802.42641
390,102,6,formal,down,67,51,0,4.339707428915789,1784366804.748409,1784366807.066705,1784366805.907557,0.933202,-0.292027,-0.49841,0.002531,-0.002595,1,acq,20480,20480,0,16,True,False,1,1200000,8381618,False,-4184748,4211763,0,0,0,0,1,1,1784366804.748409
391,102,7,formal,down,67,51,0,4.339707428915789,1784366807.0674949,1784366809.381542,1784366808.2245183,0.929955,-0.292023,-0.498264,0.00253,-0.002673,1,acq,20480,20480,0,16,True,False,1,1200000,8381618,False,-4213881,4198976,0,0,0,0,1,1,1784366807.0674949
392,103,0,formal,up,67,51,1,4.339707428915789,1784366822.255579,1784366824.571766,1784366823.4136724,0.917138,-0.292964,-0.500098,0.002585,-0.002754,1,acq,20480,20480,0,16,True,False,1,1200000,8381618,False,-4219131,4202617,0,0,0,0,1,1,1784366822.255579
393,103,1,formal,up,67,51,1,4.339707428915789,1784366824.572277,1784366826.8931541,1784366825.7327156,0.915784,-0.293306,-0.500657,0.00266,-0.002779,1,acq,20480,20480,0,16,True,False,1,1200000,8381618,False,-4230479,4201940,0,0,0,0,1,1,1784366824.572277
394,103,2,formal,up,67,51,1,4.339707428915789,1784366826.893408,1784366829.217973,1784366828.0556905,0.913481,-0.293258,-0.500609,0.002638,-0.002783,1,acq,20480,20480,0,16,True,False,1,1200000,8381618,False,-4171283,4230479,0,0,0,0,1,1,1784366826.893408
395,103,3,formal,up,67,51,1,4.339707428915789,1784366829.218247,1784366831.532902,1784366830.3755746,0.911367,-0.293321,-0.500664,0.002622,-0.002745,1,acq,20480,20480,0,16,True,False,1,1200000,8381618,False,-4195419,4237000,0,0,0,0,1,1,1784366829.218247
396,103,4,formal,up,67,51,1,4.339707428915789,1784366831.533129,1784366833.8565938,1784366832.6948614,0.910422,-0.293681,-0.501274,0.002676,-0.002764,1,acq,20480,20480,0,16,True,False,1,1200000,8381618,False,-4216845,4206428,0,0,0,0,1,1,1784366831.533129
397,103,5,formal,up,67,51,1,4.339707428915789,1784366833.857067,1784366836.1783302,1784366835.0176988,0.908466,-0.293656,-0.501256,0.002695,-0.002768,1,acq,20480,20480,0,16,True,False,1,1200000,8381618,False,-4222857,4253345,0,0,0,0,1,1,1784366833.857067
398,103,6,formal,up,67,51,1,4.339707428915789,1784366836.178602,1784366838.494787,1784366837.3366945,0.90624,-0.293532,-0.501092,0.002663,-0.002808,1,acq,20480,20480,0,16,True,False,1,1200000,8381618,False,-4208799,4227854,0,0,0,0,1,1,1784366836.178602
399,103,7,formal,up,67,51,1,4.339707428915789,1784366838.4950411,1784366840.8148549,1784366839.654948,0.904767,-0.293765,-0.501476,0.002696,-0.002796,1,acq,20480,20480,0,16,True,False,1,1200000,8381618,False,-4207190,4226838,0,0,0,0,1,1,1784366838.4950411
400,104,0,formal,up,42,52,0,1.0758705238883213,1784366888.974679,1784366891.310061,1784366890.14237,1.2,0.141287,0.242633,-0.003218,0.005091,1,acq,20480,20480,0,16,True,False,1,1200000,8381618,False,-2174267,2217627,0,0,0,0,1,1,1784366888.974679
401,104,1,formal,up,42,52,0,1.0758705238883213,1784366891.311261,1784366893.654634,1784366892.4829473,1.2,0.141726,0.243405,-0.0032,0.005143,1,acq,20480,20480,0,16,True,False,1,1200000,8381618,False,-2164528,2193660,0,0,0,0,1,1,1784366891.311261
402,104,2,formal,up,42,52,0,1.0758705238883213,1784366893.654845,1784366895.9932191,1784366894.824032,1.2,0.142082,0.244007,-0.003218,0.00508,1,acq,20480,20480,0,16,True,False,1,1200000,8381618,False,-2122777,2290882,0,0,0,0,1,1,1784366893.654845
403,104,3,formal,up,42,52,0,1.0758705238883213,1784366895.9934661,1784366898.331376,1784366897.1624212,1.2,0.14242,0.244665,-0.003208,0.005087,1,acq,20480,20480,0,16,True,False,1,1200000,8381618,False,-2106771,2168423,0,0,0,0,1,1,1784366895.9934661
404,104,4,formal,up,42,52,0,1.0758705238883213,1784366898.331604,1784366900.667354,1784366899.499479,1.2,0.142651,0.245109,-0.003209,0.005083,1,acq,20480,20480,0,16,True,False,1,1200000,8381618,False,-2127858,2255990,0,0,0,0,1,1,1784366898.331604
405,104,5,formal,up,42,52,0,1.0758705238883213,1784366900.668472,1784366903.000292,1784366901.834382,1.2,0.143005,0.245715,-0.003212,0.005137,1,acq,20480,20480,0,16,True,False,1,1200000,8381618,False,-2082296,2177400,0,0,0,0,1,1,1784366900.668472
406,104,6,formal,up,42,52,0,1.0758705238883213,1784366903.000653,1784366905.333642,1784366904.1671476,1.2,0.14323,0.246127,-0.003199,0.005111,1,acq,20480,20480,0,16,True,False,1,1200000,8381618,False,-2139460,2172997,0,0,0,0,1,1,1784366903.000653
407,104,7,formal,up,42,52,0,1.0758705238883213,1784366905.333884,1784366907.676508,1784366906.505196,1.2,0.143234,0.246247,-0.003211,0.005049,1,acq,20480,20480,0,16,True,False,1,1200000,8381618,False,-2110243,2236682,0,0,0,0,1,1,1784366905.333884
408,105,0,formal,down,42,52,1,1.0758705238883213,1784366920.393583,1784366922.718197,1784366921.55589,1.2,0.144599,0.248645,-0.00324,0.00511,1,acq,20480,20480,0,16,True,False,1,1200000,8381618,False,-2145219,2242694,0,0,0,0,1,1,1784366920.393583
409,105,1,formal,down,42,52,1,1.0758705238883213,1784366922.718514,1784366925.056323,1784366923.8874185,1.2,0.144533,0.248629,-0.003219,0.005087,1,acq,20480,20480,0,16,True,False,1,1200000,8381618,False,-2202298,2224148,0,0,0,0,1,1,1784366922.718514
410,105,2,formal,down,42,52,1,1.0758705238883213,1784366925.056541,1784366927.389568,1784366926.2230544,1.2,0.144674,0.248835,-0.003212,0.005072,1,acq,20480,20480,0,16,True,False,1,1200000,8381618,False,-2241085,2326535,0,0,0,0,1,1,1784366925.056541
411,105,3,formal,down,42,52,1,1.0758705238883213,1784366927.389826,1784366929.7266738,1784366928.55825,1.2,0.144804,0.249042,-0.003233,0.005112,1,acq,20480,20480,0,16,True,False,1,1200000,8381618,False,-2131500,2233294,0,0,0,0,1,1,1784366927.389826
412,105,4,formal,down,42,52,1,1.0758705238883213,1784366929.727753,1784366932.05887,1784366930.8933115,1.2,0.144884,0.24927,-0.003222,0.005104,1,acq,20480,20480,0,16,True,False,1,1200000,8381618,False,-2167492,2292999,0,0,0,0,1,1,1784366929.727753
413,105,5,formal,down,42,52,1,1.0758705238883213,1784366932.059103,1784366934.401006,1784366933.2300544,1.2,0.144969,0.249398,-0.003225,0.00508,1,acq,20480,20480,0,16,True,False,1,1200000,8381618,False,-2159531,2223216,0,0,0,0,1,1,1784366932.059103
414,105,6,formal,down,42,52,1,1.0758705238883213,1784366934.401255,1784366936.7314408,1784366935.5663478,1.2,0.145039,0.249538,-0.003231,0.005082,1,acq,20480,20480,0,16,True,False,1,1200000,8381618,False,-2215679,2353042,0,0,0,0,1,1,1784366934.401255
415,105,7,formal,down,42,52,1,1.0758705238883213,1784366936.732548,1784366939.064522,1784366937.898535,1.2,0.145213,0.249765,-0.003189,0.005113,1,acq,20480,20480,0,16,True,False,1,1200000,8381618,False,-2144880,2270048,0,0,0,0,1,1,1784366936.732548
416,106,0,formal,down,38,53,0,0.5536566190839256,1784366954.694916,1784366957.0479329,1784366955.8714244,1.2,0.219635,0.376623,-0.002698,0.004113,1,acq,20480,20480,0,16,True,False,1,1200000,8381618,False,-3176289,3245818,0,0,0,0,1,1,1784366954.694916
417,106,1,formal,down,38,53,0,0.5536566190839256,1784366957.049035,1784366959.385003,1784366958.217019,1.2,0.220159,0.377489,-0.002667,0.004066,1,acq,20480,20480,0,16,True,False,1,1200000,8381618,False,-3214145,3250645,0,0,0,0,1,1,1784366957.049035
418,106,2,formal,down,38,53,0,0.5536566190839256,1784366959.385342,1784366961.712287,1784366960.5488143,1.2,0.220287,0.377791,-0.002655,0.004069,1,acq,20480,20480,0,16,True,False,1,1200000,8381618,False,-3188654,3315939,0,0,0,0,1,1,1784366959.385342
419,106,3,formal,down,38,53,0,0.5536566190839256,1784366961.712519,1784366964.038178,1784366962.8753486,1.2,0.220446,0.378228,-0.002648,0.004163,1,acq,20480,20480,0,16,True,False,1,1200000,8381618,False,-3142076,3205168,0,0,0,0,1,1,1784366961.712519
420,106,4,formal,down,38,53,0,0.5536566190839256,1784366964.0384388,1784366966.380596,1784366965.2095175,1.2,0.220631,0.378451,-0.002655,0.004089,1,acq,20480,20480,0,16,True,False,1,1200000,8381618,False,-3173241,3255557,0,0,0,0,1,1,1784366964.0384388
421,106,5,formal,down,38,53,0,0.5536566190839256,1784366966.380876,1784366968.7151911,1784366967.5480337,1.2,0.220698,0.378761,-0.002665,0.004065,1,acq,20480,20480,0,16,True,False,1,1200000,8381618,False,-3156981,3274866,0,0,0,0,1,1,1784366966.380876
422,106,6,formal,down,38,53,0,0.5536566190839256,1784366968.7162812,1784366971.0552242,1784366969.8857527,1.2,0.220606,0.378565,-0.002627,0.004106,1,acq,20480,20480,0,16,True,False,1,1200000,8381618,False,-3246072,3289008,0,0,0,0,1,1,1784366968.7162812
423,106,7,formal,down,38,53,0,0.5536566190839256,1784366971.055468,1784366973.3804228,1784366972.2179456,1.2,0.220805,0.379112,-0.002656,0.004099,1,acq,20480,20480,0,16,True,False,1,1200000,8381618,False,-3223714,3210249,0,0,0,0,1,1,1784366971.055468
424,107,0,formal,up,38,53,1,0.5536566190839256,1784366986.122475,1784366988.451767,1784366987.2871208,1.2,0.221644,0.380538,-0.002708,0.004101,1,acq,20480,20480,0,16,True,False,1,1200000,8381618,False,-3314753,3298070,0,0,0,0,1,1,1784366986.122475
425,107,1,formal,up,38,53,1,0.5536566190839256,1784366988.4528818,1784366990.7851489,1784366989.6190152,1.2,0.221862,0.380922,-0.002688,0.004097,1,acq,20480,20480,0,16,True,False,1,1200000,8381618,False,-3165788,3240821,0,0,0,0,1,1,1784366988.4528818
426,107,2,formal,up,38,53,1,0.5536566190839256,1784366990.7853818,1784366993.100597,1784366991.9429893,1.2,0.221653,0.380726,-0.002658,0.004059,1,acq,20480,20480,0,16,True,False,1,1200000,8381618,False,-3232014,3298578,0,0,0,0,1,1,1784366990.7853818
427,107,3,formal,up,38,53,1,0.5536566190839256,1784366993.1008902,1784366995.427899,1784366994.2643945,1.2,0.22184,0.381102,-0.002697,0.004112,1,acq,20480,20480,0,16,True,False,1,1200000,8381618,False,-3193904,3311535,0,0,0,0,1,1,1784366993.1008902
428,107,4,formal,up,38,53,1,0.5536566190839256,1784366995.428158,1784366997.7684631,1784366996.5983105,1.2,0.221874,0.381167,-0.002716,0.004114,1,acq,20480,20480,0,16,True,False,1,1200000,8381618,False,-3303236,3312467,0,0,0,0,1,1,1784366995.428158
429,107,5,formal,up,38,53,1,0.5536566190839256,1784366997.76878,1784367000.118048,1784366998.943414,1.2,0.222031,0.381505,-0.002672,0.004087,1,acq,20480,20480,0,16,True,False,1,1200000,8381618,False,-3224222,3256488,0,0,0,0,1,1,1784366997.76878
430,107,6,formal,up,38,53,1,0.5536566190839256,1784367000.118287,1784367002.451877,1784367001.285082,1.2,0.222212,0.381662,-0.002656,0.004077,1,acq,20480,20480,0,16,True,False,1,1200000,8381618,False,-3192380,3267328,0,0,0,0,1,1,1784367000.118287
431,107,7,formal,up,38,53,1,0.5536566190839256,1784367002.452095,1784367004.783309,1784367003.617702,1.2,0.222152,0.38171,-0.002738,0.004062,1,acq,20480,20480,0,16,True,False,1,1200000,8381618,False,-3242176,3291380,0,0,0,0,1,1,1784367002.452095
