sequence_index,observation_sequence_index,bridge_step_index,from_bias,bias,delta_bias,t_start_unix,t_end_unix,t_mid_unix,dc_dmm,dac_response
0,0,0,0.0,-0.12965511293596924,-0.12965511293596924,1784278232.213212,1784278233.637728,1784278232.9254699,1.11153812,"[dac] CH_A set to -0.130 V (code=32343)
"
1,0,1,-0.12965511293596924,-0.25931022587193847,-0.12965511293596924,1784278233.638674,1784278235.087198,1784278234.362936,1.05121041,"[dac] CH_A set to -0.259 V (code=31918)
"
2,0,2,-0.25931022587193847,-0.38896533880790773,-0.12965511293596926,1784278235.087445,1784278236.516598,1784278235.8020215,1.05523226,"[dac] CH_A set to -0.389 V (code=31493)
"
3,0,3,-0.38896533880790773,-0.5186204517438769,-0.1296551129359692,1784278236.51681,1784278237.940396,1784278237.228603,0.941279908,"[dac] CH_A set to -0.519 V (code=31068)
"
4,0,4,-0.5186204517438769,-0.6482755646798462,-0.1296551129359692,1784278237.940618,1784278239.368191,1784278238.6544046,0.933236213,"[dac] CH_A set to -0.648 V (code=30643)
"
5,0,5,-0.6482755646798462,-0.7779306776158155,-0.12965511293596932,1784278239.368374,1784278240.8056488,1784278240.0870113,0.815262018,"[dac] CH_A set to -0.778 V (code=30219)
"
6,0,6,-0.7779306776158155,-0.9075857905517847,-0.1296551129359692,1784278240.805866,1784278242.2435598,1784278241.524713,0.808558939,"[dac] CH_A set to -0.908 V (code=29794)
"
7,0,7,-0.9075857905517847,-1.0372409034877539,-0.1296551129359692,1784278242.243806,1784278243.680715,1784278242.9622605,0.753593688,"[dac] CH_A set to -1.037 V (code=29369)
"
8,0,8,-1.0372409034877539,-1.1668960164237232,-0.12965511293596932,1784278243.6808891,1784278245.1231732,1784278244.4020312,0.64634442,"[dac] CH_A set to -1.167 V (code=28944)
"
9,0,9,-1.1668960164237232,-1.2965511293596923,-0.1296551129359691,1784278245.123347,1784278246.5740001,1784278245.8486736,0.655728731,"[dac] CH_A set to -1.297 V (code=28519)
"
10,0,10,-1.2965511293596923,-1.4262062422956616,-0.12965511293596932,1784278246.5742059,1784278248.018206,1784278247.296206,0.604785328,"[dac] CH_A set to -1.426 V (code=28094)
"
11,0,11,-1.4262062422956616,-1.555861355231631,-0.12965511293596932,1784278248.0183969,1784278249.454459,1784278248.7364278,0.49753606,"[dac] CH_A set to -1.556 V (code=27669)
"
12,0,12,-1.555861355231631,-1.6855164681676,-0.1296551129359691,1784278249.454659,1784278250.88733,1784278250.1709945,0.449273889,"[dac] CH_A set to -1.686 V (code=27245)
"
13,0,13,-1.6855164681676,-1.8151715811035694,-0.12965511293596932,1784278250.887567,1784278252.333757,1784278251.610662,0.401011718,"[dac] CH_A set to -1.815 V (code=26820)
"
14,0,14,-1.8151715811035694,-1.9448266940395385,-0.1296551129359691,1784278252.3339899,1784278253.766073,1784278253.0500314,0.376880633,"[dac] CH_A set to -1.945 V (code=26395)
"
15,0,15,-1.9448266940395385,-2.0744818069755078,-0.12965511293596932,1784278253.766264,1784278255.194607,1784278254.4804354,0.324596614,"[dac] CH_A set to -2.075 V (code=25970)
"
16,0,16,-2.0744818069755078,-2.204136919911477,-0.1296551129359691,1784278255.194788,1784278256.6131809,1784278255.9039845,0.266950132,"[dac] CH_A set to -2.204 V (code=25545)
"
17,0,17,-2.204136919911477,-2.3337920328474464,-0.12965511293596954,1784278256.613418,1784278258.050365,1784278257.3318915,0.262928285,"[dac] CH_A set to -2.334 V (code=25120)
"
18,0,18,-2.3337920328474464,-2.4634471457834155,-0.1296551129359691,1784278258.050598,1784278259.4743629,1784278258.7624803,0.195897492,"[dac] CH_A set to -2.463 V (code=24696)
"
19,0,19,-2.4634471457834155,-2.5931022587193846,-0.1296551129359691,1784278259.4746082,1784278260.90255,1784278260.188579,0.159700864,"[dac] CH_A set to -2.593 V (code=24271)
"
20,0,20,-2.5931022587193846,-2.722757371655354,-0.12965511293596954,1784278260.902761,1784278262.335316,1784278261.6190386,0.118141772,"[dac] CH_A set to -2.723 V (code=23846)
"
21,0,21,-2.722757371655354,-2.8524124845913232,-0.1296551129359691,1784278262.335527,1784278263.758646,1784278263.0470865,0.100713766,"[dac] CH_A set to -2.852 V (code=23421)
"
22,0,22,-2.8524124845913232,-2.9820675975272923,-0.1296551129359691,1784278263.758848,1784278265.182645,1784278264.4707465,0.0645171381,"[dac] CH_A set to -2.982 V (code=22996)
"
23,0,23,-2.9820675975272923,-3.111722710463262,-0.12965511293596954,1784278265.182959,1784278266.6157892,1784278265.899374,0.0604952905,"[dac] CH_A set to -3.112 V (code=22571)
"
24,0,24,-3.111722710463262,-3.241377823399231,-0.1296551129359691,1784278266.6159842,1784278268.0499158,1784278267.33295,0.0055303573,"[dac] CH_A set to -3.241 V (code=22146)
"
25,0,25,-3.241377823399231,-3.3710329363352,-0.1296551129359691,1784278268.050158,1784278269.498399,1784278268.7742786,0.0524515954,"[dac] CH_A set to -3.371 V (code=21722)
"
26,0,26,-3.3710329363352,-3.500688049271169,-0.1296551129359691,1784278269.4986382,1784278270.932985,1784278270.2158117,0.0537922112,"[dac] CH_A set to -3.501 V (code=21297)
"
27,0,27,-3.500688049271169,-3.6303431622071387,-0.12965511293596954,1784278270.9331908,1784278272.3673868,1784278271.6502888,-0.00921641712,"[dac] CH_A set to -3.630 V (code=20872)
"
28,0,28,-3.6303431622071387,-3.759998275143108,-0.1296551129359691,1784278272.367619,1784278273.792507,1784278273.0800629,-0.0159192223,"[dac] CH_A set to -3.760 V (code=20447)
"
29,0,29,-3.759998275143108,-3.889653388079077,-0.1296551129359691,1784278273.7927418,1784278275.229381,1784278274.5110614,-0.00117253927,"[dac] CH_A set to -3.890 V (code=20022)
"
30,0,30,-3.889653388079077,-4.019308501015046,-0.1296551129359691,1784278275.229629,1784278276.662723,1784278275.946176,0.0363642051,"[dac] CH_A set to -4.019 V (code=19597)
"
31,0,31,-4.019308501015046,-4.1489636139510155,-0.12965511293596954,1784278276.6629078,1784278278.094932,1784278277.37892,0.0524515954,"[dac] CH_A set to -4.149 V (code=19172)
"
32,0,32,-4.1489636139510155,-4.278618726886985,-0.12965511293596954,1784278278.0951512,1784278279.544986,1784278278.8200686,0.0484297478,"[dac] CH_A set to -4.279 V (code=18748)
"
33,0,33,-4.278618726886985,-4.408273839822954,-0.12965511293596865,1784278279.545347,1784278280.971841,1784278280.258594,0.0913294552,"[dac] CH_A set to -4.408 V (code=18323)
"
34,0,34,-4.408273839822954,-4.537928952758923,-0.12965511293596954,1784278280.9720478,1784278282.406487,1784278281.6892674,0.0926700711,"[dac] CH_A set to -4.538 V (code=17898)
"
35,1,0,-4.407375476557824,-4.342098738457275,0.06527673810054946,1784278292.595951,1784278294.024319,1784278293.310135,0.0926700711,"[dac] CH_A set to -4.342 V (code=18540)
"
36,1,1,-4.342098738457275,-4.276822000356725,0.06527673810054946,1784278294.024533,1784278295.46273,1784278294.7436314,0.0618359064,"[dac] CH_A set to -4.277 V (code=18753)
"
37,2,0,-4.407375476557824,-4.276822000356725,0.13055347620109892,1784278305.706303,1784278307.143234,1784278306.4247684,0.0591546747,"[dac] CH_A set to -4.277 V (code=18753)
"
38,2,1,-4.276822000356725,-4.1462685241556265,0.13055347620109892,1784278307.143453,1784278308.572721,1784278307.858087,0.0645171381,"[dac] CH_A set to -4.146 V (code=19181)
"
39,2,2,-4.1462685241556265,-4.0157150479545285,0.13055347620109803,1784278308.5729122,1784278310.006059,1784278309.2894855,0.0149147597,"[dac] CH_A set to -4.016 V (code=19609)
"
40,2,3,-4.0157150479545285,-3.8851615717534296,0.13055347620109892,1784278310.00628,1784278311.4561028,1784278310.7311914,0.0122331197,"[dac] CH_A set to -3.885 V (code=20037)
"
41,2,4,-3.8851615717534296,-3.7546080955523307,0.13055347620109892,1784278311.4563231,1784278312.899999,1784278312.1781611,-0.0159192709,"[dac] CH_A set to -3.755 V (code=20465)
"
42,2,5,-3.7546080955523307,-3.624054619351232,0.13055347620109847,1784278312.900222,1784278314.337617,1784278313.6189194,0.00955188798,"[dac] CH_A set to -3.624 V (code=20892)
"
43,2,6,-3.624054619351232,-3.4935011431501337,0.13055347620109847,1784278314.337833,1784278315.772783,1784278315.0553079,0.0229580465,"[dac] CH_A set to -3.493 V (code=21320)
"
44,2,7,-3.4935011431501337,-3.362947666949035,0.13055347620109892,1784278315.772993,1784278317.222822,1784278316.4979076,0.00418969577,"[dac] CH_A set to -3.363 V (code=21748)
"
45,2,8,-3.362947666949035,-3.232394190747936,0.13055347620109892,1784278317.223031,1784278318.67195,1784278317.9474907,0.00821127212,"[dac] CH_A set to -3.232 V (code=22176)
"
46,2,9,-3.232394190747936,-3.1018407145468374,0.13055347620109847,1784278318.6721349,1784278320.1211789,1784278319.396657,0.0229580465,"[dac] CH_A set to -3.102 V (code=22604)
"
47,2,10,-3.1018407145468374,-2.971287238345739,0.13055347620109847,1784278320.1213949,1784278321.5478442,1784278320.8346195,0.0859669918,"[dac] CH_A set to -2.971 V (code=23031)
"
48,2,11,-2.971287238345739,-2.84073376214464,0.13055347620109892,1784278321.54812,1784278322.986488,1784278322.267304,0.0940106869,"[dac] CH_A set to -2.841 V (code=23459)
"
49,2,12,-2.84073376214464,-2.710180285943541,0.13055347620109892,1784278322.9867148,1784278324.412566,1784278323.6996403,0.100713766,"[dac] CH_A set to -2.710 V (code=23887)
"
50,2,13,-2.710180285943541,-2.5796268097424426,0.13055347620109847,1784278324.412781,1784278325.839471,1784278325.126126,0.12216362,"[dac] CH_A set to -2.580 V (code=24315)
"
51,2,14,-2.5796268097424426,-2.449073333541344,0.13055347620109847,1784278325.83968,1784278327.26822,1784278326.5539498,0.152997785,"[dac] CH_A set to -2.449 V (code=24742)
"
52,2,15,-2.449073333541344,-2.3185198573402452,0.13055347620109892,1784278327.268437,1784278328.7022588,1784278327.9853477,0.214666114,"[dac] CH_A set to -2.319 V (code=25170)
"
53,2,16,-2.3185198573402452,-2.1879663811391463,0.13055347620109892,1784278328.7024739,1784278330.124813,1784278329.4136434,0.226731657,"[dac] CH_A set to -2.188 V (code=25598)
"
54,2,17,-2.1879663811391463,-2.057412904938048,0.13055347620109847,1784278330.125047,1784278331.547905,1784278330.8364758,0.274993828,"[dac] CH_A set to -2.057 V (code=26026)
"
55,2,18,-2.057412904938048,-1.9268594287369494,0.13055347620109847,1784278331.548137,1784278332.986531,1784278332.267334,0.296443681,"[dac] CH_A set to -1.927 V (code=26454)
"
56,2,19,-1.9268594287369494,-1.7963059525358505,0.13055347620109892,1784278332.986772,1784278334.4177668,1784278333.7022696,0.3487277,"[dac] CH_A set to -1.796 V (code=26881)
"
57,2,20,-1.7963059525358505,-1.6657524763347515,0.13055347620109892,1784278334.4179788,1784278335.861544,1784278335.1397614,0.441230194,"[dac] CH_A set to -1.666 V (code=27309)
"
58,2,21,-1.6657524763347515,-1.535199000133653,0.13055347620109847,1784278335.8617668,1784278337.299754,1784278336.5807605,0.482789285,"[dac] CH_A set to -1.535 V (code=27737)
"
59,2,22,-1.535199000133653,-1.4046455239325546,0.13055347620109847,1784278337.2999601,1784278338.7342982,1784278338.0171292,0.551160694,"[dac] CH_A set to -1.405 V (code=28165)
"
60,2,23,-1.4046455239325546,-1.2740920477314557,0.13055347620109892,1784278338.734517,1784278340.164932,1784278339.4497247,0.576632395,"[dac] CH_A set to -1.274 V (code=28593)
"
61,2,24,-1.2740920477314557,-1.1435385715303568,0.13055347620109892,1784278340.165205,1784278341.603071,1784278340.884138,0.634278877,"[dac] CH_A set to -1.143 V (code=29021)
"
62,2,25,-1.1435385715303568,-1.0129850953292583,0.13055347620109847,1784278341.603298,1784278343.044765,1784278342.3240314,0.720078292,"[dac] CH_A set to -1.013 V (code=29448)
"
63,2,26,-1.0129850953292583,-0.8824316191281598,0.13055347620109847,1784278343.045006,1784278344.488254,1784278343.7666302,0.730803219,"[dac] CH_A set to -0.882 V (code=29876)
"
64,2,27,-0.8824316191281598,-0.7518781429270609,0.13055347620109892,1784278344.488461,1784278345.942592,1784278345.2155266,0.820624481,"[dac] CH_A set to -0.752 V (code=30304)
"
65,2,28,-0.7518781429270609,-0.621324666725962,0.13055347620109892,1784278345.942819,1784278347.383562,1784278346.6631906,0.851458646,"[dac] CH_A set to -0.621 V (code=30732)
"
66,2,29,-0.621324666725962,-0.4907711905248635,0.13055347620109847,1784278347.383764,1784278348.8165288,1784278348.1001463,0.914467591,"[dac] CH_A set to -0.491 V (code=31159)
"
67,2,30,-0.4907711905248635,-0.36021771432376504,0.13055347620109847,1784278348.816725,1784278350.266421,1784278349.541573,0.965410994,"[dac] CH_A set to -0.360 V (code=31587)
"
68,2,31,-0.36021771432376504,-0.22966423812266612,0.13055347620109892,1784278350.266667,1784278351.697973,1784278350.9823198,1.0083107,"[dac] CH_A set to -0.230 V (code=32015)
"
69,2,32,-0.22966423812266612,-0.0991107619215672,0.13055347620109892,1784278351.698207,1784278353.153217,1784278352.425712,1.06327595,"[dac] CH_A set to -0.099 V (code=32443)
"
70,2,33,-0.0991107619215672,0.031442714279531714,0.13055347620109892,1784278353.153449,1784278354.5717099,1784278353.8625793,1.11555997,"[dac] CH_A set to +0.031 V (code=32870)
"
71,2,34,0.031442714279531714,0.16199619048062974,0.13055347620109803,1784278354.572054,1784278356.013346,1784278355.2926998,1.17856891,"[dac] CH_A set to +0.162 V (code=33298)
"
72,2,35,0.16199619048062974,0.29254966668172866,0.13055347620109892,1784278356.0135622,1784278357.4544058,1784278356.733984,1.22146862,"[dac] CH_A set to +0.292 V (code=33726)
"
73,2,36,0.29254966668172866,0.4231031428828276,0.13055347620109892,1784278357.454614,1784278358.892139,1784278358.1733766,1.27241202,"[dac] CH_A set to +0.423 V (code=34154)
"
74,2,37,0.4231031428828276,0.5536566190839256,0.13055347620109803,1784278358.892361,1784278360.333746,1784278359.6130533,1.30860865,"[dac] CH_A set to +0.554 V (code=34582)
"
75,2,38,0.5536566190839256,0.6842100952850245,0.13055347620109892,1784278360.333947,1784278361.780006,1784278361.0569763,1.34480528,"[dac] CH_A set to +0.684 V (code=35009)
"
76,2,39,0.6842100952850245,0.8147635714861234,0.13055347620109892,1784278361.780204,1784278363.2212842,1784278362.500744,1.38502376,"[dac] CH_A set to +0.815 V (code=35437)
"
77,2,40,0.8147635714861234,0.9453170476872224,0.13055347620109892,1784278363.221525,1784278364.6549,1784278363.9382124,1.40915484,"[dac] CH_A set to +0.945 V (code=35865)
"
78,2,41,0.9453170476872224,1.0758705238883213,0.13055347620109892,1784278364.655277,1784278366.098306,1784278365.3767915,1.41719854,"[dac] CH_A set to +1.076 V (code=36293)
"
79,2,42,1.0758705238883213,1.2064240000894193,0.13055347620109803,1784278366.0985081,1784278367.531549,1784278366.8150287,1.46412009,"[dac] CH_A set to +1.206 V (code=36721)
"
80,2,43,1.2064240000894193,1.3369774762905182,0.13055347620109892,1784278367.531761,1784278368.9736269,1784278368.252694,1.47484502,"[dac] CH_A set to +1.337 V (code=37149)
"
81,2,44,1.3369774762905182,1.4675309524916171,0.13055347620109892,1784278368.973866,1784278370.421356,1784278369.6976109,1.4735044,"[dac] CH_A set to +1.467 V (code=37576)
"
82,2,45,1.4675309524916171,1.5980844286927152,0.13055347620109803,1784278370.4215832,1784278371.858057,1784278371.13982,1.47752625,"[dac] CH_A set to +1.598 V (code=38004)
"
83,2,46,1.5980844286927152,1.728637904893814,0.13055347620109892,1784278371.8582761,1784278373.2950048,1784278372.5766406,1.51238226,"[dac] CH_A set to +1.729 V (code=38432)
"
84,2,47,1.728637904893814,1.859191381094913,0.13055347620109892,1784278373.295288,1784278374.729824,1784278374.012556,1.49629487,"[dac] CH_A set to +1.859 V (code=38860)
"
85,2,48,1.859191381094913,1.989744857296012,0.13055347620109892,1784278374.730098,1784278376.1700008,1784278375.4500494,1.49763549,"[dac] CH_A set to +1.990 V (code=39287)
"
86,2,49,1.989744857296012,2.120298333497111,0.13055347620109892,1784278376.170298,1784278377.607557,1784278376.8889275,1.48288871,"[dac] CH_A set to +2.120 V (code=39715)
"
87,2,50,2.120298333497111,2.250851809698209,0.13055347620109803,1784278377.607776,1784278379.047755,1784278378.3277655,1.46009824,"[dac] CH_A set to +2.251 V (code=40143)
"
88,2,51,2.250851809698209,2.3814052858993078,0.13055347620109892,1784278379.047956,1784278380.492668,1784278379.7703118,1.41585792,"[dac] CH_A set to +2.381 V (code=40571)
"
89,2,52,2.3814052858993078,2.5119587621004067,0.13055347620109892,1784278380.4928908,1784278381.917631,1784278381.2052608,1.39440807,"[dac] CH_A set to +2.512 V (code=40999)
"
90,2,53,2.5119587621004067,2.6425122383015047,0.13055347620109803,1784278381.9178612,1784278383.352337,1784278382.635099,1.40111115,"[dac] CH_A set to +2.642 V (code=41426)
"
91,2,54,2.6425122383015047,2.7730657145026036,0.13055347620109892,1784278383.352602,1784278384.789679,1784278384.0711405,1.35955206,"[dac] CH_A set to +2.773 V (code=41854)
"
92,2,55,2.7730657145026036,2.9036191907037026,0.13055347620109892,1784278384.789886,1784278386.233564,1784278385.511725,1.31933358,"[dac] CH_A set to +2.904 V (code=42282)
"
93,2,56,2.9036191907037026,3.0341726669048015,0.13055347620109892,1784278386.233752,1784278387.67177,1784278386.9527612,1.27777449,"[dac] CH_A set to +3.034 V (code=42710)
"
94,2,57,3.0341726669048015,3.1647261431059004,0.13055347620109892,1784278387.671991,1784278389.1221519,1784278388.3970714,1.22549047,"[dac] CH_A set to +3.165 V (code=43137)
"
95,2,58,3.1647261431059004,3.2952796193069984,0.13055347620109803,1784278389.1223629,1784278390.5547352,1784278389.8385491,1.17990953,"[dac] CH_A set to +3.295 V (code=43565)
"
96,2,59,3.2952796193069984,3.4258330955080973,0.13055347620109892,1784278390.554943,1784278391.9897149,1784278391.2723289,1.15980029,"[dac] CH_A set to +3.426 V (code=43993)
"
97,2,60,3.4258330955080973,3.5563865717091963,0.13055347620109892,1784278391.989921,1784278393.4383218,1784278392.7141213,1.13700982,"[dac] CH_A set to +3.556 V (code=44421)
"
98,2,61,3.5563865717091963,3.6869400479102943,0.13055347620109803,1784278393.438543,1784278394.8798568,1784278394.1592,1.0847258,"[dac] CH_A set to +3.687 V (code=44849)
"
99,2,62,3.6869400479102943,3.817493524111393,0.13055347620109892,1784278394.8800719,1784278396.3134668,1784278395.5967693,1.00026701,"[dac] CH_A set to +3.818 V (code=45276)
"
100,2,63,3.817493524111393,3.948047000312492,0.13055347620109892,1784278396.3136482,1784278397.740052,1784278397.0268502,0.918489439,"[dac] CH_A set to +3.948 V (code=45704)
"
101,2,64,3.948047000312492,4.078600476513591,0.13055347620109892,1784278397.740294,1784278399.192721,1784278398.4665074,0.901061433,"[dac] CH_A set to +4.079 V (code=46132)
"
102,2,65,4.078600476513591,4.20915395271469,0.13055347620109892,1784278399.192929,1784278400.621739,1784278399.9073339,0.839393103,"[dac] CH_A set to +4.209 V (code=46560)
"
103,2,66,4.20915395271469,4.339707428915789,0.13055347620109892,1784278400.6219468,1784278402.055201,1784278401.338574,0.752253073,"[dac] CH_A set to +4.340 V (code=46988)
"
104,2,67,4.339707428915789,4.470260905116888,0.13055347620109892,1784278402.055459,1784278403.488518,1784278402.7719884,0.703990902,"[dac] CH_A set to +4.470 V (code=47416)
"
105,2,68,4.470260905116888,4.600814381317985,0.13055347620109714,1784278403.488717,1784278404.932945,1784278404.2108312,0.663772426,"[dac] CH_A set to +4.601 V (code=47843)
"
106,2,69,4.600814381317985,4.731367857519084,0.13055347620109892,1784278404.9331682,1784278406.372271,1784278405.6527195,0.577973011,"[dac] CH_A set to +4.731 V (code=48271)
"
107,2,70,4.731367857519084,4.861921333720183,0.13055347620109892,1784278406.37257,1784278407.815091,1784278407.0938306,0.525688993,"[dac] CH_A set to +4.862 V (code=48699)
"
108,2,71,4.861921333720183,4.992474809921282,0.13055347620109892,1784278407.815278,1784278409.239727,1784278408.5275025,0.453295737,"[dac] CH_A set to +4.992 V (code=49127)
"
109,2,72,4.992474809921282,5.123028286122381,0.13055347620109892,1784278409.239969,1784278410.6897018,1784278409.9648354,0.418439724,"[dac] CH_A set to +5.123 V (code=49554)
"
110,2,73,5.123028286122381,5.2535817623234795,0.13055347620109892,1784278410.689905,1784278412.116844,1784278411.4033744,0.386264944,"[dac] CH_A set to +5.254 V (code=49982)
"
111,2,74,5.2535817623234795,5.384135238524578,0.13055347620109892,1784278412.117086,1784278413.5483809,1784278412.8327334,0.30984984,"[dac] CH_A set to +5.384 V (code=50410)
"
112,2,75,5.384135238524578,5.514688714725676,0.13055347620109714,1784278413.5486531,1784278414.977338,1784278414.2629957,0.27097198,"[dac] CH_A set to +5.515 V (code=50838)
"
113,2,76,5.514688714725676,5.6452421909267745,0.13055347620109892,1784278414.977522,1784278416.4220438,1784278415.6997828,0.21600673,"[dac] CH_A set to +5.645 V (code=51265)
"
114,2,77,5.6452421909267745,5.775795667127873,0.13055347620109892,1784278416.422383,1784278417.8730261,1784278417.1477046,0.179810102,"[dac] CH_A set to +5.776 V (code=51693)
"
115,2,78,5.775795667127873,5.906349143328972,0.13055347620109892,1784278417.873214,1784278419.324169,1784278418.5986915,0.179810102,"[dac] CH_A set to +5.906 V (code=52121)
"
116,2,79,5.906349143328972,6.036902619530071,0.13055347620109892,1784278419.324451,1784278420.764874,1784278420.0446625,0.126185468,"[dac] CH_A set to +6.037 V (code=52549)
"
117,2,80,6.036902619530071,6.16745609573117,0.13055347620109892,1784278420.765096,1784278422.192576,1784278421.478836,0.103394998,"[dac] CH_A set to +6.168 V (code=52977)
"
118,3,0,6.036902619530071,5.971625881429522,-0.06527673810054946,1784278432.4033012,1784278433.839653,1784278433.1214771,0.148975937,"[dac] CH_A set to +5.972 V (code=52335)
"
119,3,1,5.971625881429522,5.906349143328972,-0.06527673810054946,1784278433.839852,1784278435.273199,1784278434.5565257,0.135569778,"[dac] CH_A set to +5.906 V (code=52121)
"
120,4,0,6.036902619530071,5.906349143328972,-0.13055347620109892,1784278445.560058,1784278447.004528,1784278446.282293,0.12216362,"[dac] CH_A set to +5.906 V (code=52121)
"
121,4,1,5.906349143328972,5.775795667127873,-0.13055347620109892,1784278447.0047219,1784278448.429237,1784278447.7169795,0.132888547,"[dac] CH_A set to +5.776 V (code=51693)
"
122,4,2,5.775795667127873,5.645242190926775,-0.13055347620109803,1784278448.429523,1784278449.8776152,1784278449.1535692,0.205281803,"[dac] CH_A set to +5.645 V (code=51265)
"
123,4,3,5.645242190926775,5.5146887147256765,-0.13055347620109892,1784278449.877915,1784278451.301635,1784278450.589775,0.242819047,"[dac] CH_A set to +5.515 V (code=50838)
"
124,4,4,5.5146887147256765,5.3841352385245775,-0.13055347620109892,1784278451.3018281,1784278452.7280908,1784278452.0149593,0.277675059,"[dac] CH_A set to +5.384 V (code=50410)
"
125,4,5,5.3841352385245775,5.2535817623234795,-0.13055347620109803,1784278452.728302,1784278454.176623,1784278453.4524627,0.317893535,"[dac] CH_A set to +5.254 V (code=49982)
"
126,4,6,5.2535817623234795,5.123028286122381,-0.13055347620109892,1784278454.1768599,1784278455.612173,1784278454.8945165,0.372858785,"[dac] CH_A set to +5.123 V (code=49554)
"
127,4,7,5.123028286122381,4.992474809921282,-0.13055347620109892,1784278455.612371,1784278457.053588,1784278456.3329794,0.40369295,"[dac] CH_A set to +4.992 V (code=49127)
"
128,4,8,4.992474809921282,4.861921333720183,-0.13055347620109892,1784278457.053799,1784278458.494121,1784278457.77396,0.447933273,"[dac] CH_A set to +4.862 V (code=48699)
"
129,4,9,4.861921333720183,4.731367857519084,-0.13055347620109892,1784278458.494379,1784278459.936042,1784278459.2152104,0.521667145,"[dac] CH_A set to +4.731 V (code=48271)
"
130,4,10,4.731367857519084,4.600814381317986,-0.13055347620109803,1784278459.9362528,1784278461.361186,1784278460.6487193,0.573951164,"[dac] CH_A set to +4.601 V (code=47843)
"
131,4,11,4.600814381317986,4.470260905116887,-0.13055347620109892,1784278461.361398,1784278462.7959108,1784278462.0786543,0.612829023,"[dac] CH_A set to +4.470 V (code=47416)
"
132,4,12,4.470260905116887,4.339707428915788,-0.13055347620109892,1784278462.796085,1784278464.217961,1784278463.5070229,0.666453658,"[dac] CH_A set to +4.340 V (code=46988)
"
133,4,13,4.339707428915788,4.20915395271469,-0.13055347620109803,1784278464.218188,1784278465.655948,1784278464.937068,0.738846914,"[dac] CH_A set to +4.209 V (code=46560)
"
134,4,14,4.20915395271469,4.078600476513591,-0.13055347620109892,1784278465.6561458,1784278467.089977,1784278466.3730614,0.791130932,"[dac] CH_A set to +4.079 V (code=46132)
"
135,4,15,4.078600476513591,3.948047000312492,-0.13055347620109892,1784278467.0901911,1784278468.528339,1784278467.8092651,0.851458646,"[dac] CH_A set to +3.948 V (code=45704)
"
136,4,16,3.948047000312492,3.817493524111393,-0.13055347620109892,1784278468.528537,1784278469.975868,1784278469.2522025,0.949323603,"[dac] CH_A set to +3.818 V (code=45276)
"
137,4,17,3.817493524111393,3.6869400479102947,-0.13055347620109847,1784278469.976106,1784278471.4021819,1784278470.689144,0.984179616,"[dac] CH_A set to +3.687 V (code=44849)
"
138,4,18,3.6869400479102947,3.5563865717091963,-0.13055347620109847,1784278471.402482,1784278472.839515,1784278472.1209984,1.0337824,"[dac] CH_A set to +3.556 V (code=44421)
"
139,4,19,3.5563865717091963,3.4258330955080973,-0.13055347620109892,1784278472.8397272,1784278474.284671,1784278473.562199,1.08070396,"[dac] CH_A set to +3.426 V (code=43993)
"
140,4,20,3.4258330955080973,3.2952796193069984,-0.13055347620109892,1784278474.2849011,1784278475.72161,1784278475.0032556,1.11421935,"[dac] CH_A set to +3.295 V (code=43565)
"
141,4,21,3.2952796193069984,3.1647261431059,-0.13055347620109847,1784278475.721807,1784278477.157428,1784278476.4396176,1.13432859,"[dac] CH_A set to +3.165 V (code=43137)
"
142,4,22,3.1647261431059,3.0341726669048015,-0.13055347620109847,1784278477.157705,1784278478.6075552,1784278477.88263,1.18795323,"[dac] CH_A set to +3.034 V (code=42710)
"
143,4,23,3.0341726669048015,2.9036191907037026,-0.13055347620109892,1784278478.607768,1784278480.0453959,1784278479.326582,1.26704956,"[dac] CH_A set to +2.904 V (code=42282)
"
144,4,24,2.9036191907037026,2.7730657145026036,-0.13055347620109892,1784278480.045608,1784278481.486797,1784278480.7662024,1.30324619,"[dac] CH_A set to +2.773 V (code=41854)
"
145,4,25,2.7730657145026036,2.642512238301505,-0.13055347620109847,1784278481.487044,1784278482.924139,1784278482.2055917,1.33005851,"[dac] CH_A set to +2.642 V (code=41426)
"
146,4,26,2.642512238301505,2.5119587621004067,-0.13055347620109847,1784278482.924345,1784278484.370643,1784278483.6474938,1.36089267,"[dac] CH_A set to +2.512 V (code=40999)
"
147,4,27,2.5119587621004067,2.3814052858993078,-0.13055347620109892,1784278484.370888,1784278485.81554,1784278485.093214,1.41049546,"[dac] CH_A set to +2.381 V (code=40571)
"
148,4,28,2.3814052858993078,2.250851809698209,-0.13055347620109892,1784278485.815827,1784278487.248744,1784278486.5322855,1.43596716,"[dac] CH_A set to +2.251 V (code=40143)
"
149,4,29,2.250851809698209,2.1202983334971104,-0.13055347620109847,1784278487.24897,1784278488.696919,1784278487.9729445,1.45875763,"[dac] CH_A set to +2.120 V (code=39715)
"
150,4,30,2.1202983334971104,1.989744857296012,-0.13055347620109847,1784278488.697118,1784278490.14594,1784278489.421529,1.4735044,"[dac] CH_A set to +1.990 V (code=39287)
"
151,4,31,1.989744857296012,1.859191381094913,-0.13055347620109892,1784278490.146142,1784278491.582572,1784278490.864357,1.50433857,"[dac] CH_A set to +1.859 V (code=38860)
"
152,4,32,1.859191381094913,1.728637904893814,-0.13055347620109892,1784278491.582787,1784278493.0136771,1784278492.298232,1.46412009,"[dac] CH_A set to +1.729 V (code=38432)
"
153,4,33,1.728637904893814,1.5980844286927152,-0.13055347620109892,1784278493.013834,1784278494.4695911,1784278493.7417126,1.50031672,"[dac] CH_A set to +1.598 V (code=38004)
"
154,4,34,1.5980844286927152,1.4675309524916171,-0.13055347620109803,1784278494.469842,1784278495.891395,1784278495.1806185,1.49763549,"[dac] CH_A set to +1.467 V (code=37576)
"
155,4,35,1.4675309524916171,1.3369774762905182,-0.13055347620109892,1784278495.891597,1784278497.322061,1784278496.6068292,1.48288871,"[dac] CH_A set to +1.337 V (code=37149)
"
156,4,36,1.3369774762905182,1.2064240000894193,-0.13055347620109892,1784278497.322403,1784278498.755311,1784278498.038857,1.4815481,"[dac] CH_A set to +1.206 V (code=36721)
"
157,4,37,1.2064240000894193,1.0758705238883213,-0.13055347620109803,1784278498.755585,1784278500.191724,1784278499.4736545,1.46680132,"[dac] CH_A set to +1.076 V (code=36293)
"
158,4,38,1.0758705238883213,0.9453170476872224,-0.13055347620109892,1784278500.1919749,1784278501.641254,1784278500.9166145,1.42524223,"[dac] CH_A set to +0.945 V (code=35865)
"
159,4,39,0.9453170476872224,0.8147635714861234,-0.13055347620109892,1784278501.6415071,1784278503.090662,1784278502.3660846,1.43998901,"[dac] CH_A set to +0.815 V (code=35437)
"
160,4,40,0.8147635714861234,0.6842100952850245,-0.13055347620109892,1784278503.090963,1784278504.5291579,1784278503.8100605,1.41853915,"[dac] CH_A set to +0.684 V (code=35009)
"
161,4,41,0.6842100952850245,0.5536566190839256,-0.13055347620109892,1784278504.529452,1784278505.974584,1784278505.252018,1.40781423,"[dac] CH_A set to +0.554 V (code=34582)
"
162,4,42,0.5536566190839256,0.4231031428828276,-0.13055347620109803,1784278505.974795,1784278507.422306,1784278506.6985507,1.35687082,"[dac] CH_A set to +0.423 V (code=34154)
"
163,4,43,0.4231031428828276,0.29254966668172866,-0.13055347620109892,1784278507.422532,1784278508.862441,1784278508.1424866,1.29386188,"[dac] CH_A set to +0.292 V (code=33726)
"
164,4,44,0.29254966668172866,0.16199619048062974,-0.13055347620109892,1784278508.862632,1784278510.2857118,1784278509.574172,1.25632463,"[dac] CH_A set to +0.162 V (code=33298)
"
165,4,45,0.16199619048062974,0.031442714279531714,-0.13055347620109803,1784278510.285957,1784278511.7290611,1784278511.0075092,1.22146862,"[dac] CH_A set to +0.031 V (code=32870)
"
166,4,46,0.031442714279531714,-0.0991107619215672,-0.13055347620109892,1784278511.729271,1784278513.180466,1784278512.4548683,1.17320645,"[dac] CH_A set to -0.099 V (code=32443)
"
167,4,47,-0.0991107619215672,-0.22966423812266612,-0.13055347620109892,1784278513.180675,1784278514.6251378,1784278513.9029064,1.14237229,"[dac] CH_A set to -0.230 V (code=32015)
"
168,4,48,-0.22966423812266612,-0.36021771432376504,-0.13055347620109892,1784278514.625344,1784278516.0659661,1784278515.345655,1.0592541,"[dac] CH_A set to -0.360 V (code=31587)
"
169,4,49,-0.36021771432376504,-0.49077119052486395,-0.13055347620109892,1784278516.066187,1784278517.49578,1784278516.7809834,1.0418261,"[dac] CH_A set to -0.491 V (code=31159)
"
170,4,50,-0.49077119052486395,-0.621324666725962,-0.13055347620109803,1784278517.495975,1784278518.9440892,1784278518.2200322,0.945301756,"[dac] CH_A set to -0.621 V (code=30732)
"
171,4,51,-0.621324666725962,-0.7518781429270609,-0.13055347620109892,1784278518.944329,1784278520.378947,1784278519.661638,0.935917445,"[dac] CH_A set to -0.752 V (code=30304)
"
172,4,52,-0.7518781429270609,-0.8824316191281598,-0.13055347620109892,1784278520.379145,1784278521.830442,1784278521.1047935,0.860842957,"[dac] CH_A set to -0.882 V (code=29876)
"
173,4,53,-0.8824316191281598,-1.0129850953292578,-0.13055347620109803,1784278521.8306549,1784278523.245954,1784278522.5383043,0.797834012,"[dac] CH_A set to -1.013 V (code=29448)
"
174,4,54,-1.0129850953292578,-1.1435385715303568,-0.13055347620109892,1784278523.2462468,1784278524.683022,1784278523.9646344,0.71739706,"[dac] CH_A set to -1.143 V (code=29021)
"
175,4,55,-1.1435385715303568,-1.2740920477314557,-0.13055347620109892,1784278524.68328,1784278526.120538,1784278525.4019089,0.669134889,"[dac] CH_A set to -1.274 V (code=28593)
"
176,4,56,-1.2740920477314557,-1.4046455239325546,-0.13055347620109892,1784278526.120759,1784278527.570546,1784278526.8456526,0.624894566,"[dac] CH_A set to -1.405 V (code=28165)
"
177,4,57,-1.4046455239325546,-1.5351990001336535,-0.13055347620109892,1784278527.570764,1784278529.005823,1784278528.2882934,0.525688993,"[dac] CH_A set to -1.535 V (code=27737)
"
178,4,58,-1.5351990001336535,-1.6657524763347515,-0.13055347620109803,1784278529.006057,1784278530.439183,1784278529.72262,0.468042511,"[dac] CH_A set to -1.666 V (code=27309)
"
179,4,59,-1.6657524763347515,-1.7963059525358505,-0.13055347620109892,1784278530.439358,1784278531.879374,1784278531.1593661,0.480108054,"[dac] CH_A set to -1.796 V (code=26881)
"
180,4,60,-1.7963059525358505,-1.9268594287369494,-0.13055347620109892,1784278531.8796039,1784278533.3216372,1784278532.6006205,0.443911426,"[dac] CH_A set to -1.927 V (code=26454)
"
181,4,61,-1.9268594287369494,-2.0574129049380474,-0.13055347620109803,1784278533.3218539,1784278534.7608151,1784278534.0413346,0.324596614,"[dac] CH_A set to -2.057 V (code=26026)
"
182,4,62,-2.0574129049380474,-2.1879663811391468,-0.13055347620109936,1784278534.7610502,1784278536.215704,1784278535.488377,0.329959078,"[dac] CH_A set to -2.188 V (code=25598)
"
183,5,0,-2.057412904938048,-1.9921361668374984,0.06527673810054946,1784278546.487998,1784278547.922223,1784278547.2051105,0.363474474,"[dac] CH_A set to -1.992 V (code=26240)
"
184,5,1,-1.9921361668374984,-1.926859428736949,0.06527673810054946,1784278547.92242,1784278549.355564,1784278548.638992,0.399671102,"[dac] CH_A set to -1.927 V (code=26454)
"
185,6,0,-2.057412904938048,-1.9268594287369492,0.1305534762010987,1784278559.6368792,1784278561.0727959,1784278560.3548374,0.399671102,"[dac] CH_A set to -1.927 V (code=26454)
"
186,6,1,-1.9268594287369492,-1.7963059525358505,0.1305534762010987,1784278561.073026,1784278562.508971,1784278561.7909985,0.426483419,"[dac] CH_A set to -1.796 V (code=26881)
"
187,6,2,-1.7963059525358505,-1.665752476334752,0.13055347620109847,1784278562.509206,1784278563.9324312,1784278563.2208185,0.512282834,"[dac] CH_A set to -1.666 V (code=27309)
"
188,6,3,-1.665752476334752,-1.535199000133653,0.13055347620109892,1784278563.9326239,1784278565.365706,1784278564.649165,0.55250131,"[dac] CH_A set to -1.535 V (code=27737)
"
189,6,4,-1.535199000133653,-1.4046455239325546,0.13055347620109847,1784278565.3659341,1784278566.802135,1784278566.0840344,0.60746656,"[dac] CH_A set to -1.405 V (code=28165)
"
190,6,5,-1.4046455239325546,-1.274092047731456,0.1305534762010987,1784278566.802374,1784278568.247251,1784278567.5248125,0.655728731,"[dac] CH_A set to -1.274 V (code=28593)
"
191,6,6,-1.274092047731456,-1.1435385715303572,0.1305534762010987,1784278568.247464,1784278569.699459,1784278568.9734616,0.729462603,"[dac] CH_A set to -1.143 V (code=29021)
"
192,6,7,-1.1435385715303572,-1.0129850953292585,0.1305534762010987,1784278569.6996632,1784278571.127496,1784278570.4135795,0.745549993,"[dac] CH_A set to -1.013 V (code=29448)
"
193,6,8,-1.0129850953292585,-0.8824316191281598,0.1305534762010987,1784278571.127756,1784278572.5632262,1784278571.8454912,0.77236231,"[dac] CH_A set to -0.882 V (code=29876)
"
194,6,9,-0.8824316191281598,-0.7518781429270611,0.1305534762010987,1784278572.563442,1784278573.987701,1784278573.2755713,0.901061433,"[dac] CH_A set to -0.752 V (code=30304)
"
195,6,10,-0.7518781429270611,-0.6213246667259624,0.1305534762010987,1784278573.987985,1784278575.420915,1784278574.70445,0.915808207,"[dac] CH_A set to -0.621 V (code=30732)
"
196,6,11,-0.6213246667259624,-0.49077119052486395,0.13055347620109847,1784278575.421153,1784278576.8555741,1784278576.1383636,0.950664219,"[dac] CH_A set to -0.491 V (code=31159)
"
197,6,12,-0.49077119052486395,-0.36021771432376526,0.1305534762010987,1784278576.855834,1784278578.3045602,1784278577.580197,1.04584795,"[dac] CH_A set to -0.360 V (code=31587)
"
198,6,13,-0.36021771432376526,-0.22966423812266656,0.1305534762010987,1784278578.304836,1784278579.735938,1784278579.0203872,1.09545073,"[dac] CH_A set to -0.230 V (code=32015)
"
199,6,14,-0.22966423812266656,-0.09911076192156787,0.1305534762010987,1784278579.736157,1784278581.191941,1784278580.4640489,1.1262849,"[dac] CH_A set to -0.099 V (code=32443)
"
200,6,15,-0.09911076192156787,0.031442714279530826,0.1305534762010987,1784278581.1921642,1784278582.6307561,1784278581.9114602,1.18795323,"[dac] CH_A set to +0.031 V (code=32870)
"
201,6,16,0.031442714279530826,0.1619961904806293,0.13055347620109847,1784278582.630943,1784278584.062509,1784278583.346726,1.22146862,"[dac] CH_A set to +0.162 V (code=33298)
"
202,6,17,0.1619961904806293,0.2925496666817282,0.13055347620109892,1784278584.062644,1784278585.4995048,1784278584.7810745,1.25230279,"[dac] CH_A set to +0.292 V (code=33726)
"
203,6,18,0.2925496666817282,0.4231031428828267,0.13055347620109847,1784278585.499709,1784278586.920946,1784278586.2103274,1.34480528,"[dac] CH_A set to +0.423 V (code=34154)
"
204,6,19,0.4231031428828267,0.5536566190839256,0.13055347620109892,1784278586.92116,1784278588.355968,1784278587.638564,1.3716176,"[dac] CH_A set to +0.554 V (code=34582)
"
205,6,20,0.5536566190839256,0.6842100952850241,0.13055347620109847,1784278588.356224,1784278589.80425,1784278589.080237,1.42524223,"[dac] CH_A set to +0.684 V (code=35009)
"
206,6,21,0.6842100952850241,0.814763571486123,0.13055347620109892,1784278589.804493,1784278591.2428212,1784278590.523657,1.46948256,"[dac] CH_A set to +0.815 V (code=35437)
"
207,6,22,0.814763571486123,0.9453170476872215,0.13055347620109847,1784278591.243049,1784278592.677975,1784278591.960512,1.43998901,"[dac] CH_A set to +0.945 V (code=35865)
"
208,6,23,0.9453170476872215,1.07587052388832,0.13055347620109847,1784278592.678189,1784278594.123067,1784278593.400628,1.44535147,"[dac] CH_A set to +1.076 V (code=36293)
"
209,6,24,1.07587052388832,1.2064240000894189,0.13055347620109892,1784278594.1232698,1784278595.5552828,1784278594.8392763,1.46412009,"[dac] CH_A set to +1.206 V (code=36721)
"
210,6,25,1.2064240000894189,1.3369774762905173,0.13055347620109847,1784278595.5555048,1784278596.995085,1784278596.2752948,1.52042596,"[dac] CH_A set to +1.337 V (code=37149)
"
211,6,26,1.3369774762905173,1.4675309524916162,0.13055347620109892,1784278596.995292,1784278598.435404,1784278597.715348,1.55930382,"[dac] CH_A set to +1.467 V (code=37576)
"
212,6,27,1.4675309524916162,1.5980844286927147,0.13055347620109847,1784278598.43567,1784278599.879332,1784278599.157501,1.53517273,"[dac] CH_A set to +1.598 V (code=38004)
"
213,6,28,1.5980844286927147,1.7286379048938136,0.13055347620109892,1784278599.87953,1784278601.3126311,1784278600.5960805,1.50836042,"[dac] CH_A set to +1.729 V (code=38432)
"
214,6,29,1.7286379048938136,1.859191381094912,0.13055347620109847,1784278601.31283,1784278602.7608519,1784278602.036841,1.53115089,"[dac] CH_A set to +1.859 V (code=38860)
"
215,6,30,1.859191381094912,1.9897448572960106,0.13055347620109847,1784278602.761079,1784278604.204154,1784278603.4826164,1.50836042,"[dac] CH_A set to +1.990 V (code=39287)
"
216,6,31,1.9897448572960106,2.1202983334971095,0.13055347620109892,1784278604.20436,1784278605.652624,1784278604.928492,1.47484502,"[dac] CH_A set to +2.120 V (code=39715)
"
217,6,32,2.1202983334971095,2.2508518096982084,0.13055347620109892,1784278605.652874,1784278607.087616,1784278606.370245,1.4560764,"[dac] CH_A set to +2.251 V (code=40143)
"
218,6,33,2.2508518096982084,2.3814052858993064,0.13055347620109803,1784278607.0878139,1784278608.5219278,1784278607.8048708,1.46412009,"[dac] CH_A set to +2.381 V (code=40571)
"
219,6,34,2.3814052858993064,2.5119587621004054,0.13055347620109892,1784278608.52212,1784278609.9566479,1784278609.239384,1.38100191,"[dac] CH_A set to +2.512 V (code=40999)
"
220,6,35,2.5119587621004054,2.6425122383015043,0.13055347620109892,1784278609.9568782,1784278611.399403,1784278610.6781406,1.40647361,"[dac] CH_A set to +2.642 V (code=41426)
"
221,6,36,2.6425122383015043,2.773065714502603,0.13055347620109892,1784278611.399613,1784278612.8421838,1784278612.1208982,1.37027698,"[dac] CH_A set to +2.773 V (code=41854)
"
222,6,37,2.773065714502603,2.9036191907037012,0.13055347620109803,1784278612.842421,1784278614.279168,1784278613.5607944,1.33542097,"[dac] CH_A set to +2.904 V (code=42282)
"
223,6,38,2.9036191907037012,3.0341726669048,0.13055347620109892,1784278614.279375,1784278615.722412,1784278615.0008936,1.27509326,"[dac] CH_A set to +3.034 V (code=42710)
"
224,6,39,3.0341726669048,3.164726143105899,0.13055347620109892,1784278615.722599,1784278617.170136,1784278616.4463675,1.24828094,"[dac] CH_A set to +3.165 V (code=43137)
"
225,6,40,3.164726143105899,3.295279619306997,0.13055347620109803,1784278617.170379,1784278618.609066,1784278617.8897223,1.18125015,"[dac] CH_A set to +3.295 V (code=43565)
"
226,6,41,3.295279619306997,3.425833095508096,0.13055347620109892,1784278618.609279,1784278620.0475352,1784278619.328407,1.11287874,"[dac] CH_A set to +3.426 V (code=43993)
"
227,6,42,3.425833095508096,3.556386571709195,0.13055347620109892,1784278620.047701,1784278621.5027058,1784278620.7752032,1.09545073,"[dac] CH_A set to +3.556 V (code=44421)
"
228,6,43,3.556386571709195,3.686940047910294,0.13055347620109892,1784278621.5029252,1784278622.953123,1784278622.228024,1.02037624,"[dac] CH_A set to +3.687 V (code=44849)
"
229,6,44,3.686940047910294,3.817493524111393,0.13055347620109936,1784278622.953378,1784278624.390783,1784278623.6720805,0.96004853,"[dac] CH_A set to +3.818 V (code=45276)
"
230,7,0,3.6869400479102943,3.621663309809745,-0.06527673810054946,1784278634.6679502,1784278636.110539,1784278635.3892446,1.00160762,"[dac] CH_A set to +3.622 V (code=44635)
"
231,7,1,3.621663309809745,3.5563865717091954,-0.06527673810054946,1784278636.1107898,1784278637.549896,1784278636.8303428,1.05121041,"[dac] CH_A set to +3.556 V (code=44421)
"
232,8,0,3.6869400479102943,3.8174935241113928,0.13055347620109847,1784278647.79714,1784278649.239072,1784278648.518106,0.952004835,"[dac] CH_A set to +3.818 V (code=45276)
"
233,8,1,3.8174935241113928,3.9480470003124917,0.13055347620109892,1784278649.239289,1784278650.6689112,1784278649.9541001,0.879611579,"[dac] CH_A set to +3.948 V (code=45704)
"
234,8,2,3.9480470003124917,4.07860047651359,0.13055347620109847,1784278650.669112,1784278652.0942771,1784278651.3816946,0.854139878,"[dac] CH_A set to +4.079 V (code=46132)
"
235,8,3,4.07860047651359,4.209153952714689,0.13055347620109892,1784278652.094474,1784278653.529052,1784278652.811763,0.745549993,"[dac] CH_A set to +4.209 V (code=46560)
"
236,8,4,4.209153952714689,4.339707428915788,0.13055347620109892,1784278653.529261,1784278654.9529312,1784278654.241096,0.71739706,"[dac] CH_A set to +4.340 V (code=46988)
"
237,8,5,4.339707428915788,4.470260905116886,0.13055347620109803,1784278654.95315,1784278656.3899782,1784278655.671564,0.647685036,"[dac] CH_A set to +4.470 V (code=47416)
"
238,8,6,4.470260905116886,4.600814381317985,0.13055347620109892,1784278656.3901818,1784278657.824529,1784278657.1073554,0.606125944,"[dac] CH_A set to +4.601 V (code=47843)
"
239,8,7,4.600814381317985,4.731367857519084,0.13055347620109892,1784278657.8247502,1784278659.270764,1784278658.5477571,0.565907468,"[dac] CH_A set to +4.731 V (code=48271)
"
240,8,8,4.731367857519084,4.861921333720183,0.13055347620109892,1784278659.270972,1784278660.7126231,1784278659.9917974,0.49753606,"[dac] CH_A set to +4.862 V (code=48699)
"
241,8,9,4.861921333720183,4.992474809921281,0.13055347620109803,1784278660.712833,1784278662.154397,1784278661.433615,0.43586773,"[dac] CH_A set to +4.992 V (code=49127)
"
242,8,10,4.992474809921281,5.12302828612238,0.13055347620109892,1784278662.154616,1784278663.6069918,1784278662.880804,0.366155706,"[dac] CH_A set to +5.123 V (code=49554)
"
243,8,11,5.12302828612238,5.253581762323478,0.13055347620109803,1784278663.607281,1784278665.044754,1784278664.3260174,0.299124913,"[dac] CH_A set to +5.254 V (code=49982)
"
244,8,12,5.253581762323478,5.384135238524577,0.13055347620109892,1784278665.0449762,1784278666.479407,1784278665.7621918,0.27097198,"[dac] CH_A set to +5.384 V (code=50410)
"
245,8,13,5.384135238524577,5.514688714725676,0.13055347620109892,1784278666.479619,1784278667.921354,1784278667.2004867,0.230753504,"[dac] CH_A set to +5.515 V (code=50838)
"
246,8,14,5.514688714725676,5.6452421909267745,0.13055347620109892,1784278667.921551,1784278669.349673,1784278668.635612,0.222709809,"[dac] CH_A set to +5.645 V (code=51265)
"
247,9,0,5.775795667127873,5.841072405228423,0.06527673810054946,1784278679.621349,1784278681.073142,1784278680.3472457,0.139591626,"[dac] CH_A set to +5.841 V (code=51907)
"
248,9,1,5.841072405228423,5.906349143328972,0.06527673810054946,1784278681.073355,1784278682.5015612,1784278681.787458,0.119482388,"[dac] CH_A set to +5.906 V (code=52121)
"
249,10,0,5.775795667127873,5.6452421909267745,-0.13055347620109892,1784278692.7384179,1784278694.1898959,1784278693.4641569,0.190535029,"[dac] CH_A set to +5.645 V (code=51265)
"
250,10,1,5.6452421909267745,5.5146887147256765,-0.13055347620109803,1784278694.190114,1784278695.62632,1784278694.908217,0.218687962,"[dac] CH_A set to +5.515 V (code=50838)
"
251,10,2,5.5146887147256765,5.3841352385245775,-0.13055347620109892,1784278695.626554,1784278697.057545,1784278696.3420496,0.283037523,"[dac] CH_A set to +5.384 V (code=50410)
"
252,10,3,5.3841352385245775,5.253581762323479,-0.13055347620109892,1784278697.05779,1784278698.495063,1784278697.7764266,0.279015675,"[dac] CH_A set to +5.254 V (code=49982)
"
253,10,4,5.253581762323479,5.12302828612238,-0.13055347620109892,1784278698.4953458,1784278699.921175,1784278699.2082605,0.331299694,"[dac] CH_A set to +5.123 V (code=49554)
"
254,10,5,5.12302828612238,4.992474809921282,-0.13055347620109803,1784278699.921417,1784278701.3713799,1784278700.6463985,0.40369295,"[dac] CH_A set to +4.992 V (code=49127)
"
255,10,6,4.992474809921282,4.861921333720183,-0.13055347620109892,1784278701.371604,1784278702.811797,1784278702.0917006,0.446592657,"[dac] CH_A set to +4.862 V (code=48699)
"
256,10,7,4.861921333720183,4.731367857519084,-0.13055347620109892,1784278702.811987,1784278704.24094,1784278703.5264635,0.496195444,"[dac] CH_A set to +4.731 V (code=48271)
"
257,10,8,4.731367857519084,4.600814381317985,-0.13055347620109892,1784278704.2411468,1784278705.670103,1784278704.955625,0.565907468,"[dac] CH_A set to +4.601 V (code=47843)
"
258,10,9,4.600814381317985,4.470260905116887,-0.13055347620109803,1784278705.67033,1784278707.088875,1784278706.3796024,0.596741633,"[dac] CH_A set to +4.470 V (code=47416)
"
259,10,10,4.470260905116887,4.339707428915788,-0.13055347620109892,1784278707.089099,1784278708.5298262,1784278707.8094625,0.663772426,"[dac] CH_A set to +4.340 V (code=46988)
"
260,10,11,4.339707428915788,4.20915395271469,-0.13055347620109803,1784278708.530009,1784278709.964622,1784278709.2473154,0.710693981,"[dac] CH_A set to +4.209 V (code=46560)
"
261,10,12,4.20915395271469,4.078600476513591,-0.13055347620109892,1784278709.964855,1784278711.40659,1784278710.6857224,0.762977999,"[dac] CH_A set to +4.079 V (code=46132)
"
262,10,13,4.078600476513591,3.948047000312492,-0.13055347620109892,1784278711.406804,1784278712.83673,1784278712.121767,0.842074335,"[dac] CH_A set to +3.948 V (code=45704)
"
263,10,14,3.948047000312492,3.817493524111393,-0.13055347620109892,1784278712.836928,1784278714.27181,1784278713.554369,0.875589731,"[dac] CH_A set to +3.818 V (code=45276)
"
264,10,15,3.817493524111393,3.6869400479102947,-0.13055347620109847,1784278714.2720141,1784278715.7256682,1784278714.9988413,0.94396114,"[dac] CH_A set to +3.687 V (code=44849)
"
265,10,16,3.6869400479102947,3.5563865717091963,-0.13055347620109847,1784278715.725866,1784278717.174495,1784278716.4501805,0.985520232,"[dac] CH_A set to +3.556 V (code=44421)
"
266,10,17,3.5563865717091963,3.4258330955080973,-0.13055347620109892,1784278717.174716,1784278718.60479,1784278717.8897529,1.03512302,"[dac] CH_A set to +3.426 V (code=43993)
"
267,10,18,3.4258330955080973,3.295279619306999,-0.13055347620109847,1784278718.604983,1784278720.040886,1784278719.3229346,1.13566921,"[dac] CH_A set to +3.295 V (code=43565)
"
268,10,19,3.295279619306999,3.1647261431059,-0.13055347620109892,1784278720.0411038,1784278721.481353,1784278720.7612286,1.15711906,"[dac] CH_A set to +3.165 V (code=43137)
"
269,10,20,3.1647261431059,3.0341726669048015,-0.13055347620109847,1784278721.481581,1784278722.921878,1784278722.2017295,1.19465631,"[dac] CH_A set to +3.034 V (code=42710)
"
270,10,21,3.0341726669048015,2.9036191907037026,-0.13055347620109892,1784278722.922098,1784278724.36537,1784278723.643734,1.21878739,"[dac] CH_A set to +2.904 V (code=42282)
"
271,10,22,2.9036191907037026,2.773065714502604,-0.13055347620109847,1784278724.365563,1784278725.813181,1784278725.089372,1.27107141,"[dac] CH_A set to +2.773 V (code=41854)
"
272,10,23,2.773065714502604,2.6425122383015056,-0.13055347620109847,1784278725.813472,1784278727.25656,1784278726.535016,1.37563945,"[dac] CH_A set to +2.642 V (code=41426)
"
273,10,24,2.6425122383015056,2.5119587621004067,-0.13055347620109892,1784278727.2568,1784278728.6878688,1784278727.9723344,1.37295821,"[dac] CH_A set to +2.512 V (code=40999)
"
274,10,25,2.5119587621004067,2.381405285899308,-0.13055347620109847,1784278728.688085,1784278730.138436,1784278729.4132605,1.38100191,"[dac] CH_A set to +2.381 V (code=40571)
"
275,10,26,2.381405285899308,2.2508518096982093,-0.13055347620109892,1784278730.138748,1784278731.570994,1784278730.8548708,1.45473578,"[dac] CH_A set to +2.251 V (code=40143)
"
276,10,27,2.2508518096982093,2.120298333497111,-0.13055347620109847,1784278731.5711832,1784278733.00352,1784278732.2873516,1.46814194,"[dac] CH_A set to +2.120 V (code=39715)
"
277,10,28,2.120298333497111,1.989744857296012,-0.13055347620109892,1784278733.003726,1784278734.444818,1784278733.724272,1.49093241,"[dac] CH_A set to +1.990 V (code=39287)
"
278,10,29,1.989744857296012,1.8591913810949134,-0.13055347620109847,1784278734.445081,1784278735.870356,1784278735.1577187,1.47082317,"[dac] CH_A set to +1.859 V (code=38860)
"
279,10,30,1.8591913810949134,1.728637904893815,-0.13055347620109847,1784278735.8705559,1784278737.3101451,1784278736.5903506,1.50433857,"[dac] CH_A set to +1.729 V (code=38432)
"
280,10,31,1.728637904893815,1.598084428692716,-0.13055347620109892,1784278737.310404,1784278738.74749,1784278738.0289469,1.48691056,"[dac] CH_A set to +1.598 V (code=38004)
"
281,10,32,1.598084428692716,1.4675309524916171,-0.13055347620109892,1784278738.7477188,1784278740.180249,1784278739.463984,1.53785396,"[dac] CH_A set to +1.467 V (code=37576)
"
282,10,33,1.4675309524916171,1.336977476290519,-0.13055347620109803,1784278740.1804512,1784278741.631657,1784278740.906054,1.50970103,"[dac] CH_A set to +1.337 V (code=37149)
"
283,10,34,1.336977476290519,1.2064240000894202,-0.13055347620109892,1784278741.631861,1784278743.06999,1784278742.3509254,1.48020748,"[dac] CH_A set to +1.206 V (code=36721)
"
284,10,35,1.2064240000894202,1.0758705238883213,-0.13055347620109892,1784278743.070177,1784278744.503674,1784278743.7869256,1.5070198,"[dac] CH_A set to +1.076 V (code=36293)
"
285,10,36,1.0758705238883213,0.9453170476872224,-0.13055347620109892,1784278744.503896,1784278745.9371,1784278745.220498,1.4815481,"[dac] CH_A set to +0.945 V (code=35865)
"
286,10,37,0.9453170476872224,0.8147635714861243,-0.13055347620109803,1784278745.937309,1784278747.356094,1784278746.6467013,1.43998901,"[dac] CH_A set to +0.815 V (code=35437)
"
287,10,38,0.8147635714861243,0.6842100952850254,-0.13055347620109892,1784278747.3563552,1784278748.7981708,1784278748.0772629,1.39172684,"[dac] CH_A set to +0.684 V (code=35009)
"
288,10,39,0.6842100952850254,0.5536566190839265,-0.13055347620109892,1784278748.7983842,1784278750.226191,1784278749.5122876,1.42390162,"[dac] CH_A set to +0.554 V (code=34582)
"
289,10,40,0.5536566190839265,0.42310314288282846,-0.13055347620109803,1784278750.226413,1784278751.651618,1784278750.9390154,1.36491452,"[dac] CH_A set to +0.423 V (code=34154)
"
290,10,41,0.42310314288282846,0.29254966668172955,-0.13055347620109892,1784278751.651842,1784278753.086818,1784278752.36933,1.3381022,"[dac] CH_A set to +0.292 V (code=33726)
"
291,10,42,0.29254966668172955,0.16199619048063063,-0.13055347620109892,1784278753.087086,1784278754.526828,1784278753.806957,1.28984003,"[dac] CH_A set to +0.162 V (code=33298)
"
292,10,43,0.16199619048063063,0.031442714279531714,-0.13055347620109892,1784278754.527054,1784278755.978555,1784278755.2528045,1.27643387,"[dac] CH_A set to +0.031 V (code=32870)
"
293,10,44,0.031442714279531714,-0.09911076192156631,-0.13055347620109803,1784278755.978745,1784278757.404893,1784278756.691819,1.20001877,"[dac] CH_A set to -0.099 V (code=32443)
"
294,10,45,-0.09911076192156631,-0.22966423812266523,-0.13055347620109892,1784278757.40508,1784278758.8559449,1784278758.1305125,1.1772283,"[dac] CH_A set to -0.230 V (code=32015)
"
295,10,46,-0.22966423812266523,-0.36021771432376415,-0.13055347620109892,1784278758.856155,1784278760.2996008,1784278759.577878,1.11019751,"[dac] CH_A set to -0.360 V (code=31587)
"
296,10,47,-0.36021771432376415,-0.4907711905248622,-0.13055347620109803,1784278760.299825,1784278761.7299252,1784278761.014875,1.04718856,"[dac] CH_A set to -0.491 V (code=31159)
"
297,10,48,-0.4907711905248622,-0.6213246667259611,-0.13055347620109892,1784278761.7301729,1784278763.171597,1784278762.4508848,0.982839,"[dac] CH_A set to -0.621 V (code=30732)
"
298,10,49,-0.6213246667259611,-0.75187814292706,-0.13055347620109892,1784278763.171828,1784278764.623957,1784278763.8978925,0.92787375,"[dac] CH_A set to -0.752 V (code=30304)
"
299,10,50,-0.75187814292706,-0.8824316191281589,-0.13055347620109892,1784278764.624187,1784278766.059468,1784278765.3418274,0.870227268,"[dac] CH_A set to -0.882 V (code=29876)
"
300,10,51,-0.8824316191281589,-1.012985095329257,-0.13055347620109803,1784278766.059684,1784278767.484138,1784278766.7719111,0.81124017,"[dac] CH_A set to -1.013 V (code=29448)
"
301,10,52,-1.012985095329257,-1.1435385715303559,-0.13055347620109892,1784278767.484312,1784278768.918078,1784278768.201195,0.75627492,"[dac] CH_A set to -1.143 V (code=29021)
"
302,10,53,-1.1435385715303559,-1.2740920477314548,-0.13055347620109892,1784278768.918335,1784278770.340671,1784278769.629503,0.70130967,"[dac] CH_A set to -1.274 V (code=28593)
"
303,10,54,-1.2740920477314548,-1.4046455239325537,-0.13055347620109892,1784278770.340891,1784278771.77499,1784278771.0579405,0.638300725,"[dac] CH_A set to -1.405 V (code=28165)
"
304,10,55,-1.4046455239325537,-1.5351990001336517,-0.13055347620109803,1784278771.7752278,1784278773.205338,1784278772.490283,0.583335475,"[dac] CH_A set to -1.535 V (code=27737)
"
305,10,56,-1.5351990001336517,-1.6657524763347507,-0.13055347620109892,1784278773.205545,1784278774.646932,1784278773.9262385,0.556523157,"[dac] CH_A set to -1.666 V (code=27309)
"
306,10,57,-1.6657524763347507,-1.7963059525358496,-0.13055347620109892,1784278774.6471522,1784278776.080917,1784278775.3640347,0.478767438,"[dac] CH_A set to -1.796 V (code=26881)
"
307,10,58,-1.7963059525358496,-1.9268594287369476,-0.13055347620109803,1784278776.0811598,1784278777.5281348,1784278776.8046474,0.399671102,"[dac] CH_A set to -1.927 V (code=26454)
"
308,10,59,-1.9268594287369476,-2.0574129049380465,-0.13055347620109892,1784278777.528343,1784278778.965048,1784278778.2466955,0.374199401,"[dac] CH_A set to -2.057 V (code=26026)
"
309,10,60,-2.0574129049380465,-2.1879663811391454,-0.13055347620109892,1784278778.965253,1784278780.411999,1784278779.688626,0.331299694,"[dac] CH_A set to -2.188 V (code=25598)
"
310,10,61,-2.1879663811391454,-2.3185198573402435,-0.13055347620109803,1784278780.412202,1784278781.834529,1784278781.1233654,0.274993828,"[dac] CH_A set to -2.319 V (code=25170)
"
311,10,62,-2.3185198573402435,-2.4490733335413424,-0.13055347620109892,1784278781.834761,1784278783.2705832,1784278782.552672,0.252203358,"[dac] CH_A set to -2.449 V (code=24742)
"
312,10,63,-2.4490733335413424,-2.5796268097424413,-0.13055347620109892,1784278783.270796,1784278784.711929,1784278783.9913626,0.202600571,"[dac] CH_A set to -2.580 V (code=24315)
"
313,10,64,-2.5796268097424413,-2.71018028594354,-0.13055347620109892,1784278784.712199,1784278786.146893,1784278785.4295459,0.132888547,"[dac] CH_A set to -2.710 V (code=23887)
"
314,10,65,-2.71018028594354,-2.840733762144639,-0.13055347620109892,1784278786.147087,1784278787.592065,1784278786.869576,0.120823004,"[dac] CH_A set to -2.841 V (code=23459)
"
315,10,66,-2.840733762144639,-2.971287238345738,-0.13055347620109892,1784278787.5922759,1784278789.036661,1784278788.3144684,0.0685389857,"[dac] CH_A set to -2.971 V (code=23031)
"
316,10,67,-2.971287238345738,-3.101840714546835,-0.13055347620109714,1784278789.036872,1784278790.4720142,1784278789.7544432,0.0846263759,"[dac] CH_A set to -3.102 V (code=22604)
"
317,10,68,-3.101840714546835,-3.232394190747934,-0.13055347620109892,1784278790.472234,1784278791.912106,1784278791.1921701,0.0524515954,"[dac] CH_A set to -3.232 V (code=22176)
"
318,10,69,-3.232394190747934,-3.362947666949033,-0.13055347620109892,1784278791.912315,1784278793.330728,1784278792.6215215,0.00687065626,"[dac] CH_A set to -3.363 V (code=21748)
"
319,10,70,-3.362947666949033,-3.493501143150132,-0.13055347620109892,1784278793.330931,1784278794.7518249,1784278794.041378,0.0457485161,"[dac] CH_A set to -3.493 V (code=21320)
"
320,10,71,-3.493501143150132,-3.624054619351231,-0.13055347620109892,1784278794.752054,1784278796.179998,1784278795.4660258,-0.0373683937,"[dac] CH_A set to -3.624 V (code=20892)
"
321,10,72,-3.624054619351231,-3.7546080955523298,-0.13055347620109892,1784278796.1802292,1784278797.629314,1784278796.9047716,-0.00251347487,"[dac] CH_A set to -3.755 V (code=20465)
"
322,10,73,-3.7546080955523298,-3.8851615717534287,-0.13055347620109892,1784278797.62955,1784278799.0635579,1784278798.3465538,0.00687065626,"[dac] CH_A set to -3.885 V (code=20037)
"
323,10,74,-3.8851615717534287,-4.015715047954528,-0.13055347620109892,1784278799.063769,1784278800.507349,1784278799.7855592,0.000167576982,"[dac] CH_A set to -4.016 V (code=19609)
"
324,11,0,-4.1462685241556265,-4.211545262256176,-0.06527673810054946,1784278810.774703,1784278812.220261,1784278811.497482,0.0216174307,"[dac] CH_A set to -4.212 V (code=18967)
"
325,11,1,-4.211545262256176,-4.276822000356725,-0.06527673810054946,1784278812.2204878,1784278813.65182,1784278812.936154,0.0524515954,"[dac] CH_A set to -4.277 V (code=18753)
"
326,12,0,-4.1462685241556265,-4.015715047954528,0.13055347620109892,1784278823.904746,1784278825.355902,1784278824.630324,0.0310017417,"[dac] CH_A set to -4.016 V (code=19609)
"
327,12,1,-4.015715047954528,-3.885161571753429,0.13055347620109847,1784278825.3561049,1784278826.78671,1784278826.0714073,0.0149143514,"[dac] CH_A set to -3.885 V (code=20037)
"
328,12,2,-3.885161571753429,-3.7546080955523307,0.13055347620109847,1784278826.786944,1784278828.219172,1784278827.503058,0.0122332082,"[dac] CH_A set to -3.755 V (code=20465)
"
329,12,3,-3.7546080955523307,-3.6240546193512317,0.13055347620109892,1784278828.21938,1784278829.6515079,1784278828.9354439,-0.0118975118,"[dac] CH_A set to -3.624 V (code=20892)
"
330,12,4,-3.6240546193512317,-3.493501143150133,0.13055347620109892,1784278829.651743,1784278831.075542,1784278830.3636425,0.0336829734,"[dac] CH_A set to -3.493 V (code=21320)
"
331,12,5,-3.493501143150133,-3.3629476669490344,0.13055347620109847,1784278831.075813,1784278832.4950678,1784278831.7854404,-0.00385413926,"[dac] CH_A set to -3.363 V (code=21748)
"
332,12,6,-3.3629476669490344,-3.232394190747936,0.13055347620109847,1784278832.495284,1784278833.92007,1784278833.207677,0.0323423575,"[dac] CH_A set to -3.232 V (code=22176)
"
333,12,7,-3.232394190747936,-3.101840714546837,0.13055347620109892,1784278833.920267,1784278835.3522618,1784278834.6362643,0.0511109795,"[dac] CH_A set to -3.102 V (code=22604)
"
334,12,8,-3.101840714546837,-2.971287238345738,0.13055347620109892,1784278835.3525069,1784278836.7953,1784278836.0739036,0.0819451442,"[dac] CH_A set to -2.971 V (code=23031)
"
335,12,9,-2.971287238345738,-2.8407337621446396,0.13055347620109847,1784278836.795587,1784278838.2387252,1784278837.5171561,0.0940106869,"[dac] CH_A set to -2.841 V (code=23459)
"
336,12,10,-2.8407337621446396,-2.710180285943541,0.13055347620109847,1784278838.238955,1784278839.67892,1784278838.9589376,0.115460541,"[dac] CH_A set to -2.710 V (code=23887)
"
337,12,11,-2.710180285943541,-2.579626809742442,0.13055347620109892,1784278839.6790988,1784278841.111011,1784278840.3950548,0.152997785,"[dac] CH_A set to -2.580 V (code=24315)
"
338,12,12,-2.579626809742442,-2.4490733335413433,0.13055347620109892,1784278841.111229,1784278842.5505762,1784278841.8309026,0.189194413,"[dac] CH_A set to -2.449 V (code=24742)
"
339,12,13,-2.4490733335413433,-2.318519857340245,0.13055347620109847,1784278842.5508459,1784278843.995722,1784278843.273284,0.203941187,"[dac] CH_A set to -2.319 V (code=25170)
"
340,12,14,-2.318519857340245,-2.1879663811391463,0.13055347620109847,1784278843.995944,1784278845.428705,1784278844.7123246,0.277675059,"[dac] CH_A set to -2.188 V (code=25598)
"
341,12,15,-2.1879663811391463,-2.0574129049380474,0.13055347620109892,1784278845.4289129,1784278846.8648078,1784278846.1468604,0.316552919,"[dac] CH_A set to -2.057 V (code=26026)
"
342,12,16,-2.0574129049380474,-1.9268594287369485,0.13055347620109892,1784278846.864991,1784278848.3072991,1784278847.586145,0.370177553,"[dac] CH_A set to -1.927 V (code=26454)
"
343,12,17,-1.9268594287369485,-1.79630595253585,0.13055347620109847,1784278848.3075469,1784278849.735991,1784278849.021769,0.406374182,"[dac] CH_A set to -1.796 V (code=26881)
"
344,12,18,-1.79630595253585,-1.6657524763347515,0.13055347620109847,1784278849.7361941,1784278851.167373,1784278850.4517837,0.437208346,"[dac] CH_A set to -1.666 V (code=27309)
"
345,12,19,-1.6657524763347515,-1.5351990001336526,0.13055347620109892,1784278851.167616,1784278852.595854,1784278851.8817348,0.523007761,"[dac] CH_A set to -1.535 V (code=27737)
"
346,12,20,-1.5351990001336526,-1.4046455239325537,0.13055347620109892,1784278852.5961118,1784278854.029835,1784278853.3129735,0.544457615,"[dac] CH_A set to -1.405 V (code=28165)
"
347,12,21,-1.4046455239325537,-1.2740920477314552,0.13055347620109847,1784278854.030049,1784278855.4621131,1784278854.746081,0.64634442,"[dac] CH_A set to -1.274 V (code=28593)
"
348,12,22,-1.2740920477314552,-1.1435385715303568,0.13055347620109847,1784278855.462313,1784278856.9068742,1784278856.1845937,0.703990902,"[dac] CH_A set to -1.143 V (code=29021)
"
349,12,23,-1.1435385715303568,-1.0129850953292578,0.13055347620109892,1784278856.9070961,1784278858.34428,1784278857.625688,0.748231225,"[dac] CH_A set to -1.013 V (code=29448)
"
350,12,24,-1.0129850953292578,-0.8824316191281589,0.13055347620109892,1784278858.34448,1784278859.784745,1784278859.0646124,0.815262018,"[dac] CH_A set to -0.882 V (code=29876)
"
351,12,25,-0.8824316191281589,-0.7518781429270605,0.13055347620109847,1784278859.784953,1784278861.202982,1784278860.4939675,0.82732756,"[dac] CH_A set to -0.752 V (code=30304)
"
352,12,26,-0.7518781429270605,-0.621324666725962,0.13055347620109847,1784278861.2031949,1784278862.628852,1784278861.9160233,0.914467591,"[dac] CH_A set to -0.621 V (code=30732)
"
353,12,27,-0.621324666725962,-0.49077119052486307,0.13055347620109892,1784278862.629078,1784278864.057854,1784278863.3434658,0.935917445,"[dac] CH_A set to -0.491 V (code=31159)
"
354,12,28,-0.49077119052486307,-0.36021771432376415,0.13055347620109892,1784278864.058054,1784278865.51297,1784278864.785512,0.997585774,"[dac] CH_A set to -0.360 V (code=31587)
"
355,12,29,-0.36021771432376415,-0.22966423812266568,0.13055347620109847,1784278865.513185,1784278866.93619,1784278866.2246876,1.10617566,"[dac] CH_A set to -0.230 V (code=32015)
"
356,12,30,-0.22966423812266568,-0.0991107619215672,0.13055347620109847,1784278866.9364321,1784278868.37102,1784278867.653726,1.12896613,"[dac] CH_A set to -0.099 V (code=32443)
"
357,12,31,-0.0991107619215672,0.031442714279531714,0.13055347620109892,1784278868.371217,1784278869.8102431,1784278869.0907302,1.18527199,"[dac] CH_A set to +0.031 V (code=32870)
"
358,12,32,0.031442714279531714,0.16199619048063063,0.13055347620109892,1784278869.810463,1784278871.250767,1784278870.5306149,1.22683109,"[dac] CH_A set to +0.162 V (code=33298)
"
359,12,33,0.16199619048063063,0.29254966668172866,0.13055347620109803,1784278871.251019,1784278872.6713269,1784278871.961173,1.22012801,"[dac] CH_A set to +0.292 V (code=33726)
"
360,13,0,0.4231031428828276,0.48837988098337703,0.06527673810054946,1784278882.920717,1784278884.373086,1784278883.6469016,1.32469604,"[dac] CH_A set to +0.488 V (code=34368)
"
361,13,1,0.48837988098337703,0.5536566190839265,0.06527673810054946,1784278884.373315,1784278885.814421,1784278885.093868,1.36491452,"[dac] CH_A set to +0.554 V (code=34582)
"
362,14,0,0.4231031428828276,0.5536566190839263,0.1305534762010987,1784278896.0544379,1784278897.4926138,1784278896.7735257,1.36491452,"[dac] CH_A set to +0.554 V (code=34582)
"
363,14,1,0.5536566190839263,0.684210095285025,0.1305534762010987,1784278897.492857,1784278898.9207811,1784278898.206819,1.39977053,"[dac] CH_A set to +0.684 V (code=35009)
"
364,14,2,0.684210095285025,0.8147635714861236,0.13055347620109858,1784278898.921061,1784278900.362184,1784278899.6416225,1.42122038,"[dac] CH_A set to +0.815 V (code=35437)
"
365,14,3,0.8147635714861236,0.9453170476872222,0.1305534762010987,1784278900.3624341,1784278901.795655,1784278901.0790446,1.44669209,"[dac] CH_A set to +0.945 V (code=35865)
"
366,14,4,0.9453170476872222,1.0758705238883208,0.13055347620109858,1784278901.795907,1784278903.221279,1784278902.508593,1.44132962,"[dac] CH_A set to +1.076 V (code=36293)
"
367,14,5,1.0758705238883208,1.2064240000894195,0.1305534762010987,1784278903.221526,1784278904.6571012,1784278903.9393134,1.49763549,"[dac] CH_A set to +1.206 V (code=36721)
"
368,14,6,1.2064240000894195,1.3369774762905182,0.1305534762010987,1784278904.6573172,1784278906.0904582,1784278905.3738875,1.49495426,"[dac] CH_A set to +1.337 V (code=37149)
"
369,15,0,1.2064240000894193,1.1411472619888698,-0.06527673810054946,1784278916.377741,1784278917.811509,1784278917.094625,1.49629487,"[dac] CH_A set to +1.141 V (code=36507)
"
370,15,1,1.1411472619888698,1.0758705238883204,-0.06527673810054946,1784278917.811692,1784278919.238764,1784278918.525228,1.43864839,"[dac] CH_A set to +1.076 V (code=36293)
"
371,16,0,1.2064240000894193,1.336977476290518,0.1305534762010987,1784278929.504097,1784278930.9424021,1784278930.2232494,1.48825118,"[dac] CH_A set to +1.337 V (code=37149)
"
372,16,1,1.336977476290518,1.4675309524916167,0.1305534762010987,1784278930.942658,1784278932.3811882,1784278931.661923,1.52176657,"[dac] CH_A set to +1.467 V (code=37576)
"
373,16,2,1.4675309524916167,1.5980844286927154,0.1305534762010987,1784278932.381378,1784278933.802696,1784278933.092037,1.52042596,"[dac] CH_A set to +1.598 V (code=38004)
"
374,16,3,1.5980844286927154,1.728637904893814,0.1305534762010987,1784278933.8028731,1784278935.238105,1784278934.5204892,1.48020748,"[dac] CH_A set to +1.729 V (code=38432)
"
375,17,0,1.859191381094913,1.9244681191954625,0.06527673810054946,1784278945.5039968,1784278946.9392798,1784278946.2216382,1.50299795,"[dac] CH_A set to +1.924 V (code=39074)
"
376,17,1,1.9244681191954625,1.989744857296012,0.06527673810054946,1784278946.93947,1784278948.379435,1784278947.6594524,1.49227303,"[dac] CH_A set to +1.990 V (code=39287)
"
377,18,0,1.859191381094913,1.7286379048938143,-0.1305534762010987,1784278958.667828,1784278960.093452,1784278959.38064,1.51238226,"[dac] CH_A set to +1.729 V (code=38432)
"
378,18,1,1.7286379048938143,1.5980844286927156,-0.1305534762010987,1784278960.093647,1784278961.532712,1784278960.8131795,1.5070198,"[dac] CH_A set to +1.598 V (code=38004)
"
379,18,2,1.5980844286927156,1.4675309524916171,-0.13055347620109847,1784278961.532901,1784278962.974717,1784278962.253809,1.51372288,"[dac] CH_A set to +1.467 V (code=37576)
"
380,18,3,1.4675309524916171,1.3369774762905182,-0.13055347620109892,1784278962.974921,1784278964.409502,1784278963.6922116,1.49361364,"[dac] CH_A set to +1.337 V (code=37149)
"
381,18,4,1.3369774762905182,1.2064240000894197,-0.13055347620109847,1784278964.409777,1784278965.837875,1784278965.123826,1.48959179,"[dac] CH_A set to +1.206 V (code=36721)
"
382,18,5,1.2064240000894197,1.075870523888321,-0.1305534762010987,1784278965.8380811,1784278967.2814322,1784278966.5597568,1.49361364,"[dac] CH_A set to +1.076 V (code=36293)
"
383,18,6,1.075870523888321,0.9453170476872224,-0.1305534762010987,1784278967.281694,1784278968.698132,1784278967.989913,1.43194531,"[dac] CH_A set to +0.945 V (code=35865)
"
384,18,7,0.9453170476872224,0.8147635714861237,-0.1305534762010987,1784278968.6983511,1784278970.137482,1784278969.4179165,1.43998901,"[dac] CH_A set to +0.815 V (code=35437)
"
385,18,8,0.8147635714861237,0.684210095285025,-0.1305534762010987,1784278970.137768,1784278971.5708952,1784278970.8543315,1.41987977,"[dac] CH_A set to +0.684 V (code=35009)
"
386,18,9,0.684210095285025,0.5536566190839263,-0.1305534762010987,1784278971.571133,1784278973.002912,1784278972.2870226,1.38636437,"[dac] CH_A set to +0.554 V (code=34582)
"
387,18,10,0.5536566190839263,0.4231031428828276,-0.1305534762010987,1784278973.0031512,1784278974.453103,1784278973.728127,1.33139912,"[dac] CH_A set to +0.423 V (code=34154)
"
388,18,11,0.4231031428828276,0.2925496666817291,-0.13055347620109847,1784278974.453326,1784278975.889724,1784278975.171525,1.3126305,"[dac] CH_A set to +0.292 V (code=33726)
"
389,18,12,0.2925496666817291,0.1619961904806304,-0.1305534762010987,1784278975.889963,1784278977.329917,1784278976.60994,1.25766525,"[dac] CH_A set to +0.162 V (code=33298)
"
390,18,13,0.1619961904806304,0.031442714279531714,-0.1305534762010987,1784278977.330166,1784278978.779225,1784278978.0546956,1.24157786,"[dac] CH_A set to +0.031 V (code=32870)
"
391,18,14,0.031442714279531714,-0.0991107619215672,-0.13055347620109892,1784278978.77943,1784278980.22609,1784278979.50276,1.17454707,"[dac] CH_A set to -0.099 V (code=32443)
"
392,19,0,-0.22966423812266612,-0.2949409762232156,-0.06527673810054946,1784278990.512943,1784278991.9466722,1784278991.2298076,1.09679135,"[dac] CH_A set to -0.295 V (code=31801)
"
393,19,1,-0.2949409762232156,-0.36021771432376504,-0.06527673810054946,1784278991.946931,1784278993.388573,1784278992.6677518,1.08338519,"[dac] CH_A set to -0.360 V (code=31587)
"
394,20,0,-0.22966423812266612,-0.35454147622806487,-0.12487723810539875,1784279003.642689,1784279005.0766668,1784279004.3596778,1.04584795,"[dac] CH_A set to -0.354 V (code=31606)
"
395,20,1,-0.35454147622806487,-0.47941871433346367,-0.1248772381053988,1784279005.076931,1784279006.526685,1784279005.8018079,1.00562947,"[dac] CH_A set to -0.479 V (code=31197)
"
396,20,2,-0.47941871433346367,-0.6042959524388625,-0.1248772381053988,1784279006.526953,1784279007.9597251,1784279007.243339,0.917148823,"[dac] CH_A set to -0.604 V (code=30787)
"
397,20,3,-0.6042959524388625,-0.7291731905442612,-0.12487723810539875,1784279007.9599202,1784279009.392334,1784279008.676127,0.922511286,"[dac] CH_A set to -0.729 V (code=30378)
"
398,20,4,-0.7291731905442612,-0.85405042864966,-0.12487723810539875,1784279009.392543,1784279010.844692,1784279010.1186175,0.843414951,"[dac] CH_A set to -0.854 V (code=29969)
"
399,20,5,-0.85405042864966,-0.9789276667550588,-0.12487723810539886,1784279010.844883,1784279012.278031,1784279011.5614572,0.801855859,"[dac] CH_A set to -0.979 V (code=29560)
"
400,20,6,-0.9789276667550588,-1.1038049048604575,-0.12487723810539864,1784279012.2782688,1784279013.718982,1784279012.9986253,0.733484451,"[dac] CH_A set to -1.104 V (code=29151)
"
401,20,7,-1.1038049048604575,-1.2286821429658563,-0.12487723810539886,1784279013.71918,1784279015.158265,1784279014.4387226,0.655728731,"[dac] CH_A set to -1.229 V (code=28741)
"
402,20,8,-1.2286821429658563,-1.3535593810712552,-0.12487723810539886,1784279015.158466,1784279016.587019,1784279015.8727427,0.622213334,"[dac] CH_A set to -1.354 V (code=28332)
"
403,20,9,-1.3535593810712552,-1.4784366191766538,-0.12487723810539864,1784279016.5872378,1784279018.031039,1784279017.3091383,0.569929316,"[dac] CH_A set to -1.478 V (code=27923)
"
404,20,10,-1.4784366191766538,-1.6033138572820527,-0.12487723810539886,1784279018.031276,1784279019.4558349,1784279018.7435555,0.525688993,"[dac] CH_A set to -1.603 V (code=27514)
"
405,20,11,-1.6033138572820527,-1.7281910953874515,-0.12487723810539886,1784279019.456068,1784279020.894527,1784279020.1752975,0.469383127,"[dac] CH_A set to -1.728 V (code=27105)
"
406,20,12,-1.7281910953874515,-1.8530683334928502,-0.12487723810539864,1784279020.894733,1784279022.342994,1784279021.6188636,0.407714797,"[dac] CH_A set to -1.853 V (code=26695)
"
407,20,13,-1.8530683334928502,-1.977945571598249,-0.12487723810539886,1784279022.343223,1784279023.7811399,1784279023.0621815,0.344705852,"[dac] CH_A set to -1.978 V (code=26286)
"
408,20,14,-1.977945571598249,-2.102822809703648,-0.12487723810539886,1784279023.7813601,1784279025.2133608,1784279024.4973605,0.30984984,"[dac] CH_A set to -2.103 V (code=25877)
"
409,20,15,-2.102822809703648,-2.2277000478090465,-0.12487723810539864,1784279025.2135942,1784279026.648258,1784279025.930926,0.279015675,"[dac] CH_A set to -2.228 V (code=25468)
"
410,20,16,-2.2277000478090465,-2.352577285914445,-0.12487723810539864,1784279026.6484601,1784279028.0811672,1784279027.3648138,0.229412888,"[dac] CH_A set to -2.353 V (code=25059)
"
411,20,17,-2.352577285914445,-2.4774545240198442,-0.12487723810539908,1784279028.081429,1784279029.508312,1784279028.7948704,0.220028577,"[dac] CH_A set to -2.477 V (code=24649)
"
412,20,18,-2.4774545240198442,-2.602331762125243,-0.12487723810539864,1784279029.508536,1784279030.944549,1784279030.2265425,0.134229163,"[dac] CH_A set to -2.602 V (code=24240)
"
413,20,19,-2.602331762125243,-2.7272090002306415,-0.12487723810539864,1784279030.944739,1784279032.382519,1784279031.663629,0.126185468,"[dac] CH_A set to -2.727 V (code=23831)
"
414,20,20,-2.7272090002306415,-2.8520862383360406,-0.12487723810539908,1784279032.382714,1784279033.828526,1784279033.10562,0.0819451442,"[dac] CH_A set to -2.852 V (code=23422)
"
415,20,21,-2.8520862383360406,-2.976963476441439,-0.12487723810539864,1784279033.828727,1784279035.272668,1784279034.5506973,0.0631765222,"[dac] CH_A set to -2.977 V (code=23013)
"
416,20,22,-2.976963476441439,-3.101840714546838,-0.12487723810539864,1784279035.272867,1784279036.713162,1784279035.9930143,0.065857754,"[dac] CH_A set to -3.102 V (code=22604)
"
417,21,0,-2.971287238345739,-2.9060105002451895,0.06527673810054946,1784279046.988179,1784279048.438188,1784279047.7131834,0.0618359064,"[dac] CH_A set to -2.906 V (code=23245)
"
418,21,1,-2.9060105002451895,-2.84073376214464,0.06527673810054946,1784279048.438385,1784279049.866791,1784279049.152588,0.0913294552,"[dac] CH_A set to -2.841 V (code=23459)
"
419,22,0,-2.971287238345739,-2.84073376214464,0.13055347620109892,1784279060.103217,1784279061.5388339,1784279060.8210254,0.0739014491,"[dac] CH_A set to -2.841 V (code=23459)
"
420,22,1,-2.84073376214464,-2.7101802859435415,0.13055347620109847,1784279061.5390341,1784279062.968517,1784279062.2537756,0.0993731504,"[dac] CH_A set to -2.710 V (code=23887)
"
421,22,2,-2.7101802859435415,-2.579626809742443,0.13055347620109847,1784279062.968729,1784279064.409056,1784279063.6888924,0.13825101,"[dac] CH_A set to -2.580 V (code=24315)
"
422,22,3,-2.579626809742443,-2.449073333541344,0.13055347620109892,1784279064.4092631,1784279065.840648,1784279065.1249557,0.174447638,"[dac] CH_A set to -2.449 V (code=24742)
"
423,22,4,-2.449073333541344,-2.3185198573402452,0.13055347620109892,1784279065.8408551,1784279067.288642,1784279066.5647485,0.206622419,"[dac] CH_A set to -2.319 V (code=25170)
"
424,22,5,-2.3185198573402452,-2.1879663811391468,0.13055347620109847,1784279067.2888582,1784279068.720567,1784279068.0047126,0.228072273,"[dac] CH_A set to -2.188 V (code=25598)
"
425,22,6,-2.1879663811391468,-2.0574129049380483,0.13055347620109847,1784279068.720774,1784279070.1602602,1784279069.440517,0.281696907,"[dac] CH_A set to -2.057 V (code=26026)
"
426,22,7,-2.0574129049380483,-1.9268594287369494,0.13055347620109892,1784279070.160448,1784279071.594917,1784279070.8776827,0.359452627,"[dac] CH_A set to -1.927 V (code=26454)
"
427,22,8,-1.9268594287369494,-1.7963059525358507,0.1305534762010987,1784279071.59517,1784279073.044914,1784279072.3200421,0.405033566,"[dac] CH_A set to -1.796 V (code=26881)
"
428,22,9,-1.7963059525358507,-1.665752476334752,0.1305534762010987,1784279073.045123,1784279074.48658,1784279073.7658515,0.438548962,"[dac] CH_A set to -1.666 V (code=27309)
"
429,22,10,-1.665752476334752,-1.5351990001336533,0.1305534762010987,1784279074.4868538,1784279075.9102888,1784279075.1985712,0.508260987,"[dac] CH_A set to -1.535 V (code=27737)
"
430,22,11,-1.5351990001336533,-1.4046455239325546,0.1305534762010987,1784279075.910503,1784279077.351897,1784279076.6311998,0.543116999,"[dac] CH_A set to -1.405 V (code=28165)
"
431,22,12,-1.4046455239325546,-1.274092047731456,0.1305534762010987,1784279077.3520918,1784279078.7858298,1784279078.0689607,0.622213334,"[dac] CH_A set to -1.274 V (code=28593)
"
432,22,13,-1.274092047731456,-1.1435385715303572,0.1305534762010987,1784279078.786104,1784279080.228266,1784279079.507185,0.699969054,"[dac] CH_A set to -1.143 V (code=29021)
"
433,22,14,-1.1435385715303572,-1.0129850953292585,0.1305534762010987,1784279080.22851,1784279081.643569,1784279080.9360394,0.760296768,"[dac] CH_A set to -1.013 V (code=29448)
"
434,22,15,-1.0129850953292585,-0.8824316191281598,0.1305534762010987,1784279081.643774,1784279083.078901,1784279082.3613377,0.762977999,"[dac] CH_A set to -0.882 V (code=29876)
"
435,22,16,-0.8824316191281598,-0.7518781429270609,0.13055347620109892,1784279083.07912,1784279084.519943,1784279083.7995315,0.838052487,"[dac] CH_A set to -0.752 V (code=30304)
"
436,22,17,-0.7518781429270609,-0.6213246667259624,0.13055347620109847,1784279084.520164,1784279085.948528,1784279085.234346,0.913126975,"[dac] CH_A set to -0.621 V (code=30732)
"
437,22,18,-0.6213246667259624,-0.49077119052486395,0.13055347620109847,1784279085.948746,1784279087.388313,1784279086.6685295,0.965410994,"[dac] CH_A set to -0.491 V (code=31159)
"
438,22,19,-0.49077119052486395,-0.36021771432376504,0.13055347620109892,1784279087.388544,1784279088.8203,1784279088.104422,1.01233255,"[dac] CH_A set to -0.360 V (code=31587)
"
439,22,20,-0.36021771432376504,-0.22966423812266612,0.13055347620109892,1784279088.8205,1784279090.2545469,1784279089.5375233,1.06997903,"[dac] CH_A set to -0.230 V (code=32015)
"
440,22,21,-0.22966423812266612,-0.09911076192156765,0.13055347620109847,1784279090.254806,1784279091.692799,1784279090.9738026,1.09142888,"[dac] CH_A set to -0.099 V (code=32443)
"
441,22,22,-0.09911076192156765,0.031442714279530826,0.13055347620109847,1784279091.692984,1784279093.1333928,1784279092.4131885,1.17320645,"[dac] CH_A set to +0.031 V (code=32870)
"
442,22,23,0.031442714279530826,0.16199619048062974,0.13055347620109892,1784279093.133635,1784279094.5669062,1784279093.8502707,1.23353417,"[dac] CH_A set to +0.162 V (code=33298)
"
443,22,24,0.16199619048062974,0.29254966668172866,0.13055347620109892,1784279094.5671942,1784279095.985297,1784279095.2762456,1.26839018,"[dac] CH_A set to +0.292 V (code=33726)
"
444,22,25,0.29254966668172866,0.42310314288282713,0.13055347620109847,1784279095.985523,1784279097.4251032,1784279096.7053132,1.33944282,"[dac] CH_A set to +0.423 V (code=34154)
"
445,22,26,0.42310314288282713,0.5536566190839256,0.13055347620109847,1784279097.4253619,1784279098.861749,1784279098.1435554,1.31128988,"[dac] CH_A set to +0.554 V (code=34582)
"
446,22,27,0.5536566190839256,0.6842100952850245,0.13055347620109892,1784279098.862001,1784279100.298466,1784279099.5802336,1.32603666,"[dac] CH_A set to +0.684 V (code=35009)
"
447,22,28,0.6842100952850245,0.8147635714861234,0.13055347620109892,1784279100.2986948,1784279101.726974,1784279101.0128345,1.38368314,"[dac] CH_A set to +0.815 V (code=35437)
"
448,22,29,0.8147635714861234,0.9453170476872219,0.13055347620109847,1784279101.727177,1784279103.16875,1784279102.4479635,1.40915484,"[dac] CH_A set to +0.945 V (code=35865)
"
449,22,30,0.9453170476872219,1.0758705238883204,0.13055347620109847,1784279103.1689558,1784279104.612909,1784279103.8909326,1.47484502,"[dac] CH_A set to +1.076 V (code=36293)
"
450,22,31,1.0758705238883204,1.2064240000894193,0.13055347620109892,1784279104.613182,1784279106.031636,1784279105.3224092,1.47886687,"[dac] CH_A set to +1.206 V (code=36721)
"
451,22,32,1.2064240000894193,1.3369774762905182,0.13055347620109892,1784279106.0318441,1784279107.472281,1784279106.7520626,1.50970103,"[dac] CH_A set to +1.337 V (code=37149)
"
452,22,33,1.3369774762905182,1.4675309524916171,0.13055347620109892,1784279107.472505,1784279108.890084,1784279108.1812944,1.45205455,"[dac] CH_A set to +1.467 V (code=37576)
"
453,22,34,1.4675309524916171,1.5980844286927152,0.13055347620109803,1784279108.890304,1784279110.335289,1784279109.6127965,1.50970103,"[dac] CH_A set to +1.598 V (code=38004)
"
454,22,35,1.5980844286927152,1.728637904893814,0.13055347620109892,1784279110.3354728,1784279111.781597,1784279111.0585349,1.50299795,"[dac] CH_A set to +1.729 V (code=38432)
"
455,22,36,1.728637904893814,1.859191381094913,0.13055347620109892,1784279111.781853,1784279113.228344,1784279112.5050983,1.51506349,"[dac] CH_A set to +1.859 V (code=38860)
"
456,22,37,1.859191381094913,1.989744857296011,0.13055347620109803,1784279113.228637,1784279114.671315,1784279113.949976,1.51104165,"[dac] CH_A set to +1.990 V (code=39287)
"
457,22,38,1.989744857296011,2.12029833349711,0.13055347620109892,1784279114.671521,1784279116.100011,1784279115.385766,1.4815481,"[dac] CH_A set to +2.120 V (code=39715)
"
458,22,39,2.12029833349711,2.250851809698209,0.13055347620109892,1784279116.1003368,1784279117.5230122,1784279116.8116746,1.48422933,"[dac] CH_A set to +2.251 V (code=40143)
"
459,22,40,2.250851809698209,2.3814052858993078,0.13055347620109892,1784279117.52319,1784279118.968727,1784279118.2459586,1.43194531,"[dac] CH_A set to +2.381 V (code=40571)
"
460,22,41,2.3814052858993078,2.5119587621004067,0.13055347620109892,1784279118.9689548,1784279120.411767,1784279119.690361,1.46814194,"[dac] CH_A set to +2.512 V (code=40999)
"
461,22,42,2.5119587621004067,2.6425122383015047,0.13055347620109803,1784279120.411956,1784279121.846421,1784279121.1291885,1.39977053,"[dac] CH_A set to +2.642 V (code=41426)
"
462,22,43,2.6425122383015047,2.7730657145026036,0.13055347620109892,1784279121.8488598,1784279123.2855449,1784279122.5672023,1.36491452,"[dac] CH_A set to +2.773 V (code=41854)
"
463,22,44,2.7730657145026036,2.9036191907037026,0.13055347620109892,1784279123.2858188,1784279124.719927,1784279124.002873,1.36223329,"[dac] CH_A set to +2.904 V (code=42282)
"
464,22,45,2.9036191907037026,3.0341726669048006,0.13055347620109803,1784279124.720172,1784279126.1695511,1784279125.4448614,1.27509326,"[dac] CH_A set to +3.034 V (code=42710)
"
465,22,46,3.0341726669048006,3.1647261431058995,0.13055347620109892,1784279126.169802,1784279127.595011,1784279126.8824065,1.21744677,"[dac] CH_A set to +3.165 V (code=43137)
"
466,22,47,3.1647261431058995,3.2952796193069984,0.13055347620109892,1784279127.59521,1784279129.039677,1784279128.3174434,1.19465631,"[dac] CH_A set to +3.295 V (code=43565)
"
467,22,48,3.2952796193069984,3.4258330955080973,0.13055347620109892,1784279129.039893,1784279130.4700491,1784279129.754971,1.11958182,"[dac] CH_A set to +3.426 V (code=43993)
"
468,22,49,3.4258330955080973,3.5563865717091963,0.13055347620109892,1784279130.4702568,1784279131.91045,1784279131.1903534,1.12494428,"[dac] CH_A set to +3.556 V (code=44421)
"
469,22,50,3.5563865717091963,3.6869400479102943,0.13055347620109803,1784279131.910645,1784279133.342924,1784279132.6267846,1.05791349,"[dac] CH_A set to +3.687 V (code=44849)
"
470,22,51,3.6869400479102943,3.817493524111393,0.13055347620109892,1784279133.343146,1784279134.752178,1784279134.047662,0.985520232,"[dac] CH_A set to +3.818 V (code=45276)
"
471,22,52,3.817493524111393,3.948047000312492,0.13055347620109892,1784279134.752373,1784279136.1971729,1784279135.474773,0.930554981,"[dac] CH_A set to +3.948 V (code=45704)
"
472,22,53,3.948047000312492,4.07860047651359,0.13055347620109803,1784279136.197396,1784279137.643581,1784279136.9204884,0.891677122,"[dac] CH_A set to +4.079 V (code=46132)
"
473,22,54,4.07860047651359,4.209153952714689,0.13055347620109892,1784279137.643792,1784279139.080439,1784279138.3621154,0.813921402,"[dac] CH_A set to +4.209 V (code=46560)
"
474,22,55,4.209153952714689,4.339707428915788,0.13055347620109892,1784279139.080679,1784279140.519995,1784279139.8003368,0.776384158,"[dac] CH_A set to +4.340 V (code=46988)
"
475,22,56,4.339707428915788,4.470260905116887,0.13055347620109892,1784279140.520181,1784279141.9472692,1784279141.233725,0.673156737,"[dac] CH_A set to +4.470 V (code=47416)
"
476,22,57,4.470260905116887,4.600814381317986,0.13055347620109892,1784279141.947528,1784279143.3915288,1784279142.6695285,0.635619493,"[dac] CH_A set to +4.601 V (code=47843)
"
477,22,58,4.600814381317986,4.731367857519084,0.13055347620109803,1784279143.3917131,1784279144.828386,1784279144.1100497,0.571269932,"[dac] CH_A set to +4.731 V (code=48271)
"
478,23,0,4.600814381317985,4.5355376432174355,-0.06527673810054946,1784279155.058384,1784279156.495553,1784279155.7769685,0.624894566,"[dac] CH_A set to +4.536 V (code=47629)
"
479,23,1,4.5355376432174355,4.470260905116886,-0.06527673810054946,1784279156.49576,1784279157.922636,1784279157.209198,0.721418908,"[dac] CH_A set to +4.470 V (code=47416)
"
480,24,0,4.600814381317985,4.470260905116886,-0.13055347620109892,1784279168.20788,1784279169.637613,1784279168.9227467,0.681200432,"[dac] CH_A set to +4.470 V (code=47416)
"
481,24,1,4.470260905116886,4.339707428915788,-0.13055347620109803,1784279169.637835,1784279171.0745301,1784279170.3561826,0.709353365,"[dac] CH_A set to +4.340 V (code=46988)
"
482,24,2,4.339707428915788,4.209153952714689,-0.13055347620109892,1784279171.074733,1784279172.51668,1784279171.7957065,0.761637384,"[dac] CH_A set to +4.209 V (code=46560)
"
483,24,3,4.209153952714689,4.07860047651359,-0.13055347620109892,1784279172.516926,1784279173.958654,1784279173.23779,0.824646329,"[dac] CH_A set to +4.079 V (code=46132)
"
484,24,4,4.07860047651359,3.9480470003124917,-0.13055347620109847,1784279173.958853,1784279175.406402,1784279174.6826277,0.897039585,"[dac] CH_A set to +3.948 V (code=45704)
"
485,24,5,3.9480470003124917,3.817493524111393,-0.13055347620109847,1784279175.4066172,1784279176.840655,1784279176.1236362,0.972114073,"[dac] CH_A set to +3.818 V (code=45276)
"
486,24,6,3.817493524111393,3.6869400479102943,-0.13055347620109892,1784279176.8408692,1784279178.277133,1784279177.559001,0.997585774,"[dac] CH_A set to +3.687 V (code=44849)
"
487,24,7,3.6869400479102943,3.5563865717091954,-0.13055347620109892,1784279178.2773728,1784279179.7075741,1784279178.9924736,1.04584795,"[dac] CH_A set to +3.556 V (code=44421)
"
488,24,8,3.5563865717091954,3.425833095508097,-0.13055347620109847,1784279179.707765,1784279181.126394,1784279180.4170794,1.08740704,"[dac] CH_A set to +3.426 V (code=43993)
"
489,24,9,3.425833095508097,3.2952796193069984,-0.13055347620109847,1784279181.1266391,1784279182.559649,1784279181.843144,1.15577845,"[dac] CH_A set to +3.295 V (code=43565)
"
490,24,10,3.2952796193069984,3.1647261431058995,-0.13055347620109892,1784279182.5598972,1784279184.004124,1784279183.2820106,1.1691846,"[dac] CH_A set to +3.165 V (code=43137)
"
491,24,11,3.1647261431058995,3.034172666904801,-0.13055347620109847,1784279184.0043159,1784279185.437637,1784279184.7209764,1.23755601,"[dac] CH_A set to +3.034 V (code=42710)
"
492,24,12,3.034172666904801,2.9036191907037026,-0.13055347620109847,1784279185.437836,1784279186.867887,1784279186.1528616,1.29386188,"[dac] CH_A set to +2.904 V (code=42282)
"
493,24,13,2.9036191907037026,2.7730657145026036,-0.13055347620109892,1784279186.8681679,1784279188.2982888,1784279187.5832283,1.33944282,"[dac] CH_A set to +2.773 V (code=41854)
"
494,25,0,2.9036191907037026,2.968895928804252,0.06527673810054946,1784279198.56715,1784279199.998523,1784279199.2828364,1.26704956,"[dac] CH_A set to +2.969 V (code=42496)
"
495,25,1,2.968895928804252,3.0341726669048015,0.06527673810054946,1784279199.998718,1784279201.450274,1784279200.724496,1.24962156,"[dac] CH_A set to +3.034 V (code=42710)
"
496,26,0,2.9036191907037026,2.7730657145026036,-0.13055347620109892,1784279211.710232,1784279213.1604102,1784279212.435321,1.33139912,"[dac] CH_A set to +2.773 V (code=41854)
"
497,26,1,2.7730657145026036,2.642512238301505,-0.13055347620109847,1784279213.1606138,1784279214.592532,1784279213.8765728,1.36625513,"[dac] CH_A set to +2.642 V (code=41426)
"
498,26,2,2.642512238301505,2.5119587621004067,-0.13055347620109847,1784279214.592732,1784279216.03553,1784279215.314131,1.35016774,"[dac] CH_A set to +2.512 V (code=40999)
"
499,26,3,2.5119587621004067,2.3814052858993078,-0.13055347620109892,1784279216.035721,1784279217.4689002,1784279216.7523108,1.42390162,"[dac] CH_A set to +2.381 V (code=40571)
"
500,26,4,2.3814052858993078,2.250851809698209,-0.13055347620109892,1784279217.469134,1784279218.9104488,1784279218.1897914,1.47082317,"[dac] CH_A set to +2.251 V (code=40143)
"
501,26,5,2.250851809698209,2.1202983334971104,-0.13055347620109847,1784279218.910646,1784279220.3524082,1784279219.631527,1.45875763,"[dac] CH_A set to +2.120 V (code=39715)
"
502,26,6,2.1202983334971104,1.9897448572960117,-0.1305534762010987,1784279220.352621,1784279221.78737,1784279221.0699954,1.45875763,"[dac] CH_A set to +1.990 V (code=39287)
"
503,26,7,1.9897448572960117,1.859191381094913,-0.1305534762010987,1784279221.787584,1784279223.232018,1784279222.509801,1.48959179,"[dac] CH_A set to +1.859 V (code=38860)
"
504,26,8,1.859191381094913,1.7286379048938143,-0.1305534762010987,1784279223.232215,1784279224.6695051,1784279223.95086,1.49361364,"[dac] CH_A set to +1.729 V (code=38432)
"
505,26,9,1.7286379048938143,1.5980844286927156,-0.1305534762010987,1784279224.669719,1784279226.116661,1784279225.39319,1.51506349,"[dac] CH_A set to +1.598 V (code=38004)
"
506,26,10,1.5980844286927156,1.467530952491617,-0.1305534762010987,1784279226.116864,1784279227.5340002,1784279226.825432,1.48959179,"[dac] CH_A set to +1.467 V (code=37576)
"
507,26,11,1.467530952491617,1.3369774762905182,-0.1305534762010987,1784279227.5341911,1784279228.969099,1784279228.251645,1.51372288,"[dac] CH_A set to +1.337 V (code=37149)
"
508,26,12,1.3369774762905182,1.2064240000894195,-0.1305534762010987,1784279228.9693608,1784279230.4106371,1784279229.689999,1.53383212,"[dac] CH_A set to +1.206 V (code=36721)
"
509,26,13,1.2064240000894195,1.0758705238883208,-0.1305534762010987,1784279230.410895,1784279231.844228,1784279231.1275616,1.49495426,"[dac] CH_A set to +1.076 V (code=36293)
"
510,26,14,1.0758705238883208,0.9453170476872221,-0.1305534762010987,1784279231.8444118,1784279233.284307,1784279232.5643594,1.48959179,"[dac] CH_A set to +0.945 V (code=35865)
"
511,26,15,0.9453170476872221,0.8147635714861234,-0.1305534762010987,1784279233.284526,1784279234.727062,1784279234.005794,1.45205455,"[dac] CH_A set to +0.815 V (code=35437)
"
512,26,16,0.8147635714861234,0.6842100952850245,-0.13055347620109892,1784279234.727277,1784279236.1760168,1784279235.4516468,1.43194531,"[dac] CH_A set to +0.684 V (code=35009)
"
513,26,17,0.6842100952850245,0.553656619083926,-0.13055347620109847,1784279236.176239,1784279237.6119318,1784279236.8940854,1.39306745,"[dac] CH_A set to +0.554 V (code=34582)
"
514,26,18,0.553656619083926,0.4231031428828276,-0.13055347620109847,1784279237.612135,1784279239.050981,1784279238.331558,1.35284898,"[dac] CH_A set to +0.423 V (code=34154)
"
515,26,19,0.4231031428828276,0.29254966668172866,-0.13055347620109892,1784279239.0511942,1784279240.490141,1784279239.7706676,1.35150836,"[dac] CH_A set to +0.292 V (code=33726)
"
516,26,20,0.29254966668172866,0.16199619048062974,-0.13055347620109892,1784279240.490331,1784279241.921024,1784279241.2056775,1.27777449,"[dac] CH_A set to +0.162 V (code=33298)
"
517,26,21,0.16199619048062974,0.03144271427953127,-0.13055347620109847,1784279241.921296,1784279243.3525739,1784279242.6369348,1.2362154,"[dac] CH_A set to +0.031 V (code=32870)
"
518,26,22,0.03144271427953127,-0.0991107619215672,-0.13055347620109847,1784279243.352772,1784279244.801622,1784279244.077197,1.17052522,"[dac] CH_A set to -0.099 V (code=32443)
"
519,26,23,-0.0991107619215672,-0.22966423812266612,-0.13055347620109892,1784279244.801823,1784279246.2439628,1784279245.522893,1.17454707,"[dac] CH_A set to -0.230 V (code=32015)
"
520,26,24,-0.22966423812266612,-0.36021771432376504,-0.13055347620109892,1784279246.2441752,1784279247.694392,1784279246.9692836,1.08874765,"[dac] CH_A set to -0.360 V (code=31587)
"
521,26,25,-0.36021771432376504,-0.4907711905248635,-0.13055347620109847,1784279247.694609,1784279249.144149,1784279248.419379,1.06059472,"[dac] CH_A set to -0.491 V (code=31159)
"
522,26,26,-0.4907711905248635,-0.621324666725962,-0.13055347620109847,1784279249.144323,1784279250.57742,1784279249.8608716,0.972114073,"[dac] CH_A set to -0.621 V (code=30732)
"
523,26,27,-0.621324666725962,-0.7518781429270609,-0.13055347620109892,1784279250.577683,1784279252.018972,1784279251.2983274,0.937258061,"[dac] CH_A set to -0.752 V (code=30304)
"
524,26,28,-0.7518781429270609,-0.8824316191281598,-0.13055347620109892,1784279252.0191748,1784279253.451089,1784279252.7351317,0.871567884,"[dac] CH_A set to -0.882 V (code=29876)
"
525,26,29,-0.8824316191281598,-1.0129850953292583,-0.13055347620109847,1784279253.4514828,1784279254.8911092,1784279254.1712961,0.792471548,"[dac] CH_A set to -1.013 V (code=29448)
"
526,26,30,-1.0129850953292583,-1.1435385715303568,-0.13055347620109847,1784279254.8913531,1784279256.312377,1784279255.601865,0.757615536,"[dac] CH_A set to -1.143 V (code=29021)
"
527,27,0,-1.2740920477314557,-1.3393687858320051,-0.06527673810054946,1784279266.5777862,1784279268.022124,1784279267.2999551,0.635619493,"[dac] CH_A set to -1.339 V (code=28379)
"
528,27,1,-1.3393687858320051,-1.4046455239325546,-0.06527673810054946,1784279268.022346,1784279269.443733,1784279268.7330394,0.62355395,"[dac] CH_A set to -1.405 V (code=28165)
"
529,28,0,-1.2740920477314557,-1.2740920477314557,0.0,1784279279.6952698,1784279281.1363132,1784279280.4157915,0.681200432,"[dac] CH_A set to -1.274 V (code=28593)
"
530,29,0,-1.1435385715303568,-1.0782618334298073,0.06527673810054946,1784279291.4208891,1784279292.850343,1784279292.135616,0.761637384,"[dac] CH_A set to -1.078 V (code=29234)
"
531,29,1,-1.0782618334298073,-1.0129850953292578,0.06527673810054946,1784279292.850564,1784279294.286398,1784279293.568481,0.77236231,"[dac] CH_A set to -1.013 V (code=29448)
"
532,30,0,-1.1435385715303568,-1.012985095329258,0.1305534762010987,1784279304.559181,1784279305.9888031,1784279305.273992,0.750912457,"[dac] CH_A set to -1.013 V (code=29448)
"
533,30,1,-1.012985095329258,-0.8824316191281594,0.1305534762010987,1784279305.989007,1784279307.424026,1784279306.7065165,0.812580786,"[dac] CH_A set to -0.882 V (code=29876)
"
534,30,2,-0.8824316191281594,-0.7518781429270607,0.1305534762010987,1784279307.424247,1784279308.865716,1784279308.1449814,0.883633426,"[dac] CH_A set to -0.752 V (code=30304)
"
535,30,3,-0.7518781429270607,-0.621324666725962,0.1305534762010987,1784279308.865911,1784279310.292942,1784279309.5794265,0.962729762,"[dac] CH_A set to -0.621 V (code=30732)
"
536,30,4,-0.621324666725962,-0.4907711905248633,0.1305534762010987,1784279310.2931259,1784279311.722902,1784279311.008014,1.01903563,"[dac] CH_A set to -0.491 V (code=31159)
"
537,30,5,-0.4907711905248633,-0.3602177143237646,0.1305534762010987,1784279311.7230878,1784279313.155253,1784279312.4391704,1.0163544,"[dac] CH_A set to -0.360 V (code=31587)
"
538,30,6,-0.3602177143237646,-0.2296642381226659,0.1305534762010987,1784279313.155484,1784279314.598335,1784279313.8769095,1.09679135,"[dac] CH_A set to -0.230 V (code=32015)
"
539,30,7,-0.2296642381226659,-0.0991107619215672,0.1305534762010987,1784279314.598526,1784279316.024061,1784279315.3112936,1.1262849,"[dac] CH_A set to -0.099 V (code=32443)
"
540,30,8,-0.0991107619215672,0.03144271427953149,0.1305534762010987,1784279316.024273,1784279317.4513202,1784279316.7377965,1.18661261,"[dac] CH_A set to +0.031 V (code=32870)
"
541,30,9,0.03144271427953149,0.1619961904806302,0.1305534762010987,1784279317.4515462,1784279318.891391,1784279318.1714687,1.23755601,"[dac] CH_A set to +0.162 V (code=33298)
"
542,30,10,0.1619961904806302,0.2925496666817289,0.1305534762010987,1784279318.891586,1784279320.339375,1784279319.6154804,1.26302771,"[dac] CH_A set to +0.292 V (code=33726)
"
543,30,11,0.2925496666817289,0.4231031428828276,0.1305534762010987,1784279320.339582,1784279321.780426,1784279321.060004,1.3381022,"[dac] CH_A set to +0.423 V (code=34154)
"
544,30,12,0.4231031428828276,0.5536566190839263,0.1305534762010987,1784279321.780643,1784279323.229124,1784279322.5048835,1.36089267,"[dac] CH_A set to +0.554 V (code=34582)
"
545,30,13,0.5536566190839263,0.684210095285025,0.1305534762010987,1784279323.2293382,1784279324.671177,1784279323.9502575,1.41317669,"[dac] CH_A set to +0.684 V (code=35009)
"
546,30,14,0.684210095285025,0.8147635714861237,0.1305534762010987,1784279324.671382,1784279326.096902,1784279325.384142,1.40647361,"[dac] CH_A set to +0.815 V (code=35437)
"
547,30,15,0.8147635714861237,0.9453170476872224,0.1305534762010987,1784279326.097078,1784279327.530056,1784279326.8135672,1.4560764,"[dac] CH_A set to +0.945 V (code=35865)
"
548,30,16,0.9453170476872224,1.0758705238883213,0.13055347620109892,1784279327.530273,1784279328.972312,1784279328.2512925,1.48288871,"[dac] CH_A set to +1.076 V (code=36293)
"
549,30,17,1.0758705238883213,1.2064240000894197,0.13055347620109847,1784279328.9725142,1784279330.413312,1784279329.692913,1.49763549,"[dac] CH_A set to +1.206 V (code=36721)
"
550,30,18,1.2064240000894197,1.3369774762905182,0.13055347620109847,1784279330.4135199,1784279331.8516889,1784279331.1326044,1.50165734,"[dac] CH_A set to +1.337 V (code=37149)
"
551,30,19,1.3369774762905182,1.4675309524916171,0.13055347620109892,1784279331.851895,1784279333.295601,1784279332.573748,1.51372288,"[dac] CH_A set to +1.467 V (code=37576)
"
552,30,20,1.4675309524916171,1.598084428692716,0.13055347620109892,1784279333.295774,1784279334.749356,1784279334.022565,1.51774473,"[dac] CH_A set to +1.598 V (code=38004)
"
553,30,21,1.598084428692716,1.7286379048938145,0.13055347620109847,1784279334.749561,1784279336.1914308,1784279335.470496,1.50836042,"[dac] CH_A set to +1.729 V (code=38432)
"
554,30,22,1.7286379048938145,1.859191381094913,0.13055347620109847,1784279336.191628,1784279337.6151161,1784279336.903372,1.51774473,"[dac] CH_A set to +1.859 V (code=38860)
"
555,30,23,1.859191381094913,1.989744857296012,0.13055347620109892,1784279337.615307,1784279339.0546172,1784279338.3349621,1.49361364,"[dac] CH_A set to +1.990 V (code=39287)
"
556,30,24,1.989744857296012,2.120298333497111,0.13055347620109892,1784279339.054836,1784279340.490029,1784279339.7724326,1.46009824,"[dac] CH_A set to +2.120 V (code=39715)
"
557,30,25,2.120298333497111,2.2508518096982093,0.13055347620109847,1784279340.4902232,1784279341.930219,1784279341.210221,1.45205455,"[dac] CH_A set to +2.251 V (code=40143)
"
558,30,26,2.2508518096982093,2.3814052858993078,0.13055347620109847,1784279341.9303901,1784279343.377988,1784279342.654189,1.4560764,"[dac] CH_A set to +2.381 V (code=40571)
"
559,30,27,2.3814052858993078,2.5119587621004067,0.13055347620109892,1784279343.3781812,1784279344.803961,1784279344.0910711,1.38368314,"[dac] CH_A set to +2.512 V (code=40999)
"
560,30,28,2.5119587621004067,2.6425122383015056,0.13055347620109892,1784279344.804161,1784279346.254457,1784279345.529309,1.37563945,"[dac] CH_A set to +2.642 V (code=41426)
"
561,30,29,2.6425122383015056,2.773065714502604,0.13055347620109847,1784279346.254666,1784279347.698229,1784279346.9764476,1.35284898,"[dac] CH_A set to +2.773 V (code=41854)
"
562,30,30,2.773065714502604,2.9036191907037026,0.13055347620109847,1784279347.698412,1784279349.1283681,1784279348.4133902,1.33542097,"[dac] CH_A set to +2.904 V (code=42282)
"
563,31,0,2.7730657145026036,2.707788976402054,-0.06527673810054946,1784279359.379236,1784279360.818173,1784279360.0987043,1.35016774,"[dac] CH_A set to +2.708 V (code=41640)
"
564,31,1,2.707788976402054,2.6425122383015047,-0.06527673810054946,1784279360.8183749,1784279362.252938,1784279361.5356565,1.38368314,"[dac] CH_A set to +2.642 V (code=41426)
"
565,32,0,2.7730657145026036,2.9036191907037026,0.13055347620109892,1784279372.4580622,1784279373.90867,1784279373.183366,1.27643387,"[dac] CH_A set to +2.904 V (code=42282)
"
566,32,1,2.9036191907037026,3.034172666904801,0.13055347620109847,1784279373.908876,1784279375.351068,1784279374.629972,1.24962156,"[dac] CH_A set to +3.034 V (code=42710)
"
567,32,2,3.034172666904801,3.1647261431058995,0.13055347620109847,1784279375.351263,1784279376.790932,1784279376.0710974,1.21342493,"[dac] CH_A set to +3.165 V (code=43137)
"
568,32,3,3.1647261431058995,3.2952796193069984,0.13055347620109892,1784279376.791121,1784279378.229536,1784279377.5103285,1.16382214,"[dac] CH_A set to +3.295 V (code=43565)
"
569,32,4,3.2952796193069984,3.4258330955080973,0.13055347620109892,1784279378.229731,1784279379.6594,1784279378.9445655,1.12896613,"[dac] CH_A set to +3.426 V (code=43993)
"
570,32,5,3.4258330955080973,3.556386571709196,0.13055347620109847,1784279379.65962,1784279381.0975559,1784279380.378588,1.04718856,"[dac] CH_A set to +3.556 V (code=44421)
"
571,32,6,3.556386571709196,3.6869400479102943,0.13055347620109847,1784279381.09778,1784279382.5307038,1784279381.814242,0.99892639,"[dac] CH_A set to +3.687 V (code=44849)
"
572,32,7,3.6869400479102943,3.817493524111393,0.13055347620109892,1784279382.530883,1784279383.9789708,1784279383.254927,0.941279908,"[dac] CH_A set to +3.818 V (code=45276)
"
573,33,0,3.948047000312492,4.013323738413042,0.06527673810054946,1784279394.238378,1784279395.676276,1784279394.957327,0.851458646,"[dac] CH_A set to +4.013 V (code=45918)
"
574,33,1,4.013323738413042,4.078600476513591,0.06527673810054946,1784279395.676472,1784279397.105939,1784279396.3912053,0.787109085,"[dac] CH_A set to +4.079 V (code=46132)
"
575,34,0,3.948047000312492,3.817493524111393,-0.13055347620109892,1784279407.34182,1784279408.774723,1784279408.0582714,0.937258061,"[dac] CH_A set to +3.818 V (code=45276)
"
576,34,1,3.817493524111393,3.6869400479102947,-0.13055347620109847,1784279408.7749052,1784279410.213439,1784279409.494172,0.980157768,"[dac] CH_A set to +3.687 V (code=44849)
"
577,34,2,3.6869400479102947,3.5563865717091963,-0.13055347620109847,1784279410.21366,1784279411.650097,1784279410.9318786,1.05255102,"[dac] CH_A set to +3.556 V (code=44421)
"
578,34,3,3.5563865717091963,3.4258330955080973,-0.13055347620109892,1784279411.6502888,1784279413.0903099,1784279412.3702993,1.07668211,"[dac] CH_A set to +3.426 V (code=43993)
"
579,34,4,3.4258330955080973,3.2952796193069984,-0.13055347620109892,1784279413.090513,1784279414.524946,1784279413.8077295,1.13432859,"[dac] CH_A set to +3.295 V (code=43565)
"
580,34,5,3.2952796193069984,3.1647261431059,-0.13055347620109847,1784279414.525246,1784279415.954516,1784279415.239881,1.19063446,"[dac] CH_A set to +3.165 V (code=43137)
"
581,34,6,3.1647261431059,3.0341726669048015,-0.13055347620109847,1784279415.9546921,1784279417.387989,1784279416.6713405,1.25632463,"[dac] CH_A set to +3.034 V (code=42710)
"
582,34,7,3.0341726669048015,2.9036191907037026,-0.13055347620109892,1784279417.3881862,1784279418.827132,1784279418.107659,1.24828094,"[dac] CH_A set to +2.904 V (code=42282)
"
583,34,8,2.9036191907037026,2.7730657145026036,-0.13055347620109892,1784279418.827337,1784279420.26703,1784279419.5471835,1.32201481,"[dac] CH_A set to +2.773 V (code=41854)
"
584,34,9,2.7730657145026036,2.642512238301505,-0.13055347620109847,1784279420.267225,1784279421.696091,1784279420.981658,1.37966129,"[dac] CH_A set to +2.642 V (code=41426)
"
585,34,10,2.642512238301505,2.5119587621004067,-0.13055347620109847,1784279421.696276,1784279423.127121,1784279422.4116983,1.37698006,"[dac] CH_A set to +2.512 V (code=40999)
"
586,34,11,2.5119587621004067,2.3814052858993078,-0.13055347620109892,1784279423.127294,1784279424.564478,1784279423.845886,1.40915484,"[dac] CH_A set to +2.381 V (code=40571)
"
587,34,12,2.3814052858993078,2.250851809698209,-0.13055347620109892,1784279424.564693,1784279425.998359,1784279425.281526,1.41719854,"[dac] CH_A set to +2.251 V (code=40143)
"
588,34,13,2.250851809698209,2.1202983334971104,-0.13055347620109847,1784279425.998559,1784279427.424958,1784279426.7117586,1.46277948,"[dac] CH_A set to +2.120 V (code=39715)
"
589,34,14,2.1202983334971104,1.9897448572960117,-0.1305534762010987,1784279427.4251451,1784279428.857514,1784279428.1413295,1.49227303,"[dac] CH_A set to +1.990 V (code=39287)
"
590,34,15,1.9897448572960117,1.859191381094913,-0.1305534762010987,1784279428.857721,1784279430.293949,1784279429.575835,1.48422933,"[dac] CH_A set to +1.859 V (code=38860)
"
591,34,16,1.859191381094913,1.728637904893814,-0.13055347620109892,1784279430.294162,1784279431.725203,1784279431.0096827,1.48691056,"[dac] CH_A set to +1.729 V (code=38432)
"
592,34,17,1.728637904893814,1.5980844286927156,-0.13055347620109847,1784279431.725408,1784279433.166761,1784279432.4460845,1.5070198,"[dac] CH_A set to +1.598 V (code=38004)
"
593,34,18,1.5980844286927156,1.4675309524916171,-0.13055347620109847,1784279433.166972,1784279434.598475,1784279433.8827233,1.53919458,"[dac] CH_A set to +1.467 V (code=37576)
"
594,34,19,1.4675309524916171,1.3369774762905182,-0.13055347620109892,1784279434.5986838,1784279436.0254211,1784279435.3120525,1.47618564,"[dac] CH_A set to +1.337 V (code=37149)
"
595,34,20,1.3369774762905182,1.2064240000894193,-0.13055347620109892,1784279436.025631,1784279437.46722,1784279436.7464256,1.4989761,"[dac] CH_A set to +1.206 V (code=36721)
"
596,34,21,1.2064240000894193,1.0758705238883208,-0.13055347620109847,1784279437.4674351,1784279438.905362,1784279438.1863985,1.52846965,"[dac] CH_A set to +1.076 V (code=36293)
"
597,34,22,1.0758705238883208,0.9453170476872224,-0.13055347620109847,1784279438.905557,1784279440.329642,1784279439.6175995,1.4560764,"[dac] CH_A set to +0.945 V (code=35865)
"
598,34,23,0.9453170476872224,0.8147635714861234,-0.13055347620109892,1784279440.329854,1784279441.766264,1784279441.048059,1.42122038,"[dac] CH_A set to +0.815 V (code=35437)
"
599,34,24,0.8147635714861234,0.6842100952850245,-0.13055347620109892,1784279441.7664828,1784279443.210171,1784279442.488327,1.42658285,"[dac] CH_A set to +0.684 V (code=35009)
"
600,34,25,0.6842100952850245,0.553656619083926,-0.13055347620109847,1784279443.2104168,1784279444.632637,1784279443.921527,1.3970893,"[dac] CH_A set to +0.554 V (code=34582)
"
601,34,26,0.553656619083926,0.4231031428828276,-0.13055347620109847,1784279444.632855,1784279446.058534,1784279445.3456945,1.33676159,"[dac] CH_A set to +0.423 V (code=34154)
"
602,34,27,0.4231031428828276,0.29254966668172866,-0.13055347620109892,1784279446.058752,1784279447.504229,1784279446.7814906,1.31665235,"[dac] CH_A set to +0.292 V (code=33726)
"
603,34,28,0.29254966668172866,0.16199619048062974,-0.13055347620109892,1784279447.504416,1784279448.928731,1784279448.2165735,1.27643387,"[dac] CH_A set to +0.162 V (code=33298)
"
604,34,29,0.16199619048062974,0.03144271427953127,-0.13055347620109847,1784279448.9289448,1784279450.361342,1784279449.6451435,1.2616871,"[dac] CH_A set to +0.031 V (code=32870)
"
605,34,30,0.03144271427953127,-0.0991107619215672,-0.13055347620109847,1784279450.361546,1784279451.7939122,1784279451.0777292,1.18125015,"[dac] CH_A set to -0.099 V (code=32443)
"
606,34,31,-0.0991107619215672,-0.22966423812266612,-0.13055347620109892,1784279451.794115,1784279453.233143,1784279452.513629,1.1517566,"[dac] CH_A set to -0.230 V (code=32015)
"
607,34,32,-0.22966423812266612,-0.36021771432376504,-0.13055347620109892,1784279453.233361,1784279454.6769018,1784279453.9551315,1.07534149,"[dac] CH_A set to -0.360 V (code=31587)
"
608,34,33,-0.36021771432376504,-0.49077119052486395,-0.13055347620109892,1784279454.677092,1784279456.114604,1784279455.395848,1.03512302,"[dac] CH_A set to -0.491 V (code=31159)
"
609,34,34,-0.49077119052486395,-0.621324666725962,-0.13055347620109803,1784279456.114788,1784279457.5592582,1784279456.8370233,0.982839,"[dac] CH_A set to -0.621 V (code=30732)
"
610,34,35,-0.621324666725962,-0.7518781429270609,-0.13055347620109892,1784279457.5594711,1784279458.9970748,1784279458.278273,0.867546036,"[dac] CH_A set to -0.752 V (code=30304)
"
611,34,36,-0.7518781429270609,-0.8824316191281598,-0.13055347620109892,1784279458.997243,1784279460.425478,1784279459.7113605,1.2871588,"[dac] CH_A set to -0.882 V (code=29876)
[dac] CH_A set to +0.292 V (code=33726)
"
612,34,37,-0.8824316191281598,-1.0129850953292578,-0.13055347620109803,1784279460.4256902,1784279461.8403819,1784279461.1330361,0.823305713,"[dac] CH_A set to -1.013 V (code=29448)
"
613,34,38,-1.0129850953292578,-1.1435385715303568,-0.13055347620109892,1784279461.840586,1784279463.2700841,1784279462.555335,0.75627492,"[dac] CH_A set to -1.143 V (code=29021)
"
614,34,39,-1.1435385715303568,-1.2740920477314557,-0.13055347620109892,1784279463.2702851,1784279464.7019038,1784279463.9860945,0.695947207,"[dac] CH_A set to -1.274 V (code=28593)
"
615,34,40,-1.2740920477314557,-1.4046455239325546,-0.13055347620109892,1784279464.702113,1784279466.139146,1784279465.4206295,0.602104097,"[dac] CH_A set to -1.405 V (code=28165)
"
616,34,41,-1.4046455239325546,-1.5351990001336535,-0.13055347620109892,1784279466.139342,1784279467.5759559,1784279466.8576488,0.571269932,"[dac] CH_A set to -1.535 V (code=27737)
"
617,34,42,-1.5351990001336535,-1.6657524763347515,-0.13055347620109803,1784279467.576144,1784279469.022746,1784279468.2994452,0.524348377,"[dac] CH_A set to -1.666 V (code=27309)
"
618,34,43,-1.6657524763347515,-1.7963059525358505,-0.13055347620109892,1784279469.022963,1784279470.4521,1784279469.7375317,0.449273889,"[dac] CH_A set to -1.796 V (code=26881)
"
619,34,44,-1.7963059525358505,-1.9268594287369494,-0.13055347620109892,1784279470.452286,1784279471.903245,1784279471.1777654,0.423802188,"[dac] CH_A set to -1.927 V (code=26454)
"
620,34,45,-1.9268594287369494,-2.0574129049380474,-0.13055347620109803,1784279471.90346,1784279473.329938,1784279472.616699,0.370177553,"[dac] CH_A set to -2.057 V (code=26026)
"
621,34,46,-2.0574129049380474,-2.1879663811391463,-0.13055347620109892,1784279473.330134,1784279474.758631,1784279474.0443826,0.331299694,"[dac] CH_A set to -2.188 V (code=25598)
"
622,35,0,-2.3185198573402452,-2.3837965954407947,-0.06527673810054946,1784279484.97567,1784279486.416624,1784279485.696147,0.246840895,"[dac] CH_A set to -2.384 V (code=24956)
"
623,35,1,-2.3837965954407947,-2.449073333541344,-0.06527673810054946,1784279486.416797,1784279487.844939,1784279487.130868,0.209303651,"[dac] CH_A set to -2.449 V (code=24742)
"
624,36,0,-2.3185198573402452,-2.1879663811391468,0.13055347620109847,1784279498.0683641,1784279499.490255,1784279498.7793097,0.273653212,"[dac] CH_A set to -2.188 V (code=25598)
"
625,36,1,-2.1879663811391468,-2.057412904938048,0.13055347620109892,1784279499.4905019,1784279500.9112341,1784279500.2008681,0.375540017,"[dac] CH_A set to -2.057 V (code=26026)
"
626,36,2,-2.057412904938048,-1.9268594287369494,0.13055347620109847,1784279500.9114702,1784279502.351279,1784279501.6313746,0.36481509,"[dac] CH_A set to -1.927 V (code=26454)
"
627,36,3,-1.9268594287369494,-1.7963059525358505,0.13055347620109892,1784279502.351485,1784279503.793941,1784279503.072713,0.437208346,"[dac] CH_A set to -1.796 V (code=26881)
"
628,36,4,-1.7963059525358505,-1.665752476334752,0.13055347620109847,1784279503.794153,1784279505.232485,1784279504.513319,0.493514212,"[dac] CH_A set to -1.666 V (code=27309)
"
629,36,5,-1.665752476334752,-1.5351990001336533,0.1305534762010987,1784279505.2326798,1784279506.66895,1784279505.950815,0.565907468,"[dac] CH_A set to -1.535 V (code=27737)
"
630,36,6,-1.5351990001336533,-1.4046455239325546,0.1305534762010987,1784279506.669182,1784279508.0966752,1784279507.3829286,0.577973011,"[dac] CH_A set to -1.405 V (code=28165)
"
631,36,7,-1.4046455239325546,-1.274092047731456,0.1305534762010987,1784279508.096886,1784279509.52622,1784279508.811553,0.657069347,"[dac] CH_A set to -1.274 V (code=28593)
"
632,36,8,-1.274092047731456,-1.1435385715303572,0.1305534762010987,1784279509.5264242,1784279510.968578,1784279510.2475011,0.693265975,"[dac] CH_A set to -1.143 V (code=29021)
"
633,36,9,-1.1435385715303572,-1.0129850953292585,0.1305534762010987,1784279510.968789,1784279512.415678,1784279511.6922336,0.765659231,"[dac] CH_A set to -1.013 V (code=29448)
"
634,36,10,-1.0129850953292585,-0.8824316191281598,0.1305534762010987,1784279512.4158888,1784279513.863567,1784279513.139728,0.820624481,"[dac] CH_A set to -0.882 V (code=29876)
"
635,36,11,-0.8824316191281598,-0.7518781429270613,0.13055347620109847,1784279513.8637462,1784279515.293163,1784279514.5784545,0.883633426,"[dac] CH_A set to -0.752 V (code=30304)
"
636,36,12,-0.7518781429270613,-0.6213246667259626,0.1305534762010987,1784279515.293355,1784279516.730635,1784279516.0119948,0.954686067,"[dac] CH_A set to -0.621 V (code=30732)
"
637,36,13,-0.6213246667259626,-0.49077119052486395,0.1305534762010987,1784279516.730839,1784279518.161407,1784279517.4461231,0.985520232,"[dac] CH_A set to -0.491 V (code=31159)
"
638,36,14,-0.49077119052486395,-0.36021771432376526,0.1305534762010987,1784279518.161633,1784279519.584241,1784279518.872937,1.05389164,"[dac] CH_A set to -0.360 V (code=31587)
"
639,36,15,-0.36021771432376526,-0.22966423812266656,0.1305534762010987,1784279519.584447,1784279521.012151,1784279520.2982988,1.11690059,"[dac] CH_A set to -0.230 V (code=32015)
"
640,36,16,-0.22966423812266656,-0.09911076192156809,0.13055347620109847,1784279521.012366,1784279522.4296901,1784279521.721028,1.15041598,"[dac] CH_A set to -0.099 V (code=32443)
"
641,36,17,-0.09911076192156809,0.031442714279530826,0.13055347620109892,1784279522.429888,1784279523.862141,1784279523.1460145,1.18661261,"[dac] CH_A set to +0.031 V (code=32870)
"
642,37,0,0.16199619048062974,0.2272729285811792,0.06527673810054946,1784279534.141649,1784279535.572451,1784279534.85705,1.28581818,"[dac] CH_A set to +0.227 V (code=33512)
"
643,37,1,0.2272729285811792,0.29254966668172866,0.06527673810054946,1784279535.57266,1784279537.0005782,1784279536.2866192,1.2871588,"[dac] CH_A set to +0.292 V (code=33726)
"
644,38,0,0.16199619048062974,0.2816702103316369,0.11967401985100717,1784279547.2453692,1784279548.6699069,1784279547.957638,1.29788373,"[dac] CH_A set to +0.282 V (code=33691)
"
645,38,1,0.2816702103316369,0.4013442301826441,0.11967401985100717,1784279548.670109,1784279550.101917,1784279549.386013,1.32737727,"[dac] CH_A set to +0.401 V (code=34082)
"
646,38,2,0.4013442301826441,0.5210182500336513,0.11967401985100723,1784279550.1021361,1784279551.542971,1784279550.8225536,1.35955206,"[dac] CH_A set to +0.521 V (code=34475)
"
647,38,3,0.5210182500336513,0.6406922698846584,0.11967401985100712,1784279551.5431628,1784279552.975441,1784279552.259302,1.37295821,"[dac] CH_A set to +0.641 V (code=34867)
"
648,38,4,0.6406922698846584,0.7603662897356657,0.11967401985100723,1784279552.9756548,1784279554.413737,1784279553.694696,1.42658285,"[dac] CH_A set to +0.760 V (code=35259)
"
649,38,5,0.7603662897356657,0.8800403095866729,0.11967401985100723,1784279554.4139361,1784279555.833451,1784279555.1236935,1.42792346,"[dac] CH_A set to +0.880 V (code=35651)
"
650,38,6,0.8800403095866729,0.99971432943768,0.11967401985100712,1784279555.833645,1784279557.273029,1784279556.553337,1.48288871,"[dac] CH_A set to +1.000 V (code=36043)
"
651,38,7,0.99971432943768,1.1193883492886871,0.11967401985100712,1784279557.273236,1784279558.7133691,1784279557.9933026,1.46948256,"[dac] CH_A set to +1.119 V (code=36435)
"
652,38,8,1.1193883492886871,1.2390623691396945,0.11967401985100734,1784279558.713582,1784279560.142644,1784279559.428113,1.47752625,"[dac] CH_A set to +1.239 V (code=36828)
"
653,38,9,1.2390623691396945,1.3587363889907016,0.11967401985100712,1784279560.142859,1784279561.570684,1784279560.8567715,1.50567918,"[dac] CH_A set to +1.359 V (code=37220)
"
654,38,10,1.3587363889907016,1.4784104088417087,0.11967401985100712,1784279561.5708952,1784279563.006188,1784279562.2885416,1.4989761,"[dac] CH_A set to +1.478 V (code=37612)
"
655,38,11,1.4784104088417087,1.598084428692716,0.11967401985100734,1784279563.006397,1784279564.451966,1784279563.7291815,1.52042596,"[dac] CH_A set to +1.598 V (code=38004)
"
656,39,0,1.4675309524916171,1.4022542143910677,-0.06527673810054946,1784279574.671974,1784279576.107235,1784279575.3896046,1.50567918,"[dac] CH_A set to +1.402 V (code=37362)
"
657,39,1,1.4022542143910677,1.3369774762905182,-0.06527673810054946,1784279576.107434,1784279577.5537438,1784279576.8305888,1.4815481,"[dac] CH_A set to +1.337 V (code=37149)
"
658,40,0,1.4675309524916171,1.5980844286927158,0.1305534762010987,1784279587.786348,1784279589.22217,1784279588.504259,1.49629487,"[dac] CH_A set to +1.598 V (code=38004)
"
659,40,1,1.5980844286927158,1.7286379048938145,0.1305534762010987,1784279589.222395,1784279590.6694899,1784279589.9459424,1.48556995,"[dac] CH_A set to +1.729 V (code=38432)
"
660,40,2,1.7286379048938145,1.8591913810949132,0.1305534762010987,1784279590.6696808,1784279592.1132019,1784279591.3914413,1.48020748,"[dac] CH_A set to +1.859 V (code=38860)
"
661,40,3,1.8591913810949132,1.989744857296012,0.1305534762010987,1784279592.113407,1784279593.549118,1784279592.8312626,1.48422933,"[dac] CH_A set to +1.990 V (code=39287)
"
662,40,4,1.989744857296012,2.120298333497111,0.13055347620109892,1784279593.549332,1784279594.986016,1784279594.267674,1.47484502,"[dac] CH_A set to +2.120 V (code=39715)
"
663,40,5,2.120298333497111,2.2508518096982093,0.13055347620109847,1784279594.986221,1784279596.416211,1784279595.701216,1.46412009,"[dac] CH_A set to +2.251 V (code=40143)
"
664,40,6,2.2508518096982093,2.3814052858993078,0.13055347620109847,1784279596.416407,1784279597.846303,1784279597.131355,1.44132962,"[dac] CH_A set to +2.381 V (code=40571)
"
665,40,7,2.3814052858993078,2.5119587621004067,0.13055347620109892,1784279597.846495,1784279599.2628381,1784279598.5546665,1.40647361,"[dac] CH_A set to +2.512 V (code=40999)
"
666,40,8,2.5119587621004067,2.6425122383015056,0.13055347620109892,1784279599.2630389,1784279600.679125,1784279599.971082,1.3890456,"[dac] CH_A set to +2.642 V (code=41426)
"
667,40,9,2.6425122383015056,2.773065714502604,0.13055347620109847,1784279600.679353,1784279602.117375,1784279601.398364,1.35284898,"[dac] CH_A set to +2.773 V (code=41854)
"
668,40,10,2.773065714502604,2.9036191907037026,0.13055347620109847,1784279602.117595,1784279603.5394921,1784279602.8285437,1.30726804,"[dac] CH_A set to +2.904 V (code=42282)
"
669,40,11,2.9036191907037026,3.0341726669048015,0.13055347620109892,1784279603.539698,1784279604.9612522,1784279604.250475,1.27375264,"[dac] CH_A set to +3.034 V (code=42710)
"
670,41,0,3.1647261431059004,3.23000288120645,0.06527673810054946,1784279615.2549388,1784279616.681605,1784279615.968272,1.17588768,"[dac] CH_A set to +3.230 V (code=43351)
"
671,41,1,3.23000288120645,3.2952796193069993,0.06527673810054946,1784279616.68181,1784279618.10937,1784279617.3955898,1.15711906,"[dac] CH_A set to +3.295 V (code=43565)
"
672,42,0,3.1647261431059004,3.037799152354832,-0.1269269907510684,1784279628.3468428,1784279629.7735019,1784279629.0601723,1.2616871,"[dac] CH_A set to +3.038 V (code=42722)
"
673,42,1,3.037799152354832,2.910872161603764,-0.12692699075106795,1784279629.773696,1784279631.203008,1784279630.4883518,1.29252126,"[dac] CH_A set to +2.911 V (code=42306)
"
674,42,2,2.910872161603764,2.7839451708526957,-0.1269269907510684,1784279631.2032,1784279632.622017,1784279631.9126086,1.3126305,"[dac] CH_A set to +2.784 V (code=41890)
"
675,42,3,2.7839451708526957,2.6570181801016277,-0.12692699075106795,1784279632.622236,1784279634.071357,1784279633.3467965,1.37563945,"[dac] CH_A set to +2.657 V (code=41474)
"
676,42,4,2.6570181801016277,2.5300911893505593,-0.1269269907510684,1784279634.071531,1784279635.500778,1784279634.7861545,1.37295821,"[dac] CH_A set to +2.530 V (code=41058)
"
677,42,5,2.5300911893505593,2.403164198599491,-0.1269269907510684,1784279635.500988,1784279636.928952,1784279636.21497,1.41853915,"[dac] CH_A set to +2.403 V (code=40642)
"
678,42,6,2.403164198599491,2.276237207848423,-0.12692699075106795,1784279636.929159,1784279638.369287,1784279637.6492229,1.46412009,"[dac] CH_A set to +2.276 V (code=40226)
"
679,42,7,2.276237207848423,2.149310217097355,-0.12692699075106795,1784279638.369486,1784279639.794997,1784279639.0822415,1.44132962,"[dac] CH_A set to +2.149 V (code=39810)
"
680,42,8,2.149310217097355,2.0223832263462866,-0.1269269907510684,1784279639.7951849,1784279641.2306528,1784279640.512919,1.48556995,"[dac] CH_A set to +2.022 V (code=39394)
"
681,42,9,2.0223832263462866,1.8954562355952185,-0.12692699075106817,1784279641.2308638,1784279642.670453,1784279641.9506583,1.50031672,"[dac] CH_A set to +1.895 V (code=38979)
"
682,42,10,1.8954562355952185,1.7685292448441503,-0.12692699075106817,1784279642.670677,1784279644.109914,1784279643.3902955,1.48691056,"[dac] CH_A set to +1.768 V (code=38562)
"
683,42,11,1.7685292448441503,1.641602254093082,-0.1269269907510684,1784279644.110098,1784279645.5428421,1784279644.82647,1.53785396,"[dac] CH_A set to +1.642 V (code=38147)
"
684,42,12,1.641602254093082,1.5146752633420137,-0.12692699075106817,1784279645.54304,1784279646.9821749,1784279646.2626076,1.48020748,"[dac] CH_A set to +1.515 V (code=37731)
"
685,42,13,1.5146752633420137,1.3877482725909456,-0.12692699075106817,1784279646.982383,1784279648.400237,1784279647.69131,1.51774473,"[dac] CH_A set to +1.388 V (code=37315)
"
686,42,14,1.3877482725909456,1.2608212818398774,-0.12692699075106817,1784279648.40044,1784279649.8258371,1784279649.1131387,1.50031672,"[dac] CH_A set to +1.261 V (code=36899)
"
687,42,15,1.2608212818398774,1.1338942910888092,-0.12692699075106817,1784279649.826036,1784279651.2574909,1784279650.5417633,1.49093241,"[dac] CH_A set to +1.134 V (code=36483)
"
688,42,16,1.1338942910888092,1.0069673003377408,-0.1269269907510684,1784279651.2577019,1784279652.701065,1784279651.9793835,1.46546071,"[dac] CH_A set to +1.007 V (code=36067)
"
689,42,17,1.0069673003377408,0.8800403095866729,-0.12692699075106795,1784279652.701282,1784279654.126515,1784279653.4138985,1.44267024,"[dac] CH_A set to +0.880 V (code=35651)
"
690,42,18,0.8800403095866729,0.7531133188356045,-0.1269269907510684,1784279654.126733,1784279655.554183,1784279654.840458,1.41451731,"[dac] CH_A set to +0.753 V (code=35235)
"
691,42,19,0.7531133188356045,0.6261863280845366,-0.12692699075106795,1784279655.554374,1784279656.985151,1784279656.2697625,1.38636437,"[dac] CH_A set to +0.626 V (code=34819)
"
692,42,20,0.6261863280845366,0.49925933733346817,-0.1269269907510684,1784279656.985378,1784279658.427657,1784279657.7065175,1.41317669,"[dac] CH_A set to +0.499 V (code=34404)
"
693,42,21,0.49925933733346817,0.3723323465824002,-0.12692699075106795,1784279658.4278631,1784279659.85939,1784279659.1436267,1.33944282,"[dac] CH_A set to +0.372 V (code=33987)
"
694,42,22,0.3723323465824002,0.24540535583133183,-0.1269269907510684,1784279659.8595788,1784279661.2891688,1784279660.5743737,1.2791151,"[dac] CH_A set to +0.245 V (code=33572)
"
695,42,23,0.24540535583133183,0.11847836508026344,-0.1269269907510684,1784279661.289383,1784279662.728916,1784279662.0091496,1.24962156,"[dac] CH_A set to +0.119 V (code=33156)
"
696,42,24,0.11847836508026344,-0.00844862567080451,-0.12692699075106795,1784279662.729126,1784279664.172069,1784279663.4505975,1.2281717,"[dac] CH_A set to -0.008 V (code=32740)
"
697,42,25,-0.00844862567080451,-0.1353756164218729,-0.1269269907510684,1784279664.172213,1784279665.603319,1784279664.887766,1.18259076,"[dac] CH_A set to -0.135 V (code=32324)
"
698,42,26,-0.1353756164218729,-0.26230260717294085,-0.12692699075106795,1784279665.6035311,1784279667.042718,1784279666.3231244,1.16382214,"[dac] CH_A set to -0.262 V (code=31908)
"
699,42,27,-0.26230260717294085,-0.38922959792400924,-0.1269269907510684,1784279667.042901,1784279668.489556,1784279667.7662287,1.06997903,"[dac] CH_A set to -0.389 V (code=31492)
"
700,42,28,-0.38922959792400924,-0.5161565886750772,-0.12692699075106795,1784279668.489795,1784279669.93344,1784279669.2116175,1.0337824,"[dac] CH_A set to -0.516 V (code=31076)
"
701,42,29,-0.5161565886750772,-0.6430835794261456,-0.1269269907510684,1784279669.9336362,1784279671.3609622,1784279670.6472993,0.980157768,"[dac] CH_A set to -0.643 V (code=30660)
"
702,42,30,-0.6430835794261456,-0.7700105701772135,-0.12692699075106795,1784279671.361158,1784279672.786798,1784279672.073978,0.895698969,"[dac] CH_A set to -0.770 V (code=30244)
"
703,42,31,-0.7700105701772135,-0.8969375609282819,-0.1269269907510684,1784279672.786999,1784279674.2164638,1784279673.5017314,0.856821109,"[dac] CH_A set to -0.897 V (code=29829)
"
704,42,32,-0.8969375609282819,-1.0238645516793499,-0.12692699075106795,1784279674.2166479,1784279675.63746,1784279674.927054,0.776384158,"[dac] CH_A set to -1.024 V (code=29412)
"
705,42,33,-1.0238645516793499,-1.1507915424304187,-0.12692699075106884,1784279675.637681,1784279677.075725,1784279676.356703,0.754934304,"[dac] CH_A set to -1.151 V (code=28997)
"
706,42,34,-1.1507915424304187,-1.2777185331814866,-0.12692699075106795,1784279677.075933,1784279678.501811,1784279677.788872,0.68522228,"[dac] CH_A set to -1.278 V (code=28581)
"
707,42,35,-1.2777185331814866,-1.4046455239325542,-0.1269269907510675,1784279678.502018,1784279679.930376,1784279679.216197,0.619532103,"[dac] CH_A set to -1.405 V (code=28165)
"
708,43,0,-1.535199000133653,-1.6004757382342025,-0.06527673810054946,1784279690.1653178,1784279691.6126301,1784279690.888974,0.553841926,"[dac] CH_A set to -1.600 V (code=27523)
"
709,43,1,-1.6004757382342025,-1.665752476334752,-0.06527673810054946,1784279691.612843,1784279693.0415108,1784279692.327177,0.533732688,"[dac] CH_A set to -1.666 V (code=27309)
"
710,44,0,-1.535199000133653,-1.4046455239325544,0.1305534762010987,1784279703.268227,1784279704.7034261,1784279703.9858265,0.612829023,"[dac] CH_A set to -1.405 V (code=28165)
"
711,44,1,-1.4046455239325544,-1.2740920477314557,0.1305534762010987,1784279704.7036102,1784279706.142025,1784279705.4228177,0.635619493,"[dac] CH_A set to -1.274 V (code=28593)
"
712,44,2,-1.2740920477314557,-1.1435385715303572,0.13055347620109847,1784279706.142244,1784279707.571563,1784279706.8569036,0.722759524,"[dac] CH_A set to -1.143 V (code=29021)
"
713,44,3,-1.1435385715303572,-1.0129850953292583,0.13055347620109892,1784279707.5717828,1784279709.008729,1784279708.290256,0.773702926,"[dac] CH_A set to -1.013 V (code=29448)
"
714,44,4,-1.0129850953292583,-0.8824316191281597,0.13055347620109858,1784279709.00894,1784279710.44959,1784279709.729265,0.819283865,"[dac] CH_A set to -0.882 V (code=29876)
"
715,44,5,-0.8824316191281597,-0.7518781429270611,0.13055347620109858,1784279710.44981,1784279711.8896818,1784279711.169746,0.876930347,"[dac] CH_A set to -0.752 V (code=30304)
"
716,44,6,-0.7518781429270611,-0.6213246667259624,0.1305534762010987,1784279711.889892,1784279713.321122,1784279712.605507,0.94396114,"[dac] CH_A set to -0.621 V (code=30732)
"
717,44,7,-0.6213246667259624,-0.49077119052486373,0.1305534762010987,1784279713.321343,1784279714.76838,1784279714.0448613,0.980157768,"[dac] CH_A set to -0.491 V (code=31159)
"
718,44,8,-0.49077119052486373,-0.36021771432376504,0.1305534762010987,1784279714.7685928,1784279716.199264,1784279715.4839284,1.04048548,"[dac] CH_A set to -0.360 V (code=31587)
"
719,44,9,-0.36021771432376504,-0.22966423812266634,0.1305534762010987,1784279716.199475,1784279717.63812,1784279716.9187975,1.10215381,"[dac] CH_A set to -0.230 V (code=32015)
"
720,44,10,-0.22966423812266634,-0.09911076192156765,0.1305534762010987,1784279717.6383371,1784279719.0651698,1784279718.3517535,1.16248152,"[dac] CH_A set to -0.099 V (code=32443)
"
721,44,11,-0.09911076192156765,0.031442714279530826,0.13055347620109847,1784279719.065363,1784279720.5051,1784279719.7852316,1.19867815,"[dac] CH_A set to +0.031 V (code=32870)
"
722,44,12,0.031442714279530826,0.16199619048062952,0.1305534762010987,1784279720.5052958,1784279721.9457211,1784279721.2255085,1.26570895,"[dac] CH_A set to +0.162 V (code=33298)
"
723,44,13,0.16199619048062952,0.2925496666817282,0.1305534762010987,1784279721.945956,1784279723.384096,1784279722.665026,1.27643387,"[dac] CH_A set to +0.292 V (code=33726)
"
724,44,14,0.2925496666817282,0.4231031428828269,0.1305534762010987,1784279723.384285,1784279724.818984,1784279724.1016345,1.34882713,"[dac] CH_A set to +0.423 V (code=34154)
"
725,44,15,0.4231031428828269,0.5536566190839256,0.1305534762010987,1784279724.8191512,1784279726.246867,1784279725.533009,1.35821144,"[dac] CH_A set to +0.554 V (code=34582)
"
726,45,0,0.6842100952850245,0.749486833385574,0.06527673810054946,1784279736.497649,1784279737.9331079,1784279737.2153783,1.39574868,"[dac] CH_A set to +0.749 V (code=35223)
"
727,45,1,0.749486833385574,0.8147635714861234,0.06527673810054946,1784279737.93331,1784279739.3689852,1784279738.6511476,1.42658285,"[dac] CH_A set to +0.815 V (code=35437)
"
728,46,0,0.6842100952850245,0.7821252024358487,0.09791510715082419,1784279749.598809,1784279751.014111,1784279750.30646,1.45741701,"[dac] CH_A set to +0.782 V (code=35330)
"
729,46,1,0.7821252024358487,0.8800403095866729,0.09791510715082419,1784279751.0142899,1784279752.4581509,1784279751.7362204,1.45473578,"[dac] CH_A set to +0.880 V (code=35651)
"
730,46,2,0.8800403095866729,0.9779554167374971,0.09791510715082419,1784279752.458356,1784279753.8974452,1784279753.1779006,1.42658285,"[dac] CH_A set to +0.978 V (code=35972)
"
731,46,3,0.9779554167374971,1.0758705238883213,0.09791510715082419,1784279753.897674,1784279755.316801,1784279754.6072376,1.45473578,"[dac] CH_A set to +1.076 V (code=36293)
"
732,47,0,0.9453170476872224,0.8800403095866729,-0.06527673810054946,1784279765.5932071,1784279767.0491362,1784279766.3211718,1.4306047,"[dac] CH_A set to +0.880 V (code=35651)
"
733,47,1,0.8800403095866729,0.8147635714861234,-0.06527673810054946,1784279767.0493472,1784279768.495183,1784279767.772265,1.41585792,"[dac] CH_A set to +0.815 V (code=35437)
"
734,48,0,0.9453170476872224,1.075870523888321,0.1305534762010987,1784279778.6867478,1784279780.115217,1784279779.4009824,1.4560764,"[dac] CH_A set to +1.076 V (code=36293)
"
735,48,1,1.075870523888321,1.2064240000894197,0.1305534762010987,1784279780.115427,1784279781.53731,1784279780.8263683,1.50299795,"[dac] CH_A set to +1.206 V (code=36721)
"
736,48,2,1.2064240000894197,1.3369774762905182,0.13055347620109847,1784279781.5374908,1784279782.9749298,1784279782.2562103,1.49227303,"[dac] CH_A set to +1.337 V (code=37149)
"
737,48,3,1.3369774762905182,1.4675309524916171,0.13055347620109892,1784279782.975148,1784279784.413016,1784279783.694082,1.51104165,"[dac] CH_A set to +1.467 V (code=37576)
"
738,48,4,1.4675309524916171,1.5980844286927156,0.13055347620109847,1784279784.4132302,1784279785.8583128,1784279785.1357715,1.49227303,"[dac] CH_A set to +1.598 V (code=38004)
"
739,48,5,1.5980844286927156,1.7286379048938143,0.1305534762010987,1784279785.858523,1784279787.2959008,1784279786.5772119,1.53785396,"[dac] CH_A set to +1.729 V (code=38432)
"
740,48,6,1.7286379048938143,1.859191381094913,0.1305534762010987,1784279787.296083,1784279788.734967,1784279788.0155249,1.50031672,"[dac] CH_A set to +1.859 V (code=38860)
"
741,48,7,1.859191381094913,1.9897448572960117,0.1305534762010987,1784279788.735181,1784279790.167051,1784279789.451116,1.49763549,"[dac] CH_A set to +1.990 V (code=39287)
"
742,48,8,1.9897448572960117,2.1202983334971104,0.1305534762010987,1784279790.167261,1784279791.60052,1784279790.8838904,1.52981027,"[dac] CH_A set to +2.120 V (code=39715)
"
743,48,9,2.1202983334971104,2.250851809698209,0.13055347620109847,1784279791.6007118,1784279793.0381389,1784279792.3194253,1.44937332,"[dac] CH_A set to +2.251 V (code=40143)
"
744,48,10,2.250851809698209,2.3814052858993078,0.13055347620109892,1784279793.038344,1784279794.472236,1784279793.75529,1.41317669,"[dac] CH_A set to +2.381 V (code=40571)
"
745,48,11,2.3814052858993078,2.5119587621004063,0.13055347620109847,1784279794.472438,1784279795.909128,1784279795.190783,1.40915484,"[dac] CH_A set to +2.512 V (code=40999)
"
746,48,12,2.5119587621004063,2.6425122383015047,0.13055347620109847,1784279795.9093409,1784279797.335298,1784279796.6223195,1.39440807,"[dac] CH_A set to +2.642 V (code=41426)
"
747,48,13,2.6425122383015047,2.7730657145026036,0.13055347620109892,1784279797.335519,1784279798.77294,1784279798.0542295,1.32201481,"[dac] CH_A set to +2.773 V (code=41854)
"
748,48,14,2.7730657145026036,2.9036191907037026,0.13055347620109892,1784279798.773112,1784279800.2032828,1784279799.4881973,1.31397112,"[dac] CH_A set to +2.904 V (code=42282)
"
749,48,15,2.9036191907037026,3.034172666904801,0.13055347620109847,1784279800.2034612,1784279801.642451,1784279800.922956,1.27375264,"[dac] CH_A set to +3.034 V (code=42710)
"
750,48,16,3.034172666904801,3.1647261431058995,0.13055347620109847,1784279801.642661,1784279803.068745,1784279802.3557029,1.21208431,"[dac] CH_A set to +3.165 V (code=43137)
"
751,48,17,3.1647261431058995,3.2952796193069984,0.13055347620109892,1784279803.068943,1784279804.503092,1784279803.7860174,1.15980029,"[dac] CH_A set to +3.295 V (code=43565)
"
752,48,18,3.2952796193069984,3.425833095508097,0.13055347620109847,1784279804.503318,1784279805.9425752,1784279805.2229466,1.14103167,"[dac] CH_A set to +3.426 V (code=43993)
"
753,48,19,3.425833095508097,3.556386571709196,0.13055347620109892,1784279805.942764,1784279807.374597,1784279806.6586804,1.03914487,"[dac] CH_A set to +3.556 V (code=44421)
"
754,48,20,3.556386571709196,3.6869400479102943,0.13055347620109847,1784279807.3748622,1784279808.816142,1784279808.0955021,0.970773457,"[dac] CH_A set to +3.687 V (code=44849)
"
755,48,21,3.6869400479102943,3.817493524111393,0.13055347620109892,1784279808.816336,1784279810.249635,1784279809.5329854,0.953345451,"[dac] CH_A set to +3.818 V (code=45276)
"
756,48,22,3.817493524111393,3.9480470003124917,0.13055347620109847,1784279810.249859,1784279811.683676,1784279810.9667675,0.894358353,"[dac] CH_A set to +3.948 V (code=45704)
"
757,48,23,3.9480470003124917,4.07860047651359,0.13055347620109847,1784279811.683893,1784279813.1200671,1784279812.40198,0.843414951,"[dac] CH_A set to +4.079 V (code=46132)
"
758,48,24,4.07860047651359,4.209153952714689,0.13055347620109892,1784279813.1202838,1784279814.555079,1784279813.8376813,0.808558939,"[dac] CH_A set to +4.209 V (code=46560)
"
759,48,25,4.209153952714689,4.339707428915787,0.13055347620109803,1784279814.555279,1784279815.9764612,1784279815.26587,0.702650286,"[dac] CH_A set to +4.340 V (code=46988)
"
760,48,26,4.339707428915787,4.470260905116886,0.13055347620109892,1784279815.976661,1784279817.4157069,1784279816.696184,0.654388115,"[dac] CH_A set to +4.470 V (code=47416)
"
761,48,27,4.470260905116886,4.600814381317985,0.13055347620109892,1784279817.415963,1784279818.854203,1784279818.135083,0.592719786,"[dac] CH_A set to +4.601 V (code=47843)
"
762,48,28,4.600814381317985,4.731367857519084,0.13055347620109892,1784279818.854431,1784279820.3018649,1784279819.578148,0.520326529,"[dac] CH_A set to +4.731 V (code=48271)
"
763,48,29,4.731367857519084,4.861921333720183,0.13055347620109892,1784279820.3020768,1784279821.74912,1784279821.0255985,0.472064358,"[dac] CH_A set to +4.862 V (code=48699)
"
764,48,30,4.861921333720183,4.992474809921281,0.13055347620109803,1784279821.749316,1784279823.180131,1784279822.4647236,0.391627407,"[dac] CH_A set to +4.992 V (code=49127)
"
765,48,31,4.992474809921281,5.12302828612238,0.13055347620109892,1784279823.180347,1784279824.624505,1784279823.902426,0.362133858,"[dac] CH_A set to +5.123 V (code=49554)
"
766,48,32,5.12302828612238,5.253581762323479,0.13055347620109892,1784279824.624712,1784279826.069223,1784279825.3469675,0.324596614,"[dac] CH_A set to +5.254 V (code=49982)
"
767,48,33,5.253581762323479,5.384135238524577,0.13055347620109803,1784279826.0694358,1784279827.515135,1784279826.7922854,0.265609517,"[dac] CH_A set to +5.384 V (code=50410)
"
768,48,34,5.384135238524577,5.514688714725676,0.13055347620109892,1784279827.515358,1784279828.9412212,1784279828.2282896,0.252203358,"[dac] CH_A set to +5.515 V (code=50838)
"
769,48,35,5.514688714725676,5.6452421909267745,0.13055347620109892,1784279828.9414332,1784279830.371493,1784279829.6564631,0.166403943,"[dac] CH_A set to +5.645 V (code=51265)
"
770,48,36,5.6452421909267745,5.775795667127873,0.13055347620109892,1784279830.371694,1784279831.792157,1784279831.0819254,0.148975937,"[dac] CH_A set to +5.776 V (code=51693)
"
771,49,0,5.906349143328972,5.971625881429522,0.06527673810054946,1784279842.0076501,1784279843.4454248,1784279842.7265375,0.0859669918,"[dac] CH_A set to +5.972 V (code=52335)
"
772,49,1,5.971625881429522,6.036902619530071,0.06527673810054946,1784279843.445608,1784279844.8815181,1784279844.163563,0.0819451442,"[dac] CH_A set to +6.037 V (code=52549)
"
773,50,0,5.906349143328972,5.775795667127873,-0.13055347620109892,1784279855.1207092,1784279856.5486348,1784279855.834672,0.128866699,"[dac] CH_A set to +5.776 V (code=51693)
"
774,50,1,5.775795667127873,5.6452421909267745,-0.13055347620109892,1784279856.5488489,1784279857.986869,1784279857.267859,0.175788254,"[dac] CH_A set to +5.645 V (code=51265)
"
775,50,2,5.6452421909267745,5.5146887147256765,-0.13055347620109803,1784279857.9870641,1784279859.428042,1784279858.707553,0.205281803,"[dac] CH_A set to +5.515 V (code=50838)
"
776,50,3,5.5146887147256765,5.3841352385245775,-0.13055347620109892,1784279859.428243,1784279860.8744829,1784279860.151363,0.292421834,"[dac] CH_A set to +5.384 V (code=50410)
"
777,50,4,5.3841352385245775,5.253581762323479,-0.13055347620109892,1784279860.8746948,1784279862.312161,1784279861.593428,0.266950132,"[dac] CH_A set to +5.254 V (code=49982)
"
778,50,5,5.253581762323479,5.123028286122381,-0.13055347620109803,1784279862.312382,1784279863.749176,1784279863.030779,0.351408931,"[dac] CH_A set to +5.123 V (code=49554)
"
779,50,6,5.123028286122381,4.992474809921282,-0.13055347620109892,1784279863.749397,1784279865.178227,1784279864.4638119,0.391627407,"[dac] CH_A set to +4.992 V (code=49127)
"
780,50,7,4.992474809921282,4.861921333720183,-0.13055347620109892,1784279865.178441,1784279866.6110551,1784279865.8947482,0.423802188,"[dac] CH_A set to +4.862 V (code=48699)
"
781,50,8,4.861921333720183,4.731367857519084,-0.13055347620109892,1784279866.611254,1784279868.046953,1784279867.3291035,0.510942218,"[dac] CH_A set to +4.731 V (code=48271)
"
782,50,9,4.731367857519084,4.600814381317985,-0.13055347620109892,1784279868.047159,1784279869.479441,1784279868.7633,0.535073304,"[dac] CH_A set to +4.601 V (code=47843)
"
783,50,10,4.600814381317985,4.470260905116887,-0.13055347620109803,1784279869.4796832,1784279870.904042,1784279870.1918626,0.5685887,"[dac] CH_A set to +4.470 V (code=47416)
"
784,50,11,4.470260905116887,4.339707428915788,-0.13055347620109892,1784279870.9042602,1784279872.3445692,1784279871.6244147,0.643663188,"[dac] CH_A set to +4.340 V (code=46988)
"
785,50,12,4.339707428915788,4.209153952714689,-0.13055347620109892,1784279872.344772,1784279873.780194,1784279873.062483,0.70130967,"[dac] CH_A set to +4.209 V (code=46560)
"
786,50,13,4.209153952714689,4.078600476513591,-0.13055347620109803,1784279873.78043,1784279875.206666,1784279874.493548,0.783087237,"[dac] CH_A set to +4.079 V (code=46132)
"
787,50,14,4.078600476513591,3.948047000312492,-0.13055347620109892,1784279875.206879,1784279876.6424372,1784279875.924658,0.823305713,"[dac] CH_A set to +3.948 V (code=45704)
"
788,50,15,3.948047000312492,3.817493524111393,-0.13055347620109892,1784279876.642623,1784279878.0886688,1784279877.365646,0.886314658,"[dac] CH_A set to +3.818 V (code=45276)
"
789,50,16,3.817493524111393,3.6869400479102943,-0.13055347620109892,1784279878.088886,1784279879.518385,1784279878.8036356,0.949323603,"[dac] CH_A set to +3.687 V (code=44849)
"
790,50,17,3.6869400479102943,3.556386571709196,-0.13055347620109847,1784279879.518591,1784279880.9574249,1784279880.238008,0.993563927,"[dac] CH_A set to +3.556 V (code=44421)
"
791,50,18,3.556386571709196,3.4258330955080973,-0.13055347620109847,1784279880.957665,1784279882.38738,1784279881.6725225,1.01903563,"[dac] CH_A set to +3.426 V (code=43993)
"
792,50,19,3.4258330955080973,3.2952796193069984,-0.13055347620109892,1784279882.387611,1784279883.8238258,1784279883.1057184,1.13030674,"[dac] CH_A set to +3.295 V (code=43565)
"
793,50,20,3.2952796193069984,3.1647261431058995,-0.13055347620109892,1784279883.8240352,1784279885.2555158,1784279884.5397754,1.12762551,"[dac] CH_A set to +3.165 V (code=43137)
"
794,50,21,3.1647261431058995,3.034172666904801,-0.13055347620109847,1784279885.255697,1784279886.701306,1784279885.9785016,1.17990953,"[dac] CH_A set to +3.034 V (code=42710)
"
795,50,22,3.034172666904801,2.9036191907037026,-0.13055347620109847,1784279886.7015061,1784279888.14352,1784279887.422513,1.20940308,"[dac] CH_A set to +2.904 V (code=42282)
"
796,50,23,2.9036191907037026,2.7730657145026036,-0.13055347620109892,1784279888.143748,1784279889.580229,1784279888.8619885,1.29654311,"[dac] CH_A set to +2.773 V (code=41854)
"
797,50,24,2.7730657145026036,2.6425122383015047,-0.13055347620109892,1784279889.5804439,1784279891.01267,1784279890.296557,1.31933358,"[dac] CH_A set to +2.642 V (code=41426)
"
798,50,25,2.6425122383015047,2.5119587621004063,-0.13055347620109847,1784279891.012862,1784279892.43871,1784279891.725786,1.36089267,"[dac] CH_A set to +2.512 V (code=40999)
"
799,50,26,2.5119587621004063,2.3814052858993078,-0.13055347620109847,1784279892.4388978,1784279893.878249,1784279893.1585734,1.422561,"[dac] CH_A set to +2.381 V (code=40571)
"
800,50,27,2.3814052858993078,2.250851809698209,-0.13055347620109892,1784279893.87846,1784279895.319268,1784279894.598864,1.43328593,"[dac] CH_A set to +2.251 V (code=40143)
"
801,50,28,2.250851809698209,2.12029833349711,-0.13055347620109892,1784279895.319516,1784279896.768092,1784279896.043804,1.44535147,"[dac] CH_A set to +2.120 V (code=39715)
"
802,50,29,2.12029833349711,1.9897448572960115,-0.13055347620109847,1784279896.768306,1784279898.211103,1784279897.4897046,1.44669209,"[dac] CH_A set to +1.990 V (code=39287)
"
803,50,30,1.9897448572960115,1.859191381094913,-0.13055347620109847,1784279898.2113001,1784279899.648842,1784279898.930071,1.50031672,"[dac] CH_A set to +1.859 V (code=38860)
"
804,50,31,1.859191381094913,1.728637904893814,-0.13055347620109892,1784279899.6490712,1784279901.07438,1784279900.3617256,1.51238226,"[dac] CH_A set to +1.729 V (code=38432)
"
805,50,32,1.728637904893814,1.5980844286927152,-0.13055347620109892,1784279901.07459,1784279902.5089018,1784279901.791746,1.52846965,"[dac] CH_A set to +1.598 V (code=38004)
"
806,50,33,1.5980844286927152,1.4675309524916162,-0.13055347620109892,1784279902.509104,1784279903.955761,1784279903.2324324,1.49763549,"[dac] CH_A set to +1.467 V (code=37576)
"
807,50,34,1.4675309524916162,1.3369774762905182,-0.13055347620109803,1784279903.955965,1784279905.397156,1784279904.6765604,1.49763549,"[dac] CH_A set to +1.337 V (code=37149)
"
808,50,35,1.3369774762905182,1.2064240000894193,-0.13055347620109892,1784279905.397407,1784279906.830847,1784279906.1141272,1.52846965,"[dac] CH_A set to +1.206 V (code=36721)
"
809,50,36,1.2064240000894193,1.0758705238883204,-0.13055347620109892,1784279906.831043,1784279908.2594728,1784279907.545258,1.49093241,"[dac] CH_A set to +1.076 V (code=36293)
"
810,50,37,1.0758705238883204,0.9453170476872224,-0.13055347620109803,1784279908.25969,1784279909.691255,1784279908.9754725,1.46814194,"[dac] CH_A set to +0.945 V (code=35865)
"
811,50,38,0.9453170476872224,0.8147635714861234,-0.13055347620109892,1784279909.691473,1784279911.1362739,1784279910.4138734,1.46814194,"[dac] CH_A set to +0.815 V (code=35437)
"
812,50,39,0.8147635714861234,0.6842100952850245,-0.13055347620109892,1784279911.136466,1784279912.5744488,1784279911.8554573,1.44401085,"[dac] CH_A set to +0.684 V (code=35009)
"
813,50,40,0.6842100952850245,0.5536566190839256,-0.13055347620109892,1784279912.5746539,1784279914.00961,1784279913.292132,1.40513299,"[dac] CH_A set to +0.554 V (code=34582)
"
814,50,41,0.5536566190839256,0.4231031428828267,-0.13055347620109892,1784279914.0098162,1784279915.428415,1784279914.7191157,1.40513299,"[dac] CH_A set to +0.423 V (code=34154)
"
815,50,42,0.4231031428828267,0.29254966668172866,-0.13055347620109803,1784279915.4286091,1784279916.8461518,1784279916.1373806,1.33542097,"[dac] CH_A set to +0.292 V (code=33726)
"
816,50,43,0.29254966668172866,0.16199619048062974,-0.13055347620109892,1784279916.846347,1784279918.274663,1784279917.560505,1.30592742,"[dac] CH_A set to +0.162 V (code=33298)
"
817,50,44,0.16199619048062974,0.031442714279530826,-0.13055347620109892,1784279918.274878,1784279919.707103,1784279918.9909906,1.25900587,"[dac] CH_A set to +0.031 V (code=32870)
"
818,50,45,0.031442714279530826,-0.0991107619215672,-0.13055347620109803,1784279919.7073011,1784279921.145708,1784279920.4265046,1.20404062,"[dac] CH_A set to -0.099 V (code=32443)
"
819,50,46,-0.0991107619215672,-0.22966423812266612,-0.13055347620109892,1784279921.145921,1784279922.5894148,1784279921.867668,1.15711906,"[dac] CH_A set to -0.230 V (code=32015)
"
820,50,47,-0.22966423812266612,-0.36021771432376504,-0.13055347620109892,1784279922.5896032,1784279924.020264,1784279923.3049335,1.09947258,"[dac] CH_A set to -0.360 V (code=31587)
"
821,50,48,-0.36021771432376504,-0.49077119052486395,-0.13055347620109892,1784279924.02047,1784279925.451227,1784279924.7358484,1.05791349,"[dac] CH_A set to -0.491 V (code=31159)
"
822,50,49,-0.49077119052486395,-0.6213246667259629,-0.13055347620109892,1784279925.451405,1784279926.890094,1784279926.1707497,1.00428885,"[dac] CH_A set to -0.621 V (code=30732)
"
823,50,50,-0.6213246667259629,-0.7518781429270609,-0.13055347620109803,1784279926.890291,1784279928.319226,1784279927.6047585,0.953345451,"[dac] CH_A set to -0.752 V (code=30304)
"
824,50,51,-0.7518781429270609,-0.8824316191281598,-0.13055347620109892,1784279928.319424,1784279929.7585762,1784279929.039,0.918489439,"[dac] CH_A set to -0.882 V (code=29876)
"
825,50,52,-0.8824316191281598,-1.0129850953292587,-0.13055347620109892,1784279929.758765,1784279931.197324,1784279930.4780445,0.83403064,"[dac] CH_A set to -1.013 V (code=29448)
"
826,50,53,-1.0129850953292587,-1.1435385715303568,-0.13055347620109803,1784279931.197539,1784279932.626126,1784279931.9118326,0.783087237,"[dac] CH_A set to -1.143 V (code=29021)
"
827,50,54,-1.1435385715303568,-1.2740920477314557,-0.13055347620109892,1784279932.626336,1784279934.066632,1784279933.3464842,0.745549993,"[dac] CH_A set to -1.274 V (code=28593)
"
828,50,55,-1.2740920477314557,-1.4046455239325546,-0.13055347620109892,1784279934.066817,1784279935.505454,1784279934.7861357,0.669134889,"[dac] CH_A set to -1.405 V (code=28165)
"
829,50,56,-1.4046455239325546,-1.5351990001336535,-0.13055347620109892,1784279935.5056572,1784279936.933005,1784279936.2193313,0.616850871,"[dac] CH_A set to -1.535 V (code=27737)
"
830,50,57,-1.5351990001336535,-1.6657524763347524,-0.13055347620109892,1784279936.933198,1784279938.3713632,1784279937.6522806,0.531051456,"[dac] CH_A set to -1.666 V (code=27309)
"
831,50,58,-1.6657524763347524,-1.7963059525358505,-0.13055347620109803,1784279938.371566,1784279939.8142211,1784279939.0928936,0.504239139,"[dac] CH_A set to -1.796 V (code=26881)
"
832,50,59,-1.7963059525358505,-1.9268594287369494,-0.13055347620109892,1784279939.8144572,1784279941.256565,1784279940.535511,0.455976968,"[dac] CH_A set to -1.927 V (code=26454)
"
833,50,60,-1.9268594287369494,-2.0574129049380483,-0.13055347620109892,1784279941.256753,1784279942.684469,1784279941.970611,0.355430779,"[dac] CH_A set to -2.057 V (code=26026)
"
834,50,61,-2.0574129049380483,-2.1879663811391463,-0.13055347620109803,1784279942.684694,1784279944.124309,1784279943.4045014,0.316552919,"[dac] CH_A set to -2.188 V (code=25598)
"
835,50,62,-2.1879663811391463,-2.3185198573402452,-0.13055347620109892,1784279944.124502,1784279945.5679202,1784279944.846211,0.300465529,"[dac] CH_A set to -2.319 V (code=25170)
"
836,50,63,-2.3185198573402452,-2.449073333541344,-0.13055347620109892,1784279945.568107,1784279946.997834,1784279946.2829704,0.236115968,"[dac] CH_A set to -2.449 V (code=24742)
"
837,50,64,-2.449073333541344,-2.579626809742443,-0.13055347620109892,1784279946.998042,1784279948.423367,1784279947.7107046,0.202600571,"[dac] CH_A set to -2.580 V (code=24315)
"
838,50,65,-2.579626809742443,-2.710180285943542,-0.13055347620109892,1784279948.423577,1784279949.861794,1784279949.1426854,0.155679016,"[dac] CH_A set to -2.710 V (code=23887)
"
839,50,66,-2.710180285943542,-2.840733762144641,-0.13055347620109892,1784279949.8620129,1784279951.2965791,1784279950.579296,0.136910394,"[dac] CH_A set to -2.841 V (code=23459)
"
840,50,67,-2.840733762144641,-2.97128723834574,-0.13055347620109892,1784279951.296784,1784279952.728957,1784279952.0128703,0.124844852,"[dac] CH_A set to -2.971 V (code=23031)
"
841,50,68,-2.97128723834574,-3.101840714546837,-0.13055347620109714,1784279952.729152,1784279954.177052,1784279953.453102,0.0631765222,"[dac] CH_A set to -3.102 V (code=22604)
"
842,50,69,-3.101840714546837,-3.232394190747936,-0.13055347620109892,1784279954.1772559,1784279955.630361,1784279954.9038086,0.0417266685,"[dac] CH_A set to -3.232 V (code=22176)
"
843,50,70,-3.232394190747936,-3.362947666949035,-0.13055347620109892,1784279955.630542,1784279957.0676181,1784279956.34908,0.037704821,"[dac] CH_A set to -3.363 V (code=21748)
"
844,50,71,-3.362947666949035,-3.4935011431501337,-0.13055347620109892,1784279957.067808,1784279958.5068438,1784279957.7873259,0.00553017459,"[dac] CH_A set to -3.493 V (code=21320)
"
845,50,72,-3.4935011431501337,-3.6240546193512326,-0.13055347620109892,1784279958.507039,1784279959.9443111,1784279959.225675,0.0135737355,"[dac] CH_A set to -3.624 V (code=20892)
"
846,50,73,-3.6240546193512326,-3.7546080955523315,-0.13055347620109892,1784279959.94452,1784279961.373329,1784279960.6589246,0.0122332082,"[dac] CH_A set to -3.755 V (code=20465)
"
847,50,74,-3.7546080955523315,-3.8851615717534305,-0.13055347620109892,1784279961.373533,1784279962.812738,1784279962.0931354,-0.00117285902,"[dac] CH_A set to -3.885 V (code=20037)
"
848,50,75,-3.8851615717534305,-4.015715047954528,-0.13055347620109714,1784279962.812938,1784279964.2426848,1784279963.5278115,0.02832051,"[dac] CH_A set to -4.016 V (code=19609)
"
849,50,76,-4.015715047954528,-4.1462685241556265,-0.13055347620109892,1784279964.242887,1784279965.679523,1784279964.961205,0.0108925038,"[dac] CH_A set to -4.146 V (code=19181)
"
850,51,0,-4.276822000356725,-4.342098738457275,-0.06527673810054946,1784279975.947052,1784279977.384778,1784279976.665915,0.047089132,"[dac] CH_A set to -4.342 V (code=18540)
"
851,51,1,-4.342098738457275,-4.407375476557824,-0.06527673810054946,1784279977.384984,1784279978.826848,1784279978.105916,0.0511109795,"[dac] CH_A set to -4.407 V (code=18326)
"
852,52,0,-4.276822000356725,-4.1462685241556265,0.13055347620109892,1784279989.0618749,1784279990.495606,1784279989.7787404,0.0390454368,"[dac] CH_A set to -4.146 V (code=19181)
"
853,52,1,-4.1462685241556265,-4.0157150479545285,0.13055347620109803,1784279990.4958138,1784279991.9283662,1784279991.21209,0.0028488087,"[dac] CH_A set to -4.016 V (code=19609)
"
854,52,2,-4.0157150479545285,-3.8851615717534296,0.13055347620109892,1784279991.928542,1784279993.3604631,1784279992.6445026,-0.0333466832,"[dac] CH_A set to -3.885 V (code=20037)
"
855,52,3,-3.8851615717534296,-3.7546080955523307,0.13055347620109892,1784279993.3606558,1784279994.799714,1784279994.080185,0.0108925038,"[dac] CH_A set to -3.755 V (code=20465)
"
856,52,4,-3.7546080955523307,-3.624054619351232,0.13055347620109847,1784279994.7999208,1784279996.238809,1784279995.5193648,0.00821127212,"[dac] CH_A set to -3.624 V (code=20892)
"
857,52,5,-3.624054619351232,-3.4935011431501337,0.13055347620109847,1784279996.2390132,1784279997.671325,1784279996.9551692,0.0310017417,"[dac] CH_A set to -3.493 V (code=21320)
"
858,52,6,-3.4935011431501337,-3.362947666949035,0.13055347620109892,1784279997.671521,1784279999.102435,1784279998.3869781,0.0551328271,"[dac] CH_A set to -3.363 V (code=21748)
"
859,52,7,-3.362947666949035,-3.232394190747936,0.13055347620109892,1784279999.102645,1784280000.533807,1784279999.8182259,0.0403860527,"[dac] CH_A set to -3.232 V (code=22176)
"
860,52,8,-3.232394190747936,-3.1018407145468374,0.13055347620109847,1784280000.534011,1784280001.9704168,1784280001.252214,0.0578140588,"[dac] CH_A set to -3.102 V (code=22604)
"
861,52,9,-3.1018407145468374,-2.971287238345739,0.13055347620109847,1784280001.970625,1784280003.40704,1784280002.6888325,0.0685389857,"[dac] CH_A set to -2.971 V (code=23031)
"
862,52,10,-2.971287238345739,-2.84073376214464,0.13055347620109892,1784280003.407254,1784280004.851626,1784280004.1294398,0.100713766,"[dac] CH_A set to -2.841 V (code=23459)
"
863,52,11,-2.84073376214464,-2.7101802859435415,0.13055347620109847,1784280004.851825,1784280006.2907982,1784280005.5713115,0.128866699,"[dac] CH_A set to -2.710 V (code=23887)
"
864,52,12,-2.7101802859435415,-2.579626809742443,0.13055347620109847,1784280006.291022,1784280007.7315378,1784280007.01128,0.157019632,"[dac] CH_A set to -2.580 V (code=24315)
"
865,52,13,-2.579626809742443,-2.449073333541344,0.13055347620109892,1784280007.7317162,1784280009.165442,1784280008.448579,0.191875644,"[dac] CH_A set to -2.449 V (code=24742)
"
866,52,14,-2.449073333541344,-2.3185198573402452,0.13055347620109892,1784280009.165636,1784280010.588414,1784280009.8770251,0.233434736,"[dac] CH_A set to -2.319 V (code=25170)
"
867,52,15,-2.3185198573402452,-2.1879663811391468,0.13055347620109847,1784280010.588608,1784280012.0186298,1784280011.303619,0.273653212,"[dac] CH_A set to -2.188 V (code=25598)
"
868,52,16,-2.1879663811391468,-2.0574129049380483,0.13055347620109847,1784280012.0188491,1784280013.448713,1784280012.733781,0.289740602,"[dac] CH_A set to -2.057 V (code=26026)
"
869,52,17,-2.0574129049380483,-1.9268594287369494,0.13055347620109892,1784280013.4489238,1784280014.896172,1784280014.1725478,0.379561864,"[dac] CH_A set to -1.927 V (code=26454)
"
870,53,0,-1.7963059525358505,-1.731029214435301,0.06527673810054946,1784280025.122554,1784280026.5722308,1784280025.8473926,0.453295737,"[dac] CH_A set to -1.731 V (code=27095)
"
871,53,1,-1.731029214435301,-1.6657524763347515,0.06527673810054946,1784280026.5723991,1784280028.010466,1784280027.2914326,0.469383127,"[dac] CH_A set to -1.666 V (code=27309)
"
872,54,0,0.0,0.1270138061324713,0.1270138061324713,1784280644.219468,1784280645.639612,1784280644.9295402,1.24962156,"[dac] CH_A set to +0.127 V (code=33184)
"
873,54,1,0.1270138061324713,0.2540276122649426,0.1270138061324713,1784280645.6398468,1784280647.064598,1784280646.3522224,1.25096217,"[dac] CH_A set to +0.254 V (code=33600)
"
874,54,2,0.2540276122649426,0.3810414183974139,0.12701380613247132,1784280647.064825,1784280648.487775,1784280647.7763,1.29118065,"[dac] CH_A set to +0.381 V (code=34016)
"
875,54,3,0.3810414183974139,0.5080552245298852,0.12701380613247126,1784280648.4880462,1784280649.906832,1784280649.1974392,1.33273974,"[dac] CH_A set to +0.508 V (code=34432)
"
876,54,4,0.5080552245298852,0.6350690306623564,0.12701380613247126,1784280649.907027,1784280651.3318772,1784280650.619452,1.36893637,"[dac] CH_A set to +0.635 V (code=34849)
"
877,54,5,0.6350690306623564,0.7620828367948278,0.12701380613247137,1784280651.332107,1784280652.750411,1784280652.041259,1.41317669,"[dac] CH_A set to +0.762 V (code=35265)
"
878,54,6,0.7620828367948278,0.8890966429272991,0.12701380613247126,1784280652.75063,1784280654.165278,1784280653.457954,1.45071393,"[dac] CH_A set to +0.889 V (code=35681)
"
879,54,7,0.8890966429272991,1.0161104490597703,0.12701380613247126,1784280654.165482,1784280655.586112,1784280654.875797,1.46680132,"[dac] CH_A set to +1.016 V (code=36097)
"
880,54,8,1.0161104490597703,1.1431242551922416,0.12701380613247126,1784280655.5863209,1784280657.012793,1784280656.299557,1.43194531,"[dac] CH_A set to +1.143 V (code=36513)
"
881,54,9,1.1431242551922416,1.2701380613247129,0.12701380613247126,1784280657.013014,1784280658.427194,1784280657.7201042,1.53115089,"[dac] CH_A set to +1.270 V (code=36929)
"
882,54,10,1.2701380613247129,1.3971518674571841,0.12701380613247126,1784280658.427393,1784280659.8472152,1784280659.137304,1.46412009,"[dac] CH_A set to +1.397 V (code=37346)
"
883,54,11,1.3971518674571841,1.5241656735896556,0.12701380613247149,1784280659.847457,1784280661.27042,1784280660.5589385,1.48959179,"[dac] CH_A set to +1.524 V (code=37762)
"
884,54,12,1.5241656735896556,1.6511794797221269,0.12701380613247126,1784280661.2706501,1784280662.691773,1784280661.9812117,1.49629487,"[dac] CH_A set to +1.651 V (code=38178)
"
885,54,13,1.6511794797221269,1.7781932858545981,0.12701380613247126,1784280662.691978,1784280664.107403,1784280663.3996906,1.51506349,"[dac] CH_A set to +1.778 V (code=38594)
"
886,54,14,1.7781932858545981,1.9052070919870694,0.12701380613247126,1784280664.10763,1784280665.5381749,1784280664.8229024,1.4989761,"[dac] CH_A set to +1.905 V (code=39010)
"
887,54,15,1.9052070919870694,2.0322208981195407,0.12701380613247126,1784280665.5384278,1784280666.957061,1784280666.2477446,1.47886687,"[dac] CH_A set to +2.032 V (code=39427)
"
888,54,16,2.0322208981195407,2.159234704252012,0.12701380613247126,1784280666.957319,1784280668.383269,1784280667.670294,1.4480327,"[dac] CH_A set to +2.159 V (code=39843)
"
889,54,17,2.159234704252012,2.286248510384483,0.12701380613247126,1784280668.383484,1784280669.804849,1784280669.0941663,1.45741701,"[dac] CH_A set to +2.286 V (code=40259)
"
890,54,18,2.286248510384483,2.4132623165169544,0.12701380613247126,1784280669.805095,1784280671.225216,1784280670.5151553,1.41049546,"[dac] CH_A set to +2.413 V (code=40675)
"
891,54,19,2.4132623165169544,2.5402761226494257,0.12701380613247126,1784280671.2254279,1784280672.6487832,1784280671.9371057,1.42524223,"[dac] CH_A set to +2.540 V (code=41091)
"
892,54,20,2.5402761226494257,2.667289928781897,0.12701380613247126,1784280672.649139,1784280674.0744379,1784280673.3617883,1.37698006,"[dac] CH_A set to +2.667 V (code=41508)
"
893,54,21,2.667289928781897,2.7943037349143682,0.12701380613247126,1784280674.074641,1784280675.499258,1784280674.7869496,1.30994927,"[dac] CH_A set to +2.794 V (code=41924)
"
894,54,22,2.7943037349143682,2.9213175410468395,0.12701380613247126,1784280675.4994712,1784280676.923058,1784280676.2112646,1.33005851,"[dac] CH_A set to +2.921 V (code=42340)
"
895,54,23,2.9213175410468395,3.048331347179311,0.1270138061324717,1784280676.923313,1784280678.3444932,1784280677.633903,1.26034648,"[dac] CH_A set to +3.048 V (code=42756)
"
896,54,24,3.048331347179311,3.1753451533117825,0.12701380613247126,1784280678.344692,1784280679.7666318,1784280679.055662,1.22280924,"[dac] CH_A set to +3.175 V (code=43172)
"
897,54,25,3.1753451533117825,3.3023589594442537,0.12701380613247126,1784280679.766826,1784280681.185921,1784280680.4763734,1.15577845,"[dac] CH_A set to +3.302 V (code=43589)
"
898,54,26,3.3023589594442537,3.429372765576725,0.12701380613247126,1784280681.186116,1784280682.607169,1784280681.8966424,1.13298798,"[dac] CH_A set to +3.429 V (code=44005)
"
899,54,27,3.429372765576725,3.5563865717091963,0.12701380613247126,1784280682.6073651,1784280684.024632,1784280683.3159986,1.10215381,"[dac] CH_A set to +3.556 V (code=44421)
"
900,55,0,3.4258330955080973,3.360556357407548,-0.06527673810054946,1784280694.1427689,1784280695.569029,1784280694.8558989,1.17186584,"[dac] CH_A set to +3.361 V (code=43779)
"
901,55,1,3.360556357407548,3.2952796193069984,-0.06527673810054946,1784280695.5692348,1784280696.9957252,1784280696.28248,1.16516276,"[dac] CH_A set to +3.295 V (code=43565)
"
902,56,0,3.4258330955080973,3.5563865717091963,0.13055347620109892,1784280707.13231,1784280708.5569978,1784280707.8446538,1.02305748,"[dac] CH_A set to +3.556 V (code=44421)
"
903,56,1,3.5563865717091963,3.6869400479102947,0.13055347620109847,1784280708.5572329,1784280709.982303,1784280709.2697678,0.984179616,"[dac] CH_A set to +3.687 V (code=44849)
"
904,56,2,3.6869400479102947,3.817493524111393,0.13055347620109847,1784280709.982563,1784280711.404088,1784280710.6933255,0.961389146,"[dac] CH_A set to +3.818 V (code=45276)
"
905,56,3,3.817493524111393,3.948047000312492,0.13055347620109892,1784280711.404326,1784280712.82338,1784280712.113853,0.884974042,"[dac] CH_A set to +3.948 V (code=45704)
"
906,56,4,3.948047000312492,4.078600476513591,0.13055347620109892,1784280712.823582,1784280714.253729,1784280713.5386555,0.813921402,"[dac] CH_A set to +4.079 V (code=46132)
"
907,56,5,4.078600476513591,4.20915395271469,0.13055347620109892,1784280714.253946,1784280715.673992,1784280714.963969,0.775043542,"[dac] CH_A set to +4.209 V (code=46560)
"
908,56,6,4.20915395271469,4.339707428915788,0.13055347620109803,1784280715.67417,1784280717.09678,1784280716.3854752,0.741528146,"[dac] CH_A set to +4.340 V (code=46988)
"
909,56,7,4.339707428915788,4.470260905116887,0.13055347620109892,1784280717.097038,1784280718.520999,1784280717.8090186,0.650366267,"[dac] CH_A set to +4.470 V (code=47416)
"
910,56,8,4.470260905116887,4.600814381317986,0.13055347620109892,1784280718.5212631,1784280719.93999,1784280719.2306266,0.611488408,"[dac] CH_A set to +4.601 V (code=47843)
"
911,56,9,4.600814381317986,4.731367857519084,0.13055347620109803,1784280719.940192,1784280721.355038,1784280720.647615,0.560545005,"[dac] CH_A set to +4.731 V (code=48271)
"
912,56,10,4.731367857519084,4.861921333720183,0.13055347620109892,1784280721.35527,1784280722.7823622,1784280722.0688162,0.484129901,"[dac] CH_A set to +4.862 V (code=48699)
"
913,56,11,4.861921333720183,4.992474809921282,0.13055347620109892,1784280722.782547,1784280724.1970282,1784280723.4897876,0.430505267,"[dac] CH_A set to +4.992 V (code=49127)
"
914,57,0,5.123028286122381,5.18830502422293,0.06527673810054946,1784280734.338651,1784280735.7574232,1784280735.048037,0.356771395,"[dac] CH_A set to +5.188 V (code=49768)
"
915,57,1,5.18830502422293,5.2535817623234795,0.06527673810054946,1784280735.757613,1784280737.182403,1784280736.470008,0.333980925,"[dac] CH_A set to +5.254 V (code=49982)
"
916,58,0,5.123028286122381,4.992474809921282,-0.13055347620109892,1784280747.3129,1784280748.736502,1784280748.024701,0.398330486,"[dac] CH_A set to +4.992 V (code=49127)
"
917,58,1,4.992474809921282,4.861921333720183,-0.13055347620109892,1784280748.7367501,1784280750.1572921,1784280749.447021,0.453295737,"[dac] CH_A set to +4.862 V (code=48699)
"
918,58,2,4.861921333720183,4.731367857519085,-0.13055347620109803,1784280750.157571,1784280751.5875552,1784280750.8725631,0.49083298,"[dac] CH_A set to +4.731 V (code=48271)
"
919,58,3,4.731367857519085,4.600814381317986,-0.13055347620109892,1784280751.587776,1784280753.014307,1784280752.3010416,0.592719786,"[dac] CH_A set to +4.601 V (code=47843)
"
920,58,4,4.600814381317986,4.470260905116887,-0.13055347620109892,1784280753.014514,1784280754.432523,1784280753.7235184,0.59137917,"[dac] CH_A set to +4.470 V (code=47416)
"
921,58,5,4.470260905116887,4.339707428915789,-0.13055347620109803,1784280754.432744,1784280755.8542569,1784280755.1435003,0.686562896,"[dac] CH_A set to +4.340 V (code=46988)
"
922,58,6,4.339707428915789,4.20915395271469,-0.13055347620109892,1784280755.854481,1784280757.274131,1784280756.564306,0.718737676,"[dac] CH_A set to +4.209 V (code=46560)
"
923,58,7,4.20915395271469,4.078600476513591,-0.13055347620109892,1784280757.274368,1784280758.6989849,1784280757.9866765,0.793812164,"[dac] CH_A set to +4.079 V (code=46132)
"
924,58,8,4.078600476513591,3.948047000312492,-0.13055347620109892,1784280758.6991959,1784280760.1252952,1784280759.4122455,0.864864804,"[dac] CH_A set to +3.948 V (code=45704)
"
925,58,9,3.948047000312492,3.8174935241113936,-0.13055347620109847,1784280760.126507,1784280761.5450702,1784280760.8357887,0.890336506,"[dac] CH_A set to +3.818 V (code=45276)
"
926,58,10,3.8174935241113936,3.686940047910295,-0.13055347620109847,1784280761.545381,1784280762.968128,1784280762.2567544,0.990882695,"[dac] CH_A set to +3.687 V (code=44849)
"
927,58,11,3.686940047910295,3.5563865717091963,-0.13055347620109892,1784280762.968354,1784280764.38878,1784280763.678567,1.02037624,"[dac] CH_A set to +3.556 V (code=44421)
"
928,58,12,3.5563865717091963,3.4258330955080973,-0.13055347620109892,1784280764.389071,1784280765.805402,1784280765.0972366,1.05791349,"[dac] CH_A set to +3.426 V (code=43993)
"
929,58,13,3.4258330955080973,3.295279619306999,-0.13055347620109847,1784280765.80563,1784280767.230294,1784280766.517962,1.11153812,"[dac] CH_A set to +3.295 V (code=43565)
"
930,58,14,3.295279619306999,3.1647261431059004,-0.13055347620109847,1784280767.230577,1784280768.654536,1784280767.9425564,1.17052522,"[dac] CH_A set to +3.165 V (code=43137)
"
931,58,15,3.1647261431059004,3.0341726669048015,-0.13055347620109892,1784280768.654774,1784280770.0695832,1784280769.3621786,1.24157786,"[dac] CH_A set to +3.034 V (code=42710)
"
932,58,16,3.0341726669048015,2.9036191907037026,-0.13055347620109892,1784280770.069807,1784280771.4946299,1784280770.7822185,1.24694032,"[dac] CH_A set to +2.904 V (code=42282)
"
933,58,17,2.9036191907037026,2.773065714502604,-0.13055347620109847,1784280771.4948428,1784280772.9196959,1784280772.2072692,1.31665235,"[dac] CH_A set to +2.773 V (code=41854)
"
934,58,18,2.773065714502604,2.6425122383015056,-0.13055347620109847,1784280772.919916,1784280774.348591,1784280773.6342535,1.34346467,"[dac] CH_A set to +2.642 V (code=41426)
"
935,58,19,2.6425122383015056,2.5119587621004067,-0.13055347620109892,1784280774.348792,1784280775.772305,1784280775.0605485,1.3890456,"[dac] CH_A set to +2.512 V (code=40999)
"
936,58,20,2.5119587621004067,2.3814052858993078,-0.13055347620109892,1784280775.772501,1784280777.193662,1784280776.4830813,1.40513299,"[dac] CH_A set to +2.381 V (code=40571)
"
937,58,21,2.3814052858993078,2.2508518096982093,-0.13055347620109847,1784280777.193901,1784280778.6221309,1784280777.908016,1.43998901,"[dac] CH_A set to +2.251 V (code=40143)
"
938,58,22,2.2508518096982093,2.120298333497111,-0.13055347620109847,1784280778.622326,1784280780.0388281,1784280779.330577,1.46143886,"[dac] CH_A set to +2.120 V (code=39715)
"
939,58,23,2.120298333497111,1.989744857296012,-0.13055347620109892,1784280780.039029,1784280781.4593222,1784280780.7491755,1.47618564,"[dac] CH_A set to +1.990 V (code=39287)
"
940,58,24,1.989744857296012,1.859191381094913,-0.13055347620109892,1784280781.459533,1784280782.881315,1784280782.170424,1.48959179,"[dac] CH_A set to +1.859 V (code=38860)
"
941,58,25,1.859191381094913,1.7286379048938145,-0.13055347620109847,1784280782.881585,1784280784.310478,1784280783.5960314,1.50433857,"[dac] CH_A set to +1.729 V (code=38432)
"
942,58,26,1.7286379048938145,1.598084428692716,-0.13055347620109847,1784280784.310719,1784280785.7328901,1784280785.0218046,1.52444781,"[dac] CH_A set to +1.598 V (code=38004)
"
943,58,27,1.598084428692716,1.4675309524916171,-0.13055347620109892,1784280785.733131,1784280787.155905,1784280786.444518,1.52042596,"[dac] CH_A set to +1.467 V (code=37576)
"
944,58,28,1.4675309524916171,1.3369774762905182,-0.13055347620109892,1784280787.156106,1784280788.582726,1784280787.869416,1.49763549,"[dac] CH_A set to +1.337 V (code=37149)
"
945,58,29,1.3369774762905182,1.2064240000894197,-0.13055347620109847,1784280788.582942,1784280790.002869,1784280789.2929053,1.53919458,"[dac] CH_A set to +1.206 V (code=36721)
"
946,58,30,1.2064240000894197,1.0758705238883213,-0.13055347620109847,1784280790.003128,1784280791.426003,1784280790.7145655,1.48825118,"[dac] CH_A set to +1.076 V (code=36293)
"
947,58,31,1.0758705238883213,0.9453170476872224,-0.13055347620109892,1784280791.426247,1784280792.850104,1784280792.1381755,1.45071393,"[dac] CH_A set to +0.945 V (code=35865)
"
948,58,32,0.9453170476872224,0.8147635714861234,-0.13055347620109892,1784280792.85033,1784280794.266853,1784280793.5585916,1.44535147,"[dac] CH_A set to +0.815 V (code=35437)
"
949,58,33,0.8147635714861234,0.6842100952850245,-0.13055347620109892,1784280794.267114,1784280795.684801,1784280794.9759574,1.42524223,"[dac] CH_A set to +0.684 V (code=35009)
"
950,58,34,0.6842100952850245,0.5536566190839265,-0.13055347620109803,1784280795.68502,1784280797.1062882,1784280796.3956542,1.37832068,"[dac] CH_A set to +0.554 V (code=34582)
"
951,58,35,0.5536566190839265,0.4231031428828276,-0.13055347620109892,1784280797.106516,1784280798.5282712,1784280797.8173935,1.38636437,"[dac] CH_A set to +0.423 V (code=34154)
"
952,58,36,0.4231031428828276,0.29254966668172866,-0.13055347620109892,1784280798.528476,1784280799.942179,1784280799.2353275,1.3126305,"[dac] CH_A set to +0.292 V (code=33726)
"
953,58,37,0.29254966668172866,0.16199619048063063,-0.13055347620109803,1784280799.942382,1784280801.3626728,1784280800.6525273,1.27777449,"[dac] CH_A set to +0.162 V (code=33298)
"
954,58,38,0.16199619048063063,0.031442714279531714,-0.13055347620109892,1784280801.36288,1784280802.782283,1784280802.0725815,1.20940308,"[dac] CH_A set to +0.031 V (code=32870)
"
955,58,39,0.031442714279531714,-0.0991107619215672,-0.13055347620109892,1784280802.7825239,1784280804.211571,1784280803.4970474,1.19063446,"[dac] CH_A set to -0.099 V (code=32443)
"
956,58,40,-0.0991107619215672,-0.22966423812266612,-0.13055347620109892,1784280804.211784,1784280805.638016,1784280804.9249,1.13566921,"[dac] CH_A set to -0.230 V (code=32015)
"
957,58,41,-0.22966423812266612,-0.36021771432376504,-0.13055347620109892,1784280805.6382551,1784280807.0628989,1784280806.3505769,1.10349443,"[dac] CH_A set to -0.360 V (code=31587)
"
958,58,42,-0.36021771432376504,-0.49077119052486307,-0.13055347620109803,1784280807.063125,1784280808.4849558,1784280807.7740402,1.00160762,"[dac] CH_A set to -0.491 V (code=31159)
"
959,58,43,-0.49077119052486307,-0.621324666725962,-0.13055347620109892,1784280808.485146,1784280809.913028,1784280809.1990871,0.965410994,"[dac] CH_A set to -0.621 V (code=30732)
"
960,58,44,-0.621324666725962,-0.7518781429270609,-0.13055347620109892,1784280809.913236,1784280811.336697,1784280810.6249666,0.933236213,"[dac] CH_A set to -0.752 V (code=30304)
"
961,58,45,-0.7518781429270609,-0.8824316191281589,-0.13055347620109803,1784280811.336926,1784280812.755073,1784280812.0459995,0.874249115,"[dac] CH_A set to -0.882 V (code=29876)
"
962,58,46,-0.8824316191281589,-1.0129850953292578,-0.13055347620109892,1784280812.755307,1784280814.171802,1784280813.4635544,0.809899554,"[dac] CH_A set to -1.013 V (code=29448)
"
963,58,47,-1.0129850953292578,-1.1435385715303568,-0.13055347620109892,1784280814.1720881,1784280815.596847,1784280814.8844676,0.732143835,"[dac] CH_A set to -1.143 V (code=29021)
"
964,58,48,-1.1435385715303568,-1.2740920477314557,-0.13055347620109892,1784280815.59708,1784280817.019626,1784280816.308353,0.720078292,"[dac] CH_A set to -1.274 V (code=28593)
"
965,58,49,-1.2740920477314557,-1.4046455239325546,-0.13055347620109892,1784280817.0198731,1784280818.442858,1784280817.7313657,0.624894566,"[dac] CH_A set to -1.405 V (code=28165)
"
966,58,50,-1.4046455239325546,-1.5351990001336526,-0.13055347620109803,1784280818.443064,1784280819.866236,1784280819.15465,0.555182542,"[dac] CH_A set to -1.535 V (code=27737)
"
967,58,51,-1.5351990001336526,-1.6657524763347515,-0.13055347620109892,1784280819.866431,1784280821.2864158,1784280820.5764234,0.55250131,"[dac] CH_A set to -1.666 V (code=27309)
"
968,58,52,-1.6657524763347515,-1.7963059525358505,-0.13055347620109892,1784280821.286664,1784280822.706393,1784280821.9965286,0.485470517,"[dac] CH_A set to -1.796 V (code=26881)
"
969,58,53,-1.7963059525358505,-1.9268594287369485,-0.13055347620109803,1784280822.7065878,1784280824.119773,1784280823.4131804,0.409055413,"[dac] CH_A set to -1.927 V (code=26454)
"
970,58,54,-1.9268594287369485,-2.0574129049380474,-0.13055347620109892,1784280824.119992,1784280825.547138,1784280824.833565,0.352749547,"[dac] CH_A set to -2.057 V (code=26026)
"
971,58,55,-2.0574129049380474,-2.1879663811391463,-0.13055347620109892,1784280825.547368,1784280826.963833,1784280826.2556005,0.331299694,"[dac] CH_A set to -2.188 V (code=25598)
"
972,58,56,-2.1879663811391463,-2.3185198573402452,-0.13055347620109892,1784280826.964024,1784280828.39068,1784280827.677352,0.27097198,"[dac] CH_A set to -2.319 V (code=25170)
"
973,58,57,-2.3185198573402452,-2.449073333541344,-0.13055347620109892,1784280828.390899,1784280829.804847,1784280829.097873,0.220028577,"[dac] CH_A set to -2.449 V (code=24742)
"
974,58,58,-2.449073333541344,-2.579626809742442,-0.13055347620109803,1784280829.805033,1784280831.229825,1784280830.5174289,0.185172565,"[dac] CH_A set to -2.580 V (code=24315)
"
975,58,59,-2.579626809742442,-2.710180285943541,-0.13055347620109892,1784280831.230152,1784280832.653301,1784280831.9417264,0.140932242,"[dac] CH_A set to -2.710 V (code=23887)
"
976,58,60,-2.710180285943541,-2.84073376214464,-0.13055347620109892,1784280832.653517,1784280834.076033,1784280833.3647752,0.118141772,"[dac] CH_A set to -2.841 V (code=23459)
"
977,58,61,-2.84073376214464,-2.971287238345738,-0.13055347620109803,1784280834.0762439,1784280835.4984472,1784280834.7873454,0.0739014491,"[dac] CH_A set to -2.971 V (code=23031)
"
978,58,62,-2.971287238345738,-3.101840714546837,-0.13055347620109892,1784280835.4986382,1784280836.922302,1784280836.2104702,0.0604952905,"[dac] CH_A set to -3.102 V (code=22604)
"
979,58,63,-3.101840714546837,-3.232394190747936,-0.13055347620109892,1784280836.92256,1784280838.343541,1784280837.6330504,0.0524515954,"[dac] CH_A set to -3.232 V (code=22176)
"
980,58,64,-3.232394190747936,-3.362947666949035,-0.13055347620109892,1784280838.34371,1784280839.769143,1784280839.0564265,0.0350235893,"[dac] CH_A set to -3.363 V (code=21748)
"
981,59,0,-3.4935011431501337,-3.558777881250683,-0.06527673810054946,1784280849.901616,1784280851.3131788,1784280850.6073976,0.00150828134,"[dac] CH_A set to -3.559 V (code=21106)
"
982,59,1,-3.558777881250683,-3.6240546193512326,-0.06527673810054946,1784280851.313397,1784280852.740472,1784280852.0269346,-0.00921628008,"[dac] CH_A set to -3.624 V (code=20892)
"
983,60,0,-3.4935011431501337,-3.367782980882409,0.1257181622677246,1784280862.880945,1784280864.303534,1784280863.5922394,0.018936199,"[dac] CH_A set to -3.368 V (code=21732)
"
984,60,1,-3.367782980882409,-3.2420648186146845,0.1257181622677246,1784280864.3038132,1784280865.724202,1784280865.0140076,0.0256392783,"[dac] CH_A set to -3.242 V (code=22144)
"
985,60,2,-3.2420648186146845,-3.1163466563469595,0.12571816226772503,1784280865.724406,1784280867.149359,1784280866.4368825,0.0350235893,"[dac] CH_A set to -3.116 V (code=22556)
"
986,60,3,-3.1163466563469595,-2.990628494079235,0.1257181622677246,1784280867.149558,1784280868.5717702,1784280867.8606641,0.0511109795,"[dac] CH_A set to -2.991 V (code=22968)
"
987,60,4,-2.990628494079235,-2.8649103318115103,0.1257181622677246,1784280868.572051,1784280869.9883149,1784280869.2801828,0.0806045284,"[dac] CH_A set to -2.865 V (code=23380)
"
988,60,5,-2.8649103318115103,-2.7391921695437853,0.12571816226772503,1784280869.988502,1784280871.41205,1784280870.700276,0.131547931,"[dac] CH_A set to -2.739 V (code=23792)
"
989,60,6,-2.7391921695437853,-2.6134740072760607,0.1257181622677246,1784280871.412321,1784280872.828483,1784280872.120402,0.148975937,"[dac] CH_A set to -2.614 V (code=24204)
"
990,60,7,-2.6134740072760607,-2.487755845008336,0.1257181622677246,1784280872.82872,1784280874.250868,1784280873.539794,0.158360248,"[dac] CH_A set to -2.488 V (code=24616)
"
991,60,8,-2.487755845008336,-2.3620376827406115,0.1257181622677246,1784280874.251115,1784280875.664337,1784280874.957726,0.209303651,"[dac] CH_A set to -2.362 V (code=25028)
"
992,60,9,-2.3620376827406115,-2.236319520472887,0.1257181622677246,1784280875.664536,1784280877.0887191,1784280876.3766274,0.252203358,"[dac] CH_A set to -2.236 V (code=25440)
"
993,60,10,-2.236319520472887,-2.110601358205162,0.12571816226772503,1784280877.088924,1784280878.507766,1784280877.798345,0.291081218,"[dac] CH_A set to -2.111 V (code=25852)
"
994,60,11,-2.110601358205162,-1.9848831959374373,0.1257181622677246,1784280878.507971,1784280879.930971,1784280879.219471,0.343365236,"[dac] CH_A set to -1.985 V (code=26263)
"
995,60,12,-1.9848831959374373,-1.8591650336697128,0.1257181622677246,1784280879.931178,1784280881.353824,1784280880.6425009,0.367496322,"[dac] CH_A set to -1.859 V (code=26675)
"
996,60,13,-1.8591650336697128,-1.733446871401988,0.1257181622677248,1784280881.354076,1784280882.775315,1784280882.0646954,0.418439724,"[dac] CH_A set to -1.733 V (code=27088)
"
997,60,14,-1.733446871401988,-1.6077287091342631,0.1257181622677248,1784280882.7755232,1784280884.196894,1784280883.4862084,0.437208346,"[dac] CH_A set to -1.608 V (code=27499)
"
998,60,15,-1.6077287091342631,-1.4820105468665385,0.1257181622677246,1784280884.197119,1784280885.621686,1784280884.9094024,0.5685887,"[dac] CH_A set to -1.482 V (code=27911)
"
999,60,16,-1.4820105468665385,-1.356292384598814,0.1257181622677246,1784280885.62189,1784280887.0453289,1784280886.3336096,0.604785328,"[dac] CH_A set to -1.356 V (code=28323)
"
1000,60,17,-1.356292384598814,-1.2305742223310894,0.1257181622677246,1784280887.045557,1784280888.476062,1784280887.7608094,0.632938261,"[dac] CH_A set to -1.231 V (code=28735)
"
1001,60,18,-1.2305742223310894,-1.1048560600633643,0.12571816226772503,1784280888.4762769,1784280889.888523,1784280889.1824,0.733484451,"[dac] CH_A set to -1.105 V (code=29147)
"
1002,60,19,-1.1048560600633643,-0.9791378977956398,0.1257181622677246,1784280889.888732,1784280891.311114,1784280890.5999231,0.771021695,"[dac] CH_A set to -0.979 V (code=29559)
"
1003,60,20,-0.9791378977956398,-0.8534197355279152,0.1257181622677246,1784280891.311323,1784280892.73533,1784280892.0233264,0.809899554,"[dac] CH_A set to -0.853 V (code=29971)
"
1004,60,21,-0.8534197355279152,-0.7277015732601901,0.12571816226772503,1784280892.7355368,1784280894.152761,1784280893.444149,0.884974042,"[dac] CH_A set to -0.728 V (code=30383)
"
1005,60,22,-0.7277015732601901,-0.6019834109924656,0.1257181622677246,1784280894.152958,1784280895.572065,1784280894.8625116,0.914467591,"[dac] CH_A set to -0.602 V (code=30795)
"
1006,60,23,-0.6019834109924656,-0.47626524872474096,0.1257181622677246,1784280895.572295,1784280896.9885461,1784280896.2804205,0.965410994,"[dac] CH_A set to -0.476 V (code=31207)
"
1007,60,24,-0.47626524872474096,-0.3505470864570164,0.1257181622677246,1784280896.988746,1784280898.410188,1784280897.699467,1.03780425,"[dac] CH_A set to -0.350 V (code=31619)
"
1008,60,25,-0.3505470864570164,-0.2248289241892918,0.1257181622677246,1784280898.4104,1784280899.8307998,1784280899.1205997,1.11019751,"[dac] CH_A set to -0.225 V (code=32031)
"
1009,60,26,-0.2248289241892918,-0.0991107619215672,0.1257181622677246,1784280899.8310359,1784280901.2529259,1784280900.5419807,1.12360366,"[dac] CH_A set to -0.099 V (code=32443)
"
1010,61,0,0.031442714279531714,0.09671945238008117,0.06527673810054946,1784280911.3872519,1784280912.812545,1784280912.0998983,1.20001877,"[dac] CH_A set to +0.097 V (code=33084)
"
1011,61,1,0.09671945238008117,0.16199619048063063,0.06527673810054946,1784280912.812802,1784280914.234126,1784280913.5234642,1.2107437,"[dac] CH_A set to +0.162 V (code=33298)
"
1012,62,0,0.031442714279531714,0.16199619048063035,0.13055347620109864,1784280924.3386738,1784280925.7528389,1784280925.0457563,1.24828094,"[dac] CH_A set to +0.162 V (code=33298)
"
1013,62,1,0.16199619048063035,0.292549666681729,0.13055347620109864,1784280925.753058,1784280927.176865,1784280926.4649615,1.27107141,"[dac] CH_A set to +0.292 V (code=33726)
"
1014,62,2,0.292549666681729,0.42310314288282763,0.13055347620109864,1784280927.177078,1784280928.6061702,1784280927.891624,1.30324619,"[dac] CH_A set to +0.423 V (code=34154)
"
1015,62,3,0.42310314288282763,0.5536566190839263,0.13055347620109864,1784280928.60636,1784280930.027882,1784280929.317121,1.35284898,"[dac] CH_A set to +0.554 V (code=34582)
"
1016,62,4,0.5536566190839263,0.684210095285025,0.1305534762010987,1784280930.0281029,1784280931.4468591,1784280930.737481,1.40111115,"[dac] CH_A set to +0.684 V (code=35009)
"
1017,62,5,0.684210095285025,0.8147635714861236,0.13055347620109858,1784280931.447059,1784280932.872781,1784280932.15992,1.4306047,"[dac] CH_A set to +0.815 V (code=35437)
"
1018,62,6,0.8147635714861236,0.9453170476872221,0.13055347620109858,1784280932.873014,1784280934.297107,1784280933.5850606,1.44937332,"[dac] CH_A set to +0.945 V (code=35865)
"
1019,62,7,0.9453170476872221,1.0758705238883208,0.1305534762010987,1784280934.297326,1784280935.714464,1784280935.0058951,1.46412009,"[dac] CH_A set to +1.076 V (code=36293)
"
1020,62,8,1.0758705238883208,1.2064240000894195,0.1305534762010987,1784280935.714668,1784280937.143955,1784280936.4293115,1.48959179,"[dac] CH_A set to +1.206 V (code=36721)
"
1021,62,9,1.2064240000894195,1.3369774762905182,0.1305534762010987,1784280937.14415,1784280938.556128,1784280937.8501391,1.49763549,"[dac] CH_A set to +1.337 V (code=37149)
"
1022,62,10,1.3369774762905182,1.4675309524916167,0.13055347620109847,1784280938.556407,1784280939.974174,1784280939.2652905,1.47886687,"[dac] CH_A set to +1.467 V (code=37576)
"
1023,62,11,1.4675309524916167,1.5980844286927154,0.1305534762010987,1784280939.974381,1784280941.395391,1784280940.684886,1.5070198,"[dac] CH_A set to +1.598 V (code=38004)
"
1024,62,12,1.5980844286927154,1.728637904893814,0.1305534762010987,1784280941.3956301,1784280942.8176699,1784280942.1066499,1.50433857,"[dac] CH_A set to +1.729 V (code=38432)
"
1025,63,0,1.5980844286927152,1.5328076905921657,-0.06527673810054946,1784280952.956179,1784280954.377999,1784280953.667089,1.4989761,"[dac] CH_A set to +1.533 V (code=37790)
"
1026,63,1,1.5328076905921657,1.4675309524916162,-0.06527673810054946,1784280954.3782148,1784280955.797847,1784280955.0880308,1.49093241,"[dac] CH_A set to +1.467 V (code=37576)
"
1027,64,0,1.5980844286927152,1.7286379048938139,0.1305534762010987,1784280965.931224,1784280967.3505569,1784280966.6408906,1.52042596,"[dac] CH_A set to +1.729 V (code=38432)
"
1028,64,1,1.7286379048938139,1.8591913810949126,0.1305534762010987,1784280967.350822,1784280968.77713,1784280968.0639758,1.49629487,"[dac] CH_A set to +1.859 V (code=38860)
"
1029,64,2,1.8591913810949126,1.989744857296011,0.13055347620109847,1784280968.77736,1784280970.195015,1784280969.4861875,1.47618564,"[dac] CH_A set to +1.990 V (code=39287)
"
1030,64,3,1.989744857296011,2.12029833349711,0.13055347620109892,1784280970.1952379,1784280971.6157818,1784280970.90551,1.48288871,"[dac] CH_A set to +2.120 V (code=39715)
"
1031,64,4,2.12029833349711,2.2508518096982084,0.13055347620109847,1784280971.616064,1784280973.040187,1784280972.3281255,1.45473578,"[dac] CH_A set to +2.251 V (code=40143)
"
1032,64,5,2.2508518096982084,2.381405285899307,0.13055347620109847,1784280973.040452,1784280974.463584,1784280973.752018,1.45473578,"[dac] CH_A set to +2.381 V (code=40571)
"
1033,64,6,2.381405285899307,2.511958762100406,0.13055347620109892,1784280974.463816,1784280975.885539,1784280975.1746774,1.39440807,"[dac] CH_A set to +2.512 V (code=40999)
"
1034,64,7,2.511958762100406,2.6425122383015047,0.13055347620109892,1784280975.8857448,1784280977.310826,1784280976.5982854,1.38234253,"[dac] CH_A set to +2.642 V (code=41426)
"
1035,64,8,2.6425122383015047,2.773065714502603,0.13055347620109847,1784280977.3110888,1784280978.7228749,1784280978.0169818,1.34882713,"[dac] CH_A set to +2.773 V (code=41854)
"
1036,64,9,2.773065714502603,2.9036191907037017,0.13055347620109847,1784280978.723086,1784280980.15099,1784280979.437038,1.32201481,"[dac] CH_A set to +2.904 V (code=42282)
"
1037,64,10,2.9036191907037017,3.0341726669048006,0.13055347620109892,1784280980.151191,1784280981.5694878,1784280980.8603394,1.27241202,"[dac] CH_A set to +3.034 V (code=42710)
"
1038,64,11,3.0341726669048006,3.164726143105899,0.13055347620109847,1784280981.5697029,1784280982.994136,1784280982.2819195,1.21476554,"[dac] CH_A set to +3.165 V (code=43137)
"
1039,64,12,3.164726143105899,3.2952796193069975,0.13055347620109847,1784280982.994408,1784280984.4211001,1784280983.7077541,1.1517566,"[dac] CH_A set to +3.295 V (code=43565)
"
1040,64,13,3.2952796193069975,3.4258330955080964,0.13055347620109892,1784280984.421341,1784280985.842634,1784280985.1319876,1.12092243,"[dac] CH_A set to +3.426 V (code=43993)
"
1041,64,14,3.4258330955080964,3.5563865717091954,0.13055347620109892,1784280985.842887,1784280987.268563,1784280986.555725,1.11019751,"[dac] CH_A set to +3.556 V (code=44421)
"
1042,64,15,3.5563865717091954,3.686940047910294,0.13055347620109847,1784280987.268794,1784280988.6868649,1784280987.9778295,0.996245158,"[dac] CH_A set to +3.687 V (code=44849)
"
1043,64,16,3.686940047910294,3.8174935241113923,0.13055347620109847,1784280988.6871529,1784280990.1113942,1784280989.3992734,0.96004853,"[dac] CH_A set to +3.818 V (code=45276)
"
1044,64,17,3.8174935241113923,3.9480470003124912,0.13055347620109892,1784280990.1116219,1784280991.536264,1784280990.823943,0.894358353,"[dac] CH_A set to +3.948 V (code=45704)
"
1045,64,18,3.9480470003124912,4.078600476513589,0.13055347620109803,1784280991.5365272,1784280992.954835,1784280992.245681,0.862183573,"[dac] CH_A set to +4.079 V (code=46132)
"
1046,64,19,4.078600476513589,4.209153952714688,0.13055347620109892,1784280992.95505,1784280994.369828,1784280993.6624389,0.803196475,"[dac] CH_A set to +4.209 V (code=46560)
"
1047,64,20,4.209153952714688,4.339707428915787,0.13055347620109892,1784280994.370048,1784280995.8129358,1784280995.091492,0.72410014,"[dac] CH_A set to +4.340 V (code=46988)
"
1048,64,21,4.339707428915787,4.470260905116886,0.13055347620109892,1784280995.8131762,1784280997.2534552,1784280996.5333157,0.650366267,"[dac] CH_A set to +4.470 V (code=47416)
"
1049,64,22,4.470260905116886,4.600814381317985,0.13055347620109892,1784280997.253645,1784280998.6929102,1784280997.9732776,0.594060401,"[dac] CH_A set to +4.601 V (code=47843)
"
1050,64,23,4.600814381317985,4.731367857519083,0.13055347620109803,1784280998.693096,1784281000.121521,1784280999.4073086,0.548479462,"[dac] CH_A set to +4.731 V (code=48271)
"
1051,64,24,4.731367857519083,4.861921333720182,0.13055347620109892,1784281000.12173,1784281001.56318,1784281000.842455,0.506920371,"[dac] CH_A set to +4.862 V (code=48699)
"
1052,64,25,4.861921333720182,4.99247480992128,0.13055347620109803,1784281001.563375,1784281003.002506,1784281002.2829404,0.470723743,"[dac] CH_A set to +4.992 V (code=49127)
"
1053,64,26,4.99247480992128,5.123028286122379,0.13055347620109892,1784281003.002729,1784281004.429951,1784281003.71634,0.383583712,"[dac] CH_A set to +5.123 V (code=49554)
"
1054,64,27,5.123028286122379,5.253581762323478,0.13055347620109892,1784281004.430179,1784281005.8736892,1784281005.1519341,0.328618462,"[dac] CH_A set to +5.254 V (code=49982)
"
1055,64,28,5.253581762323478,5.384135238524577,0.13055347620109892,1784281005.873975,1784281007.30389,1784281006.5889325,0.285718754,"[dac] CH_A set to +5.384 V (code=50410)
"
1056,64,29,5.384135238524577,5.514688714725676,0.13055347620109892,1784281007.304128,1784281008.7452211,1784281008.0246744,0.246840895,"[dac] CH_A set to +5.515 V (code=50838)
"
1057,65,0,5.6452421909267745,5.710518929027324,0.06527673810054946,1784281018.987079,1784281020.4135911,1784281019.700335,0.183831949,"[dac] CH_A set to +5.710 V (code=51479)
"
1058,65,1,5.710518929027324,5.775795667127873,0.06527673810054946,1784281020.4137878,1784281021.843096,1784281021.1284418,0.148975937,"[dac] CH_A set to +5.776 V (code=51693)
"
1059,66,0,5.6452421909267745,5.514688714725676,-0.13055347620109892,1784281032.0890849,1784281033.513686,1784281032.8013854,0.233434736,"[dac] CH_A set to +5.515 V (code=50838)
"
1060,66,1,5.514688714725676,5.384135238524577,-0.13055347620109892,1784281033.51389,1784281034.9472268,1784281034.2305584,0.256225206,"[dac] CH_A set to +5.384 V (code=50410)
"
1061,66,2,5.384135238524577,5.253581762323479,-0.13055347620109803,1784281034.947427,1784281036.3973482,1784281035.6723876,0.315212303,"[dac] CH_A set to +5.254 V (code=49982)
"
1062,66,3,5.253581762323479,5.12302828612238,-0.13055347620109892,1784281036.397554,1784281037.813726,1784281037.10564,0.370177553,"[dac] CH_A set to +5.123 V (code=49554)
"
1063,66,4,5.12302828612238,4.992474809921281,-0.13055347620109892,1784281037.8139641,1784281039.2522712,1784281038.5331178,0.390286791,"[dac] CH_A set to +4.992 V (code=49127)
"
1064,66,5,4.992474809921281,4.861921333720183,-0.13055347620109803,1784281039.252513,1784281040.6957371,1784281039.974125,0.454636352,"[dac] CH_A set to +4.862 V (code=48699)
"
1065,66,6,4.861921333720183,4.731367857519084,-0.13055347620109892,1784281040.696028,1784281042.132173,1784281041.4141006,0.51362345,"[dac] CH_A set to +4.731 V (code=48271)
"
1066,66,7,4.731367857519084,4.600814381317985,-0.13055347620109892,1784281042.132409,1784281043.552504,1784281042.8424566,0.55250131,"[dac] CH_A set to +4.601 V (code=47843)
"
1067,66,8,4.600814381317985,4.470260905116886,-0.13055347620109892,1784281043.552754,1784281044.997317,1784281044.2750354,0.624894566,"[dac] CH_A set to +4.470 V (code=47416)
"
1068,66,9,4.470260905116886,4.339707428915787,-0.13055347620109892,1784281044.997546,1784281046.423896,1784281045.710721,0.663772426,"[dac] CH_A set to +4.340 V (code=46988)
"
1069,66,10,4.339707428915787,4.209153952714689,-0.13055347620109803,1784281046.424101,1784281047.863877,1784281047.143989,0.734825066,"[dac] CH_A set to +4.209 V (code=46560)
"
1070,66,11,4.209153952714689,4.07860047651359,-0.13055347620109892,1784281047.864081,1784281049.294261,1784281048.579171,0.789790317,"[dac] CH_A set to +4.079 V (code=46132)
"
1071,66,12,4.07860047651359,3.9480470003124912,-0.13055347620109892,1784281049.294592,1784281050.721326,1784281050.007959,0.839393103,"[dac] CH_A set to +3.948 V (code=45704)
"
1072,66,13,3.9480470003124912,3.8174935241113928,-0.13055347620109847,1784281050.721542,1784281052.163785,1784281051.4426634,0.876930347,"[dac] CH_A set to +3.818 V (code=45276)
"
1073,66,14,3.8174935241113928,3.6869400479102943,-0.13055347620109847,1784281052.164064,1784281053.5917811,1784281052.8779225,0.941279908,"[dac] CH_A set to +3.687 V (code=44849)
"
1074,66,15,3.6869400479102943,3.5563865717091954,-0.13055347620109892,1784281053.591969,1784281055.022128,1784281054.3070486,1.00562947,"[dac] CH_A set to +3.556 V (code=44421)
"
1075,66,16,3.5563865717091954,3.4258330955080964,-0.13055347620109892,1784281055.02236,1784281056.4512231,1784281055.7367916,1.06461657,"[dac] CH_A set to +3.426 V (code=43993)
"
1076,66,17,3.4258330955080964,3.295279619306998,-0.13055347620109847,1784281056.451445,1784281057.880791,1784281057.1661181,1.10215381,"[dac] CH_A set to +3.295 V (code=43565)
"
1077,66,18,3.295279619306998,3.1647261431058995,-0.13055347620109847,1784281057.881082,1784281059.311769,1784281058.5964255,1.16114091,"[dac] CH_A set to +3.165 V (code=43137)
"
1078,66,19,3.1647261431058995,3.0341726669048006,-0.13055347620109892,1784281059.312006,1784281060.752769,1784281060.0323875,1.2027,"[dac] CH_A set to +3.034 V (code=42710)
"
1079,66,20,3.0341726669048006,2.9036191907037017,-0.13055347620109892,1784281060.7530072,1784281062.180712,1784281061.4668596,1.22146862,"[dac] CH_A set to +2.904 V (code=42282)
"
1080,66,21,2.9036191907037017,2.773065714502603,-0.13055347620109847,1784281062.180919,1784281063.6117508,1784281062.896335,1.2871588,"[dac] CH_A set to +2.773 V (code=41854)
"
1081,66,22,2.773065714502603,2.6425122383015047,-0.13055347620109847,1784281063.6119611,1784281065.037675,1784281064.3248181,1.33139912,"[dac] CH_A set to +2.642 V (code=41426)
"
1082,66,23,2.6425122383015047,2.511958762100406,-0.13055347620109892,1784281065.037868,1784281066.480748,1784281065.7593079,1.3461459,"[dac] CH_A set to +2.512 V (code=40999)
"
1083,66,24,2.511958762100406,2.381405285899307,-0.13055347620109892,1784281066.480963,1784281067.919777,1784281067.2003698,1.41183607,"[dac] CH_A set to +2.381 V (code=40571)
"
1084,66,25,2.381405285899307,2.2508518096982084,-0.13055347620109847,1784281067.920009,1784281069.352588,1784281068.6362984,1.42926408,"[dac] CH_A set to +2.251 V (code=40143)
"
1085,66,26,2.2508518096982084,2.12029833349711,-0.13055347620109847,1784281069.352844,1784281070.794352,1784281070.073598,1.43730778,"[dac] CH_A set to +2.120 V (code=39715)
"
1086,66,27,2.12029833349711,1.989744857296011,-0.13055347620109892,1784281070.7945971,1784281072.2305322,1784281071.5125647,1.44937332,"[dac] CH_A set to +1.990 V (code=39287)
"
1087,66,28,1.989744857296011,1.859191381094912,-0.13055347620109892,1784281072.2307699,1784281073.6813319,1784281072.9560509,1.47752625,"[dac] CH_A set to +1.859 V (code=38860)
"
1088,66,29,1.859191381094912,1.7286379048938136,-0.13055347620109847,1784281073.681546,1784281075.1239622,1784281074.402754,1.51908534,"[dac] CH_A set to +1.729 V (code=38432)
"
1089,66,30,1.7286379048938136,1.5980844286927152,-0.13055347620109847,1784281075.124185,1784281076.553447,1784281075.8388162,1.48691056,"[dac] CH_A set to +1.598 V (code=38004)
"
1090,66,31,1.5980844286927152,1.4675309524916162,-0.13055347620109892,1784281076.553694,1784281077.986005,1784281077.2698495,1.53651335,"[dac] CH_A set to +1.467 V (code=37576)
"
1091,66,32,1.4675309524916162,1.3369774762905173,-0.13055347620109892,1784281077.986272,1784281079.402878,1784281078.694575,1.51372288,"[dac] CH_A set to +1.337 V (code=37149)
"
1092,66,33,1.3369774762905173,1.2064240000894184,-0.13055347620109892,1784281079.403127,1784281080.829539,1784281080.116333,1.50165734,"[dac] CH_A set to +1.206 V (code=36721)
"
1093,66,34,1.2064240000894184,1.0758705238883204,-0.13055347620109803,1784281080.829843,1784281082.2638762,1784281081.5468597,1.48288871,"[dac] CH_A set to +1.076 V (code=36293)
"
1094,66,35,1.0758705238883204,0.9453170476872215,-0.13055347620109892,1784281082.26406,1784281083.696181,1784281082.9801207,1.4480327,"[dac] CH_A set to +0.945 V (code=35865)
"
1095,66,36,0.9453170476872215,0.8147635714861226,-0.13055347620109892,1784281083.696456,1784281085.1406798,1784281084.418568,1.45339517,"[dac] CH_A set to +0.815 V (code=35437)
"
1096,66,37,0.8147635714861226,0.6842100952850245,-0.13055347620109803,1784281085.1409018,1784281086.5794601,1784281085.8601809,1.40379238,"[dac] CH_A set to +0.684 V (code=35009)
"
1097,66,38,0.6842100952850245,0.5536566190839256,-0.13055347620109892,1784281086.579669,1784281088.002757,1784281087.291213,1.41317669,"[dac] CH_A set to +0.554 V (code=34582)
"
1098,66,39,0.5536566190839256,0.4231031428828267,-0.13055347620109892,1784281088.002995,1784281089.4472299,1784281088.7251124,1.3970893,"[dac] CH_A set to +0.423 V (code=34154)
"
1099,66,40,0.4231031428828267,0.29254966668172777,-0.13055347620109892,1784281089.447454,1784281090.889249,1784281090.1683517,1.35821144,"[dac] CH_A set to +0.292 V (code=33726)
"
1100,66,41,0.29254966668172777,0.16199619048062885,-0.13055347620109892,1784281090.889494,1784281092.341932,1784281091.6157131,1.30458681,"[dac] CH_A set to +0.162 V (code=33298)
"
1101,66,42,0.16199619048062885,0.031442714279530826,-0.13055347620109803,1784281092.3422,1784281093.780589,1784281093.0613947,1.25096217,"[dac] CH_A set to +0.031 V (code=32870)
"
1102,66,43,0.031442714279530826,-0.09911076192156809,-0.13055347620109892,1784281093.780853,1784281095.230321,1784281094.505587,1.22683109,"[dac] CH_A set to -0.099 V (code=32443)
"
1103,66,44,-0.09911076192156809,-0.229664238122667,-0.13055347620109892,1784281095.230536,1784281096.680843,1784281095.9556894,1.16382214,"[dac] CH_A set to -0.230 V (code=32015)
"
1104,66,45,-0.229664238122667,-0.36021771432376504,-0.13055347620109803,1784281096.681056,1784281098.119489,1784281097.4002724,1.09947258,"[dac] CH_A set to -0.360 V (code=31587)
"
1105,66,46,-0.36021771432376504,-0.49077119052486395,-0.13055347620109892,1784281098.119766,1784281099.552937,1784281098.8363514,1.0672978,"[dac] CH_A set to -0.491 V (code=31159)
"
1106,66,47,-0.49077119052486395,-0.6213246667259629,-0.13055347620109892,1784281099.553153,1784281100.979462,1784281100.2663074,1.01233255,"[dac] CH_A set to -0.621 V (code=30732)
"
1107,66,48,-0.6213246667259629,-0.7518781429270618,-0.13055347620109892,1784281100.979689,1784281102.4028149,1784281101.6912518,0.935917445,"[dac] CH_A set to -0.752 V (code=30304)
"
1108,66,49,-0.7518781429270618,-0.8824316191281607,-0.13055347620109892,1784281102.403073,1784281103.83894,1784281103.1210065,0.883633426,"[dac] CH_A set to -0.882 V (code=29876)
"
1109,66,50,-0.8824316191281607,-1.0129850953292587,-0.13055347620109803,1784281103.8391669,1784281105.2780979,1784281104.5586324,0.824646329,"[dac] CH_A set to -1.013 V (code=29448)
"
1110,66,51,-1.0129850953292587,-1.1435385715303577,-0.13055347620109892,1784281105.278365,1784281106.713038,1784281105.9957013,0.77906539,"[dac] CH_A set to -1.143 V (code=29021)
"
1111,66,52,-1.1435385715303577,-1.2740920477314566,-0.13055347620109892,1784281106.713275,1784281108.155935,1784281107.4346051,0.70130967,"[dac] CH_A set to -1.274 V (code=28593)
"
1112,66,53,-1.2740920477314566,-1.4046455239325546,-0.13055347620109803,1784281108.1562712,1784281109.589222,1784281108.8727465,0.649025652,"[dac] CH_A set to -1.405 V (code=28165)
"
1113,66,54,-1.4046455239325546,-1.5351990001336535,-0.13055347620109892,1784281109.589472,1784281111.039265,1784281110.3143685,0.588697938,"[dac] CH_A set to -1.535 V (code=27737)
"
1114,66,55,-1.5351990001336535,-1.6657524763347524,-0.13055347620109892,1784281111.039496,1784281112.494039,1784281111.7667675,0.544457615,"[dac] CH_A set to -1.666 V (code=27309)
"
1115,66,56,-1.6657524763347524,-1.7963059525358513,-0.13055347620109892,1784281112.494308,1784281113.930899,1784281113.2126036,0.470723743,"[dac] CH_A set to -1.796 V (code=26881)
"
1116,66,57,-1.7963059525358513,-1.9268594287369503,-0.13055347620109892,1784281113.931129,1784281115.3689868,1784281114.6500578,0.427824035,"[dac] CH_A set to -1.927 V (code=26454)
"
1117,66,58,-1.9268594287369503,-2.0574129049380483,-0.13055347620109803,1784281115.369219,1784281116.8160708,1784281116.092645,0.370177553,"[dac] CH_A set to -2.057 V (code=26026)
"
1118,66,59,-2.0574129049380483,-2.187966381139147,-0.13055347620109892,1784281116.8162858,1784281118.237738,1784281117.5270119,0.324596614,"[dac] CH_A set to -2.188 V (code=25598)
"
1119,66,60,-2.187966381139147,-2.318519857340246,-0.13055347620109892,1784281118.237937,1784281119.667905,1784281118.952921,0.250862742,"[dac] CH_A set to -2.319 V (code=25170)
"
1120,66,61,-2.318519857340246,-2.449073333541344,-0.13055347620109803,1784281119.668109,1784281121.102384,1784281120.3852465,0.234775352,"[dac] CH_A set to -2.449 V (code=24742)
"
1121,66,62,-2.449073333541344,-2.579626809742443,-0.13055347620109892,1784281121.10258,1784281122.53894,1784281121.82076,0.186513181,"[dac] CH_A set to -2.580 V (code=24315)
"
1122,66,63,-2.579626809742443,-2.710180285943542,-0.13055347620109892,1784281122.539156,1784281123.975075,1784281123.2571154,0.165063327,"[dac] CH_A set to -2.710 V (code=23887)
"
1123,66,64,-2.710180285943542,-2.840733762144641,-0.13055347620109892,1784281123.975286,1784281125.413941,1784281124.6946135,0.142272858,"[dac] CH_A set to -2.841 V (code=23459)
"
1124,66,65,-2.840733762144641,-2.97128723834574,-0.13055347620109892,1784281125.414171,1784281126.850376,1784281126.1322734,0.0873076077,"[dac] CH_A set to -2.971 V (code=23031)
"
1125,66,66,-2.97128723834574,-3.1018407145468387,-0.13055347620109892,1784281126.850603,1784281128.296417,1784281127.5735102,0.102054382,"[dac] CH_A set to -3.102 V (code=22604)
"
1126,66,67,-3.1018407145468387,-3.2323941907479377,-0.13055347620109892,1784281128.296598,1784281129.736267,1784281129.0164325,0.0310017417,"[dac] CH_A set to -3.232 V (code=22176)
"
1127,66,68,-3.2323941907479377,-3.362947666949035,-0.13055347620109714,1784281129.736545,1784281131.186141,1784281130.461343,0.0551328271,"[dac] CH_A set to -3.363 V (code=21748)
"
1128,66,69,-3.362947666949035,-3.4935011431501337,-0.13055347620109892,1784281131.1864572,1784281132.614208,1784281131.9003325,0.00553004041,"[dac] CH_A set to -3.493 V (code=21320)
"
1129,66,70,-3.4935011431501337,-3.6240546193512326,-0.13055347620109892,1784281132.6144671,1784281134.047721,1784281133.331094,0.0242986624,"[dac] CH_A set to -3.624 V (code=20892)
"
1130,66,71,-3.6240546193512326,-3.7546080955523315,-0.13055347620109892,1784281134.047913,1784281135.496395,1784281134.772154,0.0028488087,"[dac] CH_A set to -3.755 V (code=20465)
"
1131,66,72,-3.7546080955523315,-3.8851615717534296,-0.13055347620109803,1784281135.4965901,1784281136.932329,1784281136.2144594,0.00821127212,"[dac] CH_A set to -3.885 V (code=20037)
"
1132,67,0,-4.0157150479545285,-4.080991786055078,-0.06527673810054946,1784281147.142124,1784281148.5915468,1784281147.8668354,0.0229580465,"[dac] CH_A set to -4.081 V (code=19395)
"
1133,67,1,-4.080991786055078,-4.146268524155627,-0.06527673810054946,1784281148.5917702,1784281150.016453,1784281149.3041115,0.0229580465,"[dac] CH_A set to -4.146 V (code=19181)
"
1134,68,0,-4.0157150479545285,-3.8944868200535083,0.12122822790102017,1784281160.260401,1784281161.687725,1784281160.974063,-0.0159192709,"[dac] CH_A set to -3.895 V (code=20006)
"
1135,68,1,-3.8944868200535083,-3.773258592152488,0.12122822790102017,1784281161.687962,1784281163.110466,1784281162.399214,-0.00921605169,"[dac] CH_A set to -3.773 V (code=20403)
"
1136,68,2,-3.773258592152488,-3.652030364251468,0.12122822790102017,1784281163.110688,1784281164.5462122,1784281163.8284502,-0.0118975603,"[dac] CH_A set to -3.652 V (code=20801)
"
1137,68,3,-3.652030364251468,-3.5308021363504474,0.12122822790102061,1784281164.54645,1784281165.994976,1784281165.2707129,0.00687083612,"[dac] CH_A set to -3.531 V (code=21198)
"
1138,68,4,-3.5308021363504474,-3.409573908449427,0.12122822790102017,1784281165.995202,1784281167.43386,1784281166.714531,-0.0105568503,"[dac] CH_A set to -3.410 V (code=21595)
"
1139,68,5,-3.409573908449427,-3.288345680548407,0.12122822790102017,1784281167.434101,1784281168.861399,1784281168.14775,-0.00787561855,"[dac] CH_A set to -3.288 V (code=21993)
"
1140,68,6,-3.288345680548407,-3.167117452647387,0.12122822790102017,1784281168.861619,1784281170.303156,1784281169.5823874,0.0336829734,"[dac] CH_A set to -3.167 V (code=22390)
"
1141,68,7,-3.167117452647387,-3.0458892247463667,0.12122822790102017,1784281170.303357,1784281171.736544,1784281171.0199504,0.0497703637,"[dac] CH_A set to -3.046 V (code=22787)
"
1142,68,8,-3.0458892247463667,-2.924660996845346,0.12122822790102061,1784281171.736773,1784281173.186551,1784281172.461662,0.0980325345,"[dac] CH_A set to -2.925 V (code=23184)
"
1143,68,9,-2.924660996845346,-2.803432768944326,0.12122822790102017,1784281173.1867788,1784281174.6404219,1784281173.9136004,0.0993731504,"[dac] CH_A set to -2.803 V (code=23581)
"
1144,68,10,-2.803432768944326,-2.6822045410433057,0.12122822790102017,1784281174.640645,1784281176.074131,1784281175.357388,0.110098077,"[dac] CH_A set to -2.682 V (code=23979)
"
1145,68,11,-2.6822045410433057,-2.5609763131422856,0.12122822790102017,1784281176.074364,1784281177.511758,1784281176.793061,0.159700864,"[dac] CH_A set to -2.561 V (code=24376)
"
1146,68,12,-2.5609763131422856,-2.4397480852412654,0.12122822790102017,1784281177.512056,1784281178.954093,1784281178.2330747,0.197238108,"[dac] CH_A set to -2.440 V (code=24773)
"
1147,68,13,-2.4397480852412654,-2.3185198573402452,0.12122822790102017,1784281178.9542952,1784281180.395217,1784281179.674756,0.238797199,"[dac] CH_A set to -2.319 V (code=25170)
"
1148,69,0,-2.1879663811391463,-2.122689643038597,0.06527673810054946,1784281190.68436,1784281192.128835,1784281191.4065976,0.284378139,"[dac] CH_A set to -2.123 V (code=25812)
"
1149,69,1,-2.122689643038597,-2.0574129049380474,0.06527673810054946,1784281192.1290822,1784281193.5611289,1784281192.8451056,0.313871687,"[dac] CH_A set to -2.057 V (code=26026)
"
1150,70,0,-2.1879663811391463,-2.0574129049380474,0.13055347620109892,1784281203.797732,1784281205.237244,1784281204.517488,0.333980925,"[dac] CH_A set to -2.057 V (code=26026)
"
1151,70,1,-2.0574129049380474,-1.926859428736949,0.13055347620109847,1784281205.237442,1784281206.679277,1784281205.9583595,0.339343389,"[dac] CH_A set to -1.927 V (code=26454)
"
1152,70,2,-1.926859428736949,-1.7963059525358502,0.1305534762010987,1784281206.6795268,1784281208.1227589,1784281207.4011428,0.391627407,"[dac] CH_A set to -1.796 V (code=26881)
"
1153,70,3,-1.7963059525358502,-1.6657524763347515,0.1305534762010987,1784281208.12298,1784281209.561907,1784281208.8424435,0.465361279,"[dac] CH_A set to -1.666 V (code=27309)
"
1154,70,4,-1.6657524763347515,-1.5351990001336528,0.1305534762010987,1784281209.5621068,1784281210.986333,1784281210.27422,0.516304682,"[dac] CH_A set to -1.535 V (code=27737)
"
1155,70,5,-1.5351990001336528,-1.4046455239325542,0.1305534762010987,1784281210.9865239,1784281212.412427,1784281211.6994753,0.556523157,"[dac] CH_A set to -1.405 V (code=28165)
"
1156,70,6,-1.4046455239325542,-1.2740920477314555,0.1305534762010987,1784281212.412673,1784281213.8626611,1784281213.1376672,0.647685036,"[dac] CH_A set to -1.274 V (code=28593)
"
1157,70,7,-1.2740920477314555,-1.1435385715303568,0.1305534762010987,1784281213.8628721,1784281215.2946079,1784281214.5787401,0.661091194,"[dac] CH_A set to -1.143 V (code=29021)
"
1158,70,8,-1.1435385715303568,-1.012985095329258,0.1305534762010987,1784281215.2948081,1784281216.732234,1784281216.0135212,0.758956152,"[dac] CH_A set to -1.013 V (code=29448)
"
1159,70,9,-1.012985095329258,-0.8824316191281594,0.1305534762010987,1784281216.732451,1784281218.181997,1784281217.457224,0.785768469,"[dac] CH_A set to -0.882 V (code=29876)
"
1160,70,10,-0.8824316191281594,-0.7518781429270607,0.1305534762010987,1784281218.1822138,1784281219.619682,1784281218.900948,0.847436798,"[dac] CH_A set to -0.752 V (code=30304)
"
1161,70,11,-0.7518781429270607,-0.621324666725962,0.1305534762010987,1784281219.6198862,1784281221.036331,1784281220.3281085,0.890336506,"[dac] CH_A set to -0.621 V (code=30732)
"
1162,70,12,-0.621324666725962,-0.4907711905248633,0.1305534762010987,1784281221.036601,1784281222.462347,1784281221.749474,0.957367299,"[dac] CH_A set to -0.491 V (code=31159)
"
1163,70,13,-0.4907711905248633,-0.3602177143237646,0.1305534762010987,1784281222.462555,1784281223.911724,1784281223.1871395,1.0083107,"[dac] CH_A set to -0.360 V (code=31587)
"
1164,70,14,-0.3602177143237646,-0.2296642381226659,0.1305534762010987,1784281223.911961,1784281225.3554182,1784281224.6336896,1.07802273,"[dac] CH_A set to -0.230 V (code=32015)
"
1165,70,15,-0.2296642381226659,-0.0991107619215672,0.1305534762010987,1784281225.355693,1784281226.78252,1784281226.0691066,1.09679135,"[dac] CH_A set to -0.099 V (code=32443)
"
1166,70,16,-0.0991107619215672,0.031442714279531714,0.13055347620109892,1784281226.78276,1784281228.2121909,1784281227.4974754,1.17052522,"[dac] CH_A set to +0.031 V (code=32870)
"
1167,70,17,0.031442714279531714,0.1619961904806302,0.13055347620109847,1784281228.212375,1784281229.644635,1784281228.928505,1.19867815,"[dac] CH_A set to +0.162 V (code=33298)
"
1168,70,18,0.1619961904806302,0.29254966668172866,0.13055347620109847,1784281229.644831,1784281231.0935428,1784281230.3691869,1.25498402,"[dac] CH_A set to +0.292 V (code=33726)
"
1169,70,19,0.29254966668172866,0.4231031428828276,0.13055347620109892,1784281231.093805,1784281232.5293372,1784281231.8115711,1.30726804,"[dac] CH_A set to +0.423 V (code=34154)
"
1170,70,20,0.4231031428828276,0.5536566190839265,0.13055347620109892,1784281232.529539,1784281233.9696288,1784281233.249584,1.33676159,"[dac] CH_A set to +0.554 V (code=34582)
"
1171,70,21,0.5536566190839265,0.684210095285025,0.13055347620109847,1784281233.969899,1784281235.410895,1784281234.690397,1.35150836,"[dac] CH_A set to +0.684 V (code=35009)
"
1172,70,22,0.684210095285025,0.8147635714861234,0.13055347620109847,1784281235.41105,1784281236.857266,1784281236.1341581,1.42390162,"[dac] CH_A set to +0.815 V (code=35437)
"
1173,70,23,0.8147635714861234,0.9453170476872224,0.13055347620109892,1784281236.857506,1784281238.2872021,1784281237.572354,1.43596716,"[dac] CH_A set to +0.945 V (code=35865)
"
1174,70,24,0.9453170476872224,1.0758705238883213,0.13055347620109892,1784281238.287426,1784281239.729171,1784281239.0082984,1.44267024,"[dac] CH_A set to +1.076 V (code=36293)
"
1175,70,25,1.0758705238883213,1.2064240000894197,0.13055347620109847,1784281239.7293591,1784281241.177773,1784281240.453566,1.46814194,"[dac] CH_A set to +1.206 V (code=36721)
"
1176,70,26,1.2064240000894197,1.3369774762905182,0.13055347620109847,1784281241.177989,1784281242.601291,1784281241.8896399,1.51104165,"[dac] CH_A set to +1.337 V (code=37149)
"
1177,70,27,1.3369774762905182,1.4675309524916171,0.13055347620109892,1784281242.601525,1784281244.01984,1784281243.3106825,1.50031672,"[dac] CH_A set to +1.467 V (code=37576)
"
1178,70,28,1.4675309524916171,1.598084428692716,0.13055347620109892,1784281244.0201468,1784281245.460861,1784281244.7405038,1.48556995,"[dac] CH_A set to +1.598 V (code=38004)
"
1179,70,29,1.598084428692716,1.7286379048938145,0.13055347620109847,1784281245.4610848,1784281246.8946931,1784281246.1778889,1.5070198,"[dac] CH_A set to +1.729 V (code=38432)
"
1180,70,30,1.7286379048938145,1.859191381094913,0.13055347620109847,1784281246.8948941,1784281248.330818,1784281247.612856,1.49227303,"[dac] CH_A set to +1.859 V (code=38860)
"
1181,70,31,1.859191381094913,1.989744857296012,0.13055347620109892,1784281248.331062,1784281249.7643049,1784281249.0476835,1.4989761,"[dac] CH_A set to +1.990 V (code=39287)
"
1182,70,32,1.989744857296012,2.120298333497111,0.13055347620109892,1784281249.764521,1784281251.2113762,1784281250.4879484,1.46412009,"[dac] CH_A set to +2.120 V (code=39715)
"
1183,70,33,2.120298333497111,2.2508518096982097,0.13055347620109892,1784281251.211605,1784281252.642951,1784281251.927278,1.49093241,"[dac] CH_A set to +2.251 V (code=40143)
"
1184,70,34,2.2508518096982097,2.3814052858993078,0.13055347620109803,1784281252.6432571,1784281254.0957172,1784281253.3694873,1.43194531,"[dac] CH_A set to +2.381 V (code=40571)
"
1185,70,35,2.3814052858993078,2.5119587621004067,0.13055347620109892,1784281254.095927,1784281255.5288131,1784281254.81237,1.41049546,"[dac] CH_A set to +2.512 V (code=40999)
"
1186,70,36,2.5119587621004067,2.6425122383015056,0.13055347620109892,1784281255.529011,1784281256.9619079,1784281256.2454596,1.38234253,"[dac] CH_A set to +2.642 V (code=41426)
"
1187,70,37,2.6425122383015056,2.7730657145026036,0.13055347620109803,1784281256.962104,1784281258.398031,1784281257.6800675,1.36759575,"[dac] CH_A set to +2.773 V (code=41854)
"
1188,70,38,2.7730657145026036,2.9036191907037026,0.13055347620109892,1784281258.3982239,1784281259.836027,1784281259.1171255,1.31397112,"[dac] CH_A set to +2.904 V (code=42282)
"
1189,70,39,2.9036191907037026,3.0341726669048015,0.13055347620109892,1784281259.836221,1784281261.262561,1784281260.549391,1.28179634,"[dac] CH_A set to +3.034 V (code=42710)
"
1190,70,40,3.0341726669048015,3.1647261431059004,0.13055347620109892,1784281261.2628028,1784281262.701932,1784281261.9823675,1.22280924,"[dac] CH_A set to +3.165 V (code=43137)
"
1191,70,41,3.1647261431059004,3.2952796193069993,0.13055347620109892,1784281262.702132,1784281264.145885,1784281263.4240084,1.1772283,"[dac] CH_A set to +3.295 V (code=43565)
"
1192,70,42,3.2952796193069993,3.4258330955080973,0.13055347620109803,1784281264.146181,1784281265.5942452,1784281264.870213,1.13700982,"[dac] CH_A set to +3.426 V (code=43993)
"
1193,70,43,3.4258330955080973,3.5563865717091963,0.13055347620109892,1784281265.594574,1784281267.0293329,1784281266.3119535,1.06059472,"[dac] CH_A set to +3.556 V (code=44421)
"
1194,70,44,3.5563865717091963,3.686940047910295,0.13055347620109892,1784281267.029561,1784281268.4795132,1784281267.754537,1.04048548,"[dac] CH_A set to +3.687 V (code=44849)
"
1195,70,45,3.686940047910295,3.817493524111393,0.13055347620109803,1784281268.479732,1784281269.912776,1784281269.196254,0.997585774,"[dac] CH_A set to +3.818 V (code=45276)
"
1196,70,46,3.817493524111393,3.948047000312492,0.13055347620109892,1784281269.912975,1784281271.341994,1784281270.6274846,0.90508328,"[dac] CH_A set to +3.948 V (code=45704)
"
1197,71,0,3.817493524111393,3.7522167860108437,-0.06527673810054946,1784281281.6050339,1784281283.0448482,1784281282.3249412,0.965410994,"[dac] CH_A set to +3.752 V (code=45063)
"
1198,71,1,3.7522167860108437,3.6869400479102943,-0.06527673810054946,1784281283.0450492,1784281284.468111,1784281283.75658,0.99892639,"[dac] CH_A set to +3.687 V (code=44849)
"
1199,72,0,3.817493524111393,3.6869400479102943,-0.13055347620109892,1784281294.719442,1784281296.147532,1784281295.433487,0.978817152,"[dac] CH_A set to +3.687 V (code=44849)
"
1200,72,1,3.6869400479102943,3.556386571709196,-0.13055347620109847,1784281296.147755,1784281297.597749,1784281296.872752,1.05657287,"[dac] CH_A set to +3.556 V (code=44421)
"
1201,72,2,3.556386571709196,3.4258330955080973,-0.13055347620109847,1784281297.59797,1784281299.037627,1784281298.3177986,1.10349443,"[dac] CH_A set to +3.426 V (code=43993)
"
1202,72,3,3.4258330955080973,3.2952796193069984,-0.13055347620109892,1784281299.037833,1784281300.470878,1784281299.7543554,1.13700982,"[dac] CH_A set to +3.295 V (code=43565)
"
1203,72,4,3.2952796193069984,3.1647261431058995,-0.13055347620109892,1784281300.471071,1784281301.889782,1784281301.1804266,1.19063446,"[dac] CH_A set to +3.165 V (code=43137)
"
1204,72,5,3.1647261431058995,3.034172666904801,-0.13055347620109847,1784281301.890014,1784281303.339055,1784281302.6145344,1.23487478,"[dac] CH_A set to +3.034 V (code=42710)
"
1205,72,6,3.034172666904801,2.9036191907037026,-0.13055347620109847,1784281303.339257,1784281304.770545,1784281304.0549011,1.30190557,"[dac] CH_A set to +2.904 V (code=42282)
"
1206,72,7,2.9036191907037026,2.7730657145026036,-0.13055347620109892,1784281304.770733,1784281306.212627,1784281305.4916801,1.33005851,"[dac] CH_A set to +2.773 V (code=41854)
"
1207,72,8,2.7730657145026036,2.6425122383015047,-0.13055347620109892,1784281306.212903,1784281307.6460211,1784281306.929462,1.35955206,"[dac] CH_A set to +2.642 V (code=41426)
"
1208,72,9,2.6425122383015047,2.5119587621004063,-0.13055347620109847,1784281307.646249,1784281309.071347,1784281308.358798,1.43328593,"[dac] CH_A set to +2.512 V (code=40999)
"
1209,72,10,2.5119587621004063,2.3814052858993078,-0.13055347620109847,1784281309.071533,1784281310.5009,1784281309.7862165,1.39440807,"[dac] CH_A set to +2.381 V (code=40571)
"
1210,72,11,2.3814052858993078,2.250851809698209,-0.13055347620109892,1784281310.501098,1784281311.945024,1784281311.223061,1.46546071,"[dac] CH_A set to +2.251 V (code=40143)
"
1211,73,0,2.3814052858993078,2.4466820239998572,0.06527673810054946,1784281322.241902,1784281323.690523,1784281322.9662125,1.38100191,"[dac] CH_A set to +2.447 V (code=40785)
"
1212,73,1,2.4466820239998572,2.5119587621004067,0.06527673810054946,1784281323.6907709,1784281325.13293,1784281324.4118505,1.38770499,"[dac] CH_A set to +2.512 V (code=40999)
"
1213,74,0,2.3814052858993078,2.250851809698209,-0.13055347620109892,1784281335.374938,1784281336.807609,1784281336.0912735,1.43864839,"[dac] CH_A set to +2.251 V (code=40143)
"
1214,74,1,2.250851809698209,2.1202983334971104,-0.13055347620109847,1784281336.80782,1784281338.2560582,1784281337.531939,1.47752625,"[dac] CH_A set to +2.120 V (code=39715)
"
1215,74,2,2.1202983334971104,1.9897448572960117,-0.1305534762010987,1784281338.256335,1784281339.699476,1784281338.9779055,1.49093241,"[dac] CH_A set to +1.990 V (code=39287)
"
1216,74,3,1.9897448572960117,1.859191381094913,-0.1305534762010987,1784281339.699678,1784281341.134078,1784281340.416878,1.4560764,"[dac] CH_A set to +1.859 V (code=38860)
"
1217,74,4,1.859191381094913,1.7286379048938143,-0.1305534762010987,1784281341.134293,1784281342.5671191,1784281341.850706,1.51238226,"[dac] CH_A set to +1.729 V (code=38432)
"
1218,74,5,1.7286379048938143,1.5980844286927156,-0.1305534762010987,1784281342.567399,1784281343.993034,1784281343.2802165,1.48959179,"[dac] CH_A set to +1.598 V (code=38004)
"
1219,74,6,1.5980844286927156,1.467530952491617,-0.1305534762010987,1784281343.993261,1784281345.427087,1784281344.710174,1.51104165,"[dac] CH_A set to +1.467 V (code=37576)
"
1220,74,7,1.467530952491617,1.3369774762905182,-0.1305534762010987,1784281345.427302,1784281346.877402,1784281346.1523519,1.50165734,"[dac] CH_A set to +1.337 V (code=37149)
"
1221,74,8,1.3369774762905182,1.2064240000894195,-0.1305534762010987,1784281346.877651,1784281348.301704,1784281347.5896773,1.46412009,"[dac] CH_A set to +1.206 V (code=36721)
"
1222,74,9,1.2064240000894195,1.0758705238883208,-0.1305534762010987,1784281348.301962,1784281349.725557,1784281349.0137596,1.49093241,"[dac] CH_A set to +1.076 V (code=36293)
"
1223,74,10,1.0758705238883208,0.9453170476872221,-0.1305534762010987,1784281349.725781,1784281351.163905,1784281350.4448428,1.47082317,"[dac] CH_A set to +0.945 V (code=35865)
"
1224,74,11,0.9453170476872221,0.8147635714861234,-0.1305534762010987,1784281351.164118,1784281352.5938182,1784281351.8789682,1.45071393,"[dac] CH_A set to +0.815 V (code=35437)
"
1225,74,12,0.8147635714861234,0.6842100952850247,-0.1305534762010987,1784281352.59401,1784281354.0184782,1784281353.3062441,1.44669209,"[dac] CH_A set to +0.684 V (code=35009)
"
1226,74,13,0.6842100952850247,0.553656619083926,-0.1305534762010987,1784281354.0186849,1784281355.4711208,1784281354.7449028,1.35955206,"[dac] CH_A set to +0.554 V (code=34582)
"
1227,74,14,0.553656619083926,0.42310314288282735,-0.1305534762010987,1784281355.471364,1784281356.910264,1784281356.190814,1.37832068,"[dac] CH_A set to +0.423 V (code=34154)
"
1228,74,15,0.42310314288282735,0.29254966668172866,-0.1305534762010987,1784281356.910677,1784281358.343665,1784281357.627171,1.31665235,"[dac] CH_A set to +0.292 V (code=33726)
"
1229,74,16,0.29254966668172866,0.16199619048062974,-0.13055347620109892,1784281358.343919,1784281359.7937942,1784281359.0688567,1.28179634,"[dac] CH_A set to +0.162 V (code=33298)
"
1230,74,17,0.16199619048062974,0.03144271427953127,-0.13055347620109847,1784281359.794181,1784281361.218765,1784281360.506473,1.22280924,"[dac] CH_A set to +0.031 V (code=32870)
"
1231,74,18,0.03144271427953127,-0.0991107619215672,-0.13055347620109847,1784281361.2189922,1784281362.6648262,1784281361.9419093,1.17856891,"[dac] CH_A set to -0.099 V (code=32443)
"
1232,74,19,-0.0991107619215672,-0.22966423812266612,-0.13055347620109892,1784281362.66508,1784281364.102349,1784281363.3837147,1.1517566,"[dac] CH_A set to -0.230 V (code=32015)
"
1233,74,20,-0.22966423812266612,-0.36021771432376504,-0.13055347620109892,1784281364.102567,1784281365.5356228,1784281364.819095,1.0672978,"[dac] CH_A set to -0.360 V (code=31587)
"
1234,74,21,-0.36021771432376504,-0.4907711905248635,-0.13055347620109847,1784281365.5358138,1784281366.977579,1784281366.2566965,1.04048548,"[dac] CH_A set to -0.491 V (code=31159)
"
1235,74,22,-0.4907711905248635,-0.621324666725962,-0.13055347620109847,1784281366.977785,1784281368.405664,1784281367.6917245,0.94396114,"[dac] CH_A set to -0.621 V (code=30732)
"
1236,75,0,-0.7518781429270609,-0.8171548810276104,-0.06527673810054946,1784281378.6278121,1784281380.0626078,1784281379.34521,0.911786359,"[dac] CH_A set to -0.817 V (code=30090)
"
1237,75,1,-0.8171548810276104,-0.8824316191281598,-0.06527673810054946,1784281380.0628748,1784281381.504447,1784281380.783661,0.839393103,"[dac] CH_A set to -0.882 V (code=29876)
"
1238,76,0,-0.7518781429270609,-0.8824316191281596,-0.1305534762010987,1784281391.733122,1784281393.165247,1784281392.4491844,0.844755567,"[dac] CH_A set to -0.882 V (code=29876)
"
1239,76,1,-0.8824316191281596,-1.0129850953292583,-0.1305534762010987,1784281393.16545,1784281394.601069,1784281393.8832595,0.773702926,"[dac] CH_A set to -1.013 V (code=29448)
"
1240,76,2,-1.0129850953292583,-1.143538571530357,-0.1305534762010987,1784281394.601388,1784281396.0443861,1784281395.322887,0.689244127,"[dac] CH_A set to -1.143 V (code=29021)
"
1241,76,3,-1.143538571530357,-1.2740920477314557,-0.1305534762010987,1784281396.0445728,1784281397.485045,1784281396.764809,0.653047499,"[dac] CH_A set to -1.274 V (code=28593)
"
1242,76,4,-1.2740920477314557,-1.4046455239325544,-0.1305534762010987,1784281397.485277,1784281398.919851,1784281398.202564,0.62355395,"[dac] CH_A set to -1.405 V (code=28165)
"
1243,76,5,-1.4046455239325544,-1.535199000133653,-0.1305534762010987,1784281398.9200482,1784281400.363287,1784281399.6416676,0.548479462,"[dac] CH_A set to -1.535 V (code=27737)
"
1244,76,6,-1.535199000133653,-1.6657524763347518,-0.1305534762010987,1784281400.363737,1784281401.810026,1784281401.0868816,0.532392072,"[dac] CH_A set to -1.666 V (code=27309)
"
1245,76,7,-1.6657524763347518,-1.7963059525358505,-0.1305534762010987,1784281401.81026,1784281403.2330549,1784281402.5216575,0.396989871,"[dac] CH_A set to -1.796 V (code=26881)
"
1246,76,8,-1.7963059525358505,-1.9268594287369492,-0.1305534762010987,1784281403.2332642,1784281404.664595,1784281403.9489295,0.390286791,"[dac] CH_A set to -1.927 V (code=26454)
"
1247,76,9,-1.9268594287369492,-2.057412904938048,-0.1305534762010987,1784281404.664803,1784281406.104557,1784281405.38468,0.360793242,"[dac] CH_A set to -2.057 V (code=26026)
"
1248,76,10,-2.057412904938048,-2.1879663811391463,-0.13055347620109847,1784281406.10478,1784281407.541628,1784281406.823204,0.274993828,"[dac] CH_A set to -2.188 V (code=25598)
"
1249,76,11,-2.1879663811391463,-2.3185198573402452,-0.13055347620109892,1784281407.541835,1784281408.986343,1784281408.264089,0.250862742,"[dac] CH_A set to -2.319 V (code=25170)
"
1250,76,12,-2.3185198573402452,-2.449073333541344,-0.13055347620109892,1784281408.98656,1784281410.426815,1784281409.7066875,0.217347346,"[dac] CH_A set to -2.449 V (code=24742)
"
1251,76,13,-2.449073333541344,-2.5796268097424426,-0.13055347620109847,1784281410.427103,1784281411.875089,1784281411.1510959,0.163722711,"[dac] CH_A set to -2.580 V (code=24315)
"
1252,76,14,-2.5796268097424426,-2.710180285943541,-0.13055347620109847,1784281411.875369,1784281413.3164392,1784281412.595904,0.170425791,"[dac] CH_A set to -2.710 V (code=23887)
"
1253,76,15,-2.710180285943541,-2.84073376214464,-0.13055347620109892,1784281413.316691,1784281414.761489,1784281414.03909,0.104735614,"[dac] CH_A set to -2.841 V (code=23459)
"
1254,76,16,-2.84073376214464,-2.971287238345739,-0.13055347620109892,1784281414.761672,1784281416.2062552,1784281415.4839635,0.0618359064,"[dac] CH_A set to -2.971 V (code=23031)
"
1255,76,17,-2.971287238345739,-3.1018407145468374,-0.13055347620109847,1784281416.206479,1784281417.6445172,1784281416.925498,0.0323423575,"[dac] CH_A set to -3.102 V (code=22604)
"
1256,76,18,-3.1018407145468374,-3.2323941907479363,-0.13055347620109892,1784281417.644717,1784281419.095326,1784281418.3700213,0.0511109795,"[dac] CH_A set to -3.232 V (code=22176)
"
1257,77,0,-3.1018407145468374,-3.036563976446288,0.06527673810054946,1784281429.37361,1784281430.802974,1784281430.0882921,0.0363642051,"[dac] CH_A set to -3.037 V (code=22817)
"
1258,77,1,-3.036563976446288,-2.9712872383457385,0.06527673810054946,1784281430.8031821,1784281432.243517,1784281431.5233495,0.0980325345,"[dac] CH_A set to -2.971 V (code=23031)
"
1259,78,0,-3.1018407145468374,-2.971287238345739,0.13055347620109847,1784281442.519647,1784281443.964319,1784281443.241983,0.0591546747,"[dac] CH_A set to -2.971 V (code=23031)
"
1260,78,1,-2.971287238345739,-2.84073376214464,0.13055347620109892,1784281443.964575,1784281445.405034,1784281444.6848044,0.0993731504,"[dac] CH_A set to -2.841 V (code=23459)
"
1261,78,2,-2.84073376214464,-2.710180285943541,0.13055347620109892,1784281445.405256,1784281446.837905,1784281446.1215806,0.102054382,"[dac] CH_A set to -2.710 V (code=23887)
"
1262,78,3,-2.710180285943541,-2.5796268097424426,0.13055347620109847,1784281446.838123,1784281448.27773,1784281447.5579267,0.13825101,"[dac] CH_A set to -2.580 V (code=24315)
"
1263,78,4,-2.5796268097424426,-2.449073333541344,0.13055347620109847,1784281448.2779279,1784281449.716038,1784281448.996983,0.158360248,"[dac] CH_A set to -2.449 V (code=24742)
"
1264,78,5,-2.449073333541344,-2.3185198573402452,0.13055347620109892,1784281449.716255,1784281451.145347,1784281450.430801,0.221369193,"[dac] CH_A set to -2.319 V (code=25170)
"
1265,78,6,-2.3185198573402452,-2.1879663811391463,0.13055347620109892,1784281451.145546,1784281452.5742238,1784281451.8598847,0.266950132,"[dac] CH_A set to -2.188 V (code=25598)
"
1266,78,7,-2.1879663811391463,-2.057412904938048,0.13055347620109847,1784281452.574411,1784281454.0184782,1784281453.2964444,0.315212303,"[dac] CH_A set to -2.057 V (code=26026)
"
1267,78,8,-2.057412904938048,-1.9268594287369492,0.1305534762010987,1784281454.018697,1784281455.446102,1784281454.7323995,0.317893535,"[dac] CH_A set to -1.927 V (code=26454)
"
1268,78,9,-1.9268594287369492,-1.7963059525358505,0.1305534762010987,1784281455.4463081,1784281456.889021,1784281456.1676645,0.415758493,"[dac] CH_A set to -1.796 V (code=26881)
"
1269,78,10,-1.7963059525358505,-1.6657524763347518,0.1305534762010987,1784281456.88924,1784281458.3109,1784281457.60007,0.453295737,"[dac] CH_A set to -1.666 V (code=27309)
"
1270,78,11,-1.6657524763347518,-1.535199000133653,0.1305534762010987,1784281458.31107,1784281459.7428758,1784281459.0269728,0.488151749,"[dac] CH_A set to -1.535 V (code=27737)
"
1271,78,12,-1.535199000133653,-1.4046455239325544,0.1305534762010987,1784281459.743084,1784281461.17823,1784281460.4606571,0.560545005,"[dac] CH_A set to -1.405 V (code=28165)
"
1272,78,13,-1.4046455239325544,-1.2740920477314557,0.1305534762010987,1784281461.1785028,1784281462.605914,1784281461.8922086,0.603444712,"[dac] CH_A set to -1.274 V (code=28593)
"
1273,78,14,-1.2740920477314557,-1.143538571530357,0.1305534762010987,1784281462.606117,1784281464.041295,1784281463.3237062,0.671816121,"[dac] CH_A set to -1.143 V (code=29021)
"
1274,78,15,-1.143538571530357,-1.0129850953292583,0.1305534762010987,1784281464.041528,1784281465.4637408,1784281464.7526345,0.716056444,"[dac] CH_A set to -1.013 V (code=29448)
"
1275,78,16,-1.0129850953292583,-0.8824316191281594,0.13055347620109892,1784281465.463934,1784281466.89469,1784281466.179312,0.753593688,"[dac] CH_A set to -0.882 V (code=29876)
"
1276,78,17,-0.8824316191281594,-0.7518781429270609,0.13055347620109847,1784281466.894872,1784281468.320456,1784281467.607664,0.842074335,"[dac] CH_A set to -0.752 V (code=30304)
"
1277,78,18,-0.7518781429270609,-0.6213246667259624,0.13055347620109847,1784281468.320714,1784281469.744709,1784281469.0327115,0.911786359,"[dac] CH_A set to -0.621 V (code=30732)
"
1278,78,19,-0.6213246667259624,-0.4907711905248635,0.13055347620109892,1784281469.746882,1784281471.187095,1784281470.4669886,0.989542079,"[dac] CH_A set to -0.491 V (code=31159)
"
1279,78,20,-0.4907711905248635,-0.3602177143237646,0.13055347620109892,1784281471.187314,1784281472.6185238,1784281471.9029188,1.03646363,"[dac] CH_A set to -0.360 V (code=31587)
"
1280,78,21,-0.3602177143237646,-0.22966423812266612,0.13055347620109847,1784281472.618722,1784281474.062191,1784281473.3404565,1.07131965,"[dac] CH_A set to -0.230 V (code=32015)
"
1281,78,22,-0.22966423812266612,-0.09911076192156765,0.13055347620109847,1784281474.062378,1784281475.489734,1784281474.7760558,1.10617566,"[dac] CH_A set to -0.099 V (code=32443)
"
1282,78,23,-0.09911076192156765,0.03144271427953127,0.13055347620109892,1784281475.489973,1784281476.92698,1784281476.2084765,1.17186584,"[dac] CH_A set to +0.031 V (code=32870)
"
1283,78,24,0.03144271427953127,0.1619961904806302,0.13055347620109892,1784281476.9272661,1784281478.361429,1784281477.6443477,1.24023724,"[dac] CH_A set to +0.162 V (code=33298)
"
1284,78,25,0.1619961904806302,0.29254966668172866,0.13055347620109847,1784281478.361624,1784281479.7965991,1784281479.0791116,1.25230279,"[dac] CH_A set to +0.292 V (code=33726)
"
1285,78,26,0.29254966668172866,0.42310314288282713,0.13055347620109847,1784281479.796853,1784281481.2377,1784281480.5172765,1.33005851,"[dac] CH_A set to +0.423 V (code=34154)
"
1286,78,27,0.42310314288282713,0.553656619083926,0.13055347620109892,1784281481.237907,1784281482.6780941,1784281481.9580007,1.33944282,"[dac] CH_A set to +0.554 V (code=34582)
"
1287,78,28,0.553656619083926,0.684210095285025,0.13055347620109892,1784281482.678377,1784281484.111744,1784281483.3950605,1.41183607,"[dac] CH_A set to +0.684 V (code=35009)
"
1288,78,29,0.684210095285025,0.8147635714861234,0.13055347620109847,1784281484.1119502,1784281485.546721,1784281484.8293357,1.41719854,"[dac] CH_A set to +0.815 V (code=35437)
"
1289,78,30,0.8147635714861234,0.9453170476872219,0.13055347620109847,1784281485.5469282,1784281486.991989,1784281486.2694585,1.45205455,"[dac] CH_A set to +0.945 V (code=35865)
"
1290,78,31,0.9453170476872219,1.0758705238883208,0.13055347620109892,1784281486.992216,1784281488.430325,1784281487.7112706,1.4560764,"[dac] CH_A set to +1.076 V (code=36293)
"
1291,78,32,1.0758705238883208,1.2064240000894197,0.13055347620109892,1784281488.430559,1784281489.85481,1784281489.1426845,1.47752625,"[dac] CH_A set to +1.206 V (code=36721)
"
1292,78,33,1.2064240000894197,1.3369774762905187,0.13055347620109892,1784281489.855059,1784281491.293689,1784281490.574374,1.48020748,"[dac] CH_A set to +1.337 V (code=37149)
"
1293,78,34,1.3369774762905187,1.4675309524916167,0.13055347620109803,1784281491.293891,1784281492.728153,1784281492.011022,1.46948256,"[dac] CH_A set to +1.467 V (code=37576)
"
1294,78,35,1.4675309524916167,1.5980844286927156,0.13055347620109892,1784281492.728396,1784281494.166602,1784281493.4474988,1.51640411,"[dac] CH_A set to +1.598 V (code=38004)
"
1295,78,36,1.5980844286927156,1.7286379048938145,0.13055347620109892,1784281494.166813,1784281495.603372,1784281494.8850925,1.52310719,"[dac] CH_A set to +1.729 V (code=38432)
"
1296,78,37,1.7286379048938145,1.8591913810949126,0.13055347620109803,1784281495.6035688,1784281497.033691,1784281496.3186297,1.48556995,"[dac] CH_A set to +1.859 V (code=38860)
"
1297,78,38,1.8591913810949126,1.9897448572960115,0.13055347620109892,1784281497.0339189,1784281498.4770718,1784281497.7554953,1.49629487,"[dac] CH_A set to +1.990 V (code=39287)
"
1298,78,39,1.9897448572960115,2.1202983334971104,0.13055347620109892,1784281498.477275,1784281499.913837,1784281499.195556,1.48959179,"[dac] CH_A set to +2.120 V (code=39715)
"
1299,78,40,2.1202983334971104,2.2508518096982093,0.13055347620109892,1784281499.914078,1784281501.34365,1784281500.628864,1.48422933,"[dac] CH_A set to +2.251 V (code=40143)
"
1300,78,41,2.2508518096982093,2.381405285899308,0.13055347620109892,1784281501.3438861,1784281502.788464,1784281502.066175,1.42926408,"[dac] CH_A set to +2.381 V (code=40571)
"
1301,78,42,2.381405285899308,2.5119587621004063,0.13055347620109803,1784281502.788655,1784281504.229332,1784281503.5089936,1.42926408,"[dac] CH_A set to +2.512 V (code=40999)
"
1302,78,43,2.5119587621004063,2.642512238301505,0.13055347620109892,1784281504.229554,1784281505.6547961,1784281504.942175,1.38368314,"[dac] CH_A set to +2.642 V (code=41426)
"
1303,78,44,2.642512238301505,2.773065714502604,0.13055347620109892,1784281505.655061,1784281507.0981948,1784281506.376628,1.37027698,"[dac] CH_A set to +2.773 V (code=41854)
"
1304,78,45,2.773065714502604,2.903619190703702,0.13055347620109803,1784281507.0983949,1784281508.541662,1784281507.8200283,1.30860865,"[dac] CH_A set to +2.904 V (code=42282)
"
1305,78,46,2.903619190703702,3.034172666904801,0.13055347620109892,1784281508.541873,1784281509.9683268,1784281509.2550998,1.29654311,"[dac] CH_A set to +3.034 V (code=42710)
"
1306,78,47,3.034172666904801,3.1647261431059,0.13055347620109892,1784281509.968535,1784281511.399031,1784281510.683783,1.21342493,"[dac] CH_A set to +3.165 V (code=43137)
"
1307,78,48,3.1647261431059,3.295279619306999,0.13055347620109892,1784281511.399338,1784281512.832025,1784281512.1156816,1.15711906,"[dac] CH_A set to +3.295 V (code=43565)
"
1308,78,49,3.295279619306999,3.425833095508098,0.13055347620109892,1784281512.8322308,1784281514.284353,1784281513.558292,1.1182412,"[dac] CH_A set to +3.426 V (code=43993)
"
1309,78,50,3.425833095508098,3.556386571709196,0.13055347620109803,1784281514.284597,1784281515.716405,1784281515.000501,1.0927695,"[dac] CH_A set to +3.556 V (code=44421)
"
1310,78,51,3.556386571709196,3.6869400479102947,0.13055347620109892,1784281515.716598,1784281517.1621041,1784281516.439351,1.04852918,"[dac] CH_A set to +3.687 V (code=44849)
"
1311,78,52,3.6869400479102947,3.8174935241113936,0.13055347620109892,1784281517.162328,1784281518.616226,1784281517.889277,0.945301756,"[dac] CH_A set to +3.818 V (code=45276)
"
1312,78,53,3.8174935241113936,3.9480470003124917,0.13055347620109803,1784281518.616431,1784281520.049267,1784281519.332849,0.94396114,"[dac] CH_A set to +3.948 V (code=45704)
"
1313,78,54,3.9480470003124917,4.078600476513591,0.13055347620109936,1784281520.049472,1784281521.4918458,1784281520.770659,0.85011803,"[dac] CH_A set to +4.079 V (code=46132)
"
1314,78,55,4.078600476513591,4.20915395271469,0.13055347620109892,1784281521.492046,1784281522.935595,1784281522.2138205,0.768340463,"[dac] CH_A set to +4.209 V (code=46560)
"
1315,78,56,4.20915395271469,4.339707428915789,0.13055347620109892,1784281522.935817,1784281524.368099,1784281523.651958,0.748231225,"[dac] CH_A set to +4.340 V (code=46988)
"
1316,78,57,4.339707428915789,4.470260905116888,0.13055347620109892,1784281524.368336,1784281525.807453,1784281525.0878944,0.686562896,"[dac] CH_A set to +4.470 V (code=47416)
"
1317,78,58,4.470260905116888,4.600814381317985,0.13055347620109714,1784281525.8076632,1784281527.249475,1784281526.5285692,0.638300725,"[dac] CH_A set to +4.601 V (code=47843)
"
1318,78,59,4.600814381317985,4.731367857519084,0.13055347620109892,1784281527.249682,1784281528.692257,1784281527.9709694,0.575291779,"[dac] CH_A set to +4.731 V (code=48271)
"
1319,78,60,4.731367857519084,4.861921333720183,0.13055347620109892,1784281528.692489,1784281530.124463,1784281529.4084759,0.500217291,"[dac] CH_A set to +4.862 V (code=48699)
"
1320,79,0,4.731367857519084,4.666091119418534,-0.06527673810054946,1784281540.4095309,1784281541.849632,1784281541.1295815,0.596741633,"[dac] CH_A set to +4.666 V (code=48057)
"
1321,79,1,4.666091119418534,4.600814381317985,-0.06527673810054946,1784281541.849847,1784281543.29341,1784281542.5716286,0.624894566,"[dac] CH_A set to +4.601 V (code=47843)
"
1322,80,0,4.731367857519084,4.835810638479963,0.10444278096087878,1784281553.556166,1784281554.9952471,1784281554.2757065,0.501557907,"[dac] CH_A set to +4.836 V (code=48613)
"
1323,80,1,4.835810638479963,4.940253419440842,0.10444278096087967,1784281554.9954402,1784281556.437685,1784281555.7165627,0.433186499,"[dac] CH_A set to +4.940 V (code=48956)
"
1324,80,2,4.940253419440842,5.044696200401721,0.10444278096087878,1784281556.437898,1784281557.873565,1784281557.1557314,0.41978034,"[dac] CH_A set to +5.045 V (code=49298)
"
1325,80,3,5.044696200401721,5.149138981362601,0.10444278096087967,1784281557.873796,1784281559.309807,1784281558.5918016,0.372858785,"[dac] CH_A set to +5.149 V (code=49640)
"
1326,80,4,5.149138981362601,5.2535817623234795,0.10444278096087878,1784281559.3100102,1784281560.739051,1784281560.0245306,0.301806145,"[dac] CH_A set to +5.254 V (code=49982)
"
1327,81,0,5.384135238524578,5.449411976625128,0.06527673810054946,1784281570.9586902,1784281572.391753,1784281571.6752214,0.249522126,"[dac] CH_A set to +5.449 V (code=50624)
"
1328,81,1,5.449411976625128,5.514688714725677,0.06527673810054946,1784281572.3919501,1784281573.818243,1784281573.1050966,0.217347346,"[dac] CH_A set to +5.515 V (code=50838)
"
1329,82,0,5.384135238524578,5.2535817623234795,-0.13055347620109892,1784281584.0588841,1784281585.4858801,1784281584.7723823,0.276334443,"[dac] CH_A set to +5.254 V (code=49982)
"
1330,82,1,5.2535817623234795,5.123028286122381,-0.13055347620109892,1784281585.486082,1784281586.9249501,1784281586.205516,0.360793242,"[dac] CH_A set to +5.123 V (code=49554)
"
1331,82,2,5.123028286122381,4.992474809921283,-0.13055347620109803,1784281586.9251342,1784281588.367261,1784281587.6461976,0.378221249,"[dac] CH_A set to +4.992 V (code=49127)
"
1332,82,3,4.992474809921283,4.861921333720184,-0.13055347620109892,1784281588.367477,1784281589.81191,1784281589.0896935,0.450614505,"[dac] CH_A set to +4.862 V (code=48699)
"
1333,82,4,4.861921333720184,4.731367857519085,-0.13055347620109892,1784281589.812135,1784281591.252673,1784281590.532404,0.514964066,"[dac] CH_A set to +4.731 V (code=48271)
"
1334,82,5,4.731367857519085,4.600814381317987,-0.13055347620109803,1784281591.252873,1784281592.693254,1784281591.9730635,0.535073304,"[dac] CH_A set to +4.601 V (code=47843)
"
1335,82,6,4.600814381317987,4.470260905116888,-0.13055347620109892,1784281592.693451,1784281594.134045,1784281593.4137478,0.592719786,"[dac] CH_A set to +4.470 V (code=47416)
"
1336,82,7,4.470260905116888,4.339707428915789,-0.13055347620109892,1784281594.134243,1784281595.5682938,1784281594.8512683,0.669134889,"[dac] CH_A set to +4.340 V (code=46988)
"
1337,82,8,4.339707428915789,4.20915395271469,-0.13055347620109892,1784281595.568529,1784281596.9920971,1784281596.280313,0.745549993,"[dac] CH_A set to +4.209 V (code=46560)
"
1338,82,9,4.20915395271469,4.078600476513591,-0.13055347620109892,1784281596.9922938,1784281598.417238,1784281597.7047658,0.825986945,"[dac] CH_A set to +4.079 V (code=46132)
"
1339,82,10,4.078600476513591,3.948047000312493,-0.13055347620109803,1784281598.417414,1784281599.860111,1784281599.1387625,0.804537091,"[dac] CH_A set to +3.948 V (code=45704)
"
1340,82,11,3.948047000312493,3.817493524111394,-0.13055347620109892,1784281599.860357,1784281601.300392,1784281600.5803745,0.878270963,"[dac] CH_A set to +3.818 V (code=45276)
"
1341,82,12,3.817493524111394,3.686940047910295,-0.13055347620109892,1784281601.300591,1784281602.726429,1784281602.01351,0.942620524,"[dac] CH_A set to +3.687 V (code=44849)
"
1342,82,13,3.686940047910295,3.5563865717091967,-0.13055347620109847,1784281602.726706,1784281604.161789,1784281603.4442475,0.990882695,"[dac] CH_A set to +3.556 V (code=44421)
"
1343,82,14,3.5563865717091967,3.4258330955080982,-0.13055347620109847,1784281604.161998,1784281605.5963168,1784281604.8791575,1.04584795,"[dac] CH_A set to +3.426 V (code=43993)
"
1344,82,15,3.4258330955080982,3.2952796193069993,-0.13055347620109892,1784281605.596513,1784281607.0302541,1784281606.3133836,1.11555997,"[dac] CH_A set to +3.295 V (code=43565)
"
1345,82,16,3.2952796193069993,3.1647261431059004,-0.13055347620109892,1784281607.030478,1784281608.4874911,1784281607.7589846,1.15845968,"[dac] CH_A set to +3.165 V (code=43137)
"
1346,82,17,3.1647261431059004,3.034172666904802,-0.13055347620109847,1784281608.487699,1784281609.935029,1784281609.211364,1.22951232,"[dac] CH_A set to +3.034 V (code=42710)
"
1347,82,18,3.034172666904802,2.9036191907037034,-0.13055347620109847,1784281609.935224,1784281611.3796659,1784281610.657445,1.23353417,"[dac] CH_A set to +2.904 V (code=42282)
"
1348,82,19,2.9036191907037034,2.7730657145026045,-0.13055347620109892,1784281611.3798778,1784281612.818343,1784281612.0991104,1.27777449,"[dac] CH_A set to +2.773 V (code=41854)
"
1349,82,20,2.7730657145026045,2.6425122383015056,-0.13055347620109892,1784281612.818559,1784281614.261814,1784281613.5401864,1.31933358,"[dac] CH_A set to +2.642 V (code=41426)
"
1350,82,21,2.6425122383015056,2.511958762100407,-0.13055347620109847,1784281614.2620149,1784281615.6946251,1784281614.9783201,1.32737727,"[dac] CH_A set to +2.512 V (code=40999)
"
1351,82,22,2.511958762100407,2.3814052858993087,-0.13055347620109847,1784281615.694837,1784281617.123898,1784281616.4093676,1.40513299,"[dac] CH_A set to +2.381 V (code=40571)
"
1352,82,23,2.3814052858993087,2.2508518096982097,-0.13055347620109892,1784281617.124148,1784281618.560798,1784281617.842473,1.43998901,"[dac] CH_A set to +2.251 V (code=40143)
"
1353,82,24,2.2508518096982097,2.120298333497111,-0.13055347620109892,1784281618.561014,1784281619.9924748,1784281619.2767444,1.45875763,"[dac] CH_A set to +2.120 V (code=39715)
"
1354,82,25,2.120298333497111,1.9897448572960124,-0.13055347620109847,1784281619.992727,1784281621.425637,1784281620.709182,1.47484502,"[dac] CH_A set to +1.990 V (code=39287)
"
1355,82,26,1.9897448572960124,1.8591913810949139,-0.13055347620109847,1784281621.4258392,1784281622.871965,1784281622.148902,1.47886687,"[dac] CH_A set to +1.859 V (code=38860)
"
1356,82,27,1.8591913810949139,1.728637904893815,-0.13055347620109892,1784281622.872181,1784281624.30066,1784281623.5864205,1.49093241,"[dac] CH_A set to +1.729 V (code=38432)
"
1357,82,28,1.728637904893815,1.598084428692716,-0.13055347620109892,1784281624.3009632,1784281625.747458,1784281625.0242105,1.49629487,"[dac] CH_A set to +1.598 V (code=38004)
"
1358,82,29,1.598084428692716,1.4675309524916176,-0.13055347620109847,1784281625.74767,1784281627.184015,1784281626.4658425,1.52981027,"[dac] CH_A set to +1.467 V (code=37576)
"
1359,82,30,1.4675309524916176,1.336977476290519,-0.13055347620109847,1784281627.184233,1784281628.632108,1784281627.9081705,1.48825118,"[dac] CH_A set to +1.337 V (code=37149)
"
1360,82,31,1.336977476290519,1.2064240000894202,-0.13055347620109892,1784281628.632389,1784281630.076973,1784281629.354681,1.47752625,"[dac] CH_A set to +1.206 V (code=36721)
"
1361,82,32,1.2064240000894202,1.0758705238883213,-0.13055347620109892,1784281630.0772212,1784281631.513081,1784281630.7951512,1.48959179,"[dac] CH_A set to +1.076 V (code=36293)
"
1362,82,33,1.0758705238883213,0.9453170476872224,-0.13055347620109892,1784281631.51331,1784281632.9506922,1784281632.232001,1.47752625,"[dac] CH_A set to +0.945 V (code=35865)
"
1363,82,34,0.9453170476872224,0.8147635714861243,-0.13055347620109803,1784281632.950903,1784281634.393395,1784281633.672149,1.45071393,"[dac] CH_A set to +0.815 V (code=35437)
"
1364,82,35,0.8147635714861243,0.6842100952850254,-0.13055347620109892,1784281634.393607,1784281635.842321,1784281635.1179638,1.41049546,"[dac] CH_A set to +0.684 V (code=35009)
"
1365,82,36,0.6842100952850254,0.5536566190839265,-0.13055347620109892,1784281635.8425229,1784281637.288796,1784281636.5656595,1.4480327,"[dac] CH_A set to +0.554 V (code=34582)
"
1366,82,37,0.5536566190839265,0.42310314288282846,-0.13055347620109803,1784281637.2889972,1784281638.726902,1784281638.0079496,1.3890456,"[dac] CH_A set to +0.423 V (code=34154)
"
1367,82,38,0.42310314288282846,0.29254966668172955,-0.13055347620109892,1784281638.727102,1784281640.151819,1784281639.4394605,1.34882713,"[dac] CH_A set to +0.292 V (code=33726)
"
1368,82,39,0.29254966668172955,0.16199619048063063,-0.13055347620109892,1784281640.152024,1784281641.599522,1784281640.875773,1.30190557,"[dac] CH_A set to +0.162 V (code=33298)
"
1369,82,40,0.16199619048063063,0.031442714279531714,-0.13055347620109892,1784281641.59971,1784281643.049563,1784281642.3246365,1.25096217,"[dac] CH_A set to +0.031 V (code=32870)
"
1370,82,41,0.031442714279531714,-0.0991107619215672,-0.13055347620109892,1784281643.049776,1784281644.4872901,1784281643.7685332,1.21208431,"[dac] CH_A set to -0.099 V (code=32443)
"
1371,82,42,-0.0991107619215672,-0.22966423812266523,-0.13055347620109803,1784281644.4875278,1784281645.933975,1784281645.2107515,1.14505352,"[dac] CH_A set to -0.230 V (code=32015)
"
1372,82,43,-0.22966423812266523,-0.36021771432376415,-0.13055347620109892,1784281645.934197,1784281647.365611,1784281646.649904,1.09679135,"[dac] CH_A set to -0.360 V (code=31587)
"
1373,82,44,-0.36021771432376415,-0.49077119052486307,-0.13055347620109892,1784281647.3658292,1784281648.810171,1784281648.088,1.07131965,"[dac] CH_A set to -0.491 V (code=31159)
"
1374,82,45,-0.49077119052486307,-0.6213246667259611,-0.13055347620109803,1784281648.810379,1784281650.262298,1784281649.5363386,1.00160762,"[dac] CH_A set to -0.621 V (code=30732)
"
1375,82,46,-0.6213246667259611,-0.75187814292706,-0.13055347620109892,1784281650.26251,1784281651.684128,1784281650.973319,0.917148823,"[dac] CH_A set to -0.752 V (code=30304)
"
1376,82,47,-0.75187814292706,-0.8824316191281589,-0.13055347620109892,1784281651.684341,1784281653.119671,1784281652.4020061,0.893017737,"[dac] CH_A set to -0.882 V (code=29876)
"
1377,82,48,-0.8824316191281589,-1.0129850953292578,-0.13055347620109892,1784281653.119898,1784281654.550644,1784281653.835271,0.831349408,"[dac] CH_A set to -1.013 V (code=29448)
"
1378,82,49,-1.0129850953292578,-1.1435385715303568,-0.13055347620109892,1784281654.550842,1784281655.9937558,1784281655.2722988,0.750912457,"[dac] CH_A set to -1.143 V (code=29021)
"
1379,82,50,-1.1435385715303568,-1.2740920477314548,-0.13055347620109803,1784281655.994039,1784281657.426838,1784281656.7104385,0.729462603,"[dac] CH_A set to -1.274 V (code=28593)
"
1380,82,51,-1.2740920477314548,-1.4046455239325537,-0.13055347620109892,1784281657.4270232,1784281658.855606,1784281658.1413145,0.670475505,"[dac] CH_A set to -1.405 V (code=28165)
"
1381,82,52,-1.4046455239325537,-1.5351990001336526,-0.13055347620109892,1784281658.855841,1784281660.2925282,1784281659.5741844,0.564566853,"[dac] CH_A set to -1.535 V (code=27737)
"
1382,82,53,-1.5351990001336526,-1.6657524763347507,-0.13055347620109803,1784281660.2927392,1784281661.724086,1784281661.0084126,0.52971084,"[dac] CH_A set to -1.666 V (code=27309)
"
1383,82,54,-1.6657524763347507,-1.7963059525358496,-0.13055347620109892,1784281661.7243378,1784281663.155998,1784281662.440168,0.477426822,"[dac] CH_A set to -1.796 V (code=26881)
"
1384,82,55,-1.7963059525358496,-1.9268594287369485,-0.13055347620109892,1784281663.156217,1784281664.586761,1784281663.871489,0.431845883,"[dac] CH_A set to -1.927 V (code=26454)
"
1385,82,56,-1.9268594287369485,-2.0574129049380474,-0.13055347620109892,1784281664.586963,1784281666.020803,1784281665.303883,0.371518169,"[dac] CH_A set to -2.057 V (code=26026)
"
1386,82,57,-2.0574129049380474,-2.1879663811391463,-0.13055347620109892,1784281666.021023,1784281667.457322,1784281666.7391725,0.308509224,"[dac] CH_A set to -2.188 V (code=25598)
"
1387,82,58,-2.1879663811391463,-2.3185198573402444,-0.13055347620109803,1784281667.4575639,1784281668.887989,1784281668.1727765,0.283037523,"[dac] CH_A set to -2.319 V (code=25170)
"
1388,82,59,-2.3185198573402444,-2.4490733335413433,-0.13055347620109892,1784281668.888173,1784281670.328657,1784281669.6084151,0.234775352,"[dac] CH_A set to -2.449 V (code=24742)
"
1389,82,60,-2.4490733335413433,-2.579626809742442,-0.13055347620109892,1784281670.328879,1784281671.763196,1784281671.0460377,0.185172565,"[dac] CH_A set to -2.580 V (code=24315)
"
1390,82,61,-2.579626809742442,-2.71018028594354,-0.13055347620109803,1784281671.76339,1784281673.185243,1784281672.4743166,0.1543384,"[dac] CH_A set to -2.710 V (code=23887)
"
1391,82,62,-2.71018028594354,-2.840733762144639,-0.13055347620109892,1784281673.185521,1784281674.626896,1784281673.9062085,0.104735614,"[dac] CH_A set to -2.841 V (code=23459)
"
1392,82,63,-2.840733762144639,-2.971287238345738,-0.13055347620109892,1784281674.627103,1784281676.059156,1784281675.3431296,0.0779232967,"[dac] CH_A set to -2.971 V (code=23031)
"
1393,82,64,-2.971287238345738,-3.101840714546837,-0.13055347620109892,1784281676.0594199,1784281677.494101,1784281676.7767606,0.056473443,"[dac] CH_A set to -3.102 V (code=22604)
"
1394,82,65,-3.101840714546837,-3.232394190747936,-0.13055347620109892,1784281677.494339,1784281678.935804,1784281678.2150714,0.0350235893,"[dac] CH_A set to -3.232 V (code=22176)
"
1395,82,66,-3.232394190747936,-3.362947666949035,-0.13055347620109892,1784281678.936067,1784281680.3716202,1784281679.6538436,0.00418942455,"[dac] CH_A set to -3.363 V (code=21748)
"
1396,82,67,-3.362947666949035,-3.4935011431501337,-0.13055347620109892,1784281680.371834,1784281681.8105862,1784281681.0912101,0.00821127212,"[dac] CH_A set to -3.493 V (code=21320)
"
1397,82,68,-3.4935011431501337,-3.6240546193512317,-0.13055347620109803,1784281681.810838,1784281683.236331,1784281682.5235844,-0.00251356623,"[dac] CH_A set to -3.624 V (code=20892)
"
1398,83,0,-3.7546080955523307,-3.81988483365288,-0.06527673810054946,1784281693.494296,1784281694.91437,1784281694.204333,-0.017259841,"[dac] CH_A set to -3.820 V (code=20251)
"
1399,83,1,-3.81988483365288,-3.8851615717534296,-0.06527673810054946,1784281694.914579,1784281696.364872,1784281695.6397254,-0.00251329216,"[dac] CH_A set to -3.885 V (code=20037)
"
1400,84,0,-3.7546080955523307,-3.624054619351232,0.13055347620109847,1784281706.599564,1784281708.0462232,1784281707.3228936,-0.0105569902,"[dac] CH_A set to -3.624 V (code=20892)
"
1401,84,1,-3.624054619351232,-3.4935011431501333,0.13055347620109892,1784281708.046497,1784281709.495528,1784281708.7710125,-0.017259841,"[dac] CH_A set to -3.493 V (code=21320)
"
1402,84,2,-3.4935011431501333,-3.362947666949035,0.13055347620109847,1784281709.495722,1784281710.9327989,1784281710.2142606,-0.00921632576,"[dac] CH_A set to -3.363 V (code=21748)
"
1403,84,3,-3.362947666949035,-3.232394190747936,0.13055347620109892,1784281710.9330409,1784281712.3606222,1784281711.6468315,0.0363642051,"[dac] CH_A set to -3.232 V (code=22176)
"
1404,84,4,-3.232394190747936,-3.1018407145468374,0.13055347620109847,1784281712.360836,1784281713.806292,1784281713.083564,0.0511109795,"[dac] CH_A set to -3.102 V (code=22604)
"
1405,84,5,-3.1018407145468374,-2.971287238345739,0.13055347620109847,1784281713.8064919,1784281715.2496388,1784281714.5280652,0.0859669918,"[dac] CH_A set to -2.971 V (code=23031)
"
1406,84,6,-2.971287238345739,-2.84073376214464,0.13055347620109892,1784281715.249891,1784281716.681709,1784281715.9658,0.0953513028,"[dac] CH_A set to -2.841 V (code=23459)
"
1407,84,7,-2.84073376214464,-2.710180285943541,0.13055347620109892,1784281716.6819232,1784281718.126271,1784281717.404097,0.144954089,"[dac] CH_A set to -2.710 V (code=23887)
"
1408,84,8,-2.710180285943541,-2.5796268097424426,0.13055347620109847,1784281718.126508,1784281719.56483,1784281718.845669,0.171766407,"[dac] CH_A set to -2.580 V (code=24315)
"
1409,84,9,-2.5796268097424426,-2.449073333541344,0.13055347620109847,1784281719.565274,1784281720.9996312,1784281720.2824526,0.173107022,"[dac] CH_A set to -2.449 V (code=24742)
"
1410,84,10,-2.449073333541344,-2.3185198573402452,0.13055347620109892,1784281720.9998379,1784281722.446856,1784281721.723347,0.234775352,"[dac] CH_A set to -2.319 V (code=25170)
"
1411,84,11,-2.3185198573402452,-2.1879663811391468,0.13055347620109847,1784281722.447077,1784281723.8830059,1784281723.1650414,0.264268901,"[dac] CH_A set to -2.188 V (code=25598)
"
1412,84,12,-2.1879663811391468,-2.0574129049380483,0.13055347620109847,1784281723.8833978,1784281725.3106072,1784281724.5970025,0.304487376,"[dac] CH_A set to -2.057 V (code=26026)
"
1413,84,13,-2.0574129049380483,-1.9268594287369494,0.13055347620109892,1784281725.310835,1784281726.74683,1784281726.0288324,0.390286791,"[dac] CH_A set to -1.927 V (code=26454)
"
1414,84,14,-1.9268594287369494,-1.7963059525358505,0.13055347620109892,1784281726.747066,1784281728.193846,1784281727.4704561,0.43586773,"[dac] CH_A set to -1.796 V (code=26881)
"
1415,85,0,-1.6657524763347515,-1.600475738234202,0.06527673810054946,1784281738.4321249,1784281739.8836281,1784281739.1578765,0.516304682,"[dac] CH_A set to -1.600 V (code=27523)
"
1416,85,1,-1.600475738234202,-1.5351990001336526,0.06527673810054946,1784281739.8838599,1784281741.309939,1784281740.5968995,0.492173596,"[dac] CH_A set to -1.535 V (code=27737)
"
1417,86,0,-1.6657524763347515,-1.5351990001336528,0.1305534762010987,1784281751.5055208,1784281752.9490318,1784281752.2272763,0.509601602,"[dac] CH_A set to -1.535 V (code=27737)
"
1418,86,1,-1.5351990001336528,-1.4046455239325542,0.1305534762010987,1784281752.9493172,1784281754.394926,1784281753.6721215,0.557863773,"[dac] CH_A set to -1.405 V (code=28165)
"
1419,86,2,-1.4046455239325542,-1.2740920477314555,0.1305534762010987,1784281754.395155,1784281755.826987,1784281755.111071,0.640981956,"[dac] CH_A set to -1.274 V (code=28593)
"
1420,86,3,-1.2740920477314555,-1.1435385715303568,0.1305534762010987,1784281755.827187,1784281757.2502038,1784281756.5386953,0.657069347,"[dac] CH_A set to -1.143 V (code=29021)
"
1421,86,4,-1.1435385715303568,-1.012985095329258,0.1305534762010987,1784281757.250409,1784281758.691849,1784281757.971129,0.758956152,"[dac] CH_A set to -1.013 V (code=29448)
"
1422,86,5,-1.012985095329258,-0.8824316191281594,0.1305534762010987,1784281758.692105,1784281760.135594,1784281759.4138494,0.803196475,"[dac] CH_A set to -0.882 V (code=29876)
"
1423,86,6,-0.8824316191281594,-0.7518781429270607,0.1305534762010987,1784281760.135824,1784281761.570027,1784281760.8529255,0.855480493,"[dac] CH_A set to -0.752 V (code=30304)
"
1424,86,7,-0.7518781429270607,-0.621324666725962,0.1305534762010987,1784281761.570216,1784281762.992278,1784281762.2812471,0.914467591,"[dac] CH_A set to -0.621 V (code=30732)
"
1425,86,8,-0.621324666725962,-0.4907711905248633,0.1305534762010987,1784281762.992482,1784281764.42751,1784281763.709996,0.96004853,"[dac] CH_A set to -0.491 V (code=31159)
"
1426,86,9,-0.4907711905248633,-0.3602177143237646,0.1305534762010987,1784281764.427695,1784281765.852767,1784281765.1402311,1.05121041,"[dac] CH_A set to -0.360 V (code=31587)
"
1427,86,10,-0.3602177143237646,-0.2296642381226659,0.1305534762010987,1784281765.852984,1784281767.2907698,1784281766.571877,1.07534149,"[dac] CH_A set to -0.230 V (code=32015)
"
1428,86,11,-0.2296642381226659,-0.0991107619215672,0.1305534762010987,1784281767.290983,1784281768.725451,1784281768.0082169,1.11019751,"[dac] CH_A set to -0.099 V (code=32443)
"
1429,86,12,-0.0991107619215672,0.03144271427953149,0.1305534762010987,1784281768.72574,1784281770.150568,1784281769.438154,1.17588768,"[dac] CH_A set to +0.031 V (code=32870)
"
1430,86,13,0.03144271427953149,0.1619961904806302,0.1305534762010987,1784281770.150764,1784281771.585384,1784281770.868074,1.24291848,"[dac] CH_A set to +0.162 V (code=33298)
"
1431,86,14,0.1619961904806302,0.2925496666817289,0.1305534762010987,1784281771.585643,1784281773.032622,1784281772.3091326,1.27643387,"[dac] CH_A set to +0.292 V (code=33726)
"
1432,86,15,0.2925496666817289,0.4231031428828276,0.1305534762010987,1784281773.032819,1784281774.474231,1784281773.753525,1.32603666,"[dac] CH_A set to +0.423 V (code=34154)
"
1433,86,16,0.4231031428828276,0.5536566190839265,0.13055347620109892,1784281774.474452,1784281775.9169269,1784281775.1956894,1.37295821,"[dac] CH_A set to +0.554 V (code=34582)
"
1434,86,17,0.5536566190839265,0.684210095285025,0.13055347620109847,1784281775.917133,1784281777.35114,1784281776.6341367,1.39440807,"[dac] CH_A set to +0.684 V (code=35009)
"
1435,86,18,0.684210095285025,0.8147635714861234,0.13055347620109847,1784281777.3513532,1784281778.7826471,1784281778.0670002,1.43998901,"[dac] CH_A set to +0.815 V (code=35437)
"
1436,86,19,0.8147635714861234,0.9453170476872224,0.13055347620109892,1784281778.782839,1784281780.2262661,1784281779.5045526,1.44669209,"[dac] CH_A set to +0.945 V (code=35865)
"
1437,86,20,0.9453170476872224,1.0758705238883213,0.13055347620109892,1784281780.2265012,1784281781.64861,1784281780.9375558,1.49495426,"[dac] CH_A set to +1.076 V (code=36293)
"
1438,86,21,1.0758705238883213,1.2064240000894197,0.13055347620109847,1784281781.648824,1784281783.079607,1784281782.3642154,1.47082317,"[dac] CH_A set to +1.206 V (code=36721)
"
1439,86,22,1.2064240000894197,1.3369774762905182,0.13055347620109847,1784281783.079821,1784281784.5092108,1784281783.794516,1.51238226,"[dac] CH_A set to +1.337 V (code=37149)
"
1440,86,23,1.3369774762905182,1.4675309524916171,0.13055347620109892,1784281784.509452,1784281785.950015,1784281785.2297335,1.50836042,"[dac] CH_A set to +1.467 V (code=37576)
"
1441,86,24,1.4675309524916171,1.598084428692716,0.13055347620109892,1784281785.950208,1784281787.394688,1784281786.672448,1.49227303,"[dac] CH_A set to +1.598 V (code=38004)
"
1442,86,25,1.598084428692716,1.7286379048938145,0.13055347620109847,1784281787.3948832,1784281788.833608,1784281788.1142454,1.51506349,"[dac] CH_A set to +1.729 V (code=38432)
"
1443,86,26,1.7286379048938145,1.859191381094913,0.13055347620109847,1784281788.833802,1784281790.27532,1784281789.5545611,1.52981027,"[dac] CH_A set to +1.859 V (code=38860)
"
1444,86,27,1.859191381094913,1.989744857296012,0.13055347620109892,1784281790.2755358,1784281791.7227478,1784281790.9991417,1.46814194,"[dac] CH_A set to +1.990 V (code=39287)
"
1445,86,28,1.989744857296012,2.120298333497111,0.13055347620109892,1784281791.72299,1784281793.167008,1784281792.444999,1.4815481,"[dac] CH_A set to +2.120 V (code=39715)
"
1446,86,29,2.120298333497111,2.2508518096982093,0.13055347620109847,1784281793.167267,1784281794.602401,1784281793.884834,1.45473578,"[dac] CH_A set to +2.251 V (code=40143)
"
1447,86,30,2.2508518096982093,2.3814052858993078,0.13055347620109847,1784281794.6026292,1784281796.033739,1784281795.3181841,1.45339517,"[dac] CH_A set to +2.381 V (code=40571)
"
1448,86,31,2.3814052858993078,2.5119587621004067,0.13055347620109892,1784281796.033953,1784281797.4589498,1784281796.7464514,1.43194531,"[dac] CH_A set to +2.512 V (code=40999)
"
1449,86,32,2.5119587621004067,2.6425122383015056,0.13055347620109892,1784281797.459152,1784281798.901115,1784281798.1801333,1.37563945,"[dac] CH_A set to +2.642 V (code=41426)
"
1450,86,33,2.6425122383015056,2.7730657145026045,0.13055347620109892,1784281798.9013288,1784281800.341951,1784281799.6216397,1.34212405,"[dac] CH_A set to +2.773 V (code=41854)
"
1451,86,34,2.7730657145026045,2.9036191907037026,0.13055347620109803,1784281800.342165,1784281801.783991,1784281801.063078,1.30592742,"[dac] CH_A set to +2.904 V (code=42282)
"
1452,86,35,2.9036191907037026,3.0341726669048015,0.13055347620109892,1784281801.7842329,1784281803.225375,1784281802.504804,1.26570895,"[dac] CH_A set to +3.034 V (code=42710)
"
1453,86,36,3.0341726669048015,3.1647261431059004,0.13055347620109892,1784281803.225617,1784281804.650391,1784281803.938004,1.24023724,"[dac] CH_A set to +3.165 V (code=43137)
"
1454,86,37,3.1647261431059004,3.2952796193069984,0.13055347620109803,1784281804.650579,1784281806.097616,1784281805.3740973,1.17856891,"[dac] CH_A set to +3.295 V (code=43565)
"
1455,86,38,3.2952796193069984,3.4258330955080973,0.13055347620109892,1784281806.097913,1784281807.5374138,1784281806.8176634,1.11555997,"[dac] CH_A set to +3.426 V (code=43993)
"
1456,87,0,3.2952796193069984,3.230002881206449,-0.06527673810054946,1784281817.789181,1784281819.2245069,1784281818.506844,1.1772283,"[dac] CH_A set to +3.230 V (code=43351)
"
1457,87,1,3.230002881206449,3.1647261431058995,-0.06527673810054946,1784281819.224703,1784281820.6761081,1784281819.9504056,1.20135938,"[dac] CH_A set to +3.165 V (code=43137)
"
1458,88,0,3.2952796193069984,3.1740513914059783,-0.12122822790102017,1784281830.916499,1784281832.367459,1784281831.641979,1.2281717,"[dac] CH_A set to +3.174 V (code=43168)
"
1459,88,1,3.1740513914059783,3.052823163504958,-0.12122822790102017,1784281832.367639,1784281833.80216,1784281833.0848994,1.23755601,"[dac] CH_A set to +3.053 V (code=42771)
"
1460,88,2,3.052823163504958,2.931594935603938,-0.12122822790102017,1784281833.802379,1784281835.230998,1784281834.5166883,1.27643387,"[dac] CH_A set to +2.932 V (code=42374)
"
1461,88,3,2.931594935603938,2.8103667077029173,-0.12122822790102061,1784281835.2312331,1784281836.673829,1784281835.952531,1.30056496,"[dac] CH_A set to +2.810 V (code=41976)
"
1462,88,4,2.8103667077029173,2.689138479801897,-0.12122822790102017,1784281836.674061,1784281838.12018,1784281837.3971205,1.34882713,"[dac] CH_A set to +2.689 V (code=41579)
"
1463,88,5,2.689138479801897,2.567910251900877,-0.12122822790102017,1784281838.1204128,1784281839.550933,1784281838.8356729,1.39977053,"[dac] CH_A set to +2.568 V (code=41182)
"
1464,88,6,2.567910251900877,2.446682023999857,-0.12122822790102017,1784281839.551137,1784281841.000315,1784281840.2757258,1.45071393,"[dac] CH_A set to +2.447 V (code=40785)
"
1465,88,7,2.446682023999857,2.3254537960988366,-0.12122822790102017,1784281841.000532,1784281842.4535732,1784281841.7270527,1.4480327,"[dac] CH_A set to +2.326 V (code=40388)
"
1466,88,8,2.3254537960988366,2.204225568197816,-0.12122822790102061,1784281842.453784,1784281843.892232,1784281843.173008,1.42122038,"[dac] CH_A set to +2.204 V (code=39990)
"
1467,88,9,2.204225568197816,2.082997340296796,-0.12122822790102017,1784281843.892426,1784281845.341553,1784281844.6169896,1.46948256,"[dac] CH_A set to +2.083 V (code=39593)
"
1468,88,10,2.082997340296796,1.961769112395776,-0.12122822790101995,1784281845.341801,1784281846.782707,1784281846.062254,1.47216379,"[dac] CH_A set to +1.962 V (code=39196)
"
1469,88,11,1.961769112395776,1.8405408844947555,-0.12122822790102039,1784281846.782988,1784281848.224413,1784281847.5037005,1.5070198,"[dac] CH_A set to +1.840 V (code=38798)
"
1470,88,12,1.8405408844947555,1.7193126565937353,-0.12122822790102017,1784281848.224618,1784281849.665929,1784281848.9452734,1.53517273,"[dac] CH_A set to +1.719 V (code=38401)
"
1471,88,13,1.7193126565937353,1.5980844286927152,-0.12122822790102017,1784281849.666194,1784281851.107414,1784281850.386804,1.50433857,"[dac] CH_A set to +1.598 V (code=38004)
"
1472,89,0,1.728637904893814,1.7939146429943635,0.06527673810054946,1784281861.342263,1784281862.766517,1784281862.05439,1.51238226,"[dac] CH_A set to +1.794 V (code=38646)
"
1473,89,1,1.7939146429943635,1.859191381094913,0.06527673810054946,1784281862.7667358,1784281864.214069,1784281863.4904022,1.51908534,"[dac] CH_A set to +1.859 V (code=38860)
"
1474,90,0,1.728637904893814,1.5980844286927154,-0.1305534762010987,1784281874.461581,1784281875.8946528,1784281875.1781168,1.50836042,"[dac] CH_A set to +1.598 V (code=38004)
"
1475,90,1,1.5980844286927154,1.4675309524916167,-0.1305534762010987,1784281875.894874,1784281877.341592,1784281876.6182332,1.50836042,"[dac] CH_A set to +1.467 V (code=37576)
"
1476,90,2,1.4675309524916167,1.3369774762905182,-0.13055347620109847,1784281877.341803,1784281878.7878861,1784281878.0648446,1.49227303,"[dac] CH_A set to +1.337 V (code=37149)
"
1477,90,3,1.3369774762905182,1.2064240000894195,-0.1305534762010987,1784281878.788091,1784281880.225247,1784281879.506669,1.46814194,"[dac] CH_A set to +1.206 V (code=36721)
"
1478,90,4,1.2064240000894195,1.0758705238883208,-0.1305534762010987,1784281880.2254632,1784281881.658734,1784281880.9420986,1.44535147,"[dac] CH_A set to +1.076 V (code=36293)
"
1479,90,5,1.0758705238883208,0.9453170476872222,-0.13055347620109858,1784281881.658943,1784281883.105839,1784281882.382391,1.45071393,"[dac] CH_A set to +0.945 V (code=35865)
"
1480,90,6,0.9453170476872222,0.8147635714861237,-0.13055347620109858,1784281883.1060228,1784281884.521569,1784281883.813796,1.4480327,"[dac] CH_A set to +0.815 V (code=35437)
"
1481,90,7,0.8147635714861237,0.684210095285025,-0.1305534762010987,1784281884.521777,1784281885.961499,1784281885.241638,1.39440807,"[dac] CH_A set to +0.684 V (code=35009)
"
1482,90,8,0.684210095285025,0.5536566190839263,-0.1305534762010987,1784281885.961727,1784281887.3916202,1784281886.6766734,1.38770499,"[dac] CH_A set to +0.554 V (code=34582)
"
1483,90,9,0.5536566190839263,0.4231031428828276,-0.1305534762010987,1784281887.391812,1784281888.829877,1784281888.1108446,1.36223329,"[dac] CH_A set to +0.423 V (code=34154)
"
1484,90,10,0.4231031428828276,0.2925496666817291,-0.13055347620109847,1784281888.830073,1784281890.2806468,1784281889.5553598,1.3126305,"[dac] CH_A set to +0.292 V (code=33726)
"
1485,90,11,0.2925496666817291,0.1619961904806304,-0.1305534762010987,1784281890.280844,1784281891.72332,1784281891.0020819,1.27643387,"[dac] CH_A set to +0.162 V (code=33298)
"
1486,90,12,0.1619961904806304,0.031442714279531714,-0.1305534762010987,1784281891.7235641,1784281893.1733801,1784281892.448472,1.21208431,"[dac] CH_A set to +0.031 V (code=32870)
"
1487,91,0,-0.0991107619215672,-0.16438750002211666,-0.06527673810054946,1784281903.4401438,1784281904.889214,1784281904.164679,1.16248152,"[dac] CH_A set to -0.164 V (code=32229)
"
1488,91,1,-0.16438750002211666,-0.22966423812266612,-0.06527673810054946,1784281904.8894122,1784281906.338521,1784281905.6139665,1.11287874,"[dac] CH_A set to -0.230 V (code=32015)
"
1489,92,0,-0.0991107619215672,-0.20355354288244626,-0.10444278096087906,1784281916.603633,1784281918.048231,1784281917.325932,1.11690059,"[dac] CH_A set to -0.204 V (code=32100)
"
1490,92,1,-0.20355354288244626,-0.3079963238433253,-0.10444278096087906,1784281918.048411,1784281919.4810739,1784281918.7647424,1.10885689,"[dac] CH_A set to -0.308 V (code=31758)
"
1491,92,2,-0.3079963238433253,-0.4124391048042043,-0.104442780960879,1784281919.481278,1784281920.92273,1784281920.202004,1.00026701,"[dac] CH_A set to -0.412 V (code=31416)
"
1492,92,3,-0.4124391048042043,-0.5168818857650834,-0.10444278096087911,1784281920.922924,1784281922.361123,1784281921.6420236,0.985520232,"[dac] CH_A set to -0.517 V (code=31074)
"
1493,92,4,-0.5168818857650834,-0.6213246667259624,-0.104442780960879,1784281922.361346,1784281923.8002539,1784281923.0808,0.96675161,"[dac] CH_A set to -0.621 V (code=30732)
"
1494,93,0,-0.4907711905248635,-0.42549445242431405,0.06527673810054946,1784281934.074214,1784281935.511862,1784281934.793038,1.04986979,"[dac] CH_A set to -0.426 V (code=31373)
"
1495,93,1,-0.42549445242431405,-0.3602177143237646,0.06527673810054946,1784281935.512077,1784281936.932995,1784281936.222536,1.04316671,"[dac] CH_A set to -0.360 V (code=31587)
"
1496,94,0,-0.4907711905248635,-0.36615196324199656,0.12461922728286695,1784281947.207211,1784281948.6425579,1784281947.9248843,1.05791349,"[dac] CH_A set to -0.366 V (code=31568)
"
1497,94,1,-0.36615196324199656,-0.24153273595912958,0.12461922728286698,1784281948.642766,1784281950.074304,1784281949.358535,1.11555997,"[dac] CH_A set to -0.242 V (code=31976)
"
1498,94,2,-0.24153273595912958,-0.1169135086762626,0.12461922728286698,1784281950.074581,1784281951.5014322,1784281950.7880065,1.15443783,"[dac] CH_A set to -0.117 V (code=32384)
"
1499,94,3,-0.1169135086762626,0.00770571860660435,0.12461922728286695,1784281951.5016918,1784281952.940902,1784281952.2212968,1.18527199,"[dac] CH_A set to +0.008 V (code=32793)
"
1500,94,4,0.00770571860660435,0.1323249458894713,0.12461922728286695,1784281952.941143,1784281954.388927,1784281953.665035,1.21878739,"[dac] CH_A set to +0.132 V (code=33201)
"
1501,94,5,0.1323249458894713,0.2569441731723383,0.124619227282867,1784281954.389162,1784281955.814668,1784281955.101915,1.26839018,"[dac] CH_A set to +0.257 V (code=33609)
"
1502,94,6,0.2569441731723383,0.3815634004552052,0.1246192272828669,1784281955.814882,1784281957.2402098,1784281956.527546,1.32603666,"[dac] CH_A set to +0.382 V (code=34018)
"
1503,94,7,0.3815634004552052,0.5061826277380722,0.124619227282867,1784281957.2404501,1784281958.690614,1784281957.965532,1.34748651,"[dac] CH_A set to +0.506 V (code=34426)
"
1504,94,8,0.5061826277380722,0.6308018550209391,0.1246192272828669,1784281958.690817,1784281960.115647,1784281959.403232,1.35284898,"[dac] CH_A set to +0.631 V (code=34834)
"
1505,94,9,0.6308018550209391,0.7554210823038061,0.124619227282867,1784281960.115881,1784281961.550035,1784281960.832958,1.39842992,"[dac] CH_A set to +0.755 V (code=35243)
"
1506,94,10,0.7554210823038061,0.8800403095866731,0.124619227282867,1784281961.550273,1784281962.998979,1784281962.274626,1.44132962,"[dac] CH_A set to +0.880 V (code=35651)
"
1507,94,11,0.8800403095866731,1.0046595368695401,0.124619227282867,1784281962.9991832,1784281964.445021,1784281963.7221022,1.46814194,"[dac] CH_A set to +1.005 V (code=36060)
"
1508,94,12,1.0046595368695401,1.1292787641524071,0.124619227282867,1784281964.4452338,1784281965.865667,1784281965.1554503,1.44937332,"[dac] CH_A set to +1.129 V (code=36468)
"
1509,94,13,1.1292787641524071,1.253897991435274,0.12461922728286678,1784281965.8658712,1784281967.313536,1784281966.5897036,1.50165734,"[dac] CH_A set to +1.254 V (code=36876)
"
1510,94,14,1.253897991435274,1.378517218718141,0.124619227282867,1784281967.313756,1784281968.7578912,1784281968.0358236,1.48556995,"[dac] CH_A set to +1.378 V (code=37285)
"
1511,94,15,1.378517218718141,1.503136446001008,0.124619227282867,1784281968.758157,1784281970.196238,1784281969.4771976,1.48825118,"[dac] CH_A set to +1.503 V (code=37693)
"
1512,94,16,1.503136446001008,1.627755673283875,0.124619227282867,1784281970.196477,1784281971.635587,1784281970.9160318,1.50970103,"[dac] CH_A set to +1.628 V (code=38101)
"
1513,94,17,1.627755673283875,1.7523749005667417,0.12461922728286678,1784281971.635802,1784281973.0731251,1784281972.3544636,1.5070198,"[dac] CH_A set to +1.752 V (code=38510)
"
1514,94,18,1.7523749005667417,1.876994127849609,0.12461922728286723,1784281973.073351,1784281974.50628,1784281973.7898154,1.50031672,"[dac] CH_A set to +1.877 V (code=38918)
"
1515,94,19,1.876994127849609,2.0016133551324757,0.12461922728286678,1784281974.5065,1784281975.949326,1784281975.227913,1.48422933,"[dac] CH_A set to +2.002 V (code=39326)
"
1516,94,20,2.0016133551324757,2.126232582415343,0.12461922728286723,1784281975.9495559,1784281977.393698,1784281976.671627,1.45071393,"[dac] CH_A set to +2.126 V (code=39735)
"
1517,94,21,2.126232582415343,2.2508518096982097,0.12461922728286678,1784281977.3939269,1784281978.8294709,1784281978.1116989,1.47216379,"[dac] CH_A set to +2.251 V (code=40143)
"
1518,95,0,2.120298333497111,2.0550215953965614,-0.06527673810054946,1784281989.100731,1784281990.524365,1784281989.812548,1.48288871,"[dac] CH_A set to +2.055 V (code=39501)
"
1519,95,1,2.0550215953965614,1.989744857296012,-0.06527673810054946,1784281990.524578,1784281991.956321,1784281991.2404494,1.45875763,"[dac] CH_A set to +1.990 V (code=39287)
"
1520,96,0,2.120298333497111,2.2508518096982093,0.13055347620109847,1784282002.1842701,1784282003.62416,1784282002.904215,1.4306047,"[dac] CH_A set to +2.251 V (code=40143)
"
1521,96,1,2.2508518096982093,2.3814052858993073,0.13055347620109803,1784282003.6244779,1784282005.064854,1784282004.344666,1.42926408,"[dac] CH_A set to +2.381 V (code=40571)
"
1522,96,2,2.3814052858993073,2.511958762100406,0.13055347620109847,1784282005.0651982,1784282006.506379,1784282005.7857885,1.40111115,"[dac] CH_A set to +2.512 V (code=40999)
"
1523,97,0,2.6425122383015047,2.707788976402054,0.06527673810054946,1784282016.789734,1784282018.243386,1784282017.51656,1.33005851,"[dac] CH_A set to +2.708 V (code=41640)
"
1524,97,1,2.707788976402054,2.7730657145026036,0.06527673810054946,1784282018.243648,1784282019.6812139,1784282018.962431,1.30592742,"[dac] CH_A set to +2.773 V (code=41854)
"
1525,98,0,2.6425122383015047,2.5119587621004063,-0.13055347620109847,1784282029.952258,1784282031.3816519,1784282030.666955,1.3970893,"[dac] CH_A set to +2.512 V (code=40999)
"
1526,98,1,2.5119587621004063,2.3814052858993073,-0.13055347620109892,1784282031.3819242,1784282032.830338,1784282032.106131,1.42926408,"[dac] CH_A set to +2.381 V (code=40571)
"
1527,98,2,2.3814052858993073,2.250851809698209,-0.13055347620109847,1784282032.8305511,1784282034.249304,1784282033.5399275,1.45071393,"[dac] CH_A set to +2.251 V (code=40143)
"
1528,98,3,2.250851809698209,2.12029833349711,-0.13055347620109892,1784282034.2495182,1784282035.6842308,1784282034.9668746,1.45875763,"[dac] CH_A set to +2.120 V (code=39715)
"
1529,98,4,2.12029833349711,1.9897448572960115,-0.13055347620109847,1784282035.684451,1784282037.124203,1784282036.404327,1.48825118,"[dac] CH_A set to +1.990 V (code=39287)
"
1530,98,5,1.9897448572960115,1.8591913810949128,-0.1305534762010987,1784282037.1244102,1784282038.554849,1784282037.8396297,1.49093241,"[dac] CH_A set to +1.859 V (code=38860)
"
1531,98,6,1.8591913810949128,1.728637904893814,-0.1305534762010987,1784282038.555098,1784282039.98989,1784282039.272494,1.48422933,"[dac] CH_A set to +1.729 V (code=38432)
"
1532,98,7,1.728637904893814,1.5980844286927154,-0.1305534762010987,1784282039.990093,1784282041.4087949,1784282040.6994438,1.48020748,"[dac] CH_A set to +1.598 V (code=38004)
"
1533,98,8,1.5980844286927154,1.4675309524916167,-0.1305534762010987,1784282041.40903,1784282042.858151,1784282042.1335905,1.50299795,"[dac] CH_A set to +1.467 V (code=37576)
"
1534,98,9,1.4675309524916167,1.336977476290518,-0.1305534762010987,1784282042.858353,1784282044.2878342,1784282043.5730934,1.52310719,"[dac] CH_A set to +1.337 V (code=37149)
"
1535,98,10,1.336977476290518,1.2064240000894193,-0.1305534762010987,1784282044.2880452,1784282045.7090912,1784282044.998568,1.49227303,"[dac] CH_A set to +1.206 V (code=36721)
"
1536,98,11,1.2064240000894193,1.0758705238883208,-0.13055347620109847,1784282045.709298,1784282047.142962,1784282046.4261298,1.49227303,"[dac] CH_A set to +1.076 V (code=36293)
"
1537,98,12,1.0758705238883208,0.9453170476872221,-0.1305534762010987,1784282047.143151,1784282048.5849779,1784282047.8640645,1.45339517,"[dac] CH_A set to +0.945 V (code=35865)
"
1538,98,13,0.9453170476872221,0.8147635714861234,-0.1305534762010987,1784282048.5852108,1784282050.029464,1784282049.3073373,1.39977053,"[dac] CH_A set to +0.815 V (code=35437)
"
1539,98,14,0.8147635714861234,0.6842100952850247,-0.1305534762010987,1784282050.0297012,1784282051.4719539,1784282050.7508276,1.42122038,"[dac] CH_A set to +0.684 V (code=35009)
"
1540,98,15,0.6842100952850247,0.553656619083926,-0.1305534762010987,1784282051.4721742,1784282052.913932,1784282052.1930532,1.36759575,"[dac] CH_A set to +0.554 V (code=34582)
"
1541,98,16,0.553656619083926,0.4231031428828276,-0.13055347620109847,1784282052.914171,1784282054.3531609,1784282053.633666,1.3461459,"[dac] CH_A set to +0.423 V (code=34154)
"
1542,98,17,0.4231031428828276,0.29254966668172866,-0.13055347620109892,1784282054.353363,1784282055.796557,1784282055.07496,1.33005851,"[dac] CH_A set to +0.292 V (code=33726)
"
1543,98,18,0.29254966668172866,0.1619961904806302,-0.13055347620109847,1784282055.79678,1784282057.21871,1784282056.507745,1.26302771,"[dac] CH_A set to +0.162 V (code=33298)
"
1544,98,19,0.1619961904806302,0.03144271427953127,-0.13055347620109892,1784282057.2189171,1784282058.645406,1784282057.9321616,1.23755601,"[dac] CH_A set to +0.031 V (code=32870)
"
1545,98,20,0.03144271427953127,-0.0991107619215672,-0.13055347620109847,1784282058.6456032,1784282060.077601,1784282059.361602,1.21610616,"[dac] CH_A set to -0.099 V (code=32443)
"
1546,98,21,-0.0991107619215672,-0.22966423812266612,-0.13055347620109892,1784282060.077803,1784282061.519486,1784282060.7986445,1.1182412,"[dac] CH_A set to -0.230 V (code=32015)
"
1547,98,22,-0.22966423812266612,-0.3602177143237646,-0.13055347620109847,1784282061.519713,1784282062.9449668,1784282062.2323399,1.09142888,"[dac] CH_A set to -0.360 V (code=31587)
"
1548,98,23,-0.3602177143237646,-0.49077119052486307,-0.13055347620109847,1784282062.9452002,1784282064.387908,1784282063.666554,1.03646363,"[dac] CH_A set to -0.491 V (code=31159)
"
1549,98,24,-0.49077119052486307,-0.621324666725962,-0.13055347620109892,1784282064.388235,1784282065.829689,1784282065.108962,0.985520232,"[dac] CH_A set to -0.621 V (code=30732)
"
1550,98,25,-0.621324666725962,-0.7518781429270605,-0.13055347620109847,1784282065.829907,1784282067.254494,1784282066.5422006,0.901061433,"[dac] CH_A set to -0.752 V (code=30304)
"
1551,98,26,-0.7518781429270605,-0.8824316191281594,-0.13055347620109892,1784282067.254735,1784282068.679571,1784282067.967153,0.862183573,"[dac] CH_A set to -0.882 V (code=29876)
"
1552,99,0,-1.0129850953292583,-1.0782618334298077,-0.06527673810054946,1784282078.920189,1784282080.341561,1784282079.630875,0.771021695,"[dac] CH_A set to -1.078 V (code=29234)
"
1553,99,1,-1.0782618334298077,-1.1435385715303572,-0.06527673810054946,1784282080.341761,1784282081.791614,1784282081.0666876,0.748231225,"[dac] CH_A set to -1.143 V (code=29021)
"
1554,100,0,-1.0129850953292583,-1.143538571530357,-0.1305534762010987,1784282092.044346,1784282093.473063,1784282092.7587047,0.695947207,"[dac] CH_A set to -1.143 V (code=29021)
"
1555,100,1,-1.143538571530357,-1.2740920477314557,-0.1305534762010987,1784282093.4733188,1784282094.9147258,1784282094.1940222,0.666453658,"[dac] CH_A set to -1.274 V (code=28593)
"
1556,100,2,-1.2740920477314557,-1.4046455239325544,-0.1305534762010987,1784282094.914977,1784282096.346206,1784282095.6305914,0.619532103,"[dac] CH_A set to -1.405 V (code=28165)
"
1557,100,3,-1.4046455239325544,-1.535199000133653,-0.1305534762010987,1784282096.346472,1784282097.7835321,1784282097.065002,0.5685887,"[dac] CH_A set to -1.535 V (code=27737)
"
1558,100,4,-1.535199000133653,-1.6657524763347518,-0.1305534762010987,1784282097.783763,1784282099.217878,1784282098.5008206,0.527029609,"[dac] CH_A set to -1.666 V (code=27309)
"
1559,100,5,-1.6657524763347518,-1.7963059525358505,-0.1305534762010987,1784282099.218078,1784282100.664449,1784282099.9412634,0.438548962,"[dac] CH_A set to -1.796 V (code=26881)
"
1560,100,6,-1.7963059525358505,-1.9268594287369492,-0.1305534762010987,1784282100.664635,1784282102.113374,1784282101.3890045,0.402352334,"[dac] CH_A set to -1.927 V (code=26454)
"
1561,100,7,-1.9268594287369492,-2.057412904938048,-0.1305534762010987,1784282102.113664,1784282103.563993,1784282102.8388286,0.333980925,"[dac] CH_A set to -2.057 V (code=26026)
"
1562,100,8,-2.057412904938048,-2.1879663811391463,-0.13055347620109847,1784282103.564192,1784282104.999143,1784282104.2816675,0.296443681,"[dac] CH_A set to -2.188 V (code=25598)
"
1563,100,9,-2.1879663811391463,-2.3185198573402452,-0.13055347620109892,1784282104.9993658,1784282106.429672,1784282105.714519,0.222709809,"[dac] CH_A set to -2.319 V (code=25170)
"
1564,100,10,-2.3185198573402452,-2.449073333541344,-0.13055347620109892,1784282106.429874,1784282107.855681,1784282107.1427774,0.203941187,"[dac] CH_A set to -2.449 V (code=24742)
"
1565,100,11,-2.449073333541344,-2.5796268097424426,-0.13055347620109847,1784282107.855864,1784282109.287263,1784282108.5715635,0.16104148,"[dac] CH_A set to -2.580 V (code=24315)
"
1566,100,12,-2.5796268097424426,-2.710180285943541,-0.13055347620109847,1784282109.287479,1784282110.7226958,1784282110.0050874,0.150316553,"[dac] CH_A set to -2.710 V (code=23887)
"
1567,100,13,-2.710180285943541,-2.84073376214464,-0.13055347620109892,1784282110.7229362,1784282112.14708,1784282111.435008,0.0913294552,"[dac] CH_A set to -2.841 V (code=23459)
"
1568,101,0,-2.710180285943541,-2.6449035478429916,0.06527673810054946,1784282122.415904,1784282123.863366,1784282123.139635,0.146294705,"[dac] CH_A set to -2.645 V (code=24101)
"
1569,101,1,-2.6449035478429916,-2.579626809742442,0.06527673810054946,1784282123.8637109,1784282125.297492,1784282124.5806015,0.147635321,"[dac] CH_A set to -2.580 V (code=24315)
"
1570,102,0,-2.710180285943541,-2.581958121817462,0.128222164126079,1784282135.553077,1784282136.982722,1784282136.2678995,0.155679016,"[dac] CH_A set to -2.582 V (code=24307)
"
1571,102,1,-2.581958121817462,-2.453735957691383,0.128222164126079,1784282136.982943,1784282138.4226072,1784282137.702775,0.194556876,"[dac] CH_A set to -2.454 V (code=24727)
"
1572,102,2,-2.453735957691383,-2.325513793565304,0.128222164126079,1784282138.4228191,1784282139.863271,1784282139.143045,0.226731657,"[dac] CH_A set to -2.326 V (code=25147)
"
1573,102,3,-2.325513793565304,-2.1972916294392246,0.12822216412607945,1784282139.86352,1784282141.3164558,1784282140.5899878,0.28705937,"[dac] CH_A set to -2.197 V (code=25567)
"
1574,102,4,-2.1972916294392246,-2.0690694653131456,0.128222164126079,1784282141.3166862,1784282142.767212,1784282142.041949,0.304487376,"[dac] CH_A set to -2.069 V (code=25988)
"
1575,102,5,-2.0690694653131456,-1.9408473011870666,0.128222164126079,1784282142.767448,1784282144.1979892,1784282143.4827185,0.358112011,"[dac] CH_A set to -1.941 V (code=26408)
"
1576,102,6,-1.9408473011870666,-1.8126251370609876,0.128222164126079,1784282144.1982121,1784282145.639331,1784282144.9187717,0.40369295,"[dac] CH_A set to -1.813 V (code=26828)
"
1577,102,7,-1.8126251370609876,-1.6844029729349084,0.12822216412607923,1784282145.639571,1784282147.0920918,1784282146.3658314,0.4586582,"[dac] CH_A set to -1.684 V (code=27248)
"
1578,102,8,-1.6844029729349084,-1.5561808088088294,0.128222164126079,1784282147.0922828,1784282148.532337,1784282147.8123097,0.514964066,"[dac] CH_A set to -1.556 V (code=27668)
"
1579,102,9,-1.5561808088088294,-1.4279586446827501,0.12822216412607923,1784282148.532543,1784282149.971618,1784282149.2520804,0.567248084,"[dac] CH_A set to -1.428 V (code=28088)
"
1580,102,10,-1.4279586446827501,-1.2997364805566711,0.128222164126079,1784282149.971819,1784282151.404819,1784282150.688319,0.624894566,"[dac] CH_A set to -1.300 V (code=28509)
"
1581,102,11,-1.2997364805566711,-1.1715143164305921,0.128222164126079,1784282151.405042,1784282152.838441,1784282152.1217413,0.661091194,"[dac] CH_A set to -1.171 V (code=28929)
"
1582,102,12,-1.1715143164305921,-1.0432921523045129,0.12822216412607923,1784282152.838645,1784282154.290011,1784282153.564328,0.693265975,"[dac] CH_A set to -1.043 V (code=29349)
"
1583,102,13,-1.0432921523045129,-0.9150699881784339,0.128222164126079,1784282154.290211,1784282155.7415009,1784282155.0158558,0.769681079,"[dac] CH_A set to -0.915 V (code=29769)
"
1584,102,14,-0.9150699881784339,-0.7868478240523546,0.12822216412607923,1784282155.7417479,1784282157.180972,1784282156.46136,0.839393103,"[dac] CH_A set to -0.787 V (code=30189)
"
1585,102,15,-0.7868478240523546,-0.6586256599262756,0.128222164126079,1784282157.181163,1784282158.6056478,1784282157.8934054,0.902402048,"[dac] CH_A set to -0.659 V (code=30609)
"
1586,102,16,-0.6586256599262756,-0.5304034958001966,0.128222164126079,1784282158.605883,1784282160.050696,1784282159.3282895,0.934576829,"[dac] CH_A set to -0.530 V (code=31030)
"
1587,102,17,-0.5304034958001966,-0.4021813316741176,0.128222164126079,1784282160.0509288,1784282161.494168,1784282160.7725484,1.00965132,"[dac] CH_A set to -0.402 V (code=31450)
"
1588,102,18,-0.4021813316741176,-0.2739591675480382,0.12822216412607945,1784282161.494375,1784282162.914916,1784282162.2046456,1.06059472,"[dac] CH_A set to -0.274 V (code=31870)
"
1589,102,19,-0.2739591675480382,-0.14573700342195917,0.128222164126079,1784282162.915116,1784282164.330146,1784282163.622631,1.0592541,"[dac] CH_A set to -0.146 V (code=32290)
"
1590,102,20,-0.14573700342195917,-0.017514839295880158,0.128222164126079,1784282164.3303528,1784282165.766165,1784282165.0482588,1.14237229,"[dac] CH_A set to -0.018 V (code=32710)
"
1591,102,21,-0.017514839295880158,0.11070732483019885,0.128222164126079,1784282165.766402,1784282167.189564,1784282166.477983,1.20404062,"[dac] CH_A set to +0.111 V (code=33130)
"
1592,102,22,0.11070732483019885,0.23892948895627786,0.128222164126079,1784282167.189758,1784282168.6257548,1784282167.9077563,1.23353417,"[dac] CH_A set to +0.239 V (code=33550)
"
1593,102,23,0.23892948895627786,0.36715165308235687,0.128222164126079,1784282168.6259918,1784282170.0560808,1784282169.3410363,1.28447757,"[dac] CH_A set to +0.367 V (code=33971)
"
1594,102,24,0.36715165308235687,0.4953738172084363,0.12822216412607945,1784282170.056285,1784282171.49492,1784282170.7756023,1.33944282,"[dac] CH_A set to +0.495 V (code=34391)
"
1595,102,25,0.4953738172084363,0.6235959813345153,0.128222164126079,1784282171.495192,1784282172.9282072,1784282172.2116995,1.36223329,"[dac] CH_A set to +0.624 V (code=34811)
"
1596,102,26,0.6235959813345153,0.7518181454605943,0.128222164126079,1784282172.928471,1784282174.3644228,1784282173.646447,1.38368314,"[dac] CH_A set to +0.752 V (code=35231)
"
1597,102,27,0.7518181454605943,0.8800403095866733,0.128222164126079,1784282174.364657,1784282175.814372,1784282175.0895145,1.44401085,"[dac] CH_A set to +0.880 V (code=35651)
"
1598,102,28,0.8800403095866733,1.0082624737127523,0.128222164126079,1784282175.8145761,1784282177.2542331,1784282176.5344048,1.44267024,"[dac] CH_A set to +1.008 V (code=36071)
"
1599,102,29,1.0082624737127523,1.1364846378388318,0.12822216412607945,1784282177.2544498,1784282178.692014,1784282177.9732318,1.51238226,"[dac] CH_A set to +1.137 V (code=36492)
"
1600,102,30,1.1364846378388318,1.2647068019649108,0.128222164126079,1784282178.692265,1784282180.131135,1784282179.4117,1.51506349,"[dac] CH_A set to +1.265 V (code=36912)
"
1601,102,31,1.2647068019649108,1.3929289660909898,0.128222164126079,1784282180.131376,1784282181.571676,1784282180.851526,1.50567918,"[dac] CH_A set to +1.393 V (code=37332)
"
1602,102,32,1.3929289660909898,1.5211511302170688,0.128222164126079,1784282181.571934,1784282183.019669,1784282182.2958016,1.51372288,"[dac] CH_A set to +1.521 V (code=37752)
"
1603,102,33,1.5211511302170688,1.6493732943431478,0.128222164126079,1784282183.019947,1784282184.453354,1784282183.7366505,1.51372288,"[dac] CH_A set to +1.649 V (code=38172)
"
1604,102,34,1.6493732943431478,1.7775954584692268,0.128222164126079,1784282184.453653,1784282185.883873,1784282185.1687632,1.51372288,"[dac] CH_A set to +1.778 V (code=38592)
"
1605,102,35,1.7775954584692268,1.9058176225953058,0.128222164126079,1784282185.884108,1784282187.333327,1784282186.6087174,1.49361364,"[dac] CH_A set to +1.906 V (code=39012)
"
1606,102,36,1.9058176225953058,2.034039786721385,0.128222164126079,1784282187.333555,1784282188.7716532,1784282188.0526042,1.50836042,"[dac] CH_A set to +2.034 V (code=39432)
"
1607,102,37,2.034039786721385,2.1622619508474648,0.1282221641260799,1784282188.771887,1784282190.205009,1784282189.4884481,1.49763549,"[dac] CH_A set to +2.162 V (code=39853)
"
1608,102,38,2.1622619508474648,2.2904841149735438,0.128222164126079,1784282190.205395,1784282191.64868,1784282190.9270375,1.47216379,"[dac] CH_A set to +2.290 V (code=40273)
"
1609,102,39,2.2904841149735438,2.4187062790996228,0.128222164126079,1784282191.6489332,1784282193.080079,1784282192.3645062,1.40379238,"[dac] CH_A set to +2.419 V (code=40693)
"
1610,102,40,2.4187062790996228,2.5469284432257018,0.128222164126079,1784282193.080272,1784282194.5228438,1784282193.801558,1.41585792,"[dac] CH_A set to +2.547 V (code=41113)
"
1611,102,41,2.5469284432257018,2.675150607351781,0.128222164126079,1784282194.523056,1784282195.956532,1784282195.239794,1.39038622,"[dac] CH_A set to +2.675 V (code=41533)
"
1612,102,42,2.675150607351781,2.80337277147786,0.128222164126079,1784282195.956768,1784282197.399467,1784282196.6781175,1.34346467,"[dac] CH_A set to +2.803 V (code=41954)
"
1613,102,43,2.80337277147786,2.931594935603939,0.128222164126079,1784282197.399693,1784282198.824311,1784282198.112002,1.29788373,"[dac] CH_A set to +2.932 V (code=42374)
"
1614,102,44,2.931594935603939,3.059817099730018,0.128222164126079,1784282198.8246112,1784282200.261665,1784282199.543138,1.30860865,"[dac] CH_A set to +3.060 V (code=42794)
"
1615,102,45,3.059817099730018,3.188039263856097,0.128222164126079,1784282200.261894,1784282201.6925492,1784282200.9772215,1.20672185,"[dac] CH_A set to +3.188 V (code=43214)
"
1616,102,46,3.188039263856097,3.316261427982176,0.128222164126079,1784282201.692756,1784282203.1395688,1784282202.4161625,1.18661261,"[dac] CH_A set to +3.316 V (code=43634)
"
1617,102,47,3.316261427982176,3.444483592108255,0.128222164126079,1784282203.139849,1784282204.580149,1784282203.859999,1.11958182,"[dac] CH_A set to +3.444 V (code=44054)
"
1618,102,48,3.444483592108255,3.5727057562343347,0.1282221641260799,1784282204.580346,1784282206.020416,1784282205.3003812,1.07400088,"[dac] CH_A set to +3.573 V (code=44474)
"
1619,102,49,3.5727057562343347,3.7009279203604137,0.128222164126079,1784282206.020701,1784282207.4592261,1784282206.7399635,1.01903563,"[dac] CH_A set to +3.701 V (code=44894)
"
1620,102,50,3.7009279203604137,3.8291500844864927,0.128222164126079,1784282207.4594939,1784282208.8978739,1784282208.1786838,0.974795305,"[dac] CH_A set to +3.829 V (code=45315)
"
1621,102,51,3.8291500844864927,3.9573722486125718,0.128222164126079,1784282208.898155,1784282210.333295,1784282209.615725,0.911786359,"[dac] CH_A set to +3.957 V (code=45735)
"
1622,102,52,3.9573722486125718,4.085594412738651,0.128222164126079,1784282210.333546,1784282211.7646132,1784282211.0490794,0.83403064,"[dac] CH_A set to +4.086 V (code=46155)
"
1623,102,53,4.085594412738651,4.21381657686473,0.128222164126079,1784282211.7648482,1784282213.205268,1784282212.485058,0.803196475,"[dac] CH_A set to +4.214 V (code=46575)
"
1624,102,54,4.21381657686473,4.342038740990809,0.128222164126079,1784282213.205483,1784282214.6330082,1784282213.9192457,0.737506298,"[dac] CH_A set to +4.342 V (code=46995)
"
1625,102,55,4.342038740990809,4.470260905116888,0.128222164126079,1784282214.633298,1784282216.064631,1784282215.3489645,0.695947207,"[dac] CH_A set to +4.470 V (code=47416)
"
1626,103,0,4.339707428915789,4.274430690815239,-0.06527673810054946,1784282226.317396,1784282227.751816,1784282227.034606,0.74018753,"[dac] CH_A set to +4.274 V (code=46774)
"
1627,103,1,4.274430690815239,4.20915395271469,-0.06527673810054946,1784282227.752037,1784282229.187235,1784282228.469636,0.77236231,"[dac] CH_A set to +4.209 V (code=46560)
"
1628,104,0,4.339707428915789,4.213989266648064,-0.1257181622677246,1784282239.4245682,1784282240.8517818,1784282240.138175,0.765659231,"[dac] CH_A set to +4.214 V (code=46576)
"
1629,104,1,4.213989266648064,4.08827110438034,-0.1257181622677246,1784282240.851991,1784282242.286273,1784282241.5691319,0.792471548,"[dac] CH_A set to +4.088 V (code=46164)
"
1630,104,2,4.08827110438034,3.9625529421126147,-0.12571816226772503,1784282242.286485,1784282243.7197802,1784282243.0031326,0.852799262,"[dac] CH_A set to +3.963 V (code=45752)
"
1631,104,3,3.9625529421126147,3.83683477984489,-0.1257181622677246,1784282243.720011,1784282245.149591,1784282244.434801,0.917148823,"[dac] CH_A set to +3.837 V (code=45340)
"
1632,104,4,3.83683477984489,3.7111166175771655,-0.1257181622677246,1784282245.149824,1784282246.593351,1784282245.8715873,0.986860847,"[dac] CH_A set to +3.711 V (code=44928)
"
1633,104,5,3.7111166175771655,3.5853984553094405,-0.12571816226772503,1784282246.5937018,1784282248.028369,1784282247.3110354,1.02707932,"[dac] CH_A set to +3.585 V (code=44516)
"
1634,104,6,3.5853984553094405,3.459680293041716,-0.1257181622677246,1784282248.028693,1784282249.478675,1784282248.753684,1.07131965,"[dac] CH_A set to +3.460 V (code=44104)
"
1635,104,7,3.459680293041716,3.3339621307739913,-0.1257181622677246,1784282249.4789371,1784282250.913931,1784282250.196434,1.10617566,"[dac] CH_A set to +3.334 V (code=43692)
"
1636,104,8,3.3339621307739913,3.2082439685062667,-0.1257181622677246,1784282250.914151,1784282252.3457909,1784282251.629971,1.17186584,"[dac] CH_A set to +3.208 V (code=43280)
"
1637,104,9,3.2082439685062667,3.082525806238542,-0.1257181622677246,1784282252.346035,1784282253.782194,1784282253.0641146,1.19867815,"[dac] CH_A set to +3.082 V (code=42868)
"
1638,104,10,3.082525806238542,2.956807643970817,-0.12571816226772503,1784282253.7824051,1784282255.2141252,1784282254.4982653,1.25096217,"[dac] CH_A set to +2.957 V (code=42456)
"
1639,104,11,2.956807643970817,2.8310894817030925,-0.1257181622677246,1784282255.2143328,1784282256.645451,1784282255.929892,1.30458681,"[dac] CH_A set to +2.831 V (code=42044)
"
1640,104,12,2.8310894817030925,2.705371319435368,-0.1257181622677246,1784282256.645646,1784282258.07618,1784282257.360913,1.31531173,"[dac] CH_A set to +2.705 V (code=41632)
"
1641,104,13,2.705371319435368,2.579653157167643,-0.12571816226772503,1784282258.076419,1784282259.515211,1784282258.795815,1.36089267,"[dac] CH_A set to +2.580 V (code=41221)
"
1642,104,14,2.579653157167643,2.4539349948999183,-0.1257181622677246,1784282259.515428,1784282260.9435241,1784282260.229476,1.38770499,"[dac] CH_A set to +2.454 V (code=40808)
"
1643,104,15,2.4539349948999183,2.3282168326321937,-0.1257181622677246,1784282260.943742,1784282262.395637,1784282261.6696897,1.41451731,"[dac] CH_A set to +2.328 V (code=40396)
"
1644,104,16,2.3282168326321937,2.202498670364469,-0.1257181622677246,1784282262.395908,1784282263.837662,1784282263.116785,1.4480327,"[dac] CH_A set to +2.203 V (code=39985)
"
1645,104,17,2.202498670364469,2.0767805080967445,-0.1257181622677246,1784282263.837873,1784282265.2657201,1784282264.5517964,1.47618564,"[dac] CH_A set to +2.077 V (code=39573)
"
1646,104,18,2.0767805080967445,1.9510623458290195,-0.12571816226772503,1784282265.265954,1784282266.712147,1784282265.9890504,1.4735044,"[dac] CH_A set to +1.951 V (code=39161)
"
1647,104,19,1.9510623458290195,1.825344183561295,-0.1257181622677246,1784282266.712362,1784282268.137758,1784282267.42506,1.50165734,"[dac] CH_A set to +1.825 V (code=38749)
"
1648,104,20,1.825344183561295,1.6996260212935703,-0.1257181622677246,1784282268.1379552,1784282269.569688,1784282268.8538218,1.48422933,"[dac] CH_A set to +1.700 V (code=38337)
"
1649,104,21,1.6996260212935703,1.5739078590258453,-0.12571816226772503,1784282269.5699022,1784282271.00175,1784282270.2858262,1.50433857,"[dac] CH_A set to +1.574 V (code=37925)
"
1650,104,22,1.5739078590258453,1.4481896967581207,-0.1257181622677246,1784282271.001997,1784282272.435819,1784282271.7189078,1.48422933,"[dac] CH_A set to +1.448 V (code=37513)
"
1651,104,23,1.4481896967581207,1.3224715344903961,-0.1257181622677246,1784282272.436033,1784282273.876539,1784282273.156286,1.50836042,"[dac] CH_A set to +1.322 V (code=37101)
"
1652,104,24,1.3224715344903961,1.1967533722226715,-0.1257181622677246,1784282273.8769789,1784282275.3181062,1784282274.5975425,1.49629487,"[dac] CH_A set to +1.197 V (code=36689)
"
1653,104,25,1.1967533722226715,1.071035209954947,-0.1257181622677246,1784282275.3183749,1784282276.754239,1784282276.0363069,1.4815481,"[dac] CH_A set to +1.071 V (code=36277)
"
1654,104,26,1.071035209954947,0.9453170476872224,-0.1257181622677246,1784282276.75443,1784282278.18873,1784282277.47158,1.45875763,"[dac] CH_A set to +0.945 V (code=35865)
"
1655,105,0,1.0758705238883213,1.1411472619888707,0.06527673810054946,1784282288.415684,1784282289.860688,1784282289.138186,1.5070198,"[dac] CH_A set to +1.141 V (code=36507)
"
1656,105,1,1.1411472619888707,1.2064240000894202,0.06527673810054946,1784282289.860906,1784282291.3015969,1784282290.5812514,1.48825118,"[dac] CH_A set to +1.206 V (code=36721)
"
1657,106,0,1.0758705238883213,0.9779554167374971,-0.09791510715082419,1784282301.571121,1784282303.011708,1784282302.2914145,1.42390162,"[dac] CH_A set to +0.978 V (code=35972)
"
1658,106,1,0.9779554167374971,0.8800403095866729,-0.09791510715082419,1784282303.011956,1784282304.454907,1784282303.7334313,1.47484502,"[dac] CH_A set to +0.880 V (code=35651)
"
1659,106,2,0.8800403095866729,0.7821252024358487,-0.09791510715082419,1784282304.455114,1784282305.8964832,1784282305.1757984,1.41317669,"[dac] CH_A set to +0.782 V (code=35330)
"
1660,106,3,0.7821252024358487,0.6842100952850245,-0.09791510715082419,1784282305.8967402,1784282307.337974,1784282306.6173573,1.3970893,"[dac] CH_A set to +0.684 V (code=35009)
"
1661,107,0,0.5536566190839256,0.48837988098337615,-0.06527673810054946,1784282317.6142201,1784282319.0461318,1784282318.3301759,1.37966129,"[dac] CH_A set to +0.488 V (code=34368)
"
1662,107,1,0.48837988098337615,0.4231031428828267,-0.06527673810054946,1784282319.046367,1784282320.490856,1784282319.7686114,1.35016774,"[dac] CH_A set to +0.423 V (code=34154)
"
1663,108,0,0.0,-0.1294692446742183,-0.1294692446742183,1784282521.194877,1784282522.637297,1784282521.916087,1.32737727,"[dac] CH_A set to -0.130 V (code=32343)
"
1664,108,1,-0.1294692446742183,-0.2589384893484366,-0.1294692446742183,1784282522.6375759,1784282524.080022,1784282523.358799,1.25230279,"[dac] CH_A set to -0.259 V (code=31919)
"
1665,108,2,-0.2589384893484366,-0.38840773402265494,-0.12946924467421833,1784282524.0802581,1784282525.517025,1784282524.7986417,1.18527199,"[dac] CH_A set to -0.388 V (code=31495)
"
1666,108,3,-0.38840773402265494,-0.5178769786968732,-0.12946924467421828,1784282525.5172632,1784282526.95883,1784282526.2380466,1.13298798,"[dac] CH_A set to -0.518 V (code=31070)
"
1667,108,4,-0.5178769786968732,-0.6473462233710915,-0.12946924467421828,1784282526.9590778,1784282528.402213,1784282527.6806455,1.08070396,"[dac] CH_A set to -0.647 V (code=30646)
"
1668,108,5,-0.6473462233710915,-0.7768154680453099,-0.1294692446742184,1784282528.402433,1784282529.839689,1784282529.1210608,1.00160762,"[dac] CH_A set to -0.777 V (code=30222)
"
1669,108,6,-0.7768154680453099,-0.9062847127195282,-0.12946924467421828,1784282529.83992,1784282531.273252,1784282530.556586,0.949323603,"[dac] CH_A set to -0.906 V (code=29798)
"
1670,108,7,-0.9062847127195282,-1.0357539573937464,-0.12946924467421828,1784282531.273418,1784282532.71414,1784282531.993779,0.884974042,"[dac] CH_A set to -1.036 V (code=29373)
"
1671,108,8,-1.0357539573937464,-1.1652232020679647,-0.12946924467421828,1784282532.7147148,1784282534.15534,1784282533.4350274,0.813921402,"[dac] CH_A set to -1.165 V (code=28949)
"
1672,108,9,-1.1652232020679647,-1.294692446742183,-0.12946924467421828,1784282534.1555781,1784282535.594908,1784282534.8752432,0.760296768,"[dac] CH_A set to -1.295 V (code=28525)
"
1673,108,10,-1.294692446742183,-1.4241616914164013,-0.12946924467421828,1784282535.595111,1784282537.036603,1784282536.315857,0.649025652,"[dac] CH_A set to -1.424 V (code=28101)
"
1674,108,11,-1.4241616914164013,-1.5536309360906198,-0.1294692446742185,1784282537.036851,1784282538.468277,1784282537.752564,0.604785328,"[dac] CH_A set to -1.554 V (code=27677)
"
1675,108,12,-1.5536309360906198,-1.683100180764838,-0.12946924467421828,1784282538.468498,1784282539.904434,1784282539.186466,0.567248084,"[dac] CH_A set to -1.683 V (code=27252)
"
1676,108,13,-1.683100180764838,-1.8125694254390563,-0.12946924467421828,1784282539.904711,1784282541.335701,1784282540.6202059,0.501557907,"[dac] CH_A set to -1.813 V (code=26828)
"
1677,108,14,-1.8125694254390563,-1.9420386701132746,-0.12946924467421828,1784282541.335895,1784282542.778434,1784282542.0571647,0.447933273,"[dac] CH_A set to -1.942 V (code=26404)
"
1678,108,15,-1.9420386701132746,-2.071507914787493,-0.12946924467421828,1784282542.7788181,1784282544.210089,1784282543.4944534,0.372858785,"[dac] CH_A set to -2.072 V (code=25980)
"
1679,108,16,-2.071507914787493,-2.2009771594617114,-0.1294692446742185,1784282544.21029,1784282545.642335,1784282544.9263124,0.335321541,"[dac] CH_A set to -2.201 V (code=25555)
"
1680,108,17,-2.2009771594617114,-2.3304464041359294,-0.12946924467421805,1784282545.6425788,1784282547.0729039,1784282546.3577414,0.291081218,"[dac] CH_A set to -2.330 V (code=25131)
"
1681,108,18,-2.3304464041359294,-2.459915648810148,-0.1294692446742185,1784282547.073121,1784282548.493851,1784282547.783486,0.198578724,"[dac] CH_A set to -2.460 V (code=24707)
"
1682,108,19,-2.459915648810148,-2.589384893484366,-0.12946924467421805,1784282548.4940329,1784282549.919073,1784282549.206553,0.162382096,"[dac] CH_A set to -2.589 V (code=24283)
"
1683,108,20,-2.589384893484366,-2.7188541381585845,-0.1294692446742185,1784282549.919279,1784282551.354898,1784282550.6370885,0.152997785,"[dac] CH_A set to -2.719 V (code=23858)
"
1684,108,21,-2.7188541381585845,-2.8483233828328025,-0.12946924467421805,1784282551.355103,1784282552.7841458,1784282552.0696244,0.10607623,"[dac] CH_A set to -2.848 V (code=23434)
"
1685,108,22,-2.8483233828328025,-2.977792627507021,-0.1294692446742185,1784282552.784433,1784282554.204576,1784282553.4945045,0.128866699,"[dac] CH_A set to -2.978 V (code=23010)
"
1686,108,23,-2.977792627507021,-3.1072618721812395,-0.1294692446742185,1784282554.204782,1784282555.628515,1784282554.9166484,0.0792639125,"[dac] CH_A set to -3.107 V (code=22586)
"
1687,108,24,-3.1072618721812395,-3.2367311168554576,-0.12946924467421805,1784282555.628701,1784282557.0690858,1784282556.3488934,0.0551328271,"[dac] CH_A set to -3.237 V (code=22162)
"
1688,108,25,-3.2367311168554576,-3.366200361529676,-0.1294692446742185,1784282557.0692952,1784282558.503658,1784282557.7864766,0.0323423575,"[dac] CH_A set to -3.366 V (code=21737)
"
1689,108,26,-3.366200361529676,-3.495669606203894,-0.12946924467421805,1784282558.503884,1784282559.944264,1784282559.224074,0.0497703637,"[dac] CH_A set to -3.496 V (code=21313)
"
1690,108,27,-3.495669606203894,-3.6251388508781126,-0.1294692446742185,1784282559.9444869,1784282561.381459,1784282560.662973,0.0175955831,"[dac] CH_A set to -3.625 V (code=20889)
"
1691,108,28,-3.6251388508781126,-3.754608095552331,-0.1294692446742185,1784282561.381707,1784282562.814483,1784282562.098095,0.00418960441,"[dac] CH_A set to -3.755 V (code=20465)
"
1692,109,0,-3.624054619351232,-3.5587778812506827,0.06527673810054946,1784282573.051799,1784282574.501792,1784282573.7767954,0.0202768148,"[dac] CH_A set to -3.559 V (code=21106)
"
1693,109,1,-3.5587778812506827,-3.4935011431501333,0.06527673810054946,1784282574.5020318,1784282575.927177,1784282575.2146044,0.000167985234,"[dac] CH_A set to -3.493 V (code=21320)
"
1694,110,0,-3.624054619351232,-3.4953661928101494,0.1286884265410828,1784282586.221146,1784282587.664022,1784282586.942584,0.0108925923,"[dac] CH_A set to -3.495 V (code=21314)
"
1695,110,1,-3.4953661928101494,-3.366677766269066,0.12868842654108326,1784282587.664203,1784282589.106827,1784282588.385515,0.00418942455,"[dac] CH_A set to -3.367 V (code=21736)
"
1696,110,2,-3.366677766269066,-3.2379893397279833,0.1286884265410828,1784282589.107098,1784282590.54777,1784282589.827434,0.00553004041,"[dac] CH_A set to -3.238 V (code=22157)
"
1697,110,3,-3.2379893397279833,-3.1093009131869,0.12868842654108326,1784282590.547959,1784282591.9833379,1784282591.2656484,-0.0145787007,"[dac] CH_A set to -3.109 V (code=22579)
"
1698,110,4,-3.1093009131869,-2.9806124866458172,0.1286884265410828,1784282591.983579,1784282593.415945,1784282592.6997619,0.00418946738,"[dac] CH_A set to -2.981 V (code=23001)
"
1699,110,5,-2.9806124866458172,-2.851924060104734,0.12868842654108326,1784282593.4161952,1784282594.857812,1784282594.1370034,0.0296611258,"[dac] CH_A set to -2.852 V (code=23423)
"
1700,110,6,-2.851924060104734,-2.723235633563651,0.1286884265410828,1784282594.8580952,1784282596.291262,1784282595.5746784,-0.0132381305,"[dac] CH_A set to -2.723 V (code=23844)
"
1701,110,7,-2.723235633563651,-2.5945472070225684,0.1286884265410828,1784282596.291471,1784282597.724549,1784282597.00801,0.0618359064,"[dac] CH_A set to -2.595 V (code=24266)
"
1702,110,8,-2.5945472070225684,-2.465858780481485,0.12868842654108326,1784282597.724752,1784282599.166618,1784282598.445685,0.175788254,"[dac] CH_A set to -2.466 V (code=24687)
"
1703,110,9,-2.465858780481485,-2.337170353940402,0.12868842654108326,1784282599.166848,1784282600.623277,1784282599.8950624,0.218687962,"[dac] CH_A set to -2.337 V (code=25109)
"
1704,110,10,-2.337170353940402,-2.208481927399319,0.1286884265410828,1784282600.6234848,1784282602.0697,1784282601.3465924,0.261587669,"[dac] CH_A set to -2.208 V (code=25531)
"
1705,110,11,-2.208481927399319,-2.079793500858236,0.1286884265410828,1784282602.0699189,1784282603.491743,1784282602.7808309,0.319234151,"[dac] CH_A set to -2.080 V (code=25953)
"
1706,110,12,-2.079793500858236,-1.9511050743171532,0.12868842654108303,1784282603.491986,1784282604.916734,1784282604.20436,0.40369295,"[dac] CH_A set to -1.951 V (code=26374)
"
1707,110,13,-1.9511050743171532,-1.8224166477760702,0.12868842654108303,1784282604.917137,1784282606.353354,1784282605.6352453,0.410396029,"[dac] CH_A set to -1.822 V (code=26796)
"
1708,110,14,-1.8224166477760702,-1.6937282212349871,0.12868842654108303,1784282606.353621,1784282607.793949,1784282607.0737848,0.488151749,"[dac] CH_A set to -1.694 V (code=27218)
"
1709,110,15,-1.6937282212349871,-1.565039794693904,0.12868842654108303,1784282607.794187,1784282609.2247,1784282608.5094435,0.531051456,"[dac] CH_A set to -1.565 V (code=27639)
"
1710,110,16,-1.565039794693904,-1.4363513681528213,0.1286884265410828,1784282609.224912,1784282610.6517289,1784282609.9383204,0.603444712,"[dac] CH_A set to -1.436 V (code=28061)
"
1711,110,17,-1.4363513681528213,-1.307662941611738,0.12868842654108326,1784282610.652003,1784282612.075972,1784282611.3639874,0.681200432,"[dac] CH_A set to -1.308 V (code=28482)
"
1712,110,18,-1.307662941611738,-1.1789745150706552,0.1286884265410828,1784282612.0761979,1784282613.5220952,1784282612.7991467,0.74018753,"[dac] CH_A set to -1.179 V (code=28904)
"
1713,110,19,-1.1789745150706552,-1.050286088529572,0.12868842654108326,1784282613.52234,1784282614.951008,1784282614.236674,0.831349408,"[dac] CH_A set to -1.050 V (code=29326)
"
1714,110,20,-1.050286088529572,-0.9215976619884891,0.1286884265410828,1784282614.9512289,1784282616.3925,1784282615.6718645,0.902402048,"[dac] CH_A set to -0.922 V (code=29748)
"
1715,110,21,-0.9215976619884891,-0.7929092354474059,0.12868842654108326,1784282616.392707,1784282617.842539,1784282617.117623,0.919830055,"[dac] CH_A set to -0.793 V (code=30169)
"
1716,110,22,-0.7929092354474059,-0.6642208089063231,0.1286884265410828,1784282617.8427641,1784282619.273222,1784282618.557993,0.977476536,"[dac] CH_A set to -0.664 V (code=30591)
"
1717,110,23,-0.6642208089063231,-0.5355323823652403,0.1286884265410828,1784282619.273493,1784282620.691707,1784282619.9826,1.06059472,"[dac] CH_A set to -0.535 V (code=31013)
"
1718,110,24,-0.5355323823652403,-0.406843955824157,0.12868842654108326,1784282620.691912,1784282622.141054,1784282621.416483,1.1008132,"[dac] CH_A set to -0.407 V (code=31435)
"
1719,110,25,-0.406843955824157,-0.2781555292830742,0.1286884265410828,1784282622.1412969,1784282623.566009,1784282622.853653,1.18527199,"[dac] CH_A set to -0.278 V (code=31856)
"
1720,110,26,-0.2781555292830742,-0.14946710274199093,0.12868842654108326,1784282623.566237,1784282624.9927402,1784282624.2794886,1.23085293,"[dac] CH_A set to -0.149 V (code=32278)
"
1721,110,27,-0.14946710274199093,-0.02077867620090812,0.1286884265410828,1784282624.992974,1784282626.433577,1784282625.7132754,1.30324619,"[dac] CH_A set to -0.021 V (code=32699)
"
1722,110,28,-0.02077867620090812,0.10790975034017514,0.12868842654108326,1784282626.4337962,1784282627.868137,1784282627.1509666,1.37698006,"[dac] CH_A set to +0.108 V (code=33121)
"
1723,110,29,0.10790975034017514,0.23659817688125795,0.1286884265410828,1784282627.8683589,1784282629.301483,1784282628.584921,1.45071393,"[dac] CH_A set to +0.237 V (code=33543)
"
1724,110,30,0.23659817688125795,0.3652866034223412,0.12868842654108326,1784282629.301704,1784282630.734499,1784282630.0181015,1.45473578,"[dac] CH_A set to +0.365 V (code=33964)
"
1725,110,31,0.3652866034223412,0.493975029963424,0.1286884265410828,1784282630.7346969,1784282632.1848068,1784282631.4597518,1.48556995,"[dac] CH_A set to +0.494 V (code=34386)
"
1726,110,32,0.493975029963424,0.6226634565045068,0.1286884265410828,1784282632.185054,1784282633.601469,1784282632.8932614,1.51774473,"[dac] CH_A set to +0.623 V (code=34808)
"
1727,110,33,0.6226634565045068,0.7513518830455896,0.1286884265410828,1784282633.6016798,1784282635.0496168,1784282634.3256483,1.54857889,"[dac] CH_A set to +0.751 V (code=35230)
"
1728,110,34,0.7513518830455896,0.8800403095866733,0.1286884265410837,1784282635.0500329,1784282636.490272,1784282635.7701526,1.57673182,"[dac] CH_A set to +0.880 V (code=35651)
"
1729,110,35,0.8800403095866733,1.0087287361277562,0.1286884265410828,1784282636.4905028,1784282637.90698,1784282637.1987414,1.64376262,"[dac] CH_A set to +1.009 V (code=36073)
"
1730,110,36,1.0087287361277562,1.137417162668839,0.1286884265410828,1784282637.907223,1784282639.3418849,1784282638.624554,1.66655309,"[dac] CH_A set to +1.137 V (code=36494)
"
1731,110,37,1.137417162668839,1.2661055892099218,0.1286884265410828,1784282639.342148,1784282640.776833,1784282640.0594907,1.67861863,"[dac] CH_A set to +1.266 V (code=36916)
"
1732,110,38,1.2661055892099218,1.3947940157510055,0.1286884265410837,1784282640.7770529,1784282642.208781,1784282641.492917,1.67861863,"[dac] CH_A set to +1.395 V (code=37338)
"
1733,110,39,1.3947940157510055,1.5234824422920883,0.1286884265410828,1784282642.209013,1784282643.66341,1784282642.9362116,1.70274971,"[dac] CH_A set to +1.523 V (code=37760)
"
1734,110,40,1.5234824422920883,1.652170868833171,0.1286884265410828,1784282643.663619,1784282645.100524,1784282644.3820715,1.69470602,"[dac] CH_A set to +1.652 V (code=38181)
"
1735,110,41,1.652170868833171,1.780859295374254,0.1286884265410828,1784282645.10079,1784282646.535712,1784282645.8182511,1.72017772,"[dac] CH_A set to +1.781 V (code=38603)
"
1736,110,42,1.780859295374254,1.9095477219153367,0.1286884265410828,1784282646.535925,1784282647.98503,1784282647.2604775,1.70811218,"[dac] CH_A set to +1.910 V (code=39024)
"
1737,110,43,1.9095477219153367,2.0382361484564204,0.1286884265410837,1784282647.9852319,1784282649.418289,1784282648.7017603,1.68129986,"[dac] CH_A set to +2.038 V (code=39446)
"
1738,110,44,2.0382361484564204,2.1669245749975032,0.1286884265410828,1784282649.41855,1784282650.859964,1784282650.139257,1.66521247,"[dac] CH_A set to +2.167 V (code=39868)
"
1739,110,45,2.1669245749975032,2.295613001538586,0.1286884265410828,1784282650.860158,1784282652.285687,1784282651.5729225,1.66655309,"[dac] CH_A set to +2.296 V (code=40290)
"
1740,110,46,2.295613001538586,2.424301428079669,0.1286884265410828,1784282652.285915,1784282653.732532,1784282653.0092235,1.61158784,"[dac] CH_A set to +2.424 V (code=40711)
"
1741,110,47,2.424301428079669,2.5529898546207517,0.1286884265410828,1784282653.73279,1784282655.169965,1784282654.4513774,1.58745675,"[dac] CH_A set to +2.553 V (code=41133)
"
1742,110,48,2.5529898546207517,2.6816782811618354,0.1286884265410837,1784282655.170241,1784282656.618109,1784282655.894175,1.54857889,"[dac] CH_A set to +2.682 V (code=41555)
"
1743,110,49,2.6816782811618354,2.810366707702918,0.1286884265410828,1784282656.6183062,1784282658.066495,1784282657.3424006,1.51238226,"[dac] CH_A set to +2.810 V (code=41976)
"
1744,110,50,2.810366707702918,2.939055134244001,0.1286884265410828,1784282658.066719,1784282659.507072,1784282658.7868955,1.47484502,"[dac] CH_A set to +2.939 V (code=42398)
"
1745,110,51,2.939055134244001,3.067743560785084,0.1286884265410828,1784282659.507301,1784282660.946514,1784282660.2269075,1.43998901,"[dac] CH_A set to +3.068 V (code=42820)
"
1746,110,52,3.067743560785084,3.1964319873261675,0.1286884265410837,1784282660.946738,1784282662.373781,1784282661.6602595,1.37027698,"[dac] CH_A set to +3.196 V (code=43241)
"
1747,110,53,3.1964319873261675,3.3251204138672503,0.1286884265410828,1784282662.374022,1784282663.8098109,1784282663.0919166,1.33005851,"[dac] CH_A set to +3.325 V (code=43663)
"
1748,110,54,3.3251204138672503,3.453808840408333,0.1286884265410828,1784282663.810059,1784282665.251712,1784282664.5308857,1.28447757,"[dac] CH_A set to +3.454 V (code=44085)
"
1749,110,55,3.453808840408333,3.582497266949416,0.1286884265410828,1784282665.251956,1784282666.6944032,1784282665.9731796,1.20001877,"[dac] CH_A set to +3.582 V (code=44506)
"
1750,110,56,3.582497266949416,3.7111856934904988,0.1286884265410828,1784282666.694643,1784282668.140408,1784282667.4175255,1.17856891,"[dac] CH_A set to +3.711 V (code=44928)
"
1751,110,57,3.7111856934904988,3.8398741200315825,0.1286884265410837,1784282668.140686,1784282669.566504,1784282668.853595,1.0592541,"[dac] CH_A set to +3.840 V (code=45350)
"
1752,110,58,3.8398741200315825,3.9685625465726653,0.1286884265410828,1784282669.5667121,1784282671.0181382,1784282670.2924252,1.04450733,"[dac] CH_A set to +3.969 V (code=45772)
"
1753,110,59,3.9685625465726653,4.0972509731137485,0.12868842654108326,1784282671.018358,1784282672.450987,1784282671.7346725,0.978817152,"[dac] CH_A set to +4.097 V (code=46193)
"
1754,110,60,4.0972509731137485,4.2259393996548305,0.12868842654108192,1784282672.4513159,1784282673.8934941,1784282673.172405,0.894358353,"[dac] CH_A set to +4.226 V (code=46615)
"
1755,110,61,4.2259393996548305,4.354627826195914,0.1286884265410837,1784282673.893694,1784282675.3432472,1784282674.6184707,0.839393103,"[dac] CH_A set to +4.355 V (code=47036)
"
1756,110,62,4.354627826195914,4.483316252736996,0.12868842654108192,1784282675.3434439,1784282676.771569,1784282676.0575066,0.742868762,"[dac] CH_A set to +4.483 V (code=47458)
"
1757,110,63,4.483316252736996,4.61200467927808,0.1286884265410837,1784282676.77177,1784282678.203444,1784282677.487607,0.679859816,"[dac] CH_A set to +4.612 V (code=47880)
"
1758,110,64,4.61200467927808,4.7406931058191635,0.1286884265410837,1784282678.203638,1784282679.636436,1784282678.920037,0.643663188,"[dac] CH_A set to +4.741 V (code=48302)
"
1759,110,65,4.7406931058191635,4.869381532360245,0.12868842654108192,1784282679.636648,1784282681.0763788,1784282680.3565135,0.579313627,"[dac] CH_A set to +4.869 V (code=48723)
"
1760,110,66,4.869381532360245,4.998069958901329,0.1286884265410837,1784282681.0766342,1784282682.515535,1784282681.7960846,0.485470517,"[dac] CH_A set to +4.998 V (code=49145)
"
1761,110,67,4.998069958901329,5.126758385442411,0.12868842654108192,1784282682.515739,1784282683.947464,1784282683.2316015,0.457317584,"[dac] CH_A set to +5.127 V (code=49567)
"
1762,110,68,5.126758385442411,5.255446811983495,0.1286884265410837,1784282683.947691,1784282685.388272,1784282684.6679816,0.394308639,"[dac] CH_A set to +5.255 V (code=49988)
"
1763,110,69,5.255446811983495,5.384135238524578,0.1286884265410837,1784282685.388521,1784282686.832725,1784282686.110623,0.320574767,"[dac] CH_A set to +5.384 V (code=50410)
"
1764,111,0,5.2535817623234795,5.18830502422293,-0.06527673810054946,1784282697.071409,1784282698.513821,1784282697.792615,0.414417877,"[dac] CH_A set to +5.188 V (code=49768)
"
1765,111,1,5.18830502422293,5.123028286122381,-0.06527673810054946,1784282698.5139961,1784282699.9589472,1784282699.2364717,0.455976968,"[dac] CH_A set to +5.123 V (code=49554)
"
1766,112,0,5.2535817623234795,5.127108082253665,-0.12647368006981452,1784282710.214635,1784282711.6490922,1784282710.9318635,0.425142804,"[dac] CH_A set to +5.127 V (code=49568)
"
1767,112,1,5.127108082253665,5.0006344021838505,-0.12647368006981452,1784282711.6493068,1784282713.090838,1784282712.3700724,0.443911426,"[dac] CH_A set to +5.001 V (code=49153)
"
1768,112,2,5.0006344021838505,4.874160722114036,-0.12647368006981452,1784282713.091073,1784282714.5253062,1784282713.8081896,0.521667145,"[dac] CH_A set to +4.874 V (code=48739)
"
1769,112,3,4.874160722114036,4.747687042044222,-0.12647368006981363,1784282714.525506,1784282715.9739552,1784282715.2497306,0.545798231,"[dac] CH_A set to +4.748 V (code=48325)
"
1770,112,4,4.747687042044222,4.621213361974408,-0.12647368006981452,1784282715.97424,1784282717.4076211,1784282716.6909306,0.639641341,"[dac] CH_A set to +4.621 V (code=47910)
"
1771,112,5,4.621213361974408,4.494739681904593,-0.12647368006981452,1784282717.407825,1784282718.840988,1784282718.1244063,0.708012749,"[dac] CH_A set to +4.495 V (code=47496)
"
1772,112,6,4.494739681904593,4.368266001834779,-0.12647368006981452,1784282718.841177,1784282720.2733572,1784282719.5572672,0.793812164,"[dac] CH_A set to +4.368 V (code=47081)
"
1773,112,7,4.368266001834779,4.241792321764964,-0.12647368006981452,1784282720.273553,1784282721.697509,1784282720.9855309,0.825986945,"[dac] CH_A set to +4.242 V (code=46667)
"
1774,112,8,4.241792321764964,4.115318641695151,-0.12647368006981363,1784282721.6977322,1784282723.124507,1784282722.4111195,0.907764512,"[dac] CH_A set to +4.115 V (code=46252)
"
1775,112,9,4.115318641695151,3.9888449616253356,-0.12647368006981496,1784282723.124923,1784282724.549422,1784282723.8371725,0.970773457,"[dac] CH_A set to +3.989 V (code=45838)
"
1776,112,10,3.9888449616253356,3.8623712815555216,-0.12647368006981408,1784282724.549621,1784282725.991078,1784282725.2703495,1.00160762,"[dac] CH_A set to +3.862 V (code=45424)
"
1777,112,11,3.8623712815555216,3.735897601485707,-0.12647368006981452,1784282725.991338,1784282727.440852,1784282726.716095,1.04316671,"[dac] CH_A set to +3.736 V (code=45009)
"
1778,112,12,3.735897601485707,3.6094239214158925,-0.12647368006981452,1784282727.441228,1784282728.876727,1784282728.1589775,1.14237229,"[dac] CH_A set to +3.609 V (code=44595)
"
1779,112,13,3.6094239214158925,3.482950241346078,-0.12647368006981452,1784282728.876966,1784282730.299497,1784282729.5882316,1.18393138,"[dac] CH_A set to +3.483 V (code=44180)
"
1780,112,14,3.482950241346078,3.3564765612762635,-0.12647368006981452,1784282730.299726,1784282731.727252,1784282731.013489,1.25230279,"[dac] CH_A set to +3.356 V (code=43766)
"
1781,112,15,3.3564765612762635,3.2300028812064494,-0.12647368006981408,1784282731.7274601,1784282733.15678,1784282732.44212,1.30860865,"[dac] CH_A set to +3.230 V (code=43351)
"
1782,112,16,3.2300028812064494,3.103529201136635,-0.12647368006981452,1784282733.156971,1784282734.5983229,1784282733.877647,1.36625513,"[dac] CH_A set to +3.103 V (code=42937)
"
1783,112,17,3.103529201136635,2.977055521066821,-0.12647368006981408,1784282734.598517,1784282736.041009,1784282735.319763,1.37832068,"[dac] CH_A set to +2.977 V (code=42523)
"
1784,112,18,2.977055521066821,2.8505818409970063,-0.12647368006981452,1784282736.0412002,1784282737.4900851,1784282736.7656426,1.43864839,"[dac] CH_A set to +2.851 V (code=42108)
"
1785,112,19,2.8505818409970063,2.7241081609271918,-0.12647368006981452,1784282737.490293,1784282738.920171,1784282738.2052321,1.54321643,"[dac] CH_A set to +2.724 V (code=41694)
"
1786,112,20,2.7241081609271918,2.5976344808573777,-0.12647368006981408,1784282738.920419,1784282740.358042,1784282739.6392305,1.50836042,"[dac] CH_A set to +2.598 V (code=41279)
"
1787,112,21,2.5976344808573777,2.471160800787563,-0.12647368006981452,1784282740.35825,1784282741.794249,1784282741.0762496,1.54991951,"[dac] CH_A set to +2.471 V (code=40865)
"
1788,112,22,2.471160800787563,2.3446871207177487,-0.12647368006981452,1784282741.794472,1784282743.208582,1784282742.5015268,1.60622537,"[dac] CH_A set to +2.345 V (code=40450)
"
1789,112,23,2.3446871207177487,2.2182134406479346,-0.12647368006981408,1784282743.208805,1784282744.640379,1784282743.924592,1.61024722,"[dac] CH_A set to +2.218 V (code=40036)
"
1790,112,24,2.2182134406479346,2.09173976057812,-0.12647368006981452,1784282744.6405802,1784282746.0911202,1784282745.3658502,1.64376262,"[dac] CH_A set to +2.092 V (code=39621)
"
1791,112,25,2.09173976057812,1.9652660805083055,-0.12647368006981452,1784282746.091365,1784282747.54112,1784282746.8162427,1.66387185,"[dac] CH_A set to +1.965 V (code=39207)
"
1792,112,26,1.9652660805083055,1.838792400438491,-0.12647368006981452,1784282747.541374,1784282748.983197,1784282748.2622855,1.70409033,"[dac] CH_A set to +1.839 V (code=38793)
"
1793,112,27,1.838792400438491,1.712318720368677,-0.12647368006981408,1784282748.983404,1784282750.417908,1784282749.700656,1.67459678,"[dac] CH_A set to +1.712 V (code=38378)
"
1794,112,28,1.712318720368677,1.5858450402988624,-0.12647368006981452,1784282750.418127,1784282751.85801,1784282751.1380687,1.72419957,"[dac] CH_A set to +1.586 V (code=37964)
"
1795,112,29,1.5858450402988624,1.459371360229048,-0.12647368006981452,1784282751.8582091,1784282753.299828,1784282752.5790186,1.71749649,"[dac] CH_A set to +1.459 V (code=37550)
"
1796,112,30,1.459371360229048,1.3328976801592338,-0.12647368006981408,1784282753.300071,1784282754.741199,1784282754.0206351,1.6933654,"[dac] CH_A set to +1.333 V (code=37135)
"
1797,112,31,1.3328976801592338,1.2064240000894193,-0.12647368006981452,1784282754.741477,1784282756.180449,1784282755.460963,1.65850939,"[dac] CH_A set to +1.206 V (code=36721)
"
1798,113,0,1.3369774762905182,1.4022542143910677,0.06527673810054946,1784282766.465264,1784282767.9079401,1784282767.186602,1.71079341,"[dac] CH_A set to +1.402 V (code=37362)
"
1799,113,1,1.4022542143910677,1.4675309524916171,0.06527673810054946,1784282767.908184,1784282769.355225,1784282768.6317046,1.69872787,"[dac] CH_A set to +1.467 V (code=37576)
"
1800,114,0,1.3369774762905182,1.2064240000894195,-0.1305534762010987,1784282779.598805,1784282781.028907,1784282780.3138561,1.69202479,"[dac] CH_A set to +1.206 V (code=36721)
"
1801,114,1,1.2064240000894195,1.0758705238883208,-0.1305534762010987,1784282781.0291562,1784282782.457943,1784282781.7435496,1.63840015,"[dac] CH_A set to +1.076 V (code=36293)
"
1802,114,2,1.0758705238883208,0.9453170476872222,-0.13055347620109858,1784282782.458231,1784282783.899581,1784282783.178906,1.62901584,"[dac] CH_A set to +0.945 V (code=35865)
"
1803,114,3,0.9453170476872222,0.8147635714861236,-0.1305534762010987,1784282783.899816,1784282785.340468,1784282784.620142,1.63169707,"[dac] CH_A set to +0.815 V (code=35437)
"
1804,114,4,0.8147635714861236,0.6842100952850249,-0.1305534762010987,1784282785.340673,1784282786.788088,1784282786.0643806,1.5834349,"[dac] CH_A set to +0.684 V (code=35009)
"
1805,114,5,0.6842100952850249,0.5536566190839263,-0.13055347620109858,1784282786.788309,1784282788.2330089,1784282787.510659,1.55394135,"[dac] CH_A set to +0.554 V (code=34582)
"
1806,114,6,0.5536566190839263,0.4231031428828276,-0.1305534762010987,1784282788.2332091,1784282789.673712,1784282788.9534607,1.52042596,"[dac] CH_A set to +0.423 V (code=34154)
"
1807,115,0,0.29254966668172866,0.2272729285811792,-0.06527673810054946,1784282799.940386,1784282801.3904362,1784282800.665411,1.4480327,"[dac] CH_A set to +0.227 V (code=33512)
"
1808,115,1,0.2272729285811792,0.16199619048062974,-0.06527673810054946,1784282801.3906581,1784282802.842758,1784282802.116708,1.44267024,"[dac] CH_A set to +0.162 V (code=33298)
"
1809,116,0,0.29254966668172866,0.18064668708078685,-0.11190297960094181,1784282813.049886,1784282814.487326,1784282813.768606,1.43998901,"[dac] CH_A set to +0.181 V (code=33359)
"
1810,116,1,0.18064668708078685,0.06874370747984507,-0.11190297960094178,1784282814.4875588,1784282815.924821,1784282815.2061899,1.39038622,"[dac] CH_A set to +0.069 V (code=32993)
"
1811,116,2,0.06874370747984507,-0.043159272121096715,-0.11190297960094178,1784282815.925015,1784282817.374742,1784282816.6498785,1.34748651,"[dac] CH_A set to -0.043 V (code=32626)
"
1812,116,3,-0.043159272121096715,-0.15506225172203852,-0.11190297960094181,1784282817.374946,1784282818.79173,1784282818.083338,1.31799296,"[dac] CH_A set to -0.155 V (code=32259)
"
1813,116,4,-0.15506225172203852,-0.26696523132298033,-0.11190297960094181,1784282818.7919219,1784282820.2376761,1784282819.514799,1.26839018,"[dac] CH_A set to -0.267 V (code=31893)
"
1814,116,5,-0.26696523132298033,-0.3788682109239221,-0.11190297960094175,1784282820.237911,1784282821.677663,1784282820.957787,1.24157786,"[dac] CH_A set to -0.379 V (code=31526)
"
1815,116,6,-0.3788682109239221,-0.49077119052486395,-0.11190297960094187,1784282821.6779132,1784282823.110829,1784282822.394371,1.15041598,"[dac] CH_A set to -0.491 V (code=31159)
"
1816,117,0,-0.36021771432376504,-0.2949409762232156,0.06527673810054946,1784282833.360963,1784282834.814303,1784282834.0876331,1.25096217,"[dac] CH_A set to -0.295 V (code=31801)
"
1817,117,1,-0.2949409762232156,-0.22966423812266612,0.06527673810054946,1784282834.8145401,1784282836.252108,1784282835.5333242,1.26570895,"[dac] CH_A set to -0.230 V (code=32015)
"
1818,118,0,-0.36021771432376504,-0.23619191193272124,0.1240258023910438,1784282846.513526,1784282847.95722,1784282847.235373,1.24962156,"[dac] CH_A set to -0.236 V (code=31994)
"
1819,118,1,-0.23619191193272124,-0.11216610954167744,0.1240258023910438,1784282847.957418,1784282849.395703,1784282848.6765604,1.32201481,"[dac] CH_A set to -0.112 V (code=32400)
"
1820,118,2,-0.11216610954167744,0.011859692849366388,0.12402580239104383,1784282849.395913,1784282850.830218,1784282850.1130655,1.37563945,"[dac] CH_A set to +0.012 V (code=32806)
"
1821,118,3,0.011859692849366388,0.13588549524041016,0.12402580239104377,1784282850.8304698,1784282852.2512488,1784282851.5408592,1.40379238,"[dac] CH_A set to +0.136 V (code=33213)
"
1822,118,4,0.13588549524041016,0.25991129763145393,0.12402580239104377,1784282852.251508,1784282853.7061162,1784282852.9788122,1.4815481,"[dac] CH_A set to +0.260 V (code=33619)
"
1823,118,5,0.25991129763145393,0.3839371000224978,0.12402580239104388,1784282853.706351,1784282855.146639,1784282854.426495,1.5405352,"[dac] CH_A set to +0.384 V (code=34025)
"
1824,118,6,0.3839371000224978,0.5079629024135416,0.12402580239104377,1784282855.146851,1784282856.580826,1784282855.8638387,1.52444781,"[dac] CH_A set to +0.508 V (code=34432)
"
1825,118,7,0.5079629024135416,0.6319887048045854,0.12402580239104377,1784282856.5810392,1784282857.9968011,1784282857.2889202,1.56734751,"[dac] CH_A set to +0.632 V (code=34838)
"
1826,118,8,0.6319887048045854,0.7560145071956292,0.12402580239104388,1784282857.997,1784282859.438399,1784282858.7176995,1.59415983,"[dac] CH_A set to +0.756 V (code=35245)
"
1827,118,9,0.7560145071956292,0.8800403095866729,0.12402580239104366,1784282859.438593,1784282860.8740458,1784282860.1563194,1.624994,"[dac] CH_A set to +0.880 V (code=35651)
"
1828,118,10,0.8800403095866729,1.0040661119777168,0.12402580239104388,1784282860.8742568,1784282862.320622,1784282861.5974393,1.64778446,"[dac] CH_A set to +1.004 V (code=36058)
"
1829,118,11,1.0040661119777168,1.1280919143687607,0.12402580239104388,1784282862.320849,1784282863.740821,1784282863.030835,1.7014091,"[dac] CH_A set to +1.128 V (code=36464)
"
1830,118,12,1.1280919143687607,1.2521177167598043,0.12402580239104366,1784282863.741055,1784282865.190845,1784282864.46595,1.72151834,"[dac] CH_A set to +1.252 V (code=36870)
"
1831,118,13,1.2521177167598043,1.3761435191508482,0.12402580239104388,1784282865.191089,1784282866.6306932,1784282865.910891,1.71347464,"[dac] CH_A set to +1.376 V (code=37277)
"
1832,118,14,1.3761435191508482,1.5001693215418919,0.12402580239104366,1784282866.630945,1784282868.049166,1784282867.3400555,1.69470602,"[dac] CH_A set to +1.500 V (code=37683)
"
1833,118,15,1.5001693215418919,1.6241951239329357,0.12402580239104388,1784282868.0493922,1784282869.488221,1784282868.7688065,1.64912508,"[dac] CH_A set to +1.624 V (code=38090)
"
1834,118,16,1.6241951239329357,1.7482209263239796,0.12402580239104388,1784282869.488433,1784282870.919904,1784282870.2041683,1.65582816,"[dac] CH_A set to +1.748 V (code=38496)
"
1835,118,17,1.7482209263239796,1.8722467287150235,0.12402580239104388,1784282870.9201741,1784282872.358829,1784282871.6395016,1.69068417,"[dac] CH_A set to +1.872 V (code=38902)
"
1836,118,18,1.8722467287150235,1.996272531106067,0.12402580239104344,1784282872.359051,1784282873.788428,1784282873.0737395,1.70274971,"[dac] CH_A set to +1.996 V (code=39309)
"
1837,118,19,1.996272531106067,2.120298333497111,0.12402580239104388,1784282873.7886631,1784282875.214384,1784282874.5015235,1.62901584,"[dac] CH_A set to +2.120 V (code=39715)
"
1838,119,0,1.989744857296012,1.9244681191954625,-0.06527673810054946,1784282885.480254,1784282886.9143481,1784282886.197301,1.68800294,"[dac] CH_A set to +1.924 V (code=39074)
"
1839,119,1,1.9244681191954625,1.859191381094913,-0.06527673810054946,1784282886.91456,1784282888.357383,1784282887.6359715,1.70945279,"[dac] CH_A set to +1.859 V (code=38860)
"
1840,120,0,1.989744857296012,2.120298333497111,0.13055347620109892,1784282898.647212,1784282900.0828328,1784282899.3650224,1.64376262,"[dac] CH_A set to +2.120 V (code=39715)
"
1841,120,1,2.120298333497111,2.2508518096982093,0.13055347620109847,1784282900.083057,1784282901.5002098,1784282900.7916334,1.60756599,"[dac] CH_A set to +2.251 V (code=40143)
"
1842,120,2,2.2508518096982093,2.3814052858993078,0.13055347620109847,1784282901.500445,1784282902.9481,1784282902.2242725,1.60488476,"[dac] CH_A set to +2.381 V (code=40571)
"
1843,120,3,2.3814052858993078,2.5119587621004067,0.13055347620109892,1784282902.9483361,1784282904.381137,1784282903.6647365,1.55930382,"[dac] CH_A set to +2.512 V (code=40999)
"
1844,120,4,2.5119587621004067,2.6425122383015056,0.13055347620109892,1784282904.381346,1784282905.815104,1784282905.098225,1.52176657,"[dac] CH_A set to +2.642 V (code=41426)
"
1845,120,5,2.6425122383015056,2.773065714502604,0.13055347620109847,1784282905.8153841,1784282907.253367,1784282906.5343757,1.48691056,"[dac] CH_A set to +2.773 V (code=41854)
"
1846,120,6,2.773065714502604,2.9036191907037026,0.13055347620109847,1784282907.2536151,1784282908.6976829,1784282907.9756489,1.47484502,"[dac] CH_A set to +2.904 V (code=42282)
"
1847,120,7,2.9036191907037026,3.0341726669048015,0.13055347620109892,1784282908.69792,1784282910.14162,1784282909.41977,1.43596716,"[dac] CH_A set to +3.034 V (code=42710)
"
1848,120,8,3.0341726669048015,3.1647261431059004,0.13055347620109892,1784282910.14187,1784282911.589663,1784282910.8657665,1.36491452,"[dac] CH_A set to +3.165 V (code=43137)
"
1849,120,9,3.1647261431059004,3.295279619306999,0.13055347620109847,1784282911.58988,1784282913.038642,1784282912.314261,1.30592742,"[dac] CH_A set to +3.295 V (code=43565)
"
1850,120,10,3.295279619306999,3.4258330955080973,0.13055347620109847,1784282913.038851,1784282914.480073,1784282913.7594619,1.25230279,"[dac] CH_A set to +3.426 V (code=43993)
"
1851,120,11,3.4258330955080973,3.5563865717091963,0.13055347620109892,1784282914.480256,1784282915.920208,1784282915.200232,1.20940308,"[dac] CH_A set to +3.556 V (code=44421)
"
1852,120,12,3.5563865717091963,3.686940047910295,0.13055347620109892,1784282915.920452,1784282917.355288,1784282916.63787,1.13700982,"[dac] CH_A set to +3.687 V (code=44849)
"
1853,120,13,3.686940047910295,3.8174935241113936,0.13055347620109847,1784282917.355476,1784282918.798126,1784282918.0768008,1.04718856,"[dac] CH_A set to +3.818 V (code=45276)
"
1854,120,14,3.8174935241113936,3.948047000312492,0.13055347620109847,1784282918.7983801,1784282920.239562,1784282919.518971,0.917148823,"[dac] CH_A set to +3.948 V (code=45704)
"
1855,120,15,3.948047000312492,4.078600476513591,0.13055347620109892,1784282920.2397618,1784282921.682511,1784282920.9611363,0.953345451,"[dac] CH_A set to +4.079 V (code=46132)
"
1856,121,0,4.20915395271469,4.274430690815239,0.06527673810054946,1784282931.9229739,1784282933.3566139,1784282932.6397939,0.844755567,"[dac] CH_A set to +4.274 V (code=46774)
"
1857,121,1,4.274430690815239,4.339707428915789,0.06527673810054946,1784282933.3568058,1784282934.795766,1784282934.0762858,0.788449701,"[dac] CH_A set to +4.340 V (code=46988)
"
1858,122,0,4.20915395271469,4.081111120286689,-0.12804283242800096,1784282945.041627,1784282946.479614,1784282945.7606206,0.898380201,"[dac] CH_A set to +4.081 V (code=46140)
"
1859,122,1,4.081111120286689,3.9530682878586885,-0.12804283242800052,1784282946.47983,1784282947.924484,1784282947.202157,0.981498384,"[dac] CH_A set to +3.953 V (code=45721)
"
1860,122,2,3.9530682878586885,3.825025455430688,-0.12804283242800052,1784282947.9246871,1784282949.365933,1784282948.64531,1.0163544,"[dac] CH_A set to +3.825 V (code=45301)
"
1861,122,3,3.825025455430688,3.6969826230026874,-0.12804283242800052,1784282949.366122,1784282950.815448,1784282950.090785,1.04048548,"[dac] CH_A set to +3.697 V (code=44882)
"
1862,122,4,3.6969826230026874,3.568939790574687,-0.12804283242800052,1784282950.815666,1784282952.25903,1784282951.537348,1.13835044,"[dac] CH_A set to +3.569 V (code=44462)
"
1863,122,5,3.568939790574687,3.440896958146686,-0.12804283242800096,1784282952.259228,1784282953.699334,1784282952.979281,1.19599692,"[dac] CH_A set to +3.441 V (code=44042)
"
1864,122,6,3.440896958146686,3.3128541257186854,-0.12804283242800052,1784282953.6995509,1784282955.140219,1784282954.419885,1.22414985,"[dac] CH_A set to +3.313 V (code=43623)
"
1865,122,7,3.3128541257186854,3.184811293290685,-0.12804283242800052,1784282955.1404428,1784282956.575516,1784282955.8579793,1.29520249,"[dac] CH_A set to +3.185 V (code=43203)
"
1866,122,8,3.184811293290685,3.056768460862684,-0.12804283242800096,1784282956.5756989,1784282958.0158,1784282957.2957494,1.35418959,"[dac] CH_A set to +3.057 V (code=42784)
"
1867,122,9,3.056768460862684,2.9287256284346834,-0.12804283242800052,1784282958.016032,1784282959.4605498,1784282958.7382908,1.44267024,"[dac] CH_A set to +2.929 V (code=42364)
"
1868,122,10,2.9287256284346834,2.800682796006683,-0.12804283242800052,1784282959.460854,1784282960.888762,1784282960.174808,1.47752625,"[dac] CH_A set to +2.801 V (code=41945)
"
1869,122,11,2.800682796006683,2.672639963578682,-0.12804283242800096,1784282960.888986,1784282962.3260002,1784282961.6074932,1.50031672,"[dac] CH_A set to +2.673 V (code=41525)
"
1870,122,12,2.672639963578682,2.5445971311506814,-0.12804283242800052,1784282962.3262138,1784282963.752467,1784282963.0393405,1.4989761,"[dac] CH_A set to +2.545 V (code=41106)
"
1871,122,13,2.5445971311506814,2.416554298722681,-0.12804283242800052,1784282963.752846,1784282965.1877801,1784282964.470313,1.56868813,"[dac] CH_A set to +2.417 V (code=40686)
"
1872,122,14,2.416554298722681,2.28851146629468,-0.12804283242800096,1784282965.1880178,1784282966.626406,1784282965.9072118,1.63169707,"[dac] CH_A set to +2.289 V (code=40266)
"
1873,122,15,2.28851146629468,2.1604686338666794,-0.12804283242800052,1784282966.626666,1784282968.061383,1784282967.3440247,1.63303769,"[dac] CH_A set to +2.161 V (code=39847)
"
1874,122,16,2.1604686338666794,2.032425801438679,-0.12804283242800052,1784282968.061644,1784282969.5142772,1784282968.7879605,1.65314693,"[dac] CH_A set to +2.032 V (code=39427)
"
1875,122,17,2.032425801438679,1.904382969010678,-0.12804283242800096,1784282969.514496,1784282970.956094,1784282970.235295,1.65448754,"[dac] CH_A set to +1.904 V (code=39008)
"
1876,122,18,1.904382969010678,1.7763401365826774,-0.12804283242800052,1784282970.956317,1784282972.385463,1784282971.6708899,1.72419957,"[dac] CH_A set to +1.776 V (code=38588)
"
1877,122,19,1.7763401365826774,1.648297304154677,-0.12804283242800052,1784282972.385655,1784282973.814284,1784282973.0999694,1.69872787,"[dac] CH_A set to +1.648 V (code=38169)
"
1878,122,20,1.648297304154677,1.520254471726676,-0.12804283242800096,1784282973.8144739,1784282975.2563388,1784282974.5354064,1.72017772,"[dac] CH_A set to +1.520 V (code=37749)
"
1879,122,21,1.520254471726676,1.3922116392986754,-0.12804283242800052,1784282975.256554,1784282976.691403,1784282975.9739785,1.67861863,"[dac] CH_A set to +1.392 V (code=37329)
"
1880,122,22,1.3922116392986754,1.264168806870675,-0.12804283242800052,1784282976.691634,1784282978.1291468,1784282977.4103904,1.69738725,"[dac] CH_A set to +1.264 V (code=36910)
"
1881,122,23,1.264168806870675,1.136125974442674,-0.12804283242800096,1784282978.129396,1784282979.564863,1784282978.8471293,1.68666232,"[dac] CH_A set to +1.136 V (code=36490)
"
1882,122,24,1.136125974442674,1.0080831420146734,-0.12804283242800052,1784282979.5650492,1784282980.9942741,1784282980.2796617,1.6504657,"[dac] CH_A set to +1.008 V (code=36071)
"
1883,122,25,1.0080831420146734,0.8800403095866729,-0.12804283242800052,1784282980.99447,1784282982.430474,1784282981.712472,1.62365338,"[dac] CH_A set to +0.880 V (code=35651)
"
1884,122,26,0.8800403095866729,0.7519974771586724,-0.12804283242800052,1784282982.4306948,1784282983.8709471,1784282983.150821,1.61829092,"[dac] CH_A set to +0.752 V (code=35232)
"
1885,122,27,0.7519974771586724,0.6239546447306714,-0.12804283242800096,1784282983.8711958,1784282985.304794,1784282984.587995,1.59818168,"[dac] CH_A set to +0.624 V (code=34812)
"
1886,122,28,0.6239546447306714,0.4959118123026709,-0.12804283242800052,1784282985.305015,1784282986.731934,1784282986.0184746,1.54589766,"[dac] CH_A set to +0.496 V (code=34392)
"
1887,122,29,0.4959118123026709,0.3678689798746704,-0.12804283242800052,1784282986.732147,1784282988.170519,1784282987.451333,1.54187581,"[dac] CH_A set to +0.368 V (code=33973)
"
1888,122,30,0.3678689798746704,0.2398261474466694,-0.12804283242800096,1784282988.170748,1784282989.6009521,1784282988.88585,1.51372288,"[dac] CH_A set to +0.240 V (code=33553)
"
1889,122,31,0.2398261474466694,0.1117833150186689,-0.12804283242800052,1784282989.601176,1784282991.041337,1784282990.3212566,1.42658285,"[dac] CH_A set to +0.112 V (code=33134)
"
1890,122,32,0.1117833150186689,-0.01625951740933207,-0.12804283242800096,1784282991.041574,1784282992.4789162,1784282991.760245,1.39440807,"[dac] CH_A set to -0.016 V (code=32714)
"
1891,122,33,-0.01625951740933207,-0.14430234983733214,-0.12804283242800008,1784282992.4792268,1784282993.917949,1784282993.198588,1.33944282,"[dac] CH_A set to -0.144 V (code=32295)
"
1892,122,34,-0.14430234983733214,-0.2723451822653331,-0.12804283242800096,1784282993.9181912,1784282995.3531148,1784282994.635653,1.27643387,"[dac] CH_A set to -0.272 V (code=31875)
"
1893,122,35,-0.2723451822653331,-0.40038801469333407,-0.12804283242800096,1784282995.353456,1784282996.78795,1784282996.070703,1.22683109,"[dac] CH_A set to -0.400 V (code=31455)
"
1894,122,36,-0.40038801469333407,-0.5284308471213341,-0.12804283242800008,1784282996.788198,1784282998.241003,1784282997.5146005,1.14237229,"[dac] CH_A set to -0.528 V (code=31036)
"
1895,122,37,-0.5284308471213341,-0.6564736795493351,-0.12804283242800096,1784282998.24122,1784282999.670851,1784282998.9560356,1.12226305,"[dac] CH_A set to -0.656 V (code=30616)
"
1896,122,38,-0.6564736795493351,-0.7845165119773361,-0.12804283242800096,1784282999.6710668,1784283001.103765,1784283000.387416,1.01233255,"[dac] CH_A set to -0.785 V (code=30197)
"
1897,122,39,-0.7845165119773361,-0.9125593444053361,-0.12804283242800008,1784283001.103965,1784283002.5430882,1784283001.8235266,0.976135921,"[dac] CH_A set to -0.913 V (code=29777)
"
1898,122,40,-0.9125593444053361,-1.0406021768333371,-0.12804283242800096,1784283002.5433202,1784283003.971026,1784283003.257173,0.930554981,"[dac] CH_A set to -1.041 V (code=29358)
"
1899,122,41,-1.0406021768333371,-1.168645009261338,-0.12804283242800096,1784283003.9712481,1784283005.4196758,1784283004.695462,0.83403064,"[dac] CH_A set to -1.169 V (code=28938)
"
1900,122,42,-1.168645009261338,-1.2966878416893381,-0.12804283242800008,1784283005.419889,1784283006.8611,1784283006.1404943,0.737506298,"[dac] CH_A set to -1.297 V (code=28519)
"
1901,122,43,-1.2966878416893381,-1.4247306741173391,-0.12804283242800096,1784283006.86131,1784283008.294892,1784283007.5781012,0.726781371,"[dac] CH_A set to -1.425 V (code=28099)
"
1902,122,44,-1.4247306741173391,-1.55277350654534,-0.12804283242800096,1784283008.295088,1784283009.737696,1784283009.016392,0.645003804,"[dac] CH_A set to -1.553 V (code=27679)
"
1903,122,45,-1.55277350654534,-1.6808163389733402,-0.12804283242800008,1784283009.7379148,1784283011.1645372,1784283010.451226,0.615510255,"[dac] CH_A set to -1.681 V (code=27260)
"
1904,122,46,-1.6808163389733402,-1.8088591714013411,-0.12804283242800096,1784283011.164769,1784283012.597245,1784283011.881007,0.52971084,"[dac] CH_A set to -1.809 V (code=26840)
"
1905,122,47,-1.8088591714013411,-1.936902003829342,-0.12804283242800096,1784283012.597461,1784283014.037506,1784283013.3174834,0.49083298,"[dac] CH_A set to -1.937 V (code=26421)
"
1906,122,48,-1.936902003829342,-2.064944836257342,-0.12804283242800008,1784283014.037709,1784283015.47849,1784283014.7580996,0.383583712,"[dac] CH_A set to -2.065 V (code=26001)
"
1907,122,49,-2.064944836257342,-2.192987668685343,-0.12804283242800096,1784283015.478694,1784283016.913174,1784283016.1959338,0.350068316,"[dac] CH_A set to -2.193 V (code=25582)
"
1908,122,50,-2.192987668685343,-2.321030501113343,-0.12804283242800008,1784283016.913409,1784283018.344426,1784283017.6289175,0.305827992,"[dac] CH_A set to -2.321 V (code=25162)
"
1909,122,51,-2.321030501113343,-2.4490733335413437,-0.12804283242800052,1784283018.344633,1784283019.7874482,1784283019.0660405,0.253543974,"[dac] CH_A set to -2.449 V (code=24742)
"
1910,123,0,-2.5796268097424426,-2.644903547842992,-0.06527673810054946,1784283030.039697,1784283031.487604,1784283030.7636504,0.181150718,"[dac] CH_A set to -2.645 V (code=24101)
"
1911,123,1,-2.644903547842992,-2.7101802859435415,-0.06527673810054946,1784283031.4878879,1784283032.937897,1784283032.2128925,0.194556876,"[dac] CH_A set to -2.710 V (code=23887)
"
1912,124,0,-2.5796268097424426,-2.579626809742443,-4.440892098500626e-16,1784283043.2285671,1784283044.6702878,1784283043.9494276,0.198578724,"[dac] CH_A set to -2.580 V (code=24315)
"
1913,125,0,-2.449073333541344,-2.3837965954407947,0.06527673810054946,1784283054.948129,1784283056.3817742,1784283055.6649516,0.240137815,"[dac] CH_A set to -2.384 V (code=24956)
"
1914,125,1,-2.3837965954407947,-2.3185198573402452,0.06527673810054946,1784283056.3820071,1784283057.813025,1784283057.097516,0.285718754,"[dac] CH_A set to -2.319 V (code=25170)
"
1915,126,0,-2.449073333541344,-2.3210305011133436,0.12804283242800052,1784283068.064589,1784283069.497165,1784283068.780877,0.257565821,"[dac] CH_A set to -2.321 V (code=25162)
"
1916,126,1,-2.3210305011133436,-2.1929876686853427,0.12804283242800096,1784283069.497418,1784283070.935203,1784283070.2163105,0.34202462,"[dac] CH_A set to -2.193 V (code=25582)
"
1917,126,2,-2.1929876686853427,-2.064944836257342,0.12804283242800052,1784283070.935458,1784283072.378689,1784283071.6570735,0.358112011,"[dac] CH_A set to -2.065 V (code=26001)
"
1918,126,3,-2.064944836257342,-1.9369020038293416,0.12804283242800052,1784283072.3789089,1784283073.828616,1784283073.1037624,0.398330486,"[dac] CH_A set to -1.937 V (code=26421)
"
1919,126,4,-1.9369020038293416,-1.808859171401341,0.12804283242800074,1784283073.828833,1784283075.2547898,1784283074.5418115,0.447933273,"[dac] CH_A set to -1.809 V (code=26840)
"
1920,126,5,-1.808859171401341,-1.6808163389733402,0.12804283242800074,1784283075.255038,1784283076.7071779,1784283075.981108,0.539095151,"[dac] CH_A set to -1.681 V (code=27260)
"
1921,126,6,-1.6808163389733402,-1.5527735065453396,0.12804283242800052,1784283076.707415,1784283078.1547709,1784283077.431093,0.608807176,"[dac] CH_A set to -1.553 V (code=27679)
"
1922,126,7,-1.5527735065453396,-1.424730674117339,0.12804283242800074,1784283078.155002,1784283079.585222,1784283078.870112,0.645003804,"[dac] CH_A set to -1.425 V (code=28099)
"
1923,126,8,-1.424730674117339,-1.2966878416893381,0.12804283242800074,1784283079.585481,1784283081.021506,1784283080.3034935,0.718737676,"[dac] CH_A set to -1.297 V (code=28519)
"
1924,126,9,-1.2966878416893381,-1.1686450092613376,0.12804283242800052,1784283081.021745,1784283082.474781,1784283081.748263,0.734825066,"[dac] CH_A set to -1.169 V (code=28938)
"
1925,126,10,-1.1686450092613376,-1.040602176833337,0.12804283242800074,1784283082.475012,1784283083.9120262,1784283083.193519,0.838052487,"[dac] CH_A set to -1.041 V (code=29358)
"
1926,126,11,-1.040602176833337,-0.9125593444053361,0.12804283242800074,1784283083.9122539,1784283085.3381279,1784283084.6251907,0.939939292,"[dac] CH_A set to -0.913 V (code=29777)
"
1927,126,12,-0.9125593444053361,-0.7845165119773356,0.12804283242800052,1784283085.338343,1784283086.785567,1784283086.061955,1.00562947,"[dac] CH_A set to -0.785 V (code=30197)
"
1928,126,13,-0.7845165119773356,-0.6564736795493349,0.12804283242800074,1784283086.7857652,1784283088.23024,1784283087.5080028,1.07802273,"[dac] CH_A set to -0.656 V (code=30616)
"
1929,126,14,-0.6564736795493349,-0.5284308471213344,0.12804283242800052,1784283088.230483,1784283089.671382,1784283088.9509325,1.07534149,"[dac] CH_A set to -0.528 V (code=31036)
"
1930,126,15,-0.5284308471213344,-0.4003880146933336,0.12804283242800074,1784283089.6715991,1784283091.104654,1784283090.3881266,1.17588768,"[dac] CH_A set to -0.400 V (code=31455)
"
1931,126,16,-0.4003880146933336,-0.2723451822653331,0.12804283242800052,1784283091.1048791,1784283092.537018,1784283091.8209486,1.21476554,"[dac] CH_A set to -0.272 V (code=31875)
"
1932,126,17,-0.2723451822653331,-0.14430234983733214,0.12804283242800096,1784283092.53722,1784283093.984443,1784283093.2608314,1.28179634,"[dac] CH_A set to -0.144 V (code=32295)
"
1933,126,18,-0.14430234983733214,-0.016259517409331625,0.12804283242800052,1784283093.984653,1784283095.40465,1784283094.6946516,1.28984003,"[dac] CH_A set to -0.016 V (code=32714)
"
1934,126,19,-0.016259517409331625,0.1117833150186689,0.12804283242800052,1784283095.404896,1784283096.8468149,1784283096.1258554,1.37563945,"[dac] CH_A set to +0.112 V (code=33134)
"
1935,126,20,0.1117833150186689,0.23982614744666986,0.12804283242800096,1784283096.847036,1784283098.2879732,1784283097.5675044,1.44937332,"[dac] CH_A set to +0.240 V (code=33553)
"
1936,126,21,0.23982614744666986,0.3678689798746704,0.12804283242800052,1784283098.288258,1784283099.7260082,1784283099.007133,1.48691056,"[dac] CH_A set to +0.368 V (code=33973)
"
1937,126,22,0.3678689798746704,0.4959118123026709,0.12804283242800052,1784283099.7261949,1784283101.1612759,1784283100.4437354,1.49093241,"[dac] CH_A set to +0.496 V (code=34392)
"
1938,126,23,0.4959118123026709,0.6239546447306719,0.12804283242800096,1784283101.161479,1784283102.602176,1784283101.8818274,1.54321643,"[dac] CH_A set to +0.624 V (code=34812)
"
1939,126,24,0.6239546447306719,0.7519974771586724,0.12804283242800052,1784283102.602416,1784283104.03298,1784283103.317698,1.6089066,"[dac] CH_A set to +0.752 V (code=35232)
"
1940,126,25,0.7519974771586724,0.8800403095866729,0.12804283242800052,1784283104.033215,1784283105.470413,1784283104.751814,1.61024722,"[dac] CH_A set to +0.880 V (code=35651)
"
1941,126,26,0.8800403095866729,1.0080831420146734,0.12804283242800052,1784283105.470603,1784283106.9049358,1784283106.1877694,1.63840015,"[dac] CH_A set to +1.008 V (code=36071)
"
1942,126,27,1.0080831420146734,1.1361259744426744,0.12804283242800096,1784283106.905131,1784283108.3493938,1784283107.6272626,1.65716878,"[dac] CH_A set to +1.136 V (code=36490)
"
1943,126,28,1.1361259744426744,1.264168806870675,0.12804283242800052,1784283108.349601,1784283109.7864451,1784283109.0680232,1.69202479,"[dac] CH_A set to +1.264 V (code=36910)
"
1944,126,29,1.264168806870675,1.3922116392986754,0.12804283242800052,1784283109.7866292,1784283111.238024,1784283110.5123267,1.67191555,"[dac] CH_A set to +1.392 V (code=37329)
"
1945,126,30,1.3922116392986754,1.5202544717266764,0.12804283242800096,1784283111.238235,1784283112.686388,1784283111.9623115,1.66923432,"[dac] CH_A set to +1.520 V (code=37749)
"
1946,126,31,1.5202544717266764,1.648297304154677,0.12804283242800052,1784283112.6866,1784283114.121634,1784283113.404117,1.68800294,"[dac] CH_A set to +1.648 V (code=38169)
"
1947,126,32,1.648297304154677,1.7763401365826779,0.12804283242800096,1784283114.121813,1784283115.538072,1784283114.8299427,1.67325617,"[dac] CH_A set to +1.776 V (code=38588)
"
1948,126,33,1.7763401365826779,1.904382969010678,0.12804283242800008,1784283115.538282,1784283116.975594,1784283116.256938,1.64912508,"[dac] CH_A set to +1.904 V (code=39008)
"
1949,126,34,1.904382969010678,2.032425801438679,0.12804283242800096,1784283116.975799,1784283118.399591,1784283117.687695,1.70677156,"[dac] CH_A set to +2.032 V (code=39427)
"
1950,126,35,2.032425801438679,2.16046863386668,0.12804283242800096,1784283118.399795,1784283119.837078,1784283119.1184366,1.67459678,"[dac] CH_A set to +2.161 V (code=39847)
"
1951,126,36,2.16046863386668,2.28851146629468,0.12804283242800008,1784283119.8372831,1784283121.281545,1784283120.559414,1.64644385,"[dac] CH_A set to +2.289 V (code=40266)
"
1952,126,37,2.28851146629468,2.416554298722681,0.12804283242800096,1784283121.2817762,1784283122.704821,1784283121.9932985,1.59281921,"[dac] CH_A set to +2.417 V (code=40686)
"
1953,126,38,2.416554298722681,2.544597131150682,0.12804283242800096,1784283122.7050502,1784283124.140652,1784283123.422851,1.57941306,"[dac] CH_A set to +2.545 V (code=41106)
"
1954,126,39,2.544597131150682,2.672639963578682,0.12804283242800008,1784283124.140887,1784283125.579408,1784283124.8601475,1.5660069,"[dac] CH_A set to +2.673 V (code=41525)
"
1955,126,40,2.672639963578682,2.800682796006683,0.12804283242800096,1784283125.57961,1784283127.0060642,1784283126.2928371,1.48825118,"[dac] CH_A set to +2.801 V (code=41945)
"
1956,126,41,2.800682796006683,2.928725628434684,0.12804283242800096,1784283127.006282,1784283128.439658,1784283127.72297,1.4735044,"[dac] CH_A set to +2.929 V (code=42364)
"
1957,126,42,2.928725628434684,3.056768460862684,0.12804283242800008,1784283128.439898,1784283129.8819149,1784283129.1609063,1.46009824,"[dac] CH_A set to +3.057 V (code=42784)
"
1958,126,43,3.056768460862684,3.184811293290685,0.12804283242800096,1784283129.882266,1784283131.323906,1784283130.603086,1.3126305,"[dac] CH_A set to +3.185 V (code=43203)
"
1959,126,44,3.184811293290685,3.312854125718686,0.12804283242800096,1784283131.324161,1784283132.756097,1784283132.0401292,1.31531173,"[dac] CH_A set to +3.313 V (code=43623)
"
1960,126,45,3.312854125718686,3.440896958146686,0.12804283242800008,1784283132.756295,1784283134.182913,1784283133.469604,1.24559971,"[dac] CH_A set to +3.441 V (code=44042)
"
1961,126,46,3.440896958146686,3.568939790574687,0.12804283242800096,1784283134.183128,1784283135.619622,1784283134.901375,1.20135938,"[dac] CH_A set to +3.569 V (code=44462)
"
1962,126,47,3.568939790574687,3.696982623002688,0.12804283242800096,1784283135.6198301,1784283137.0463371,1784283136.3330836,1.1182412,"[dac] CH_A set to +3.697 V (code=44882)
"
1963,126,48,3.696982623002688,3.825025455430688,0.12804283242800008,1784283137.046564,1784283138.491798,1784283137.769181,1.04048548,"[dac] CH_A set to +3.825 V (code=45301)
"
1964,126,49,3.825025455430688,3.953068287858689,0.12804283242800096,1784283138.4919949,1784283139.933707,1784283139.212851,1.01501378,"[dac] CH_A set to +3.953 V (code=45721)
"
1965,126,50,3.953068287858689,4.081111120286689,0.12804283242800008,1784283139.93395,1784283141.374889,1784283140.6544194,0.972114073,"[dac] CH_A set to +4.081 V (code=46140)
"
1966,126,51,4.081111120286689,4.20915395271469,0.12804283242800096,1784283141.3750982,1784283142.800724,1784283142.0879111,0.875589731,"[dac] CH_A set to +4.209 V (code=46560)
"
1967,127,0,4.078600476513591,4.013323738413042,-0.06527673810054946,1784283153.091773,1784283154.525753,1784283153.808763,0.956026683,"[dac] CH_A set to +4.013 V (code=45918)
"
1968,127,1,4.013323738413042,3.948047000312492,-0.06527673810054946,1784283154.526052,1784283155.9590871,1784283155.2425694,0.984179616,"[dac] CH_A set to +3.948 V (code=45704)
"
1969,128,0,4.078600476513591,4.20915395271469,0.13055347620109892,1784283166.192811,1784283167.6271172,1784283166.909964,0.855480493,"[dac] CH_A set to +4.209 V (code=46560)
"
1970,128,1,4.20915395271469,4.339707428915788,0.13055347620109803,1784283167.627306,1784283169.063997,1784283168.3456516,0.796493396,"[dac] CH_A set to +4.340 V (code=46988)
"
1971,128,2,4.339707428915788,4.470260905116887,0.13055347620109892,1784283169.064218,1784283170.5105479,1784283169.787383,0.71739706,"[dac] CH_A set to +4.470 V (code=47416)
"
1972,128,3,4.470260905116887,4.600814381317986,0.13055347620109892,1784283170.510774,1784283171.941128,1784283171.225951,0.657069347,"[dac] CH_A set to +4.601 V (code=47843)
"
1973,128,4,4.600814381317986,4.731367857519084,0.13055347620109803,1784283171.941385,1784283173.3856168,1784283172.6635008,0.598082249,"[dac] CH_A set to +4.731 V (code=48271)
"
1974,128,5,4.731367857519084,4.861921333720183,0.13055347620109892,1784283173.385841,1784283174.8358989,1784283174.11087,0.541776383,"[dac] CH_A set to +4.862 V (code=48699)
"
1975,129,0,4.992474809921282,5.057751548021831,0.06527673810054946,1784283185.109613,1784283186.541478,1784283185.8255453,0.430505267,"[dac] CH_A set to +5.058 V (code=49341)
"
1976,129,1,5.057751548021831,5.123028286122381,0.06527673810054946,1784283186.541732,1784283187.9799712,1784283187.2608516,0.394308639,"[dac] CH_A set to +5.123 V (code=49554)
"
1977,130,0,4.992474809921282,4.861921333720183,-0.13055347620109892,1784283198.2267032,1784283199.661741,1784283198.944222,0.514964066,"[dac] CH_A set to +4.862 V (code=48699)
"
1978,130,1,4.861921333720183,4.731367857519084,-0.13055347620109892,1784283199.6620018,1784283201.101703,1784283200.3818524,0.5685887,"[dac] CH_A set to +4.731 V (code=48271)
"
1979,130,2,4.731367857519084,4.600814381317986,-0.13055347620109803,1784283201.101909,1784283202.5388238,1784283201.8203664,0.573951164,"[dac] CH_A set to +4.601 V (code=47843)
"
1980,130,3,4.600814381317986,4.470260905116887,-0.13055347620109892,1784283202.539066,1784283203.961131,1784283203.2500987,0.670475505,"[dac] CH_A set to +4.470 V (code=47416)
"
1981,130,4,4.470260905116887,4.339707428915788,-0.13055347620109892,1784283203.9613461,1784283205.397273,1784283204.6793096,0.77236231,"[dac] CH_A set to +4.340 V (code=46988)
"
1982,130,5,4.339707428915788,4.20915395271469,-0.13055347620109803,1784283205.397547,1784283206.819893,1784283206.1087198,0.793812164,"[dac] CH_A set to +4.209 V (code=46560)
"
1983,130,6,4.20915395271469,4.078600476513591,-0.13055347620109892,1784283206.82011,1784283208.269305,1784283207.5447075,0.884974042,"[dac] CH_A set to +4.079 V (code=46132)
"
1984,130,7,4.078600476513591,3.948047000312492,-0.13055347620109892,1784283208.269589,1784283209.7025769,1784283208.986083,0.939939292,"[dac] CH_A set to +3.948 V (code=45704)
"
1985,130,8,3.948047000312492,3.817493524111393,-0.13055347620109892,1784283209.702912,1784283211.145498,1784283210.424205,0.978817152,"[dac] CH_A set to +3.818 V (code=45276)
"
1986,130,9,3.817493524111393,3.6869400479102947,-0.13055347620109847,1784283211.1457438,1784283212.589313,1784283211.8675284,1.09142888,"[dac] CH_A set to +3.687 V (code=44849)
"
1987,130,10,3.6869400479102947,3.5563865717091963,-0.13055347620109847,1784283212.589516,1784283214.027968,1784283213.308742,1.14639413,"[dac] CH_A set to +3.556 V (code=44421)
"
1988,130,11,3.5563865717091963,3.4258330955080973,-0.13055347620109892,1784283214.028167,1784283215.469943,1784283214.749055,1.20538123,"[dac] CH_A set to +3.426 V (code=43993)
"
1989,130,12,3.4258330955080973,3.2952796193069984,-0.13055347620109892,1784283215.47017,1784283216.894389,1784283216.1822796,1.25498402,"[dac] CH_A set to +3.295 V (code=43565)
"
1990,130,13,3.2952796193069984,3.1647261431059,-0.13055347620109847,1784283216.894662,1784283218.3360288,1784283217.6153455,1.30726804,"[dac] CH_A set to +3.165 V (code=43137)
"
1991,130,14,3.1647261431059,3.0341726669048015,-0.13055347620109847,1784283218.336218,1784283219.7776902,1784283219.0569541,1.36759575,"[dac] CH_A set to +3.034 V (code=42710)
"
1992,130,15,3.0341726669048015,2.9036191907037026,-0.13055347620109892,1784283219.7778711,1784283221.216694,1784283220.4972825,1.39977053,"[dac] CH_A set to +2.904 V (code=42282)
"
1993,130,16,2.9036191907037026,2.7730657145026036,-0.13055347620109892,1784283221.216934,1784283222.654649,1784283221.9357915,1.46948256,"[dac] CH_A set to +2.773 V (code=41854)
"
1994,130,17,2.7730657145026036,2.642512238301505,-0.13055347620109847,1784283222.65502,1784283224.101063,1784283223.3780415,1.53115089,"[dac] CH_A set to +2.642 V (code=41426)
"
1995,130,18,2.642512238301505,2.5119587621004067,-0.13055347620109847,1784283224.10127,1784283225.543633,1784283224.8224516,1.53115089,"[dac] CH_A set to +2.512 V (code=40999)
"
1996,130,19,2.5119587621004067,2.3814052858993078,-0.13055347620109892,1784283225.543848,1784283226.987856,1784283226.265852,1.59818168,"[dac] CH_A set to +2.381 V (code=40571)
"
1997,130,20,2.3814052858993078,2.250851809698209,-0.13055347620109892,1784283226.9880729,1784283228.442803,1784283227.715438,1.61158784,"[dac] CH_A set to +2.251 V (code=40143)
"
1998,130,21,2.250851809698209,2.1202983334971104,-0.13055347620109847,1784283228.443016,1784283229.8835142,1784283229.1632652,1.60220353,"[dac] CH_A set to +2.120 V (code=39715)
"
1999,130,22,2.1202983334971104,1.989744857296012,-0.13055347620109847,1784283229.88375,1784283231.327744,1784283230.605747,1.68934356,"[dac] CH_A set to +1.990 V (code=39287)
"
2000,130,23,1.989744857296012,1.859191381094913,-0.13055347620109892,1784283231.327955,1784283232.768554,1784283232.0482545,1.71883711,"[dac] CH_A set to +1.859 V (code=38860)
"
2001,130,24,1.859191381094913,1.728637904893814,-0.13055347620109892,1784283232.7687669,1784283234.2027671,1784283233.485767,1.70006848,"[dac] CH_A set to +1.729 V (code=38432)
"
2002,130,25,1.728637904893814,1.5980844286927156,-0.13055347620109847,1784283234.202962,1784283235.6419141,1784283234.9224381,1.67325617,"[dac] CH_A set to +1.598 V (code=38004)
"
2003,130,26,1.5980844286927156,1.4675309524916171,-0.13055347620109847,1784283235.642157,1784283237.0750809,1784283236.358619,1.70543095,"[dac] CH_A set to +1.467 V (code=37576)
"
2004,130,27,1.4675309524916171,1.3369774762905182,-0.13055347620109892,1784283237.075407,1784283238.509699,1784283237.792553,1.68666232,"[dac] CH_A set to +1.337 V (code=37149)
"
2005,130,28,1.3369774762905182,1.2064240000894193,-0.13055347620109892,1784283238.509917,1784283239.9444962,1784283239.2272067,1.70543095,"[dac] CH_A set to +1.206 V (code=36721)
"
2006,130,29,1.2064240000894193,1.0758705238883208,-0.13055347620109847,1784283239.9449348,1784283241.369605,1784283240.65727,1.6933654,"[dac] CH_A set to +1.076 V (code=36293)
"
2007,130,30,1.0758705238883208,0.9453170476872224,-0.13055347620109847,1784283241.3698518,1784283242.802847,1784283242.0863495,1.64778446,"[dac] CH_A set to +0.945 V (code=35865)
"
2008,130,31,0.9453170476872224,0.8147635714861234,-0.13055347620109892,1784283242.80307,1784283244.2364101,1784283243.51974,1.66655309,"[dac] CH_A set to +0.815 V (code=35437)
"
2009,130,32,0.8147635714861234,0.6842100952850245,-0.13055347620109892,1784283244.236704,1784283245.674934,1784283244.9558191,1.62365338,"[dac] CH_A set to +0.684 V (code=35009)
"
2010,130,33,0.6842100952850245,0.5536566190839256,-0.13055347620109892,1784283245.675128,1784283247.096421,1784283246.3857746,1.55528197,"[dac] CH_A set to +0.554 V (code=34582)
"
2011,130,34,0.5536566190839256,0.4231031428828276,-0.13055347620109803,1784283247.096649,1784283248.542357,1784283247.8195028,1.58611614,"[dac] CH_A set to +0.423 V (code=34154)
"
2012,130,35,0.4231031428828276,0.29254966668172866,-0.13055347620109892,1784283248.542588,1784283249.98036,1784283249.2614741,1.49227303,"[dac] CH_A set to +0.292 V (code=33726)
"
2013,130,36,0.29254966668172866,0.16199619048062974,-0.13055347620109892,1784283249.980563,1784283251.419491,1784283250.700027,1.45741701,"[dac] CH_A set to +0.162 V (code=33298)
"
2014,130,37,0.16199619048062974,0.031442714279531714,-0.13055347620109803,1784283251.419689,1784283252.8622699,1784283252.1409793,1.42524223,"[dac] CH_A set to +0.031 V (code=32870)
"
2015,130,38,0.031442714279531714,-0.0991107619215672,-0.13055347620109892,1784283252.862498,1784283254.303093,1784283253.5827956,1.35150836,"[dac] CH_A set to -0.099 V (code=32443)
"
2016,130,39,-0.0991107619215672,-0.22966423812266612,-0.13055347620109892,1784283254.303301,1784283255.726217,1784283255.014759,1.30994927,"[dac] CH_A set to -0.230 V (code=32015)
"
2017,130,40,-0.22966423812266612,-0.36021771432376504,-0.13055347620109892,1784283255.726496,1784283257.171665,1784283256.4490805,1.24559971,"[dac] CH_A set to -0.360 V (code=31587)
"
2018,130,41,-0.36021771432376504,-0.49077119052486395,-0.13055347620109892,1784283257.171894,1784283258.613236,1784283257.892565,1.16650337,"[dac] CH_A set to -0.491 V (code=31159)
"
2019,130,42,-0.49077119052486395,-0.621324666725962,-0.13055347620109803,1784283258.613472,1784283260.043731,1784283259.3286014,1.09813196,"[dac] CH_A set to -0.621 V (code=30732)
"
2020,130,43,-0.621324666725962,-0.7518781429270609,-0.13055347620109892,1784283260.043941,1784283261.479691,1784283260.761816,1.0847258,"[dac] CH_A set to -0.752 V (code=30304)
"
2021,130,44,-0.7518781429270609,-0.8824316191281598,-0.13055347620109892,1784283261.4799309,1784283262.9279392,1784283262.2039351,1.01367316,"[dac] CH_A set to -0.882 V (code=29876)
"
2022,130,45,-0.8824316191281598,-1.0129850953292578,-0.13055347620109803,1784283262.9281862,1784283264.36374,1784283263.6459632,0.950664219,"[dac] CH_A set to -1.013 V (code=29448)
"
2023,130,46,-1.0129850953292578,-1.1435385715303568,-0.13055347620109892,1784283264.363939,1784283265.8037262,1784283265.0838327,0.898380201,"[dac] CH_A set to -1.143 V (code=29021)
"
2024,130,47,-1.1435385715303568,-1.2740920477314557,-0.13055347620109892,1784283265.803993,1784283267.219542,1784283266.5117674,0.83403064,"[dac] CH_A set to -1.274 V (code=28593)
"
2025,130,48,-1.2740920477314557,-1.4046455239325546,-0.13055347620109892,1784283267.2197409,1784283268.65202,1784283267.9358804,0.737506298,"[dac] CH_A set to -1.405 V (code=28165)
"
2026,130,49,-1.4046455239325546,-1.5351990001336535,-0.13055347620109892,1784283268.652262,1784283270.08629,1784283269.369276,0.694606591,"[dac] CH_A set to -1.535 V (code=27737)
"
2027,130,50,-1.5351990001336535,-1.6657524763347515,-0.13055347620109803,1784283270.0865521,1784283271.5163,1784283270.801426,0.606125944,"[dac] CH_A set to -1.666 V (code=27309)
"
2028,130,51,-1.6657524763347515,-1.7963059525358505,-0.13055347620109892,1784283271.516486,1784283272.94532,1784283272.230903,0.581994859,"[dac] CH_A set to -1.796 V (code=26881)
"
2029,130,52,-1.7963059525358505,-1.9268594287369494,-0.13055347620109892,1784283272.945548,1784283274.376301,1784283273.6609244,0.489492365,"[dac] CH_A set to -1.927 V (code=26454)
"
2030,130,53,-1.9268594287369494,-2.0574129049380474,-0.13055347620109803,1784283274.376502,1784283275.80479,1784283275.090646,0.411736645,"[dac] CH_A set to -2.057 V (code=26026)
"
2031,130,54,-2.0574129049380474,-2.1879663811391463,-0.13055347620109892,1784283275.805003,1784283277.236331,1784283276.520667,0.375540017,"[dac] CH_A set to -2.188 V (code=25598)
"
2032,130,55,-2.1879663811391463,-2.3185198573402452,-0.13055347620109892,1784283277.236546,1784283278.68633,1784283277.9614382,0.340684005,"[dac] CH_A set to -2.319 V (code=25170)
"
2033,130,56,-2.3185198573402452,-2.449073333541344,-0.13055347620109892,1784283278.686517,1784283280.1303308,1784283279.408424,0.280356291,"[dac] CH_A set to -2.449 V (code=24742)
"
2034,130,57,-2.449073333541344,-2.579626809742443,-0.13055347620109892,1784283280.130529,1784283281.5619469,1784283280.846238,0.203941187,"[dac] CH_A set to -2.580 V (code=24315)
"
2035,130,58,-2.579626809742443,-2.710180285943541,-0.13055347620109803,1784283281.562191,1784283282.996484,1784283282.2793374,0.174447638,"[dac] CH_A set to -2.710 V (code=23887)
"
2036,130,59,-2.710180285943541,-2.84073376214464,-0.13055347620109892,1784283282.9967082,1784283284.438109,1784283283.7174087,0.1543384,"[dac] CH_A set to -2.841 V (code=23459)
"
2037,130,60,-2.84073376214464,-2.971287238345739,-0.13055347620109892,1784283284.438317,1784283285.877665,1784283285.157991,0.0966919187,"[dac] CH_A set to -2.971 V (code=23031)
"
2038,130,61,-2.971287238345739,-3.101840714546837,-0.13055347620109803,1784283285.8778849,1784283287.31877,1784283286.5983274,0.102054382,"[dac] CH_A set to -3.102 V (code=22604)
"
2039,130,62,-3.101840714546837,-3.232394190747936,-0.13055347620109892,1784283287.318977,1784283288.7529962,1784283288.0359867,0.0202768148,"[dac] CH_A set to -3.232 V (code=22176)
"
2040,131,0,-3.362947666949035,-3.4282244050495843,-0.06527673810054946,1784283299.020301,1784283300.470995,1784283299.745648,0.0149145313,"[dac] CH_A set to -3.428 V (code=21534)
"
2041,131,1,-3.4282244050495843,-3.4935011431501337,-0.06527673810054946,1784283300.4711869,1784283301.9215412,1784283301.196364,0.00553044866,"[dac] CH_A set to -3.493 V (code=21320)
"
2042,132,0,-3.362947666949035,-3.362947666949035,0.0,1784283312.216735,1784283313.6624918,1784283312.9396133,0.00418974145,"[dac] CH_A set to -3.363 V (code=21748)
"
2043,133,0,-3.232394190747936,-3.1671174526473864,0.06527673810054946,1784283323.88692,1784283325.322131,1784283324.6045256,0.0645171381,"[dac] CH_A set to -3.167 V (code=22390)
"
2044,133,1,-3.1671174526473864,-3.101840714546837,0.06527673810054946,1784283325.3223522,1784283326.758294,1784283326.0403233,0.0832857601,"[dac] CH_A set to -3.102 V (code=22604)
"
2045,134,0,-3.232394190747936,-3.101840714546837,0.13055347620109892,1784283336.983993,1784283338.419905,1784283337.7019491,0.0524515954,"[dac] CH_A set to -3.102 V (code=22604)
"
2046,134,1,-3.101840714546837,-2.9712872383457385,0.13055347620109847,1784283338.420133,1784283339.853322,1784283339.1367276,0.0725608332,"[dac] CH_A set to -2.971 V (code=23031)
"
2047,134,2,-2.9712872383457385,-2.84073376214464,0.13055347620109847,1784283339.853549,1784283341.303841,1784283340.578695,0.144954089,"[dac] CH_A set to -2.841 V (code=23459)
"
2048,134,3,-2.84073376214464,-2.710180285943541,0.13055347620109892,1784283341.3040168,1784283342.739444,1784283342.0217304,0.126185468,"[dac] CH_A set to -2.710 V (code=23887)
"
2049,134,4,-2.710180285943541,-2.579626809742442,0.13055347620109892,1784283342.739692,1784283344.1737359,1784283343.456714,0.143613474,"[dac] CH_A set to -2.580 V (code=24315)
"
2050,134,5,-2.579626809742442,-2.4490733335413437,0.13055347620109847,1784283344.1739662,1784283345.600669,1784283344.8873177,0.269631364,"[dac] CH_A set to -2.449 V (code=24742)
"
2051,134,6,-2.4490733335413437,-2.3185198573402452,0.13055347620109847,1784283345.600877,1784283347.0341618,1784283346.3175194,0.24818151,"[dac] CH_A set to -2.319 V (code=25170)
"
2052,134,7,-2.3185198573402452,-2.1879663811391463,0.13055347620109892,1784283347.034357,1784283348.4672441,1784283347.7508006,0.300465529,"[dac] CH_A set to -2.188 V (code=25598)
"
2053,134,8,-2.1879663811391463,-2.0574129049380474,0.13055347620109892,1784283348.467443,1784283349.900331,1784283349.183887,0.372858785,"[dac] CH_A set to -2.057 V (code=26026)
"
2054,134,9,-2.0574129049380474,-1.926859428736949,0.13055347620109847,1784283349.900543,1784283351.329057,1784283350.6148,0.41978034,"[dac] CH_A set to -1.927 V (code=26454)
"
2055,134,10,-1.926859428736949,-1.7963059525358502,0.1305534762010987,1784283351.329294,1784283352.76954,1784283352.049417,0.461339432,"[dac] CH_A set to -1.796 V (code=26881)
"
2056,134,11,-1.7963059525358502,-1.6657524763347515,0.1305534762010987,1784283352.7697458,1784283354.1995049,1784283353.4846253,0.545798231,"[dac] CH_A set to -1.666 V (code=27309)
"
2057,134,12,-1.6657524763347515,-1.5351990001336528,0.1305534762010987,1784283354.199709,1784283355.6451268,1784283354.9224179,0.576632395,"[dac] CH_A set to -1.535 V (code=27737)
"
2058,134,13,-1.5351990001336528,-1.4046455239325542,0.1305534762010987,1784283355.6453362,1784283357.0756218,1784283356.3604789,0.68522228,"[dac] CH_A set to -1.405 V (code=28165)
"
2059,134,14,-1.4046455239325542,-1.2740920477314555,0.1305534762010987,1784283357.075835,1784283358.5145228,1784283357.795179,0.705331518,"[dac] CH_A set to -1.274 V (code=28593)
"
2060,134,15,-1.2740920477314555,-1.1435385715303568,0.1305534762010987,1784283358.514828,1784283359.948004,1784283359.231416,0.732143835,"[dac] CH_A set to -1.143 V (code=29021)
"
2061,134,16,-1.1435385715303568,-1.0129850953292578,0.13055347620109892,1784283359.948246,1784283361.374743,1784283360.6614945,0.83403064,"[dac] CH_A set to -1.013 V (code=29448)
"
2062,134,17,-1.0129850953292578,-0.8824316191281594,0.13055347620109847,1784283361.374938,1784283362.808099,1784283362.0915184,0.935917445,"[dac] CH_A set to -0.882 V (code=29876)
"
2063,134,18,-0.8824316191281594,-0.7518781429270609,0.13055347620109847,1784283362.8083048,1784283364.2396002,1784283363.5239525,0.945301756,"[dac] CH_A set to -0.752 V (code=30304)
"
2064,134,19,-0.7518781429270609,-0.621324666725962,0.13055347620109892,1784283364.239852,1784283365.6812742,1784283364.9605632,1.09679135,"[dac] CH_A set to -0.621 V (code=30732)
"
2065,134,20,-0.621324666725962,-0.49077119052486307,0.13055347620109892,1784283365.681494,1784283367.1093261,1784283366.39541,1.09545073,"[dac] CH_A set to -0.491 V (code=31159)
"
2066,134,21,-0.49077119052486307,-0.3602177143237646,0.13055347620109847,1784283367.109539,1784283368.562936,1784283367.8362374,1.16516276,"[dac] CH_A set to -0.360 V (code=31587)
"
2067,134,22,-0.3602177143237646,-0.22966423812266612,0.13055347620109847,1784283368.5631518,1784283370.003288,1784283369.2832198,1.18393138,"[dac] CH_A set to -0.230 V (code=32015)
"
2068,134,23,-0.22966423812266612,-0.0991107619215672,0.13055347620109892,1784283370.0034702,1784283371.443559,1784283370.7235146,1.30190557,"[dac] CH_A set to -0.099 V (code=32443)
"
2069,134,24,-0.0991107619215672,0.031442714279531714,0.13055347620109892,1784283371.443799,1784283372.8871412,1784283372.1654701,1.34346467,"[dac] CH_A set to +0.031 V (code=32870)
"
2070,134,25,0.031442714279531714,0.1619961904806302,0.13055347620109847,1784283372.8873432,1784283374.3278148,1784283373.607579,1.4306047,"[dac] CH_A set to +0.162 V (code=33298)
"
2071,134,26,0.1619961904806302,0.29254966668172866,0.13055347620109847,1784283374.328044,1784283375.764711,1784283375.0463774,1.41585792,"[dac] CH_A set to +0.292 V (code=33726)
"
2072,134,27,0.29254966668172866,0.4231031428828276,0.13055347620109892,1784283375.764937,1784283377.191652,1784283376.4782944,1.50031672,"[dac] CH_A set to +0.423 V (code=34154)
"
2073,134,28,0.4231031428828276,0.5536566190839265,0.13055347620109892,1784283377.191909,1784283378.628812,1784283377.9103606,1.55260074,"[dac] CH_A set to +0.554 V (code=34582)
"
2074,134,29,0.5536566190839265,0.684210095285025,0.13055347620109847,1784283378.6289961,1784283380.066008,1784283379.3475022,1.55662259,"[dac] CH_A set to +0.684 V (code=35009)
"
2075,134,30,0.684210095285025,0.8147635714861234,0.13055347620109847,1784283380.0662148,1784283381.492649,1784283380.7794318,1.62097215,"[dac] CH_A set to +0.815 V (code=35437)
"
2076,134,31,0.8147635714861234,0.9453170476872224,0.13055347620109892,1784283381.492875,1784283382.925295,1784283382.209085,1.58075367,"[dac] CH_A set to +0.945 V (code=35865)
"
2077,134,32,0.9453170476872224,1.0758705238883213,0.13055347620109892,1784283382.925506,1784283384.3581471,1784283383.6418266,1.66521247,"[dac] CH_A set to +1.076 V (code=36293)
"
2078,134,33,1.0758705238883213,1.2064240000894202,0.13055347620109892,1784283384.358353,1784283385.7897081,1784283385.0740304,1.67727801,"[dac] CH_A set to +1.206 V (code=36721)
"
2079,134,34,1.2064240000894202,1.3369774762905182,0.13055347620109803,1784283385.7899442,1784283387.216773,1784283386.5033586,1.70543095,"[dac] CH_A set to +1.337 V (code=37149)
"
2080,134,35,1.3369774762905182,1.4675309524916171,0.13055347620109892,1784283387.216963,1784283388.65759,1784283387.9372764,1.70274971,"[dac] CH_A set to +1.467 V (code=37576)
"
2081,134,36,1.4675309524916171,1.598084428692716,0.13055347620109892,1784283388.6578078,1784283390.100736,1784283389.379272,1.68398109,"[dac] CH_A set to +1.598 V (code=38004)
"
2082,134,37,1.598084428692716,1.728637904893814,0.13055347620109803,1784283390.100971,1784283391.5417652,1784283390.8213682,1.70811218,"[dac] CH_A set to +1.729 V (code=38432)
"
2083,134,38,1.728637904893814,1.859191381094913,0.13055347620109892,1784283391.5419672,1784283392.967517,1784283392.2547421,1.65985001,"[dac] CH_A set to +1.859 V (code=38860)
"
2084,134,39,1.859191381094913,1.989744857296012,0.13055347620109892,1784283392.967705,1784283394.420955,1784283393.69433,1.67727801,"[dac] CH_A set to +1.990 V (code=39287)
"
2085,134,40,1.989744857296012,2.120298333497111,0.13055347620109892,1784283394.421184,1784283395.857482,1784283395.139333,1.642422,"[dac] CH_A set to +2.120 V (code=39715)
"
2086,134,41,2.120298333497111,2.2508518096982097,0.13055347620109892,1784283395.857732,1784283397.2928798,1784283396.575306,1.61024722,"[dac] CH_A set to +2.251 V (code=40143)
"
2087,134,42,2.2508518096982097,2.3814052858993078,0.13055347620109803,1784283397.2930849,1784283398.736951,1784283398.015018,1.61158784,"[dac] CH_A set to +2.381 V (code=40571)
"
2088,134,43,2.3814052858993078,2.5119587621004067,0.13055347620109892,1784283398.737181,1784283400.189356,1784283399.4632685,1.63705954,"[dac] CH_A set to +2.512 V (code=40999)
"
2089,134,44,2.5119587621004067,2.6425122383015056,0.13055347620109892,1784283400.189582,1784283401.6190012,1784283400.9042916,1.52578842,"[dac] CH_A set to +2.642 V (code=41426)
"
2090,134,45,2.6425122383015056,2.7730657145026036,0.13055347620109803,1784283401.6191921,1784283403.063821,1784283402.3415065,1.53115089,"[dac] CH_A set to +2.773 V (code=41854)
"
2091,134,46,2.7730657145026036,2.9036191907037026,0.13055347620109892,1784283403.064054,1784283404.506978,1784283403.785516,1.45339517,"[dac] CH_A set to +2.904 V (code=42282)
"
2092,134,47,2.9036191907037026,3.0341726669048015,0.13055347620109892,1784283404.507176,1784283405.9386408,1784283405.2229085,1.44132962,"[dac] CH_A set to +3.034 V (code=42710)
"
2093,134,48,3.0341726669048015,3.1647261431059004,0.13055347620109892,1784283405.938881,1784283407.384268,1784283406.6615744,1.39977053,"[dac] CH_A set to +3.165 V (code=43137)
"
2094,134,49,3.1647261431059004,3.2952796193069993,0.13055347620109892,1784283407.384459,1784283408.832525,1784283408.108492,1.31397112,"[dac] CH_A set to +3.295 V (code=43565)
"
2095,134,50,3.2952796193069993,3.4258330955080973,0.13055347620109803,1784283408.832723,1784283410.2706702,1784283409.5516965,1.30592742,"[dac] CH_A set to +3.426 V (code=43993)
"
2096,134,51,3.4258330955080973,3.5563865717091963,0.13055347620109892,1784283410.27088,1784283411.721663,1784283410.9962716,1.21610616,"[dac] CH_A set to +3.556 V (code=44421)
"
2097,134,52,3.5563865717091963,3.686940047910295,0.13055347620109892,1784283411.721866,1784283413.1709929,1784283412.4464293,1.19867815,"[dac] CH_A set to +3.687 V (code=44849)
"
2098,134,53,3.686940047910295,3.817493524111393,0.13055347620109803,1784283413.171211,1784283414.621618,1784283413.8964145,1.04584795,"[dac] CH_A set to +3.818 V (code=45276)
"
2099,134,54,3.817493524111393,3.948047000312492,0.13055347620109892,1784283414.621857,1784283416.055457,1784283415.338657,0.99892639,"[dac] CH_A set to +3.948 V (code=45704)
"
2100,134,55,3.948047000312492,4.078600476513591,0.13055347620109892,1784283416.05564,1784283417.5059562,1784283416.780798,0.970773457,"[dac] CH_A set to +4.079 V (code=46132)
"
2101,134,56,4.078600476513591,4.20915395271469,0.13055347620109892,1784283417.506293,1784283418.924232,1784283418.2152624,0.915808207,"[dac] CH_A set to +4.209 V (code=46560)
"
2102,134,57,4.20915395271469,4.339707428915789,0.13055347620109892,1784283418.924455,1784283420.363186,1784283419.6438203,0.838052487,"[dac] CH_A set to +4.340 V (code=46988)
"
2103,134,58,4.339707428915789,4.470260905116887,0.13055347620109803,1784283420.363402,1784283421.800597,1784283421.0819993,0.738846914,"[dac] CH_A set to +4.470 V (code=47416)
"
2104,134,59,4.470260905116887,4.600814381317986,0.13055347620109892,1784283421.800811,1784283423.2228348,1784283422.511823,0.686562896,"[dac] CH_A set to +4.601 V (code=47843)
"
2105,134,60,4.600814381317986,4.731367857519085,0.13055347620109892,1784283423.2230191,1784283424.6560798,1784283423.9395494,0.606125944,"[dac] CH_A set to +4.731 V (code=48271)
"
2106,134,61,4.731367857519085,4.861921333720183,0.13055347620109803,1784283424.656342,1784283426.092795,1784283425.3745685,0.590038554,"[dac] CH_A set to +4.862 V (code=48699)
"
2107,134,62,4.861921333720183,4.992474809921282,0.13055347620109892,1784283426.092992,1784283427.5328681,1784283426.81293,0.485470517,"[dac] CH_A set to +4.992 V (code=49127)
"
2108,135,0,4.861921333720183,4.796644595619633,-0.06527673810054946,1784283437.8132632,1784283439.264948,1784283438.5391054,0.553841926,"[dac] CH_A set to +4.797 V (code=48485)
"
2109,135,1,4.796644595619633,4.731367857519084,-0.06527673810054946,1784283439.265294,1784283440.700129,1784283439.9827116,0.634278877,"[dac] CH_A set to +4.731 V (code=48271)
"
2110,136,0,4.861921333720183,4.731367857519084,-0.13055347620109892,1784283450.9652019,1784283452.4080489,1784283451.6866255,0.592719786,"[dac] CH_A set to +4.731 V (code=48271)
"
2111,136,1,4.731367857519084,4.600814381317985,-0.13055347620109892,1784283452.408261,1784283453.847639,1784283453.1279502,0.627575798,"[dac] CH_A set to +4.601 V (code=47843)
"
2112,136,2,4.600814381317985,4.470260905116887,-0.13055347620109803,1784283453.847857,1784283455.2984939,1784283454.5731754,0.68522228,"[dac] CH_A set to +4.470 V (code=47416)
"
2113,136,3,4.470260905116887,4.339707428915788,-0.13055347620109892,1784283455.298719,1784283456.73096,1784283456.0148394,0.79515278,"[dac] CH_A set to +4.340 V (code=46988)
"
2114,136,4,4.339707428915788,4.209153952714689,-0.13055347620109892,1784283456.73119,1784283458.174295,1784283457.4527426,0.847436798,"[dac] CH_A set to +4.209 V (code=46560)
"
2115,136,5,4.209153952714689,4.078600476513591,-0.13055347620109803,1784283458.1745322,1784283459.601731,1784283458.8881316,0.937258061,"[dac] CH_A set to +4.079 V (code=46132)
"
2116,136,6,4.078600476513591,3.948047000312492,-0.13055347620109892,1784283459.601992,1784283461.0488908,1784283460.3254414,0.990882695,"[dac] CH_A set to +3.948 V (code=45704)
"
2117,136,7,3.948047000312492,3.817493524111393,-0.13055347620109892,1784283461.049099,1784283462.484334,1784283461.7667165,0.994904543,"[dac] CH_A set to +3.818 V (code=45276)
"
2118,136,8,3.817493524111393,3.6869400479102943,-0.13055347620109892,1784283462.48453,1784283463.9209542,1784283463.202742,1.0927695,"[dac] CH_A set to +3.687 V (code=44849)
"
2119,136,9,3.6869400479102943,3.556386571709196,-0.13055347620109847,1784283463.921206,1784283465.362089,1784283464.6416473,1.17052522,"[dac] CH_A set to +3.556 V (code=44421)
"
2120,136,10,3.556386571709196,3.4258330955080973,-0.13055347620109847,1784283465.362258,1784283466.7912052,1784283466.0767317,1.21744677,"[dac] CH_A set to +3.426 V (code=43993)
"
2121,136,11,3.4258330955080973,3.2952796193069984,-0.13055347620109892,1784283466.791401,1784283468.226721,1784283467.5090609,1.24291848,"[dac] CH_A set to +3.295 V (code=43565)
"
2122,136,12,3.2952796193069984,3.1647261431058995,-0.13055347620109892,1784283468.226934,1784283469.658425,1784283468.9426794,1.30458681,"[dac] CH_A set to +3.165 V (code=43137)
"
2123,136,13,3.1647261431058995,3.034172666904801,-0.13055347620109847,1784283469.658647,1784283471.1069849,1784283470.3828158,1.35687082,"[dac] CH_A set to +3.034 V (code=42710)
"
2124,136,14,3.034172666904801,2.9036191907037026,-0.13055347620109847,1784283471.107241,1784283472.547286,1784283471.8272634,1.42658285,"[dac] CH_A set to +2.904 V (code=42282)
"
2125,136,15,2.9036191907037026,2.7730657145026036,-0.13055347620109892,1784283472.5475159,1784283473.9833338,1784283473.2654247,1.50165734,"[dac] CH_A set to +2.773 V (code=41854)
"
2126,136,16,2.7730657145026036,2.6425122383015047,-0.13055347620109892,1784283473.9835808,1784283475.4351091,1784283474.7093449,1.51506349,"[dac] CH_A set to +2.642 V (code=41426)
"
2127,136,17,2.6425122383015047,2.5119587621004063,-0.13055347620109847,1784283475.4353259,1784283476.867233,1784283476.1512794,1.53919458,"[dac] CH_A set to +2.512 V (code=40999)
"
2128,136,18,2.5119587621004063,2.3814052858993078,-0.13055347620109847,1784283476.867455,1784283478.3109078,1784283477.5891814,1.58209429,"[dac] CH_A set to +2.381 V (code=40571)
"
2129,136,19,2.3814052858993078,2.250851809698209,-0.13055347620109892,1784283478.311108,1784283479.748801,1784283479.0299544,1.61829092,"[dac] CH_A set to +2.251 V (code=40143)
"
2130,136,20,2.250851809698209,2.12029833349711,-0.13055347620109892,1784283479.749019,1784283481.189656,1784283480.4693375,1.64376262,"[dac] CH_A set to +2.120 V (code=39715)
"
2131,137,0,2.250851809698209,2.3161285477987583,0.06527673810054946,1784283491.427278,1784283492.860524,1784283492.1439009,1.61292845,"[dac] CH_A set to +2.316 V (code=40357)
"
2132,137,1,2.3161285477987583,2.3814052858993078,0.06527673810054946,1784283492.860724,1784283494.304466,1784283493.5825949,1.58075367,"[dac] CH_A set to +2.381 V (code=40571)
"
2133,138,0,2.250851809698209,2.1202983334971104,-0.13055347620109847,1784283504.542667,1784283505.97395,1784283505.2583084,1.64108139,"[dac] CH_A set to +2.120 V (code=39715)
"
2134,138,1,2.1202983334971104,1.9897448572960115,-0.13055347620109892,1784283505.974154,1784283507.406393,1784283506.6902735,1.62901584,"[dac] CH_A set to +1.990 V (code=39287)
"
2135,138,2,1.9897448572960115,1.859191381094913,-0.13055347620109847,1784283507.406585,1784283508.851444,1784283508.1290145,1.67995925,"[dac] CH_A set to +1.859 V (code=38860)
"
2136,138,3,1.859191381094913,1.728637904893814,-0.13055347620109892,1784283508.851678,1784283510.2806559,1784283509.5661669,1.72151834,"[dac] CH_A set to +1.729 V (code=38432)
"
2137,138,4,1.728637904893814,1.5980844286927156,-0.13055347620109847,1784283510.280869,1784283511.724923,1784283511.0028958,1.69470602,"[dac] CH_A set to +1.598 V (code=38004)
"
2138,138,5,1.5980844286927156,1.467530952491617,-0.1305534762010987,1784283511.725139,1784283513.164822,1784283512.4449806,1.70677156,"[dac] CH_A set to +1.467 V (code=37576)
"
2139,138,6,1.467530952491617,1.3369774762905182,-0.1305534762010987,1784283513.165026,1784283514.605162,1784283513.885094,1.68398109,"[dac] CH_A set to +1.337 V (code=37149)
"
2140,138,7,1.3369774762905182,1.2064240000894195,-0.1305534762010987,1784283514.605351,1784283516.034889,1784283515.3201199,1.68398109,"[dac] CH_A set to +1.206 V (code=36721)
"
2141,138,8,1.2064240000894195,1.0758705238883208,-0.1305534762010987,1784283516.03512,1784283517.472013,1784283516.7535665,1.66521247,"[dac] CH_A set to +1.076 V (code=36293)
"
2142,138,9,1.0758705238883208,0.9453170476872221,-0.1305534762010987,1784283517.472215,1784283518.899013,1784283518.185614,1.65582816,"[dac] CH_A set to +0.945 V (code=35865)
"
2143,138,10,0.9453170476872221,0.8147635714861234,-0.1305534762010987,1784283518.899243,1784283520.3406599,1784283519.6199515,1.63035646,"[dac] CH_A set to +0.815 V (code=35437)
"
2144,138,11,0.8147635714861234,0.684210095285025,-0.13055347620109847,1784283520.340889,1784283521.780709,1784283521.0607991,1.59952229,"[dac] CH_A set to +0.684 V (code=35009)
"
2145,138,12,0.684210095285025,0.5536566190839263,-0.1305534762010987,1784283521.780906,1784283523.214711,1784283522.4978085,1.57941306,"[dac] CH_A set to +0.554 V (code=34582)
"
2146,138,13,0.5536566190839263,0.4231031428828276,-0.1305534762010987,1784283523.214925,1784283524.659394,1784283523.9371595,1.57807244,"[dac] CH_A set to +0.423 V (code=34154)
"
2147,138,14,0.4231031428828276,0.2925496666817289,-0.1305534762010987,1784283524.6596532,1784283526.0853581,1784283525.3725057,1.52981027,"[dac] CH_A set to +0.292 V (code=33726)
"
2148,138,15,0.2925496666817289,0.1619961904806302,-0.1305534762010987,1784283526.085612,1784283527.523155,1784283526.8043835,1.42658285,"[dac] CH_A set to +0.162 V (code=33298)
"
2149,138,16,0.1619961904806302,0.031442714279531714,-0.13055347620109847,1784283527.523369,1784283528.9574132,1784283528.2403913,1.39977053,"[dac] CH_A set to +0.031 V (code=32870)
"
2150,138,17,0.031442714279531714,-0.0991107619215672,-0.13055347620109892,1784283528.957616,1784283530.402817,1784283529.6802166,1.36223329,"[dac] CH_A set to -0.099 V (code=32443)
"
2151,138,18,-0.0991107619215672,-0.22966423812266568,-0.13055347620109847,1784283530.402993,1784283531.832341,1784283531.117667,1.29252126,"[dac] CH_A set to -0.230 V (code=32015)
"
2152,138,19,-0.22966423812266568,-0.3602177143237646,-0.13055347620109892,1784283531.832535,1784283533.257473,1784283532.545004,1.23755601,"[dac] CH_A set to -0.360 V (code=31587)
"
2153,138,20,-0.3602177143237646,-0.49077119052486307,-0.13055347620109847,1784283533.2576692,1784283534.690699,1784283533.974184,1.21342493,"[dac] CH_A set to -0.491 V (code=31159)
"
2154,139,0,-0.621324666725962,-0.6866014048265114,-0.06527673810054946,1784283544.948501,1784283546.378282,1784283545.6633916,1.07131965,"[dac] CH_A set to -0.687 V (code=30518)
"
2155,139,1,-0.6866014048265114,-0.7518781429270609,-0.06527673810054946,1784283546.378519,1784283547.823614,1784283547.1010666,1.05791349,"[dac] CH_A set to -0.752 V (code=30304)
"
2156,140,0,-0.621324666725962,-0.7470428289936867,-0.1257181622677247,1784283558.082546,1784283559.519108,1784283558.800827,1.00428885,"[dac] CH_A set to -0.747 V (code=30320)
"
2157,140,1,-0.7470428289936867,-0.8727609912614114,-0.1257181622677247,1784283559.51932,1784283560.953561,1784283560.2364407,0.964070378,"[dac] CH_A set to -0.873 V (code=29908)
"
2158,140,2,-0.8727609912614114,-0.9984791535291361,-0.1257181622677247,1784283560.954017,1784283562.386003,1784283561.67001,0.946642372,"[dac] CH_A set to -0.998 V (code=29496)
"
2159,140,3,-0.9984791535291361,-1.1241973157968608,-0.1257181622677247,1784283562.386197,1784283563.817573,1784283563.101885,0.860842957,"[dac] CH_A set to -1.124 V (code=29084)
"
2160,140,4,-1.1241973157968608,-1.2499154780645854,-0.1257181622677246,1784283563.817788,1784283565.248377,1784283564.5330825,0.787109085,"[dac] CH_A set to -1.250 V (code=28672)
"
2161,140,5,-1.2499154780645854,-1.3756336403323102,-0.1257181622677248,1784283565.2485812,1784283566.678884,1784283565.9637327,0.706672133,"[dac] CH_A set to -1.376 V (code=28260)
"
2162,140,6,-1.3756336403323102,-1.501351802600035,-0.1257181622677248,1784283566.679064,1784283568.112374,1784283567.395719,0.64634442,"[dac] CH_A set to -1.501 V (code=27848)
"
2163,140,7,-1.501351802600035,-1.6270699648677596,-0.1257181622677246,1784283568.112658,1784283569.538375,1784283568.8255165,0.608807176,"[dac] CH_A set to -1.627 V (code=27436)
"
2164,140,8,-1.6270699648677596,-1.7527881271354842,-0.1257181622677246,1784283569.538582,1784283570.9791129,1784283570.2588475,0.571269932,"[dac] CH_A set to -1.753 V (code=27024)
"
2165,140,9,-1.7527881271354842,-1.878506289403209,-0.1257181622677248,1784283570.979319,1784283572.415265,1784283571.697292,0.480108054,"[dac] CH_A set to -1.878 V (code=26612)
"
2166,140,10,-1.878506289403209,-2.0042244516709338,-0.1257181622677248,1784283572.4154902,1784283573.862946,1784283573.139218,0.41978034,"[dac] CH_A set to -2.004 V (code=26200)
"
2167,140,11,-2.0042244516709338,-2.1299426139386584,-0.1257181622677246,1784283573.863134,1784283575.296213,1784283574.5796733,0.358112011,"[dac] CH_A set to -2.130 V (code=25788)
"
2168,140,12,-2.1299426139386584,-2.255660776206383,-0.1257181622677246,1784283575.296505,1784283576.748875,1784283576.0226898,0.305827992,"[dac] CH_A set to -2.256 V (code=25376)
"
2169,140,13,-2.255660776206383,-2.381378938474108,-0.12571816226772503,1784283576.7490492,1784283578.186975,1784283577.468012,0.27097198,"[dac] CH_A set to -2.381 V (code=24964)
"
2170,140,14,-2.381378938474108,-2.5070971007418326,-0.1257181622677246,1784283578.187191,1784283579.62785,1784283578.9075205,0.224050425,"[dac] CH_A set to -2.507 V (code=24552)
"
2171,140,15,-2.5070971007418326,-2.632815263009557,-0.1257181622677246,1784283579.628048,1784283581.065741,1784283580.3468945,0.190535029,"[dac] CH_A set to -2.633 V (code=24140)
"
2172,140,16,-2.632815263009557,-2.7585334252772817,-0.1257181622677246,1784283581.065948,1784283582.503822,1784283581.784885,0.185172565,"[dac] CH_A set to -2.759 V (code=23729)
"
2173,140,17,-2.7585334252772817,-2.8842515875450063,-0.1257181622677246,1784283582.504035,1784283583.9326248,1784283583.21833,0.120823004,"[dac] CH_A set to -2.884 V (code=23316)
"
2174,140,18,-2.8842515875450063,-3.0099697498127314,-0.12571816226772503,1784283583.932843,1784283585.359052,1784283584.6459475,0.0832857601,"[dac] CH_A set to -3.010 V (code=22904)
"
2175,140,19,-3.0099697498127314,-3.135687912080456,-0.1257181622677246,1784283585.359261,1784283586.776841,1784283586.0680509,0.0511109795,"[dac] CH_A set to -3.136 V (code=22493)
"
2176,140,20,-3.135687912080456,-3.2614060743481805,-0.1257181622677246,1784283586.777099,1784283588.214783,1784283587.495941,0.0323423575,"[dac] CH_A set to -3.261 V (code=22081)
"
2177,140,21,-3.2614060743481805,-3.3871242366159056,-0.12571816226772503,1784283588.214972,1784283589.646423,1784283588.9306974,0.0122335736,"[dac] CH_A set to -3.387 V (code=21669)
"
2178,140,22,-3.3871242366159056,-3.51284239888363,-0.1257181622677246,1784283589.646671,1784283591.088332,1784283590.3675015,0.0149143942,"[dac] CH_A set to -3.513 V (code=21257)
"
2179,140,23,-3.51284239888363,-3.6385605611513547,-0.1257181622677246,1784283591.088568,1784283592.531848,1784283591.8102078,0.0618359064,"[dac] CH_A set to -3.639 V (code=20845)
"
2180,140,24,-3.6385605611513547,-3.7642787234190793,-0.1257181622677246,1784283592.532104,1784283593.971518,1784283593.251811,0.00284903423,"[dac] CH_A set to -3.764 V (code=20433)
"
2181,140,25,-3.7642787234190793,-3.889996885686804,-0.1257181622677246,1784283593.9717278,1784283595.422231,1784283594.6969795,0.037704821,"[dac] CH_A set to -3.890 V (code=20021)
"
2182,140,26,-3.889996885686804,-4.0157150479545285,-0.1257181622677246,1784283595.422425,1784283596.863174,1784283596.1427994,0.0149143514,"[dac] CH_A set to -4.016 V (code=19609)
"
2183,141,0,-3.8851615717534296,-3.81988483365288,0.06527673810054946,1784283607.1385238,1784283608.581989,1784283607.8602564,-0.0105568503,"[dac] CH_A set to -3.820 V (code=20251)
"
2184,141,1,-3.81988483365288,-3.7546080955523307,0.06527673810054946,1784283608.582238,1784283610.0216498,1784283609.3019438,0.00821127212,"[dac] CH_A set to -3.755 V (code=20465)
"
2185,142,0,-3.8851615717534296,-3.7546080955523307,0.13055347620109892,1784283620.274775,1784283621.713517,1784283620.9941459,-0.0306655428,"[dac] CH_A set to -3.755 V (code=20465)
"
2186,142,1,-3.7546080955523307,-3.624054619351232,0.13055347620109847,1784283621.713755,1784283623.152693,1784283622.433224,-0.0132381305,"[dac] CH_A set to -3.624 V (code=20892)
"
2187,142,2,-3.624054619351232,-3.4935011431501337,0.13055347620109847,1784283623.152964,1784283624.586794,1784283623.869879,0.0323423575,"[dac] CH_A set to -3.493 V (code=21320)
"
2188,142,3,-3.4935011431501337,-3.362947666949035,0.13055347620109892,1784283624.5871491,1784283626.012328,1784283625.2997384,0.00284885152,"[dac] CH_A set to -3.363 V (code=21748)
"
2189,142,4,-3.362947666949035,-3.232394190747936,0.13055347620109892,1784283626.012533,1784283627.452472,1784283626.7325025,0.0310017417,"[dac] CH_A set to -3.232 V (code=22176)
"
2190,142,5,-3.232394190747936,-3.1018407145468374,0.13055347620109847,1784283627.452717,1784283628.881099,1784283628.166908,0.075242065,"[dac] CH_A set to -3.102 V (code=22604)
"
2191,142,6,-3.1018407145468374,-2.971287238345739,0.13055347620109847,1784283628.8813288,1784283630.316633,1784283629.598981,0.0671983698,"[dac] CH_A set to -2.971 V (code=23031)
"
2192,142,7,-2.971287238345739,-2.84073376214464,0.13055347620109892,1784283630.316822,1784283631.760685,1784283631.0387535,0.0940106869,"[dac] CH_A set to -2.841 V (code=23459)
"
2193,142,8,-2.84073376214464,-2.710180285943541,0.13055347620109892,1784283631.760912,1784283633.199431,1784283632.4801714,0.0779232967,"[dac] CH_A set to -2.710 V (code=23887)
"
2194,142,9,-2.710180285943541,-2.5796268097424426,0.13055347620109847,1784283633.199636,1784283634.623728,1784283633.9116821,0.191875644,"[dac] CH_A set to -2.580 V (code=24315)
"
2195,142,10,-2.5796268097424426,-2.449073333541344,0.13055347620109847,1784283634.623998,1784283636.055346,1784283635.339672,0.183831949,"[dac] CH_A set to -2.449 V (code=24742)
"
2196,142,11,-2.449073333541344,-2.3185198573402452,0.13055347620109892,1784283636.055535,1784283637.496804,1784283636.7761695,0.256225206,"[dac] CH_A set to -2.319 V (code=25170)
"
2197,142,12,-2.3185198573402452,-2.1879663811391463,0.13055347620109892,1784283637.496995,1784283638.9369988,1784283638.216997,0.331299694,"[dac] CH_A set to -2.188 V (code=25598)
"
2198,142,13,-2.1879663811391463,-2.057412904938048,0.13055347620109847,1784283638.9372458,1784283640.3637278,1784283639.650487,0.384924328,"[dac] CH_A set to -2.057 V (code=26026)
"
2199,142,14,-2.057412904938048,-1.9268594287369492,0.1305534762010987,1784283640.36391,1784283641.795907,1784283641.0799084,0.434527115,"[dac] CH_A set to -1.927 V (code=26454)
"
2200,142,15,-1.9268594287369492,-1.7963059525358505,0.1305534762010987,1784283641.796118,1784283643.223687,1784283642.5099025,0.473404974,"[dac] CH_A set to -1.796 V (code=26881)
"
2201,142,16,-1.7963059525358505,-1.6657524763347515,0.13055347620109892,1784283643.223897,1784283644.6561532,1784283643.940025,0.549820078,"[dac] CH_A set to -1.666 V (code=27309)
"
2202,142,17,-1.6657524763347515,-1.535199000133653,0.13055347620109847,1784283644.656385,1784283646.08229,1784283645.3693376,0.548479462,"[dac] CH_A set to -1.535 V (code=27737)
"
2203,142,18,-1.535199000133653,-1.4046455239325546,0.13055347620109847,1784283646.082498,1784283647.503598,1784283646.793048,0.622213334,"[dac] CH_A set to -1.405 V (code=28165)
"
2204,142,19,-1.4046455239325546,-1.2740920477314557,0.13055347620109892,1784283647.503786,1784283648.9293,1784283648.2165432,0.673156737,"[dac] CH_A set to -1.274 V (code=28593)
"
2205,142,20,-1.2740920477314557,-1.1435385715303568,0.13055347620109892,1784283648.929497,1784283650.3702788,1784283649.649888,0.791130932,"[dac] CH_A set to -1.143 V (code=29021)
"
2206,142,21,-1.1435385715303568,-1.0129850953292583,0.13055347620109847,1784283650.3705049,1784283651.8127518,1784283651.0916283,0.825986945,"[dac] CH_A set to -1.013 V (code=29448)
"
2207,142,22,-1.0129850953292583,-0.8824316191281598,0.13055347620109847,1784283651.8129659,1784283653.263812,1784283652.538389,0.897039585,"[dac] CH_A set to -0.882 V (code=29876)
"
2208,142,23,-0.8824316191281598,-0.7518781429270609,0.13055347620109892,1784283653.2640169,1784283654.705803,1784283653.98491,0.965410994,"[dac] CH_A set to -0.752 V (code=30304)
"
2209,142,24,-0.7518781429270609,-0.621324666725962,0.13055347620109892,1784283654.706004,1784283656.138605,1784283655.4223046,1.06193534,"[dac] CH_A set to -0.621 V (code=30732)
"
2210,142,25,-0.621324666725962,-0.4907711905248635,0.13055347620109847,1784283656.138805,1784283657.587512,1784283656.8631585,1.00562947,"[dac] CH_A set to -0.491 V (code=31159)
"
2211,142,26,-0.4907711905248635,-0.36021771432376504,0.13055347620109847,1784283657.5877051,1784283659.022298,1784283658.3050017,1.17588768,"[dac] CH_A set to -0.360 V (code=31587)
"
2212,142,27,-0.36021771432376504,-0.22966423812266612,0.13055347620109892,1784283659.02255,1784283660.454356,1784283659.738453,1.23353417,"[dac] CH_A set to -0.230 V (code=32015)
"
2213,142,28,-0.22966423812266612,-0.0991107619215672,0.13055347620109892,1784283660.454565,1784283661.886014,1784283661.1702895,1.27643387,"[dac] CH_A set to -0.099 V (code=32443)
"
2214,142,29,-0.0991107619215672,0.03144271427953127,0.13055347620109847,1784283661.886262,1784283663.312163,1784283662.5992126,1.32469604,"[dac] CH_A set to +0.031 V (code=32870)
"
2215,142,30,0.03144271427953127,0.16199619048062974,0.13055347620109847,1784283663.3124218,1784283664.738672,1784283664.025547,1.3635739,"[dac] CH_A set to +0.162 V (code=33298)
"
2216,142,31,0.16199619048062974,0.29254966668172866,0.13055347620109892,1784283664.738858,1784283666.186751,1784283665.4628043,1.42390162,"[dac] CH_A set to +0.292 V (code=33726)
"
2217,142,32,0.29254966668172866,0.4231031428828276,0.13055347620109892,1784283666.187007,1784283667.615055,1784283666.901031,1.46143886,"[dac] CH_A set to +0.423 V (code=34154)
"
2218,142,33,0.4231031428828276,0.5536566190839265,0.13055347620109892,1784283667.615267,1784283669.057176,1784283668.3362217,1.53517273,"[dac] CH_A set to +0.554 V (code=34582)
"
2219,142,34,0.5536566190839265,0.6842100952850245,0.13055347620109803,1784283669.057514,1784283670.498958,1784283669.778236,1.57136936,"[dac] CH_A set to +0.684 V (code=35009)
"
2220,142,35,0.6842100952850245,0.8147635714861234,0.13055347620109892,1784283670.499239,1784283671.932805,1784283671.216022,1.59550045,"[dac] CH_A set to +0.815 V (code=35437)
"
2221,142,36,0.8147635714861234,0.9453170476872224,0.13055347620109892,1784283671.9330251,1784283673.3664918,1784283672.6497583,1.63571892,"[dac] CH_A set to +0.945 V (code=35865)
"
2222,142,37,0.9453170476872224,1.0758705238883204,0.13055347620109803,1784283673.366685,1784283674.791426,1784283674.0790553,1.63974077,"[dac] CH_A set to +1.076 V (code=36293)
"
2223,142,38,1.0758705238883204,1.2064240000894193,0.13055347620109892,1784283674.7916439,1784283676.233415,1784283675.5125294,1.63303769,"[dac] CH_A set to +1.206 V (code=36721)
"
2224,142,39,1.2064240000894193,1.3369774762905182,0.13055347620109892,1784283676.233602,1784283677.675452,1784283676.954527,1.67727801,"[dac] CH_A set to +1.337 V (code=37149)
"
2225,142,40,1.3369774762905182,1.4675309524916171,0.13055347620109892,1784283677.675647,1784283679.1228118,1784283678.3992295,1.71213403,"[dac] CH_A set to +1.467 V (code=37576)
"
2226,142,41,1.4675309524916171,1.598084428692716,0.13055347620109892,1784283679.123054,1784283680.557694,1784283679.840374,1.70409033,"[dac] CH_A set to +1.598 V (code=38004)
"
2227,142,42,1.598084428692716,1.728637904893814,0.13055347620109803,1784283680.55793,1784283681.998849,1784283681.2783895,1.70274971,"[dac] CH_A set to +1.729 V (code=38432)
"
2228,142,43,1.728637904893814,1.859191381094913,0.13055347620109892,1784283681.999031,1784283683.4399219,1784283682.7194765,1.69604664,"[dac] CH_A set to +1.859 V (code=38860)
"
2229,142,44,1.859191381094913,1.989744857296012,0.13055347620109892,1784283683.440177,1784283684.88627,1784283684.1632235,1.6678937,"[dac] CH_A set to +1.990 V (code=39287)
"
2230,142,45,1.989744857296012,2.12029833349711,0.13055347620109803,1784283684.8865001,1784283686.31712,1784283685.60181,1.69604664,"[dac] CH_A set to +2.120 V (code=39715)
"
2231,142,46,2.12029833349711,2.250851809698209,0.13055347620109892,1784283686.317327,1784283687.765378,1784283687.0413525,1.64376262,"[dac] CH_A set to +2.251 V (code=40143)
"
2232,142,47,2.250851809698209,2.3814052858993078,0.13055347620109892,1784283687.7656078,1784283689.200503,1784283688.4830556,1.61963153,"[dac] CH_A set to +2.381 V (code=40571)
"
2233,142,48,2.3814052858993078,2.5119587621004067,0.13055347620109892,1784283689.2006981,1784283690.634042,1784283689.91737,1.624994,"[dac] CH_A set to +2.512 V (code=40999)
"
2234,142,49,2.5119587621004067,2.6425122383015056,0.13055347620109892,1784283690.63425,1784283692.071834,1784283691.3530421,1.58477552,"[dac] CH_A set to +2.642 V (code=41426)
"
2235,142,50,2.6425122383015056,2.7730657145026036,0.13055347620109803,1784283692.072051,1784283693.502712,1784283692.7873816,1.50970103,"[dac] CH_A set to +2.773 V (code=41854)
"
2236,142,51,2.7730657145026036,2.9036191907037026,0.13055347620109892,1784283693.50293,1784283694.937184,1784283694.220057,1.46277948,"[dac] CH_A set to +2.904 V (code=42282)
"
2237,142,52,2.9036191907037026,3.0341726669048015,0.13055347620109892,1784283694.93745,1784283696.36978,1784283695.653615,1.43328593,"[dac] CH_A set to +3.034 V (code=42710)
"
2238,142,53,3.0341726669048015,3.1647261431058995,0.13055347620109803,1784283696.3699899,1784283697.813362,1784283697.0916758,1.39842992,"[dac] CH_A set to +3.165 V (code=43137)
"
2239,142,54,3.1647261431058995,3.2952796193069984,0.13055347620109892,1784283697.8135831,1784283699.2579808,1784283698.5357819,1.34346467,"[dac] CH_A set to +3.295 V (code=43565)
"
2240,142,55,3.2952796193069984,3.4258330955080973,0.13055347620109892,1784283699.258229,1784283700.700615,1784283699.979422,1.30190557,"[dac] CH_A set to +3.426 V (code=43993)
"
2241,142,56,3.4258330955080973,3.5563865717091963,0.13055347620109892,1784283700.700806,1784283702.14121,1784283701.421008,1.24694032,"[dac] CH_A set to +3.556 V (code=44421)
"
2242,142,57,3.5563865717091963,3.686940047910295,0.13055347620109892,1784283702.141421,1784283703.5880902,1784283702.8647556,1.14773475,"[dac] CH_A set to +3.687 V (code=44849)
"
2243,142,58,3.686940047910295,3.817493524111393,0.13055347620109803,1784283703.588297,1784283705.020976,1784283704.3046365,1.0847258,"[dac] CH_A set to +3.818 V (code=45276)
"
2244,142,59,3.817493524111393,3.948047000312492,0.13055347620109892,1784283705.0211918,1784283706.447367,1784283705.7342794,1.0337824,"[dac] CH_A set to +3.948 V (code=45704)
"
2245,142,60,3.948047000312492,4.078600476513591,0.13055347620109892,1784283706.447598,1784283707.879562,1784283707.16358,1.03512302,"[dac] CH_A set to +4.079 V (code=46132)
"
2246,142,61,4.078600476513591,4.209153952714689,0.13055347620109803,1784283707.879794,1784283709.314521,1784283708.5971575,0.910445744,"[dac] CH_A set to +4.209 V (code=46560)
"
2247,142,62,4.209153952714689,4.339707428915788,0.13055347620109892,1784283709.31478,1784283710.746005,1784283710.0303926,0.893017737,"[dac] CH_A set to +4.340 V (code=46988)
"
2248,142,63,4.339707428915788,4.470260905116887,0.13055347620109892,1784283710.7462459,1784283712.163579,1784283711.4549124,0.766999847,"[dac] CH_A set to +4.470 V (code=47416)
"
2249,142,64,4.470260905116887,4.600814381317986,0.13055347620109892,1784283712.1640608,1784283713.6112158,1784283712.8876383,0.702650286,"[dac] CH_A set to +4.601 V (code=47843)
"
2250,142,65,4.600814381317986,4.731367857519085,0.13055347620109892,1784283713.611422,1784283715.0516968,1784283714.3315594,0.616850871,"[dac] CH_A set to +4.731 V (code=48271)
"
2251,142,66,4.731367857519085,4.861921333720184,0.13055347620109892,1784283715.051902,1784283716.494174,1784283715.773038,0.632938261,"[dac] CH_A set to +4.862 V (code=48699)
"
2252,142,67,4.861921333720184,4.992474809921283,0.13055347620109892,1784283716.494369,1784283717.927511,1784283717.21094,0.496195444,"[dac] CH_A set to +4.992 V (code=49127)
"
2253,142,68,4.992474809921283,5.12302828612238,0.13055347620109714,1784283717.9277692,1784283719.3710022,1784283718.6493857,0.459998816,"[dac] CH_A set to +5.123 V (code=49554)
"
2254,142,69,5.12302828612238,5.253581762323479,0.13055347620109892,1784283719.371212,1784283720.821862,1784283720.096537,0.372858785,"[dac] CH_A set to +5.254 V (code=49982)
"
2255,142,70,5.253581762323479,5.3841352385245775,0.13055347620109892,1784283720.8221061,1784283722.272322,1784283721.547214,0.292421834,"[dac] CH_A set to +5.384 V (code=50410)
"
2256,142,71,5.3841352385245775,5.5146887147256765,0.13055347620109892,1784283722.272533,1784283723.694669,1784283722.983601,0.303146761,"[dac] CH_A set to +5.515 V (code=50838)
"
2257,142,72,5.5146887147256765,5.6452421909267745,0.13055347620109803,1784283723.694871,1784283725.111268,1784283724.4030695,0.269631364,"[dac] CH_A set to +5.645 V (code=51265)
"
2258,143,0,5.514688714725676,5.449411976625126,-0.06527673810054946,1784283735.353012,1784283736.7881339,1784283736.0705729,0.244159663,"[dac] CH_A set to +5.449 V (code=50624)
"
2259,143,1,5.449411976625126,5.384135238524577,-0.06527673810054946,1784283736.788397,1784283738.226181,1784283737.507289,0.308509224,"[dac] CH_A set to +5.384 V (code=50410)
"
2260,144,0,5.514688714725676,5.384135238524577,-0.13055347620109892,1784283748.444587,1784283749.894973,1784283749.16978,0.297784297,"[dac] CH_A set to +5.384 V (code=50410)
"
2261,144,1,5.384135238524577,5.253581762323479,-0.13055347620109803,1784283749.895183,1784283751.3248,1784283750.6099916,0.344705852,"[dac] CH_A set to +5.254 V (code=49982)
"
2262,144,2,5.253581762323479,5.12302828612238,-0.13055347620109892,1784283751.325063,1784283752.760204,1784283752.0426335,0.3487277,"[dac] CH_A set to +5.123 V (code=49554)
"
2263,144,3,5.12302828612238,4.992474809921282,-0.13055347620109803,1784283752.7604291,1784283754.194838,1784283753.4776335,0.461339432,"[dac] CH_A set to +4.992 V (code=49127)
"
2264,144,4,4.992474809921282,4.861921333720183,-0.13055347620109892,1784283754.195095,1784283755.6223202,1784283754.9087076,0.518985913,"[dac] CH_A set to +4.862 V (code=48699)
"
2265,144,5,4.861921333720183,4.731367857519085,-0.13055347620109803,1784283755.622494,1784283757.0640798,1784283756.343287,0.600763481,"[dac] CH_A set to +4.731 V (code=48271)
"
2266,144,6,4.731367857519085,4.600814381317986,-0.13055347620109892,1784283757.0642629,1784283758.50209,1784283757.7831764,0.675837969,"[dac] CH_A set to +4.601 V (code=47843)
"
2267,144,7,4.600814381317986,4.470260905116888,-0.13055347620109803,1784283758.502291,1784283759.9419708,1784283759.2221308,0.709353365,"[dac] CH_A set to +4.470 V (code=47416)
"
2268,144,8,4.470260905116888,4.339707428915789,-0.13055347620109892,1784283759.942219,1784283761.372774,1784283760.6574965,0.732143835,"[dac] CH_A set to +4.340 V (code=46988)
"
2269,145,0,4.470260905116888,4.535537643217437,0.06527673810054946,1784283771.6130931,1784283773.045625,1784283772.329359,0.671816121,"[dac] CH_A set to +4.536 V (code=47629)
"
2270,145,1,4.535537643217437,4.600814381317987,0.06527673810054946,1784283773.045836,1784283774.475463,1784283773.7606494,0.628916414,"[dac] CH_A set to +4.601 V (code=47843)
"
2271,146,0,4.470260905116888,4.342038740990809,-0.128222164126079,1784283784.762244,1784283786.2023182,1784283785.4822812,0.705331518,"[dac] CH_A set to +4.342 V (code=46995)
"
2272,146,1,4.342038740990809,4.21381657686473,-0.128222164126079,1784283786.2025568,1784283787.633906,1784283786.9182315,0.809899554,"[dac] CH_A set to +4.214 V (code=46575)
"
2273,146,2,4.21381657686473,4.085594412738651,-0.128222164126079,1784283787.634149,1784283789.0773382,1784283788.3557436,0.86620542,"[dac] CH_A set to +4.086 V (code=46155)
"
2274,146,3,4.085594412738651,3.9573722486125713,-0.12822216412607945,1784283789.07759,1784283790.517211,1784283789.7974005,0.914467591,"[dac] CH_A set to +3.957 V (code=45735)
"
2275,146,4,3.9573722486125713,3.8291500844864923,-0.128222164126079,1784283790.517442,1784283791.967545,1784283791.2424936,1.00965132,"[dac] CH_A set to +3.829 V (code=45315)
"
2276,146,5,3.8291500844864923,3.7009279203604133,-0.128222164126079,1784283791.9678059,1784283793.400481,1784283792.6841435,1.05121041,"[dac] CH_A set to +3.701 V (code=44894)
"
2277,146,6,3.7009279203604133,3.5727057562343343,-0.128222164126079,1784283793.400715,1784283794.836742,1784283794.1187286,1.1182412,"[dac] CH_A set to +3.573 V (code=44474)
"
2278,146,7,3.5727057562343343,3.444483592108255,-0.12822216412607945,1784283794.8369799,1784283796.271049,1784283795.5540144,1.19599692,"[dac] CH_A set to +3.444 V (code=44054)
"
2279,146,8,3.444483592108255,3.316261427982176,-0.128222164126079,1784283796.271272,1784283797.7182121,1784283796.994742,1.2107437,"[dac] CH_A set to +3.316 V (code=43634)
"
2280,146,9,3.316261427982176,3.188039263856097,-0.128222164126079,1784283797.718421,1784283799.153209,1784283798.4358149,1.30860865,"[dac] CH_A set to +3.188 V (code=43214)
"
2281,146,10,3.188039263856097,3.059817099730018,-0.128222164126079,1784283799.1534011,1784283800.58144,1784283799.8674207,1.34480528,"[dac] CH_A set to +3.060 V (code=42794)
"
2282,146,11,3.059817099730018,2.931594935603939,-0.128222164126079,1784283800.581681,1784283802.010596,1784283801.2961385,1.42792346,"[dac] CH_A set to +2.932 V (code=42374)
"
2283,146,12,2.931594935603939,2.80337277147786,-0.128222164126079,1784283802.010796,1784283803.4540641,1784283802.73243,1.44132962,"[dac] CH_A set to +2.803 V (code=41954)
"
2284,146,13,2.80337277147786,2.675150607351781,-0.128222164126079,1784283803.454271,1784283804.8921542,1784283804.1732125,1.5070198,"[dac] CH_A set to +2.675 V (code=41533)
"
2285,146,14,2.675150607351781,2.5469284432257013,-0.12822216412607945,1784283804.8923671,1784283806.32657,1784283805.6094685,1.52846965,"[dac] CH_A set to +2.547 V (code=41113)
"
2286,146,15,2.5469284432257013,2.4187062790996223,-0.128222164126079,1784283806.326786,1784283807.7653701,1784283807.0460782,1.55528197,"[dac] CH_A set to +2.419 V (code=40693)
"
2287,146,16,2.4187062790996223,2.2904841149735433,-0.128222164126079,1784283807.765564,1784283809.206265,1784283808.4859145,1.5834349,"[dac] CH_A set to +2.290 V (code=40273)
"
2288,146,17,2.2904841149735433,2.1622619508474643,-0.128222164126079,1784283809.206493,1784283810.65999,1784283809.9332414,1.60220353,"[dac] CH_A set to +2.162 V (code=39853)
"
2289,146,18,2.1622619508474643,2.034039786721385,-0.12822216412607945,1784283810.660216,1784283812.102256,1784283811.381236,1.6759374,"[dac] CH_A set to +2.034 V (code=39432)
"
2290,146,19,2.034039786721385,1.9058176225953058,-0.128222164126079,1784283812.102463,1784283813.553261,1784283812.827862,1.63840015,"[dac] CH_A set to +1.906 V (code=39012)
"
2291,146,20,1.9058176225953058,1.7775954584692268,-0.128222164126079,1784283813.5534542,1784283814.997032,1784283814.275243,1.68800294,"[dac] CH_A set to +1.778 V (code=38592)
"
2292,146,21,1.7775954584692268,1.6493732943431478,-0.128222164126079,1784283814.997238,1784283816.437191,1784283815.7172146,1.73760573,"[dac] CH_A set to +1.649 V (code=38172)
"
2293,146,22,1.6493732943431478,1.5211511302170688,-0.128222164126079,1784283816.437384,1784283817.8703969,1784283817.1538904,1.70543095,"[dac] CH_A set to +1.521 V (code=37752)
"
2294,146,23,1.5211511302170688,1.3929289660909898,-0.128222164126079,1784283817.870635,1784283819.311616,1784283818.5911255,1.69470602,"[dac] CH_A set to +1.393 V (code=37332)
"
2295,146,24,1.3929289660909898,1.2647068019649104,-0.12822216412607945,1784283819.3118248,1784283820.761672,1784283820.0367484,1.66119062,"[dac] CH_A set to +1.265 V (code=36912)
"
2296,146,25,1.2647068019649104,1.1364846378388314,-0.128222164126079,1784283820.761881,1784283822.204231,1784283821.483056,1.68800294,"[dac] CH_A set to +1.137 V (code=36492)
"
2297,146,26,1.1364846378388314,1.0082624737127523,-0.128222164126079,1784283822.204467,1784283823.628552,1784283822.9165096,1.68800294,"[dac] CH_A set to +1.008 V (code=36071)
"
2298,146,27,1.0082624737127523,0.8800403095866733,-0.128222164126079,1784283823.628782,1784283825.0741918,1784283824.351487,1.62767523,"[dac] CH_A set to +0.880 V (code=35651)
"
2299,146,28,0.8800403095866733,0.7518181454605943,-0.128222164126079,1784283825.074388,1784283826.510752,1784283825.79257,1.62633461,"[dac] CH_A set to +0.752 V (code=35231)
"
2300,146,29,0.7518181454605943,0.6235959813345149,-0.12822216412607945,1784283826.5109582,1784283827.951669,1784283827.2313137,1.62097215,"[dac] CH_A set to +0.624 V (code=34811)
"
2301,146,30,0.6235959813345149,0.4953738172084359,-0.128222164126079,1784283827.951877,1784283829.385885,1784283828.668881,1.55528197,"[dac] CH_A set to +0.495 V (code=34391)
"
2302,146,31,0.4953738172084359,0.36715165308235687,-0.128222164126079,1784283829.3861701,1784283830.823029,1784283830.1045995,1.50165734,"[dac] CH_A set to +0.367 V (code=33971)
"
2303,146,32,0.36715165308235687,0.23892948895627786,-0.128222164126079,1784283830.8232372,1784283832.2443268,1784283831.533782,1.48422933,"[dac] CH_A set to +0.239 V (code=33550)
"
2304,146,33,0.23892948895627786,0.11070732483019885,-0.128222164126079,1784283832.2445319,1784283833.6651678,1784283832.9548497,1.4560764,"[dac] CH_A set to +0.111 V (code=33130)
"
2305,146,34,0.11070732483019885,-0.017514839295880158,-0.128222164126079,1784283833.6654668,1784283835.085751,1784283834.375609,1.45071393,"[dac] CH_A set to -0.018 V (code=32710)
"
2306,146,35,-0.017514839295880158,-0.14573700342195917,-0.128222164126079,1784283835.085969,1784283836.507512,1784283835.7967405,1.35016774,"[dac] CH_A set to -0.146 V (code=32290)
"
2307,146,36,-0.14573700342195917,-0.2739591675480382,-0.128222164126079,1784283836.5077062,1784283837.9284291,1784283837.2180676,1.28849942,"[dac] CH_A set to -0.274 V (code=31870)
"
2308,146,37,-0.2739591675480382,-0.40218133167411807,-0.1282221641260799,1784283837.92863,1784283839.352871,1784283838.6407504,1.23219355,"[dac] CH_A set to -0.402 V (code=31450)
"
2309,146,38,-0.40218133167411807,-0.5304034958001971,-0.128222164126079,1784283839.353159,1784283840.7766201,1784283840.0648894,1.16114091,"[dac] CH_A set to -0.530 V (code=31030)
"
2310,146,39,-0.5304034958001971,-0.6586256599262761,-0.128222164126079,1784283840.77683,1784283842.1936069,1784283841.4852185,1.10751627,"[dac] CH_A set to -0.659 V (code=30609)
"
2311,146,40,-0.6586256599262761,-0.7868478240523551,-0.128222164126079,1784283842.1939,1784283843.611011,1784283842.9024556,1.01099193,"[dac] CH_A set to -0.787 V (code=30189)
"
2312,146,41,-0.7868478240523551,-0.9150699881784341,-0.128222164126079,1784283843.611215,1784283845.03616,1784283844.3236876,0.992223311,"[dac] CH_A set to -0.915 V (code=29769)
"
2313,146,42,-0.9150699881784341,-1.043292152304513,-0.128222164126079,1784283845.0363631,1784283846.465555,1784283845.750959,0.911786359,"[dac] CH_A set to -1.043 V (code=29349)
"
2314,146,43,-1.043292152304513,-1.1715143164305921,-0.128222164126079,1784283846.465766,1784283847.89099,1784283847.178378,0.835371256,"[dac] CH_A set to -1.171 V (code=28929)
"
2315,146,44,-1.1715143164305921,-1.2997364805566711,-0.128222164126079,1784283847.891201,1784283849.3123982,1784283848.6017995,0.780406006,"[dac] CH_A set to -1.300 V (code=28509)
"
2316,146,45,-1.2997364805566711,-1.4279586446827501,-0.128222164126079,1784283849.312584,1784283850.7259462,1784283850.0192652,0.733484451,"[dac] CH_A set to -1.428 V (code=28088)
"
2317,146,46,-1.4279586446827501,-1.5561808088088291,-0.128222164126079,1784283850.726153,1784283852.15227,1784283851.4392114,0.670475505,"[dac] CH_A set to -1.556 V (code=27668)
"
2318,146,47,-1.5561808088088291,-1.6844029729349081,-0.128222164126079,1784283852.1524942,1784283853.571774,1784283852.862134,0.602104097,"[dac] CH_A set to -1.684 V (code=27248)
"
2319,146,48,-1.6844029729349081,-1.812625137060988,-0.1282221641260799,1784283853.571959,1784283854.9967349,1784283854.284347,0.545798231,"[dac] CH_A set to -1.813 V (code=26828)
"
2320,146,49,-1.812625137060988,-1.940847301187067,-0.128222164126079,1784283854.996955,1784283856.421401,1784283855.709178,0.4586582,"[dac] CH_A set to -1.941 V (code=26408)
"
2321,146,50,-1.940847301187067,-2.069069465313146,-0.128222164126079,1784283856.421609,1784283857.8392699,1784283857.1304393,0.431845883,"[dac] CH_A set to -2.069 V (code=25988)
"
2322,146,51,-2.069069465313146,-2.197291629439225,-0.128222164126079,1784283857.839502,1784283859.256566,1784283858.5480342,0.372858785,"[dac] CH_A set to -2.197 V (code=25567)
"
2323,146,52,-2.197291629439225,-2.325513793565304,-0.128222164126079,1784283859.2568178,1784283860.681525,1784283859.9691715,0.303146761,"[dac] CH_A set to -2.326 V (code=25147)
"
2324,146,53,-2.325513793565304,-2.453735957691383,-0.128222164126079,1784283860.681789,1784283862.103471,1784283861.39263,0.284378139,"[dac] CH_A set to -2.454 V (code=24727)
"
2325,146,54,-2.453735957691383,-2.581958121817462,-0.128222164126079,1784283862.103692,1784283863.5296059,1784283862.816649,0.218687962,"[dac] CH_A set to -2.582 V (code=24307)
"
2326,146,55,-2.581958121817462,-2.710180285943541,-0.128222164126079,1784283863.52987,1784283864.9486458,1784283864.2392578,0.19321626,"[dac] CH_A set to -2.710 V (code=23887)
"
2327,147,0,-2.84073376214464,-2.9060105002451895,-0.06527673810054946,1784283875.09044,1784283876.5115619,1784283875.801001,0.146294705,"[dac] CH_A set to -2.906 V (code=23245)
"
2328,147,1,-2.9060105002451895,-2.971287238345739,-0.06527673810054946,1784283876.511785,1784283877.938432,1784283877.2251086,0.131547931,"[dac] CH_A set to -2.971 V (code=23031)
"
2329,148,0,-2.84073376214464,-2.7101802859435415,0.13055347620109847,1784283888.0749671,1784283889.500533,1784283888.7877502,0.157019632,"[dac] CH_A set to -2.710 V (code=23887)
"
2330,148,1,-2.7101802859435415,-2.5796268097424426,0.13055347620109892,1784283889.500791,1784283890.916682,1784283890.2087364,0.175788254,"[dac] CH_A set to -2.580 V (code=24315)
"
2331,148,2,-2.5796268097424426,-2.449073333541344,0.13055347620109847,1784283890.9169102,1784283892.341534,1784283891.629222,0.211984882,"[dac] CH_A set to -2.449 V (code=24742)
"
2332,148,3,-2.449073333541344,-2.3185198573402457,0.13055347620109847,1784283892.341722,1784283893.762131,1784283893.0519266,0.305827992,"[dac] CH_A set to -2.319 V (code=25170)
"
2333,148,4,-2.3185198573402457,-2.187966381139147,0.13055347620109847,1784283893.7623382,1784283895.188554,1784283894.4754462,0.340684005,"[dac] CH_A set to -2.188 V (code=25598)
"
2334,148,5,-2.187966381139147,-2.0574129049380483,0.13055347620109892,1784283895.188752,1784283896.609178,1784283895.898965,0.402352334,"[dac] CH_A set to -2.057 V (code=26026)
"
2335,149,0,-1.9268594287369494,-1.8615826906364,0.06527673810054946,1784283906.733621,1784283908.158633,1784283907.446127,0.465361279,"[dac] CH_A set to -1.862 V (code=26668)
"
2336,149,1,-1.8615826906364,-1.7963059525358505,0.06527673810054946,1784283908.158824,1784283909.583622,1784283908.871223,0.49083298,"[dac] CH_A set to -1.796 V (code=26881)
"
2337,150,0,-1.9268594287369494,-1.7992730769949665,0.12758635174198285,1784283919.708735,1784283921.130975,1784283920.419855,0.510942218,"[dac] CH_A set to -1.799 V (code=26872)
"
2338,150,1,-1.7992730769949665,-1.6716867252529837,0.12758635174198285,1784283921.13121,1784283922.555564,1784283921.8433871,0.543116999,"[dac] CH_A set to -1.672 V (code=27290)
"
2339,150,2,-1.6716867252529837,-1.544100373511001,0.12758635174198263,1784283922.555794,1784283923.98057,1784283923.268182,0.634278877,"[dac] CH_A set to -1.544 V (code=27708)
"
2340,150,3,-1.544100373511001,-1.416514021769018,0.12758635174198307,1784283923.980822,1784283925.40153,1784283924.691176,0.651706883,"[dac] CH_A set to -1.416 V (code=28126)
"
2341,150,4,-1.416514021769018,-1.2889276700270353,0.12758635174198263,1784283925.40174,1784283926.8251479,1784283926.1134439,0.744209377,"[dac] CH_A set to -1.289 V (code=28544)
"
2342,150,5,-1.2889276700270353,-1.1613413182850525,0.12758635174198285,1784283926.825432,1784283928.2473128,1784283927.5363724,0.797834012,"[dac] CH_A set to -1.161 V (code=28962)
"
2343,150,6,-1.1613413182850525,-1.0337549665430696,0.12758635174198285,1784283928.247519,1784283929.665149,1784283928.956334,0.86620542,"[dac] CH_A set to -1.034 V (code=29380)
"
2344,150,7,-1.0337549665430696,-0.9061686148010868,0.12758635174198285,1784283929.665389,1784283931.092164,1784283930.3787766,0.915808207,"[dac] CH_A set to -0.906 V (code=29798)
"
2345,150,8,-0.9061686148010868,-0.7785822630591039,0.12758635174198285,1784283931.092366,1784283932.516246,1784283931.804306,0.977476536,"[dac] CH_A set to -0.779 V (code=30216)
"
2346,150,9,-0.7785822630591039,-0.6509959113171211,0.12758635174198285,1784283932.516466,1784283933.934588,1784283933.2255268,1.01367316,"[dac] CH_A set to -0.651 V (code=30634)
"
2347,150,10,-0.6509959113171211,-0.5234095595751382,0.12758635174198285,1784283933.934807,1784283935.3582149,1784283934.646511,1.07936334,"[dac] CH_A set to -0.523 V (code=31052)
"
2348,150,11,-0.5234095595751382,-0.3958232078331556,0.12758635174198263,1784283935.35845,1784283936.7795682,1784283936.069009,1.15041598,"[dac] CH_A set to -0.396 V (code=31471)
"
2349,150,12,-0.3958232078331556,-0.26823685609117276,0.12758635174198285,1784283936.779773,1784283938.19784,1784283937.4888065,1.21610616,"[dac] CH_A set to -0.268 V (code=31889)
"
2350,150,13,-0.26823685609117276,-0.1406505043491899,0.12758635174198285,1784283938.19806,1784283939.61806,1784283938.90806,1.2616871,"[dac] CH_A set to -0.141 V (code=32306)
"
2351,150,14,-0.1406505043491899,-0.013064152607207058,0.12758635174198285,1784283939.6182861,1784283941.034174,1784283940.32623,1.32737727,"[dac] CH_A set to -0.013 V (code=32725)
"
2352,150,15,-0.013064152607207058,0.11452219913477579,0.12758635174198285,1784283941.034393,1784283942.453759,1784283941.744076,1.3890456,"[dac] CH_A set to +0.115 V (code=33143)
"
2353,150,16,0.11452219913477579,0.24210855087675842,0.12758635174198263,1784283942.453977,1784283943.873685,1784283943.163831,1.43730778,"[dac] CH_A set to +0.242 V (code=33561)
"
2354,150,17,0.24210855087675842,0.3696949026187415,0.12758635174198307,1784283943.8739378,1784283945.294112,1784283944.584025,1.48020748,"[dac] CH_A set to +0.370 V (code=33979)
"
2355,150,18,0.3696949026187415,0.4972812543607241,0.12758635174198263,1784283945.294346,1784283946.7196128,1784283946.0069795,1.49361364,"[dac] CH_A set to +0.497 V (code=34397)
"
2356,150,19,0.4972812543607241,0.6248676061027072,0.12758635174198307,1784283946.71982,1784283948.134283,1784283947.4270515,1.51908534,"[dac] CH_A set to +0.625 V (code=34815)
"
2357,150,20,0.6248676061027072,0.7524539578446898,0.12758635174198263,1784283948.1344619,1784283949.5473762,1784283948.840919,1.59281921,"[dac] CH_A set to +0.752 V (code=35233)
"
2358,150,21,0.7524539578446898,0.8800403095866729,0.12758635174198307,1784283949.547578,1784283950.971966,1784283950.259772,1.60220353,"[dac] CH_A set to +0.880 V (code=35651)
"
2359,150,22,0.8800403095866729,1.0076266613286555,0.12758635174198263,1784283950.9721699,1784283952.3935301,1784283951.68285,1.66253124,"[dac] CH_A set to +1.008 V (code=36069)
"
2360,150,23,1.0076266613286555,1.1352130130706382,0.12758635174198263,1784283952.393733,1784283953.818912,1784283953.1063225,1.66521247,"[dac] CH_A set to +1.135 V (code=36487)
"
2361,150,24,1.1352130130706382,1.2627993648126212,0.12758635174198307,1784283953.819135,1784283955.243445,1784283954.53129,1.6759374,"[dac] CH_A set to +1.263 V (code=36905)
"
2362,150,25,1.2627993648126212,1.3903857165546039,0.12758635174198263,1784283955.2436638,1784283956.66758,1784283955.9556217,1.69738725,"[dac] CH_A set to +1.390 V (code=37323)
"
2363,150,26,1.3903857165546039,1.517972068296587,0.12758635174198307,1784283956.6677608,1784283958.094115,1784283957.380938,1.6759374,"[dac] CH_A set to +1.518 V (code=37742)
"
2364,150,27,1.517972068296587,1.6455584200385696,0.12758635174198263,1784283958.094353,1784283959.51667,1784283958.8055115,1.68398109,"[dac] CH_A set to +1.646 V (code=38160)
"
2365,150,28,1.6455584200385696,1.7731447717805526,0.12758635174198307,1784283959.516899,1784283960.938495,1784283960.227697,1.71079341,"[dac] CH_A set to +1.773 V (code=38578)
"
2366,150,29,1.7731447717805526,1.9007311235225353,0.12758635174198263,1784283960.9387178,1784283962.3644989,1784283961.6516085,1.67861863,"[dac] CH_A set to +1.901 V (code=38996)
"
2367,150,30,1.9007311235225353,2.0283174752645183,0.12758635174198307,1784283962.364713,1784283963.787053,1784283963.075883,1.64510323,"[dac] CH_A set to +2.028 V (code=39414)
"
2368,150,31,2.0283174752645183,2.155903827006501,0.12758635174198263,1784283963.7872581,1784283965.214123,1784283964.5006905,1.65850939,"[dac] CH_A set to +2.156 V (code=39832)
"
2369,150,32,2.155903827006501,2.283490178748484,0.12758635174198307,1784283965.2143402,1784283966.632054,1784283965.9231973,1.62767523,"[dac] CH_A set to +2.283 V (code=40250)
"
2370,150,33,2.283490178748484,2.411076530490466,0.12758635174198218,1784283966.6323059,1784283968.05762,1784283967.344963,1.58209429,"[dac] CH_A set to +2.411 V (code=40668)
"
2371,150,34,2.411076530490466,2.5386628822324493,0.12758635174198307,1784283968.057835,1784283969.4768739,1784283968.7673545,1.59952229,"[dac] CH_A set to +2.539 V (code=41086)
"
2372,150,35,2.5386628822324493,2.6662492339744324,0.12758635174198307,1784283969.4770958,1784283970.901886,1784283970.1894908,1.53919458,"[dac] CH_A set to +2.666 V (code=41504)
"
2373,150,36,2.6662492339744324,2.7938355857164154,0.12758635174198307,1784283970.902092,1784283972.322561,1784283971.6123266,1.54455704,"[dac] CH_A set to +2.794 V (code=41922)
"
2374,150,37,2.7938355857164154,2.9214219374583976,0.12758635174198218,1784283972.322765,1784283973.7473438,1784283973.0350544,1.49495426,"[dac] CH_A set to +2.921 V (code=42340)
"
2375,150,38,2.9214219374583976,3.0490082892003807,0.12758635174198307,1784283973.747552,1784283975.176973,1784283974.4622626,1.43194531,"[dac] CH_A set to +3.049 V (code=42758)
"
2376,150,39,3.0490082892003807,3.1765946409423638,0.12758635174198307,1784283975.1771882,1784283976.601898,1784283975.889543,1.36223329,"[dac] CH_A set to +3.177 V (code=43176)
"
2377,150,40,3.1765946409423638,3.304180992684346,0.12758635174198218,1784283976.602091,1784283978.025627,1784283977.313859,1.34346467,"[dac] CH_A set to +3.304 V (code=43595)
"
2378,150,41,3.304180992684346,3.431767344426329,0.12758635174198307,1784283978.025824,1784283979.449922,1784283978.737873,1.24425909,"[dac] CH_A set to +3.432 V (code=44013)
"
2379,150,42,3.431767344426329,3.559353696168312,0.12758635174198307,1784283979.450111,1784283980.8794959,1784283980.1648035,1.16248152,"[dac] CH_A set to +3.559 V (code=44431)
"
2380,150,43,3.559353696168312,3.686940047910295,0.12758635174198307,1784283980.8797262,1784283982.304518,1784283981.592122,1.1262849,"[dac] CH_A set to +3.687 V (code=44849)
"
2381,151,0,3.5563865717091963,3.491109833608647,-0.06527673810054946,1784283992.433271,1784283993.860356,1784283993.1468134,1.23487478,"[dac] CH_A set to +3.491 V (code=44207)
"
2382,151,1,3.491109833608647,3.4258330955080973,-0.06527673810054946,1784283993.8605828,1784283995.2795782,1784283994.5700805,1.2536434,"[dac] CH_A set to +3.426 V (code=43993)
"
2383,152,0,3.5563865717091963,3.4388884431282074,-0.11749812858098885,1784284005.4185169,1784284006.834236,1784284006.1263764,1.25096217,"[dac] CH_A set to +3.439 V (code=44036)
"
2384,152,1,3.4388884431282074,3.3213903145472186,-0.11749812858098885,1784284006.8344672,1784284008.262317,1784284007.548392,1.25632463,"[dac] CH_A set to +3.321 V (code=43651)
"
2385,152,2,3.3213903145472186,3.2038921859662297,-0.11749812858098885,1784284008.262541,1784284009.684045,1784284008.973293,1.30860865,"[dac] CH_A set to +3.204 V (code=43266)
"
2386,152,3,3.2038921859662297,3.086394057385241,-0.11749812858098885,1784284009.684306,1784284011.1140218,1784284010.3991637,1.3635739,"[dac] CH_A set to +3.086 V (code=42881)
"
2387,152,4,3.086394057385241,2.968895928804252,-0.11749812858098885,1784284011.114228,1784284012.541089,1784284011.8276587,1.44535147,"[dac] CH_A set to +2.969 V (code=42496)
"
2388,152,5,2.968895928804252,2.851397800223263,-0.11749812858098885,1784284012.5413609,1784284013.964447,1784284013.252904,1.42658285,"[dac] CH_A set to +2.851 V (code=42111)
"
2389,152,6,2.851397800223263,2.7338996716422743,-0.11749812858098885,1784284013.9646652,1784284015.384289,1784284014.674477,1.47886687,"[dac] CH_A set to +2.734 V (code=41726)
"
2390,152,7,2.7338996716422743,2.6164015430612855,-0.11749812858098885,1784284015.384508,1784284016.812406,1784284016.0984569,1.51908534,"[dac] CH_A set to +2.616 V (code=41341)
"
2391,152,8,2.6164015430612855,2.4989034144802966,-0.11749812858098885,1784284016.812596,1784284018.235546,1784284017.5240712,1.5834349,"[dac] CH_A set to +2.499 V (code=40956)
"
2392,152,9,2.4989034144802966,2.3814052858993078,-0.11749812858098885,1784284018.235732,1784284019.663701,1784284018.9497166,1.56198505,"[dac] CH_A set to +2.381 V (code=40571)
"
2393,153,0,2.5119587621004067,2.577235500200956,0.06527673810054946,1784284029.8090649,1784284031.223857,1784284030.516461,1.54857889,"[dac] CH_A set to +2.577 V (code=41212)
"
2394,153,1,2.577235500200956,2.6425122383015056,0.06527673810054946,1784284031.224084,1784284032.649212,1784284031.936648,1.50836042,"[dac] CH_A set to +2.642 V (code=41426)
"
2395,154,0,2.5119587621004067,2.3814052858993078,-0.13055347620109892,1784284042.789929,1784284044.2088692,1784284043.4993992,1.65582816,"[dac] CH_A set to +2.381 V (code=40571)
"
2396,154,1,2.3814052858993078,2.2508518096982093,-0.13055347620109847,1784284044.209089,1784284045.632277,1784284044.920683,1.63974077,"[dac] CH_A set to +2.251 V (code=40143)
"
2397,154,2,2.2508518096982093,2.120298333497111,-0.13055347620109847,1784284045.6325161,1784284047.055789,1784284046.3441525,1.65314693,"[dac] CH_A set to +2.120 V (code=39715)
"
2398,154,3,2.120298333497111,1.989744857296012,-0.13055347620109892,1784284047.0559711,1784284048.483799,1784284047.769885,1.71347464,"[dac] CH_A set to +1.990 V (code=39287)
"
2399,154,4,1.989744857296012,1.8591913810949132,-0.1305534762010987,1784284048.4840121,1784284049.908851,1784284049.1964316,1.72017772,"[dac] CH_A set to +1.859 V (code=38860)
"
2400,154,5,1.8591913810949132,1.7286379048938145,-0.1305534762010987,1784284049.909066,1784284051.329704,1784284050.619385,1.68398109,"[dac] CH_A set to +1.729 V (code=38432)
"
2401,154,6,1.7286379048938145,1.5980844286927158,-0.1305534762010987,1784284051.329909,1784284052.7450612,1784284052.0374851,1.69068417,"[dac] CH_A set to +1.598 V (code=38004)
"
2402,154,7,1.5980844286927158,1.4675309524916171,-0.1305534762010987,1784284052.745269,1784284054.164321,1784284053.454795,1.70543095,"[dac] CH_A set to +1.467 V (code=37576)
"
2403,154,8,1.4675309524916171,1.3369774762905184,-0.1305534762010987,1784284054.164496,1784284055.587978,1784284054.876237,1.71347464,"[dac] CH_A set to +1.337 V (code=37149)
"
2404,154,9,1.3369774762905184,1.2064240000894197,-0.1305534762010987,1784284055.588214,1784284057.007808,1784284056.2980108,1.66521247,"[dac] CH_A set to +1.206 V (code=36721)
"
2405,154,10,1.2064240000894197,1.075870523888321,-0.1305534762010987,1784284057.008024,1784284058.435005,1784284057.7215145,1.68129986,"[dac] CH_A set to +1.076 V (code=36293)
"
2406,154,11,1.075870523888321,0.9453170476872224,-0.1305534762010987,1784284058.435221,1784284059.855078,1784284059.1451495,1.62767523,"[dac] CH_A set to +0.945 V (code=35865)
"
2407,154,12,0.9453170476872224,0.8147635714861237,-0.1305534762010987,1784284059.8552918,1784284061.273026,1784284060.564159,1.62365338,"[dac] CH_A set to +0.815 V (code=35437)
"
2408,154,13,0.8147635714861237,0.684210095285025,-0.1305534762010987,1784284061.273244,1784284062.699245,1784284061.9862444,1.6089066,"[dac] CH_A set to +0.684 V (code=35009)
"
2409,154,14,0.684210095285025,0.5536566190839263,-0.1305534762010987,1784284062.699481,1784284064.119503,1784284063.409492,1.56734751,"[dac] CH_A set to +0.554 V (code=34582)
"
2410,154,15,0.5536566190839263,0.4231031428828276,-0.1305534762010987,1784284064.119696,1784284065.5411,1784284064.830398,1.54187581,"[dac] CH_A set to +0.423 V (code=34154)
"
2411,154,16,0.4231031428828276,0.29254966668172866,-0.13055347620109892,1784284065.5413089,1784284066.96484,1784284066.2530744,1.51506349,"[dac] CH_A set to +0.292 V (code=33726)
"
2412,154,17,0.29254966668172866,0.1619961904806302,-0.13055347620109847,1784284066.965118,1784284068.390939,1784284067.6780286,1.45339517,"[dac] CH_A set to +0.162 V (code=33298)
"
2413,154,18,0.1619961904806302,0.031442714279531714,-0.13055347620109847,1784284068.39118,1784284069.814879,1784284069.1030295,1.3890456,"[dac] CH_A set to +0.031 V (code=32870)
"
2414,154,19,0.031442714279531714,-0.0991107619215672,-0.13055347620109892,1784284069.815142,1784284071.2331362,1784284070.524139,1.35553021,"[dac] CH_A set to -0.099 V (code=32443)
"
2415,154,20,-0.0991107619215672,-0.22966423812266612,-0.13055347620109892,1784284071.233354,1784284072.653383,1784284071.9433684,1.28179634,"[dac] CH_A set to -0.230 V (code=32015)
"
2416,154,21,-0.22966423812266612,-0.3602177143237646,-0.13055347620109847,1784284072.653613,1784284074.07649,1784284073.3650515,1.18661261,"[dac] CH_A set to -0.360 V (code=31587)
"
2417,154,22,-0.3602177143237646,-0.49077119052486307,-0.13055347620109847,1784284074.076708,1784284075.505731,1784284074.7912197,1.18661261,"[dac] CH_A set to -0.491 V (code=31159)
"
2418,154,23,-0.49077119052486307,-0.621324666725962,-0.13055347620109892,1784284075.5059378,1784284076.928488,1784284076.217213,1.11555997,"[dac] CH_A set to -0.621 V (code=30732)
"
2419,154,24,-0.621324666725962,-0.7518781429270609,-0.13055347620109892,1784284076.9286752,1784284078.348696,1784284077.6386857,1.05791349,"[dac] CH_A set to -0.752 V (code=30304)
"
2420,155,0,-0.8824316191281598,-0.9477083572287093,-0.06527673810054946,1784284088.483357,1784284089.9036329,1784284089.1934948,0.942620524,"[dac] CH_A set to -0.948 V (code=29662)
"
2421,155,1,-0.9477083572287093,-1.0129850953292587,-0.06527673810054946,1784284089.90384,1784284091.32866,1784284090.61625,0.903742664,"[dac] CH_A set to -1.013 V (code=29448)
"
2422,156,0,-0.8824316191281598,-0.9912261826290755,-0.10879456350091565,1784284101.46898,1784284102.8908072,1784284102.1798935,0.909105128,"[dac] CH_A set to -0.991 V (code=29520)
"
2423,156,1,-0.9912261826290755,-1.1000207461299911,-0.10879456350091565,1784284102.8910809,1784284104.3175218,1784284103.6043015,0.844755567,"[dac] CH_A set to -1.100 V (code=29163)
"
2424,156,2,-1.1000207461299911,-1.2088153096309067,-0.10879456350091554,1784284104.319243,1784284105.7429771,1784284105.03111,0.820624481,"[dac] CH_A set to -1.209 V (code=28807)
"
2425,156,3,-1.2088153096309067,-1.3176098731318222,-0.10879456350091554,1784284105.743168,1784284107.1699672,1784284106.4565678,0.726781371,"[dac] CH_A set to -1.318 V (code=28450)
"
2426,156,4,-1.3176098731318222,-1.4264044366327377,-0.10879456350091554,1784284107.170188,1784284108.5953689,1784284107.8827784,0.693265975,"[dac] CH_A set to -1.426 V (code=28094)
"
2427,156,5,-1.4264044366327377,-1.5351990001336535,-0.10879456350091576,1784284108.5955782,1784284110.0148811,1784284109.3052297,0.616850871,"[dac] CH_A set to -1.535 V (code=27737)
"
2428,157,0,-1.4046455239325546,-1.3393687858320051,0.06527673810054946,1784284120.3054972,1784284121.7320802,1784284121.0187888,0.729462603,"[dac] CH_A set to -1.339 V (code=28379)
"
2429,157,1,-1.3393687858320051,-1.2740920477314557,0.06527673810054946,1784284121.73232,1784284123.157116,1784284122.444718,0.744209377,"[dac] CH_A set to -1.274 V (code=28593)
"
2430,158,0,-1.4046455239325546,-1.2777185331814864,0.12692699075106817,1784284133.3131452,1784284134.760812,1784284134.0369787,0.764318615,"[dac] CH_A set to -1.278 V (code=28581)
"
2431,158,1,-1.2777185331814864,-1.1507915424304183,0.12692699075106817,1784284134.7610428,1784284136.1868339,1784284135.4739385,0.838052487,"[dac] CH_A set to -1.151 V (code=28997)
"
2432,158,2,-1.1507915424304183,-1.0238645516793499,0.1269269907510684,1784284136.1870341,1784284137.6330361,1784284136.9100351,0.875589731,"[dac] CH_A set to -1.024 V (code=29412)
"
2433,158,3,-1.0238645516793499,-0.8969375609282818,0.12692699075106806,1784284137.633288,1784284139.062598,1784284138.3479428,0.957367299,"[dac] CH_A set to -0.897 V (code=29829)
"
2434,158,4,-0.8969375609282818,-0.7700105701772136,0.12692699075106817,1784284139.0627992,1784284140.511426,1784284139.7871127,0.985520232,"[dac] CH_A set to -0.770 V (code=30244)
"
2435,158,5,-0.7700105701772136,-0.6430835794261454,0.12692699075106828,1784284140.511648,1784284141.9541,1784284141.232874,1.05791349,"[dac] CH_A set to -0.643 V (code=30660)
"
2436,158,6,-0.6430835794261454,-0.5161565886750772,0.12692699075106817,1784284141.95437,1784284143.3950698,1784284142.6747198,1.15845968,"[dac] CH_A set to -0.516 V (code=31076)
"
2437,158,7,-0.5161565886750772,-0.389229597924009,0.12692699075106817,1784284143.395404,1784284144.831657,1784284144.1135306,1.18795323,"[dac] CH_A set to -0.389 V (code=31492)
"
2438,158,8,-0.389229597924009,-0.26230260717294085,0.12692699075106817,1784284144.831894,1784284146.2712781,1784284145.5515862,1.2107437,"[dac] CH_A set to -0.262 V (code=31908)
"
2439,158,9,-0.26230260717294085,-0.13537561642187268,0.12692699075106817,1784284146.271477,1784284147.721335,1784284146.996406,1.26973079,"[dac] CH_A set to -0.135 V (code=32324)
"
2440,158,10,-0.13537561642187268,-0.00844862567080451,0.12692699075106817,1784284147.7215528,1784284149.151774,1784284148.4366634,1.26973079,"[dac] CH_A set to -0.008 V (code=32740)
"
2441,158,11,-0.00844862567080451,0.11847836508026388,0.1269269907510684,1784284149.1520379,1784284150.5852532,1784284149.8686457,1.38100191,"[dac] CH_A set to +0.119 V (code=33156)
"
2442,158,12,0.11847836508026388,0.24540535583133205,0.12692699075106817,1784284150.585482,1784284152.032916,1784284151.3091989,1.42926408,"[dac] CH_A set to +0.245 V (code=33572)
"
2443,158,13,0.24540535583133205,0.3723323465824002,0.12692699075106817,1784284152.033141,1784284153.4763908,1784284152.754766,1.4560764,"[dac] CH_A set to +0.372 V (code=33987)
"
2444,158,14,0.3723323465824002,0.4992593373334684,0.12692699075106817,1784284153.476681,1784284154.924308,1784284154.2004945,1.50970103,"[dac] CH_A set to +0.499 V (code=34404)
"
2445,158,15,0.4992593373334684,0.6261863280845366,0.12692699075106817,1784284154.924572,1784284156.361372,1784284155.642972,1.55930382,"[dac] CH_A set to +0.626 V (code=34819)
"
2446,158,16,0.6261863280845366,0.753113318835605,0.1269269907510684,1784284156.361593,1784284157.801791,1784284157.081692,1.58209429,"[dac] CH_A set to +0.753 V (code=35235)
"
2447,158,17,0.753113318835605,0.8800403095866729,0.12692699075106795,1784284157.802094,1784284159.238299,1784284158.5201964,1.64644385,"[dac] CH_A set to +0.880 V (code=35651)
"
2448,158,18,0.8800403095866729,1.0069673003377413,0.1269269907510684,1784284159.238595,1784284160.670414,1784284159.9545045,1.64108139,"[dac] CH_A set to +1.007 V (code=36067)
"
2449,158,19,1.0069673003377413,1.1338942910888092,0.12692699075106795,1784284160.670604,1784284162.1126862,1784284161.391645,1.6933654,"[dac] CH_A set to +1.134 V (code=36483)
"
2450,158,20,1.1338942910888092,1.2608212818398776,0.1269269907510684,1784284162.112921,1784284163.546452,1784284162.8296866,1.68666232,"[dac] CH_A set to +1.261 V (code=36899)
"
2451,158,21,1.2608212818398776,1.3877482725909456,0.12692699075106795,1784284163.546675,1784284164.9828448,1784284164.26476,1.69470602,"[dac] CH_A set to +1.388 V (code=37315)
"
2452,158,22,1.3877482725909456,1.514675263342014,0.1269269907510684,1784284164.9830751,1784284166.421532,1784284165.7023034,1.68800294,"[dac] CH_A set to +1.515 V (code=37731)
"
2453,158,23,1.514675263342014,1.6416022540930824,0.1269269907510684,1784284166.421833,1784284167.863245,1784284167.142539,1.72956203,"[dac] CH_A set to +1.642 V (code=38147)
"
2454,158,24,1.6416022540930824,1.7685292448441503,0.12692699075106795,1784284167.8634398,1784284169.30127,1784284168.582355,1.74699004,"[dac] CH_A set to +1.768 V (code=38562)
"
2455,158,25,1.7685292448441503,1.8954562355952187,0.1269269907510684,1784284169.3015208,1784284170.737365,1784284170.019443,1.65985001,"[dac] CH_A set to +1.895 V (code=38979)
"
2456,158,26,1.8954562355952187,2.0223832263462866,0.12692699075106795,1784284170.7376058,1784284172.168604,1784284171.453105,1.69068417,"[dac] CH_A set to +2.022 V (code=39394)
"
2457,158,27,2.0223832263462866,2.149310217097355,0.1269269907510684,1784284172.168923,1784284173.599653,1784284172.8842878,1.66253124,"[dac] CH_A set to +2.149 V (code=39810)
"
2458,158,28,2.149310217097355,2.276237207848423,0.12692699075106795,1784284173.59987,1784284175.0296562,1784284174.314763,1.63974077,"[dac] CH_A set to +2.276 V (code=40226)
"
2459,158,29,2.276237207848423,2.4031641985994914,0.1269269907510684,1784284175.029841,1784284176.469054,1784284175.7494473,1.59952229,"[dac] CH_A set to +2.403 V (code=40642)
"
2460,158,30,2.4031641985994914,2.5300911893505593,0.12692699075106795,1784284176.469291,1784284177.9052842,1784284177.1872876,1.59013798,"[dac] CH_A set to +2.530 V (code=41058)
"
2461,158,31,2.5300911893505593,2.6570181801016277,0.1269269907510684,1784284177.905503,1784284179.3300748,1784284178.6177888,1.52712904,"[dac] CH_A set to +2.657 V (code=41474)
"
2462,158,32,2.6570181801016277,2.7839451708526957,0.12692699075106795,1784284179.330352,1784284180.7798111,1784284180.0550816,1.50299795,"[dac] CH_A set to +2.784 V (code=41890)
"
2463,158,33,2.7839451708526957,2.9108721616037645,0.12692699075106884,1784284180.7800488,1784284182.2237592,1784284181.501904,1.47618564,"[dac] CH_A set to +2.911 V (code=42306)
"
2464,158,34,2.9108721616037645,3.0377991523548324,0.12692699075106795,1784284182.223955,1784284183.663672,1784284182.9438133,1.41853915,"[dac] CH_A set to +3.038 V (code=42722)
"
2465,158,35,3.0377991523548324,3.1647261431059004,0.12692699075106795,1784284183.663866,1784284185.094211,1784284184.3790386,1.36893637,"[dac] CH_A set to +3.165 V (code=43137)
"
2466,159,0,3.0341726669048015,2.968895928804252,-0.06527673810054946,1784284195.296098,1784284196.742929,1784284196.0195136,1.43596716,"[dac] CH_A set to +2.969 V (code=42496)
"
2467,159,1,2.968895928804252,2.9036191907037026,-0.06527673810054946,1784284196.74312,1784284198.172231,1784284197.4576755,1.43194531,"[dac] CH_A set to +2.904 V (code=42282)
"
2468,160,0,3.0341726669048015,2.9104904262932343,-0.12368224061156718,1784284208.424736,1784284209.863859,1784284209.1442976,1.44535147,"[dac] CH_A set to +2.911 V (code=42304)
"
2469,160,1,2.9104904262932343,2.786808185681667,-0.12368224061156718,1784284209.86405,1784284211.290807,1784284210.5774283,1.48825118,"[dac] CH_A set to +2.787 V (code=41899)
"
2470,160,2,2.786808185681667,2.6631259450701,-0.12368224061156718,1784284211.291033,1784284212.728705,1784284212.009869,1.54589766,"[dac] CH_A set to +2.663 V (code=41494)
"
2471,160,3,2.6631259450701,2.5394437044585327,-0.12368224061156718,1784284212.728943,1784284214.171956,1784284213.4504495,1.54455704,"[dac] CH_A set to +2.539 V (code=41088)
"
2472,160,4,2.5394437044585327,2.4157614638469656,-0.12368224061156718,1784284214.172155,1784284215.6211689,1784284214.8966618,1.59684106,"[dac] CH_A set to +2.416 V (code=40683)
"
2473,160,5,2.4157614638469656,2.2920792232353984,-0.12368224061156718,1784284215.621373,1784284217.0627542,1784284216.3420634,1.59684106,"[dac] CH_A set to +2.292 V (code=40278)
"
2474,160,6,2.2920792232353984,2.1683969826238307,-0.12368224061156763,1784284217.0629818,1784284218.505312,1784284217.7841468,1.61292845,"[dac] CH_A set to +2.168 V (code=39873)
"
2475,160,7,2.1683969826238307,2.044714742012264,-0.12368224061156674,1784284218.505524,1784284219.9384289,1784284219.2219763,1.63974077,"[dac] CH_A set to +2.045 V (code=39467)
"
2476,160,8,2.044714742012264,1.9210325014006966,-0.1236822406115674,1784284219.938682,1784284221.3620648,1784284220.6503735,1.68934356,"[dac] CH_A set to +1.921 V (code=39062)
"
2477,160,9,1.9210325014006966,1.7973502607891294,-0.12368224061156718,1784284221.362268,1784284222.804218,1784284222.083243,1.64644385,"[dac] CH_A set to +1.797 V (code=38657)
"
2478,160,10,1.7973502607891294,1.6736680201775622,-0.12368224061156718,1784284222.8044128,1784284224.233907,1784284223.5191598,1.7349245,"[dac] CH_A set to +1.674 V (code=38252)
"
2479,160,11,1.6736680201775622,1.5499857795659948,-0.1236822406115674,1784284224.2341251,1784284225.680752,1784284224.9574385,1.70945279,"[dac] CH_A set to +1.550 V (code=37846)
"
2480,160,12,1.5499857795659948,1.4263035389544276,-0.12368224061156718,1784284225.6809568,1784284227.12309,1784284226.4020233,1.70006848,"[dac] CH_A set to +1.426 V (code=37441)
"
2481,160,13,1.4263035389544276,1.3026212983428604,-0.12368224061156718,1784284227.123318,1784284228.5472991,1784284227.8353086,1.69604664,"[dac] CH_A set to +1.303 V (code=37036)
"
2482,160,14,1.3026212983428604,1.1789390577312933,-0.12368224061156718,1784284228.547492,1784284229.9872708,1784284229.2673814,1.68129986,"[dac] CH_A set to +1.179 V (code=36630)
"
2483,160,15,1.1789390577312933,1.055256817119726,-0.12368224061156718,1784284229.9874969,1784284231.413671,1784284230.700584,1.68398109,"[dac] CH_A set to +1.055 V (code=36225)
"
2484,160,16,1.055256817119726,0.9315745765081589,-0.12368224061156718,1784284231.413913,1784284232.834914,1784284232.1244135,1.6678937,"[dac] CH_A set to +0.932 V (code=35820)
"
2485,160,17,0.9315745765081589,0.8078923358965917,-0.12368224061156718,1784284232.835184,1784284234.270508,1784284233.552846,1.70811218,"[dac] CH_A set to +0.808 V (code=35415)
"
2486,160,18,0.8078923358965917,0.6842100952850245,-0.12368224061156718,1784284234.270709,1784284235.7048728,1784284234.987791,1.60220353,"[dac] CH_A set to +0.684 V (code=35009)
"
2487,161,0,0.8147635714861234,0.8800403095866729,0.06527673810054946,1784284245.9637818,1784284247.392891,1784284246.6783364,1.62901584,"[dac] CH_A set to +0.880 V (code=35651)
"
2488,161,1,0.8800403095866729,0.9453170476872224,0.06527673810054946,1784284247.393111,1784284248.827958,1784284248.1105347,1.69872787,"[dac] CH_A set to +0.945 V (code=35865)
"
